solid OpenSCAD_Model
  facet normal 0 0 -1
    outer loop
      vertex -14.849775604903698 -10.172716677188873 0
      vertex -15.422248296439648 -9.281931780278683 0
      vertex -14.03186371922493 -10.077857486903667 0
    endloop
  endfacet
  facet normal 0 0 -1
    outer loop
      vertex -15.422248296439648 -9.281931780278683 0
      vertex -14.996188469231129 -8.5773388966918 0
      vertex -14.03186371922493 -10.077857486903667 0
    endloop
  endfacet
  facet normal 0 0 -1
    outer loop
      vertex -14.03186371922493 -10.077857486903667 0
      vertex -14.592887617647648 -8.037707507610321 0
      vertex -13.37346051633358 -9.935173116624355 0
    endloop
  endfacet
  facet normal 0 0 -1
    outer loop
      vertex -13.37346051633358 -9.935173116624355 0
      vertex -14.23973985761404 -7.650614909827709 0
      vertex -12.874645821750164 -9.77474269270897 0
    endloop
  endfacet
  facet normal -0.8412535331572537 -0.5406408169482189 0
    outer loop
      vertex -14.849775604903698 -10.172716677188873 0
      vertex -15.422248296439648 -9.281931780278683 4
      vertex -15.422248296439648 -9.281931780278683 0
    endloop
  endfacet
  facet normal 0.11520506530325174 -0.9933417301857773 0
    outer loop
      vertex -14.849775604903698 -10.172716677188873 0
      vertex -14.03186371922493 -10.077857486903667 0
      vertex -14.849775604903698 -10.172716677188873 4
    endloop
  endfacet
  facet normal 0.2117963674327343 -0.9773138179429872 0
    outer loop
      vertex -14.03186371922493 -10.077857486903667 0
      vertex -13.37346051633358 -9.935173116624355 0
      vertex -14.03186371922493 -10.077857486903667 4
    endloop
  endfacet
  facet normal -0.6548607329664639 -0.7557495752024116 0
    outer loop
      vertex -11.382269874215126 -13.944315426051617 0
      vertex -12.182516507804394 -13.250897772610188 4
      vertex -12.182516507804394 -13.250897772610188 0
    endloop
  endfacet
  facet normal 0.390395154032958 -0.9206473937982897 0
    outer loop
      vertex -11.382269874215126 -13.944315426051617 0
      vertex -10.624214090406895 -13.622866295278072 0
      vertex -11.382269874215126 -13.944315426051617 4
    endloop
  endfacet
  facet normal 0.4785582554373623 -0.8780558046916769 0
    outer loop
      vertex -10.624214090406895 -13.622866295278072 0
      vertex -10.032679677009583 -13.300468020141125 0
      vertex -10.624214090406895 -13.622866295278072 4
    endloop
  endfacet
  facet normal 0 0 -1
    outer loop
      vertex -11.382269874215126 -13.944315426051617 0
      vertex -12.182516507804394 -13.250897772610188 0
      vertex -11.972221851348877 -12.454810924828053 0
    endloop
  endfacet
  facet normal 0 0 -1
    outer loop
      vertex -11.382269874215126 -13.944315426051617 0
      vertex -11.972221851348877 -12.454810924828053 0
      vertex -10.624214090406895 -13.622866295278072 0
    endloop
  endfacet
  facet normal 0 0 -1
    outer loop
      vertex -10.624214090406895 -13.622866295278072 0
      vertex -11.972221851348877 -12.454810924828053 0
      vertex -11.737289249897003 -11.823415420949459 0
    endloop
  endfacet
  facet normal 0 0 -1
    outer loop
      vertex -12.874645821750164 -9.77474269270897 0
      vertex -14.23973985761404 -7.650614909827709 0
      vertex -12.531173139810562 -9.626062393188477 0
    endloop
  endfacet
  facet normal 0 0 -1
    outer loop
      vertex -10.624214090406895 -13.622866295278072 0
      vertex -11.737289249897003 -11.823415420949459 0
      vertex -10.032679677009583 -13.300468020141125 0
    endloop
  endfacet
  facet normal 0 0 -1
    outer loop
      vertex -11.507503040134907 -11.352509565651417 0
      vertex -9.599268957972527 -13.006003819406033 0
      vertex -10.032679677009583 -13.300468020141125 0
    endloop
  endfacet
  facet normal 0 0 -1
    outer loop
      vertex -11.507503040134907 -11.352509565651417 0
      vertex -9.311597414314747 -12.766578681766987 0
      vertex -9.599268957972527 -13.006003819406033 0
    endloop
  endfacet
  facet normal 0 0 -1
    outer loop
      vertex -11.737289249897003 -11.823415420949459 0
      vertex -11.507503040134907 -11.352509565651417 0
      vertex -10.032679677009583 -13.300468020141125 0
    endloop
  endfacet
  facet normal 0 0 -1
    outer loop
      vertex -11.507503040134907 -11.352509565651417 0
      vertex -11.311454840004444 -11.033692352473736 0
      vertex -9.311597414314747 -12.766578681766987 0
    endloop
  endfacet
  facet normal 0 0 -1
    outer loop
      vertex -11.311454840004444 -11.033692352473736 0
      vertex -11.17601303756237 -10.854569397866726 0
      vertex -9.311597414314747 -12.766578681766987 0
    endloop
  endfacet
  facet normal 0 0 -1
    outer loop
      vertex -9.10573384910822 -12.549438662827015 0
      vertex -11.17601303756237 -10.854569397866726 0
      vertex -11.125822432339191 -10.799021944403648 0
    endloop
  endfacet
  facet normal 0 0 -1
    outer loop
      vertex -9.311597414314747 -12.766578681766987 0
      vertex -11.17601303756237 -10.854569397866726 0
      vertex -9.153573043644428 -12.607023634016514 0
    endloop
  endfacet
  facet normal 0 0 -1
    outer loop
      vertex -9.153573043644428 -12.607023634016514 0
      vertex -11.17601303756237 -10.854569397866726 0
      vertex -9.10573384910822 -12.549438662827015 0
    endloop
  endfacet
  facet normal 0 0 -1
    outer loop
      vertex -9.10573384910822 -12.549438662827015 0
      vertex -10.490461952984333 -10.18232399970293 0
      vertex -8.584521420300007 -11.831108495593071 0
    endloop
  endfacet
  facet normal 0 0 -1
    outer loop
      vertex -9.10573384910822 -12.549438662827015 0
      vertex -11.125822432339191 -10.799021944403648 0
      vertex -10.490461952984333 -10.18232399970293 0
    endloop
  endfacet
  facet normal -0.9668355536404488 0.2553997106826217 0
    outer loop
      vertex -12.182516507804394 -13.250897772610188 0
      vertex -11.972221851348877 -12.454810924828053 4
      vertex -11.972221851348877 -12.454810924828053 0
    endloop
  endfacet
  facet normal -0.9372244031570418 0.3487268531772778 0
    outer loop
      vertex -11.972221851348877 -12.454810924828053 0
      vertex -11.737289249897003 -11.823415420949459 4
      vertex -11.737289249897003 -11.823415420949459 0
    endloop
  endfacet
  facet normal -0.8987112572727591 0.4385408487828887 0
    outer loop
      vertex -11.737289249897003 -11.823415420949459 0
      vertex -11.507503040134907 -11.352509565651417 4
      vertex -11.507503040134907 -11.352509565651417 0
    endloop
  endfacet
  facet normal 0.30617718597905175 -0.9519745431396519 0
    outer loop
      vertex -13.37346051633358 -9.935173116624355 0
      vertex -12.874645821750164 -9.77474269270897 0
      vertex -13.37346051633358 -9.935173116624355 4
    endloop
  endfacet
  facet normal 0.39725230252191185 -0.917709435573722 0
    outer loop
      vertex -12.874645821750164 -9.77474269270897 0
      vertex -12.531173139810562 -9.626062393188477 0
      vertex -12.874645821750164 -9.77474269270897 4
    endloop
  endfacet
  facet normal 0.48347363349509836 -0.8753589239363744 0
    outer loop
      vertex -12.531173139810562 -9.626062393188477 0
      vertex -12.334598019719124 -9.517491057515144 0
      vertex -12.531173139810562 -9.626062393188477 4
    endloop
  endfacet
  facet normal -0.8518335889979218 0.5238125014305401 0
    outer loop
      vertex -11.507503040134907 -11.352509565651417 0
      vertex -11.311454840004444 -11.033692352473736 4
      vertex -11.311454840004444 -11.033692352473736 0
    endloop
  endfacet
  facet normal 0.5580054888737332 -0.8298372577721406 0
    outer loop
      vertex -12.334598019719124 -9.517491057515144 0
      vertex -12.272473089396954 -9.475716538727283 0
      vertex -12.334598019719124 -9.517491057515144 4
    endloop
  endfacet
  facet normal 0.6111422372001225 -0.7915207931002377 0
    outer loop
      vertex -12.272473089396954 -9.475716538727283 0
      vertex -11.574905388057232 -8.93711655586958 0
      vertex -12.272473089396954 -9.475716538727283 4
    endloop
  endfacet
  facet normal -0.7730104593029077 -0.6343932769255266 0
    outer loop
      vertex -10.995657183229923 -9.642932549118996 0
      vertex -11.574905388057232 -8.93711655586958 4
      vertex -11.574905388057232 -8.93711655586958 0
    endloop
  endfacet
  facet normal 0.5619770785158887 -0.8271528052438356 0
    outer loop
      vertex -10.032679677009583 -13.300468020141125 0
      vertex -9.599268957972527 -13.006003819406033 0
      vertex -10.032679677009583 -13.300468020141125 4
    endloop
  endfacet
  facet normal 0.6397094161272717 -0.7686168505296413 0
    outer loop
      vertex -9.599268957972527 -13.006003819406033 0
      vertex -9.311597414314747 -12.766578681766987 0
      vertex -9.599268957972527 -13.006003819406033 4
    endloop
  endfacet
  facet normal 0.7105066590772278 -0.7036904769903569 0
    outer loop
      vertex -9.311597414314747 -12.766578681766987 0
      vertex -9.153573043644428 -12.607023634016514 0
      vertex -9.311597414314747 -12.766578681766987 4
    endloop
  endfacet
  facet normal 0.7691944941562935 -0.6390147339143627 0
    outer loop
      vertex -9.153573043644428 -12.607023634016514 0
      vertex -9.10573384910822 -12.549438662827015 0
      vertex -9.153573043644428 -12.607023634016514 4
    endloop
  endfacet
  facet normal -0.7976435354446317 0.6031291655718438 0
    outer loop
      vertex -11.311454840004444 -11.033692352473736 0
      vertex -11.17601303756237 -10.854569397866726 4
      vertex -11.17601303756237 -10.854569397866726 0
    endloop
  endfacet
  facet normal -0.74197830274959 0.6704238944495026 0
    outer loop
      vertex -11.17601303756237 -10.854569397866726 0
      vertex -11.125822432339191 -10.799021944403648 4
      vertex -11.125822432339191 -10.799021944403648 0
    endloop
  endfacet
  facet normal -0.6964896471487839 0.7175668410779323 0
    outer loop
      vertex -11.125822432339191 -10.799021944403648 0
      vertex -10.490461952984333 -10.18232399970293 4
      vertex -10.490461952984333 -10.18232399970293 0
    endloop
  endfacet
  facet normal -0.729864068203848 -0.6835923068210532 0
    outer loop
      vertex -10.490461952984333 -10.18232399970293 0
      vertex -10.995657183229923 -9.642932549118996 4
      vertex -10.995657183229923 -9.642932549118996 0
    endloop
  endfacet
  facet normal -0.8557175068177231 0.5174432804913598 0
    outer loop
      vertex -15.422248296439648 -9.281931780278683 0
      vertex -15.422248296439648 -9.281931780278683 4
      vertex -14.996188469231129 -8.5773388966918 4
    endloop
  endfacet
  facet normal -0.8412535331572537 -0.5406408169482189 0
    outer loop
      vertex -14.849775604903698 -10.172716677188873 0
      vertex -14.849775604903698 -10.172716677188873 4
      vertex -15.422248296439648 -9.281931780278683 4
    endloop
  endfacet
  facet normal 0.11520506530325174 -0.9933417301857773 0
    outer loop
      vertex -14.03186371922493 -10.077857486903667 0
      vertex -14.03186371922493 -10.077857486903667 4
      vertex -14.849775604903698 -10.172716677188873 4
    endloop
  endfacet
  facet normal 0.2117963674327343 -0.9773138179429872 0
    outer loop
      vertex -13.37346051633358 -9.935173116624355 0
      vertex -13.37346051633358 -9.935173116624355 4
      vertex -14.03186371922493 -10.077857486903667 4
    endloop
  endfacet
  facet normal -0.6548607329664639 -0.7557495752024116 0
    outer loop
      vertex -11.382269874215126 -13.944315426051617 0
      vertex -11.382269874215126 -13.944315426051617 4
      vertex -12.182516507804394 -13.250897772610188 4
    endloop
  endfacet
  facet normal 0.390395154032958 -0.9206473937982897 0
    outer loop
      vertex -10.624214090406895 -13.622866295278072 0
      vertex -10.624214090406895 -13.622866295278072 4
      vertex -11.382269874215126 -13.944315426051617 4
    endloop
  endfacet
  facet normal -0.9668355536404488 0.2553997106826217 0
    outer loop
      vertex -12.182516507804394 -13.250897772610188 0
      vertex -12.182516507804394 -13.250897772610188 4
      vertex -11.972221851348877 -12.454810924828053 4
    endloop
  endfacet
  facet normal -0.9372244031570418 0.3487268531772778 0
    outer loop
      vertex -11.972221851348877 -12.454810924828053 0
      vertex -11.972221851348877 -12.454810924828053 4
      vertex -11.737289249897003 -11.823415420949459 4
    endloop
  endfacet
  facet normal -0.8987112572727591 0.4385408487828887 0
    outer loop
      vertex -11.737289249897003 -11.823415420949459 0
      vertex -11.737289249897003 -11.823415420949459 4
      vertex -11.507503040134907 -11.352509565651417 4
    endloop
  endfacet
  facet normal -0.8518335889979218 0.5238125014305401 0
    outer loop
      vertex -11.507503040134907 -11.352509565651417 0
      vertex -11.507503040134907 -11.352509565651417 4
      vertex -11.311454840004444 -11.033692352473736 4
    endloop
  endfacet
  facet normal 0.30617718597905175 -0.9519745431396519 0
    outer loop
      vertex -12.874645821750164 -9.77474269270897 0
      vertex -12.874645821750164 -9.77474269270897 4
      vertex -13.37346051633358 -9.935173116624355 4
    endloop
  endfacet
  facet normal 0.39725230252191185 -0.917709435573722 0
    outer loop
      vertex -12.531173139810562 -9.626062393188477 0
      vertex -12.531173139810562 -9.626062393188477 4
      vertex -12.874645821750164 -9.77474269270897 4
    endloop
  endfacet
  facet normal 0.48347363349509836 -0.8753589239363744 0
    outer loop
      vertex -12.334598019719124 -9.517491057515144 0
      vertex -12.334598019719124 -9.517491057515144 4
      vertex -12.531173139810562 -9.626062393188477 4
    endloop
  endfacet
  facet normal -0.7976435354446317 0.6031291655718438 0
    outer loop
      vertex -11.311454840004444 -11.033692352473736 0
      vertex -11.311454840004444 -11.033692352473736 4
      vertex -11.17601303756237 -10.854569397866726 4
    endloop
  endfacet
  facet normal 0.5580054888737332 -0.8298372577721406 0
    outer loop
      vertex -12.272473089396954 -9.475716538727283 0
      vertex -12.272473089396954 -9.475716538727283 4
      vertex -12.334598019719124 -9.517491057515144 4
    endloop
  endfacet
  facet normal 0.6111422372001225 -0.7915207931002377 0
    outer loop
      vertex -11.574905388057232 -8.93711655586958 0
      vertex -11.574905388057232 -8.93711655586958 4
      vertex -12.272473089396954 -9.475716538727283 4
    endloop
  endfacet
  facet normal 0.4785582554373623 -0.8780558046916769 0
    outer loop
      vertex -10.032679677009583 -13.300468020141125 0
      vertex -10.032679677009583 -13.300468020141125 4
      vertex -10.624214090406895 -13.622866295278072 4
    endloop
  endfacet
  facet normal 0.5619770785158887 -0.8271528052438356 0
    outer loop
      vertex -9.599268957972527 -13.006003819406033 0
      vertex -9.599268957972527 -13.006003819406033 4
      vertex -10.032679677009583 -13.300468020141125 4
    endloop
  endfacet
  facet normal 0.6397094161272717 -0.7686168505296413 0
    outer loop
      vertex -9.311597414314747 -12.766578681766987 0
      vertex -9.311597414314747 -12.766578681766987 4
      vertex -9.599268957972527 -13.006003819406033 4
    endloop
  endfacet
  facet normal 0.7105066590772278 -0.7036904769903569 0
    outer loop
      vertex -9.153573043644428 -12.607023634016514 0
      vertex -9.153573043644428 -12.607023634016514 4
      vertex -9.311597414314747 -12.766578681766987 4
    endloop
  endfacet
  facet normal 0.7691944941562935 -0.6390147339143627 0
    outer loop
      vertex -9.10573384910822 -12.549438662827015 0
      vertex -9.10573384910822 -12.549438662827015 4
      vertex -9.153573043644428 -12.607023634016514 4
    endloop
  endfacet
  facet normal -0.74197830274959 0.6704238944495026 0
    outer loop
      vertex -11.17601303756237 -10.854569397866726 0
      vertex -11.17601303756237 -10.854569397866726 4
      vertex -11.125822432339191 -10.799021944403648 4
    endloop
  endfacet
  facet normal -0.6964896471487839 0.7175668410779323 0
    outer loop
      vertex -11.125822432339191 -10.799021944403648 0
      vertex -11.125822432339191 -10.799021944403648 4
      vertex -10.490461952984333 -10.18232399970293 4
    endloop
  endfacet
  facet normal -0.7730104593029077 -0.6343932769255266 0
    outer loop
      vertex -10.995657183229923 -9.642932549118996 0
      vertex -10.995657183229923 -9.642932549118996 4
      vertex -11.574905388057232 -8.93711655586958 4
    endloop
  endfacet
  facet normal -0.729864068203848 -0.6835923068210532 0
    outer loop
      vertex -10.490461952984333 -10.18232399970293 0
      vertex -10.490461952984333 -10.18232399970293 4
      vertex -10.995657183229923 -9.642932549118996 4
    endloop
  endfacet
  facet normal 0 0 -1
    outer loop
      vertex -17.11424083262682 -5.57698492705822 0
      vertex -17.412561252713203 -4.560998879373074 0
      vertex -16.805253081023693 -4.004981882870197 0
    endloop
  endfacet
  facet normal 0 0 -1
    outer loop
      vertex -17.11424083262682 -5.57698492705822 0
      vertex -16.805253081023693 -4.004981882870197 0
      vertex -16.302735202014446 -5.716400608420372 0
    endloop
  endfacet
  facet normal 0 0 -1
    outer loop
      vertex -16.302735202014446 -5.716400608420372 0
      vertex -16.805253081023693 -4.004981882870197 0
      vertex -15.630803123116493 -5.764989569783211 0
    endloop
  endfacet
  facet normal 0 0 -1
    outer loop
      vertex -14.03186371922493 -10.077857486903667 0
      vertex -14.996188469231129 -8.5773388966918 0
      vertex -14.592887617647648 -8.037707507610321 0
    endloop
  endfacet
  facet normal 0 0 -1
    outer loop
      vertex -13.37346051633358 -9.935173116624355 0
      vertex -14.592887617647648 -8.037707507610321 0
      vertex -14.23973985761404 -7.650614909827709 0
    endloop
  endfacet
  facet normal 0 0 -1
    outer loop
      vertex -12.531173139810562 -9.626062393188477 0
      vertex -14.23973985761404 -7.650614909827709 0
      vertex -13.961811803281307 -7.399945192039013 0
    endloop
  endfacet
  facet normal 0 0 -1
    outer loop
      vertex -15.630803123116493 -5.764989569783211 0
      vertex -15.818357639014721 -3.328912928700447 0
      vertex -15.106995455920696 -5.751590043306351 0
    endloop
  endfacet
  facet normal 0 0 -1
    outer loop
      vertex -15.106995455920696 -5.751590043306351 0
      vertex -15.481065802276134 -3.1666984856128693 0
      vertex -14.735547751188278 -5.705699786543846 0
    endloop
  endfacet
  facet normal 0 0 -1
    outer loop
      vertex -14.735547751188278 -5.705699786543846 0
      vertex -15.481065802276134 -3.1666984856128693 0
      vertex -14.516347222030163 -5.656907953321934 0
    endloop
  endfacet
  facet normal 0 0 -1
    outer loop
      vertex -14.516347222030163 -5.656907953321934 0
      vertex -15.270283728837967 -3.0892360284924507 0
      vertex -14.444969549775124 -5.634328216314316 0
    endloop
  endfacet
  facet normal 0 0 -1
    outer loop
      vertex -14.444969549775124 -5.634328216314316 0
      vertex -14.334198169410229 -2.8951681777834892 0
      vertex -13.61886951327324 -5.312104023993015 0
    endloop
  endfacet
  facet normal -0.9594929736067667 -0.28173255686775805 0
    outer loop
      vertex -17.11424083262682 -5.57698492705822 0
      vertex -17.412561252713203 -4.560998879373074 4
      vertex -17.412561252713203 -4.560998879373074 0
    endloop
  endfacet
  facet normal -0.16931825586467308 -0.9855614279338174 0
    outer loop
      vertex -17.11424083262682 -5.57698492705822 0
      vertex -16.302735202014446 -5.716400608420372 0
      vertex -17.11424083262682 -5.57698492705822 4
    endloop
  endfacet
  facet normal -0.07212398602845144 -0.9973956740628905 0
    outer loop
      vertex -16.302735202014446 -5.716400608420372 0
      vertex -15.630803123116493 -5.764989569783211 0
      vertex -16.302735202014446 -5.716400608420372 4
    endloop
  endfacet
  facet normal -0.8557175068177231 0.5174432804913598 0
    outer loop
      vertex -15.422248296439648 -9.281931780278683 0
      vertex -14.996188469231129 -8.5773388966918 4
      vertex -14.996188469231129 -8.5773388966918 0
    endloop
  endfacet
  facet normal -0.8010125215344165 0.5986475927831633 0
    outer loop
      vertex -14.996188469231129 -8.5773388966918 0
      vertex -14.592887617647648 -8.037707507610321 4
      vertex -14.592887617647648 -8.037707507610321 0
    endloop
  endfacet
  facet normal -0.7387559016375989 0.6739730838806685 0
    outer loop
      vertex -14.592887617647648 -8.037707507610321 0
      vertex -14.23973985761404 -7.650614909827709 4
      vertex -14.23973985761404 -7.650614909827709 0
    endloop
  endfacet
  facet normal -0.6697533181763103 0.7425836604664972 0
    outer loop
      vertex -14.23973985761404 -7.650614909827709 0
      vertex -13.961811803281307 -7.399945192039013 4
      vertex -13.961811803281307 -7.399945192039013 0
    endloop
  endfacet
  facet normal -0.5954122380939922 0.8034203549375029 0
    outer loop
      vertex -13.961811803281307 -7.399945192039013 0
      vertex -13.781391575932503 -7.266236342489719 4
      vertex -13.781391575932503 -7.266236342489719 0
    endloop
  endfacet
  facet normal -0.5230427709774058 0.8523064353436954 0
    outer loop
      vertex -13.781391575932503 -7.266236342489719 0
      vertex -13.717584513127804 -7.227079272270203 4
      vertex -13.717584513127804 -7.227079272270203 0
    endloop
  endfacet
  facet normal 0.025572639010337943 -0.9996729665915984 0
    outer loop
      vertex -15.630803123116493 -5.764989569783211 0
      vertex -15.106995455920696 -5.751590043306351 0
      vertex -15.630803123116493 -5.764989569783211 4
    endloop
  endfacet
  facet normal 0.12261214384710835 -0.9924546650508607 0
    outer loop
      vertex -15.106995455920696 -5.751590043306351 0
      vertex -14.735547751188278 -5.705699786543846 0
      vertex -15.106995455920696 -5.751590043306351 4
    endloop
  endfacet
  facet normal 0.2172724893823941 -0.9761109902862366 0
    outer loop
      vertex -14.735547751188278 -5.705699786543846 0
      vertex -14.516347222030163 -5.656907953321934 0
      vertex -14.735547751188278 -5.705699786543846 4
    endloop
  endfacet
  facet normal 0.3016101301940577 -0.9534313448614554 0
    outer loop
      vertex -14.516347222030163 -5.656907953321934 0
      vertex -14.444969549775124 -5.634328216314316 0
      vertex -14.516347222030163 -5.656907953321934 4
    endloop
  endfacet
  facet normal 0.36338949945662746 -0.9316373069412055 0
    outer loop
      vertex -14.444969549775124 -5.634328216314316 0
      vertex -13.61886951327324 -5.312104023993015 0
      vertex -14.444969549775124 -5.634328216314316 4
    endloop
  endfacet
  facet normal -0.9359059330047038 -0.35225003132234783 0
    outer loop
      vertex -13.511738166213036 -5.596745200455189 0
      vertex -13.61886951327324 -5.312104023993015 4
      vertex -13.61886951327324 -5.312104023993015 0
    endloop
  endfacet
  facet normal 0 0 -1
    outer loop
      vertex -15.630803123116493 -5.764989569783211 0
      vertex -16.805253081023693 -4.004981882870197 0
      vertex -16.266257025301456 -3.600832335650921 0
    endloop
  endfacet
  facet normal 0 0 -1
    outer loop
      vertex -15.630803123116493 -5.764989569783211 0
      vertex -16.266257025301456 -3.600832335650921 0
      vertex -15.818357639014721 -3.328912928700447 0
    endloop
  endfacet
  facet normal 0 0 -1
    outer loop
      vertex -17.992212049663067 -0.5294390246272087 0
      vertex -17.2528560385108 0.891834944486618 0
      vertex -17.2528560385108 -0.891834944486618 0
    endloop
  endfacet
  facet normal 0 0 -1
    outer loop
      vertex -17.2528560385108 -0.891834944486618 0
      vertex -16.62183102220297 1.1277608573436737 0
      vertex -16.62183102220297 -1.1277608573436737 0
    endloop
  endfacet
  facet normal 0 0 -1
    outer loop
      vertex -16.62183102220297 -1.1277608573436737 0
      vertex -16.11546616256237 1.2624777778983116 0
      vertex -16.11546616256237 -1.2624777778983116 0
    endloop
  endfacet
  facet normal 0 0 -1
    outer loop
      vertex -16.11546616256237 -1.2624777778983116 0
      vertex -15.746135920286179 1.3230953067541122 0
      vertex -15.746135920286179 -1.3230953067541122 0
    endloop
  endfacet
  facet normal 0 0 -1
    outer loop
      vertex -15.106995455920696 -5.751590043306351 0
      vertex -15.818357639014721 -3.328912928700447 0
      vertex -15.481065802276134 -3.1666984856128693 0
    endloop
  endfacet
  facet normal 0 0 -1
    outer loop
      vertex -14.516347222030163 -5.656907953321934 0
      vertex -15.481065802276134 -3.1666984856128693 0
      vertex -15.270283728837967 -3.0892360284924507 0
    endloop
  endfacet
  facet normal 0 0 -1
    outer loop
      vertex -14.444969549775124 -5.634328216314316 0
      vertex -15.270283728837967 -3.0892360284924507 0
      vertex -15.198029480874538 -3.069641627371311 0
    endloop
  endfacet
  facet normal 0 0 -1
    outer loop
      vertex -14.444969549775124 -5.634328216314316 0
      vertex -15.198029480874538 -3.069641627371311 0
      vertex -14.334198169410229 -2.8951681777834892 0
    endloop
  endfacet
  facet normal 0 0 -1
    outer loop
      vertex -15.746135920286179 -1.3230953067541122 0
      vertex -15.522068306803703 1.3380358144640923 0
      vertex -15.522068306803703 -1.3380358144640923 0
    endloop
  endfacet
  facet normal 0 0 -1
    outer loop
      vertex -15.522068306803703 -1.3380358144640923 0
      vertex -15.447220481932163 1.3364801332354546 0
      vertex -15.447220481932163 -1.3364801332354546 0
    endloop
  endfacet
  facet normal 0 0 -1
    outer loop
      vertex -15.447220481932163 -1.3364801332354546 0
      vertex -14.563792057335377 1.2600466758012772 0
      vertex -14.563792057335377 -1.2600466758012772 0
    endloop
  endfacet
  facet normal -0.6752743127677585 0.7375666766577998 0
    outer loop
      vertex -17.412561252713203 -4.560998879373074 0
      vertex -16.805253081023693 -4.004981882870197 4
      vertex -16.805253081023693 -4.004981882870197 0
    endloop
  endfacet
  facet normal -0.5999073764605117 0.8000694592772967 0
    outer loop
      vertex -16.805253081023693 -4.004981882870197 0
      vertex -16.266257025301456 -3.600832335650921 4
      vertex -16.266257025301456 -3.600832335650921 0
    endloop
  endfacet
  facet normal -0.5189509336572007 0.8548040292700542 0
    outer loop
      vertex -16.266257025301456 -3.600832335650921 0
      vertex -15.818357639014721 -3.328912928700447 4
      vertex -15.818357639014721 -3.328912928700447 0
    endloop
  endfacet
  facet normal -0.44012441634828303 -0.8979368007460677 0
    outer loop
      vertex -17.992212049663067 -0.5294390246272087 0
      vertex -17.2528560385108 -0.891834944486618 0
      vertex -17.992212049663067 -0.5294390246272087 4
    endloop
  endfacet
  facet normal -0.35020129536970507 -0.9366744646468059 0
    outer loop
      vertex -17.2528560385108 -0.891834944486618 0
      vertex -16.62183102220297 -1.1277608573436737 0
      vertex -17.2528560385108 -0.891834944486618 4
    endloop
  endfacet
  facet normal -0.2571036508173541 -0.9663838330272232 0
    outer loop
      vertex -16.62183102220297 -1.1277608573436737 0
      vertex -16.11546616256237 -1.2624777778983116 0
      vertex -16.62183102220297 -1.1277608573436737 4
    endloop
  endfacet
  facet normal -0.1619612898558402 -0.9867971121705983 0
    outer loop
      vertex -16.11546616256237 -1.2624777778983116 0
      vertex -15.746135920286179 -1.3230953067541122 0
      vertex -16.11546616256237 -1.2624777778983116 4
    endloop
  endfacet
  facet normal -0.433413590187108 0.9011951286159515 0
    outer loop
      vertex -15.818357639014721 -3.328912928700447 0
      vertex -15.481065802276134 -3.1666984856128693 4
      vertex -15.481065802276134 -3.1666984856128693 0
    endloop
  endfacet
  facet normal -0.3449442215759826 0.9386231853099194 0
    outer loop
      vertex -15.481065802276134 -3.1666984856128693 0
      vertex -15.270283728837967 -3.0892360284924507 4
      vertex -15.270283728837967 -3.0892360284924507 0
    endloop
  endfacet
  facet normal -0.26173332848832503 0.9651402306185471 0
    outer loop
      vertex -15.270283728837967 -3.0892360284924507 0
      vertex -15.198029480874538 -3.069641627371311 4
      vertex -15.198029480874538 -3.069641627371311 0
    endloop
  endfacet
  facet normal -0.19797845341503828 0.9802063721397599 0
    outer loop
      vertex -15.198029480874538 -3.069641627371311 0
      vertex -14.334198169410229 -2.8951681777834892 4
      vertex -14.334198169410229 -2.8951681777834892 0
    endloop
  endfacet
  facet normal -0.9738769556722126 -0.22707636427119277 0
    outer loop
      vertex -14.343984723091125 -2.853195957839489 0
      vertex -14.334198169410229 -2.8951681777834892 0
      vertex -14.343984723091125 -2.853195957839489 4
    endloop
  endfacet
  facet normal -0.06653083341726654 -0.9977843695933526 0
    outer loop
      vertex -15.746135920286179 -1.3230953067541122 0
      vertex -15.522068306803703 -1.3380358144640923 0
      vertex -15.746135920286179 -1.3230953067541122 4
    endloop
  endfacet
  facet normal 0.020780100339388864 -0.9997840704021469 0
    outer loop
      vertex -15.522068306803703 -1.3380358144640923 0
      vertex -15.447220481932163 -1.3364801332354546 0
      vertex -15.522068306803703 -1.3380358144640923 4
    endloop
  endfacet
  facet normal 0.08619711323024028 -0.9962781025751661 0
    outer loop
      vertex -15.447220481932163 -1.3364801332354546 0
      vertex -14.563792057335377 -1.2600466758012772 0
      vertex -15.447220481932163 -1.3364801332354546 4
    endloop
  endfacet
  facet normal -0.986643331825544 -0.16289547496535822 0
    outer loop
      vertex -14.343984723091125 -2.853195957839489 0
      vertex -14.499881096184254 -1.9089455604553223 4
      vertex -14.499881096184254 -1.9089455604553223 0
    endloop
  endfacet
  facet normal -0.9951847267672458 -0.0980171393645128 0
    outer loop
      vertex -14.499881096184254 -1.9089455604553223 0
      vertex -14.563792057335377 -1.2600466758012772 4
      vertex -14.563792057335377 -1.2600466758012772 0
    endloop
  endfacet
  facet normal 0 0 -1
    outer loop
      vertex -12.531173139810562 -9.626062393188477 0
      vertex -13.961811803281307 -7.399945192039013 0
      vertex -13.781391575932503 -7.266236342489719 0
    endloop
  endfacet
  facet normal 0 0 -1
    outer loop
      vertex -12.272473089396954 -9.475716538727283 0
      vertex -13.781391575932503 -7.266236342489719 0
      vertex -13.717584513127804 -7.227079272270203 0
    endloop
  endfacet
  facet normal 0 0 -1
    outer loop
      vertex -12.531173139810562 -9.626062393188477 0
      vertex -13.781391575932503 -7.266236342489719 0
      vertex -12.334598019719124 -9.517491057515144 0
    endloop
  endfacet
  facet normal 0 0 -1
    outer loop
      vertex -12.334598019719124 -9.517491057515144 0
      vertex -13.781391575932503 -7.266236342489719 0
      vertex -12.272473089396954 -9.475716538727283 0
    endloop
  endfacet
  facet normal 0 0 -1
    outer loop
      vertex -12.272473089396954 -9.475716538727283 0
      vertex -13.717584513127804 -7.227079272270203 0
      vertex -11.574905388057232 -8.93711655586958 0
    endloop
  endfacet
  facet normal 0 0 -1
    outer loop
      vertex -13.717584513127804 -7.227079272270203 0
      vertex -12.932394184172153 -6.813403464853764 0
      vertex -11.574905388057232 -8.93711655586958 0
    endloop
  endfacet
  facet normal -0.46611498349831193 0.884724150319391 0
    outer loop
      vertex -13.717584513127804 -7.227079272270203 0
      vertex -12.932394184172153 -6.813403464853764 4
      vertex -12.932394184172153 -6.813403464853764 0
    endloop
  endfacet
  facet normal -0.8819212625380908 -0.4713967402127638 0
    outer loop
      vertex -12.932394184172153 -6.813403464853764 0
      vertex -13.116763845086098 -6.468472093343735 4
      vertex -13.116763845086098 -6.468472093343735 0
    endloop
  endfacet
  facet normal -0.9108638231433276 -0.4127070337281895 0
    outer loop
      vertex -13.511738166213036 -5.596745200455189 0
      vertex -13.116763845086098 -6.468472093343735 0
      vertex -13.511738166213036 -5.596745200455189 4
    endloop
  endfacet
  facet normal 0 0 -1
    outer loop
      vertex -14.563792057335377 -1.2600466758012772 0
      vertex -14.563792057335377 1.2600466758012772 0
      vertex -1.4349963864523012 -0.7076619043504021 0
    endloop
  endfacet
  facet normal -0.9594929736067667 -0.28173255686775805 0
    outer loop
      vertex -17.11424083262682 -5.57698492705822 0
      vertex -17.11424083262682 -5.57698492705822 4
      vertex -17.412561252713203 -4.560998879373074 4
    endloop
  endfacet
  facet normal -0.16931825586467308 -0.9855614279338174 0
    outer loop
      vertex -16.302735202014446 -5.716400608420372 0
      vertex -16.302735202014446 -5.716400608420372 4
      vertex -17.11424083262682 -5.57698492705822 4
    endloop
  endfacet
  facet normal -0.07212398602845144 -0.9973956740628905 0
    outer loop
      vertex -15.630803123116493 -5.764989569783211 0
      vertex -15.630803123116493 -5.764989569783211 4
      vertex -16.302735202014446 -5.716400608420372 4
    endloop
  endfacet
  facet normal -0.8010125215344165 0.5986475927831633 0
    outer loop
      vertex -14.996188469231129 -8.5773388966918 0
      vertex -14.996188469231129 -8.5773388966918 4
      vertex -14.592887617647648 -8.037707507610321 4
    endloop
  endfacet
  facet normal -0.7387559016375989 0.6739730838806685 0
    outer loop
      vertex -14.592887617647648 -8.037707507610321 0
      vertex -14.592887617647648 -8.037707507610321 4
      vertex -14.23973985761404 -7.650614909827709 4
    endloop
  endfacet
  facet normal -0.6697533181763103 0.7425836604664972 0
    outer loop
      vertex -14.23973985761404 -7.650614909827709 0
      vertex -14.23973985761404 -7.650614909827709 4
      vertex -13.961811803281307 -7.399945192039013 4
    endloop
  endfacet
  facet normal -0.5954122380939922 0.8034203549375029 0
    outer loop
      vertex -13.961811803281307 -7.399945192039013 0
      vertex -13.961811803281307 -7.399945192039013 4
      vertex -13.781391575932503 -7.266236342489719 4
    endloop
  endfacet
  facet normal -0.5230427709774058 0.8523064353436954 0
    outer loop
      vertex -13.781391575932503 -7.266236342489719 0
      vertex -13.781391575932503 -7.266236342489719 4
      vertex -13.717584513127804 -7.227079272270203 4
    endloop
  endfacet
  facet normal 0.025572639010337943 -0.9996729665915984 0
    outer loop
      vertex -15.106995455920696 -5.751590043306351 0
      vertex -15.106995455920696 -5.751590043306351 4
      vertex -15.630803123116493 -5.764989569783211 4
    endloop
  endfacet
  facet normal 0.12261214384710835 -0.9924546650508607 0
    outer loop
      vertex -14.735547751188278 -5.705699786543846 0
      vertex -14.735547751188278 -5.705699786543846 4
      vertex -15.106995455920696 -5.751590043306351 4
    endloop
  endfacet
  facet normal 0.2172724893823941 -0.9761109902862366 0
    outer loop
      vertex -14.516347222030163 -5.656907953321934 0
      vertex -14.516347222030163 -5.656907953321934 4
      vertex -14.735547751188278 -5.705699786543846 4
    endloop
  endfacet
  facet normal 0.3016101301940577 -0.9534313448614554 0
    outer loop
      vertex -14.444969549775124 -5.634328216314316 0
      vertex -14.444969549775124 -5.634328216314316 4
      vertex -14.516347222030163 -5.656907953321934 4
    endloop
  endfacet
  facet normal 0.36338949945662746 -0.9316373069412055 0
    outer loop
      vertex -13.61886951327324 -5.312104023993015 0
      vertex -13.61886951327324 -5.312104023993015 4
      vertex -14.444969549775124 -5.634328216314316 4
    endloop
  endfacet
  facet normal -0.9359059330047038 -0.35225003132234783 0
    outer loop
      vertex -13.511738166213036 -5.596745200455189 0
      vertex -13.511738166213036 -5.596745200455189 4
      vertex -13.61886951327324 -5.312104023993015 4
    endloop
  endfacet
  facet normal -0.6752743127677585 0.7375666766577998 0
    outer loop
      vertex -17.412561252713203 -4.560998879373074 0
      vertex -17.412561252713203 -4.560998879373074 4
      vertex -16.805253081023693 -4.004981882870197 4
    endloop
  endfacet
  facet normal -0.5999073764605117 0.8000694592772967 0
    outer loop
      vertex -16.805253081023693 -4.004981882870197 0
      vertex -16.805253081023693 -4.004981882870197 4
      vertex -16.266257025301456 -3.600832335650921 4
    endloop
  endfacet
  facet normal -0.5189509336572007 0.8548040292700542 0
    outer loop
      vertex -16.266257025301456 -3.600832335650921 0
      vertex -16.266257025301456 -3.600832335650921 4
      vertex -15.818357639014721 -3.328912928700447 4
    endloop
  endfacet
  facet normal -0.44012441634828303 -0.8979368007460677 0
    outer loop
      vertex -17.2528560385108 -0.891834944486618 0
      vertex -17.2528560385108 -0.891834944486618 4
      vertex -17.992212049663067 -0.5294390246272087 4
    endloop
  endfacet
  facet normal -1 0 0
    outer loop
      vertex -17.992212049663067 -0.5294390246272087 0
      vertex -17.992212049663067 -0.5294390246272087 4
      vertex -17.992212049663067 0.5294390246272087 4
    endloop
  endfacet
  facet normal -0.2571036508173541 -0.9663838330272232 0
    outer loop
      vertex -16.11546616256237 -1.2624777778983116 0
      vertex -16.11546616256237 -1.2624777778983116 4
      vertex -16.62183102220297 -1.1277608573436737 4
    endloop
  endfacet
  facet normal -0.1619612898558402 -0.9867971121705983 0
    outer loop
      vertex -15.746135920286179 -1.3230953067541122 0
      vertex -15.746135920286179 -1.3230953067541122 4
      vertex -16.11546616256237 -1.2624777778983116 4
    endloop
  endfacet
  facet normal -0.35020129536970507 -0.9366744646468059 0
    outer loop
      vertex -16.62183102220297 -1.1277608573436737 0
      vertex -16.62183102220297 -1.1277608573436737 4
      vertex -17.2528560385108 -0.891834944486618 4
    endloop
  endfacet
  facet normal -0.433413590187108 0.9011951286159515 0
    outer loop
      vertex -15.818357639014721 -3.328912928700447 0
      vertex -15.818357639014721 -3.328912928700447 4
      vertex -15.481065802276134 -3.1666984856128693 4
    endloop
  endfacet
  facet normal -0.3449442215759826 0.9386231853099194 0
    outer loop
      vertex -15.481065802276134 -3.1666984856128693 0
      vertex -15.481065802276134 -3.1666984856128693 4
      vertex -15.270283728837967 -3.0892360284924507 4
    endloop
  endfacet
  facet normal -0.26173332848832503 0.9651402306185471 0
    outer loop
      vertex -15.270283728837967 -3.0892360284924507 0
      vertex -15.270283728837967 -3.0892360284924507 4
      vertex -15.198029480874538 -3.069641627371311 4
    endloop
  endfacet
  facet normal -0.19797845341503828 0.9802063721397599 0
    outer loop
      vertex -15.198029480874538 -3.069641627371311 0
      vertex -15.198029480874538 -3.069641627371311 4
      vertex -14.334198169410229 -2.8951681777834892 4
    endloop
  endfacet
  facet normal -0.9738769556722126 -0.22707636427119277 0
    outer loop
      vertex -14.334198169410229 -2.8951681777834892 0
      vertex -14.334198169410229 -2.8951681777834892 4
      vertex -14.343984723091125 -2.853195957839489 4
    endloop
  endfacet
  facet normal -0.986643331825544 -0.16289547496535822 0
    outer loop
      vertex -14.343984723091125 -2.853195957839489 0
      vertex -14.343984723091125 -2.853195957839489 4
      vertex -14.499881096184254 -1.9089455604553223 4
    endloop
  endfacet
  facet normal -0.06653083341726654 -0.9977843695933526 0
    outer loop
      vertex -15.522068306803703 -1.3380358144640923 0
      vertex -15.522068306803703 -1.3380358144640923 4
      vertex -15.746135920286179 -1.3230953067541122 4
    endloop
  endfacet
  facet normal 0.020780100339388864 -0.9997840704021469 0
    outer loop
      vertex -15.447220481932163 -1.3364801332354546 0
      vertex -15.447220481932163 -1.3364801332354546 4
      vertex -15.522068306803703 -1.3380358144640923 4
    endloop
  endfacet
  facet normal 0.08619711323024028 -0.9962781025751661 0
    outer loop
      vertex -14.563792057335377 -1.2600466758012772 0
      vertex -14.563792057335377 -1.2600466758012772 4
      vertex -15.447220481932163 -1.3364801332354546 4
    endloop
  endfacet
  facet normal -0.9951847267672458 -0.0980171393645128 0
    outer loop
      vertex -14.499881096184254 -1.9089455604553223 0
      vertex -14.499881096184254 -1.9089455604553223 4
      vertex -14.563792057335377 -1.2600466758012772 4
    endloop
  endfacet
  facet normal -0.46611498349831193 0.884724150319391 0
    outer loop
      vertex -13.717584513127804 -7.227079272270203 0
      vertex -13.717584513127804 -7.227079272270203 4
      vertex -12.932394184172153 -6.813403464853764 4
    endloop
  endfacet
  facet normal -0.9108638231433276 -0.4127070337281895 0
    outer loop
      vertex -13.116763845086098 -6.468472093343735 0
      vertex -13.116763845086098 -6.468472093343735 4
      vertex -13.511738166213036 -5.596745200455189 4
    endloop
  endfacet
  facet normal -0.8819212625380908 -0.4713967402127638 0
    outer loop
      vertex -12.932394184172153 -6.813403464853764 0
      vertex -12.932394184172153 -6.813403464853764 4
      vertex -13.116763845086098 -6.468472093343735 4
    endloop
  endfacet
  facet normal 0 0 -1
    outer loop
      vertex -7.955829679965973 -16.14635483175516 0
      vertex -7.97833701223135 -15.323268242180347 0
      vertex -6.992640323936939 -16.586228668689728 0
    endloop
  endfacet
  facet normal 0 0 -1
    outer loop
      vertex -6.992640323936939 -16.586228668689728 0
      vertex -7.97833701223135 -15.323268242180347 0
      vertex -6.355853818356991 -16.064231492578983 0
    endloop
  endfacet
  facet normal 0 0 -1
    outer loop
      vertex -7.97833701223135 -15.323268242180347 0
      vertex -7.930805511772633 -14.651260524988174 0
      vertex -5.879110790789127 -15.58823811262846 0
    endloop
  endfacet
  facet normal 0 0 -1
    outer loop
      vertex -7.930805511772633 -14.651260524988174 0
      vertex -7.842996768653393 -14.134691417217255 0
      vertex -5.546216405928135 -15.18359586596489 0
    endloop
  endfacet
  facet normal 0 0 -1
    outer loop
      vertex -7.842996768653393 -14.134691417217255 0
      vertex -7.7447110787034035 -13.773555383086205 0
      vertex -5.546216405928135 -15.18359586596489 0
    endloop
  endfacet
  facet normal 0 0 -1
    outer loop
      vertex -7.7447110787034035 -13.773555383086205 0
      vertex -7.665220394730568 -13.563529804348946 0
      vertex -5.337651431560516 -14.872822687029839 0
    endloop
  endfacet
  facet normal 0 0 -1
    outer loop
      vertex -7.665220394730568 -13.563529804348946 0
      vertex -7.632712386548519 -13.496092081069946 0
      vertex -5.201302208006382 -14.606479898095131 0
    endloop
  endfacet
  facet normal 0 0 -1
    outer loop
      vertex -7.97833701223135 -15.323268242180347 0
      vertex -5.879110790789127 -15.58823811262846 0
      vertex -6.355853818356991 -16.064231492578983 0
    endloop
  endfacet
  facet normal 0 0 -1
    outer loop
      vertex -7.930805511772633 -14.651260524988174 0
      vertex -5.546216405928135 -15.18359586596489 0
      vertex -5.879110790789127 -15.58823811262846 0
    endloop
  endfacet
  facet normal 0 0 -1
    outer loop
      vertex -7.7447110787034035 -13.773555383086205 0
      vertex -5.337651431560516 -14.872822687029839 0
      vertex -5.546216405928135 -15.18359586596489 0
    endloop
  endfacet
  facet normal 0 0 -1
    outer loop
      vertex -7.632712386548519 -13.496092081069946 0
      vertex -7.197733111679554 -12.726965710520744 0
      vertex -5.201302208006382 -14.606479898095131 0
    endloop
  endfacet
  facet normal 0 0 -1
    outer loop
      vertex -7.665220394730568 -13.563529804348946 0
      vertex -5.2309800162911415 -14.675210133194923 0
      vertex -5.337651431560516 -14.872822687029839 0
    endloop
  endfacet
  facet normal 0 0 -1
    outer loop
      vertex -7.665220394730568 -13.563529804348946 0
      vertex -5.201302208006382 -14.606479898095131 0
      vertex -5.2309800162911415 -14.675210133194923 0
    endloop
  endfacet
  facet normal 0 0 -1
    outer loop
      vertex -5.201302208006382 -14.606479898095131 0
      vertex -7.197733111679554 -12.726965710520744 0
      vertex -4.904277451336384 -13.772364564239979 0
    endloop
  endfacet
  facet normal 0 0 -1
    outer loop
      vertex -4.904277451336384 -13.772364564239979 0
      vertex -7.3125 -12.665621533989906 0
      vertex -4.70105218142271 -13.848853141069412 0
    endloop
  endfacet
  facet normal -0.4154150105423827 -0.9096319964777361 0
    outer loop
      vertex -7.955829679965973 -16.14635483175516 0
      vertex -6.992640323936939 -16.586228668689728 0
      vertex -7.955829679965973 -16.14635483175516 4
    endloop
  endfacet
  facet normal 0.6339577553295868 -0.7733676774067246 0
    outer loop
      vertex -6.992640323936939 -16.586228668689728 0
      vertex -6.355853818356991 -16.064231492578983 0
      vertex -6.992640323936939 -16.586228668689728 4
    endloop
  endfacet
  facet normal -0.9996263340520741 -0.02733481789972208 0
    outer loop
      vertex -7.955829679965973 -16.14635483175516 0
      vertex -7.97833701223135 -15.323268242180347 4
      vertex -7.97833701223135 -15.323268242180347 0
    endloop
  endfacet
  facet normal -0.9975079386200338 0.07055432226313808 0
    outer loop
      vertex -7.97833701223135 -15.323268242180347 0
      vertex -7.930805511772633 -14.651260524988174 4
      vertex -7.930805511772633 -14.651260524988174 0
    endloop
  endfacet
  facet normal -0.985858370818296 0.16758064532485636 0
    outer loop
      vertex -7.930805511772633 -14.651260524988174 0
      vertex -7.842996768653393 -14.134691417217255 4
      vertex -7.842996768653393 -14.134691417217255 0
    endloop
  endfacet
  facet normal -0.9649033727486425 0.2626051813241589 0
    outer loop
      vertex -7.842996768653393 -14.134691417217255 0
      vertex -7.7447110787034035 -13.773555383086205 4
      vertex -7.7447110787034035 -13.773555383086205 0
    endloop
  endfacet
  facet normal -0.9352544965679865 0.3539760255290774 0
    outer loop
      vertex -7.7447110787034035 -13.773555383086205 0
      vertex -7.665220394730568 -13.563529804348946 4
      vertex -7.665220394730568 -13.563529804348946 0
    endloop
  endfacet
  facet normal -0.900803210826481 0.434227561728528 0
    outer loop
      vertex -7.665220394730568 -13.563529804348946 0
      vertex -7.632712386548519 -13.496092081069946 4
      vertex -7.632712386548519 -13.496092081069946 0
    endloop
  endfacet
  facet normal 0.7065501851660633 -0.7076629394293599 0
    outer loop
      vertex -6.355853818356991 -16.064231492578983 0
      vertex -5.879110790789127 -15.58823811262846 0
      vertex -6.355853818356991 -16.064231492578983 4
    endloop
  endfacet
  facet normal 0.7722489391801902 -0.6353200578724639 0
    outer loop
      vertex -5.879110790789127 -15.58823811262846 0
      vertex -5.546216405928135 -15.18359586596489 0
      vertex -5.879110790789127 -15.58823811262846 4
    endloop
  endfacet
  facet normal 0.8303410751650309 -0.5572555059340198 0
    outer loop
      vertex -5.546216405928135 -15.18359586596489 0
      vertex -5.337651431560516 -14.872822687029839 0
      vertex -5.546216405928135 -15.18359586596489 4
    endloop
  endfacet
  facet normal 0.8799786730820552 -0.4750131944701592 0
    outer loop
      vertex -5.337651431560516 -14.872822687029839 0
      vertex -5.2309800162911415 -14.675210133194923 0
      vertex -5.337651431560516 -14.872822687029839 4
    endloop
  endfacet
  facet normal 0.9180679776028079 -0.3964229918916034 0
    outer loop
      vertex -5.2309800162911415 -14.675210133194923 0
      vertex -5.201302208006382 -14.606479898095131 0
      vertex -5.2309800162911415 -14.675210133194923 4
    endloop
  endfacet
  facet normal 0.9420540098076596 -0.335461238603374 0
    outer loop
      vertex -5.201302208006382 -14.606479898095131 0
      vertex -4.904277451336384 -13.772364564239979 0
      vertex -5.201302208006382 -14.606479898095131 4
    endloop
  endfacet
  facet normal -0.3522500536019485 -0.9359059246192559 0
    outer loop
      vertex -4.904277451336384 -13.772364564239979 0
      vertex -4.70105218142271 -13.848853141069412 0
      vertex -4.904277451336384 -13.772364564239979 4
    endloop
  endfacet
  facet normal 0 0 -1
    outer loop
      vertex -8.584521420300007 -11.831108495593071 0
      vertex -3.7852285355329514 -14.126665212213993 0
      vertex -8.125214658677578 -12.160243079066277 0
    endloop
  endfacet
  facet normal 0 0 -1
    outer loop
      vertex -10.490461952984333 -10.18232399970293 0
      vertex -3.3196310251951218 -14.235227316617966 0
      vertex -8.584521420300007 -11.831108495593071 0
    endloop
  endfacet
  facet normal 0 0 -1
    outer loop
      vertex -10.490461952984333 -10.18232399970293 0
      vertex -10.995657183229923 -9.642932549118996 0
      vertex -0.8255975767970085 -14.597972728312016 0
    endloop
  endfacet
  facet normal 0 0 -1
    outer loop
      vertex -12.932394184172153 -6.813403464853764 0
      vertex 0.8255975767970085 -14.597972728312016 0
      vertex -11.574905388057232 -8.93711655586958 0
    endloop
  endfacet
  facet normal 0 0 -1
    outer loop
      vertex -10.995657183229923 -9.642932549118996 0
      vertex -11.574905388057232 -8.93711655586958 0
      vertex 0 -14.625 0
    endloop
  endfacet
  facet normal 0 0 -1
    outer loop
      vertex -4.70105218142271 -13.848853141069412 0
      vertex -7.3125 -12.665621533989906 0
      vertex -8.125214658677578 -12.160243079066277 0
    endloop
  endfacet
  facet normal 0 0 -1
    outer loop
      vertex -4.904277451336384 -13.772364564239979 0
      vertex -7.197733111679554 -12.726965710520744 0
      vertex -7.3125 -12.665621533989906 0
    endloop
  endfacet
  facet normal 0 0 -1
    outer loop
      vertex -4.70105218142271 -13.848853141069412 0
      vertex -8.125214658677578 -12.160243079066277 0
      vertex -3.7852285355329514 -14.126665212213993 0
    endloop
  endfacet
  facet normal 0 0 -1
    outer loop
      vertex -8.584521420300007 -11.831108495593071 0
      vertex -3.3196310251951218 -14.235227316617966 0
      vertex -3.7852285355329514 -14.126665212213993 0
    endloop
  endfacet
  facet normal 0 0 -1
    outer loop
      vertex -10.490461952984333 -10.18232399970293 0
      vertex -0.8255975767970085 -14.597972728312016 0
      vertex -3.3196310251951218 -14.235227316617966 0
    endloop
  endfacet
  facet normal 0.8093838560335391 -0.5872799788791367 0
    outer loop
      vertex -9.10573384910822 -12.549438662827015 0
      vertex -8.584521420300007 -11.831108495593071 0
      vertex -9.10573384910822 -12.549438662827015 4
    endloop
  endfacet
  facet normal -0.5824777116773101 -0.8128466739792717 0
    outer loop
      vertex -8.584521420300007 -11.831108495593071 0
      vertex -8.125214658677578 -12.160243079066277 0
      vertex -8.584521420300007 -11.831108495593071 4
    endloop
  endfacet
  facet normal -0.8704388620757386 0.4922765354841659 0
    outer loop
      vertex -7.632712386548519 -13.496092081069946 0
      vertex -7.197733111679554 -12.726965710520744 4
      vertex -7.197733111679554 -12.726965710520744 0
    endloop
  endfacet
  facet normal -0.5280678536830435 -0.8492021796407401 0
    outer loop
      vertex -8.125214658677578 -12.160243079066277 0
      vertex -7.3125 -12.665621533989906 0
      vertex -8.125214658677578 -12.160243079066277 4
    endloop
  endfacet
  facet normal -0.4713967170135471 -0.8819212749383302 0
    outer loop
      vertex -7.3125 -12.665621533989906 0
      vertex -7.197733111679554 -12.726965710520744 0
      vertex -7.3125 -12.665621533989906 4
    endloop
  endfacet
  facet normal 0 0 -1
    outer loop
      vertex -3.084608845412731 -17.733730241656303 0
      vertex -3.3380947709083557 -16.95032549649477 0
      vertex -1.5725800693035126 -17.204168185591698 0
    endloop
  endfacet
  facet normal 0 0 -1
    outer loop
      vertex -3.481815069913864 -16.292147643864155 0
      vertex -1.5725800693035126 -17.204168185591698 0
      vertex -3.3380947709083557 -16.95032549649477 0
    endloop
  endfacet
  facet normal 0 0 -1
    outer loop
      vertex -3.481815069913864 -16.292147643864155 0
      vertex -3.543097533285618 -15.771764636039734 0
      vertex -1.249251313507557 -16.61314184963703 0
    endloop
  endfacet
  facet normal 0 0 -1
    outer loop
      vertex -3.543097533285618 -15.771764636039734 0
      vertex -3.5505368933081627 -15.397566862404346 0
      vertex -0.931280680000782 -15.77415905892849 0
    endloop
  endfacet
  facet normal 0 0 -1
    outer loop
      vertex -3.5505368933081627 -15.397566862404346 0
      vertex -3.5334371775388718 -15.173653684556484 0
      vertex -0.8846041038632393 -15.554498381912708 0
    endloop
  endfacet
  facet normal 0 0 -1
    outer loop
      vertex -3.5334371775388718 -15.173653684556484 0
      vertex -3.521245375275612 -15.099789097905159 0
      vertex -0.8846041038632393 -15.554498381912708 0
    endloop
  endfacet
  facet normal 0 0 -1
    outer loop
      vertex -3.521245375275612 -15.099789097905159 0
      vertex -3.3196310251951218 -14.235227316617966 0
      vertex -0.8255975767970085 -14.597972728312016 0
    endloop
  endfacet
  facet normal 0 0 -1
    outer loop
      vertex -3.084608845412731 -17.733730241656303 0
      vertex -1.5725800693035126 -17.204168185591698 0
      vertex -2.0365086495876312 -17.884424306452274 0
    endloop
  endfacet
  facet normal 0 0 -1
    outer loop
      vertex -3.481815069913864 -16.292147643864155 0
      vertex -1.249251313507557 -16.61314184963703 0
      vertex -1.5725800693035126 -17.204168185591698 0
    endloop
  endfacet
  facet normal 0 0 -1
    outer loop
      vertex -3.543097533285618 -15.771764636039734 0
      vertex -1.0438423827290535 -16.13110327720642 0
      vertex -1.249251313507557 -16.61314184963703 0
    endloop
  endfacet
  facet normal 0 0 -1
    outer loop
      vertex -3.543097533285618 -15.771764636039734 0
      vertex -0.931280680000782 -15.77415905892849 0
      vertex -1.0438423827290535 -16.13110327720642 0
    endloop
  endfacet
  facet normal 0 0 -1
    outer loop
      vertex -3.5505368933081627 -15.397566862404346 0
      vertex -0.8846041038632393 -15.554498381912708 0
      vertex -0.931280680000782 -15.77415905892849 0
    endloop
  endfacet
  facet normal 0 0 -1
    outer loop
      vertex -3.521245375275612 -15.099789097905159 0
      vertex -0.8754919916391373 -15.480191007256508 0
      vertex -0.8846041038632393 -15.554498381912708 0
    endloop
  endfacet
  facet normal 0 0 -1
    outer loop
      vertex -3.521245375275612 -15.099789097905159 0
      vertex -0.8255975767970085 -14.597972728312016 0
      vertex -0.8754919916391373 -15.480191007256508 0
    endloop
  endfacet
  facet normal -0.9769793116613981 -0.21333406803795066 0
    outer loop
      vertex -3.481815069913864 -16.292147643864155 0
      vertex -3.3380947709083557 -16.95032549649477 0
      vertex -3.481815069913864 -16.292147643864155 4
    endloop
  endfacet
  facet normal -0.9931371034030734 -0.1169559483059897 0
    outer loop
      vertex -3.481815069913864 -16.292147643864155 0
      vertex -3.543097533285618 -15.771764636039734 4
      vertex -3.543097533285618 -15.771764636039734 0
    endloop
  endfacet
  facet normal -0.9514333317574797 -0.3078548606419297 0
    outer loop
      vertex -3.084608845412731 -17.733730241656303 0
      vertex -3.3380947709083557 -16.95032549649477 4
      vertex -3.3380947709083557 -16.95032549649477 0
    endloop
  endfacet
  facet normal -0.14231484447669274 -0.9898214409890174 0
    outer loop
      vertex -3.084608845412731 -17.733730241656303 0
      vertex -2.0365086495876312 -17.884424306452274 0
      vertex -3.084608845412731 -17.733730241656303 4
    endloop
  endfacet
  facet normal -0.9998024349848607 -0.019876896094301048 0
    outer loop
      vertex -3.543097533285618 -15.771764636039734 0
      vertex -3.5505368933081627 -15.397566862404346 4
      vertex -3.5505368933081627 -15.397566862404346 0
    endloop
  endfacet
  facet normal -0.9970966865171883 0.07614589769937685 0
    outer loop
      vertex -3.5505368933081627 -15.397566862404346 0
      vertex -3.5334371775388718 -15.173653684556484 4
      vertex -3.5334371775388718 -15.173653684556484 0
    endloop
  endfacet
  facet normal -0.9866503949530443 0.16285268846108097 0
    outer loop
      vertex -3.5334371775388718 -15.173653684556484 0
      vertex -3.521245375275612 -15.099789097905159 4
      vertex -3.521245375275612 -15.099789097905159 0
    endloop
  endfacet
  facet normal -0.2902846824164033 -0.9569403341663513 0
    outer loop
      vertex -4.70105218142271 -13.848853141069412 0
      vertex -3.7852285355329514 -14.126665212213993 0
      vertex -4.70105218142271 -13.848853141069412 4
    endloop
  endfacet
  facet normal -0.97387029880461 0.22710491211380662 0
    outer loop
      vertex -3.521245375275612 -15.099789097905159 0
      vertex -3.3196310251951218 -14.235227316617966 4
      vertex -3.3196310251951218 -14.235227316617966 0
    endloop
  endfacet
  facet normal -0.22707624587302 -0.9738769832787998 0
    outer loop
      vertex -3.7852285355329514 -14.126665212213993 0
      vertex -3.3196310251951218 -14.235227316617966 0
      vertex -3.7852285355329514 -14.126665212213993 4
    endloop
  endfacet
  facet normal 0.8261608670402963 -0.5634343100763618 0
    outer loop
      vertex -2.0365086495876312 -17.884424306452274 0
      vertex -1.5725800693035126 -17.204168185591698 0
      vertex -2.0365086495876312 -17.884424306452274 4
    endloop
  endfacet
  facet normal 0.8773016259563844 -0.47993943065170647 0
    outer loop
      vertex -1.5725800693035126 -17.204168185591698 0
      vertex -1.249251313507557 -16.61314184963703 0
      vertex -1.5725800693035126 -17.204168185591698 4
    endloop
  endfacet
  facet normal 0.9199577719130817 -0.39201747141768883 0
    outer loop
      vertex -1.249251313507557 -16.61314184963703 0
      vertex -1.0438423827290535 -16.13110327720642 0
      vertex -1.249251313507557 -16.61314184963703 4
    endloop
  endfacet
  facet normal 0.9537034460380664 -0.30074862761967336 0
    outer loop
      vertex -1.0438423827290535 -16.13110327720642 0
      vertex -0.931280680000782 -15.77415905892849 0
      vertex -1.0438423827290535 -16.13110327720642 4
    endloop
  endfacet
  facet normal 0.9781600439587359 -0.2078531414307799 0
    outer loop
      vertex -0.931280680000782 -15.77415905892849 0
      vertex -0.8846041038632393 -15.554498381912708 0
      vertex -0.931280680000782 -15.77415905892849 4
    endloop
  endfacet
  facet normal 0.9925650215329075 -0.1217155619852249 0
    outer loop
      vertex -0.8846041038632393 -15.554498381912708 0
      vertex -0.8754919916391373 -15.480191007256508 0
      vertex -0.8846041038632393 -15.554498381912708 4
    endloop
  endfacet
  facet normal 0.9984045563822955 -0.05646540352350151 0
    outer loop
      vertex -0.8754919916391373 -15.480191007256508 0
      vertex -0.8255975767970085 -14.597972728312016 0
      vertex -0.8754919916391373 -15.480191007256508 4
    endloop
  endfacet
  facet normal -0.03271908942272048 -0.9994645872602732 0
    outer loop
      vertex -0.8255975767970085 -14.597972728312016 0
      vertex 0 -14.625 0
      vertex -0.8255975767970085 -14.597972728312016 4
    endloop
  endfacet
  facet normal 0 0 -1
    outer loop
      vertex -10.995657183229923 -9.642932549118996 0
      vertex 0 -14.625 0
      vertex -0.8255975767970085 -14.597972728312016 0
    endloop
  endfacet
  facet normal 0 0 -1
    outer loop
      vertex -11.574905388057232 -8.93711655586958 0
      vertex 0.8255975767970085 -14.597972728312016 0
      vertex 0 -14.625 0
    endloop
  endfacet
  facet normal 0 0 -1
    outer loop
      vertex -12.932394184172153 -6.813403464853764 0
      vertex 3.3196310251951218 -14.235227316617966 0
      vertex 0.8255975767970085 -14.597972728312016 0
    endloop
  endfacet
  facet normal 0 0 -1
    outer loop
      vertex -12.932394184172153 -6.813403464853764 0
      vertex 3.7852285355329514 -14.126665212213993 0
      vertex 3.3196310251951218 -14.235227316617966 0
    endloop
  endfacet
  facet normal 0 0 -1
    outer loop
      vertex -12.932394184172153 -6.813403464853764 0
      vertex 4.70105218142271 -13.848853141069412 0
      vertex 3.7852285355329514 -14.126665212213993 0
    endloop
  endfacet
  facet normal 0 0 -1
    outer loop
      vertex -12.932394184172153 -6.813403464853764 0
      vertex 4.904277451336384 -13.772364564239979 0
      vertex 4.70105218142271 -13.848853141069412 0
    endloop
  endfacet
  facet normal 0 0 -1
    outer loop
      vertex -12.932394184172153 -6.813403464853764 0
      vertex 7.197733111679554 -12.726965710520744 0
      vertex 4.904277451336384 -13.772364564239979 0
    endloop
  endfacet
  facet normal -0.9996263340520741 -0.02733481789972208 0
    outer loop
      vertex -7.955829679965973 -16.14635483175516 0
      vertex -7.955829679965973 -16.14635483175516 4
      vertex -7.97833701223135 -15.323268242180347 4
    endloop
  endfacet
  facet normal -0.4154150105423827 -0.9096319964777361 0
    outer loop
      vertex -6.992640323936939 -16.586228668689728 0
      vertex -6.992640323936939 -16.586228668689728 4
      vertex -7.955829679965973 -16.14635483175516 4
    endloop
  endfacet
  facet normal -0.9975079386200338 0.07055432226313808 0
    outer loop
      vertex -7.97833701223135 -15.323268242180347 0
      vertex -7.97833701223135 -15.323268242180347 4
      vertex -7.930805511772633 -14.651260524988174 4
    endloop
  endfacet
  facet normal -0.985858370818296 0.16758064532485636 0
    outer loop
      vertex -7.930805511772633 -14.651260524988174 0
      vertex -7.930805511772633 -14.651260524988174 4
      vertex -7.842996768653393 -14.134691417217255 4
    endloop
  endfacet
  facet normal -0.9649033727486425 0.2626051813241589 0
    outer loop
      vertex -7.842996768653393 -14.134691417217255 0
      vertex -7.842996768653393 -14.134691417217255 4
      vertex -7.7447110787034035 -13.773555383086205 4
    endloop
  endfacet
  facet normal -0.9352544965679865 0.3539760255290774 0
    outer loop
      vertex -7.7447110787034035 -13.773555383086205 0
      vertex -7.7447110787034035 -13.773555383086205 4
      vertex -7.665220394730568 -13.563529804348946 4
    endloop
  endfacet
  facet normal -0.900803210826481 0.434227561728528 0
    outer loop
      vertex -7.665220394730568 -13.563529804348946 0
      vertex -7.665220394730568 -13.563529804348946 4
      vertex -7.632712386548519 -13.496092081069946 4
    endloop
  endfacet
  facet normal 0.6339577553295868 -0.7733676774067246 0
    outer loop
      vertex -6.355853818356991 -16.064231492578983 0
      vertex -6.355853818356991 -16.064231492578983 4
      vertex -6.992640323936939 -16.586228668689728 4
    endloop
  endfacet
  facet normal 0.7065501851660633 -0.7076629394293599 0
    outer loop
      vertex -5.879110790789127 -15.58823811262846 0
      vertex -5.879110790789127 -15.58823811262846 4
      vertex -6.355853818356991 -16.064231492578983 4
    endloop
  endfacet
  facet normal 0.7722489391801902 -0.6353200578724639 0
    outer loop
      vertex -5.546216405928135 -15.18359586596489 0
      vertex -5.546216405928135 -15.18359586596489 4
      vertex -5.879110790789127 -15.58823811262846 4
    endloop
  endfacet
  facet normal 0.8303410751650309 -0.5572555059340198 0
    outer loop
      vertex -5.337651431560516 -14.872822687029839 0
      vertex -5.337651431560516 -14.872822687029839 4
      vertex -5.546216405928135 -15.18359586596489 4
    endloop
  endfacet
  facet normal 0.8799786730820552 -0.4750131944701592 0
    outer loop
      vertex -5.2309800162911415 -14.675210133194923 0
      vertex -5.2309800162911415 -14.675210133194923 4
      vertex -5.337651431560516 -14.872822687029839 4
    endloop
  endfacet
  facet normal 0.9180679776028079 -0.3964229918916034 0
    outer loop
      vertex -5.201302208006382 -14.606479898095131 0
      vertex -5.201302208006382 -14.606479898095131 4
      vertex -5.2309800162911415 -14.675210133194923 4
    endloop
  endfacet
  facet normal 0.9420540098076596 -0.335461238603374 0
    outer loop
      vertex -4.904277451336384 -13.772364564239979 0
      vertex -4.904277451336384 -13.772364564239979 4
      vertex -5.201302208006382 -14.606479898095131 4
    endloop
  endfacet
  facet normal -0.3522500536019485 -0.9359059246192559 0
    outer loop
      vertex -4.70105218142271 -13.848853141069412 0
      vertex -4.70105218142271 -13.848853141069412 4
      vertex -4.904277451336384 -13.772364564239979 4
    endloop
  endfacet
  facet normal 0.8093838560335391 -0.5872799788791367 0
    outer loop
      vertex -8.584521420300007 -11.831108495593071 0
      vertex -8.584521420300007 -11.831108495593071 4
      vertex -9.10573384910822 -12.549438662827015 4
    endloop
  endfacet
  facet normal -0.5824777116773101 -0.8128466739792717 0
    outer loop
      vertex -8.125214658677578 -12.160243079066277 0
      vertex -8.125214658677578 -12.160243079066277 4
      vertex -8.584521420300007 -11.831108495593071 4
    endloop
  endfacet
  facet normal -0.8704388620757386 0.4922765354841659 0
    outer loop
      vertex -7.632712386548519 -13.496092081069946 0
      vertex -7.632712386548519 -13.496092081069946 4
      vertex -7.197733111679554 -12.726965710520744 4
    endloop
  endfacet
  facet normal -0.5280678536830435 -0.8492021796407401 0
    outer loop
      vertex -7.3125 -12.665621533989906 0
      vertex -7.3125 -12.665621533989906 4
      vertex -8.125214658677578 -12.160243079066277 4
    endloop
  endfacet
  facet normal -0.4713967170135471 -0.8819212749383302 0
    outer loop
      vertex -7.197733111679554 -12.726965710520744 0
      vertex -7.197733111679554 -12.726965710520744 4
      vertex -7.3125 -12.665621533989906 4
    endloop
  endfacet
  facet normal -0.9769793116613981 -0.21333406803795066 0
    outer loop
      vertex -3.3380947709083557 -16.95032549649477 0
      vertex -3.3380947709083557 -16.95032549649477 4
      vertex -3.481815069913864 -16.292147643864155 4
    endloop
  endfacet
  facet normal -0.9931371034030734 -0.1169559483059897 0
    outer loop
      vertex -3.481815069913864 -16.292147643864155 0
      vertex -3.481815069913864 -16.292147643864155 4
      vertex -3.543097533285618 -15.771764636039734 4
    endloop
  endfacet
  facet normal -0.9514333317574797 -0.3078548606419297 0
    outer loop
      vertex -3.084608845412731 -17.733730241656303 0
      vertex -3.084608845412731 -17.733730241656303 4
      vertex -3.3380947709083557 -16.95032549649477 4
    endloop
  endfacet
  facet normal -0.14231484447669274 -0.9898214409890174 0
    outer loop
      vertex -2.0365086495876312 -17.884424306452274 0
      vertex -2.0365086495876312 -17.884424306452274 4
      vertex -3.084608845412731 -17.733730241656303 4
    endloop
  endfacet
  facet normal -0.9998024349848607 -0.019876896094301048 0
    outer loop
      vertex -3.543097533285618 -15.771764636039734 0
      vertex -3.543097533285618 -15.771764636039734 4
      vertex -3.5505368933081627 -15.397566862404346 4
    endloop
  endfacet
  facet normal -0.9970966865171883 0.07614589769937685 0
    outer loop
      vertex -3.5505368933081627 -15.397566862404346 0
      vertex -3.5505368933081627 -15.397566862404346 4
      vertex -3.5334371775388718 -15.173653684556484 4
    endloop
  endfacet
  facet normal -0.9866503949530443 0.16285268846108097 0
    outer loop
      vertex -3.5334371775388718 -15.173653684556484 0
      vertex -3.5334371775388718 -15.173653684556484 4
      vertex -3.521245375275612 -15.099789097905159 4
    endloop
  endfacet
  facet normal -0.97387029880461 0.22710491211380662 0
    outer loop
      vertex -3.521245375275612 -15.099789097905159 0
      vertex -3.521245375275612 -15.099789097905159 4
      vertex -3.3196310251951218 -14.235227316617966 4
    endloop
  endfacet
  facet normal -0.2902846824164033 -0.9569403341663513 0
    outer loop
      vertex -3.7852285355329514 -14.126665212213993 0
      vertex -3.7852285355329514 -14.126665212213993 4
      vertex -4.70105218142271 -13.848853141069412 4
    endloop
  endfacet
  facet normal -0.22707624587302 -0.9738769832787998 0
    outer loop
      vertex -3.3196310251951218 -14.235227316617966 0
      vertex -3.3196310251951218 -14.235227316617966 4
      vertex -3.7852285355329514 -14.126665212213993 4
    endloop
  endfacet
  facet normal 0.8261608670402963 -0.5634343100763618 0
    outer loop
      vertex -1.5725800693035126 -17.204168185591698 0
      vertex -1.5725800693035126 -17.204168185591698 4
      vertex -2.0365086495876312 -17.884424306452274 4
    endloop
  endfacet
  facet normal 0.8773016259563844 -0.47993943065170647 0
    outer loop
      vertex -1.249251313507557 -16.61314184963703 0
      vertex -1.249251313507557 -16.61314184963703 4
      vertex -1.5725800693035126 -17.204168185591698 4
    endloop
  endfacet
  facet normal 0.9199577719130817 -0.39201747141768883 0
    outer loop
      vertex -1.0438423827290535 -16.13110327720642 0
      vertex -1.0438423827290535 -16.13110327720642 4
      vertex -1.249251313507557 -16.61314184963703 4
    endloop
  endfacet
  facet normal 0.9537034460380664 -0.30074862761967336 0
    outer loop
      vertex -0.931280680000782 -15.77415905892849 0
      vertex -0.931280680000782 -15.77415905892849 4
      vertex -1.0438423827290535 -16.13110327720642 4
    endloop
  endfacet
  facet normal 0.9781600439587359 -0.2078531414307799 0
    outer loop
      vertex -0.8846041038632393 -15.554498381912708 0
      vertex -0.8846041038632393 -15.554498381912708 4
      vertex -0.931280680000782 -15.77415905892849 4
    endloop
  endfacet
  facet normal 0.9925650215329075 -0.1217155619852249 0
    outer loop
      vertex -0.8754919916391373 -15.480191007256508 0
      vertex -0.8754919916391373 -15.480191007256508 4
      vertex -0.8846041038632393 -15.554498381912708 4
    endloop
  endfacet
  facet normal 0.9984045563822955 -0.05646540352350151 0
    outer loop
      vertex -0.8255975767970085 -14.597972728312016 0
      vertex -0.8255975767970085 -14.597972728312016 4
      vertex -0.8754919916391373 -15.480191007256508 4
    endloop
  endfacet
  facet normal -0.03271908942272048 -0.9994645872602732 0
    outer loop
      vertex -0.8255975767970085 -14.597972728312016 4
      vertex 0 -14.625 0
      vertex 0 -14.625 4
    endloop
  endfacet
  facet normal 0 0 -1
    outer loop
      vertex -13.511738166213036 -5.596745200455189 0
      vertex 12.932394184172153 -6.813403464853764 0
      vertex -13.116763845086098 -6.468472093343735 0
    endloop
  endfacet
  facet normal 0 0 -1
    outer loop
      vertex -13.511738166213036 -5.596745200455189 0
      vertex -13.61886951327324 -5.312104023993015 0
      vertex 12.932394184172153 -6.813403464853764 0
    endloop
  endfacet
  facet normal 0 0 -1
    outer loop
      vertex -13.61886951327324 -5.312104023993015 0
      vertex -14.334198169410229 -2.8951681777834892 0
      vertex 12.932394184172153 -6.813403464853764 0
    endloop
  endfacet
  facet normal 0 0 -1
    outer loop
      vertex -14.343984723091125 -2.853195957839489 0
      vertex 14.334198169410229 -2.8951681777834892 0
      vertex -14.334198169410229 -2.8951681777834892 0
    endloop
  endfacet
  facet normal 0 0 -1
    outer loop
      vertex -14.343984723091125 -2.853195957839489 0
      vertex -14.499881096184254 -1.9089455604553223 0
      vertex 14.334198169410229 -2.8951681777834892 0
    endloop
  endfacet
  facet normal 0 0 -1
    outer loop
      vertex -14.563792057335377 -1.2600466758012772 0
      vertex -1.202943691966364 -1.0549533041601102 0
      vertex -1.1313708498984762 -1.1313708498984762 0
    endloop
  endfacet
  facet normal 0 0 -1
    outer loop
      vertex -14.563792057335377 -1.2600466758012772 0
      vertex -1.4349963864523012 -0.7076619043504021 0
      vertex -1.3856406460551018 -0.8 0
    endloop
  endfacet
  facet normal 0 0 -1
    outer loop
      vertex -14.563792057335377 -1.2600466758012772 0
      vertex -1.3856406460551018 -0.8 0
      vertex -1.3303513796840725 -0.8889123728313635 0
    endloop
  endfacet
  facet normal 0 0 -1
    outer loop
      vertex -14.563792057335377 -1.2600466758012772 0
      vertex -1.3303513796840725 -0.8889123728313635 0
      vertex -1.2693653444659763 -0.974018286413953 0
    endloop
  endfacet
  facet normal 0 0 -1
    outer loop
      vertex -14.563792057335377 -1.2600466758012772 0
      vertex -1.2693653444659763 -0.974018286413953 0
      vertex -1.202943691966364 -1.0549533041601102 0
    endloop
  endfacet
  facet normal 0 0 -1
    outer loop
      vertex -14.563792057335377 1.2600466758012772 0
      vertex -1.478207252018059 -0.6122934917841437 0
      vertex -1.4349963864523012 -0.7076619043504021 0
    endloop
  endfacet
  facet normal 0 0 -1
    outer loop
      vertex -14.563792057335377 -1.2600466758012772 0
      vertex -1.1313708498984762 -1.1313708498984762 0
      vertex -1.0549533041601102 -1.202943691966364 0
    endloop
  endfacet
  facet normal 0 0 -1
    outer loop
      vertex -14.563792057335377 -1.2600466758012772 0
      vertex -1.0549533041601102 -1.202943691966364 0
      vertex -0.974018286413953 -1.2693653444659763 0
    endloop
  endfacet
  facet normal 0 0 -1
    outer loop
      vertex -14.563792057335377 -1.2600466758012772 0
      vertex -0.974018286413953 -1.2693653444659763 0
      vertex -0.8889123728313635 -1.3303513796840725 0
    endloop
  endfacet
  facet normal 0 0 -1
    outer loop
      vertex -14.563792057335377 -1.2600466758012772 0
      vertex -0.8889123728313635 -1.3303513796840725 0
      vertex -0.8 -1.3856406460551018 0
    endloop
  endfacet
  facet normal 0 0 -1
    outer loop
      vertex -14.563792057335377 -1.2600466758012772 0
      vertex -0.8 -1.3856406460551018 0
      vertex -0.7076619043504021 -1.4349963864523012 0
    endloop
  endfacet
  facet normal 0 0 -1
    outer loop
      vertex -14.563792057335377 -1.2600466758012772 0
      vertex -0.6122934917841437 -1.478207252018059 0
      vertex -0.5143031444850585 -1.5150882071921692 0
    endloop
  endfacet
  facet normal 0 0 -1
    outer loop
      vertex -14.563792057335377 -1.2600466758012772 0
      vertex -0.5143031444850585 -1.5150882071921692 0
      vertex -0.4141104721640332 -1.5454813220625094 0
    endloop
  endfacet
  facet normal 0 0 -1
    outer loop
      vertex -14.563792057335377 -1.2600466758012772 0
      vertex -0.4141104721640332 -1.5454813220625094 0
      vertex -0.3121445152258052 -1.5692564486451688 0
    endloop
  endfacet
  facet normal 0 0 -1
    outer loop
      vertex -14.563792057335377 -1.2600466758012772 0
      vertex -0.7076619043504021 -1.4349963864523012 0
      vertex -0.6122934917841437 -1.478207252018059 0
    endloop
  endfacet
  facet normal 0 0 -1
    outer loop
      vertex -14.499881096184254 -1.9089455604553223 0
      vertex -14.563792057335377 -1.2600466758012772 0
      vertex 14.334198169410229 -2.8951681777834892 0
    endloop
  endfacet
  facet normal 0 0 -1
    outer loop
      vertex -14.563792057335377 -1.2600466758012772 0
      vertex -0.3121445152258052 -1.5692564486451688 0
      vertex -0.20884190755208254 -1.5863117781980967 0
    endloop
  endfacet
  facet normal 0 0 -1
    outer loop
      vertex -14.563792057335377 -1.2600466758012772 0
      vertex -0.20884190755208254 -1.5863117781980967 0
      vertex -0.10464500676822891 -1.5965742771817657 0
    endloop
  endfacet
  facet normal 0 0 -1
    outer loop
      vertex -14.563792057335377 -1.2600466758012772 0
      vertex -0.10464500676822891 -1.5965742771817657 0
      vertex 0 -1.6 0
    endloop
  endfacet
  facet normal 0 0 -1
    outer loop
      vertex -12.932394184172153 -6.813403464853764 0
      vertex -13.116763845086098 -6.468472093343735 0
      vertex 12.932394184172153 -6.813403464853764 0
    endloop
  endfacet
  facet normal 0 0 -1
    outer loop
      vertex -14.563792057335377 -1.2600466758012772 0
      vertex 0 -1.6 0
      vertex 14.334198169410229 -2.8951681777834892 0
    endloop
  endfacet
  facet normal 0 0 1
    outer loop
      vertex -14.849775604903698 -10.172716677188873 4
      vertex -14.03186371922493 -10.077857486903667 4
      vertex -15.422248296439648 -9.281931780278683 4
    endloop
  endfacet
  facet normal 0 0 1
    outer loop
      vertex -15.422248296439648 -9.281931780278683 4
      vertex -14.03186371922493 -10.077857486903667 4
      vertex -14.996188469231129 -8.5773388966918 4
    endloop
  endfacet
  facet normal 0 0 1
    outer loop
      vertex -14.03186371922493 -10.077857486903667 4
      vertex -13.37346051633358 -9.935173116624355 4
      vertex -14.592887617647648 -8.037707507610321 4
    endloop
  endfacet
  facet normal 0 0 1
    outer loop
      vertex -13.37346051633358 -9.935173116624355 4
      vertex -12.874645821750164 -9.77474269270897 4
      vertex -14.23973985761404 -7.650614909827709 4
    endloop
  endfacet
  facet normal 0 0 1
    outer loop
      vertex -11.382269874215126 -13.944315426051617 4
      vertex -11.972221851348877 -12.454810924828053 4
      vertex -12.182516507804394 -13.250897772610188 4
    endloop
  endfacet
  facet normal 0 0 1
    outer loop
      vertex -11.382269874215126 -13.944315426051617 4
      vertex -10.624214090406895 -13.622866295278072 4
      vertex -11.972221851348877 -12.454810924828053 4
    endloop
  endfacet
  facet normal 0 0 1
    outer loop
      vertex -10.624214090406895 -13.622866295278072 4
      vertex -11.737289249897003 -11.823415420949459 4
      vertex -11.972221851348877 -12.454810924828053 4
    endloop
  endfacet
  facet normal 0 0 1
    outer loop
      vertex -12.874645821750164 -9.77474269270897 4
      vertex -12.531173139810562 -9.626062393188477 4
      vertex -14.23973985761404 -7.650614909827709 4
    endloop
  endfacet
  facet normal 0 0 1
    outer loop
      vertex -10.624214090406895 -13.622866295278072 4
      vertex -10.032679677009583 -13.300468020141125 4
      vertex -11.737289249897003 -11.823415420949459 4
    endloop
  endfacet
  facet normal 0 0 1
    outer loop
      vertex -11.507503040134907 -11.352509565651417 4
      vertex -10.032679677009583 -13.300468020141125 4
      vertex -9.599268957972527 -13.006003819406033 4
    endloop
  endfacet
  facet normal 0 0 1
    outer loop
      vertex -11.507503040134907 -11.352509565651417 4
      vertex -9.599268957972527 -13.006003819406033 4
      vertex -9.311597414314747 -12.766578681766987 4
    endloop
  endfacet
  facet normal 0 0 1
    outer loop
      vertex -11.737289249897003 -11.823415420949459 4
      vertex -10.032679677009583 -13.300468020141125 4
      vertex -11.507503040134907 -11.352509565651417 4
    endloop
  endfacet
  facet normal 0 0 1
    outer loop
      vertex -11.507503040134907 -11.352509565651417 4
      vertex -9.311597414314747 -12.766578681766987 4
      vertex -11.311454840004444 -11.033692352473736 4
    endloop
  endfacet
  facet normal 0 0 1
    outer loop
      vertex -11.311454840004444 -11.033692352473736 4
      vertex -9.311597414314747 -12.766578681766987 4
      vertex -11.17601303756237 -10.854569397866726 4
    endloop
  endfacet
  facet normal 0 0 1
    outer loop
      vertex -9.10573384910822 -12.549438662827015 4
      vertex -11.125822432339191 -10.799021944403648 4
      vertex -11.17601303756237 -10.854569397866726 4
    endloop
  endfacet
  facet normal 0 0 1
    outer loop
      vertex -9.311597414314747 -12.766578681766987 4
      vertex -9.153573043644428 -12.607023634016514 4
      vertex -11.17601303756237 -10.854569397866726 4
    endloop
  endfacet
  facet normal 0 0 1
    outer loop
      vertex -9.153573043644428 -12.607023634016514 4
      vertex -9.10573384910822 -12.549438662827015 4
      vertex -11.17601303756237 -10.854569397866726 4
    endloop
  endfacet
  facet normal 0 0 1
    outer loop
      vertex -9.10573384910822 -12.549438662827015 4
      vertex -8.584521420300007 -11.831108495593071 4
      vertex -10.490461952984333 -10.18232399970293 4
    endloop
  endfacet
  facet normal 0 0 1
    outer loop
      vertex -9.10573384910822 -12.549438662827015 4
      vertex -10.490461952984333 -10.18232399970293 4
      vertex -11.125822432339191 -10.799021944403648 4
    endloop
  endfacet
  facet normal 0 0 1
    outer loop
      vertex -17.11424083262682 -5.57698492705822 4
      vertex -16.805253081023693 -4.004981882870197 4
      vertex -17.412561252713203 -4.560998879373074 4
    endloop
  endfacet
  facet normal 0 0 1
    outer loop
      vertex -17.11424083262682 -5.57698492705822 4
      vertex -16.302735202014446 -5.716400608420372 4
      vertex -16.805253081023693 -4.004981882870197 4
    endloop
  endfacet
  facet normal 0 0 1
    outer loop
      vertex -16.302735202014446 -5.716400608420372 4
      vertex -15.630803123116493 -5.764989569783211 4
      vertex -16.805253081023693 -4.004981882870197 4
    endloop
  endfacet
  facet normal 0 0 1
    outer loop
      vertex -14.03186371922493 -10.077857486903667 4
      vertex -14.592887617647648 -8.037707507610321 4
      vertex -14.996188469231129 -8.5773388966918 4
    endloop
  endfacet
  facet normal 0 0 1
    outer loop
      vertex -13.37346051633358 -9.935173116624355 4
      vertex -14.23973985761404 -7.650614909827709 4
      vertex -14.592887617647648 -8.037707507610321 4
    endloop
  endfacet
  facet normal 0 0 1
    outer loop
      vertex -12.531173139810562 -9.626062393188477 4
      vertex -13.961811803281307 -7.399945192039013 4
      vertex -14.23973985761404 -7.650614909827709 4
    endloop
  endfacet
  facet normal 0 0 1
    outer loop
      vertex -15.630803123116493 -5.764989569783211 4
      vertex -15.106995455920696 -5.751590043306351 4
      vertex -15.818357639014721 -3.328912928700447 4
    endloop
  endfacet
  facet normal 0 0 1
    outer loop
      vertex -15.106995455920696 -5.751590043306351 4
      vertex -14.735547751188278 -5.705699786543846 4
      vertex -15.481065802276134 -3.1666984856128693 4
    endloop
  endfacet
  facet normal 0 0 1
    outer loop
      vertex -14.735547751188278 -5.705699786543846 4
      vertex -14.516347222030163 -5.656907953321934 4
      vertex -15.481065802276134 -3.1666984856128693 4
    endloop
  endfacet
  facet normal 0 0 1
    outer loop
      vertex -14.516347222030163 -5.656907953321934 4
      vertex -14.444969549775124 -5.634328216314316 4
      vertex -15.270283728837967 -3.0892360284924507 4
    endloop
  endfacet
  facet normal 0 0 1
    outer loop
      vertex -14.444969549775124 -5.634328216314316 4
      vertex -13.61886951327324 -5.312104023993015 4
      vertex -14.334198169410229 -2.8951681777834892 4
    endloop
  endfacet
  facet normal 0 0 1
    outer loop
      vertex -15.630803123116493 -5.764989569783211 4
      vertex -16.266257025301456 -3.600832335650921 4
      vertex -16.805253081023693 -4.004981882870197 4
    endloop
  endfacet
  facet normal 0 0 1
    outer loop
      vertex -15.630803123116493 -5.764989569783211 4
      vertex -15.818357639014721 -3.328912928700447 4
      vertex -16.266257025301456 -3.600832335650921 4
    endloop
  endfacet
  facet normal 0 0 1
    outer loop
      vertex -17.992212049663067 -0.5294390246272087 4
      vertex -17.2528560385108 -0.891834944486618 4
      vertex -17.2528560385108 0.891834944486618 4
    endloop
  endfacet
  facet normal 0 0 1
    outer loop
      vertex -17.2528560385108 -0.891834944486618 4
      vertex -16.62183102220297 -1.1277608573436737 4
      vertex -16.62183102220297 1.1277608573436737 4
    endloop
  endfacet
  facet normal 0 0 1
    outer loop
      vertex -16.62183102220297 -1.1277608573436737 4
      vertex -16.11546616256237 -1.2624777778983116 4
      vertex -16.11546616256237 1.2624777778983116 4
    endloop
  endfacet
  facet normal 0 0 1
    outer loop
      vertex -16.11546616256237 -1.2624777778983116 4
      vertex -15.746135920286179 -1.3230953067541122 4
      vertex -15.746135920286179 1.3230953067541122 4
    endloop
  endfacet
  facet normal 0 0 1
    outer loop
      vertex -15.106995455920696 -5.751590043306351 4
      vertex -15.481065802276134 -3.1666984856128693 4
      vertex -15.818357639014721 -3.328912928700447 4
    endloop
  endfacet
  facet normal 0 0 1
    outer loop
      vertex -14.516347222030163 -5.656907953321934 4
      vertex -15.270283728837967 -3.0892360284924507 4
      vertex -15.481065802276134 -3.1666984856128693 4
    endloop
  endfacet
  facet normal 0 0 1
    outer loop
      vertex -14.444969549775124 -5.634328216314316 4
      vertex -15.198029480874538 -3.069641627371311 4
      vertex -15.270283728837967 -3.0892360284924507 4
    endloop
  endfacet
  facet normal 0 0 1
    outer loop
      vertex -14.444969549775124 -5.634328216314316 4
      vertex -14.334198169410229 -2.8951681777834892 4
      vertex -15.198029480874538 -3.069641627371311 4
    endloop
  endfacet
  facet normal 0 0 1
    outer loop
      vertex -15.746135920286179 -1.3230953067541122 4
      vertex -15.522068306803703 -1.3380358144640923 4
      vertex -15.522068306803703 1.3380358144640923 4
    endloop
  endfacet
  facet normal 0 0 1
    outer loop
      vertex -15.522068306803703 -1.3380358144640923 4
      vertex -15.447220481932163 -1.3364801332354546 4
      vertex -15.447220481932163 1.3364801332354546 4
    endloop
  endfacet
  facet normal 0 0 1
    outer loop
      vertex -15.447220481932163 -1.3364801332354546 4
      vertex -14.563792057335377 -1.2600466758012772 4
      vertex -14.563792057335377 1.2600466758012772 4
    endloop
  endfacet
  facet normal 0 0 1
    outer loop
      vertex -12.531173139810562 -9.626062393188477 4
      vertex -13.781391575932503 -7.266236342489719 4
      vertex -13.961811803281307 -7.399945192039013 4
    endloop
  endfacet
  facet normal 0 0 1
    outer loop
      vertex -12.272473089396954 -9.475716538727283 4
      vertex -13.717584513127804 -7.227079272270203 4
      vertex -13.781391575932503 -7.266236342489719 4
    endloop
  endfacet
  facet normal 0 0 1
    outer loop
      vertex -12.531173139810562 -9.626062393188477 4
      vertex -12.334598019719124 -9.517491057515144 4
      vertex -13.781391575932503 -7.266236342489719 4
    endloop
  endfacet
  facet normal 0 0 1
    outer loop
      vertex -12.334598019719124 -9.517491057515144 4
      vertex -12.272473089396954 -9.475716538727283 4
      vertex -13.781391575932503 -7.266236342489719 4
    endloop
  endfacet
  facet normal 0 0 1
    outer loop
      vertex -12.272473089396954 -9.475716538727283 4
      vertex -11.574905388057232 -8.93711655586958 4
      vertex -13.717584513127804 -7.227079272270203 4
    endloop
  endfacet
  facet normal 0 0 1
    outer loop
      vertex -13.717584513127804 -7.227079272270203 4
      vertex -11.574905388057232 -8.93711655586958 4
      vertex -12.932394184172153 -6.813403464853764 4
    endloop
  endfacet
  facet normal 0 0 1
    outer loop
      vertex -14.343984723091125 -2.853195957839489 4
      vertex -3.325878449210181 -2.2222809320784087 4
      vertex -14.499881096184254 -1.9089455604553223 4
    endloop
  endfacet
  facet normal 0 0 1
    outer loop
      vertex -14.343984723091125 -2.853195957839489 4
      vertex -14.334198169410229 -2.8951681777834892 4
      vertex -2.8284271247461903 -2.8284271247461903 4
    endloop
  endfacet
  facet normal 0 0 1
    outer loop
      vertex -14.499881096184254 -1.9089455604553223 4
      vertex -3.587490966130753 -1.7691547608760052 4
      vertex -14.563792057335377 -1.2600466758012772 4
    endloop
  endfacet
  facet normal 0 0 1
    outer loop
      vertex -7.955829679965973 -16.14635483175516 4
      vertex -6.992640323936939 -16.586228668689728 4
      vertex -7.97833701223135 -15.323268242180347 4
    endloop
  endfacet
  facet normal 0 0 1
    outer loop
      vertex -6.992640323936939 -16.586228668689728 4
      vertex -6.355853818356991 -16.064231492578983 4
      vertex -7.97833701223135 -15.323268242180347 4
    endloop
  endfacet
  facet normal 0 0 1
    outer loop
      vertex -7.97833701223135 -15.323268242180347 4
      vertex -5.879110790789127 -15.58823811262846 4
      vertex -7.930805511772633 -14.651260524988174 4
    endloop
  endfacet
  facet normal 0 0 1
    outer loop
      vertex -7.930805511772633 -14.651260524988174 4
      vertex -5.546216405928135 -15.18359586596489 4
      vertex -7.842996768653393 -14.134691417217255 4
    endloop
  endfacet
  facet normal 0 0 1
    outer loop
      vertex -7.842996768653393 -14.134691417217255 4
      vertex -5.546216405928135 -15.18359586596489 4
      vertex -7.7447110787034035 -13.773555383086205 4
    endloop
  endfacet
  facet normal 0 0 1
    outer loop
      vertex -7.7447110787034035 -13.773555383086205 4
      vertex -5.337651431560516 -14.872822687029839 4
      vertex -7.665220394730568 -13.563529804348946 4
    endloop
  endfacet
  facet normal 0 0 1
    outer loop
      vertex -7.665220394730568 -13.563529804348946 4
      vertex -5.201302208006382 -14.606479898095131 4
      vertex -7.632712386548519 -13.496092081069946 4
    endloop
  endfacet
  facet normal 0 0 1
    outer loop
      vertex -7.97833701223135 -15.323268242180347 4
      vertex -6.355853818356991 -16.064231492578983 4
      vertex -5.879110790789127 -15.58823811262846 4
    endloop
  endfacet
  facet normal 0 0 1
    outer loop
      vertex -7.930805511772633 -14.651260524988174 4
      vertex -5.879110790789127 -15.58823811262846 4
      vertex -5.546216405928135 -15.18359586596489 4
    endloop
  endfacet
  facet normal 0 0 1
    outer loop
      vertex -7.7447110787034035 -13.773555383086205 4
      vertex -5.546216405928135 -15.18359586596489 4
      vertex -5.337651431560516 -14.872822687029839 4
    endloop
  endfacet
  facet normal 0 0 1
    outer loop
      vertex -7.632712386548519 -13.496092081069946 4
      vertex -5.201302208006382 -14.606479898095131 4
      vertex -7.197733111679554 -12.726965710520744 4
    endloop
  endfacet
  facet normal 0 0 1
    outer loop
      vertex -7.665220394730568 -13.563529804348946 4
      vertex -5.337651431560516 -14.872822687029839 4
      vertex -5.2309800162911415 -14.675210133194923 4
    endloop
  endfacet
  facet normal 0 0 1
    outer loop
      vertex -7.665220394730568 -13.563529804348946 4
      vertex -5.2309800162911415 -14.675210133194923 4
      vertex -5.201302208006382 -14.606479898095131 4
    endloop
  endfacet
  facet normal 0 0 1
    outer loop
      vertex -5.201302208006382 -14.606479898095131 4
      vertex -4.904277451336384 -13.772364564239979 4
      vertex -7.197733111679554 -12.726965710520744 4
    endloop
  endfacet
  facet normal 0 0 1
    outer loop
      vertex -4.904277451336384 -13.772364564239979 4
      vertex -4.70105218142271 -13.848853141069412 4
      vertex -7.3125 -12.665621533989906 4
    endloop
  endfacet
  facet normal 0 0 1
    outer loop
      vertex -8.584521420300007 -11.831108495593071 4
      vertex -8.125214658677578 -12.160243079066277 4
      vertex -3.7852285355329514 -14.126665212213993 4
    endloop
  endfacet
  facet normal 0 0 1
    outer loop
      vertex -10.490461952984333 -10.18232399970293 4
      vertex -8.584521420300007 -11.831108495593071 4
      vertex -3.3196310251951218 -14.235227316617966 4
    endloop
  endfacet
  facet normal 0 0 1
    outer loop
      vertex -10.490461952984333 -10.18232399970293 4
      vertex -0.8255975767970085 -14.597972728312016 4
      vertex -10.995657183229923 -9.642932549118996 4
    endloop
  endfacet
  facet normal 0 0 1
    outer loop
      vertex -12.932394184172153 -6.813403464853764 4
      vertex -11.574905388057232 -8.93711655586958 4
      vertex 0.8255975767970085 -14.597972728312016 4
    endloop
  endfacet
  facet normal 0 0 1
    outer loop
      vertex -10.995657183229923 -9.642932549118996 4
      vertex 0 -14.625 4
      vertex -11.574905388057232 -8.93711655586958 4
    endloop
  endfacet
  facet normal 0 0 1
    outer loop
      vertex -4.70105218142271 -13.848853141069412 4
      vertex -8.125214658677578 -12.160243079066277 4
      vertex -7.3125 -12.665621533989906 4
    endloop
  endfacet
  facet normal 0 0 1
    outer loop
      vertex -4.904277451336384 -13.772364564239979 4
      vertex -7.3125 -12.665621533989906 4
      vertex -7.197733111679554 -12.726965710520744 4
    endloop
  endfacet
  facet normal 0 0 1
    outer loop
      vertex -4.70105218142271 -13.848853141069412 4
      vertex -3.7852285355329514 -14.126665212213993 4
      vertex -8.125214658677578 -12.160243079066277 4
    endloop
  endfacet
  facet normal 0 0 1
    outer loop
      vertex -8.584521420300007 -11.831108495593071 4
      vertex -3.7852285355329514 -14.126665212213993 4
      vertex -3.3196310251951218 -14.235227316617966 4
    endloop
  endfacet
  facet normal 0 0 1
    outer loop
      vertex -10.490461952984333 -10.18232399970293 4
      vertex -3.3196310251951218 -14.235227316617966 4
      vertex -0.8255975767970085 -14.597972728312016 4
    endloop
  endfacet
  facet normal 0 0 1
    outer loop
      vertex -3.084608845412731 -17.733730241656303 4
      vertex -1.5725800693035126 -17.204168185591698 4
      vertex -3.3380947709083557 -16.95032549649477 4
    endloop
  endfacet
  facet normal 0 0 1
    outer loop
      vertex -3.481815069913864 -16.292147643864155 4
      vertex -3.3380947709083557 -16.95032549649477 4
      vertex -1.5725800693035126 -17.204168185591698 4
    endloop
  endfacet
  facet normal 0 0 1
    outer loop
      vertex -3.481815069913864 -16.292147643864155 4
      vertex -1.249251313507557 -16.61314184963703 4
      vertex -3.543097533285618 -15.771764636039734 4
    endloop
  endfacet
  facet normal 0 0 1
    outer loop
      vertex -3.543097533285618 -15.771764636039734 4
      vertex -0.931280680000782 -15.77415905892849 4
      vertex -3.5505368933081627 -15.397566862404346 4
    endloop
  endfacet
  facet normal 0 0 1
    outer loop
      vertex -3.5505368933081627 -15.397566862404346 4
      vertex -0.8846041038632393 -15.554498381912708 4
      vertex -3.5334371775388718 -15.173653684556484 4
    endloop
  endfacet
  facet normal 0 0 1
    outer loop
      vertex -3.5334371775388718 -15.173653684556484 4
      vertex -0.8846041038632393 -15.554498381912708 4
      vertex -3.521245375275612 -15.099789097905159 4
    endloop
  endfacet
  facet normal 0 0 1
    outer loop
      vertex -3.521245375275612 -15.099789097905159 4
      vertex -0.8255975767970085 -14.597972728312016 4
      vertex -3.3196310251951218 -14.235227316617966 4
    endloop
  endfacet
  facet normal 0 0 1
    outer loop
      vertex -3.084608845412731 -17.733730241656303 4
      vertex -2.0365086495876312 -17.884424306452274 4
      vertex -1.5725800693035126 -17.204168185591698 4
    endloop
  endfacet
  facet normal 0 0 1
    outer loop
      vertex -3.481815069913864 -16.292147643864155 4
      vertex -1.5725800693035126 -17.204168185591698 4
      vertex -1.249251313507557 -16.61314184963703 4
    endloop
  endfacet
  facet normal 0 0 1
    outer loop
      vertex -3.543097533285618 -15.771764636039734 4
      vertex -1.249251313507557 -16.61314184963703 4
      vertex -1.0438423827290535 -16.13110327720642 4
    endloop
  endfacet
  facet normal 0 0 1
    outer loop
      vertex -3.543097533285618 -15.771764636039734 4
      vertex -1.0438423827290535 -16.13110327720642 4
      vertex -0.931280680000782 -15.77415905892849 4
    endloop
  endfacet
  facet normal 0 0 1
    outer loop
      vertex -3.5505368933081627 -15.397566862404346 4
      vertex -0.931280680000782 -15.77415905892849 4
      vertex -0.8846041038632393 -15.554498381912708 4
    endloop
  endfacet
  facet normal 0 0 1
    outer loop
      vertex -3.521245375275612 -15.099789097905159 4
      vertex -0.8846041038632393 -15.554498381912708 4
      vertex -0.8754919916391373 -15.480191007256508 4
    endloop
  endfacet
  facet normal 0 0 1
    outer loop
      vertex -3.521245375275612 -15.099789097905159 4
      vertex -0.8754919916391373 -15.480191007256508 4
      vertex -0.8255975767970085 -14.597972728312016 4
    endloop
  endfacet
  facet normal 0 0 1
    outer loop
      vertex -10.995657183229923 -9.642932549118996 4
      vertex -0.8255975767970085 -14.597972728312016 4
      vertex 0 -14.625 4
    endloop
  endfacet
  facet normal 0 0 1
    outer loop
      vertex -11.574905388057232 -8.93711655586958 4
      vertex 0 -14.625 4
      vertex 0.8255975767970085 -14.597972728312016 4
    endloop
  endfacet
  facet normal 0 0 1
    outer loop
      vertex -12.932394184172153 -6.813403464853764 4
      vertex 0.8255975767970085 -14.597972728312016 4
      vertex 3.3196310251951218 -14.235227316617966 4
    endloop
  endfacet
  facet normal 0 0 1
    outer loop
      vertex -12.932394184172153 -6.813403464853764 4
      vertex 3.3196310251951218 -14.235227316617966 4
      vertex 3.7852285355329514 -14.126665212213993 4
    endloop
  endfacet
  facet normal 0 0 1
    outer loop
      vertex -12.932394184172153 -6.813403464853764 4
      vertex 3.7852285355329514 -14.126665212213993 4
      vertex 4.70105218142271 -13.848853141069412 4
    endloop
  endfacet
  facet normal 0 0 1
    outer loop
      vertex -12.932394184172153 -6.813403464853764 4
      vertex 4.70105218142271 -13.848853141069412 4
      vertex 4.904277451336384 -13.772364564239979 4
    endloop
  endfacet
  facet normal 0 0 1
    outer loop
      vertex -12.932394184172153 -6.813403464853764 4
      vertex 4.904277451336384 -13.772364564239979 4
      vertex 7.197733111679554 -12.726965710520744 4
    endloop
  endfacet
  facet normal 0 0 1
    outer loop
      vertex -13.511738166213036 -5.596745200455189 4
      vertex -13.116763845086098 -6.468472093343735 4
      vertex 12.932394184172153 -6.813403464853764 4
    endloop
  endfacet
  facet normal 0 0 1
    outer loop
      vertex -13.511738166213036 -5.596745200455189 4
      vertex 12.932394184172153 -6.813403464853764 4
      vertex -13.61886951327324 -5.312104023993015 4
    endloop
  endfacet
  facet normal 0 0 1
    outer loop
      vertex -13.61886951327324 -5.312104023993015 4
      vertex 12.932394184172153 -6.813403464853764 4
      vertex -14.334198169410229 -2.8951681777834892 4
    endloop
  endfacet
  facet normal 0 0 1
    outer loop
      vertex -14.343984723091125 -2.853195957839489 4
      vertex -3.00735922991591 -2.6373832604002754 4
      vertex -3.1734133611649407 -2.4350457160348826 4
    endloop
  endfacet
  facet normal 0 0 1
    outer loop
      vertex -14.343984723091125 -2.853195957839489 4
      vertex -3.1734133611649407 -2.4350457160348826 4
      vertex -3.325878449210181 -2.2222809320784087 4
    endloop
  endfacet
  facet normal 0 0 1
    outer loop
      vertex -14.563792057335377 -1.2600466758012772 4
      vertex -3.695518130045147 -1.5307337294603591 4
      vertex -3.7877205179804228 -1.2857578612126463 4
    endloop
  endfacet
  facet normal 0 0 1
    outer loop
      vertex -14.563792057335377 -1.2600466758012772 4
      vertex -3.7877205179804228 -1.2857578612126463 4
      vertex -3.8637033051562732 -1.035276180410083 4
    endloop
  endfacet
  facet normal 0 0 1
    outer loop
      vertex -14.499881096184254 -1.9089455604553223 4
      vertex -3.325878449210181 -2.2222809320784087 4
      vertex -3.4641016151377544 -2 4
    endloop
  endfacet
  facet normal 0 0 1
    outer loop
      vertex -14.499881096184254 -1.9089455604553223 4
      vertex -3.4641016151377544 -2 4
      vertex -3.587490966130753 -1.7691547608760052 4
    endloop
  endfacet
  facet normal 0 0 1
    outer loop
      vertex -14.563792057335377 -1.2600466758012772 4
      vertex -3.587490966130753 -1.7691547608760052 4
      vertex -3.695518130045147 -1.5307337294603591 4
    endloop
  endfacet
  facet normal 0 0 1
    outer loop
      vertex -14.563792057335377 -1.2600466758012772 4
      vertex -3.8637033051562732 -1.035276180410083 4
      vertex -3.9231411216129217 -0.780361288064513 4
    endloop
  endfacet
  facet normal 0 0 1
    outer loop
      vertex -14.563792057335377 -1.2600466758012772 4
      vertex -3.9231411216129217 -0.780361288064513 4
      vertex -3.9657794454952415 -0.5221047688802063 4
    endloop
  endfacet
  facet normal 0 0 1
    outer loop
      vertex -14.563792057335377 -1.2600466758012772 4
      vertex -3.9657794454952415 -0.5221047688802063 4
      vertex -3.991435692954414 -0.26161251692057225 4
    endloop
  endfacet
  facet normal 0 0 1
    outer loop
      vertex -14.563792057335377 -1.2600466758012772 4
      vertex -3.991435692954414 -0.26161251692057225 4
      vertex -4 0 4
    endloop
  endfacet
  facet normal 0 0 1
    outer loop
      vertex -14.334198169410229 -2.8951681777834892 4
      vertex -1.5307337294603591 -3.695518130045147 4
      vertex -1.7691547608760052 -3.587490966130753 4
    endloop
  endfacet
  facet normal 0 0 1
    outer loop
      vertex -14.334198169410229 -2.8951681777834892 4
      vertex -1.2857578612126463 -3.7877205179804228 4
      vertex -1.5307337294603591 -3.695518130045147 4
    endloop
  endfacet
  facet normal 0 0 1
    outer loop
      vertex -14.334198169410229 -2.8951681777834892 4
      vertex -2.4350457160348826 -3.1734133611649407 4
      vertex -2.6373832604002754 -3.00735922991591 4
    endloop
  endfacet
  facet normal 0 0 1
    outer loop
      vertex -14.334198169410229 -2.8951681777834892 4
      vertex -2.6373832604002754 -3.00735922991591 4
      vertex -2.8284271247461903 -2.8284271247461903 4
    endloop
  endfacet
  facet normal 0 0 1
    outer loop
      vertex -14.334198169410229 -2.8951681777834892 4
      vertex -2.2222809320784087 -3.325878449210181 4
      vertex -2.4350457160348826 -3.1734133611649407 4
    endloop
  endfacet
  facet normal 0 0 1
    outer loop
      vertex -14.334198169410229 -2.8951681777834892 4
      vertex -2 -3.4641016151377544 4
      vertex -2.2222809320784087 -3.325878449210181 4
    endloop
  endfacet
  facet normal 0 0 1
    outer loop
      vertex -14.343984723091125 -2.853195957839489 4
      vertex -2.8284271247461903 -2.8284271247461903 4
      vertex -3.00735922991591 -2.6373832604002754 4
    endloop
  endfacet
  facet normal 0 0 1
    outer loop
      vertex -14.334198169410229 -2.8951681777834892 4
      vertex -1.7691547608760052 -3.587490966130753 4
      vertex -2 -3.4641016151377544 4
    endloop
  endfacet
  facet normal 0 0 1
    outer loop
      vertex -14.334198169410229 -2.8951681777834892 4
      vertex -1.035276180410083 -3.8637033051562732 4
      vertex -1.2857578612126463 -3.7877205179804228 4
    endloop
  endfacet
  facet normal 0 0 1
    outer loop
      vertex -14.334198169410229 -2.8951681777834892 4
      vertex -0.780361288064513 -3.9231411216129217 4
      vertex -1.035276180410083 -3.8637033051562732 4
    endloop
  endfacet
  facet normal 0 0 1
    outer loop
      vertex -14.334198169410229 -2.8951681777834892 4
      vertex -0.5221047688802063 -3.9657794454952415 4
      vertex -0.780361288064513 -3.9231411216129217 4
    endloop
  endfacet
  facet normal 0 0 1
    outer loop
      vertex -14.334198169410229 -2.8951681777834892 4
      vertex -0.26161251692057225 -3.991435692954414 4
      vertex -0.5221047688802063 -3.9657794454952415 4
    endloop
  endfacet
  facet normal 0 0 1
    outer loop
      vertex -12.932394184172153 -6.813403464853764 4
      vertex 12.932394184172153 -6.813403464853764 4
      vertex -13.116763845086098 -6.468472093343735 4
    endloop
  endfacet
  facet normal 0 0 1
    outer loop
      vertex -14.334198169410229 -2.8951681777834892 4
      vertex 13.61886951327324 -5.312104023993015 4
      vertex -0.26161251692057225 -3.991435692954414 4
    endloop
  endfacet
  facet normal 0 0 -1
    outer loop
      vertex -17.992212049663067 -0.5294390246272087 0
      vertex -17.992212049663067 0.5294390246272087 0
      vertex -17.2528560385108 0.891834944486618 0
    endloop
  endfacet
  facet normal 0 0 -1
    outer loop
      vertex -17.2528560385108 -0.891834944486618 0
      vertex -17.2528560385108 0.891834944486618 0
      vertex -16.62183102220297 1.1277608573436737 0
    endloop
  endfacet
  facet normal 0 0 -1
    outer loop
      vertex -16.62183102220297 -1.1277608573436737 0
      vertex -16.62183102220297 1.1277608573436737 0
      vertex -16.11546616256237 1.2624777778983116 0
    endloop
  endfacet
  facet normal 0 0 -1
    outer loop
      vertex -16.11546616256237 -1.2624777778983116 0
      vertex -16.11546616256237 1.2624777778983116 0
      vertex -15.746135920286179 1.3230953067541122 0
    endloop
  endfacet
  facet normal 0 0 -1
    outer loop
      vertex -16.805253081023693 4.004981882870197 0
      vertex -15.630803123116493 5.764989569783211 0
      vertex -16.266257025301456 3.600832335650921 0
    endloop
  endfacet
  facet normal 0 0 -1
    outer loop
      vertex -15.818357639014721 3.328912928700447 0
      vertex -16.266257025301456 3.600832335650921 0
      vertex -15.630803123116493 5.764989569783211 0
    endloop
  endfacet
  facet normal 0 0 -1
    outer loop
      vertex -15.746135920286179 -1.3230953067541122 0
      vertex -15.746135920286179 1.3230953067541122 0
      vertex -15.522068306803703 1.3380358144640923 0
    endloop
  endfacet
  facet normal 0 0 -1
    outer loop
      vertex -15.522068306803703 -1.3380358144640923 0
      vertex -15.522068306803703 1.3380358144640923 0
      vertex -15.447220481932163 1.3364801332354546 0
    endloop
  endfacet
  facet normal 0 0 -1
    outer loop
      vertex -15.447220481932163 -1.3364801332354546 0
      vertex -15.447220481932163 1.3364801332354546 0
      vertex -14.563792057335377 1.2600466758012772 0
    endloop
  endfacet
  facet normal 0 0 -1
    outer loop
      vertex -15.818357639014721 3.328912928700447 0
      vertex -15.106995455920696 5.751590043306351 0
      vertex -15.481065802276134 3.1666984856128693 0
    endloop
  endfacet
  facet normal 0 0 -1
    outer loop
      vertex -15.198029480874538 3.069641627371311 0
      vertex -14.444969549775124 5.634328216314316 0
      vertex -14.334198169410229 2.8951681777834892 0
    endloop
  endfacet
  facet normal 0 0 -1
    outer loop
      vertex -15.481065802276134 3.1666984856128693 0
      vertex -14.516347222030163 5.656907953321934 0
      vertex -15.270283728837967 3.0892360284924507 0
    endloop
  endfacet
  facet normal 0 0 -1
    outer loop
      vertex -15.198029480874538 3.069641627371311 0
      vertex -15.270283728837967 3.0892360284924507 0
      vertex -14.444969549775124 5.634328216314316 0
    endloop
  endfacet
  facet normal -1 0 0
    outer loop
      vertex -17.992212049663067 -0.5294390246272087 0
      vertex -17.992212049663067 0.5294390246272087 4
      vertex -17.992212049663067 0.5294390246272087 0
    endloop
  endfacet
  facet normal -0.44012441634828303 0.8979368007460677 0
    outer loop
      vertex -17.992212049663067 0.5294390246272087 0
      vertex -17.2528560385108 0.891834944486618 4
      vertex -17.2528560385108 0.891834944486618 0
    endloop
  endfacet
  facet normal -0.35020129536970507 0.9366744646468059 0
    outer loop
      vertex -17.2528560385108 0.891834944486618 0
      vertex -16.62183102220297 1.1277608573436737 4
      vertex -16.62183102220297 1.1277608573436737 0
    endloop
  endfacet
  facet normal -0.2571036508173541 0.9663838330272232 0
    outer loop
      vertex -16.62183102220297 1.1277608573436737 0
      vertex -16.11546616256237 1.2624777778983116 4
      vertex -16.11546616256237 1.2624777778983116 0
    endloop
  endfacet
  facet normal -0.1619612898558402 0.9867971121705983 0
    outer loop
      vertex -16.11546616256237 1.2624777778983116 0
      vertex -15.746135920286179 1.3230953067541122 4
      vertex -15.746135920286179 1.3230953067541122 0
    endloop
  endfacet
  facet normal -0.6752743127677585 -0.7375666766577998 0
    outer loop
      vertex -16.805253081023693 4.004981882870197 0
      vertex -17.412561252713203 4.560998879373074 4
      vertex -17.412561252713203 4.560998879373074 0
    endloop
  endfacet
  facet normal -0.5999073764605117 -0.8000694592772967 0
    outer loop
      vertex -16.805253081023693 4.004981882870197 0
      vertex -16.266257025301456 3.600832335650921 0
      vertex -16.805253081023693 4.004981882870197 4
    endloop
  endfacet
  facet normal -0.5189509336572007 -0.8548040292700542 0
    outer loop
      vertex -15.818357639014721 3.328912928700447 0
      vertex -16.266257025301456 3.600832335650921 4
      vertex -16.266257025301456 3.600832335650921 0
    endloop
  endfacet
  facet normal -0.06653083341726654 0.9977843695933526 0
    outer loop
      vertex -15.746135920286179 1.3230953067541122 0
      vertex -15.522068306803703 1.3380358144640923 4
      vertex -15.522068306803703 1.3380358144640923 0
    endloop
  endfacet
  facet normal 0.020780100339388864 0.9997840704021469 0
    outer loop
      vertex -15.522068306803703 1.3380358144640923 0
      vertex -15.447220481932163 1.3364801332354546 4
      vertex -15.447220481932163 1.3364801332354546 0
    endloop
  endfacet
  facet normal 0.08619711323024028 0.9962781025751661 0
    outer loop
      vertex -15.447220481932163 1.3364801332354546 0
      vertex -14.563792057335377 1.2600466758012772 4
      vertex -14.563792057335377 1.2600466758012772 0
    endloop
  endfacet
  facet normal -0.9951847267672458 0.0980171393645128 0
    outer loop
      vertex -14.563792057335377 1.2600466758012772 0
      vertex -14.499881096184254 1.9089455604553223 4
      vertex -14.499881096184254 1.9089455604553223 0
    endloop
  endfacet
  facet normal -0.433413590187108 -0.9011951286159515 0
    outer loop
      vertex -15.818357639014721 3.328912928700447 0
      vertex -15.481065802276134 3.1666984856128693 0
      vertex -15.818357639014721 3.328912928700447 4
    endloop
  endfacet
  facet normal -0.3449442215759826 -0.9386231853099194 0
    outer loop
      vertex -15.481065802276134 3.1666984856128693 0
      vertex -15.270283728837967 3.0892360284924507 0
      vertex -15.481065802276134 3.1666984856128693 4
    endloop
  endfacet
  facet normal -0.26173332848832503 -0.9651402306185471 0
    outer loop
      vertex -15.198029480874538 3.069641627371311 0
      vertex -15.270283728837967 3.0892360284924507 4
      vertex -15.270283728837967 3.0892360284924507 0
    endloop
  endfacet
  facet normal -0.19797845341503828 -0.9802063721397599 0
    outer loop
      vertex -15.198029480874538 3.069641627371311 0
      vertex -14.334198169410229 2.8951681777834892 0
      vertex -15.198029480874538 3.069641627371311 4
    endloop
  endfacet
  facet normal -0.986643331825544 0.16289547496535822 0
    outer loop
      vertex -14.499881096184254 1.9089455604553223 0
      vertex -14.343984723091125 2.853195957839489 4
      vertex -14.343984723091125 2.853195957839489 0
    endloop
  endfacet
  facet normal -0.9738769556722126 0.22707636427119277 0
    outer loop
      vertex -14.343984723091125 2.853195957839489 0
      vertex -14.334198169410229 2.8951681777834892 4
      vertex -14.334198169410229 2.8951681777834892 0
    endloop
  endfacet
  facet normal 0 0 -1
    outer loop
      vertex -16.805253081023693 4.004981882870197 0
      vertex -17.412561252713203 4.560998879373074 0
      vertex -17.11424083262682 5.57698492705822 0
    endloop
  endfacet
  facet normal 0 0 -1
    outer loop
      vertex -16.805253081023693 4.004981882870197 0
      vertex -17.11424083262682 5.57698492705822 0
      vertex -16.302735202014446 5.716400608420372 0
    endloop
  endfacet
  facet normal 0 0 -1
    outer loop
      vertex -16.805253081023693 4.004981882870197 0
      vertex -16.302735202014446 5.716400608420372 0
      vertex -15.630803123116493 5.764989569783211 0
    endloop
  endfacet
  facet normal 0 0 -1
    outer loop
      vertex -15.818357639014721 3.328912928700447 0
      vertex -15.630803123116493 5.764989569783211 0
      vertex -15.106995455920696 5.751590043306351 0
    endloop
  endfacet
  facet normal 0 0 -1
    outer loop
      vertex -15.481065802276134 3.1666984856128693 0
      vertex -15.106995455920696 5.751590043306351 0
      vertex -14.735547751188278 5.705699786543846 0
    endloop
  endfacet
  facet normal 0 0 -1
    outer loop
      vertex -15.481065802276134 3.1666984856128693 0
      vertex -14.735547751188278 5.705699786543846 0
      vertex -14.516347222030163 5.656907953321934 0
    endloop
  endfacet
  facet normal 0 0 -1
    outer loop
      vertex -15.270283728837967 3.0892360284924507 0
      vertex -14.516347222030163 5.656907953321934 0
      vertex -14.444969549775124 5.634328216314316 0
    endloop
  endfacet
  facet normal 0 0 -1
    outer loop
      vertex -14.334198169410229 2.8951681777834892 0
      vertex -14.444969549775124 5.634328216314316 0
      vertex -13.61886951327324 5.312104023993015 0
    endloop
  endfacet
  facet normal 0 0 -1
    outer loop
      vertex -14.996188469231129 8.5773388966918 0
      vertex -14.03186371922493 10.077857486903667 0
      vertex -14.592887617647648 8.037707507610321 0
    endloop
  endfacet
  facet normal 0 0 -1
    outer loop
      vertex -14.23973985761404 7.650614909827709 0
      vertex -14.592887617647648 8.037707507610321 0
      vertex -13.37346051633358 9.935173116624355 0
    endloop
  endfacet
  facet normal 0 0 -1
    outer loop
      vertex -14.23973985761404 7.650614909827709 0
      vertex -12.531173139810562 9.626062393188477 0
      vertex -13.961811803281307 7.399945192039013 0
    endloop
  endfacet
  facet normal -0.9594929736067667 0.28173255686775805 0
    outer loop
      vertex -17.412561252713203 4.560998879373074 0
      vertex -17.11424083262682 5.57698492705822 4
      vertex -17.11424083262682 5.57698492705822 0
    endloop
  endfacet
  facet normal -0.16931825586467308 0.9855614279338174 0
    outer loop
      vertex -17.11424083262682 5.57698492705822 0
      vertex -16.302735202014446 5.716400608420372 4
      vertex -16.302735202014446 5.716400608420372 0
    endloop
  endfacet
  facet normal -0.07212398602845144 0.9973956740628905 0
    outer loop
      vertex -16.302735202014446 5.716400608420372 0
      vertex -15.630803123116493 5.764989569783211 4
      vertex -15.630803123116493 5.764989569783211 0
    endloop
  endfacet
  facet normal 0.025572639010337943 0.9996729665915984 0
    outer loop
      vertex -15.630803123116493 5.764989569783211 0
      vertex -15.106995455920696 5.751590043306351 4
      vertex -15.106995455920696 5.751590043306351 0
    endloop
  endfacet
  facet normal 0.12261214384710835 0.9924546650508607 0
    outer loop
      vertex -15.106995455920696 5.751590043306351 0
      vertex -14.735547751188278 5.705699786543846 4
      vertex -14.735547751188278 5.705699786543846 0
    endloop
  endfacet
  facet normal 0.36338949945662746 0.9316373069412055 0
    outer loop
      vertex -13.61886951327324 5.312104023993015 0
      vertex -14.444969549775124 5.634328216314316 0
      vertex -13.61886951327324 5.312104023993015 4
    endloop
  endfacet
  facet normal -0.9359059330047038 0.35225003132234783 0
    outer loop
      vertex -13.61886951327324 5.312104023993015 0
      vertex -13.511738166213036 5.596745200455189 4
      vertex -13.511738166213036 5.596745200455189 0
    endloop
  endfacet
  facet normal 0.2172724893823941 0.9761109902862366 0
    outer loop
      vertex -14.735547751188278 5.705699786543846 0
      vertex -14.516347222030163 5.656907953321934 4
      vertex -14.516347222030163 5.656907953321934 0
    endloop
  endfacet
  facet normal 0.3016101301940577 0.9534313448614554 0
    outer loop
      vertex -14.516347222030163 5.656907953321934 0
      vertex -14.444969549775124 5.634328216314316 4
      vertex -14.444969549775124 5.634328216314316 0
    endloop
  endfacet
  facet normal -0.8010125215344165 -0.5986475927831633 0
    outer loop
      vertex -14.996188469231129 8.5773388966918 0
      vertex -14.592887617647648 8.037707507610321 0
      vertex -14.996188469231129 8.5773388966918 4
    endloop
  endfacet
  facet normal -0.6697533181763103 -0.7425836604664972 0
    outer loop
      vertex -14.23973985761404 7.650614909827709 0
      vertex -13.961811803281307 7.399945192039013 0
      vertex -14.23973985761404 7.650614909827709 4
    endloop
  endfacet
  facet normal -0.5230427709774058 -0.8523064353436954 0
    outer loop
      vertex -13.717584513127804 7.227079272270203 0
      vertex -13.781391575932503 7.266236342489719 4
      vertex -13.781391575932503 7.266236342489719 0
    endloop
  endfacet
  facet normal -0.5954122380939922 -0.8034203549375029 0
    outer loop
      vertex -13.961811803281307 7.399945192039013 0
      vertex -13.781391575932503 7.266236342489719 0
      vertex -13.961811803281307 7.399945192039013 4
    endloop
  endfacet
  facet normal -0.7387559016375989 -0.6739730838806685 0
    outer loop
      vertex -14.23973985761404 7.650614909827709 0
      vertex -14.592887617647648 8.037707507610321 4
      vertex -14.592887617647648 8.037707507610321 0
    endloop
  endfacet
  facet normal 0 0 -1
    outer loop
      vertex -14.563792057335377 1.2600466758012772 0
      vertex -14.499881096184254 1.9089455604553223 0
      vertex -1.5692564486451688 -0.3121445152258052 0
    endloop
  endfacet
  facet normal 0 0 -1
    outer loop
      vertex -14.499881096184254 1.9089455604553223 0
      vertex -14.343984723091125 2.853195957839489 0
      vertex -1.5863117781980967 0.20884190755208254 0
    endloop
  endfacet
  facet normal 0 0 -1
    outer loop
      vertex -14.343984723091125 2.853195957839489 0
      vertex -14.334198169410229 2.8951681777834892 0
      vertex -1.5863117781980967 0.20884190755208254 0
    endloop
  endfacet
  facet normal 0 0 -1
    outer loop
      vertex -13.717584513127804 7.227079272270203 0
      vertex -11.574905388057232 8.93711655586958 0
      vertex -12.932394184172153 6.813403464853764 0
    endloop
  endfacet
  facet normal 0 0 -1
    outer loop
      vertex -13.961811803281307 7.399945192039013 0
      vertex -12.531173139810562 9.626062393188477 0
      vertex -13.781391575932503 7.266236342489719 0
    endloop
  endfacet
  facet normal 0 0 -1
    outer loop
      vertex -13.717584513127804 7.227079272270203 0
      vertex -13.781391575932503 7.266236342489719 0
      vertex -12.272473089396954 9.475716538727283 0
    endloop
  endfacet
  facet normal 0 0 -1
    outer loop
      vertex -13.781391575932503 7.266236342489719 0
      vertex -12.334598019719124 9.517491057515144 0
      vertex -12.272473089396954 9.475716538727283 0
    endloop
  endfacet
  facet normal 0 0 -1
    outer loop
      vertex -13.781391575932503 7.266236342489719 0
      vertex -12.531173139810562 9.626062393188477 0
      vertex -12.334598019719124 9.517491057515144 0
    endloop
  endfacet
  facet normal 0 0 -1
    outer loop
      vertex -13.717584513127804 7.227079272270203 0
      vertex -12.272473089396954 9.475716538727283 0
      vertex -11.574905388057232 8.93711655586958 0
    endloop
  endfacet
  facet normal -0.9108638231433276 0.4127070337281895 0
    outer loop
      vertex -13.511738166213036 5.596745200455189 0
      vertex -13.116763845086098 6.468472093343735 4
      vertex -13.116763845086098 6.468472093343735 0
    endloop
  endfacet
  facet normal -0.8819212625380908 0.4713967402127638 0
    outer loop
      vertex -13.116763845086098 6.468472093343735 0
      vertex -12.932394184172153 6.813403464853764 4
      vertex -12.932394184172153 6.813403464853764 0
    endloop
  endfacet
  facet normal -0.46611498349831193 -0.884724150319391 0
    outer loop
      vertex -13.717584513127804 7.227079272270203 0
      vertex -12.932394184172153 6.813403464853764 0
      vertex -13.717584513127804 7.227079272270203 4
    endloop
  endfacet
  facet normal -0.44012441634828303 0.8979368007460677 0
    outer loop
      vertex -17.992212049663067 0.5294390246272087 0
      vertex -17.992212049663067 0.5294390246272087 4
      vertex -17.2528560385108 0.891834944486618 4
    endloop
  endfacet
  facet normal -0.35020129536970507 0.9366744646468059 0
    outer loop
      vertex -17.2528560385108 0.891834944486618 0
      vertex -17.2528560385108 0.891834944486618 4
      vertex -16.62183102220297 1.1277608573436737 4
    endloop
  endfacet
  facet normal -0.2571036508173541 0.9663838330272232 0
    outer loop
      vertex -16.62183102220297 1.1277608573436737 0
      vertex -16.62183102220297 1.1277608573436737 4
      vertex -16.11546616256237 1.2624777778983116 4
    endloop
  endfacet
  facet normal -0.1619612898558402 0.9867971121705983 0
    outer loop
      vertex -16.11546616256237 1.2624777778983116 0
      vertex -16.11546616256237 1.2624777778983116 4
      vertex -15.746135920286179 1.3230953067541122 4
    endloop
  endfacet
  facet normal -0.6752743127677585 -0.7375666766577998 0
    outer loop
      vertex -16.805253081023693 4.004981882870197 0
      vertex -16.805253081023693 4.004981882870197 4
      vertex -17.412561252713203 4.560998879373074 4
    endloop
  endfacet
  facet normal -0.5999073764605117 -0.8000694592772967 0
    outer loop
      vertex -16.266257025301456 3.600832335650921 0
      vertex -16.266257025301456 3.600832335650921 4
      vertex -16.805253081023693 4.004981882870197 4
    endloop
  endfacet
  facet normal -0.5189509336572007 -0.8548040292700542 0
    outer loop
      vertex -15.818357639014721 3.328912928700447 0
      vertex -15.818357639014721 3.328912928700447 4
      vertex -16.266257025301456 3.600832335650921 4
    endloop
  endfacet
  facet normal -0.06653083341726654 0.9977843695933526 0
    outer loop
      vertex -15.746135920286179 1.3230953067541122 0
      vertex -15.746135920286179 1.3230953067541122 4
      vertex -15.522068306803703 1.3380358144640923 4
    endloop
  endfacet
  facet normal 0.020780100339388864 0.9997840704021469 0
    outer loop
      vertex -15.522068306803703 1.3380358144640923 0
      vertex -15.522068306803703 1.3380358144640923 4
      vertex -15.447220481932163 1.3364801332354546 4
    endloop
  endfacet
  facet normal 0.08619711323024028 0.9962781025751661 0
    outer loop
      vertex -15.447220481932163 1.3364801332354546 0
      vertex -15.447220481932163 1.3364801332354546 4
      vertex -14.563792057335377 1.2600466758012772 4
    endloop
  endfacet
  facet normal -0.9951847267672458 0.0980171393645128 0
    outer loop
      vertex -14.563792057335377 1.2600466758012772 0
      vertex -14.563792057335377 1.2600466758012772 4
      vertex -14.499881096184254 1.9089455604553223 4
    endloop
  endfacet
  facet normal -0.986643331825544 0.16289547496535822 0
    outer loop
      vertex -14.499881096184254 1.9089455604553223 0
      vertex -14.499881096184254 1.9089455604553223 4
      vertex -14.343984723091125 2.853195957839489 4
    endloop
  endfacet
  facet normal -0.433413590187108 -0.9011951286159515 0
    outer loop
      vertex -15.481065802276134 3.1666984856128693 0
      vertex -15.481065802276134 3.1666984856128693 4
      vertex -15.818357639014721 3.328912928700447 4
    endloop
  endfacet
  facet normal -0.3449442215759826 -0.9386231853099194 0
    outer loop
      vertex -15.270283728837967 3.0892360284924507 0
      vertex -15.270283728837967 3.0892360284924507 4
      vertex -15.481065802276134 3.1666984856128693 4
    endloop
  endfacet
  facet normal -0.26173332848832503 -0.9651402306185471 0
    outer loop
      vertex -15.198029480874538 3.069641627371311 0
      vertex -15.198029480874538 3.069641627371311 4
      vertex -15.270283728837967 3.0892360284924507 4
    endloop
  endfacet
  facet normal -0.19797845341503828 -0.9802063721397599 0
    outer loop
      vertex -14.334198169410229 2.8951681777834892 0
      vertex -14.334198169410229 2.8951681777834892 4
      vertex -15.198029480874538 3.069641627371311 4
    endloop
  endfacet
  facet normal -0.9738769556722126 0.22707636427119277 0
    outer loop
      vertex -14.343984723091125 2.853195957839489 0
      vertex -14.343984723091125 2.853195957839489 4
      vertex -14.334198169410229 2.8951681777834892 4
    endloop
  endfacet
  facet normal -0.9594929736067667 0.28173255686775805 0
    outer loop
      vertex -17.412561252713203 4.560998879373074 0
      vertex -17.412561252713203 4.560998879373074 4
      vertex -17.11424083262682 5.57698492705822 4
    endloop
  endfacet
  facet normal -0.16931825586467308 0.9855614279338174 0
    outer loop
      vertex -17.11424083262682 5.57698492705822 0
      vertex -17.11424083262682 5.57698492705822 4
      vertex -16.302735202014446 5.716400608420372 4
    endloop
  endfacet
  facet normal -0.07212398602845144 0.9973956740628905 0
    outer loop
      vertex -16.302735202014446 5.716400608420372 0
      vertex -16.302735202014446 5.716400608420372 4
      vertex -15.630803123116493 5.764989569783211 4
    endloop
  endfacet
  facet normal 0.025572639010337943 0.9996729665915984 0
    outer loop
      vertex -15.630803123116493 5.764989569783211 0
      vertex -15.630803123116493 5.764989569783211 4
      vertex -15.106995455920696 5.751590043306351 4
    endloop
  endfacet
  facet normal 0.12261214384710835 0.9924546650508607 0
    outer loop
      vertex -15.106995455920696 5.751590043306351 0
      vertex -15.106995455920696 5.751590043306351 4
      vertex -14.735547751188278 5.705699786543846 4
    endloop
  endfacet
  facet normal 0.2172724893823941 0.9761109902862366 0
    outer loop
      vertex -14.735547751188278 5.705699786543846 0
      vertex -14.735547751188278 5.705699786543846 4
      vertex -14.516347222030163 5.656907953321934 4
    endloop
  endfacet
  facet normal 0.36338949945662746 0.9316373069412055 0
    outer loop
      vertex -14.444969549775124 5.634328216314316 0
      vertex -14.444969549775124 5.634328216314316 4
      vertex -13.61886951327324 5.312104023993015 4
    endloop
  endfacet
  facet normal -0.9359059330047038 0.35225003132234783 0
    outer loop
      vertex -13.61886951327324 5.312104023993015 0
      vertex -13.61886951327324 5.312104023993015 4
      vertex -13.511738166213036 5.596745200455189 4
    endloop
  endfacet
  facet normal 0.3016101301940577 0.9534313448614554 0
    outer loop
      vertex -14.516347222030163 5.656907953321934 0
      vertex -14.516347222030163 5.656907953321934 4
      vertex -14.444969549775124 5.634328216314316 4
    endloop
  endfacet
  facet normal -0.8010125215344165 -0.5986475927831633 0
    outer loop
      vertex -14.592887617647648 8.037707507610321 0
      vertex -14.592887617647648 8.037707507610321 4
      vertex -14.996188469231129 8.5773388966918 4
    endloop
  endfacet
  facet normal -0.8557175068177231 -0.5174432804913598 0
    outer loop
      vertex -14.996188469231129 8.5773388966918 0
      vertex -14.996188469231129 8.5773388966918 4
      vertex -15.422248296439648 9.281931780278683 4
    endloop
  endfacet
  facet normal -0.7387559016375989 -0.6739730838806685 0
    outer loop
      vertex -14.23973985761404 7.650614909827709 0
      vertex -14.23973985761404 7.650614909827709 4
      vertex -14.592887617647648 8.037707507610321 4
    endloop
  endfacet
  facet normal -0.5230427709774058 -0.8523064353436954 0
    outer loop
      vertex -13.717584513127804 7.227079272270203 0
      vertex -13.717584513127804 7.227079272270203 4
      vertex -13.781391575932503 7.266236342489719 4
    endloop
  endfacet
  facet normal -0.6697533181763103 -0.7425836604664972 0
    outer loop
      vertex -13.961811803281307 7.399945192039013 0
      vertex -13.961811803281307 7.399945192039013 4
      vertex -14.23973985761404 7.650614909827709 4
    endloop
  endfacet
  facet normal -0.5954122380939922 -0.8034203549375029 0
    outer loop
      vertex -13.781391575932503 7.266236342489719 0
      vertex -13.781391575932503 7.266236342489719 4
      vertex -13.961811803281307 7.399945192039013 4
    endloop
  endfacet
  facet normal -0.9108638231433276 0.4127070337281895 0
    outer loop
      vertex -13.511738166213036 5.596745200455189 0
      vertex -13.511738166213036 5.596745200455189 4
      vertex -13.116763845086098 6.468472093343735 4
    endloop
  endfacet
  facet normal -0.8819212625380908 0.4713967402127638 0
    outer loop
      vertex -13.116763845086098 6.468472093343735 0
      vertex -13.116763845086098 6.468472093343735 4
      vertex -12.932394184172153 6.813403464853764 4
    endloop
  endfacet
  facet normal -0.46611498349831193 -0.884724150319391 0
    outer loop
      vertex -12.932394184172153 6.813403464853764 0
      vertex -12.932394184172153 6.813403464853764 4
      vertex -13.717584513127804 7.227079272270203 4
    endloop
  endfacet
  facet normal 0 0 -1
    outer loop
      vertex -14.996188469231129 8.5773388966918 0
      vertex -15.422248296439648 9.281931780278683 0
      vertex -14.03186371922493 10.077857486903667 0
    endloop
  endfacet
  facet normal 0 0 -1
    outer loop
      vertex -15.422248296439648 9.281931780278683 0
      vertex -14.849775604903698 10.172716677188873 0
      vertex -14.03186371922493 10.077857486903667 0
    endloop
  endfacet
  facet normal 0 0 -1
    outer loop
      vertex -14.592887617647648 8.037707507610321 0
      vertex -14.03186371922493 10.077857486903667 0
      vertex -13.37346051633358 9.935173116624355 0
    endloop
  endfacet
  facet normal 0 0 -1
    outer loop
      vertex -14.23973985761404 7.650614909827709 0
      vertex -13.37346051633358 9.935173116624355 0
      vertex -12.874645821750164 9.77474269270897 0
    endloop
  endfacet
  facet normal -0.8557175068177231 -0.5174432804913598 0
    outer loop
      vertex -14.996188469231129 8.5773388966918 0
      vertex -15.422248296439648 9.281931780278683 4
      vertex -15.422248296439648 9.281931780278683 0
    endloop
  endfacet
  facet normal -0.8412535331572537 0.5406408169482189 0
    outer loop
      vertex -15.422248296439648 9.281931780278683 0
      vertex -14.849775604903698 10.172716677188873 4
      vertex -14.849775604903698 10.172716677188873 0
    endloop
  endfacet
  facet normal 0.2117963674327343 0.9773138179429872 0
    outer loop
      vertex -14.03186371922493 10.077857486903667 0
      vertex -13.37346051633358 9.935173116624355 4
      vertex -13.37346051633358 9.935173116624355 0
    endloop
  endfacet
  facet normal 0.11520506530325174 0.9933417301857773 0
    outer loop
      vertex -14.849775604903698 10.172716677188873 0
      vertex -14.03186371922493 10.077857486903667 4
      vertex -14.03186371922493 10.077857486903667 0
    endloop
  endfacet
  facet normal 0 0 -1
    outer loop
      vertex -14.23973985761404 7.650614909827709 0
      vertex -12.874645821750164 9.77474269270897 0
      vertex -12.531173139810562 9.626062393188477 0
    endloop
  endfacet
  facet normal 0 0 -1
    outer loop
      vertex -11.972221851348877 12.454810924828053 0
      vertex -12.182516507804394 13.250897772610188 0
      vertex -11.382269874215126 13.944315426051617 0
    endloop
  endfacet
  facet normal 0 0 -1
    outer loop
      vertex -11.737289249897003 11.823415420949459 0
      vertex -11.972221851348877 12.454810924828053 0
      vertex -10.624214090406895 13.622866295278072 0
    endloop
  endfacet
  facet normal 0 0 -1
    outer loop
      vertex -11.972221851348877 12.454810924828053 0
      vertex -11.382269874215126 13.944315426051617 0
      vertex -10.624214090406895 13.622866295278072 0
    endloop
  endfacet
  facet normal 0 0 -1
    outer loop
      vertex -11.125822432339191 10.799021944403648 0
      vertex -9.10573384910822 12.549438662827015 0
      vertex -10.490461952984333 10.18232399970293 0
    endloop
  endfacet
  facet normal 0 0 -1
    outer loop
      vertex -11.311454840004444 11.033692352473736 0
      vertex -11.507503040134907 11.352509565651417 0
      vertex -9.311597414314747 12.766578681766987 0
    endloop
  endfacet
  facet normal 0 0 -1
    outer loop
      vertex -11.507503040134907 11.352509565651417 0
      vertex -11.737289249897003 11.823415420949459 0
      vertex -10.032679677009583 13.300468020141125 0
    endloop
  endfacet
  facet normal 0 0 -1
    outer loop
      vertex -11.17601303756237 10.854569397866726 0
      vertex -9.10573384910822 12.549438662827015 0
      vertex -11.125822432339191 10.799021944403648 0
    endloop
  endfacet
  facet normal 0 0 -1
    outer loop
      vertex -11.311454840004444 11.033692352473736 0
      vertex -9.311597414314747 12.766578681766987 0
      vertex -11.17601303756237 10.854569397866726 0
    endloop
  endfacet
  facet normal 0 0 -1
    outer loop
      vertex -11.737289249897003 11.823415420949459 0
      vertex -10.624214090406895 13.622866295278072 0
      vertex -10.032679677009583 13.300468020141125 0
    endloop
  endfacet
  facet normal 0 0 -1
    outer loop
      vertex -11.507503040134907 11.352509565651417 0
      vertex -10.032679677009583 13.300468020141125 0
      vertex -9.599268957972527 13.006003819406033 0
    endloop
  endfacet
  facet normal 0 0 -1
    outer loop
      vertex -11.507503040134907 11.352509565651417 0
      vertex -9.599268957972527 13.006003819406033 0
      vertex -9.311597414314747 12.766578681766987 0
    endloop
  endfacet
  facet normal 0 0 -1
    outer loop
      vertex -11.17601303756237 10.854569397866726 0
      vertex -9.311597414314747 12.766578681766987 0
      vertex -9.153573043644428 12.607023634016514 0
    endloop
  endfacet
  facet normal 0 0 -1
    outer loop
      vertex -11.17601303756237 10.854569397866726 0
      vertex -9.153573043644428 12.607023634016514 0
      vertex -9.10573384910822 12.549438662827015 0
    endloop
  endfacet
  facet normal 0 0 -1
    outer loop
      vertex -10.490461952984333 10.18232399970293 0
      vertex -9.10573384910822 12.549438662827015 0
      vertex -8.584521420300007 11.831108495593071 0
    endloop
  endfacet
  facet normal 0.30617718597905175 0.9519745431396519 0
    outer loop
      vertex -13.37346051633358 9.935173116624355 0
      vertex -12.874645821750164 9.77474269270897 4
      vertex -12.874645821750164 9.77474269270897 0
    endloop
  endfacet
  facet normal 0.39725230252191185 0.917709435573722 0
    outer loop
      vertex -12.874645821750164 9.77474269270897 0
      vertex -12.531173139810562 9.626062393188477 4
      vertex -12.531173139810562 9.626062393188477 0
    endloop
  endfacet
  facet normal 0.48347363349509836 0.8753589239363744 0
    outer loop
      vertex -12.531173139810562 9.626062393188477 0
      vertex -12.334598019719124 9.517491057515144 4
      vertex -12.334598019719124 9.517491057515144 0
    endloop
  endfacet
  facet normal 0.5580054888737332 0.8298372577721406 0
    outer loop
      vertex -12.272473089396954 9.475716538727283 0
      vertex -12.334598019719124 9.517491057515144 0
      vertex -12.272473089396954 9.475716538727283 4
    endloop
  endfacet
  facet normal 0.6111422372001225 0.7915207931002377 0
    outer loop
      vertex -11.574905388057232 8.93711655586958 0
      vertex -12.272473089396954 9.475716538727283 0
      vertex -11.574905388057232 8.93711655586958 4
    endloop
  endfacet
  facet normal -0.7976435354446317 -0.6031291655718438 0
    outer loop
      vertex -11.311454840004444 11.033692352473736 0
      vertex -11.17601303756237 10.854569397866726 0
      vertex -11.311454840004444 11.033692352473736 4
    endloop
  endfacet
  facet normal -0.9372244031570418 -0.3487268531772778 0
    outer loop
      vertex -11.737289249897003 11.823415420949459 0
      vertex -11.972221851348877 12.454810924828053 4
      vertex -11.972221851348877 12.454810924828053 0
    endloop
  endfacet
  facet normal -0.8987112572727591 -0.4385408487828887 0
    outer loop
      vertex -11.507503040134907 11.352509565651417 0
      vertex -11.737289249897003 11.823415420949459 4
      vertex -11.737289249897003 11.823415420949459 0
    endloop
  endfacet
  facet normal -0.8518335889979218 -0.5238125014305401 0
    outer loop
      vertex -11.311454840004444 11.033692352473736 0
      vertex -11.507503040134907 11.352509565651417 4
      vertex -11.507503040134907 11.352509565651417 0
    endloop
  endfacet
  facet normal -0.9668355536404488 -0.2553997106826217 0
    outer loop
      vertex -11.972221851348877 12.454810924828053 0
      vertex -12.182516507804394 13.250897772610188 4
      vertex -12.182516507804394 13.250897772610188 0
    endloop
  endfacet
  facet normal -0.7730104593029077 0.6343932769255266 0
    outer loop
      vertex -11.574905388057232 8.93711655586958 0
      vertex -10.995657183229923 9.642932549118996 4
      vertex -10.995657183229923 9.642932549118996 0
    endloop
  endfacet
  facet normal -0.729864068203848 0.6835923068210532 0
    outer loop
      vertex -10.995657183229923 9.642932549118996 0
      vertex -10.490461952984333 10.18232399970293 4
      vertex -10.490461952984333 10.18232399970293 0
    endloop
  endfacet
  facet normal -0.6964896471487839 -0.7175668410779323 0
    outer loop
      vertex -11.125822432339191 10.799021944403648 0
      vertex -10.490461952984333 10.18232399970293 0
      vertex -11.125822432339191 10.799021944403648 4
    endloop
  endfacet
  facet normal -0.74197830274959 -0.6704238944495026 0
    outer loop
      vertex -11.17601303756237 10.854569397866726 0
      vertex -11.125822432339191 10.799021944403648 0
      vertex -11.17601303756237 10.854569397866726 4
    endloop
  endfacet
  facet normal 0.4785582554373623 0.8780558046916769 0
    outer loop
      vertex -10.032679677009583 13.300468020141125 0
      vertex -10.624214090406895 13.622866295278072 0
      vertex -10.032679677009583 13.300468020141125 4
    endloop
  endfacet
  facet normal 0.5619770785158887 0.8271528052438356 0
    outer loop
      vertex -10.032679677009583 13.300468020141125 0
      vertex -9.599268957972527 13.006003819406033 4
      vertex -9.599268957972527 13.006003819406033 0
    endloop
  endfacet
  facet normal 0.6397094161272717 0.7686168505296413 0
    outer loop
      vertex -9.599268957972527 13.006003819406033 0
      vertex -9.311597414314747 12.766578681766987 4
      vertex -9.311597414314747 12.766578681766987 0
    endloop
  endfacet
  facet normal 0.7691944941562935 0.6390147339143627 0
    outer loop
      vertex -9.10573384910822 12.549438662827015 0
      vertex -9.153573043644428 12.607023634016514 0
      vertex -9.10573384910822 12.549438662827015 4
    endloop
  endfacet
  facet normal 0.7105066590772278 0.7036904769903569 0
    outer loop
      vertex -9.311597414314747 12.766578681766987 0
      vertex -9.153573043644428 12.607023634016514 4
      vertex -9.153573043644428 12.607023634016514 0
    endloop
  endfacet
  facet normal -0.6548607329664639 0.7557495752024116 0
    outer loop
      vertex -12.182516507804394 13.250897772610188 0
      vertex -11.382269874215126 13.944315426051617 4
      vertex -11.382269874215126 13.944315426051617 0
    endloop
  endfacet
  facet normal 0.390395154032958 0.9206473937982897 0
    outer loop
      vertex -11.382269874215126 13.944315426051617 0
      vertex -10.624214090406895 13.622866295278072 4
      vertex -10.624214090406895 13.622866295278072 0
    endloop
  endfacet
  facet normal -0.8412535331572537 0.5406408169482189 0
    outer loop
      vertex -15.422248296439648 9.281931780278683 0
      vertex -15.422248296439648 9.281931780278683 4
      vertex -14.849775604903698 10.172716677188873 4
    endloop
  endfacet
  facet normal 0.2117963674327343 0.9773138179429872 0
    outer loop
      vertex -14.03186371922493 10.077857486903667 0
      vertex -14.03186371922493 10.077857486903667 4
      vertex -13.37346051633358 9.935173116624355 4
    endloop
  endfacet
  facet normal 0.11520506530325174 0.9933417301857773 0
    outer loop
      vertex -14.849775604903698 10.172716677188873 0
      vertex -14.849775604903698 10.172716677188873 4
      vertex -14.03186371922493 10.077857486903667 4
    endloop
  endfacet
  facet normal 0.30617718597905175 0.9519745431396519 0
    outer loop
      vertex -13.37346051633358 9.935173116624355 0
      vertex -13.37346051633358 9.935173116624355 4
      vertex -12.874645821750164 9.77474269270897 4
    endloop
  endfacet
  facet normal 0.39725230252191185 0.917709435573722 0
    outer loop
      vertex -12.874645821750164 9.77474269270897 0
      vertex -12.874645821750164 9.77474269270897 4
      vertex -12.531173139810562 9.626062393188477 4
    endloop
  endfacet
  facet normal 0.48347363349509836 0.8753589239363744 0
    outer loop
      vertex -12.531173139810562 9.626062393188477 0
      vertex -12.531173139810562 9.626062393188477 4
      vertex -12.334598019719124 9.517491057515144 4
    endloop
  endfacet
  facet normal 0.6111422372001225 0.7915207931002377 0
    outer loop
      vertex -12.272473089396954 9.475716538727283 0
      vertex -12.272473089396954 9.475716538727283 4
      vertex -11.574905388057232 8.93711655586958 4
    endloop
  endfacet
  facet normal 0.5580054888737332 0.8298372577721406 0
    outer loop
      vertex -12.334598019719124 9.517491057515144 0
      vertex -12.334598019719124 9.517491057515144 4
      vertex -12.272473089396954 9.475716538727283 4
    endloop
  endfacet
  facet normal -0.7730104593029077 0.6343932769255266 0
    outer loop
      vertex -11.574905388057232 8.93711655586958 0
      vertex -11.574905388057232 8.93711655586958 4
      vertex -10.995657183229923 9.642932549118996 4
    endloop
  endfacet
  facet normal -0.8518335889979218 -0.5238125014305401 0
    outer loop
      vertex -11.311454840004444 11.033692352473736 0
      vertex -11.311454840004444 11.033692352473736 4
      vertex -11.507503040134907 11.352509565651417 4
    endloop
  endfacet
  facet normal -0.9372244031570418 -0.3487268531772778 0
    outer loop
      vertex -11.737289249897003 11.823415420949459 0
      vertex -11.737289249897003 11.823415420949459 4
      vertex -11.972221851348877 12.454810924828053 4
    endloop
  endfacet
  facet normal -0.8987112572727591 -0.4385408487828887 0
    outer loop
      vertex -11.507503040134907 11.352509565651417 0
      vertex -11.507503040134907 11.352509565651417 4
      vertex -11.737289249897003 11.823415420949459 4
    endloop
  endfacet
  facet normal -0.9668355536404488 -0.2553997106826217 0
    outer loop
      vertex -11.972221851348877 12.454810924828053 0
      vertex -11.972221851348877 12.454810924828053 4
      vertex -12.182516507804394 13.250897772610188 4
    endloop
  endfacet
  facet normal -0.729864068203848 0.6835923068210532 0
    outer loop
      vertex -10.995657183229923 9.642932549118996 0
      vertex -10.995657183229923 9.642932549118996 4
      vertex -10.490461952984333 10.18232399970293 4
    endloop
  endfacet
  facet normal -0.6964896471487839 -0.7175668410779323 0
    outer loop
      vertex -10.490461952984333 10.18232399970293 0
      vertex -10.490461952984333 10.18232399970293 4
      vertex -11.125822432339191 10.799021944403648 4
    endloop
  endfacet
  facet normal -0.74197830274959 -0.6704238944495026 0
    outer loop
      vertex -11.125822432339191 10.799021944403648 0
      vertex -11.125822432339191 10.799021944403648 4
      vertex -11.17601303756237 10.854569397866726 4
    endloop
  endfacet
  facet normal -0.7976435354446317 -0.6031291655718438 0
    outer loop
      vertex -11.17601303756237 10.854569397866726 0
      vertex -11.17601303756237 10.854569397866726 4
      vertex -11.311454840004444 11.033692352473736 4
    endloop
  endfacet
  facet normal 0.5619770785158887 0.8271528052438356 0
    outer loop
      vertex -10.032679677009583 13.300468020141125 0
      vertex -10.032679677009583 13.300468020141125 4
      vertex -9.599268957972527 13.006003819406033 4
    endloop
  endfacet
  facet normal 0.7105066590772278 0.7036904769903569 0
    outer loop
      vertex -9.311597414314747 12.766578681766987 0
      vertex -9.311597414314747 12.766578681766987 4
      vertex -9.153573043644428 12.607023634016514 4
    endloop
  endfacet
  facet normal 0.7691944941562935 0.6390147339143627 0
    outer loop
      vertex -9.153573043644428 12.607023634016514 0
      vertex -9.153573043644428 12.607023634016514 4
      vertex -9.10573384910822 12.549438662827015 4
    endloop
  endfacet
  facet normal 0.6397094161272717 0.7686168505296413 0
    outer loop
      vertex -9.599268957972527 13.006003819406033 0
      vertex -9.599268957972527 13.006003819406033 4
      vertex -9.311597414314747 12.766578681766987 4
    endloop
  endfacet
  facet normal -0.6548607329664639 0.7557495752024116 0
    outer loop
      vertex -12.182516507804394 13.250897772610188 0
      vertex -12.182516507804394 13.250897772610188 4
      vertex -11.382269874215126 13.944315426051617 4
    endloop
  endfacet
  facet normal 0.390395154032958 0.9206473937982897 0
    outer loop
      vertex -11.382269874215126 13.944315426051617 0
      vertex -11.382269874215126 13.944315426051617 4
      vertex -10.624214090406895 13.622866295278072 4
    endloop
  endfacet
  facet normal 0.4785582554373623 0.8780558046916769 0
    outer loop
      vertex -10.624214090406895 13.622866295278072 0
      vertex -10.624214090406895 13.622866295278072 4
      vertex -10.032679677009583 13.300468020141125 4
    endloop
  endfacet
  facet normal 0 0 -1
    outer loop
      vertex -14.563792057335377 1.2600466758012772 0
      vertex -1.5150882071921692 -0.5143031444850585 0
      vertex -1.478207252018059 -0.6122934917841437 0
    endloop
  endfacet
  facet normal 0 0 -1
    outer loop
      vertex -14.563792057335377 1.2600466758012772 0
      vertex -1.5454813220625094 -0.4141104721640332 0
      vertex -1.5150882071921692 -0.5143031444850585 0
    endloop
  endfacet
  facet normal 0 0 -1
    outer loop
      vertex -14.563792057335377 1.2600466758012772 0
      vertex -1.5692564486451688 -0.3121445152258052 0
      vertex -1.5454813220625094 -0.4141104721640332 0
    endloop
  endfacet
  facet normal 0 0 -1
    outer loop
      vertex -14.499881096184254 1.9089455604553223 0
      vertex -1.5863117781980967 -0.20884190755208254 0
      vertex -1.5692564486451688 -0.3121445152258052 0
    endloop
  endfacet
  facet normal 0 0 -1
    outer loop
      vertex -14.499881096184254 1.9089455604553223 0
      vertex -1.5965742771817657 -0.10464500676822891 0
      vertex -1.5863117781980967 -0.20884190755208254 0
    endloop
  endfacet
  facet normal 0 0 -1
    outer loop
      vertex -14.499881096184254 1.9089455604553223 0
      vertex -1.6 0 0
      vertex -1.5965742771817657 -0.10464500676822891 0
    endloop
  endfacet
  facet normal 0 0 -1
    outer loop
      vertex -14.499881096184254 1.9089455604553223 0
      vertex -1.5965742771817657 0.10464500676822891 0
      vertex -1.6 0 0
    endloop
  endfacet
  facet normal 0 0 -1
    outer loop
      vertex -14.499881096184254 1.9089455604553223 0
      vertex -1.5863117781980967 0.20884190755208254 0
      vertex -1.5965742771817657 0.10464500676822891 0
    endloop
  endfacet
  facet normal 0 0 -1
    outer loop
      vertex -14.334198169410229 2.8951681777834892 0
      vertex -1.5692564486451688 0.3121445152258052 0
      vertex -1.5863117781980967 0.20884190755208254 0
    endloop
  endfacet
  facet normal 0 0 -1
    outer loop
      vertex -14.334198169410229 2.8951681777834892 0
      vertex -1.5454813220625094 0.4141104721640332 0
      vertex -1.5692564486451688 0.3121445152258052 0
    endloop
  endfacet
  facet normal 0 0 -1
    outer loop
      vertex -14.334198169410229 2.8951681777834892 0
      vertex -1.5150882071921692 0.5143031444850585 0
      vertex -1.5454813220625094 0.4141104721640332 0
    endloop
  endfacet
  facet normal 0 0 -1
    outer loop
      vertex -14.334198169410229 2.8951681777834892 0
      vertex -1.478207252018059 0.6122934917841437 0
      vertex -1.5150882071921692 0.5143031444850585 0
    endloop
  endfacet
  facet normal 0 0 -1
    outer loop
      vertex -14.334198169410229 2.8951681777834892 0
      vertex -1.4349963864523012 0.7076619043504021 0
      vertex -1.478207252018059 0.6122934917841437 0
    endloop
  endfacet
  facet normal 0 0 -1
    outer loop
      vertex -14.334198169410229 2.8951681777834892 0
      vertex -1.3856406460551018 0.8 0
      vertex -1.4349963864523012 0.7076619043504021 0
    endloop
  endfacet
  facet normal 0 0 -1
    outer loop
      vertex -14.334198169410229 2.8951681777834892 0
      vertex -1.3303513796840725 0.8889123728313635 0
      vertex -1.3856406460551018 0.8 0
    endloop
  endfacet
  facet normal 0 0 -1
    outer loop
      vertex -14.334198169410229 2.8951681777834892 0
      vertex -1.2693653444659763 0.974018286413953 0
      vertex -1.3303513796840725 0.8889123728313635 0
    endloop
  endfacet
  facet normal 0 0 -1
    outer loop
      vertex -14.334198169410229 2.8951681777834892 0
      vertex -1.202943691966364 1.0549533041601102 0
      vertex -1.2693653444659763 0.974018286413953 0
    endloop
  endfacet
  facet normal 0 0 -1
    outer loop
      vertex -14.334198169410229 2.8951681777834892 0
      vertex -1.1313708498984762 1.1313708498984762 0
      vertex -1.202943691966364 1.0549533041601102 0
    endloop
  endfacet
  facet normal 0 0 -1
    outer loop
      vertex -14.334198169410229 2.8951681777834892 0
      vertex -1.0549533041601102 1.202943691966364 0
      vertex -1.1313708498984762 1.1313708498984762 0
    endloop
  endfacet
  facet normal 0 0 -1
    outer loop
      vertex -14.334198169410229 2.8951681777834892 0
      vertex -0.974018286413953 1.2693653444659763 0
      vertex -1.0549533041601102 1.202943691966364 0
    endloop
  endfacet
  facet normal 0 0 -1
    outer loop
      vertex -14.334198169410229 2.8951681777834892 0
      vertex -0.8889123728313635 1.3303513796840725 0
      vertex -0.974018286413953 1.2693653444659763 0
    endloop
  endfacet
  facet normal 0 0 -1
    outer loop
      vertex -14.334198169410229 2.8951681777834892 0
      vertex -0.8 1.3856406460551018 0
      vertex -0.8889123728313635 1.3303513796840725 0
    endloop
  endfacet
  facet normal 0 0 -1
    outer loop
      vertex -14.334198169410229 2.8951681777834892 0
      vertex -0.7076619043504021 1.4349963864523012 0
      vertex -0.8 1.3856406460551018 0
    endloop
  endfacet
  facet normal 0 0 -1
    outer loop
      vertex -14.334198169410229 2.8951681777834892 0
      vertex -0.6122934917841437 1.478207252018059 0
      vertex -0.7076619043504021 1.4349963864523012 0
    endloop
  endfacet
  facet normal 0 0 -1
    outer loop
      vertex -14.334198169410229 2.8951681777834892 0
      vertex -0.5143031444850585 1.5150882071921692 0
      vertex -0.6122934917841437 1.478207252018059 0
    endloop
  endfacet
  facet normal 0 0 -1
    outer loop
      vertex -14.334198169410229 2.8951681777834892 0
      vertex -0.4141104721640332 1.5454813220625094 0
      vertex -0.5143031444850585 1.5150882071921692 0
    endloop
  endfacet
  facet normal 0 0 -1
    outer loop
      vertex -14.334198169410229 2.8951681777834892 0
      vertex -0.3121445152258052 1.5692564486451688 0
      vertex -0.4141104721640332 1.5454813220625094 0
    endloop
  endfacet
  facet normal 0 0 -1
    outer loop
      vertex -14.334198169410229 2.8951681777834892 0
      vertex -0.20884190755208254 1.5863117781980967 0
      vertex -0.3121445152258052 1.5692564486451688 0
    endloop
  endfacet
  facet normal 0 0 -1
    outer loop
      vertex -14.334198169410229 2.8951681777834892 0
      vertex -0.10464500676822891 1.5965742771817657 0
      vertex -0.20884190755208254 1.5863117781980967 0
    endloop
  endfacet
  facet normal 0 0 -1
    outer loop
      vertex -14.334198169410229 2.8951681777834892 0
      vertex 0 1.6 0
      vertex -0.10464500676822891 1.5965742771817657 0
    endloop
  endfacet
  facet normal 0 0 -1
    outer loop
      vertex -14.334198169410229 2.8951681777834892 0
      vertex -13.61886951327324 5.312104023993015 0
      vertex 14.334198169410229 2.8951681777834892 0
    endloop
  endfacet
  facet normal 0 0 -1
    outer loop
      vertex -13.61886951327324 5.312104023993015 0
      vertex -13.511738166213036 5.596745200455189 0
      vertex 14.334198169410229 2.8951681777834892 0
    endloop
  endfacet
  facet normal 0 0 -1
    outer loop
      vertex -13.511738166213036 5.596745200455189 0
      vertex -13.116763845086098 6.468472093343735 0
      vertex 14.334198169410229 2.8951681777834892 0
    endloop
  endfacet
  facet normal 0 0 -1
    outer loop
      vertex -13.116763845086098 6.468472093343735 0
      vertex -12.932394184172153 6.813403464853764 0
      vertex 14.334198169410229 2.8951681777834892 0
    endloop
  endfacet
  facet normal 0 0 -1
    outer loop
      vertex -12.932394184172153 6.813403464853764 0
      vertex -11.574905388057232 8.93711655586958 0
      vertex 14.334198169410229 2.8951681777834892 0
    endloop
  endfacet
  facet normal 0 0 -1
    outer loop
      vertex -11.574905388057232 8.93711655586958 0
      vertex -10.995657183229923 9.642932549118996 0
      vertex 14.334198169410229 2.8951681777834892 0
    endloop
  endfacet
  facet normal 0 0 -1
    outer loop
      vertex -10.995657183229923 9.642932549118996 0
      vertex -10.490461952984333 10.18232399970293 0
      vertex 14.334198169410229 2.8951681777834892 0
    endloop
  endfacet
  facet normal 0 0 -1
    outer loop
      vertex -10.490461952984333 10.18232399970293 0
      vertex -8.584521420300007 11.831108495593071 0
      vertex 14.334198169410229 2.8951681777834892 0
    endloop
  endfacet
  facet normal 0.8093838560335391 0.5872799788791367 0
    outer loop
      vertex -9.10573384910822 12.549438662827015 0
      vertex -8.584521420300007 11.831108495593071 4
      vertex -8.584521420300007 11.831108495593071 0
    endloop
  endfacet
  facet normal -0.5824777116773101 0.8128466739792717 0
    outer loop
      vertex -8.584521420300007 11.831108495593071 0
      vertex -8.125214658677578 12.160243079066277 4
      vertex -8.125214658677578 12.160243079066277 0
    endloop
  endfacet
  facet normal -0.5280678536830435 0.8492021796407401 0
    outer loop
      vertex -8.125214658677578 12.160243079066277 0
      vertex -7.3125 12.665621533989906 4
      vertex -7.3125 12.665621533989906 0
    endloop
  endfacet
  facet normal -0.8704388620757386 -0.4922765354841659 0
    outer loop
      vertex -7.197733111679554 12.726965710520744 0
      vertex -7.632712386548519 13.496092081069946 4
      vertex -7.632712386548519 13.496092081069946 0
    endloop
  endfacet
  facet normal -0.4713967170135471 0.8819212749383302 0
    outer loop
      vertex -7.3125 12.665621533989906 0
      vertex -7.197733111679554 12.726965710520744 4
      vertex -7.197733111679554 12.726965710520744 0
    endloop
  endfacet
  facet normal 0 0 -1
    outer loop
      vertex -7.632712386548519 13.496092081069946 0
      vertex -7.665220394730568 13.563529804348946 0
      vertex -5.201302208006382 14.606479898095131 0
    endloop
  endfacet
  facet normal 0 0 -1
    outer loop
      vertex -7.7447110787034035 13.773555383086205 0
      vertex -7.842996768653393 14.134691417217255 0
      vertex -5.546216405928135 15.18359586596489 0
    endloop
  endfacet
  facet normal 0 0 -1
    outer loop
      vertex -7.665220394730568 13.563529804348946 0
      vertex -7.7447110787034035 13.773555383086205 0
      vertex -5.337651431560516 14.872822687029839 0
    endloop
  endfacet
  facet normal 0 0 -1
    outer loop
      vertex -7.930805511772633 14.651260524988174 0
      vertex -5.546216405928135 15.18359586596489 0
      vertex -7.842996768653393 14.134691417217255 0
    endloop
  endfacet
  facet normal 0 0 -1
    outer loop
      vertex -7.930805511772633 14.651260524988174 0
      vertex -7.97833701223135 15.323268242180347 0
      vertex -5.879110790789127 15.58823811262846 0
    endloop
  endfacet
  facet normal 0 0 -1
    outer loop
      vertex -7.97833701223135 15.323268242180347 0
      vertex -7.955829679965973 16.14635483175516 0
      vertex -6.992640323936939 16.586228668689728 0
    endloop
  endfacet
  facet normal 0 0 -1
    outer loop
      vertex -7.97833701223135 15.323268242180347 0
      vertex -6.992640323936939 16.586228668689728 0
      vertex -6.355853818356991 16.064231492578983 0
    endloop
  endfacet
  facet normal 0 0 -1
    outer loop
      vertex -7.197733111679554 12.726965710520744 0
      vertex -7.632712386548519 13.496092081069946 0
      vertex -5.201302208006382 14.606479898095131 0
    endloop
  endfacet
  facet normal 0 0 -1
    outer loop
      vertex -7.197733111679554 12.726965710520744 0
      vertex -5.201302208006382 14.606479898095131 0
      vertex -4.904277451336384 13.772364564239979 0
    endloop
  endfacet
  facet normal 0 0 -1
    outer loop
      vertex -7.665220394730568 13.563529804348946 0
      vertex -5.337651431560516 14.872822687029839 0
      vertex -5.2309800162911415 14.675210133194923 0
    endloop
  endfacet
  facet normal 0 0 -1
    outer loop
      vertex -7.665220394730568 13.563529804348946 0
      vertex -5.2309800162911415 14.675210133194923 0
      vertex -5.201302208006382 14.606479898095131 0
    endloop
  endfacet
  facet normal 0 0 -1
    outer loop
      vertex -7.7447110787034035 13.773555383086205 0
      vertex -5.546216405928135 15.18359586596489 0
      vertex -5.337651431560516 14.872822687029839 0
    endloop
  endfacet
  facet normal 0 0 -1
    outer loop
      vertex -7.930805511772633 14.651260524988174 0
      vertex -5.879110790789127 15.58823811262846 0
      vertex -5.546216405928135 15.18359586596489 0
    endloop
  endfacet
  facet normal 0 0 -1
    outer loop
      vertex -7.97833701223135 15.323268242180347 0
      vertex -6.355853818356991 16.064231492578983 0
      vertex -5.879110790789127 15.58823811262846 0
    endloop
  endfacet
  facet normal -0.985858370818296 -0.16758064532485636 0
    outer loop
      vertex -7.930805511772633 14.651260524988174 0
      vertex -7.842996768653393 14.134691417217255 0
      vertex -7.930805511772633 14.651260524988174 4
    endloop
  endfacet
  facet normal -0.9975079386200338 -0.07055432226313808 0
    outer loop
      vertex -7.930805511772633 14.651260524988174 0
      vertex -7.97833701223135 15.323268242180347 4
      vertex -7.97833701223135 15.323268242180347 0
    endloop
  endfacet
  facet normal -0.900803210826481 -0.434227561728528 0
    outer loop
      vertex -7.632712386548519 13.496092081069946 0
      vertex -7.665220394730568 13.563529804348946 4
      vertex -7.665220394730568 13.563529804348946 0
    endloop
  endfacet
  facet normal -0.9352544965679865 -0.3539760255290774 0
    outer loop
      vertex -7.665220394730568 13.563529804348946 0
      vertex -7.7447110787034035 13.773555383086205 4
      vertex -7.7447110787034035 13.773555383086205 0
    endloop
  endfacet
  facet normal -0.9649033727486425 -0.2626051813241589 0
    outer loop
      vertex -7.7447110787034035 13.773555383086205 0
      vertex -7.842996768653393 14.134691417217255 4
      vertex -7.842996768653393 14.134691417217255 0
    endloop
  endfacet
  facet normal -0.9996263340520741 0.02733481789972208 0
    outer loop
      vertex -7.97833701223135 15.323268242180347 0
      vertex -7.955829679965973 16.14635483175516 4
      vertex -7.955829679965973 16.14635483175516 0
    endloop
  endfacet
  facet normal -0.4154150105423827 0.9096319964777361 0
    outer loop
      vertex -7.955829679965973 16.14635483175516 0
      vertex -6.992640323936939 16.586228668689728 4
      vertex -6.992640323936939 16.586228668689728 0
    endloop
  endfacet
  facet normal 0.7722489391801902 0.6353200578724639 0
    outer loop
      vertex -5.879110790789127 15.58823811262846 0
      vertex -5.546216405928135 15.18359586596489 4
      vertex -5.546216405928135 15.18359586596489 0
    endloop
  endfacet
  facet normal -0.3522500536019485 0.9359059246192559 0
    outer loop
      vertex -4.904277451336384 13.772364564239979 0
      vertex -4.70105218142271 13.848853141069412 4
      vertex -4.70105218142271 13.848853141069412 0
    endloop
  endfacet
  facet normal 0.9420540098076596 0.335461238603374 0
    outer loop
      vertex -4.904277451336384 13.772364564239979 0
      vertex -5.201302208006382 14.606479898095131 0
      vertex -4.904277451336384 13.772364564239979 4
    endloop
  endfacet
  facet normal 0.8303410751650309 0.5572555059340198 0
    outer loop
      vertex -5.337651431560516 14.872822687029839 0
      vertex -5.546216405928135 15.18359586596489 0
      vertex -5.337651431560516 14.872822687029839 4
    endloop
  endfacet
  facet normal 0.9180679776028079 0.3964229918916034 0
    outer loop
      vertex -5.201302208006382 14.606479898095131 0
      vertex -5.2309800162911415 14.675210133194923 0
      vertex -5.201302208006382 14.606479898095131 4
    endloop
  endfacet
  facet normal 0.8799786730820552 0.4750131944701592 0
    outer loop
      vertex -5.2309800162911415 14.675210133194923 0
      vertex -5.337651431560516 14.872822687029839 0
      vertex -5.2309800162911415 14.675210133194923 4
    endloop
  endfacet
  facet normal 0.6339577553295868 0.7733676774067246 0
    outer loop
      vertex -6.992640323936939 16.586228668689728 0
      vertex -6.355853818356991 16.064231492578983 4
      vertex -6.355853818356991 16.064231492578983 0
    endloop
  endfacet
  facet normal 0.7065501851660633 0.7076629394293599 0
    outer loop
      vertex -5.879110790789127 15.58823811262846 0
      vertex -6.355853818356991 16.064231492578983 0
      vertex -5.879110790789127 15.58823811262846 4
    endloop
  endfacet
  facet normal 0 0 -1
    outer loop
      vertex -8.584521420300007 11.831108495593071 0
      vertex -8.125214658677578 12.160243079066277 0
      vertex 14.334198169410229 2.8951681777834892 0
    endloop
  endfacet
  facet normal 0 0 -1
    outer loop
      vertex -8.125214658677578 12.160243079066277 0
      vertex -7.3125 12.665621533989906 0
      vertex 14.334198169410229 2.8951681777834892 0
    endloop
  endfacet
  facet normal 0 0 -1
    outer loop
      vertex -7.3125 12.665621533989906 0
      vertex -7.197733111679554 12.726965710520744 0
      vertex 14.334198169410229 2.8951681777834892 0
    endloop
  endfacet
  facet normal 0 0 -1
    outer loop
      vertex -3.521245375275612 15.099789097905159 0
      vertex -0.8255975767970085 14.597972728312016 0
      vertex -3.3196310251951218 14.235227316617966 0
    endloop
  endfacet
  facet normal 0 0 -1
    outer loop
      vertex -3.521245375275612 15.099789097905159 0
      vertex -3.5334371775388718 15.173653684556484 0
      vertex -0.8846041038632393 15.554498381912708 0
    endloop
  endfacet
  facet normal 0 0 -1
    outer loop
      vertex -3.5505368933081627 15.397566862404346 0
      vertex -3.543097533285618 15.771764636039734 0
      vertex -0.931280680000782 15.77415905892849 0
    endloop
  endfacet
  facet normal 0 0 -1
    outer loop
      vertex -3.5334371775388718 15.173653684556484 0
      vertex -3.5505368933081627 15.397566862404346 0
      vertex -0.8846041038632393 15.554498381912708 0
    endloop
  endfacet
  facet normal 0 0 -1
    outer loop
      vertex -3.543097533285618 15.771764636039734 0
      vertex -3.481815069913864 16.292147643864155 0
      vertex -1.249251313507557 16.61314184963703 0
    endloop
  endfacet
  facet normal 0 0 -1
    outer loop
      vertex -3.481815069913864 16.292147643864155 0
      vertex -3.3380947709083557 16.95032549649477 0
      vertex -1.5725800693035126 17.204168185591698 0
    endloop
  endfacet
  facet normal 0 0 -1
    outer loop
      vertex -3.3380947709083557 16.95032549649477 0
      vertex -3.084608845412731 17.733730241656303 0
      vertex -1.5725800693035126 17.204168185591698 0
    endloop
  endfacet
  facet normal 0 0 -1
    outer loop
      vertex -3.521245375275612 15.099789097905159 0
      vertex -0.8754919916391373 15.480191007256508 0
      vertex -0.8255975767970085 14.597972728312016 0
    endloop
  endfacet
  facet normal 0 0 -1
    outer loop
      vertex -3.521245375275612 15.099789097905159 0
      vertex -0.8846041038632393 15.554498381912708 0
      vertex -0.8754919916391373 15.480191007256508 0
    endloop
  endfacet
  facet normal 0 0 -1
    outer loop
      vertex -3.5505368933081627 15.397566862404346 0
      vertex -0.931280680000782 15.77415905892849 0
      vertex -0.8846041038632393 15.554498381912708 0
    endloop
  endfacet
  facet normal 0 0 -1
    outer loop
      vertex -3.543097533285618 15.771764636039734 0
      vertex -1.0438423827290535 16.13110327720642 0
      vertex -0.931280680000782 15.77415905892849 0
    endloop
  endfacet
  facet normal 0 0 -1
    outer loop
      vertex -3.543097533285618 15.771764636039734 0
      vertex -1.249251313507557 16.61314184963703 0
      vertex -1.0438423827290535 16.13110327720642 0
    endloop
  endfacet
  facet normal 0 0 -1
    outer loop
      vertex -3.481815069913864 16.292147643864155 0
      vertex -1.5725800693035126 17.204168185591698 0
      vertex -1.249251313507557 16.61314184963703 0
    endloop
  endfacet
  facet normal 0 0 -1
    outer loop
      vertex -3.084608845412731 17.733730241656303 0
      vertex -2.0365086495876312 17.884424306452274 0
      vertex -1.5725800693035126 17.204168185591698 0
    endloop
  endfacet
  facet normal -0.2902846824164033 0.9569403341663513 0
    outer loop
      vertex -4.70105218142271 13.848853141069412 0
      vertex -3.7852285355329514 14.126665212213993 4
      vertex -3.7852285355329514 14.126665212213993 0
    endloop
  endfacet
  facet normal -0.22707624587302 0.9738769832787998 0
    outer loop
      vertex -3.7852285355329514 14.126665212213993 0
      vertex -3.3196310251951218 14.235227316617966 4
      vertex -3.3196310251951218 14.235227316617966 0
    endloop
  endfacet
  facet normal -0.97387029880461 -0.22710491211380662 0
    outer loop
      vertex -3.521245375275612 15.099789097905159 0
      vertex -3.3196310251951218 14.235227316617966 0
      vertex -3.521245375275612 15.099789097905159 4
    endloop
  endfacet
  facet normal -0.9866503949530443 -0.16285268846108097 0
    outer loop
      vertex -3.521245375275612 15.099789097905159 0
      vertex -3.5334371775388718 15.173653684556484 4
      vertex -3.5334371775388718 15.173653684556484 0
    endloop
  endfacet
  facet normal -0.9970966865171883 -0.07614589769937685 0
    outer loop
      vertex -3.5334371775388718 15.173653684556484 0
      vertex -3.5505368933081627 15.397566862404346 4
      vertex -3.5505368933081627 15.397566862404346 0
    endloop
  endfacet
  facet normal -0.9998024349848607 0.019876896094301048 0
    outer loop
      vertex -3.5505368933081627 15.397566862404346 0
      vertex -3.543097533285618 15.771764636039734 4
      vertex -3.543097533285618 15.771764636039734 0
    endloop
  endfacet
  facet normal -0.9931371034030734 0.1169559483059897 0
    outer loop
      vertex -3.543097533285618 15.771764636039734 0
      vertex -3.481815069913864 16.292147643864155 4
      vertex -3.481815069913864 16.292147643864155 0
    endloop
  endfacet
  facet normal -0.9769793116613981 0.21333406803795066 0
    outer loop
      vertex -3.481815069913864 16.292147643864155 0
      vertex -3.3380947709083557 16.95032549649477 4
      vertex -3.3380947709083557 16.95032549649477 0
    endloop
  endfacet
  facet normal -0.9514333317574797 0.3078548606419297 0
    outer loop
      vertex -3.3380947709083557 16.95032549649477 0
      vertex -3.084608845412731 17.733730241656303 4
      vertex -3.084608845412731 17.733730241656303 0
    endloop
  endfacet
  facet normal -0.14231484447669274 0.9898214409890174 0
    outer loop
      vertex -3.084608845412731 17.733730241656303 0
      vertex -2.0365086495876312 17.884424306452274 4
      vertex -2.0365086495876312 17.884424306452274 0
    endloop
  endfacet
  facet normal 0.9984045563822955 0.05646540352350151 0
    outer loop
      vertex -0.8255975767970085 14.597972728312016 0
      vertex -0.8754919916391373 15.480191007256508 0
      vertex -0.8255975767970085 14.597972728312016 4
    endloop
  endfacet
  facet normal 0.9925650215329075 0.1217155619852249 0
    outer loop
      vertex -0.8754919916391373 15.480191007256508 0
      vertex -0.8846041038632393 15.554498381912708 0
      vertex -0.8754919916391373 15.480191007256508 4
    endloop
  endfacet
  facet normal 0.9781600439587359 0.2078531414307799 0
    outer loop
      vertex -0.8846041038632393 15.554498381912708 0
      vertex -0.931280680000782 15.77415905892849 0
      vertex -0.8846041038632393 15.554498381912708 4
    endloop
  endfacet
  facet normal -0.03271908942272048 0.9994645872602732 0
    outer loop
      vertex -0.8255975767970085 14.597972728312016 0
      vertex 0 14.625 4
      vertex 0 14.625 0
    endloop
  endfacet
  facet normal 0.8261608670402963 0.5634343100763618 0
    outer loop
      vertex -2.0365086495876312 17.884424306452274 0
      vertex -1.5725800693035126 17.204168185591698 4
      vertex -1.5725800693035126 17.204168185591698 0
    endloop
  endfacet
  facet normal 0.8773016259563844 0.47993943065170647 0
    outer loop
      vertex -1.249251313507557 16.61314184963703 0
      vertex -1.5725800693035126 17.204168185591698 0
      vertex -1.249251313507557 16.61314184963703 4
    endloop
  endfacet
  facet normal 0.9537034460380664 0.30074862761967336 0
    outer loop
      vertex -0.931280680000782 15.77415905892849 0
      vertex -1.0438423827290535 16.13110327720642 0
      vertex -0.931280680000782 15.77415905892849 4
    endloop
  endfacet
  facet normal 0.9199577719130817 0.39201747141768883 0
    outer loop
      vertex -1.249251313507557 16.61314184963703 0
      vertex -1.0438423827290535 16.13110327720642 4
      vertex -1.0438423827290535 16.13110327720642 0
    endloop
  endfacet
  facet normal -0.5824777116773101 0.8128466739792717 0
    outer loop
      vertex -8.584521420300007 11.831108495593071 0
      vertex -8.584521420300007 11.831108495593071 4
      vertex -8.125214658677578 12.160243079066277 4
    endloop
  endfacet
  facet normal 0.8093838560335391 0.5872799788791367 0
    outer loop
      vertex -9.10573384910822 12.549438662827015 0
      vertex -9.10573384910822 12.549438662827015 4
      vertex -8.584521420300007 11.831108495593071 4
    endloop
  endfacet
  facet normal -0.5280678536830435 0.8492021796407401 0
    outer loop
      vertex -8.125214658677578 12.160243079066277 0
      vertex -8.125214658677578 12.160243079066277 4
      vertex -7.3125 12.665621533989906 4
    endloop
  endfacet
  facet normal -0.8704388620757386 -0.4922765354841659 0
    outer loop
      vertex -7.197733111679554 12.726965710520744 0
      vertex -7.197733111679554 12.726965710520744 4
      vertex -7.632712386548519 13.496092081069946 4
    endloop
  endfacet
  facet normal -0.4713967170135471 0.8819212749383302 0
    outer loop
      vertex -7.3125 12.665621533989906 0
      vertex -7.3125 12.665621533989906 4
      vertex -7.197733111679554 12.726965710520744 4
    endloop
  endfacet
  facet normal -0.985858370818296 -0.16758064532485636 0
    outer loop
      vertex -7.842996768653393 14.134691417217255 0
      vertex -7.842996768653393 14.134691417217255 4
      vertex -7.930805511772633 14.651260524988174 4
    endloop
  endfacet
  facet normal -0.9975079386200338 -0.07055432226313808 0
    outer loop
      vertex -7.930805511772633 14.651260524988174 0
      vertex -7.930805511772633 14.651260524988174 4
      vertex -7.97833701223135 15.323268242180347 4
    endloop
  endfacet
  facet normal -0.9996263340520741 0.02733481789972208 0
    outer loop
      vertex -7.97833701223135 15.323268242180347 0
      vertex -7.97833701223135 15.323268242180347 4
      vertex -7.955829679965973 16.14635483175516 4
    endloop
  endfacet
  facet normal -0.900803210826481 -0.434227561728528 0
    outer loop
      vertex -7.632712386548519 13.496092081069946 0
      vertex -7.632712386548519 13.496092081069946 4
      vertex -7.665220394730568 13.563529804348946 4
    endloop
  endfacet
  facet normal -0.9352544965679865 -0.3539760255290774 0
    outer loop
      vertex -7.665220394730568 13.563529804348946 0
      vertex -7.665220394730568 13.563529804348946 4
      vertex -7.7447110787034035 13.773555383086205 4
    endloop
  endfacet
  facet normal -0.9649033727486425 -0.2626051813241589 0
    outer loop
      vertex -7.7447110787034035 13.773555383086205 0
      vertex -7.7447110787034035 13.773555383086205 4
      vertex -7.842996768653393 14.134691417217255 4
    endloop
  endfacet
  facet normal -0.4154150105423827 0.9096319964777361 0
    outer loop
      vertex -7.955829679965973 16.14635483175516 0
      vertex -7.955829679965973 16.14635483175516 4
      vertex -6.992640323936939 16.586228668689728 4
    endloop
  endfacet
  facet normal 0.6339577553295868 0.7733676774067246 0
    outer loop
      vertex -6.992640323936939 16.586228668689728 0
      vertex -6.992640323936939 16.586228668689728 4
      vertex -6.355853818356991 16.064231492578983 4
    endloop
  endfacet
  facet normal 0.7722489391801902 0.6353200578724639 0
    outer loop
      vertex -5.879110790789127 15.58823811262846 0
      vertex -5.879110790789127 15.58823811262846 4
      vertex -5.546216405928135 15.18359586596489 4
    endloop
  endfacet
  facet normal 0.9420540098076596 0.335461238603374 0
    outer loop
      vertex -5.201302208006382 14.606479898095131 0
      vertex -5.201302208006382 14.606479898095131 4
      vertex -4.904277451336384 13.772364564239979 4
    endloop
  endfacet
  facet normal -0.3522500536019485 0.9359059246192559 0
    outer loop
      vertex -4.904277451336384 13.772364564239979 0
      vertex -4.904277451336384 13.772364564239979 4
      vertex -4.70105218142271 13.848853141069412 4
    endloop
  endfacet
  facet normal 0.8303410751650309 0.5572555059340198 0
    outer loop
      vertex -5.546216405928135 15.18359586596489 0
      vertex -5.546216405928135 15.18359586596489 4
      vertex -5.337651431560516 14.872822687029839 4
    endloop
  endfacet
  facet normal 0.9180679776028079 0.3964229918916034 0
    outer loop
      vertex -5.2309800162911415 14.675210133194923 0
      vertex -5.2309800162911415 14.675210133194923 4
      vertex -5.201302208006382 14.606479898095131 4
    endloop
  endfacet
  facet normal 0.8799786730820552 0.4750131944701592 0
    outer loop
      vertex -5.337651431560516 14.872822687029839 0
      vertex -5.337651431560516 14.872822687029839 4
      vertex -5.2309800162911415 14.675210133194923 4
    endloop
  endfacet
  facet normal 0.7065501851660633 0.7076629394293599 0
    outer loop
      vertex -6.355853818356991 16.064231492578983 0
      vertex -6.355853818356991 16.064231492578983 4
      vertex -5.879110790789127 15.58823811262846 4
    endloop
  endfacet
  facet normal -0.2902846824164033 0.9569403341663513 0
    outer loop
      vertex -4.70105218142271 13.848853141069412 0
      vertex -4.70105218142271 13.848853141069412 4
      vertex -3.7852285355329514 14.126665212213993 4
    endloop
  endfacet
  facet normal -0.22707624587302 0.9738769832787998 0
    outer loop
      vertex -3.7852285355329514 14.126665212213993 0
      vertex -3.7852285355329514 14.126665212213993 4
      vertex -3.3196310251951218 14.235227316617966 4
    endloop
  endfacet
  facet normal -0.97387029880461 -0.22710491211380662 0
    outer loop
      vertex -3.3196310251951218 14.235227316617966 0
      vertex -3.3196310251951218 14.235227316617966 4
      vertex -3.521245375275612 15.099789097905159 4
    endloop
  endfacet
  facet normal -0.9866503949530443 -0.16285268846108097 0
    outer loop
      vertex -3.521245375275612 15.099789097905159 0
      vertex -3.521245375275612 15.099789097905159 4
      vertex -3.5334371775388718 15.173653684556484 4
    endloop
  endfacet
  facet normal -0.9970966865171883 -0.07614589769937685 0
    outer loop
      vertex -3.5334371775388718 15.173653684556484 0
      vertex -3.5334371775388718 15.173653684556484 4
      vertex -3.5505368933081627 15.397566862404346 4
    endloop
  endfacet
  facet normal -0.9998024349848607 0.019876896094301048 0
    outer loop
      vertex -3.5505368933081627 15.397566862404346 0
      vertex -3.5505368933081627 15.397566862404346 4
      vertex -3.543097533285618 15.771764636039734 4
    endloop
  endfacet
  facet normal -0.9931371034030734 0.1169559483059897 0
    outer loop
      vertex -3.543097533285618 15.771764636039734 0
      vertex -3.543097533285618 15.771764636039734 4
      vertex -3.481815069913864 16.292147643864155 4
    endloop
  endfacet
  facet normal -0.9769793116613981 0.21333406803795066 0
    outer loop
      vertex -3.481815069913864 16.292147643864155 0
      vertex -3.481815069913864 16.292147643864155 4
      vertex -3.3380947709083557 16.95032549649477 4
    endloop
  endfacet
  facet normal -0.9514333317574797 0.3078548606419297 0
    outer loop
      vertex -3.3380947709083557 16.95032549649477 0
      vertex -3.3380947709083557 16.95032549649477 4
      vertex -3.084608845412731 17.733730241656303 4
    endloop
  endfacet
  facet normal -0.14231484447669274 0.9898214409890174 0
    outer loop
      vertex -3.084608845412731 17.733730241656303 0
      vertex -3.084608845412731 17.733730241656303 4
      vertex -2.0365086495876312 17.884424306452274 4
    endloop
  endfacet
  facet normal 0.9984045563822955 0.05646540352350151 0
    outer loop
      vertex -0.8754919916391373 15.480191007256508 0
      vertex -0.8754919916391373 15.480191007256508 4
      vertex -0.8255975767970085 14.597972728312016 4
    endloop
  endfacet
  facet normal 0.9925650215329075 0.1217155619852249 0
    outer loop
      vertex -0.8846041038632393 15.554498381912708 0
      vertex -0.8846041038632393 15.554498381912708 4
      vertex -0.8754919916391373 15.480191007256508 4
    endloop
  endfacet
  facet normal -0.03271908942272048 0.9994645872602732 0
    outer loop
      vertex -0.8255975767970085 14.597972728312016 0
      vertex -0.8255975767970085 14.597972728312016 4
      vertex 0 14.625 4
    endloop
  endfacet
  facet normal 0.9199577719130817 0.39201747141768883 0
    outer loop
      vertex -1.249251313507557 16.61314184963703 0
      vertex -1.249251313507557 16.61314184963703 4
      vertex -1.0438423827290535 16.13110327720642 4
    endloop
  endfacet
  facet normal 0.8261608670402963 0.5634343100763618 0
    outer loop
      vertex -2.0365086495876312 17.884424306452274 0
      vertex -2.0365086495876312 17.884424306452274 4
      vertex -1.5725800693035126 17.204168185591698 4
    endloop
  endfacet
  facet normal 0.8773016259563844 0.47993943065170647 0
    outer loop
      vertex -1.5725800693035126 17.204168185591698 0
      vertex -1.5725800693035126 17.204168185591698 4
      vertex -1.249251313507557 16.61314184963703 4
    endloop
  endfacet
  facet normal 0.9781600439587359 0.2078531414307799 0
    outer loop
      vertex -0.931280680000782 15.77415905892849 0
      vertex -0.931280680000782 15.77415905892849 4
      vertex -0.8846041038632393 15.554498381912708 4
    endloop
  endfacet
  facet normal 0.9537034460380664 0.30074862761967336 0
    outer loop
      vertex -1.0438423827290535 16.13110327720642 0
      vertex -1.0438423827290535 16.13110327720642 4
      vertex -0.931280680000782 15.77415905892849 4
    endloop
  endfacet
  facet normal 0 0 1
    outer loop
      vertex -17.992212049663067 -0.5294390246272087 4
      vertex -17.2528560385108 0.891834944486618 4
      vertex -17.992212049663067 0.5294390246272087 4
    endloop
  endfacet
  facet normal 0 0 1
    outer loop
      vertex -17.2528560385108 -0.891834944486618 4
      vertex -16.62183102220297 1.1277608573436737 4
      vertex -17.2528560385108 0.891834944486618 4
    endloop
  endfacet
  facet normal 0 0 1
    outer loop
      vertex -16.62183102220297 -1.1277608573436737 4
      vertex -16.11546616256237 1.2624777778983116 4
      vertex -16.62183102220297 1.1277608573436737 4
    endloop
  endfacet
  facet normal 0 0 1
    outer loop
      vertex -16.11546616256237 -1.2624777778983116 4
      vertex -15.746135920286179 1.3230953067541122 4
      vertex -16.11546616256237 1.2624777778983116 4
    endloop
  endfacet
  facet normal 0 0 1
    outer loop
      vertex -16.805253081023693 4.004981882870197 4
      vertex -16.266257025301456 3.600832335650921 4
      vertex -15.630803123116493 5.764989569783211 4
    endloop
  endfacet
  facet normal 0 0 1
    outer loop
      vertex -15.818357639014721 3.328912928700447 4
      vertex -15.630803123116493 5.764989569783211 4
      vertex -16.266257025301456 3.600832335650921 4
    endloop
  endfacet
  facet normal 0 0 1
    outer loop
      vertex -15.746135920286179 -1.3230953067541122 4
      vertex -15.522068306803703 1.3380358144640923 4
      vertex -15.746135920286179 1.3230953067541122 4
    endloop
  endfacet
  facet normal 0 0 1
    outer loop
      vertex -15.522068306803703 -1.3380358144640923 4
      vertex -15.447220481932163 1.3364801332354546 4
      vertex -15.522068306803703 1.3380358144640923 4
    endloop
  endfacet
  facet normal 0 0 1
    outer loop
      vertex -15.447220481932163 -1.3364801332354546 4
      vertex -14.563792057335377 1.2600466758012772 4
      vertex -15.447220481932163 1.3364801332354546 4
    endloop
  endfacet
  facet normal 0 0 1
    outer loop
      vertex -15.818357639014721 3.328912928700447 4
      vertex -15.481065802276134 3.1666984856128693 4
      vertex -15.106995455920696 5.751590043306351 4
    endloop
  endfacet
  facet normal 0 0 1
    outer loop
      vertex -15.198029480874538 3.069641627371311 4
      vertex -14.334198169410229 2.8951681777834892 4
      vertex -14.444969549775124 5.634328216314316 4
    endloop
  endfacet
  facet normal 0 0 1
    outer loop
      vertex -15.481065802276134 3.1666984856128693 4
      vertex -15.270283728837967 3.0892360284924507 4
      vertex -14.516347222030163 5.656907953321934 4
    endloop
  endfacet
  facet normal 0 0 1
    outer loop
      vertex -15.198029480874538 3.069641627371311 4
      vertex -14.444969549775124 5.634328216314316 4
      vertex -15.270283728837967 3.0892360284924507 4
    endloop
  endfacet
  facet normal 0 0 1
    outer loop
      vertex -16.805253081023693 4.004981882870197 4
      vertex -17.11424083262682 5.57698492705822 4
      vertex -17.412561252713203 4.560998879373074 4
    endloop
  endfacet
  facet normal 0 0 1
    outer loop
      vertex -16.805253081023693 4.004981882870197 4
      vertex -16.302735202014446 5.716400608420372 4
      vertex -17.11424083262682 5.57698492705822 4
    endloop
  endfacet
  facet normal 0 0 1
    outer loop
      vertex -16.805253081023693 4.004981882870197 4
      vertex -15.630803123116493 5.764989569783211 4
      vertex -16.302735202014446 5.716400608420372 4
    endloop
  endfacet
  facet normal 0 0 1
    outer loop
      vertex -15.818357639014721 3.328912928700447 4
      vertex -15.106995455920696 5.751590043306351 4
      vertex -15.630803123116493 5.764989569783211 4
    endloop
  endfacet
  facet normal 0 0 1
    outer loop
      vertex -15.481065802276134 3.1666984856128693 4
      vertex -14.735547751188278 5.705699786543846 4
      vertex -15.106995455920696 5.751590043306351 4
    endloop
  endfacet
  facet normal 0 0 1
    outer loop
      vertex -15.481065802276134 3.1666984856128693 4
      vertex -14.516347222030163 5.656907953321934 4
      vertex -14.735547751188278 5.705699786543846 4
    endloop
  endfacet
  facet normal 0 0 1
    outer loop
      vertex -15.270283728837967 3.0892360284924507 4
      vertex -14.444969549775124 5.634328216314316 4
      vertex -14.516347222030163 5.656907953321934 4
    endloop
  endfacet
  facet normal 0 0 1
    outer loop
      vertex -14.334198169410229 2.8951681777834892 4
      vertex -13.61886951327324 5.312104023993015 4
      vertex -14.444969549775124 5.634328216314316 4
    endloop
  endfacet
  facet normal 0 0 1
    outer loop
      vertex -14.996188469231129 8.5773388966918 4
      vertex -14.592887617647648 8.037707507610321 4
      vertex -14.03186371922493 10.077857486903667 4
    endloop
  endfacet
  facet normal 0 0 1
    outer loop
      vertex -14.23973985761404 7.650614909827709 4
      vertex -13.37346051633358 9.935173116624355 4
      vertex -14.592887617647648 8.037707507610321 4
    endloop
  endfacet
  facet normal 0 0 1
    outer loop
      vertex -14.23973985761404 7.650614909827709 4
      vertex -13.961811803281307 7.399945192039013 4
      vertex -12.531173139810562 9.626062393188477 4
    endloop
  endfacet
  facet normal 0 0 1
    outer loop
      vertex -14.563792057335377 -1.2600466758012772 4
      vertex -4 0 4
      vertex -14.563792057335377 1.2600466758012772 4
    endloop
  endfacet
  facet normal 0 0 1
    outer loop
      vertex -14.563792057335377 1.2600466758012772 4
      vertex -3.991435692954414 0.26161251692057225 4
      vertex -14.499881096184254 1.9089455604553223 4
    endloop
  endfacet
  facet normal 0 0 1
    outer loop
      vertex -14.499881096184254 1.9089455604553223 4
      vertex -3.9231411216129217 0.780361288064513 4
      vertex -14.343984723091125 2.853195957839489 4
    endloop
  endfacet
  facet normal 0 0 1
    outer loop
      vertex -14.343984723091125 2.853195957839489 4
      vertex -3.9231411216129217 0.780361288064513 4
      vertex -14.334198169410229 2.8951681777834892 4
    endloop
  endfacet
  facet normal 0 0 1
    outer loop
      vertex -14.334198169410229 2.8951681777834892 4
      vertex -2.6373832604002754 3.00735922991591 4
      vertex -13.61886951327324 5.312104023993015 4
    endloop
  endfacet
  facet normal 0 0 1
    outer loop
      vertex -13.717584513127804 7.227079272270203 4
      vertex -12.932394184172153 6.813403464853764 4
      vertex -11.574905388057232 8.93711655586958 4
    endloop
  endfacet
  facet normal 0 0 1
    outer loop
      vertex -13.961811803281307 7.399945192039013 4
      vertex -13.781391575932503 7.266236342489719 4
      vertex -12.531173139810562 9.626062393188477 4
    endloop
  endfacet
  facet normal 0 0 1
    outer loop
      vertex -13.717584513127804 7.227079272270203 4
      vertex -12.272473089396954 9.475716538727283 4
      vertex -13.781391575932503 7.266236342489719 4
    endloop
  endfacet
  facet normal 0 0 1
    outer loop
      vertex -13.781391575932503 7.266236342489719 4
      vertex -12.272473089396954 9.475716538727283 4
      vertex -12.334598019719124 9.517491057515144 4
    endloop
  endfacet
  facet normal 0 0 1
    outer loop
      vertex -13.781391575932503 7.266236342489719 4
      vertex -12.334598019719124 9.517491057515144 4
      vertex -12.531173139810562 9.626062393188477 4
    endloop
  endfacet
  facet normal 0 0 1
    outer loop
      vertex -13.717584513127804 7.227079272270203 4
      vertex -11.574905388057232 8.93711655586958 4
      vertex -12.272473089396954 9.475716538727283 4
    endloop
  endfacet
  facet normal 0 0 1
    outer loop
      vertex -14.996188469231129 8.5773388966918 4
      vertex -14.03186371922493 10.077857486903667 4
      vertex -15.422248296439648 9.281931780278683 4
    endloop
  endfacet
  facet normal 0 0 1
    outer loop
      vertex -15.422248296439648 9.281931780278683 4
      vertex -14.03186371922493 10.077857486903667 4
      vertex -14.849775604903698 10.172716677188873 4
    endloop
  endfacet
  facet normal 0 0 1
    outer loop
      vertex -14.592887617647648 8.037707507610321 4
      vertex -13.37346051633358 9.935173116624355 4
      vertex -14.03186371922493 10.077857486903667 4
    endloop
  endfacet
  facet normal 0 0 1
    outer loop
      vertex -14.23973985761404 7.650614909827709 4
      vertex -12.874645821750164 9.77474269270897 4
      vertex -13.37346051633358 9.935173116624355 4
    endloop
  endfacet
  facet normal 0 0 1
    outer loop
      vertex -14.23973985761404 7.650614909827709 4
      vertex -12.531173139810562 9.626062393188477 4
      vertex -12.874645821750164 9.77474269270897 4
    endloop
  endfacet
  facet normal 0 0 1
    outer loop
      vertex -11.972221851348877 12.454810924828053 4
      vertex -11.382269874215126 13.944315426051617 4
      vertex -12.182516507804394 13.250897772610188 4
    endloop
  endfacet
  facet normal 0 0 1
    outer loop
      vertex -11.737289249897003 11.823415420949459 4
      vertex -10.624214090406895 13.622866295278072 4
      vertex -11.972221851348877 12.454810924828053 4
    endloop
  endfacet
  facet normal 0 0 1
    outer loop
      vertex -11.972221851348877 12.454810924828053 4
      vertex -10.624214090406895 13.622866295278072 4
      vertex -11.382269874215126 13.944315426051617 4
    endloop
  endfacet
  facet normal 0 0 1
    outer loop
      vertex -11.125822432339191 10.799021944403648 4
      vertex -10.490461952984333 10.18232399970293 4
      vertex -9.10573384910822 12.549438662827015 4
    endloop
  endfacet
  facet normal 0 0 1
    outer loop
      vertex -11.311454840004444 11.033692352473736 4
      vertex -9.311597414314747 12.766578681766987 4
      vertex -11.507503040134907 11.352509565651417 4
    endloop
  endfacet
  facet normal 0 0 1
    outer loop
      vertex -11.507503040134907 11.352509565651417 4
      vertex -10.032679677009583 13.300468020141125 4
      vertex -11.737289249897003 11.823415420949459 4
    endloop
  endfacet
  facet normal 0 0 1
    outer loop
      vertex -11.17601303756237 10.854569397866726 4
      vertex -11.125822432339191 10.799021944403648 4
      vertex -9.10573384910822 12.549438662827015 4
    endloop
  endfacet
  facet normal 0 0 1
    outer loop
      vertex -11.311454840004444 11.033692352473736 4
      vertex -11.17601303756237 10.854569397866726 4
      vertex -9.311597414314747 12.766578681766987 4
    endloop
  endfacet
  facet normal 0 0 1
    outer loop
      vertex -11.737289249897003 11.823415420949459 4
      vertex -10.032679677009583 13.300468020141125 4
      vertex -10.624214090406895 13.622866295278072 4
    endloop
  endfacet
  facet normal 0 0 1
    outer loop
      vertex -11.507503040134907 11.352509565651417 4
      vertex -9.599268957972527 13.006003819406033 4
      vertex -10.032679677009583 13.300468020141125 4
    endloop
  endfacet
  facet normal 0 0 1
    outer loop
      vertex -11.507503040134907 11.352509565651417 4
      vertex -9.311597414314747 12.766578681766987 4
      vertex -9.599268957972527 13.006003819406033 4
    endloop
  endfacet
  facet normal 0 0 1
    outer loop
      vertex -11.17601303756237 10.854569397866726 4
      vertex -9.153573043644428 12.607023634016514 4
      vertex -9.311597414314747 12.766578681766987 4
    endloop
  endfacet
  facet normal 0 0 1
    outer loop
      vertex -11.17601303756237 10.854569397866726 4
      vertex -9.10573384910822 12.549438662827015 4
      vertex -9.153573043644428 12.607023634016514 4
    endloop
  endfacet
  facet normal 0 0 1
    outer loop
      vertex -10.490461952984333 10.18232399970293 4
      vertex -8.584521420300007 11.831108495593071 4
      vertex -9.10573384910822 12.549438662827015 4
    endloop
  endfacet
  facet normal 0 0 1
    outer loop
      vertex -14.563792057335377 1.2600466758012772 4
      vertex -4 0 4
      vertex -3.991435692954414 0.26161251692057225 4
    endloop
  endfacet
  facet normal 0 0 1
    outer loop
      vertex -14.499881096184254 1.9089455604553223 4
      vertex -3.991435692954414 0.26161251692057225 4
      vertex -3.9657794454952415 0.5221047688802063 4
    endloop
  endfacet
  facet normal 0 0 1
    outer loop
      vertex -14.499881096184254 1.9089455604553223 4
      vertex -3.9657794454952415 0.5221047688802063 4
      vertex -3.9231411216129217 0.780361288064513 4
    endloop
  endfacet
  facet normal 0 0 1
    outer loop
      vertex -14.334198169410229 2.8951681777834892 4
      vertex -3.9231411216129217 0.780361288064513 4
      vertex -3.8637033051562732 1.035276180410083 4
    endloop
  endfacet
  facet normal 0 0 1
    outer loop
      vertex -14.334198169410229 2.8951681777834892 4
      vertex -3.8637033051562732 1.035276180410083 4
      vertex -3.7877205179804228 1.2857578612126463 4
    endloop
  endfacet
  facet normal 0 0 1
    outer loop
      vertex -14.334198169410229 2.8951681777834892 4
      vertex -3.7877205179804228 1.2857578612126463 4
      vertex -3.695518130045147 1.5307337294603591 4
    endloop
  endfacet
  facet normal 0 0 1
    outer loop
      vertex -14.334198169410229 2.8951681777834892 4
      vertex -3.695518130045147 1.5307337294603591 4
      vertex -3.587490966130753 1.7691547608760052 4
    endloop
  endfacet
  facet normal 0 0 1
    outer loop
      vertex -14.334198169410229 2.8951681777834892 4
      vertex -3.587490966130753 1.7691547608760052 4
      vertex -3.4641016151377544 2 4
    endloop
  endfacet
  facet normal 0 0 1
    outer loop
      vertex -14.334198169410229 2.8951681777834892 4
      vertex -3.4641016151377544 2 4
      vertex -3.325878449210181 2.2222809320784087 4
    endloop
  endfacet
  facet normal 0 0 1
    outer loop
      vertex -14.334198169410229 2.8951681777834892 4
      vertex -3.325878449210181 2.2222809320784087 4
      vertex -3.1734133611649407 2.4350457160348826 4
    endloop
  endfacet
  facet normal 0 0 1
    outer loop
      vertex -14.334198169410229 2.8951681777834892 4
      vertex -3.1734133611649407 2.4350457160348826 4
      vertex -3.00735922991591 2.6373832604002754 4
    endloop
  endfacet
  facet normal 0 0 1
    outer loop
      vertex -14.334198169410229 2.8951681777834892 4
      vertex -3.00735922991591 2.6373832604002754 4
      vertex -2.8284271247461903 2.8284271247461903 4
    endloop
  endfacet
  facet normal 0 0 1
    outer loop
      vertex -14.334198169410229 2.8951681777834892 4
      vertex -2.8284271247461903 2.8284271247461903 4
      vertex -2.6373832604002754 3.00735922991591 4
    endloop
  endfacet
  facet normal 0 0 1
    outer loop
      vertex -13.61886951327324 5.312104023993015 4
      vertex -2.6373832604002754 3.00735922991591 4
      vertex -2.4350457160348826 3.1734133611649407 4
    endloop
  endfacet
  facet normal 0 0 1
    outer loop
      vertex -13.61886951327324 5.312104023993015 4
      vertex -2.4350457160348826 3.1734133611649407 4
      vertex -2.2222809320784087 3.325878449210181 4
    endloop
  endfacet
  facet normal 0 0 1
    outer loop
      vertex -13.61886951327324 5.312104023993015 4
      vertex -2.2222809320784087 3.325878449210181 4
      vertex -2 3.4641016151377544 4
    endloop
  endfacet
  facet normal 0 0 1
    outer loop
      vertex -13.61886951327324 5.312104023993015 4
      vertex -2 3.4641016151377544 4
      vertex -1.7691547608760052 3.587490966130753 4
    endloop
  endfacet
  facet normal 0 0 1
    outer loop
      vertex -13.61886951327324 5.312104023993015 4
      vertex -1.7691547608760052 3.587490966130753 4
      vertex -1.5307337294603591 3.695518130045147 4
    endloop
  endfacet
  facet normal 0 0 1
    outer loop
      vertex -13.61886951327324 5.312104023993015 4
      vertex -1.5307337294603591 3.695518130045147 4
      vertex -1.2857578612126463 3.7877205179804228 4
    endloop
  endfacet
  facet normal 0 0 1
    outer loop
      vertex -13.61886951327324 5.312104023993015 4
      vertex -1.2857578612126463 3.7877205179804228 4
      vertex -1.035276180410083 3.8637033051562732 4
    endloop
  endfacet
  facet normal 0 0 1
    outer loop
      vertex -13.61886951327324 5.312104023993015 4
      vertex -1.035276180410083 3.8637033051562732 4
      vertex -0.780361288064513 3.9231411216129217 4
    endloop
  endfacet
  facet normal 0 0 1
    outer loop
      vertex -13.61886951327324 5.312104023993015 4
      vertex -0.780361288064513 3.9231411216129217 4
      vertex -0.5221047688802063 3.9657794454952415 4
    endloop
  endfacet
  facet normal 0 0 1
    outer loop
      vertex -13.61886951327324 5.312104023993015 4
      vertex -0.5221047688802063 3.9657794454952415 4
      vertex -0.26161251692057225 3.991435692954414 4
    endloop
  endfacet
  facet normal 0 0 1
    outer loop
      vertex -13.61886951327324 5.312104023993015 4
      vertex -0.26161251692057225 3.991435692954414 4
      vertex 0 4 4
    endloop
  endfacet
  facet normal 0 0 1
    outer loop
      vertex -13.61886951327324 5.312104023993015 4
      vertex 0 4 4
      vertex 0.26161251692057225 3.991435692954414 4
    endloop
  endfacet
  facet normal 0 0 1
    outer loop
      vertex -13.61886951327324 5.312104023993015 4
      vertex 14.334198169410229 2.8951681777834892 4
      vertex -13.511738166213036 5.596745200455189 4
    endloop
  endfacet
  facet normal 0 0 1
    outer loop
      vertex -13.511738166213036 5.596745200455189 4
      vertex 14.334198169410229 2.8951681777834892 4
      vertex -13.116763845086098 6.468472093343735 4
    endloop
  endfacet
  facet normal 0 0 1
    outer loop
      vertex -13.116763845086098 6.468472093343735 4
      vertex 14.334198169410229 2.8951681777834892 4
      vertex -12.932394184172153 6.813403464853764 4
    endloop
  endfacet
  facet normal 0 0 1
    outer loop
      vertex -12.932394184172153 6.813403464853764 4
      vertex 14.334198169410229 2.8951681777834892 4
      vertex -11.574905388057232 8.93711655586958 4
    endloop
  endfacet
  facet normal 0 0 1
    outer loop
      vertex -11.574905388057232 8.93711655586958 4
      vertex 14.334198169410229 2.8951681777834892 4
      vertex -10.995657183229923 9.642932549118996 4
    endloop
  endfacet
  facet normal 0 0 1
    outer loop
      vertex -10.995657183229923 9.642932549118996 4
      vertex 14.334198169410229 2.8951681777834892 4
      vertex -10.490461952984333 10.18232399970293 4
    endloop
  endfacet
  facet normal 0 0 1
    outer loop
      vertex -10.490461952984333 10.18232399970293 4
      vertex 14.334198169410229 2.8951681777834892 4
      vertex -8.584521420300007 11.831108495593071 4
    endloop
  endfacet
  facet normal 0 0 1
    outer loop
      vertex -7.632712386548519 13.496092081069946 4
      vertex -5.201302208006382 14.606479898095131 4
      vertex -7.665220394730568 13.563529804348946 4
    endloop
  endfacet
  facet normal 0 0 1
    outer loop
      vertex -7.7447110787034035 13.773555383086205 4
      vertex -5.546216405928135 15.18359586596489 4
      vertex -7.842996768653393 14.134691417217255 4
    endloop
  endfacet
  facet normal 0 0 1
    outer loop
      vertex -7.665220394730568 13.563529804348946 4
      vertex -5.337651431560516 14.872822687029839 4
      vertex -7.7447110787034035 13.773555383086205 4
    endloop
  endfacet
  facet normal 0 0 1
    outer loop
      vertex -7.930805511772633 14.651260524988174 4
      vertex -7.842996768653393 14.134691417217255 4
      vertex -5.546216405928135 15.18359586596489 4
    endloop
  endfacet
  facet normal 0 0 1
    outer loop
      vertex -7.930805511772633 14.651260524988174 4
      vertex -5.879110790789127 15.58823811262846 4
      vertex -7.97833701223135 15.323268242180347 4
    endloop
  endfacet
  facet normal 0 0 1
    outer loop
      vertex -7.97833701223135 15.323268242180347 4
      vertex -6.992640323936939 16.586228668689728 4
      vertex -7.955829679965973 16.14635483175516 4
    endloop
  endfacet
  facet normal 0 0 1
    outer loop
      vertex -7.97833701223135 15.323268242180347 4
      vertex -6.355853818356991 16.064231492578983 4
      vertex -6.992640323936939 16.586228668689728 4
    endloop
  endfacet
  facet normal 0 0 1
    outer loop
      vertex -7.197733111679554 12.726965710520744 4
      vertex -5.201302208006382 14.606479898095131 4
      vertex -7.632712386548519 13.496092081069946 4
    endloop
  endfacet
  facet normal 0 0 1
    outer loop
      vertex -7.197733111679554 12.726965710520744 4
      vertex -4.904277451336384 13.772364564239979 4
      vertex -5.201302208006382 14.606479898095131 4
    endloop
  endfacet
  facet normal 0 0 1
    outer loop
      vertex -7.665220394730568 13.563529804348946 4
      vertex -5.2309800162911415 14.675210133194923 4
      vertex -5.337651431560516 14.872822687029839 4
    endloop
  endfacet
  facet normal 0 0 1
    outer loop
      vertex -7.665220394730568 13.563529804348946 4
      vertex -5.201302208006382 14.606479898095131 4
      vertex -5.2309800162911415 14.675210133194923 4
    endloop
  endfacet
  facet normal 0 0 1
    outer loop
      vertex -7.7447110787034035 13.773555383086205 4
      vertex -5.337651431560516 14.872822687029839 4
      vertex -5.546216405928135 15.18359586596489 4
    endloop
  endfacet
  facet normal 0 0 1
    outer loop
      vertex -7.930805511772633 14.651260524988174 4
      vertex -5.546216405928135 15.18359586596489 4
      vertex -5.879110790789127 15.58823811262846 4
    endloop
  endfacet
  facet normal 0 0 1
    outer loop
      vertex -7.97833701223135 15.323268242180347 4
      vertex -5.879110790789127 15.58823811262846 4
      vertex -6.355853818356991 16.064231492578983 4
    endloop
  endfacet
  facet normal 0 0 1
    outer loop
      vertex -8.584521420300007 11.831108495593071 4
      vertex 14.334198169410229 2.8951681777834892 4
      vertex -8.125214658677578 12.160243079066277 4
    endloop
  endfacet
  facet normal 0 0 1
    outer loop
      vertex -8.125214658677578 12.160243079066277 4
      vertex 14.334198169410229 2.8951681777834892 4
      vertex -7.3125 12.665621533989906 4
    endloop
  endfacet
  facet normal 0 0 1
    outer loop
      vertex -7.3125 12.665621533989906 4
      vertex 14.334198169410229 2.8951681777834892 4
      vertex -7.197733111679554 12.726965710520744 4
    endloop
  endfacet
  facet normal 0 0 1
    outer loop
      vertex -3.521245375275612 15.099789097905159 4
      vertex -3.3196310251951218 14.235227316617966 4
      vertex -0.8255975767970085 14.597972728312016 4
    endloop
  endfacet
  facet normal 0 0 1
    outer loop
      vertex -3.521245375275612 15.099789097905159 4
      vertex -0.8846041038632393 15.554498381912708 4
      vertex -3.5334371775388718 15.173653684556484 4
    endloop
  endfacet
  facet normal 0 0 1
    outer loop
      vertex -3.5505368933081627 15.397566862404346 4
      vertex -0.931280680000782 15.77415905892849 4
      vertex -3.543097533285618 15.771764636039734 4
    endloop
  endfacet
  facet normal 0 0 1
    outer loop
      vertex -3.5334371775388718 15.173653684556484 4
      vertex -0.8846041038632393 15.554498381912708 4
      vertex -3.5505368933081627 15.397566862404346 4
    endloop
  endfacet
  facet normal 0 0 1
    outer loop
      vertex -3.543097533285618 15.771764636039734 4
      vertex -1.249251313507557 16.61314184963703 4
      vertex -3.481815069913864 16.292147643864155 4
    endloop
  endfacet
  facet normal 0 0 1
    outer loop
      vertex -3.481815069913864 16.292147643864155 4
      vertex -1.5725800693035126 17.204168185591698 4
      vertex -3.3380947709083557 16.95032549649477 4
    endloop
  endfacet
  facet normal 0 0 1
    outer loop
      vertex -3.3380947709083557 16.95032549649477 4
      vertex -1.5725800693035126 17.204168185591698 4
      vertex -3.084608845412731 17.733730241656303 4
    endloop
  endfacet
  facet normal 0 0 1
    outer loop
      vertex -3.521245375275612 15.099789097905159 4
      vertex -0.8255975767970085 14.597972728312016 4
      vertex -0.8754919916391373 15.480191007256508 4
    endloop
  endfacet
  facet normal 0 0 1
    outer loop
      vertex -3.521245375275612 15.099789097905159 4
      vertex -0.8754919916391373 15.480191007256508 4
      vertex -0.8846041038632393 15.554498381912708 4
    endloop
  endfacet
  facet normal 0 0 1
    outer loop
      vertex -3.5505368933081627 15.397566862404346 4
      vertex -0.8846041038632393 15.554498381912708 4
      vertex -0.931280680000782 15.77415905892849 4
    endloop
  endfacet
  facet normal 0 0 1
    outer loop
      vertex -3.543097533285618 15.771764636039734 4
      vertex -0.931280680000782 15.77415905892849 4
      vertex -1.0438423827290535 16.13110327720642 4
    endloop
  endfacet
  facet normal 0 0 1
    outer loop
      vertex -3.543097533285618 15.771764636039734 4
      vertex -1.0438423827290535 16.13110327720642 4
      vertex -1.249251313507557 16.61314184963703 4
    endloop
  endfacet
  facet normal 0 0 1
    outer loop
      vertex -3.481815069913864 16.292147643864155 4
      vertex -1.249251313507557 16.61314184963703 4
      vertex -1.5725800693035126 17.204168185591698 4
    endloop
  endfacet
  facet normal 0 0 1
    outer loop
      vertex -3.084608845412731 17.733730241656303 4
      vertex -1.5725800693035126 17.204168185591698 4
      vertex -2.0365086495876312 17.884424306452274 4
    endloop
  endfacet
  facet normal 0 0 -1
    outer loop
      vertex 1.5725800693035126 -17.204168185591698 0
      vertex 3.084608845412731 -17.733730241656303 0
      vertex 2.0365086495876312 -17.884424306452274 0
    endloop
  endfacet
  facet normal 0 0 -1
    outer loop
      vertex 1.5725800693035126 -17.204168185591698 0
      vertex 1.249251313507557 -16.61314184963703 0
      vertex 3.481815069913864 -16.292147643864155 0
    endloop
  endfacet
  facet normal 0 0 -1
    outer loop
      vertex 1.0438423827290535 -16.13110327720642 0
      vertex 3.543097533285618 -15.771764636039734 0
      vertex 1.249251313507557 -16.61314184963703 0
    endloop
  endfacet
  facet normal 0 0 -1
    outer loop
      vertex 1.0438423827290535 -16.13110327720642 0
      vertex 0.931280680000782 -15.77415905892849 0
      vertex 3.543097533285618 -15.771764636039734 0
    endloop
  endfacet
  facet normal 0 0 -1
    outer loop
      vertex 0.931280680000782 -15.77415905892849 0
      vertex 0.8846041038632393 -15.554498381912708 0
      vertex 3.5505368933081627 -15.397566862404346 0
    endloop
  endfacet
  facet normal 0 0 -1
    outer loop
      vertex 0.8846041038632393 -15.554498381912708 0
      vertex 0.8754919916391373 -15.480191007256508 0
      vertex 3.521245375275612 -15.099789097905159 0
    endloop
  endfacet
  facet normal 0 0 -1
    outer loop
      vertex 0.8754919916391373 -15.480191007256508 0
      vertex 0.8255975767970085 -14.597972728312016 0
      vertex 3.521245375275612 -15.099789097905159 0
    endloop
  endfacet
  facet normal 0 0 -1
    outer loop
      vertex 1.5725800693035126 -17.204168185591698 0
      vertex 3.3380947709083557 -16.95032549649477 0
      vertex 3.084608845412731 -17.733730241656303 0
    endloop
  endfacet
  facet normal 0 0 -1
    outer loop
      vertex 1.5725800693035126 -17.204168185591698 0
      vertex 3.481815069913864 -16.292147643864155 0
      vertex 3.3380947709083557 -16.95032549649477 0
    endloop
  endfacet
  facet normal 0 0 -1
    outer loop
      vertex 1.249251313507557 -16.61314184963703 0
      vertex 3.543097533285618 -15.771764636039734 0
      vertex 3.481815069913864 -16.292147643864155 0
    endloop
  endfacet
  facet normal 0 0 -1
    outer loop
      vertex 0.8846041038632393 -15.554498381912708 0
      vertex 3.5334371775388718 -15.173653684556484 0
      vertex 3.5505368933081627 -15.397566862404346 0
    endloop
  endfacet
  facet normal 0 0 -1
    outer loop
      vertex 0.931280680000782 -15.77415905892849 0
      vertex 3.5505368933081627 -15.397566862404346 0
      vertex 3.543097533285618 -15.771764636039734 0
    endloop
  endfacet
  facet normal 0 0 -1
    outer loop
      vertex 0.8846041038632393 -15.554498381912708 0
      vertex 3.521245375275612 -15.099789097905159 0
      vertex 3.5334371775388718 -15.173653684556484 0
    endloop
  endfacet
  facet normal 0 0 -1
    outer loop
      vertex 0.8255975767970085 -14.597972728312016 0
      vertex 3.3196310251951218 -14.235227316617966 0
      vertex 3.521245375275612 -15.099789097905159 0
    endloop
  endfacet
  facet normal -0.9199577719130817 -0.39201747141768883 0
    outer loop
      vertex 1.0438423827290535 -16.13110327720642 0
      vertex 1.249251313507557 -16.61314184963703 0
      vertex 1.0438423827290535 -16.13110327720642 4
    endloop
  endfacet
  facet normal -0.9537034460380664 -0.30074862761967336 0
    outer loop
      vertex 1.0438423827290535 -16.13110327720642 0
      vertex 0.931280680000782 -15.77415905892849 4
      vertex 0.931280680000782 -15.77415905892849 0
    endloop
  endfacet
  facet normal -0.8773016259563844 -0.47993943065170647 0
    outer loop
      vertex 1.5725800693035126 -17.204168185591698 0
      vertex 1.249251313507557 -16.61314184963703 4
      vertex 1.249251313507557 -16.61314184963703 0
    endloop
  endfacet
  facet normal -0.8261608670402963 -0.5634343100763618 0
    outer loop
      vertex 1.5725800693035126 -17.204168185591698 0
      vertex 2.0365086495876312 -17.884424306452274 0
      vertex 1.5725800693035126 -17.204168185591698 4
    endloop
  endfacet
  facet normal 0.03271908942272048 -0.9994645872602732 0
    outer loop
      vertex 0 -14.625 0
      vertex 0.8255975767970085 -14.597972728312016 0
      vertex 0 -14.625 4
    endloop
  endfacet
  facet normal -0.9781600439587359 -0.2078531414307799 0
    outer loop
      vertex 0.931280680000782 -15.77415905892849 0
      vertex 0.8846041038632393 -15.554498381912708 4
      vertex 0.8846041038632393 -15.554498381912708 0
    endloop
  endfacet
  facet normal -0.9925650215329075 -0.1217155619852249 0
    outer loop
      vertex 0.8846041038632393 -15.554498381912708 0
      vertex 0.8754919916391373 -15.480191007256508 4
      vertex 0.8754919916391373 -15.480191007256508 0
    endloop
  endfacet
  facet normal -0.9984045563822955 -0.05646540352350151 0
    outer loop
      vertex 0.8754919916391373 -15.480191007256508 0
      vertex 0.8255975767970085 -14.597972728312016 4
      vertex 0.8255975767970085 -14.597972728312016 0
    endloop
  endfacet
  facet normal 0.14231484447669274 -0.9898214409890174 0
    outer loop
      vertex 2.0365086495876312 -17.884424306452274 0
      vertex 3.084608845412731 -17.733730241656303 0
      vertex 2.0365086495876312 -17.884424306452274 4
    endloop
  endfacet
  facet normal 0.9514333317574797 -0.3078548606419297 0
    outer loop
      vertex 3.084608845412731 -17.733730241656303 0
      vertex 3.3380947709083557 -16.95032549649477 0
      vertex 3.084608845412731 -17.733730241656303 4
    endloop
  endfacet
  facet normal 0.9769793116613981 -0.21333406803795066 0
    outer loop
      vertex 3.3380947709083557 -16.95032549649477 0
      vertex 3.481815069913864 -16.292147643864155 0
      vertex 3.3380947709083557 -16.95032549649477 4
    endloop
  endfacet
  facet normal 0.9931371034030734 -0.1169559483059897 0
    outer loop
      vertex 3.481815069913864 -16.292147643864155 0
      vertex 3.543097533285618 -15.771764636039734 0
      vertex 3.481815069913864 -16.292147643864155 4
    endloop
  endfacet
  facet normal 0.9998024349848607 -0.019876896094301048 0
    outer loop
      vertex 3.543097533285618 -15.771764636039734 0
      vertex 3.5505368933081627 -15.397566862404346 0
      vertex 3.543097533285618 -15.771764636039734 4
    endloop
  endfacet
  facet normal 0.9970966865171883 0.07614589769937685 0
    outer loop
      vertex 3.5505368933081627 -15.397566862404346 0
      vertex 3.5334371775388718 -15.173653684556484 0
      vertex 3.5505368933081627 -15.397566862404346 4
    endloop
  endfacet
  facet normal 0.9866503949530443 0.16285268846108097 0
    outer loop
      vertex 3.5334371775388718 -15.173653684556484 0
      vertex 3.521245375275612 -15.099789097905159 0
      vertex 3.5334371775388718 -15.173653684556484 4
    endloop
  endfacet
  facet normal 0.97387029880461 0.22710491211380662 0
    outer loop
      vertex 3.3196310251951218 -14.235227316617966 0
      vertex 3.521245375275612 -15.099789097905159 4
      vertex 3.521245375275612 -15.099789097905159 0
    endloop
  endfacet
  facet normal 0.22707624587302 -0.9738769832787998 0
    outer loop
      vertex 3.3196310251951218 -14.235227316617966 0
      vertex 3.7852285355329514 -14.126665212213993 0
      vertex 3.3196310251951218 -14.235227316617966 4
    endloop
  endfacet
  facet normal 0.2902846824164033 -0.9569403341663513 0
    outer loop
      vertex 3.7852285355329514 -14.126665212213993 0
      vertex 4.70105218142271 -13.848853141069412 0
      vertex 3.7852285355329514 -14.126665212213993 4
    endloop
  endfacet
  facet normal 0 0 -1
    outer loop
      vertex -12.932394184172153 -6.813403464853764 0
      vertex 7.3125 -12.665621533989906 0
      vertex 7.197733111679554 -12.726965710520744 0
    endloop
  endfacet
  facet normal 0 0 -1
    outer loop
      vertex -12.932394184172153 -6.813403464853764 0
      vertex 8.125214658677578 -12.160243079066277 0
      vertex 7.3125 -12.665621533989906 0
    endloop
  endfacet
  facet normal 0 0 -1
    outer loop
      vertex -12.932394184172153 -6.813403464853764 0
      vertex 8.584521420300007 -11.831108495593071 0
      vertex 8.125214658677578 -12.160243079066277 0
    endloop
  endfacet
  facet normal 0 0 -1
    outer loop
      vertex -12.932394184172153 -6.813403464853764 0
      vertex 10.490461952984333 -10.18232399970293 0
      vertex 8.584521420300007 -11.831108495593071 0
    endloop
  endfacet
  facet normal 0 0 -1
    outer loop
      vertex 6.355853818356991 -16.064231492578983 0
      vertex 5.879110790789127 -15.58823811262846 0
      vertex 7.97833701223135 -15.323268242180347 0
    endloop
  endfacet
  facet normal 0 0 -1
    outer loop
      vertex 5.546216405928135 -15.18359586596489 0
      vertex 7.930805511772633 -14.651260524988174 0
      vertex 5.879110790789127 -15.58823811262846 0
    endloop
  endfacet
  facet normal 0 0 -1
    outer loop
      vertex 5.546216405928135 -15.18359586596489 0
      vertex 5.337651431560516 -14.872822687029839 0
      vertex 7.7447110787034035 -13.773555383086205 0
    endloop
  endfacet
  facet normal 0 0 -1
    outer loop
      vertex 5.2309800162911415 -14.675210133194923 0
      vertex 5.201302208006382 -14.606479898095131 0
      vertex 7.665220394730568 -13.563529804348946 0
    endloop
  endfacet
  facet normal 0 0 -1
    outer loop
      vertex 5.337651431560516 -14.872822687029839 0
      vertex 5.2309800162911415 -14.675210133194923 0
      vertex 7.665220394730568 -13.563529804348946 0
    endloop
  endfacet
  facet normal 0 0 -1
    outer loop
      vertex 5.201302208006382 -14.606479898095131 0
      vertex 4.904277451336384 -13.772364564239979 0
      vertex 7.197733111679554 -12.726965710520744 0
    endloop
  endfacet
  facet normal 0 0 -1
    outer loop
      vertex 5.201302208006382 -14.606479898095131 0
      vertex 7.197733111679554 -12.726965710520744 0
      vertex 7.632712386548519 -13.496092081069946 0
    endloop
  endfacet
  facet normal 0 0 -1
    outer loop
      vertex 6.355853818356991 -16.064231492578983 0
      vertex 7.97833701223135 -15.323268242180347 0
      vertex 6.992640323936939 -16.586228668689728 0
    endloop
  endfacet
  facet normal 0 0 -1
    outer loop
      vertex 6.992640323936939 -16.586228668689728 0
      vertex 7.97833701223135 -15.323268242180347 0
      vertex 7.955829679965973 -16.14635483175516 0
    endloop
  endfacet
  facet normal 0 0 -1
    outer loop
      vertex 5.879110790789127 -15.58823811262846 0
      vertex 7.930805511772633 -14.651260524988174 0
      vertex 7.97833701223135 -15.323268242180347 0
    endloop
  endfacet
  facet normal 0 0 -1
    outer loop
      vertex 5.546216405928135 -15.18359586596489 0
      vertex 7.842996768653393 -14.134691417217255 0
      vertex 7.930805511772633 -14.651260524988174 0
    endloop
  endfacet
  facet normal 0 0 -1
    outer loop
      vertex 5.337651431560516 -14.872822687029839 0
      vertex 7.665220394730568 -13.563529804348946 0
      vertex 7.7447110787034035 -13.773555383086205 0
    endloop
  endfacet
  facet normal 0 0 -1
    outer loop
      vertex 5.546216405928135 -15.18359586596489 0
      vertex 7.7447110787034035 -13.773555383086205 0
      vertex 7.842996768653393 -14.134691417217255 0
    endloop
  endfacet
  facet normal 0 0 -1
    outer loop
      vertex 5.201302208006382 -14.606479898095131 0
      vertex 7.632712386548519 -13.496092081069946 0
      vertex 7.665220394730568 -13.563529804348946 0
    endloop
  endfacet
  facet normal -0.7065501851660633 -0.7076629394293599 0
    outer loop
      vertex 6.355853818356991 -16.064231492578983 0
      vertex 5.879110790789127 -15.58823811262846 4
      vertex 5.879110790789127 -15.58823811262846 0
    endloop
  endfacet
  facet normal -0.6339577553295868 -0.7733676774067246 0
    outer loop
      vertex 6.355853818356991 -16.064231492578983 0
      vertex 6.992640323936939 -16.586228668689728 0
      vertex 6.355853818356991 -16.064231492578983 4
    endloop
  endfacet
  facet normal -0.8799786730820552 -0.4750131944701592 0
    outer loop
      vertex 5.337651431560516 -14.872822687029839 0
      vertex 5.2309800162911415 -14.675210133194923 4
      vertex 5.2309800162911415 -14.675210133194923 0
    endloop
  endfacet
  facet normal -0.9180679776028079 -0.3964229918916034 0
    outer loop
      vertex 5.2309800162911415 -14.675210133194923 0
      vertex 5.201302208006382 -14.606479898095131 4
      vertex 5.201302208006382 -14.606479898095131 0
    endloop
  endfacet
  facet normal -0.8303410751650309 -0.5572555059340198 0
    outer loop
      vertex 5.546216405928135 -15.18359586596489 0
      vertex 5.337651431560516 -14.872822687029839 4
      vertex 5.337651431560516 -14.872822687029839 0
    endloop
  endfacet
  facet normal -0.9420540098076596 -0.335461238603374 0
    outer loop
      vertex 5.201302208006382 -14.606479898095131 0
      vertex 4.904277451336384 -13.772364564239979 4
      vertex 4.904277451336384 -13.772364564239979 0
    endloop
  endfacet
  facet normal 0.3522500536019485 -0.9359059246192559 0
    outer loop
      vertex 4.70105218142271 -13.848853141069412 0
      vertex 4.904277451336384 -13.772364564239979 0
      vertex 4.70105218142271 -13.848853141069412 4
    endloop
  endfacet
  facet normal -0.7722489391801902 -0.6353200578724639 0
    outer loop
      vertex 5.546216405928135 -15.18359586596489 0
      vertex 5.879110790789127 -15.58823811262846 0
      vertex 5.546216405928135 -15.18359586596489 4
    endloop
  endfacet
  facet normal 0.4154150105423827 -0.9096319964777361 0
    outer loop
      vertex 6.992640323936939 -16.586228668689728 0
      vertex 7.955829679965973 -16.14635483175516 0
      vertex 6.992640323936939 -16.586228668689728 4
    endloop
  endfacet
  facet normal 0.9996263340520741 -0.02733481789972208 0
    outer loop
      vertex 7.955829679965973 -16.14635483175516 0
      vertex 7.97833701223135 -15.323268242180347 0
      vertex 7.955829679965973 -16.14635483175516 4
    endloop
  endfacet
  facet normal 0.9649033727486425 0.2626051813241589 0
    outer loop
      vertex 7.842996768653393 -14.134691417217255 0
      vertex 7.7447110787034035 -13.773555383086205 0
      vertex 7.842996768653393 -14.134691417217255 4
    endloop
  endfacet
  facet normal 0.9352544965679865 0.3539760255290774 0
    outer loop
      vertex 7.7447110787034035 -13.773555383086205 0
      vertex 7.665220394730568 -13.563529804348946 0
      vertex 7.7447110787034035 -13.773555383086205 4
    endloop
  endfacet
  facet normal 0.900803210826481 0.434227561728528 0
    outer loop
      vertex 7.665220394730568 -13.563529804348946 0
      vertex 7.632712386548519 -13.496092081069946 0
      vertex 7.665220394730568 -13.563529804348946 4
    endloop
  endfacet
  facet normal 0.9975079386200338 0.07055432226313808 0
    outer loop
      vertex 7.97833701223135 -15.323268242180347 0
      vertex 7.930805511772633 -14.651260524988174 0
      vertex 7.97833701223135 -15.323268242180347 4
    endloop
  endfacet
  facet normal 0.985858370818296 0.16758064532485636 0
    outer loop
      vertex 7.842996768653393 -14.134691417217255 0
      vertex 7.930805511772633 -14.651260524988174 4
      vertex 7.930805511772633 -14.651260524988174 0
    endloop
  endfacet
  facet normal 0.4713967170135471 -0.8819212749383302 0
    outer loop
      vertex 7.197733111679554 -12.726965710520744 0
      vertex 7.3125 -12.665621533989906 0
      vertex 7.197733111679554 -12.726965710520744 4
    endloop
  endfacet
  facet normal 0.8704388620757386 0.4922765354841659 0
    outer loop
      vertex 7.632712386548519 -13.496092081069946 0
      vertex 7.197733111679554 -12.726965710520744 0
      vertex 7.632712386548519 -13.496092081069946 4
    endloop
  endfacet
  facet normal 0.5280678536830435 -0.8492021796407401 0
    outer loop
      vertex 7.3125 -12.665621533989906 0
      vertex 8.125214658677578 -12.160243079066277 0
      vertex 7.3125 -12.665621533989906 4
    endloop
  endfacet
  facet normal 0.5824777116773101 -0.8128466739792717 0
    outer loop
      vertex 8.125214658677578 -12.160243079066277 0
      vertex 8.584521420300007 -11.831108495593071 0
      vertex 8.125214658677578 -12.160243079066277 4
    endloop
  endfacet
  facet normal -0.8093838560335391 -0.5872799788791367 0
    outer loop
      vertex 8.584521420300007 -11.831108495593071 0
      vertex 9.10573384910822 -12.549438662827015 0
      vertex 8.584521420300007 -11.831108495593071 4
    endloop
  endfacet
  facet normal -0.9537034460380664 -0.30074862761967336 0
    outer loop
      vertex 1.0438423827290535 -16.13110327720642 0
      vertex 1.0438423827290535 -16.13110327720642 4
      vertex 0.931280680000782 -15.77415905892849 4
    endloop
  endfacet
  facet normal -0.9781600439587359 -0.2078531414307799 0
    outer loop
      vertex 0.931280680000782 -15.77415905892849 0
      vertex 0.931280680000782 -15.77415905892849 4
      vertex 0.8846041038632393 -15.554498381912708 4
    endloop
  endfacet
  facet normal -0.8773016259563844 -0.47993943065170647 0
    outer loop
      vertex 1.5725800693035126 -17.204168185591698 0
      vertex 1.5725800693035126 -17.204168185591698 4
      vertex 1.249251313507557 -16.61314184963703 4
    endloop
  endfacet
  facet normal -0.8261608670402963 -0.5634343100763618 0
    outer loop
      vertex 2.0365086495876312 -17.884424306452274 0
      vertex 2.0365086495876312 -17.884424306452274 4
      vertex 1.5725800693035126 -17.204168185591698 4
    endloop
  endfacet
  facet normal -0.9199577719130817 -0.39201747141768883 0
    outer loop
      vertex 1.249251313507557 -16.61314184963703 0
      vertex 1.249251313507557 -16.61314184963703 4
      vertex 1.0438423827290535 -16.13110327720642 4
    endloop
  endfacet
  facet normal 0.03271908942272048 -0.9994645872602732 0
    outer loop
      vertex 0.8255975767970085 -14.597972728312016 0
      vertex 0.8255975767970085 -14.597972728312016 4
      vertex 0 -14.625 4
    endloop
  endfacet
  facet normal -0.9925650215329075 -0.1217155619852249 0
    outer loop
      vertex 0.8846041038632393 -15.554498381912708 0
      vertex 0.8846041038632393 -15.554498381912708 4
      vertex 0.8754919916391373 -15.480191007256508 4
    endloop
  endfacet
  facet normal -0.9984045563822955 -0.05646540352350151 0
    outer loop
      vertex 0.8754919916391373 -15.480191007256508 0
      vertex 0.8754919916391373 -15.480191007256508 4
      vertex 0.8255975767970085 -14.597972728312016 4
    endloop
  endfacet
  facet normal 0.14231484447669274 -0.9898214409890174 0
    outer loop
      vertex 3.084608845412731 -17.733730241656303 0
      vertex 3.084608845412731 -17.733730241656303 4
      vertex 2.0365086495876312 -17.884424306452274 4
    endloop
  endfacet
  facet normal 0.9514333317574797 -0.3078548606419297 0
    outer loop
      vertex 3.3380947709083557 -16.95032549649477 0
      vertex 3.3380947709083557 -16.95032549649477 4
      vertex 3.084608845412731 -17.733730241656303 4
    endloop
  endfacet
  facet normal 0.9769793116613981 -0.21333406803795066 0
    outer loop
      vertex 3.481815069913864 -16.292147643864155 0
      vertex 3.481815069913864 -16.292147643864155 4
      vertex 3.3380947709083557 -16.95032549649477 4
    endloop
  endfacet
  facet normal 0.9931371034030734 -0.1169559483059897 0
    outer loop
      vertex 3.543097533285618 -15.771764636039734 0
      vertex 3.543097533285618 -15.771764636039734 4
      vertex 3.481815069913864 -16.292147643864155 4
    endloop
  endfacet
  facet normal 0.9998024349848607 -0.019876896094301048 0
    outer loop
      vertex 3.5505368933081627 -15.397566862404346 0
      vertex 3.5505368933081627 -15.397566862404346 4
      vertex 3.543097533285618 -15.771764636039734 4
    endloop
  endfacet
  facet normal 0.9970966865171883 0.07614589769937685 0
    outer loop
      vertex 3.5334371775388718 -15.173653684556484 0
      vertex 3.5334371775388718 -15.173653684556484 4
      vertex 3.5505368933081627 -15.397566862404346 4
    endloop
  endfacet
  facet normal 0.9866503949530443 0.16285268846108097 0
    outer loop
      vertex 3.521245375275612 -15.099789097905159 0
      vertex 3.521245375275612 -15.099789097905159 4
      vertex 3.5334371775388718 -15.173653684556484 4
    endloop
  endfacet
  facet normal 0.97387029880461 0.22710491211380662 0
    outer loop
      vertex 3.3196310251951218 -14.235227316617966 0
      vertex 3.3196310251951218 -14.235227316617966 4
      vertex 3.521245375275612 -15.099789097905159 4
    endloop
  endfacet
  facet normal 0.22707624587302 -0.9738769832787998 0
    outer loop
      vertex 3.7852285355329514 -14.126665212213993 0
      vertex 3.7852285355329514 -14.126665212213993 4
      vertex 3.3196310251951218 -14.235227316617966 4
    endloop
  endfacet
  facet normal 0.2902846824164033 -0.9569403341663513 0
    outer loop
      vertex 4.70105218142271 -13.848853141069412 0
      vertex 4.70105218142271 -13.848853141069412 4
      vertex 3.7852285355329514 -14.126665212213993 4
    endloop
  endfacet
  facet normal -0.7065501851660633 -0.7076629394293599 0
    outer loop
      vertex 6.355853818356991 -16.064231492578983 0
      vertex 6.355853818356991 -16.064231492578983 4
      vertex 5.879110790789127 -15.58823811262846 4
    endloop
  endfacet
  facet normal -0.8799786730820552 -0.4750131944701592 0
    outer loop
      vertex 5.337651431560516 -14.872822687029839 0
      vertex 5.337651431560516 -14.872822687029839 4
      vertex 5.2309800162911415 -14.675210133194923 4
    endloop
  endfacet
  facet normal -0.9180679776028079 -0.3964229918916034 0
    outer loop
      vertex 5.2309800162911415 -14.675210133194923 0
      vertex 5.2309800162911415 -14.675210133194923 4
      vertex 5.201302208006382 -14.606479898095131 4
    endloop
  endfacet
  facet normal -0.8303410751650309 -0.5572555059340198 0
    outer loop
      vertex 5.546216405928135 -15.18359586596489 0
      vertex 5.546216405928135 -15.18359586596489 4
      vertex 5.337651431560516 -14.872822687029839 4
    endloop
  endfacet
  facet normal 0.3522500536019485 -0.9359059246192559 0
    outer loop
      vertex 4.904277451336384 -13.772364564239979 0
      vertex 4.904277451336384 -13.772364564239979 4
      vertex 4.70105218142271 -13.848853141069412 4
    endloop
  endfacet
  facet normal -0.9420540098076596 -0.335461238603374 0
    outer loop
      vertex 5.201302208006382 -14.606479898095131 0
      vertex 5.201302208006382 -14.606479898095131 4
      vertex 4.904277451336384 -13.772364564239979 4
    endloop
  endfacet
  facet normal -0.7722489391801902 -0.6353200578724639 0
    outer loop
      vertex 5.879110790789127 -15.58823811262846 0
      vertex 5.879110790789127 -15.58823811262846 4
      vertex 5.546216405928135 -15.18359586596489 4
    endloop
  endfacet
  facet normal -0.6339577553295868 -0.7733676774067246 0
    outer loop
      vertex 6.992640323936939 -16.586228668689728 0
      vertex 6.992640323936939 -16.586228668689728 4
      vertex 6.355853818356991 -16.064231492578983 4
    endloop
  endfacet
  facet normal 0.4154150105423827 -0.9096319964777361 0
    outer loop
      vertex 7.955829679965973 -16.14635483175516 0
      vertex 7.955829679965973 -16.14635483175516 4
      vertex 6.992640323936939 -16.586228668689728 4
    endloop
  endfacet
  facet normal 0.9649033727486425 0.2626051813241589 0
    outer loop
      vertex 7.7447110787034035 -13.773555383086205 0
      vertex 7.7447110787034035 -13.773555383086205 4
      vertex 7.842996768653393 -14.134691417217255 4
    endloop
  endfacet
  facet normal 0.9352544965679865 0.3539760255290774 0
    outer loop
      vertex 7.665220394730568 -13.563529804348946 0
      vertex 7.665220394730568 -13.563529804348946 4
      vertex 7.7447110787034035 -13.773555383086205 4
    endloop
  endfacet
  facet normal 0.900803210826481 0.434227561728528 0
    outer loop
      vertex 7.632712386548519 -13.496092081069946 0
      vertex 7.632712386548519 -13.496092081069946 4
      vertex 7.665220394730568 -13.563529804348946 4
    endloop
  endfacet
  facet normal 0.9996263340520741 -0.02733481789972208 0
    outer loop
      vertex 7.97833701223135 -15.323268242180347 0
      vertex 7.97833701223135 -15.323268242180347 4
      vertex 7.955829679965973 -16.14635483175516 4
    endloop
  endfacet
  facet normal 0.9975079386200338 0.07055432226313808 0
    outer loop
      vertex 7.930805511772633 -14.651260524988174 0
      vertex 7.930805511772633 -14.651260524988174 4
      vertex 7.97833701223135 -15.323268242180347 4
    endloop
  endfacet
  facet normal 0.985858370818296 0.16758064532485636 0
    outer loop
      vertex 7.842996768653393 -14.134691417217255 0
      vertex 7.842996768653393 -14.134691417217255 4
      vertex 7.930805511772633 -14.651260524988174 4
    endloop
  endfacet
  facet normal 0.4713967170135471 -0.8819212749383302 0
    outer loop
      vertex 7.3125 -12.665621533989906 0
      vertex 7.3125 -12.665621533989906 4
      vertex 7.197733111679554 -12.726965710520744 4
    endloop
  endfacet
  facet normal 0.8704388620757386 0.4922765354841659 0
    outer loop
      vertex 7.197733111679554 -12.726965710520744 0
      vertex 7.197733111679554 -12.726965710520744 4
      vertex 7.632712386548519 -13.496092081069946 4
    endloop
  endfacet
  facet normal 0.5280678536830435 -0.8492021796407401 0
    outer loop
      vertex 8.125214658677578 -12.160243079066277 0
      vertex 8.125214658677578 -12.160243079066277 4
      vertex 7.3125 -12.665621533989906 4
    endloop
  endfacet
  facet normal -0.8093838560335391 -0.5872799788791367 0
    outer loop
      vertex 9.10573384910822 -12.549438662827015 0
      vertex 9.10573384910822 -12.549438662827015 4
      vertex 8.584521420300007 -11.831108495593071 4
    endloop
  endfacet
  facet normal 0.5824777116773101 -0.8128466739792717 0
    outer loop
      vertex 8.584521420300007 -11.831108495593071 0
      vertex 8.584521420300007 -11.831108495593071 4
      vertex 8.125214658677578 -12.160243079066277 4
    endloop
  endfacet
  facet normal 0 0 -1
    outer loop
      vertex -12.932394184172153 -6.813403464853764 0
      vertex 10.995657183229923 -9.642932549118996 0
      vertex 10.490461952984333 -10.18232399970293 0
    endloop
  endfacet
  facet normal 0 0 -1
    outer loop
      vertex -12.932394184172153 -6.813403464853764 0
      vertex 11.574905388057232 -8.93711655586958 0
      vertex 10.995657183229923 -9.642932549118996 0
    endloop
  endfacet
  facet normal 0 0 -1
    outer loop
      vertex -12.932394184172153 -6.813403464853764 0
      vertex 12.932394184172153 -6.813403464853764 0
      vertex 11.574905388057232 -8.93711655586958 0
    endloop
  endfacet
  facet normal 0 0 -1
    outer loop
      vertex -14.334198169410229 -2.8951681777834892 0
      vertex 13.116763845086098 -6.468472093343735 0
      vertex 12.932394184172153 -6.813403464853764 0
    endloop
  endfacet
  facet normal 0 0 -1
    outer loop
      vertex -14.334198169410229 -2.8951681777834892 0
      vertex 13.511738166213036 -5.596745200455189 0
      vertex 13.116763845086098 -6.468472093343735 0
    endloop
  endfacet
  facet normal 0 0 -1
    outer loop
      vertex -14.334198169410229 -2.8951681777834892 0
      vertex 13.61886951327324 -5.312104023993015 0
      vertex 13.511738166213036 -5.596745200455189 0
    endloop
  endfacet
  facet normal 0 0 -1
    outer loop
      vertex -14.334198169410229 -2.8951681777834892 0
      vertex 14.334198169410229 -2.8951681777834892 0
      vertex 13.61886951327324 -5.312104023993015 0
    endloop
  endfacet
  facet normal 0 0 -1
    outer loop
      vertex 14.334198169410229 -2.8951681777834892 0
      vertex 0 -1.6 0
      vertex 0.10464500676822891 -1.5965742771817657 0
    endloop
  endfacet
  facet normal 0 0 -1
    outer loop
      vertex 14.334198169410229 -2.8951681777834892 0
      vertex 0.10464500676822891 -1.5965742771817657 0
      vertex 0.20884190755208254 -1.5863117781980967 0
    endloop
  endfacet
  facet normal 0 0 -1
    outer loop
      vertex 14.334198169410229 -2.8951681777834892 0
      vertex 0.20884190755208254 -1.5863117781980967 0
      vertex 0.3121445152258052 -1.5692564486451688 0
    endloop
  endfacet
  facet normal 0 0 -1
    outer loop
      vertex 14.334198169410229 -2.8951681777834892 0
      vertex 0.3121445152258052 -1.5692564486451688 0
      vertex 0.4141104721640332 -1.5454813220625094 0
    endloop
  endfacet
  facet normal 0 0 -1
    outer loop
      vertex 14.334198169410229 -2.8951681777834892 0
      vertex 0.4141104721640332 -1.5454813220625094 0
      vertex 0.5143031444850585 -1.5150882071921692 0
    endloop
  endfacet
  facet normal 0 0 -1
    outer loop
      vertex 14.334198169410229 -2.8951681777834892 0
      vertex 0.5143031444850585 -1.5150882071921692 0
      vertex 0.6122934917841437 -1.478207252018059 0
    endloop
  endfacet
  facet normal 0 0 -1
    outer loop
      vertex 14.334198169410229 -2.8951681777834892 0
      vertex 0.6122934917841437 -1.478207252018059 0
      vertex 0.7076619043504021 -1.4349963864523012 0
    endloop
  endfacet
  facet normal 0 0 -1
    outer loop
      vertex 14.334198169410229 -2.8951681777834892 0
      vertex 0.7076619043504021 -1.4349963864523012 0
      vertex 0.8 -1.3856406460551018 0
    endloop
  endfacet
  facet normal 0 0 -1
    outer loop
      vertex 14.334198169410229 -2.8951681777834892 0
      vertex 0.8 -1.3856406460551018 0
      vertex 0.8889123728313635 -1.3303513796840725 0
    endloop
  endfacet
  facet normal 0 0 -1
    outer loop
      vertex 14.334198169410229 -2.8951681777834892 0
      vertex 0.8889123728313635 -1.3303513796840725 0
      vertex 0.974018286413953 -1.2693653444659763 0
    endloop
  endfacet
  facet normal 0 0 -1
    outer loop
      vertex 14.334198169410229 -2.8951681777834892 0
      vertex 0.974018286413953 -1.2693653444659763 0
      vertex 1.0549533041601102 -1.202943691966364 0
    endloop
  endfacet
  facet normal 0 0 -1
    outer loop
      vertex 14.334198169410229 -2.8951681777834892 0
      vertex 1.0549533041601102 -1.202943691966364 0
      vertex 1.1313708498984762 -1.1313708498984762 0
    endloop
  endfacet
  facet normal 0 0 -1
    outer loop
      vertex 14.334198169410229 -2.8951681777834892 0
      vertex 1.1313708498984762 -1.1313708498984762 0
      vertex 1.202943691966364 -1.0549533041601102 0
    endloop
  endfacet
  facet normal 0 0 -1
    outer loop
      vertex 14.334198169410229 -2.8951681777834892 0
      vertex 1.202943691966364 -1.0549533041601102 0
      vertex 1.2693653444659763 -0.974018286413953 0
    endloop
  endfacet
  facet normal 0 0 -1
    outer loop
      vertex 14.334198169410229 -2.8951681777834892 0
      vertex 1.2693653444659763 -0.974018286413953 0
      vertex 1.3303513796840725 -0.8889123728313635 0
    endloop
  endfacet
  facet normal 0 0 -1
    outer loop
      vertex 14.334198169410229 -2.8951681777834892 0
      vertex 1.3303513796840725 -0.8889123728313635 0
      vertex 1.3856406460551018 -0.8 0
    endloop
  endfacet
  facet normal 0 0 -1
    outer loop
      vertex 14.334198169410229 -2.8951681777834892 0
      vertex 1.3856406460551018 -0.8 0
      vertex 1.4349963864523012 -0.7076619043504021 0
    endloop
  endfacet
  facet normal 0 0 -1
    outer loop
      vertex 14.334198169410229 -2.8951681777834892 0
      vertex 1.4349963864523012 -0.7076619043504021 0
      vertex 1.478207252018059 -0.6122934917841437 0
    endloop
  endfacet
  facet normal 0 0 -1
    outer loop
      vertex 14.334198169410229 -2.8951681777834892 0
      vertex 1.478207252018059 -0.6122934917841437 0
      vertex 1.5150882071921692 -0.5143031444850585 0
    endloop
  endfacet
  facet normal 0 0 -1
    outer loop
      vertex 14.334198169410229 -2.8951681777834892 0
      vertex 1.5150882071921692 -0.5143031444850585 0
      vertex 1.5454813220625094 -0.4141104721640332 0
    endloop
  endfacet
  facet normal 0 0 -1
    outer loop
      vertex 14.334198169410229 -2.8951681777834892 0
      vertex 1.5454813220625094 -0.4141104721640332 0
      vertex 1.5692564486451688 -0.3121445152258052 0
    endloop
  endfacet
  facet normal 0 0 -1
    outer loop
      vertex 14.334198169410229 -2.8951681777834892 0
      vertex 1.5692564486451688 -0.3121445152258052 0
      vertex 1.5863117781980967 -0.20884190755208254 0
    endloop
  endfacet
  facet normal 0 0 -1
    outer loop
      vertex 14.499881096184254 -1.9089455604553223 0
      vertex 1.5863117781980967 -0.20884190755208254 0
      vertex 1.5965742771817657 -0.10464500676822891 0
    endloop
  endfacet
  facet normal 0 0 -1
    outer loop
      vertex 14.499881096184254 -1.9089455604553223 0
      vertex 1.5965742771817657 -0.10464500676822891 0
      vertex 1.6 0 0
    endloop
  endfacet
  facet normal 0 0 -1
    outer loop
      vertex 14.499881096184254 -1.9089455604553223 0
      vertex 1.6 0 0
      vertex 1.5965742771817657 0.10464500676822891 0
    endloop
  endfacet
  facet normal 0 0 -1
    outer loop
      vertex 14.499881096184254 -1.9089455604553223 0
      vertex 1.5965742771817657 0.10464500676822891 0
      vertex 1.5863117781980967 0.20884190755208254 0
    endloop
  endfacet
  facet normal 0 0 -1
    outer loop
      vertex 14.499881096184254 -1.9089455604553223 0
      vertex 1.5863117781980967 0.20884190755208254 0
      vertex 1.5692564486451688 0.3121445152258052 0
    endloop
  endfacet
  facet normal 0 0 -1
    outer loop
      vertex 14.563792057335377 -1.2600466758012772 0
      vertex 1.5692564486451688 0.3121445152258052 0
      vertex 1.5454813220625094 0.4141104721640332 0
    endloop
  endfacet
  facet normal 0 0 -1
    outer loop
      vertex 14.563792057335377 -1.2600466758012772 0
      vertex 1.5454813220625094 0.4141104721640332 0
      vertex 1.5150882071921692 0.5143031444850585 0
    endloop
  endfacet
  facet normal 0 0 -1
    outer loop
      vertex 14.563792057335377 -1.2600466758012772 0
      vertex 1.5150882071921692 0.5143031444850585 0
      vertex 1.478207252018059 0.6122934917841437 0
    endloop
  endfacet
  facet normal -0.390395154032958 -0.9206473937982897 0
    outer loop
      vertex 10.624214090406895 -13.622866295278072 0
      vertex 11.382269874215126 -13.944315426051617 0
      vertex 10.624214090406895 -13.622866295278072 4
    endloop
  endfacet
  facet normal 0.6548607329664639 -0.7557495752024116 0
    outer loop
      vertex 11.382269874215126 -13.944315426051617 0
      vertex 12.182516507804394 -13.250897772610188 0
      vertex 11.382269874215126 -13.944315426051617 4
    endloop
  endfacet
  facet normal 0 0 -1
    outer loop
      vertex 8.584521420300007 -11.831108495593071 0
      vertex 10.490461952984333 -10.18232399970293 0
      vertex 9.10573384910822 -12.549438662827015 0
    endloop
  endfacet
  facet normal 0 0 -1
    outer loop
      vertex 9.153573043644428 -12.607023634016514 0
      vertex 9.10573384910822 -12.549438662827015 0
      vertex 11.17601303756237 -10.854569397866726 0
    endloop
  endfacet
  facet normal 0 0 -1
    outer loop
      vertex 9.153573043644428 -12.607023634016514 0
      vertex 11.17601303756237 -10.854569397866726 0
      vertex 9.311597414314747 -12.766578681766987 0
    endloop
  endfacet
  facet normal 0 0 -1
    outer loop
      vertex 9.311597414314747 -12.766578681766987 0
      vertex 11.507503040134907 -11.352509565651417 0
      vertex 9.599268957972527 -13.006003819406033 0
    endloop
  endfacet
  facet normal 0 0 -1
    outer loop
      vertex 9.599268957972527 -13.006003819406033 0
      vertex 11.507503040134907 -11.352509565651417 0
      vertex 10.032679677009583 -13.300468020141125 0
    endloop
  endfacet
  facet normal 0 0 -1
    outer loop
      vertex 10.624214090406895 -13.622866295278072 0
      vertex 10.032679677009583 -13.300468020141125 0
      vertex 11.737289249897003 -11.823415420949459 0
    endloop
  endfacet
  facet normal 0 0 -1
    outer loop
      vertex 9.311597414314747 -12.766578681766987 0
      vertex 11.17601303756237 -10.854569397866726 0
      vertex 11.311454840004444 -11.033692352473736 0
    endloop
  endfacet
  facet normal 0 0 -1
    outer loop
      vertex 9.10573384910822 -12.549438662827015 0
      vertex 11.125822432339191 -10.799021944403648 0
      vertex 11.17601303756237 -10.854569397866726 0
    endloop
  endfacet
  facet normal 0 0 -1
    outer loop
      vertex 10.032679677009583 -13.300468020141125 0
      vertex 11.507503040134907 -11.352509565651417 0
      vertex 11.737289249897003 -11.823415420949459 0
    endloop
  endfacet
  facet normal 0 0 -1
    outer loop
      vertex 9.311597414314747 -12.766578681766987 0
      vertex 11.311454840004444 -11.033692352473736 0
      vertex 11.507503040134907 -11.352509565651417 0
    endloop
  endfacet
  facet normal 0 0 -1
    outer loop
      vertex 9.10573384910822 -12.549438662827015 0
      vertex 10.490461952984333 -10.18232399970293 0
      vertex 11.125822432339191 -10.799021944403648 0
    endloop
  endfacet
  facet normal 0 0 -1
    outer loop
      vertex 10.624214090406895 -13.622866295278072 0
      vertex 11.972221851348877 -12.454810924828053 0
      vertex 11.382269874215126 -13.944315426051617 0
    endloop
  endfacet
  facet normal 0 0 -1
    outer loop
      vertex 10.624214090406895 -13.622866295278072 0
      vertex 11.737289249897003 -11.823415420949459 0
      vertex 11.972221851348877 -12.454810924828053 0
    endloop
  endfacet
  facet normal 0 0 -1
    outer loop
      vertex 11.382269874215126 -13.944315426051617 0
      vertex 11.972221851348877 -12.454810924828053 0
      vertex 12.182516507804394 -13.250897772610188 0
    endloop
  endfacet
  facet normal 0 0 -1
    outer loop
      vertex 12.531173139810562 -9.626062393188477 0
      vertex 14.23973985761404 -7.650614909827709 0
      vertex 12.874645821750164 -9.77474269270897 0
    endloop
  endfacet
  facet normal -0.7105066590772278 -0.7036904769903569 0
    outer loop
      vertex 9.153573043644428 -12.607023634016514 0
      vertex 9.311597414314747 -12.766578681766987 0
      vertex 9.153573043644428 -12.607023634016514 4
    endloop
  endfacet
  facet normal -0.7691944941562935 -0.6390147339143627 0
    outer loop
      vertex 9.153573043644428 -12.607023634016514 0
      vertex 9.10573384910822 -12.549438662827015 4
      vertex 9.10573384910822 -12.549438662827015 0
    endloop
  endfacet
  facet normal -0.6397094161272717 -0.7686168505296413 0
    outer loop
      vertex 9.311597414314747 -12.766578681766987 0
      vertex 9.599268957972527 -13.006003819406033 0
      vertex 9.311597414314747 -12.766578681766987 4
    endloop
  endfacet
  facet normal -0.5619770785158887 -0.8271528052438356 0
    outer loop
      vertex 9.599268957972527 -13.006003819406033 0
      vertex 10.032679677009583 -13.300468020141125 0
      vertex 9.599268957972527 -13.006003819406033 4
    endloop
  endfacet
  facet normal -0.4785582554373623 -0.8780558046916769 0
    outer loop
      vertex 10.624214090406895 -13.622866295278072 0
      vertex 10.032679677009583 -13.300468020141125 4
      vertex 10.032679677009583 -13.300468020141125 0
    endloop
  endfacet
  facet normal 0.74197830274959 0.6704238944495026 0
    outer loop
      vertex 11.125822432339191 -10.799021944403648 0
      vertex 11.17601303756237 -10.854569397866726 4
      vertex 11.17601303756237 -10.854569397866726 0
    endloop
  endfacet
  facet normal 0.6964896471487839 0.7175668410779323 0
    outer loop
      vertex 10.490461952984333 -10.18232399970293 0
      vertex 11.125822432339191 -10.799021944403648 4
      vertex 11.125822432339191 -10.799021944403648 0
    endloop
  endfacet
  facet normal 0.729864068203848 -0.6835923068210532 0
    outer loop
      vertex 10.490461952984333 -10.18232399970293 0
      vertex 10.995657183229923 -9.642932549118996 0
      vertex 10.490461952984333 -10.18232399970293 4
    endloop
  endfacet
  facet normal 0.7730104593029077 -0.6343932769255266 0
    outer loop
      vertex 10.995657183229923 -9.642932549118996 0
      vertex 11.574905388057232 -8.93711655586958 0
      vertex 10.995657183229923 -9.642932549118996 4
    endloop
  endfacet
  facet normal 0.9668355536404488 0.2553997106826217 0
    outer loop
      vertex 12.182516507804394 -13.250897772610188 0
      vertex 11.972221851348877 -12.454810924828053 0
      vertex 12.182516507804394 -13.250897772610188 4
    endloop
  endfacet
  facet normal 0.8518335889979218 0.5238125014305401 0
    outer loop
      vertex 11.507503040134907 -11.352509565651417 0
      vertex 11.311454840004444 -11.033692352473736 0
      vertex 11.507503040134907 -11.352509565651417 4
    endloop
  endfacet
  facet normal 0.8987112572727591 0.4385408487828887 0
    outer loop
      vertex 11.737289249897003 -11.823415420949459 0
      vertex 11.507503040134907 -11.352509565651417 0
      vertex 11.737289249897003 -11.823415420949459 4
    endloop
  endfacet
  facet normal 0.9372244031570418 0.3487268531772778 0
    outer loop
      vertex 11.972221851348877 -12.454810924828053 0
      vertex 11.737289249897003 -11.823415420949459 0
      vertex 11.972221851348877 -12.454810924828053 4
    endloop
  endfacet
  facet normal 0.7976435354446317 0.6031291655718438 0
    outer loop
      vertex 11.17601303756237 -10.854569397866726 0
      vertex 11.311454840004444 -11.033692352473736 4
      vertex 11.311454840004444 -11.033692352473736 0
    endloop
  endfacet
  facet normal -0.6111422372001225 -0.7915207931002377 0
    outer loop
      vertex 12.272473089396954 -9.475716538727283 0
      vertex 11.574905388057232 -8.93711655586958 4
      vertex 11.574905388057232 -8.93711655586958 0
    endloop
  endfacet
  facet normal -0.5580054888737332 -0.8298372577721406 0
    outer loop
      vertex 12.334598019719124 -9.517491057515144 0
      vertex 12.272473089396954 -9.475716538727283 4
      vertex 12.272473089396954 -9.475716538727283 0
    endloop
  endfacet
  facet normal -0.48347363349509836 -0.8753589239363744 0
    outer loop
      vertex 12.334598019719124 -9.517491057515144 0
      vertex 12.531173139810562 -9.626062393188477 0
      vertex 12.334598019719124 -9.517491057515144 4
    endloop
  endfacet
  facet normal -0.39725230252191185 -0.917709435573722 0
    outer loop
      vertex 12.531173139810562 -9.626062393188477 0
      vertex 12.874645821750164 -9.77474269270897 0
      vertex 12.531173139810562 -9.626062393188477 4
    endloop
  endfacet
  facet normal -0.30617718597905175 -0.9519745431396519 0
    outer loop
      vertex 12.874645821750164 -9.77474269270897 0
      vertex 13.37346051633358 -9.935173116624355 0
      vertex 12.874645821750164 -9.77474269270897 4
    endloop
  endfacet
  facet normal 0 0 -1
    outer loop
      vertex 12.874645821750164 -9.77474269270897 0
      vertex 14.23973985761404 -7.650614909827709 0
      vertex 13.37346051633358 -9.935173116624355 0
    endloop
  endfacet
  facet normal 0 0 -1
    outer loop
      vertex 13.37346051633358 -9.935173116624355 0
      vertex 14.592887617647648 -8.037707507610321 0
      vertex 14.03186371922493 -10.077857486903667 0
    endloop
  endfacet
  facet normal 0 0 -1
    outer loop
      vertex 14.03186371922493 -10.077857486903667 0
      vertex 15.422248296439648 -9.281931780278683 0
      vertex 14.849775604903698 -10.172716677188873 0
    endloop
  endfacet
  facet normal 0 0 -1
    outer loop
      vertex 14.03186371922493 -10.077857486903667 0
      vertex 14.996188469231129 -8.5773388966918 0
      vertex 15.422248296439648 -9.281931780278683 0
    endloop
  endfacet
  facet normal -0.11520506530325174 -0.9933417301857773 0
    outer loop
      vertex 14.03186371922493 -10.077857486903667 0
      vertex 14.849775604903698 -10.172716677188873 0
      vertex 14.03186371922493 -10.077857486903667 4
    endloop
  endfacet
  facet normal -0.2117963674327343 -0.9773138179429872 0
    outer loop
      vertex 13.37346051633358 -9.935173116624355 0
      vertex 14.03186371922493 -10.077857486903667 0
      vertex 13.37346051633358 -9.935173116624355 4
    endloop
  endfacet
  facet normal 0.8412535331572537 -0.5406408169482189 0
    outer loop
      vertex 14.849775604903698 -10.172716677188873 0
      vertex 15.422248296439648 -9.281931780278683 0
      vertex 14.849775604903698 -10.172716677188873 4
    endloop
  endfacet
  facet normal 0.8557175068177231 0.5174432804913598 0
    outer loop
      vertex 15.422248296439648 -9.281931780278683 0
      vertex 14.996188469231129 -8.5773388966918 0
      vertex 15.422248296439648 -9.281931780278683 4
    endloop
  endfacet
  facet normal -0.4785582554373623 -0.8780558046916769 0
    outer loop
      vertex 10.624214090406895 -13.622866295278072 0
      vertex 10.624214090406895 -13.622866295278072 4
      vertex 10.032679677009583 -13.300468020141125 4
    endloop
  endfacet
  facet normal -0.390395154032958 -0.9206473937982897 0
    outer loop
      vertex 11.382269874215126 -13.944315426051617 0
      vertex 11.382269874215126 -13.944315426051617 4
      vertex 10.624214090406895 -13.622866295278072 4
    endloop
  endfacet
  facet normal 0.6548607329664639 -0.7557495752024116 0
    outer loop
      vertex 12.182516507804394 -13.250897772610188 0
      vertex 12.182516507804394 -13.250897772610188 4
      vertex 11.382269874215126 -13.944315426051617 4
    endloop
  endfacet
  facet normal -0.6397094161272717 -0.7686168505296413 0
    outer loop
      vertex 9.599268957972527 -13.006003819406033 0
      vertex 9.599268957972527 -13.006003819406033 4
      vertex 9.311597414314747 -12.766578681766987 4
    endloop
  endfacet
  facet normal -0.7691944941562935 -0.6390147339143627 0
    outer loop
      vertex 9.153573043644428 -12.607023634016514 0
      vertex 9.153573043644428 -12.607023634016514 4
      vertex 9.10573384910822 -12.549438662827015 4
    endloop
  endfacet
  facet normal -0.7105066590772278 -0.7036904769903569 0
    outer loop
      vertex 9.311597414314747 -12.766578681766987 0
      vertex 9.311597414314747 -12.766578681766987 4
      vertex 9.153573043644428 -12.607023634016514 4
    endloop
  endfacet
  facet normal -0.5619770785158887 -0.8271528052438356 0
    outer loop
      vertex 10.032679677009583 -13.300468020141125 0
      vertex 10.032679677009583 -13.300468020141125 4
      vertex 9.599268957972527 -13.006003819406033 4
    endloop
  endfacet
  facet normal 0.7976435354446317 0.6031291655718438 0
    outer loop
      vertex 11.17601303756237 -10.854569397866726 0
      vertex 11.17601303756237 -10.854569397866726 4
      vertex 11.311454840004444 -11.033692352473736 4
    endloop
  endfacet
  facet normal 0.74197830274959 0.6704238944495026 0
    outer loop
      vertex 11.125822432339191 -10.799021944403648 0
      vertex 11.125822432339191 -10.799021944403648 4
      vertex 11.17601303756237 -10.854569397866726 4
    endloop
  endfacet
  facet normal 0.6964896471487839 0.7175668410779323 0
    outer loop
      vertex 10.490461952984333 -10.18232399970293 0
      vertex 10.490461952984333 -10.18232399970293 4
      vertex 11.125822432339191 -10.799021944403648 4
    endloop
  endfacet
  facet normal 0.729864068203848 -0.6835923068210532 0
    outer loop
      vertex 10.995657183229923 -9.642932549118996 0
      vertex 10.995657183229923 -9.642932549118996 4
      vertex 10.490461952984333 -10.18232399970293 4
    endloop
  endfacet
  facet normal 0.9668355536404488 0.2553997106826217 0
    outer loop
      vertex 11.972221851348877 -12.454810924828053 0
      vertex 11.972221851348877 -12.454810924828053 4
      vertex 12.182516507804394 -13.250897772610188 4
    endloop
  endfacet
  facet normal 0.8987112572727591 0.4385408487828887 0
    outer loop
      vertex 11.507503040134907 -11.352509565651417 0
      vertex 11.507503040134907 -11.352509565651417 4
      vertex 11.737289249897003 -11.823415420949459 4
    endloop
  endfacet
  facet normal 0.9372244031570418 0.3487268531772778 0
    outer loop
      vertex 11.737289249897003 -11.823415420949459 0
      vertex 11.737289249897003 -11.823415420949459 4
      vertex 11.972221851348877 -12.454810924828053 4
    endloop
  endfacet
  facet normal 0.8518335889979218 0.5238125014305401 0
    outer loop
      vertex 11.311454840004444 -11.033692352473736 0
      vertex 11.311454840004444 -11.033692352473736 4
      vertex 11.507503040134907 -11.352509565651417 4
    endloop
  endfacet
  facet normal 0.7730104593029077 -0.6343932769255266 0
    outer loop
      vertex 11.574905388057232 -8.93711655586958 0
      vertex 11.574905388057232 -8.93711655586958 4
      vertex 10.995657183229923 -9.642932549118996 4
    endloop
  endfacet
  facet normal -0.5580054888737332 -0.8298372577721406 0
    outer loop
      vertex 12.334598019719124 -9.517491057515144 0
      vertex 12.334598019719124 -9.517491057515144 4
      vertex 12.272473089396954 -9.475716538727283 4
    endloop
  endfacet
  facet normal -0.6111422372001225 -0.7915207931002377 0
    outer loop
      vertex 12.272473089396954 -9.475716538727283 0
      vertex 12.272473089396954 -9.475716538727283 4
      vertex 11.574905388057232 -8.93711655586958 4
    endloop
  endfacet
  facet normal -0.48347363349509836 -0.8753589239363744 0
    outer loop
      vertex 12.531173139810562 -9.626062393188477 0
      vertex 12.531173139810562 -9.626062393188477 4
      vertex 12.334598019719124 -9.517491057515144 4
    endloop
  endfacet
  facet normal -0.39725230252191185 -0.917709435573722 0
    outer loop
      vertex 12.874645821750164 -9.77474269270897 0
      vertex 12.874645821750164 -9.77474269270897 4
      vertex 12.531173139810562 -9.626062393188477 4
    endloop
  endfacet
  facet normal -0.30617718597905175 -0.9519745431396519 0
    outer loop
      vertex 13.37346051633358 -9.935173116624355 0
      vertex 13.37346051633358 -9.935173116624355 4
      vertex 12.874645821750164 -9.77474269270897 4
    endloop
  endfacet
  facet normal -0.11520506530325174 -0.9933417301857773 0
    outer loop
      vertex 14.849775604903698 -10.172716677188873 0
      vertex 14.849775604903698 -10.172716677188873 4
      vertex 14.03186371922493 -10.077857486903667 4
    endloop
  endfacet
  facet normal -0.2117963674327343 -0.9773138179429872 0
    outer loop
      vertex 14.03186371922493 -10.077857486903667 0
      vertex 14.03186371922493 -10.077857486903667 4
      vertex 13.37346051633358 -9.935173116624355 4
    endloop
  endfacet
  facet normal 0.8412535331572537 -0.5406408169482189 0
    outer loop
      vertex 15.422248296439648 -9.281931780278683 0
      vertex 15.422248296439648 -9.281931780278683 4
      vertex 14.849775604903698 -10.172716677188873 4
    endloop
  endfacet
  facet normal 0 0 -1
    outer loop
      vertex 12.272473089396954 -9.475716538727283 0
      vertex 11.574905388057232 -8.93711655586958 0
      vertex 13.717584513127804 -7.227079272270203 0
    endloop
  endfacet
  facet normal 0 0 -1
    outer loop
      vertex 12.334598019719124 -9.517491057515144 0
      vertex 13.781391575932503 -7.266236342489719 0
      vertex 12.531173139810562 -9.626062393188477 0
    endloop
  endfacet
  facet normal 0 0 -1
    outer loop
      vertex 12.334598019719124 -9.517491057515144 0
      vertex 12.272473089396954 -9.475716538727283 0
      vertex 13.781391575932503 -7.266236342489719 0
    endloop
  endfacet
  facet normal 0 0 -1
    outer loop
      vertex 12.272473089396954 -9.475716538727283 0
      vertex 13.717584513127804 -7.227079272270203 0
      vertex 13.781391575932503 -7.266236342489719 0
    endloop
  endfacet
  facet normal 0 0 -1
    outer loop
      vertex 12.531173139810562 -9.626062393188477 0
      vertex 13.781391575932503 -7.266236342489719 0
      vertex 13.961811803281307 -7.399945192039013 0
    endloop
  endfacet
  facet normal 0 0 -1
    outer loop
      vertex 11.574905388057232 -8.93711655586958 0
      vertex 12.932394184172153 -6.813403464853764 0
      vertex 13.717584513127804 -7.227079272270203 0
    endloop
  endfacet
  facet normal 0.46611498349831193 0.884724150319391 0
    outer loop
      vertex 12.932394184172153 -6.813403464853764 0
      vertex 13.717584513127804 -7.227079272270203 4
      vertex 13.717584513127804 -7.227079272270203 0
    endloop
  endfacet
  facet normal 0.8819212625380908 -0.4713967402127638 0
    outer loop
      vertex 12.932394184172153 -6.813403464853764 0
      vertex 13.116763845086098 -6.468472093343735 0
      vertex 12.932394184172153 -6.813403464853764 4
    endloop
  endfacet
  facet normal 0.9108638231433276 -0.4127070337281895 0
    outer loop
      vertex 13.116763845086098 -6.468472093343735 0
      vertex 13.511738166213036 -5.596745200455189 0
      vertex 13.116763845086098 -6.468472093343735 4
    endloop
  endfacet
  facet normal 0 0 -1
    outer loop
      vertex 14.334198169410229 -2.8951681777834892 0
      vertex 1.5863117781980967 -0.20884190755208254 0
      vertex 14.343984723091125 -2.853195957839489 0
    endloop
  endfacet
  facet normal 0 0 -1
    outer loop
      vertex 14.343984723091125 -2.853195957839489 0
      vertex 1.5863117781980967 -0.20884190755208254 0
      vertex 14.499881096184254 -1.9089455604553223 0
    endloop
  endfacet
  facet normal 0 0 -1
    outer loop
      vertex 14.499881096184254 -1.9089455604553223 0
      vertex 1.5692564486451688 0.3121445152258052 0
      vertex 14.563792057335377 -1.2600466758012772 0
    endloop
  endfacet
  facet normal 0 0 -1
    outer loop
      vertex 12.531173139810562 -9.626062393188477 0
      vertex 13.961811803281307 -7.399945192039013 0
      vertex 14.23973985761404 -7.650614909827709 0
    endloop
  endfacet
  facet normal 0 0 -1
    outer loop
      vertex 13.37346051633358 -9.935173116624355 0
      vertex 14.23973985761404 -7.650614909827709 0
      vertex 14.592887617647648 -8.037707507610321 0
    endloop
  endfacet
  facet normal 0 0 -1
    outer loop
      vertex 14.03186371922493 -10.077857486903667 0
      vertex 14.592887617647648 -8.037707507610321 0
      vertex 14.996188469231129 -8.5773388966918 0
    endloop
  endfacet
  facet normal 0 0 -1
    outer loop
      vertex 14.444969549775124 -5.634328216314316 0
      vertex 13.61886951327324 -5.312104023993015 0
      vertex 14.334198169410229 -2.8951681777834892 0
    endloop
  endfacet
  facet normal 0 0 -1
    outer loop
      vertex 14.444969549775124 -5.634328216314316 0
      vertex 15.270283728837967 -3.0892360284924507 0
      vertex 14.516347222030163 -5.656907953321934 0
    endloop
  endfacet
  facet normal 0 0 -1
    outer loop
      vertex 14.516347222030163 -5.656907953321934 0
      vertex 15.481065802276134 -3.1666984856128693 0
      vertex 14.735547751188278 -5.705699786543846 0
    endloop
  endfacet
  facet normal 0 0 -1
    outer loop
      vertex 14.735547751188278 -5.705699786543846 0
      vertex 15.481065802276134 -3.1666984856128693 0
      vertex 15.106995455920696 -5.751590043306351 0
    endloop
  endfacet
  facet normal 0 0 -1
    outer loop
      vertex 15.106995455920696 -5.751590043306351 0
      vertex 15.818357639014721 -3.328912928700447 0
      vertex 15.630803123116493 -5.764989569783211 0
    endloop
  endfacet
  facet normal 0 0 -1
    outer loop
      vertex 15.630803123116493 -5.764989569783211 0
      vertex 16.805253081023693 -4.004981882870197 0
      vertex 16.302735202014446 -5.716400608420372 0
    endloop
  endfacet
  facet normal 0 0 -1
    outer loop
      vertex 16.302735202014446 -5.716400608420372 0
      vertex 16.805253081023693 -4.004981882870197 0
      vertex 17.11424083262682 -5.57698492705822 0
    endloop
  endfacet
  facet normal 0 0 -1
    outer loop
      vertex 17.11424083262682 -5.57698492705822 0
      vertex 16.805253081023693 -4.004981882870197 0
      vertex 17.412561252713203 -4.560998879373074 0
    endloop
  endfacet
  facet normal 0.7387559016375989 0.6739730838806685 0
    outer loop
      vertex 14.592887617647648 -8.037707507610321 0
      vertex 14.23973985761404 -7.650614909827709 0
      vertex 14.592887617647648 -8.037707507610321 4
    endloop
  endfacet
  facet normal 0.5954122380939922 0.8034203549375029 0
    outer loop
      vertex 13.781391575932503 -7.266236342489719 0
      vertex 13.961811803281307 -7.399945192039013 4
      vertex 13.961811803281307 -7.399945192039013 0
    endloop
  endfacet
  facet normal 0.5230427709774058 0.8523064353436954 0
    outer loop
      vertex 13.781391575932503 -7.266236342489719 0
      vertex 13.717584513127804 -7.227079272270203 0
      vertex 13.781391575932503 -7.266236342489719 4
    endloop
  endfacet
  facet normal 0.6697533181763103 0.7425836604664972 0
    outer loop
      vertex 13.961811803281307 -7.399945192039013 0
      vertex 14.23973985761404 -7.650614909827709 4
      vertex 14.23973985761404 -7.650614909827709 0
    endloop
  endfacet
  facet normal 0.8010125215344165 0.5986475927831633 0
    outer loop
      vertex 14.592887617647648 -8.037707507610321 0
      vertex 14.996188469231129 -8.5773388966918 4
      vertex 14.996188469231129 -8.5773388966918 0
    endloop
  endfacet
  facet normal -0.3016101301940577 -0.9534313448614554 0
    outer loop
      vertex 14.444969549775124 -5.634328216314316 0
      vertex 14.516347222030163 -5.656907953321934 0
      vertex 14.444969549775124 -5.634328216314316 4
    endloop
  endfacet
  facet normal -0.2172724893823941 -0.9761109902862366 0
    outer loop
      vertex 14.516347222030163 -5.656907953321934 0
      vertex 14.735547751188278 -5.705699786543846 0
      vertex 14.516347222030163 -5.656907953321934 4
    endloop
  endfacet
  facet normal 0.9359059330047038 -0.35225003132234783 0
    outer loop
      vertex 13.511738166213036 -5.596745200455189 0
      vertex 13.61886951327324 -5.312104023993015 0
      vertex 13.511738166213036 -5.596745200455189 4
    endloop
  endfacet
  facet normal -0.36338949945662746 -0.9316373069412055 0
    outer loop
      vertex 14.444969549775124 -5.634328216314316 0
      vertex 13.61886951327324 -5.312104023993015 4
      vertex 13.61886951327324 -5.312104023993015 0
    endloop
  endfacet
  facet normal -0.12261214384710835 -0.9924546650508607 0
    outer loop
      vertex 14.735547751188278 -5.705699786543846 0
      vertex 15.106995455920696 -5.751590043306351 0
      vertex 14.735547751188278 -5.705699786543846 4
    endloop
  endfacet
  facet normal -0.025572639010337943 -0.9996729665915984 0
    outer loop
      vertex 15.106995455920696 -5.751590043306351 0
      vertex 15.630803123116493 -5.764989569783211 0
      vertex 15.106995455920696 -5.751590043306351 4
    endloop
  endfacet
  facet normal 0.07212398602845144 -0.9973956740628905 0
    outer loop
      vertex 15.630803123116493 -5.764989569783211 0
      vertex 16.302735202014446 -5.716400608420372 0
      vertex 15.630803123116493 -5.764989569783211 4
    endloop
  endfacet
  facet normal 0.16931825586467308 -0.9855614279338174 0
    outer loop
      vertex 16.302735202014446 -5.716400608420372 0
      vertex 17.11424083262682 -5.57698492705822 0
      vertex 16.302735202014446 -5.716400608420372 4
    endloop
  endfacet
  facet normal 0.9594929736067667 -0.28173255686775805 0
    outer loop
      vertex 17.11424083262682 -5.57698492705822 0
      vertex 17.412561252713203 -4.560998879373074 0
      vertex 17.11424083262682 -5.57698492705822 4
    endloop
  endfacet
  facet normal 0 0 -1
    outer loop
      vertex 14.444969549775124 -5.634328216314316 0
      vertex 15.198029480874538 -3.069641627371311 0
      vertex 15.270283728837967 -3.0892360284924507 0
    endloop
  endfacet
  facet normal 0 0 -1
    outer loop
      vertex 14.516347222030163 -5.656907953321934 0
      vertex 15.270283728837967 -3.0892360284924507 0
      vertex 15.481065802276134 -3.1666984856128693 0
    endloop
  endfacet
  facet normal 0 0 -1
    outer loop
      vertex 14.444969549775124 -5.634328216314316 0
      vertex 14.334198169410229 -2.8951681777834892 0
      vertex 15.198029480874538 -3.069641627371311 0
    endloop
  endfacet
  facet normal 0 0 -1
    outer loop
      vertex 15.106995455920696 -5.751590043306351 0
      vertex 15.481065802276134 -3.1666984856128693 0
      vertex 15.818357639014721 -3.328912928700447 0
    endloop
  endfacet
  facet normal 0 0 -1
    outer loop
      vertex 14.563792057335377 -1.2600466758012772 0
      vertex 15.447220481932163 1.3364801332354546 0
      vertex 15.447220481932163 -1.3364801332354546 0
    endloop
  endfacet
  facet normal 0 0 -1
    outer loop
      vertex 15.447220481932163 -1.3364801332354546 0
      vertex 15.522068306803703 1.3380358144640923 0
      vertex 15.522068306803703 -1.3380358144640923 0
    endloop
  endfacet
  facet normal 0 0 -1
    outer loop
      vertex 15.522068306803703 -1.3380358144640923 0
      vertex 15.746135920286179 1.3230953067541122 0
      vertex 15.746135920286179 -1.3230953067541122 0
    endloop
  endfacet
  facet normal 0 0 -1
    outer loop
      vertex 15.630803123116493 -5.764989569783211 0
      vertex 15.818357639014721 -3.328912928700447 0
      vertex 16.266257025301456 -3.600832335650921 0
    endloop
  endfacet
  facet normal 0 0 -1
    outer loop
      vertex 15.630803123116493 -5.764989569783211 0
      vertex 16.266257025301456 -3.600832335650921 0
      vertex 16.805253081023693 -4.004981882870197 0
    endloop
  endfacet
  facet normal 0 0 -1
    outer loop
      vertex 15.746135920286179 -1.3230953067541122 0
      vertex 16.11546616256237 1.2624777778983116 0
      vertex 16.11546616256237 -1.2624777778983116 0
    endloop
  endfacet
  facet normal 0 0 -1
    outer loop
      vertex 16.11546616256237 -1.2624777778983116 0
      vertex 16.62183102220297 1.1277608573436737 0
      vertex 16.62183102220297 -1.1277608573436737 0
    endloop
  endfacet
  facet normal 0 0 -1
    outer loop
      vertex 16.62183102220297 -1.1277608573436737 0
      vertex 17.2528560385108 0.891834944486618 0
      vertex 17.2528560385108 -0.891834944486618 0
    endloop
  endfacet
  facet normal 0 0 -1
    outer loop
      vertex 17.2528560385108 -0.891834944486618 0
      vertex 17.992212049663067 0.5294390246272087 0
      vertex 17.992212049663067 -0.5294390246272087 0
    endloop
  endfacet
  facet normal 0.9738769556722126 -0.22707636427119277 0
    outer loop
      vertex 14.334198169410229 -2.8951681777834892 0
      vertex 14.343984723091125 -2.853195957839489 0
      vertex 14.334198169410229 -2.8951681777834892 4
    endloop
  endfacet
  facet normal 0.986643331825544 -0.16289547496535822 0
    outer loop
      vertex 14.343984723091125 -2.853195957839489 0
      vertex 14.499881096184254 -1.9089455604553223 0
      vertex 14.343984723091125 -2.853195957839489 4
    endloop
  endfacet
  facet normal 0.19797845341503828 0.9802063721397599 0
    outer loop
      vertex 14.334198169410229 -2.8951681777834892 0
      vertex 15.198029480874538 -3.069641627371311 4
      vertex 15.198029480874538 -3.069641627371311 0
    endloop
  endfacet
  facet normal 0.26173332848832503 0.9651402306185471 0
    outer loop
      vertex 15.270283728837967 -3.0892360284924507 0
      vertex 15.198029480874538 -3.069641627371311 0
      vertex 15.270283728837967 -3.0892360284924507 4
    endloop
  endfacet
  facet normal 0.3449442215759826 0.9386231853099194 0
    outer loop
      vertex 15.270283728837967 -3.0892360284924507 0
      vertex 15.481065802276134 -3.1666984856128693 4
      vertex 15.481065802276134 -3.1666984856128693 0
    endloop
  endfacet
  facet normal 0.433413590187108 0.9011951286159515 0
    outer loop
      vertex 15.481065802276134 -3.1666984856128693 0
      vertex 15.818357639014721 -3.328912928700447 4
      vertex 15.818357639014721 -3.328912928700447 0
    endloop
  endfacet
  facet normal 0.9951847267672458 -0.0980171393645128 0
    outer loop
      vertex 14.499881096184254 -1.9089455604553223 0
      vertex 14.563792057335377 -1.2600466758012772 0
      vertex 14.499881096184254 -1.9089455604553223 4
    endloop
  endfacet
  facet normal -0.08619711323024028 -0.9962781025751661 0
    outer loop
      vertex 14.563792057335377 -1.2600466758012772 0
      vertex 15.447220481932163 -1.3364801332354546 0
      vertex 14.563792057335377 -1.2600466758012772 4
    endloop
  endfacet
  facet normal -0.020780100339388864 -0.9997840704021469 0
    outer loop
      vertex 15.447220481932163 -1.3364801332354546 0
      vertex 15.522068306803703 -1.3380358144640923 0
      vertex 15.447220481932163 -1.3364801332354546 4
    endloop
  endfacet
  facet normal 0.06653083341726654 -0.9977843695933526 0
    outer loop
      vertex 15.522068306803703 -1.3380358144640923 0
      vertex 15.746135920286179 -1.3230953067541122 0
      vertex 15.522068306803703 -1.3380358144640923 4
    endloop
  endfacet
  facet normal 0.5189509336572007 0.8548040292700542 0
    outer loop
      vertex 16.266257025301456 -3.600832335650921 0
      vertex 15.818357639014721 -3.328912928700447 0
      vertex 16.266257025301456 -3.600832335650921 4
    endloop
  endfacet
  facet normal 0.5999073764605117 0.8000694592772967 0
    outer loop
      vertex 16.266257025301456 -3.600832335650921 0
      vertex 16.805253081023693 -4.004981882870197 4
      vertex 16.805253081023693 -4.004981882870197 0
    endloop
  endfacet
  facet normal 0.6752743127677585 0.7375666766577998 0
    outer loop
      vertex 17.412561252713203 -4.560998879373074 0
      vertex 16.805253081023693 -4.004981882870197 0
      vertex 17.412561252713203 -4.560998879373074 4
    endloop
  endfacet
  facet normal 0.1619612898558402 -0.9867971121705983 0
    outer loop
      vertex 15.746135920286179 -1.3230953067541122 0
      vertex 16.11546616256237 -1.2624777778983116 0
      vertex 15.746135920286179 -1.3230953067541122 4
    endloop
  endfacet
  facet normal 0.2571036508173541 -0.9663838330272232 0
    outer loop
      vertex 16.11546616256237 -1.2624777778983116 0
      vertex 16.62183102220297 -1.1277608573436737 0
      vertex 16.11546616256237 -1.2624777778983116 4
    endloop
  endfacet
  facet normal 0.35020129536970507 -0.9366744646468059 0
    outer loop
      vertex 16.62183102220297 -1.1277608573436737 0
      vertex 17.2528560385108 -0.891834944486618 0
      vertex 16.62183102220297 -1.1277608573436737 4
    endloop
  endfacet
  facet normal 0.44012441634828303 -0.8979368007460677 0
    outer loop
      vertex 17.2528560385108 -0.891834944486618 0
      vertex 17.992212049663067 -0.5294390246272087 0
      vertex 17.2528560385108 -0.891834944486618 4
    endloop
  endfacet
  facet normal 1 0 0
    outer loop
      vertex 17.992212049663067 -0.5294390246272087 0
      vertex 17.992212049663067 0.5294390246272087 0
      vertex 17.992212049663067 -0.5294390246272087 4
    endloop
  endfacet
  facet normal 0.46611498349831193 0.884724150319391 0
    outer loop
      vertex 12.932394184172153 -6.813403464853764 0
      vertex 12.932394184172153 -6.813403464853764 4
      vertex 13.717584513127804 -7.227079272270203 4
    endloop
  endfacet
  facet normal 0.8819212625380908 -0.4713967402127638 0
    outer loop
      vertex 13.116763845086098 -6.468472093343735 0
      vertex 13.116763845086098 -6.468472093343735 4
      vertex 12.932394184172153 -6.813403464853764 4
    endloop
  endfacet
  facet normal 0.9108638231433276 -0.4127070337281895 0
    outer loop
      vertex 13.511738166213036 -5.596745200455189 0
      vertex 13.511738166213036 -5.596745200455189 4
      vertex 13.116763845086098 -6.468472093343735 4
    endloop
  endfacet
  facet normal 0.5954122380939922 0.8034203549375029 0
    outer loop
      vertex 13.781391575932503 -7.266236342489719 0
      vertex 13.781391575932503 -7.266236342489719 4
      vertex 13.961811803281307 -7.399945192039013 4
    endloop
  endfacet
  facet normal 0.6697533181763103 0.7425836604664972 0
    outer loop
      vertex 13.961811803281307 -7.399945192039013 0
      vertex 13.961811803281307 -7.399945192039013 4
      vertex 14.23973985761404 -7.650614909827709 4
    endloop
  endfacet
  facet normal 0.5230427709774058 0.8523064353436954 0
    outer loop
      vertex 13.717584513127804 -7.227079272270203 0
      vertex 13.717584513127804 -7.227079272270203 4
      vertex 13.781391575932503 -7.266236342489719 4
    endloop
  endfacet
  facet normal 0.7387559016375989 0.6739730838806685 0
    outer loop
      vertex 14.23973985761404 -7.650614909827709 0
      vertex 14.23973985761404 -7.650614909827709 4
      vertex 14.592887617647648 -8.037707507610321 4
    endloop
  endfacet
  facet normal 0.8557175068177231 0.5174432804913598 0
    outer loop
      vertex 14.996188469231129 -8.5773388966918 0
      vertex 14.996188469231129 -8.5773388966918 4
      vertex 15.422248296439648 -9.281931780278683 4
    endloop
  endfacet
  facet normal 0.8010125215344165 0.5986475927831633 0
    outer loop
      vertex 14.592887617647648 -8.037707507610321 0
      vertex 14.592887617647648 -8.037707507610321 4
      vertex 14.996188469231129 -8.5773388966918 4
    endloop
  endfacet
  facet normal -0.3016101301940577 -0.9534313448614554 0
    outer loop
      vertex 14.516347222030163 -5.656907953321934 0
      vertex 14.516347222030163 -5.656907953321934 4
      vertex 14.444969549775124 -5.634328216314316 4
    endloop
  endfacet
  facet normal 0.9359059330047038 -0.35225003132234783 0
    outer loop
      vertex 13.61886951327324 -5.312104023993015 0
      vertex 13.61886951327324 -5.312104023993015 4
      vertex 13.511738166213036 -5.596745200455189 4
    endloop
  endfacet
  facet normal -0.36338949945662746 -0.9316373069412055 0
    outer loop
      vertex 14.444969549775124 -5.634328216314316 0
      vertex 14.444969549775124 -5.634328216314316 4
      vertex 13.61886951327324 -5.312104023993015 4
    endloop
  endfacet
  facet normal -0.2172724893823941 -0.9761109902862366 0
    outer loop
      vertex 14.735547751188278 -5.705699786543846 0
      vertex 14.735547751188278 -5.705699786543846 4
      vertex 14.516347222030163 -5.656907953321934 4
    endloop
  endfacet
  facet normal -0.12261214384710835 -0.9924546650508607 0
    outer loop
      vertex 15.106995455920696 -5.751590043306351 0
      vertex 15.106995455920696 -5.751590043306351 4
      vertex 14.735547751188278 -5.705699786543846 4
    endloop
  endfacet
  facet normal -0.025572639010337943 -0.9996729665915984 0
    outer loop
      vertex 15.630803123116493 -5.764989569783211 0
      vertex 15.630803123116493 -5.764989569783211 4
      vertex 15.106995455920696 -5.751590043306351 4
    endloop
  endfacet
  facet normal 0.07212398602845144 -0.9973956740628905 0
    outer loop
      vertex 16.302735202014446 -5.716400608420372 0
      vertex 16.302735202014446 -5.716400608420372 4
      vertex 15.630803123116493 -5.764989569783211 4
    endloop
  endfacet
  facet normal 0.16931825586467308 -0.9855614279338174 0
    outer loop
      vertex 17.11424083262682 -5.57698492705822 0
      vertex 17.11424083262682 -5.57698492705822 4
      vertex 16.302735202014446 -5.716400608420372 4
    endloop
  endfacet
  facet normal 0.9594929736067667 -0.28173255686775805 0
    outer loop
      vertex 17.412561252713203 -4.560998879373074 0
      vertex 17.412561252713203 -4.560998879373074 4
      vertex 17.11424083262682 -5.57698492705822 4
    endloop
  endfacet
  facet normal 0.9738769556722126 -0.22707636427119277 0
    outer loop
      vertex 14.343984723091125 -2.853195957839489 0
      vertex 14.343984723091125 -2.853195957839489 4
      vertex 14.334198169410229 -2.8951681777834892 4
    endloop
  endfacet
  facet normal 0.19797845341503828 0.9802063721397599 0
    outer loop
      vertex 14.334198169410229 -2.8951681777834892 0
      vertex 14.334198169410229 -2.8951681777834892 4
      vertex 15.198029480874538 -3.069641627371311 4
    endloop
  endfacet
  facet normal 0.26173332848832503 0.9651402306185471 0
    outer loop
      vertex 15.198029480874538 -3.069641627371311 0
      vertex 15.198029480874538 -3.069641627371311 4
      vertex 15.270283728837967 -3.0892360284924507 4
    endloop
  endfacet
  facet normal 0.3449442215759826 0.9386231853099194 0
    outer loop
      vertex 15.270283728837967 -3.0892360284924507 0
      vertex 15.270283728837967 -3.0892360284924507 4
      vertex 15.481065802276134 -3.1666984856128693 4
    endloop
  endfacet
  facet normal 0.433413590187108 0.9011951286159515 0
    outer loop
      vertex 15.481065802276134 -3.1666984856128693 0
      vertex 15.481065802276134 -3.1666984856128693 4
      vertex 15.818357639014721 -3.328912928700447 4
    endloop
  endfacet
  facet normal 0.986643331825544 -0.16289547496535822 0
    outer loop
      vertex 14.499881096184254 -1.9089455604553223 0
      vertex 14.499881096184254 -1.9089455604553223 4
      vertex 14.343984723091125 -2.853195957839489 4
    endloop
  endfacet
  facet normal 0.9951847267672458 -0.0980171393645128 0
    outer loop
      vertex 14.563792057335377 -1.2600466758012772 0
      vertex 14.563792057335377 -1.2600466758012772 4
      vertex 14.499881096184254 -1.9089455604553223 4
    endloop
  endfacet
  facet normal -0.08619711323024028 -0.9962781025751661 0
    outer loop
      vertex 15.447220481932163 -1.3364801332354546 0
      vertex 15.447220481932163 -1.3364801332354546 4
      vertex 14.563792057335377 -1.2600466758012772 4
    endloop
  endfacet
  facet normal -0.020780100339388864 -0.9997840704021469 0
    outer loop
      vertex 15.522068306803703 -1.3380358144640923 0
      vertex 15.522068306803703 -1.3380358144640923 4
      vertex 15.447220481932163 -1.3364801332354546 4
    endloop
  endfacet
  facet normal 0.06653083341726654 -0.9977843695933526 0
    outer loop
      vertex 15.746135920286179 -1.3230953067541122 0
      vertex 15.746135920286179 -1.3230953067541122 4
      vertex 15.522068306803703 -1.3380358144640923 4
    endloop
  endfacet
  facet normal 0.5189509336572007 0.8548040292700542 0
    outer loop
      vertex 15.818357639014721 -3.328912928700447 0
      vertex 15.818357639014721 -3.328912928700447 4
      vertex 16.266257025301456 -3.600832335650921 4
    endloop
  endfacet
  facet normal 0.5999073764605117 0.8000694592772967 0
    outer loop
      vertex 16.266257025301456 -3.600832335650921 0
      vertex 16.266257025301456 -3.600832335650921 4
      vertex 16.805253081023693 -4.004981882870197 4
    endloop
  endfacet
  facet normal 0.6752743127677585 0.7375666766577998 0
    outer loop
      vertex 16.805253081023693 -4.004981882870197 0
      vertex 16.805253081023693 -4.004981882870197 4
      vertex 17.412561252713203 -4.560998879373074 4
    endloop
  endfacet
  facet normal 0.1619612898558402 -0.9867971121705983 0
    outer loop
      vertex 16.11546616256237 -1.2624777778983116 0
      vertex 16.11546616256237 -1.2624777778983116 4
      vertex 15.746135920286179 -1.3230953067541122 4
    endloop
  endfacet
  facet normal 0.2571036508173541 -0.9663838330272232 0
    outer loop
      vertex 16.62183102220297 -1.1277608573436737 0
      vertex 16.62183102220297 -1.1277608573436737 4
      vertex 16.11546616256237 -1.2624777778983116 4
    endloop
  endfacet
  facet normal 0.35020129536970507 -0.9366744646468059 0
    outer loop
      vertex 17.2528560385108 -0.891834944486618 0
      vertex 17.2528560385108 -0.891834944486618 4
      vertex 16.62183102220297 -1.1277608573436737 4
    endloop
  endfacet
  facet normal 0.44012441634828303 -0.8979368007460677 0
    outer loop
      vertex 17.992212049663067 -0.5294390246272087 0
      vertex 17.992212049663067 -0.5294390246272087 4
      vertex 17.2528560385108 -0.891834944486618 4
    endloop
  endfacet
  facet normal 0 0 1
    outer loop
      vertex 1.5725800693035126 -17.204168185591698 4
      vertex 2.0365086495876312 -17.884424306452274 4
      vertex 3.084608845412731 -17.733730241656303 4
    endloop
  endfacet
  facet normal 0 0 1
    outer loop
      vertex 1.5725800693035126 -17.204168185591698 4
      vertex 3.481815069913864 -16.292147643864155 4
      vertex 1.249251313507557 -16.61314184963703 4
    endloop
  endfacet
  facet normal 0 0 1
    outer loop
      vertex 1.0438423827290535 -16.13110327720642 4
      vertex 1.249251313507557 -16.61314184963703 4
      vertex 3.543097533285618 -15.771764636039734 4
    endloop
  endfacet
  facet normal 0 0 1
    outer loop
      vertex 1.0438423827290535 -16.13110327720642 4
      vertex 3.543097533285618 -15.771764636039734 4
      vertex 0.931280680000782 -15.77415905892849 4
    endloop
  endfacet
  facet normal 0 0 1
    outer loop
      vertex 0.931280680000782 -15.77415905892849 4
      vertex 3.5505368933081627 -15.397566862404346 4
      vertex 0.8846041038632393 -15.554498381912708 4
    endloop
  endfacet
  facet normal 0 0 1
    outer loop
      vertex 0.8846041038632393 -15.554498381912708 4
      vertex 3.521245375275612 -15.099789097905159 4
      vertex 0.8754919916391373 -15.480191007256508 4
    endloop
  endfacet
  facet normal 0 0 1
    outer loop
      vertex 0.8754919916391373 -15.480191007256508 4
      vertex 3.521245375275612 -15.099789097905159 4
      vertex 0.8255975767970085 -14.597972728312016 4
    endloop
  endfacet
  facet normal 0 0 1
    outer loop
      vertex 1.5725800693035126 -17.204168185591698 4
      vertex 3.084608845412731 -17.733730241656303 4
      vertex 3.3380947709083557 -16.95032549649477 4
    endloop
  endfacet
  facet normal 0 0 1
    outer loop
      vertex 1.5725800693035126 -17.204168185591698 4
      vertex 3.3380947709083557 -16.95032549649477 4
      vertex 3.481815069913864 -16.292147643864155 4
    endloop
  endfacet
  facet normal 0 0 1
    outer loop
      vertex 1.249251313507557 -16.61314184963703 4
      vertex 3.481815069913864 -16.292147643864155 4
      vertex 3.543097533285618 -15.771764636039734 4
    endloop
  endfacet
  facet normal 0 0 1
    outer loop
      vertex 0.8846041038632393 -15.554498381912708 4
      vertex 3.5505368933081627 -15.397566862404346 4
      vertex 3.5334371775388718 -15.173653684556484 4
    endloop
  endfacet
  facet normal 0 0 1
    outer loop
      vertex 0.931280680000782 -15.77415905892849 4
      vertex 3.543097533285618 -15.771764636039734 4
      vertex 3.5505368933081627 -15.397566862404346 4
    endloop
  endfacet
  facet normal 0 0 1
    outer loop
      vertex 0.8846041038632393 -15.554498381912708 4
      vertex 3.5334371775388718 -15.173653684556484 4
      vertex 3.521245375275612 -15.099789097905159 4
    endloop
  endfacet
  facet normal 0 0 1
    outer loop
      vertex 0.8255975767970085 -14.597972728312016 4
      vertex 3.521245375275612 -15.099789097905159 4
      vertex 3.3196310251951218 -14.235227316617966 4
    endloop
  endfacet
  facet normal 0 0 1
    outer loop
      vertex -12.932394184172153 -6.813403464853764 4
      vertex 7.197733111679554 -12.726965710520744 4
      vertex 7.3125 -12.665621533989906 4
    endloop
  endfacet
  facet normal 0 0 1
    outer loop
      vertex -12.932394184172153 -6.813403464853764 4
      vertex 7.3125 -12.665621533989906 4
      vertex 8.125214658677578 -12.160243079066277 4
    endloop
  endfacet
  facet normal 0 0 1
    outer loop
      vertex -12.932394184172153 -6.813403464853764 4
      vertex 8.125214658677578 -12.160243079066277 4
      vertex 8.584521420300007 -11.831108495593071 4
    endloop
  endfacet
  facet normal 0 0 1
    outer loop
      vertex -12.932394184172153 -6.813403464853764 4
      vertex 8.584521420300007 -11.831108495593071 4
      vertex 10.490461952984333 -10.18232399970293 4
    endloop
  endfacet
  facet normal 0 0 1
    outer loop
      vertex 6.355853818356991 -16.064231492578983 4
      vertex 7.97833701223135 -15.323268242180347 4
      vertex 5.879110790789127 -15.58823811262846 4
    endloop
  endfacet
  facet normal 0 0 1
    outer loop
      vertex 5.546216405928135 -15.18359586596489 4
      vertex 5.879110790789127 -15.58823811262846 4
      vertex 7.930805511772633 -14.651260524988174 4
    endloop
  endfacet
  facet normal 0 0 1
    outer loop
      vertex 5.546216405928135 -15.18359586596489 4
      vertex 7.7447110787034035 -13.773555383086205 4
      vertex 5.337651431560516 -14.872822687029839 4
    endloop
  endfacet
  facet normal 0 0 1
    outer loop
      vertex 5.2309800162911415 -14.675210133194923 4
      vertex 7.665220394730568 -13.563529804348946 4
      vertex 5.201302208006382 -14.606479898095131 4
    endloop
  endfacet
  facet normal 0 0 1
    outer loop
      vertex 5.337651431560516 -14.872822687029839 4
      vertex 7.665220394730568 -13.563529804348946 4
      vertex 5.2309800162911415 -14.675210133194923 4
    endloop
  endfacet
  facet normal 0 0 1
    outer loop
      vertex 5.201302208006382 -14.606479898095131 4
      vertex 7.197733111679554 -12.726965710520744 4
      vertex 4.904277451336384 -13.772364564239979 4
    endloop
  endfacet
  facet normal 0 0 1
    outer loop
      vertex 5.201302208006382 -14.606479898095131 4
      vertex 7.632712386548519 -13.496092081069946 4
      vertex 7.197733111679554 -12.726965710520744 4
    endloop
  endfacet
  facet normal 0 0 1
    outer loop
      vertex 6.355853818356991 -16.064231492578983 4
      vertex 6.992640323936939 -16.586228668689728 4
      vertex 7.97833701223135 -15.323268242180347 4
    endloop
  endfacet
  facet normal 0 0 1
    outer loop
      vertex 6.992640323936939 -16.586228668689728 4
      vertex 7.955829679965973 -16.14635483175516 4
      vertex 7.97833701223135 -15.323268242180347 4
    endloop
  endfacet
  facet normal 0 0 1
    outer loop
      vertex 5.879110790789127 -15.58823811262846 4
      vertex 7.97833701223135 -15.323268242180347 4
      vertex 7.930805511772633 -14.651260524988174 4
    endloop
  endfacet
  facet normal 0 0 1
    outer loop
      vertex 5.546216405928135 -15.18359586596489 4
      vertex 7.930805511772633 -14.651260524988174 4
      vertex 7.842996768653393 -14.134691417217255 4
    endloop
  endfacet
  facet normal 0 0 1
    outer loop
      vertex 5.337651431560516 -14.872822687029839 4
      vertex 7.7447110787034035 -13.773555383086205 4
      vertex 7.665220394730568 -13.563529804348946 4
    endloop
  endfacet
  facet normal 0 0 1
    outer loop
      vertex 5.546216405928135 -15.18359586596489 4
      vertex 7.842996768653393 -14.134691417217255 4
      vertex 7.7447110787034035 -13.773555383086205 4
    endloop
  endfacet
  facet normal 0 0 1
    outer loop
      vertex 5.201302208006382 -14.606479898095131 4
      vertex 7.665220394730568 -13.563529804348946 4
      vertex 7.632712386548519 -13.496092081069946 4
    endloop
  endfacet
  facet normal 0 0 1
    outer loop
      vertex -12.932394184172153 -6.813403464853764 4
      vertex 10.490461952984333 -10.18232399970293 4
      vertex 10.995657183229923 -9.642932549118996 4
    endloop
  endfacet
  facet normal 0 0 1
    outer loop
      vertex -12.932394184172153 -6.813403464853764 4
      vertex 10.995657183229923 -9.642932549118996 4
      vertex 11.574905388057232 -8.93711655586958 4
    endloop
  endfacet
  facet normal 0 0 1
    outer loop
      vertex -12.932394184172153 -6.813403464853764 4
      vertex 11.574905388057232 -8.93711655586958 4
      vertex 12.932394184172153 -6.813403464853764 4
    endloop
  endfacet
  facet normal 0 0 1
    outer loop
      vertex -14.334198169410229 -2.8951681777834892 4
      vertex 12.932394184172153 -6.813403464853764 4
      vertex 13.116763845086098 -6.468472093343735 4
    endloop
  endfacet
  facet normal 0 0 1
    outer loop
      vertex -14.334198169410229 -2.8951681777834892 4
      vertex 13.116763845086098 -6.468472093343735 4
      vertex 13.511738166213036 -5.596745200455189 4
    endloop
  endfacet
  facet normal 0 0 1
    outer loop
      vertex -14.334198169410229 -2.8951681777834892 4
      vertex 13.511738166213036 -5.596745200455189 4
      vertex 13.61886951327324 -5.312104023993015 4
    endloop
  endfacet
  facet normal 0 0 1
    outer loop
      vertex -0.26161251692057225 -3.991435692954414 4
      vertex 13.61886951327324 -5.312104023993015 4
      vertex 0 -4 4
    endloop
  endfacet
  facet normal 0 0 1
    outer loop
      vertex 0 -4 4
      vertex 13.61886951327324 -5.312104023993015 4
      vertex 0.26161251692057225 -3.991435692954414 4
    endloop
  endfacet
  facet normal 0 0 1
    outer loop
      vertex 0.26161251692057225 -3.991435692954414 4
      vertex 13.61886951327324 -5.312104023993015 4
      vertex 0.5221047688802063 -3.9657794454952415 4
    endloop
  endfacet
  facet normal 0 0 1
    outer loop
      vertex 0.5221047688802063 -3.9657794454952415 4
      vertex 13.61886951327324 -5.312104023993015 4
      vertex 0.780361288064513 -3.9231411216129217 4
    endloop
  endfacet
  facet normal 0 0 1
    outer loop
      vertex 0.780361288064513 -3.9231411216129217 4
      vertex 13.61886951327324 -5.312104023993015 4
      vertex 1.035276180410083 -3.8637033051562732 4
    endloop
  endfacet
  facet normal 0 0 1
    outer loop
      vertex 1.035276180410083 -3.8637033051562732 4
      vertex 13.61886951327324 -5.312104023993015 4
      vertex 1.2857578612126463 -3.7877205179804228 4
    endloop
  endfacet
  facet normal 0 0 1
    outer loop
      vertex 1.2857578612126463 -3.7877205179804228 4
      vertex 13.61886951327324 -5.312104023993015 4
      vertex 1.5307337294603591 -3.695518130045147 4
    endloop
  endfacet
  facet normal 0 0 1
    outer loop
      vertex 1.5307337294603591 -3.695518130045147 4
      vertex 13.61886951327324 -5.312104023993015 4
      vertex 1.7691547608760052 -3.587490966130753 4
    endloop
  endfacet
  facet normal 0 0 1
    outer loop
      vertex 1.7691547608760052 -3.587490966130753 4
      vertex 13.61886951327324 -5.312104023993015 4
      vertex 2 -3.4641016151377544 4
    endloop
  endfacet
  facet normal 0 0 1
    outer loop
      vertex 2 -3.4641016151377544 4
      vertex 13.61886951327324 -5.312104023993015 4
      vertex 2.2222809320784087 -3.325878449210181 4
    endloop
  endfacet
  facet normal 0 0 1
    outer loop
      vertex 2.2222809320784087 -3.325878449210181 4
      vertex 13.61886951327324 -5.312104023993015 4
      vertex 2.4350457160348826 -3.1734133611649407 4
    endloop
  endfacet
  facet normal 0 0 1
    outer loop
      vertex 2.4350457160348826 -3.1734133611649407 4
      vertex 13.61886951327324 -5.312104023993015 4
      vertex 2.6373832604002754 -3.00735922991591 4
    endloop
  endfacet
  facet normal 0 0 1
    outer loop
      vertex 2.6373832604002754 -3.00735922991591 4
      vertex 14.334198169410229 -2.8951681777834892 4
      vertex 2.8284271247461903 -2.8284271247461903 4
    endloop
  endfacet
  facet normal 0 0 1
    outer loop
      vertex 2.8284271247461903 -2.8284271247461903 4
      vertex 14.334198169410229 -2.8951681777834892 4
      vertex 3.00735922991591 -2.6373832604002754 4
    endloop
  endfacet
  facet normal 0 0 1
    outer loop
      vertex 3.00735922991591 -2.6373832604002754 4
      vertex 14.334198169410229 -2.8951681777834892 4
      vertex 3.1734133611649407 -2.4350457160348826 4
    endloop
  endfacet
  facet normal 0 0 1
    outer loop
      vertex 3.1734133611649407 -2.4350457160348826 4
      vertex 14.334198169410229 -2.8951681777834892 4
      vertex 3.325878449210181 -2.2222809320784087 4
    endloop
  endfacet
  facet normal 0 0 1
    outer loop
      vertex 3.325878449210181 -2.2222809320784087 4
      vertex 14.334198169410229 -2.8951681777834892 4
      vertex 3.4641016151377544 -2 4
    endloop
  endfacet
  facet normal 0 0 1
    outer loop
      vertex 3.4641016151377544 -2 4
      vertex 14.334198169410229 -2.8951681777834892 4
      vertex 3.587490966130753 -1.7691547608760052 4
    endloop
  endfacet
  facet normal 0 0 1
    outer loop
      vertex 3.587490966130753 -1.7691547608760052 4
      vertex 14.334198169410229 -2.8951681777834892 4
      vertex 3.695518130045147 -1.5307337294603591 4
    endloop
  endfacet
  facet normal 0 0 1
    outer loop
      vertex 3.695518130045147 -1.5307337294603591 4
      vertex 14.334198169410229 -2.8951681777834892 4
      vertex 3.7877205179804228 -1.2857578612126463 4
    endloop
  endfacet
  facet normal 0 0 1
    outer loop
      vertex 3.7877205179804228 -1.2857578612126463 4
      vertex 14.334198169410229 -2.8951681777834892 4
      vertex 3.8637033051562732 -1.035276180410083 4
    endloop
  endfacet
  facet normal 0 0 1
    outer loop
      vertex 3.8637033051562732 -1.035276180410083 4
      vertex 14.334198169410229 -2.8951681777834892 4
      vertex 3.9231411216129217 -0.780361288064513 4
    endloop
  endfacet
  facet normal 0 0 1
    outer loop
      vertex 3.9231411216129217 -0.780361288064513 4
      vertex 14.499881096184254 -1.9089455604553223 4
      vertex 3.9657794454952415 -0.5221047688802063 4
    endloop
  endfacet
  facet normal 0 0 1
    outer loop
      vertex 3.9657794454952415 -0.5221047688802063 4
      vertex 14.499881096184254 -1.9089455604553223 4
      vertex 3.991435692954414 -0.26161251692057225 4
    endloop
  endfacet
  facet normal 0 0 1
    outer loop
      vertex 3.991435692954414 -0.26161251692057225 4
      vertex 14.563792057335377 -1.2600466758012772 4
      vertex 4 0 4
    endloop
  endfacet
  facet normal 0 0 1
    outer loop
      vertex 8.584521420300007 -11.831108495593071 4
      vertex 9.10573384910822 -12.549438662827015 4
      vertex 10.490461952984333 -10.18232399970293 4
    endloop
  endfacet
  facet normal 0 0 1
    outer loop
      vertex 9.153573043644428 -12.607023634016514 4
      vertex 11.17601303756237 -10.854569397866726 4
      vertex 9.10573384910822 -12.549438662827015 4
    endloop
  endfacet
  facet normal 0 0 1
    outer loop
      vertex 9.153573043644428 -12.607023634016514 4
      vertex 9.311597414314747 -12.766578681766987 4
      vertex 11.17601303756237 -10.854569397866726 4
    endloop
  endfacet
  facet normal 0 0 1
    outer loop
      vertex 9.311597414314747 -12.766578681766987 4
      vertex 9.599268957972527 -13.006003819406033 4
      vertex 11.507503040134907 -11.352509565651417 4
    endloop
  endfacet
  facet normal 0 0 1
    outer loop
      vertex 9.599268957972527 -13.006003819406033 4
      vertex 10.032679677009583 -13.300468020141125 4
      vertex 11.507503040134907 -11.352509565651417 4
    endloop
  endfacet
  facet normal 0 0 1
    outer loop
      vertex 10.624214090406895 -13.622866295278072 4
      vertex 11.737289249897003 -11.823415420949459 4
      vertex 10.032679677009583 -13.300468020141125 4
    endloop
  endfacet
  facet normal 0 0 1
    outer loop
      vertex 9.311597414314747 -12.766578681766987 4
      vertex 11.311454840004444 -11.033692352473736 4
      vertex 11.17601303756237 -10.854569397866726 4
    endloop
  endfacet
  facet normal 0 0 1
    outer loop
      vertex 9.10573384910822 -12.549438662827015 4
      vertex 11.17601303756237 -10.854569397866726 4
      vertex 11.125822432339191 -10.799021944403648 4
    endloop
  endfacet
  facet normal 0 0 1
    outer loop
      vertex 10.032679677009583 -13.300468020141125 4
      vertex 11.737289249897003 -11.823415420949459 4
      vertex 11.507503040134907 -11.352509565651417 4
    endloop
  endfacet
  facet normal 0 0 1
    outer loop
      vertex 9.311597414314747 -12.766578681766987 4
      vertex 11.507503040134907 -11.352509565651417 4
      vertex 11.311454840004444 -11.033692352473736 4
    endloop
  endfacet
  facet normal 0 0 1
    outer loop
      vertex 9.10573384910822 -12.549438662827015 4
      vertex 11.125822432339191 -10.799021944403648 4
      vertex 10.490461952984333 -10.18232399970293 4
    endloop
  endfacet
  facet normal 0 0 1
    outer loop
      vertex 10.624214090406895 -13.622866295278072 4
      vertex 11.382269874215126 -13.944315426051617 4
      vertex 11.972221851348877 -12.454810924828053 4
    endloop
  endfacet
  facet normal 0 0 1
    outer loop
      vertex 10.624214090406895 -13.622866295278072 4
      vertex 11.972221851348877 -12.454810924828053 4
      vertex 11.737289249897003 -11.823415420949459 4
    endloop
  endfacet
  facet normal 0 0 1
    outer loop
      vertex 11.382269874215126 -13.944315426051617 4
      vertex 12.182516507804394 -13.250897772610188 4
      vertex 11.972221851348877 -12.454810924828053 4
    endloop
  endfacet
  facet normal 0 0 1
    outer loop
      vertex 12.531173139810562 -9.626062393188477 4
      vertex 12.874645821750164 -9.77474269270897 4
      vertex 14.23973985761404 -7.650614909827709 4
    endloop
  endfacet
  facet normal 0 0 1
    outer loop
      vertex 12.874645821750164 -9.77474269270897 4
      vertex 13.37346051633358 -9.935173116624355 4
      vertex 14.23973985761404 -7.650614909827709 4
    endloop
  endfacet
  facet normal 0 0 1
    outer loop
      vertex 13.37346051633358 -9.935173116624355 4
      vertex 14.03186371922493 -10.077857486903667 4
      vertex 14.592887617647648 -8.037707507610321 4
    endloop
  endfacet
  facet normal 0 0 1
    outer loop
      vertex 14.03186371922493 -10.077857486903667 4
      vertex 14.849775604903698 -10.172716677188873 4
      vertex 15.422248296439648 -9.281931780278683 4
    endloop
  endfacet
  facet normal 0 0 1
    outer loop
      vertex 14.03186371922493 -10.077857486903667 4
      vertex 15.422248296439648 -9.281931780278683 4
      vertex 14.996188469231129 -8.5773388966918 4
    endloop
  endfacet
  facet normal 0 0 1
    outer loop
      vertex 12.272473089396954 -9.475716538727283 4
      vertex 13.717584513127804 -7.227079272270203 4
      vertex 11.574905388057232 -8.93711655586958 4
    endloop
  endfacet
  facet normal 0 0 1
    outer loop
      vertex 12.334598019719124 -9.517491057515144 4
      vertex 12.531173139810562 -9.626062393188477 4
      vertex 13.781391575932503 -7.266236342489719 4
    endloop
  endfacet
  facet normal 0 0 1
    outer loop
      vertex 12.334598019719124 -9.517491057515144 4
      vertex 13.781391575932503 -7.266236342489719 4
      vertex 12.272473089396954 -9.475716538727283 4
    endloop
  endfacet
  facet normal 0 0 1
    outer loop
      vertex 12.272473089396954 -9.475716538727283 4
      vertex 13.781391575932503 -7.266236342489719 4
      vertex 13.717584513127804 -7.227079272270203 4
    endloop
  endfacet
  facet normal 0 0 1
    outer loop
      vertex 12.531173139810562 -9.626062393188477 4
      vertex 13.961811803281307 -7.399945192039013 4
      vertex 13.781391575932503 -7.266236342489719 4
    endloop
  endfacet
  facet normal 0 0 1
    outer loop
      vertex 11.574905388057232 -8.93711655586958 4
      vertex 13.717584513127804 -7.227079272270203 4
      vertex 12.932394184172153 -6.813403464853764 4
    endloop
  endfacet
  facet normal 0 0 1
    outer loop
      vertex 2.6373832604002754 -3.00735922991591 4
      vertex 13.61886951327324 -5.312104023993015 4
      vertex 14.334198169410229 -2.8951681777834892 4
    endloop
  endfacet
  facet normal 0 0 1
    outer loop
      vertex 3.9231411216129217 -0.780361288064513 4
      vertex 14.334198169410229 -2.8951681777834892 4
      vertex 14.343984723091125 -2.853195957839489 4
    endloop
  endfacet
  facet normal 0 0 1
    outer loop
      vertex 3.9231411216129217 -0.780361288064513 4
      vertex 14.343984723091125 -2.853195957839489 4
      vertex 14.499881096184254 -1.9089455604553223 4
    endloop
  endfacet
  facet normal 0 0 1
    outer loop
      vertex 3.991435692954414 -0.26161251692057225 4
      vertex 14.499881096184254 -1.9089455604553223 4
      vertex 14.563792057335377 -1.2600466758012772 4
    endloop
  endfacet
  facet normal 0 0 1
    outer loop
      vertex 12.531173139810562 -9.626062393188477 4
      vertex 14.23973985761404 -7.650614909827709 4
      vertex 13.961811803281307 -7.399945192039013 4
    endloop
  endfacet
  facet normal 0 0 1
    outer loop
      vertex 13.37346051633358 -9.935173116624355 4
      vertex 14.592887617647648 -8.037707507610321 4
      vertex 14.23973985761404 -7.650614909827709 4
    endloop
  endfacet
  facet normal 0 0 1
    outer loop
      vertex 14.03186371922493 -10.077857486903667 4
      vertex 14.996188469231129 -8.5773388966918 4
      vertex 14.592887617647648 -8.037707507610321 4
    endloop
  endfacet
  facet normal 0 0 1
    outer loop
      vertex 14.444969549775124 -5.634328216314316 4
      vertex 14.334198169410229 -2.8951681777834892 4
      vertex 13.61886951327324 -5.312104023993015 4
    endloop
  endfacet
  facet normal 0 0 1
    outer loop
      vertex 14.444969549775124 -5.634328216314316 4
      vertex 14.516347222030163 -5.656907953321934 4
      vertex 15.270283728837967 -3.0892360284924507 4
    endloop
  endfacet
  facet normal 0 0 1
    outer loop
      vertex 14.516347222030163 -5.656907953321934 4
      vertex 14.735547751188278 -5.705699786543846 4
      vertex 15.481065802276134 -3.1666984856128693 4
    endloop
  endfacet
  facet normal 0 0 1
    outer loop
      vertex 14.735547751188278 -5.705699786543846 4
      vertex 15.106995455920696 -5.751590043306351 4
      vertex 15.481065802276134 -3.1666984856128693 4
    endloop
  endfacet
  facet normal 0 0 1
    outer loop
      vertex 15.106995455920696 -5.751590043306351 4
      vertex 15.630803123116493 -5.764989569783211 4
      vertex 15.818357639014721 -3.328912928700447 4
    endloop
  endfacet
  facet normal 0 0 1
    outer loop
      vertex 15.630803123116493 -5.764989569783211 4
      vertex 16.302735202014446 -5.716400608420372 4
      vertex 16.805253081023693 -4.004981882870197 4
    endloop
  endfacet
  facet normal 0 0 1
    outer loop
      vertex 16.302735202014446 -5.716400608420372 4
      vertex 17.11424083262682 -5.57698492705822 4
      vertex 16.805253081023693 -4.004981882870197 4
    endloop
  endfacet
  facet normal 0 0 1
    outer loop
      vertex 17.11424083262682 -5.57698492705822 4
      vertex 17.412561252713203 -4.560998879373074 4
      vertex 16.805253081023693 -4.004981882870197 4
    endloop
  endfacet
  facet normal 0 0 1
    outer loop
      vertex 14.444969549775124 -5.634328216314316 4
      vertex 15.270283728837967 -3.0892360284924507 4
      vertex 15.198029480874538 -3.069641627371311 4
    endloop
  endfacet
  facet normal 0 0 1
    outer loop
      vertex 14.516347222030163 -5.656907953321934 4
      vertex 15.481065802276134 -3.1666984856128693 4
      vertex 15.270283728837967 -3.0892360284924507 4
    endloop
  endfacet
  facet normal 0 0 1
    outer loop
      vertex 14.444969549775124 -5.634328216314316 4
      vertex 15.198029480874538 -3.069641627371311 4
      vertex 14.334198169410229 -2.8951681777834892 4
    endloop
  endfacet
  facet normal 0 0 1
    outer loop
      vertex 15.106995455920696 -5.751590043306351 4
      vertex 15.818357639014721 -3.328912928700447 4
      vertex 15.481065802276134 -3.1666984856128693 4
    endloop
  endfacet
  facet normal 0 0 1
    outer loop
      vertex 14.563792057335377 -1.2600466758012772 4
      vertex 15.447220481932163 -1.3364801332354546 4
      vertex 15.447220481932163 1.3364801332354546 4
    endloop
  endfacet
  facet normal 0 0 1
    outer loop
      vertex 15.447220481932163 -1.3364801332354546 4
      vertex 15.522068306803703 -1.3380358144640923 4
      vertex 15.522068306803703 1.3380358144640923 4
    endloop
  endfacet
  facet normal 0 0 1
    outer loop
      vertex 15.522068306803703 -1.3380358144640923 4
      vertex 15.746135920286179 -1.3230953067541122 4
      vertex 15.746135920286179 1.3230953067541122 4
    endloop
  endfacet
  facet normal 0 0 1
    outer loop
      vertex 15.630803123116493 -5.764989569783211 4
      vertex 16.266257025301456 -3.600832335650921 4
      vertex 15.818357639014721 -3.328912928700447 4
    endloop
  endfacet
  facet normal 0 0 1
    outer loop
      vertex 15.630803123116493 -5.764989569783211 4
      vertex 16.805253081023693 -4.004981882870197 4
      vertex 16.266257025301456 -3.600832335650921 4
    endloop
  endfacet
  facet normal 0 0 1
    outer loop
      vertex 15.746135920286179 -1.3230953067541122 4
      vertex 16.11546616256237 -1.2624777778983116 4
      vertex 16.11546616256237 1.2624777778983116 4
    endloop
  endfacet
  facet normal 0 0 1
    outer loop
      vertex 16.11546616256237 -1.2624777778983116 4
      vertex 16.62183102220297 -1.1277608573436737 4
      vertex 16.62183102220297 1.1277608573436737 4
    endloop
  endfacet
  facet normal 0 0 1
    outer loop
      vertex 16.62183102220297 -1.1277608573436737 4
      vertex 17.2528560385108 -0.891834944486618 4
      vertex 17.2528560385108 0.891834944486618 4
    endloop
  endfacet
  facet normal 0 0 1
    outer loop
      vertex 17.2528560385108 -0.891834944486618 4
      vertex 17.992212049663067 -0.5294390246272087 4
      vertex 17.992212049663067 0.5294390246272087 4
    endloop
  endfacet
  facet normal 0 0 -1
    outer loop
      vertex -14.334198169410229 2.8951681777834892 0
      vertex 14.563792057335377 1.2600466758012772 0
      vertex 0 1.6 0
    endloop
  endfacet
  facet normal 0 0 -1
    outer loop
      vertex 14.563792057335377 1.2600466758012772 0
      vertex 0.10464500676822891 1.5965742771817657 0
      vertex 0 1.6 0
    endloop
  endfacet
  facet normal 0 0 -1
    outer loop
      vertex 14.563792057335377 1.2600466758012772 0
      vertex 0.20884190755208254 1.5863117781980967 0
      vertex 0.10464500676822891 1.5965742771817657 0
    endloop
  endfacet
  facet normal 0 0 -1
    outer loop
      vertex 14.563792057335377 1.2600466758012772 0
      vertex 0.3121445152258052 1.5692564486451688 0
      vertex 0.20884190755208254 1.5863117781980967 0
    endloop
  endfacet
  facet normal 0 0 -1
    outer loop
      vertex -14.334198169410229 2.8951681777834892 0
      vertex 14.499881096184254 1.9089455604553223 0
      vertex 14.563792057335377 1.2600466758012772 0
    endloop
  endfacet
  facet normal 0 0 -1
    outer loop
      vertex 14.563792057335377 1.2600466758012772 0
      vertex 0.7076619043504021 1.4349963864523012 0
      vertex 0.6122934917841437 1.478207252018059 0
    endloop
  endfacet
  facet normal 0 0 -1
    outer loop
      vertex 14.563792057335377 1.2600466758012772 0
      vertex 0.4141104721640332 1.5454813220625094 0
      vertex 0.3121445152258052 1.5692564486451688 0
    endloop
  endfacet
  facet normal 0 0 -1
    outer loop
      vertex 14.563792057335377 1.2600466758012772 0
      vertex 0.5143031444850585 1.5150882071921692 0
      vertex 0.4141104721640332 1.5454813220625094 0
    endloop
  endfacet
  facet normal 0 0 -1
    outer loop
      vertex 14.563792057335377 1.2600466758012772 0
      vertex 0.6122934917841437 1.478207252018059 0
      vertex 0.5143031444850585 1.5150882071921692 0
    endloop
  endfacet
  facet normal 0 0 -1
    outer loop
      vertex 14.563792057335377 1.2600466758012772 0
      vertex 0.8 1.3856406460551018 0
      vertex 0.7076619043504021 1.4349963864523012 0
    endloop
  endfacet
  facet normal 0 0 -1
    outer loop
      vertex 14.563792057335377 1.2600466758012772 0
      vertex 0.8889123728313635 1.3303513796840725 0
      vertex 0.8 1.3856406460551018 0
    endloop
  endfacet
  facet normal 0 0 -1
    outer loop
      vertex 14.563792057335377 1.2600466758012772 0
      vertex 0.974018286413953 1.2693653444659763 0
      vertex 0.8889123728313635 1.3303513796840725 0
    endloop
  endfacet
  facet normal 0 0 -1
    outer loop
      vertex 14.563792057335377 1.2600466758012772 0
      vertex 1.0549533041601102 1.202943691966364 0
      vertex 0.974018286413953 1.2693653444659763 0
    endloop
  endfacet
  facet normal 0 0 -1
    outer loop
      vertex 14.563792057335377 1.2600466758012772 0
      vertex 1.1313708498984762 1.1313708498984762 0
      vertex 1.0549533041601102 1.202943691966364 0
    endloop
  endfacet
  facet normal 0 0 -1
    outer loop
      vertex 14.563792057335377 -1.2600466758012772 0
      vertex 1.478207252018059 0.6122934917841437 0
      vertex 1.4349963864523012 0.7076619043504021 0
    endloop
  endfacet
  facet normal 0 0 -1
    outer loop
      vertex 14.563792057335377 1.2600466758012772 0
      vertex 1.2693653444659763 0.974018286413953 0
      vertex 1.202943691966364 1.0549533041601102 0
    endloop
  endfacet
  facet normal 0 0 -1
    outer loop
      vertex 14.563792057335377 1.2600466758012772 0
      vertex 1.3303513796840725 0.8889123728313635 0
      vertex 1.2693653444659763 0.974018286413953 0
    endloop
  endfacet
  facet normal 0 0 -1
    outer loop
      vertex 14.563792057335377 1.2600466758012772 0
      vertex 1.3856406460551018 0.8 0
      vertex 1.3303513796840725 0.8889123728313635 0
    endloop
  endfacet
  facet normal 0 0 -1
    outer loop
      vertex 14.563792057335377 1.2600466758012772 0
      vertex 1.4349963864523012 0.7076619043504021 0
      vertex 1.3856406460551018 0.8 0
    endloop
  endfacet
  facet normal 0 0 -1
    outer loop
      vertex 14.563792057335377 1.2600466758012772 0
      vertex 1.202943691966364 1.0549533041601102 0
      vertex 1.1313708498984762 1.1313708498984762 0
    endloop
  endfacet
  facet normal 0 0 -1
    outer loop
      vertex -14.334198169410229 2.8951681777834892 0
      vertex 14.343984723091125 2.853195957839489 0
      vertex 14.499881096184254 1.9089455604553223 0
    endloop
  endfacet
  facet normal 0 0 -1
    outer loop
      vertex -14.334198169410229 2.8951681777834892 0
      vertex 14.334198169410229 2.8951681777834892 0
      vertex 14.343984723091125 2.853195957839489 0
    endloop
  endfacet
  facet normal 0 0 -1
    outer loop
      vertex -7.197733111679554 12.726965710520744 0
      vertex -4.904277451336384 13.772364564239979 0
      vertex 14.334198169410229 2.8951681777834892 0
    endloop
  endfacet
  facet normal 0 0 -1
    outer loop
      vertex -4.904277451336384 13.772364564239979 0
      vertex -4.70105218142271 13.848853141069412 0
      vertex 14.334198169410229 2.8951681777834892 0
    endloop
  endfacet
  facet normal 0 0 -1
    outer loop
      vertex -4.70105218142271 13.848853141069412 0
      vertex -3.7852285355329514 14.126665212213993 0
      vertex 14.334198169410229 2.8951681777834892 0
    endloop
  endfacet
  facet normal 0 0 -1
    outer loop
      vertex -3.7852285355329514 14.126665212213993 0
      vertex -3.3196310251951218 14.235227316617966 0
      vertex 14.334198169410229 2.8951681777834892 0
    endloop
  endfacet
  facet normal 0 0 -1
    outer loop
      vertex -3.3196310251951218 14.235227316617966 0
      vertex -0.8255975767970085 14.597972728312016 0
      vertex 14.334198169410229 2.8951681777834892 0
    endloop
  endfacet
  facet normal 0 0 -1
    outer loop
      vertex 0.8255975767970085 14.597972728312016 0
      vertex 0.8754919916391373 15.480191007256508 0
      vertex 3.521245375275612 15.099789097905159 0
    endloop
  endfacet
  facet normal 0 0 -1
    outer loop
      vertex 0.8754919916391373 15.480191007256508 0
      vertex 0.8846041038632393 15.554498381912708 0
      vertex 3.521245375275612 15.099789097905159 0
    endloop
  endfacet
  facet normal 0 0 -1
    outer loop
      vertex 0.8846041038632393 15.554498381912708 0
      vertex 0.931280680000782 15.77415905892849 0
      vertex 3.5505368933081627 15.397566862404346 0
    endloop
  endfacet
  facet normal 0 0 -1
    outer loop
      vertex 0.931280680000782 15.77415905892849 0
      vertex 1.0438423827290535 16.13110327720642 0
      vertex 3.543097533285618 15.771764636039734 0
    endloop
  endfacet
  facet normal 0 0 -1
    outer loop
      vertex 1.0438423827290535 16.13110327720642 0
      vertex 1.249251313507557 16.61314184963703 0
      vertex 3.543097533285618 15.771764636039734 0
    endloop
  endfacet
  facet normal 0 0 -1
    outer loop
      vertex 1.249251313507557 16.61314184963703 0
      vertex 1.5725800693035126 17.204168185591698 0
      vertex 3.481815069913864 16.292147643864155 0
    endloop
  endfacet
  facet normal 0 0 -1
    outer loop
      vertex 1.5725800693035126 17.204168185591698 0
      vertex 2.0365086495876312 17.884424306452274 0
      vertex 3.084608845412731 17.733730241656303 0
    endloop
  endfacet
  facet normal 0 0 -1
    outer loop
      vertex 0.8255975767970085 14.597972728312016 0
      vertex 3.521245375275612 15.099789097905159 0
      vertex 3.3196310251951218 14.235227316617966 0
    endloop
  endfacet
  facet normal 0 0 -1
    outer loop
      vertex 0.8846041038632393 15.554498381912708 0
      vertex 3.5334371775388718 15.173653684556484 0
      vertex 3.521245375275612 15.099789097905159 0
    endloop
  endfacet
  facet normal 0 0 -1
    outer loop
      vertex 0.8846041038632393 15.554498381912708 0
      vertex 3.5505368933081627 15.397566862404346 0
      vertex 3.5334371775388718 15.173653684556484 0
    endloop
  endfacet
  facet normal 0 0 -1
    outer loop
      vertex 0.931280680000782 15.77415905892849 0
      vertex 3.543097533285618 15.771764636039734 0
      vertex 3.5505368933081627 15.397566862404346 0
    endloop
  endfacet
  facet normal 0 0 -1
    outer loop
      vertex 1.249251313507557 16.61314184963703 0
      vertex 3.481815069913864 16.292147643864155 0
      vertex 3.543097533285618 15.771764636039734 0
    endloop
  endfacet
  facet normal 0 0 -1
    outer loop
      vertex 1.5725800693035126 17.204168185591698 0
      vertex 3.3380947709083557 16.95032549649477 0
      vertex 3.481815069913864 16.292147643864155 0
    endloop
  endfacet
  facet normal 0 0 -1
    outer loop
      vertex 1.5725800693035126 17.204168185591698 0
      vertex 3.084608845412731 17.733730241656303 0
      vertex 3.3380947709083557 16.95032549649477 0
    endloop
  endfacet
  facet normal 0.03271908942272048 0.9994645872602732 0
    outer loop
      vertex 0 14.625 0
      vertex 0.8255975767970085 14.597972728312016 4
      vertex 0.8255975767970085 14.597972728312016 0
    endloop
  endfacet
  facet normal -0.9984045563822955 0.05646540352350151 0
    outer loop
      vertex 0.8255975767970085 14.597972728312016 0
      vertex 0.8754919916391373 15.480191007256508 4
      vertex 0.8754919916391373 15.480191007256508 0
    endloop
  endfacet
  facet normal -0.9925650215329075 0.1217155619852249 0
    outer loop
      vertex 0.8754919916391373 15.480191007256508 0
      vertex 0.8846041038632393 15.554498381912708 4
      vertex 0.8846041038632393 15.554498381912708 0
    endloop
  endfacet
  facet normal -0.9781600439587359 0.2078531414307799 0
    outer loop
      vertex 0.8846041038632393 15.554498381912708 0
      vertex 0.931280680000782 15.77415905892849 4
      vertex 0.931280680000782 15.77415905892849 0
    endloop
  endfacet
  facet normal -0.9537034460380664 0.30074862761967336 0
    outer loop
      vertex 0.931280680000782 15.77415905892849 0
      vertex 1.0438423827290535 16.13110327720642 4
      vertex 1.0438423827290535 16.13110327720642 0
    endloop
  endfacet
  facet normal -0.9199577719130817 0.39201747141768883 0
    outer loop
      vertex 1.0438423827290535 16.13110327720642 0
      vertex 1.249251313507557 16.61314184963703 4
      vertex 1.249251313507557 16.61314184963703 0
    endloop
  endfacet
  facet normal -0.8773016259563844 0.47993943065170647 0
    outer loop
      vertex 1.249251313507557 16.61314184963703 0
      vertex 1.5725800693035126 17.204168185591698 4
      vertex 1.5725800693035126 17.204168185591698 0
    endloop
  endfacet
  facet normal -0.8261608670402963 0.5634343100763618 0
    outer loop
      vertex 1.5725800693035126 17.204168185591698 0
      vertex 2.0365086495876312 17.884424306452274 4
      vertex 2.0365086495876312 17.884424306452274 0
    endloop
  endfacet
  facet normal 0.22707624587302 0.9738769832787998 0
    outer loop
      vertex 3.3196310251951218 14.235227316617966 0
      vertex 3.7852285355329514 14.126665212213993 4
      vertex 3.7852285355329514 14.126665212213993 0
    endloop
  endfacet
  facet normal 0.97387029880461 -0.22710491211380662 0
    outer loop
      vertex 3.3196310251951218 14.235227316617966 0
      vertex 3.521245375275612 15.099789097905159 0
      vertex 3.3196310251951218 14.235227316617966 4
    endloop
  endfacet
  facet normal 0.2902846824164033 0.9569403341663513 0
    outer loop
      vertex 3.7852285355329514 14.126665212213993 0
      vertex 4.70105218142271 13.848853141069412 4
      vertex 4.70105218142271 13.848853141069412 0
    endloop
  endfacet
  facet normal 0.9866503949530443 -0.16285268846108097 0
    outer loop
      vertex 3.521245375275612 15.099789097905159 0
      vertex 3.5334371775388718 15.173653684556484 0
      vertex 3.521245375275612 15.099789097905159 4
    endloop
  endfacet
  facet normal 0.9970966865171883 -0.07614589769937685 0
    outer loop
      vertex 3.5334371775388718 15.173653684556484 0
      vertex 3.5505368933081627 15.397566862404346 0
      vertex 3.5334371775388718 15.173653684556484 4
    endloop
  endfacet
  facet normal 0.9998024349848607 0.019876896094301048 0
    outer loop
      vertex 3.5505368933081627 15.397566862404346 0
      vertex 3.543097533285618 15.771764636039734 0
      vertex 3.5505368933081627 15.397566862404346 4
    endloop
  endfacet
  facet normal 0.14231484447669274 0.9898214409890174 0
    outer loop
      vertex 2.0365086495876312 17.884424306452274 0
      vertex 3.084608845412731 17.733730241656303 4
      vertex 3.084608845412731 17.733730241656303 0
    endloop
  endfacet
  facet normal 0.9514333317574797 0.3078548606419297 0
    outer loop
      vertex 3.3380947709083557 16.95032549649477 0
      vertex 3.084608845412731 17.733730241656303 0
      vertex 3.3380947709083557 16.95032549649477 4
    endloop
  endfacet
  facet normal 0.9931371034030734 0.1169559483059897 0
    outer loop
      vertex 3.543097533285618 15.771764636039734 0
      vertex 3.481815069913864 16.292147643864155 0
      vertex 3.543097533285618 15.771764636039734 4
    endloop
  endfacet
  facet normal 0.9769793116613981 0.21333406803795066 0
    outer loop
      vertex 3.3380947709083557 16.95032549649477 0
      vertex 3.481815069913864 16.292147643864155 4
      vertex 3.481815069913864 16.292147643864155 0
    endloop
  endfacet
  facet normal 0 0 -1
    outer loop
      vertex -0.8255975767970085 14.597972728312016 0
      vertex 0 14.625 0
      vertex 14.334198169410229 2.8951681777834892 0
    endloop
  endfacet
  facet normal 0 0 -1
    outer loop
      vertex 0 14.625 0
      vertex 0.8255975767970085 14.597972728312016 0
      vertex 14.334198169410229 2.8951681777834892 0
    endloop
  endfacet
  facet normal 0 0 -1
    outer loop
      vertex 0.8255975767970085 14.597972728312016 0
      vertex 3.3196310251951218 14.235227316617966 0
      vertex 14.334198169410229 2.8951681777834892 0
    endloop
  endfacet
  facet normal 0 0 -1
    outer loop
      vertex 3.3196310251951218 14.235227316617966 0
      vertex 3.7852285355329514 14.126665212213993 0
      vertex 14.334198169410229 2.8951681777834892 0
    endloop
  endfacet
  facet normal 0 0 -1
    outer loop
      vertex 3.7852285355329514 14.126665212213993 0
      vertex 4.70105218142271 13.848853141069412 0
      vertex 14.334198169410229 2.8951681777834892 0
    endloop
  endfacet
  facet normal 0 0 -1
    outer loop
      vertex 4.70105218142271 13.848853141069412 0
      vertex 4.904277451336384 13.772364564239979 0
      vertex 14.334198169410229 2.8951681777834892 0
    endloop
  endfacet
  facet normal 0 0 -1
    outer loop
      vertex 7.197733111679554 12.726965710520744 0
      vertex 12.932394184172153 6.813403464853764 0
      vertex 4.904277451336384 13.772364564239979 0
    endloop
  endfacet
  facet normal 0.4713967170135471 0.8819212749383302 0
    outer loop
      vertex 7.197733111679554 12.726965710520744 0
      vertex 7.3125 12.665621533989906 4
      vertex 7.3125 12.665621533989906 0
    endloop
  endfacet
  facet normal 0.5280678536830435 0.8492021796407401 0
    outer loop
      vertex 7.3125 12.665621533989906 0
      vertex 8.125214658677578 12.160243079066277 4
      vertex 8.125214658677578 12.160243079066277 0
    endloop
  endfacet
  facet normal 0.8704388620757386 -0.4922765354841659 0
    outer loop
      vertex 7.197733111679554 12.726965710520744 0
      vertex 7.632712386548519 13.496092081069946 0
      vertex 7.197733111679554 12.726965710520744 4
    endloop
  endfacet
  facet normal 0.5824777116773101 0.8128466739792717 0
    outer loop
      vertex 8.125214658677578 12.160243079066277 0
      vertex 8.584521420300007 11.831108495593071 4
      vertex 8.584521420300007 11.831108495593071 0
    endloop
  endfacet
  facet normal -0.8093838560335391 0.5872799788791367 0
    outer loop
      vertex 8.584521420300007 11.831108495593071 0
      vertex 9.10573384910822 12.549438662827015 4
      vertex 9.10573384910822 12.549438662827015 0
    endloop
  endfacet
  facet normal 0 0 -1
    outer loop
      vertex 7.197733111679554 12.726965710520744 0
      vertex 4.904277451336384 13.772364564239979 0
      vertex 5.201302208006382 14.606479898095131 0
    endloop
  endfacet
  facet normal 0 0 -1
    outer loop
      vertex 5.201302208006382 14.606479898095131 0
      vertex 5.2309800162911415 14.675210133194923 0
      vertex 7.665220394730568 13.563529804348946 0
    endloop
  endfacet
  facet normal 0 0 -1
    outer loop
      vertex 5.2309800162911415 14.675210133194923 0
      vertex 5.337651431560516 14.872822687029839 0
      vertex 7.665220394730568 13.563529804348946 0
    endloop
  endfacet
  facet normal 0 0 -1
    outer loop
      vertex 7.197733111679554 12.726965710520744 0
      vertex 5.201302208006382 14.606479898095131 0
      vertex 7.632712386548519 13.496092081069946 0
    endloop
  endfacet
  facet normal 0 0 -1
    outer loop
      vertex 5.337651431560516 14.872822687029839 0
      vertex 5.546216405928135 15.18359586596489 0
      vertex 7.7447110787034035 13.773555383086205 0
    endloop
  endfacet
  facet normal 0 0 -1
    outer loop
      vertex 5.546216405928135 15.18359586596489 0
      vertex 5.879110790789127 15.58823811262846 0
      vertex 7.930805511772633 14.651260524988174 0
    endloop
  endfacet
  facet normal 0 0 -1
    outer loop
      vertex 5.879110790789127 15.58823811262846 0
      vertex 6.355853818356991 16.064231492578983 0
      vertex 7.97833701223135 15.323268242180347 0
    endloop
  endfacet
  facet normal 0 0 -1
    outer loop
      vertex 5.201302208006382 14.606479898095131 0
      vertex 7.665220394730568 13.563529804348946 0
      vertex 7.632712386548519 13.496092081069946 0
    endloop
  endfacet
  facet normal 0 0 -1
    outer loop
      vertex 5.337651431560516 14.872822687029839 0
      vertex 7.7447110787034035 13.773555383086205 0
      vertex 7.665220394730568 13.563529804348946 0
    endloop
  endfacet
  facet normal 0 0 -1
    outer loop
      vertex 5.546216405928135 15.18359586596489 0
      vertex 7.842996768653393 14.134691417217255 0
      vertex 7.7447110787034035 13.773555383086205 0
    endloop
  endfacet
  facet normal 0 0 -1
    outer loop
      vertex 5.546216405928135 15.18359586596489 0
      vertex 7.930805511772633 14.651260524988174 0
      vertex 7.842996768653393 14.134691417217255 0
    endloop
  endfacet
  facet normal 0 0 -1
    outer loop
      vertex 5.879110790789127 15.58823811262846 0
      vertex 7.97833701223135 15.323268242180347 0
      vertex 7.930805511772633 14.651260524988174 0
    endloop
  endfacet
  facet normal 0 0 -1
    outer loop
      vertex 6.355853818356991 16.064231492578983 0
      vertex 6.992640323936939 16.586228668689728 0
      vertex 7.97833701223135 15.323268242180347 0
    endloop
  endfacet
  facet normal 0 0 -1
    outer loop
      vertex 7.97833701223135 15.323268242180347 0
      vertex 6.992640323936939 16.586228668689728 0
      vertex 7.955829679965973 16.14635483175516 0
    endloop
  endfacet
  facet normal 0.3522500536019485 0.9359059246192559 0
    outer loop
      vertex 4.70105218142271 13.848853141069412 0
      vertex 4.904277451336384 13.772364564239979 4
      vertex 4.904277451336384 13.772364564239979 0
    endloop
  endfacet
  facet normal -0.9420540098076596 0.335461238603374 0
    outer loop
      vertex 4.904277451336384 13.772364564239979 0
      vertex 5.201302208006382 14.606479898095131 4
      vertex 5.201302208006382 14.606479898095131 0
    endloop
  endfacet
  facet normal -0.9180679776028079 0.3964229918916034 0
    outer loop
      vertex 5.201302208006382 14.606479898095131 0
      vertex 5.2309800162911415 14.675210133194923 4
      vertex 5.2309800162911415 14.675210133194923 0
    endloop
  endfacet
  facet normal -0.8799786730820552 0.4750131944701592 0
    outer loop
      vertex 5.2309800162911415 14.675210133194923 0
      vertex 5.337651431560516 14.872822687029839 4
      vertex 5.337651431560516 14.872822687029839 0
    endloop
  endfacet
  facet normal -0.8303410751650309 0.5572555059340198 0
    outer loop
      vertex 5.337651431560516 14.872822687029839 0
      vertex 5.546216405928135 15.18359586596489 4
      vertex 5.546216405928135 15.18359586596489 0
    endloop
  endfacet
  facet normal -0.7722489391801902 0.6353200578724639 0
    outer loop
      vertex 5.546216405928135 15.18359586596489 0
      vertex 5.879110790789127 15.58823811262846 4
      vertex 5.879110790789127 15.58823811262846 0
    endloop
  endfacet
  facet normal -0.7065501851660633 0.7076629394293599 0
    outer loop
      vertex 5.879110790789127 15.58823811262846 0
      vertex 6.355853818356991 16.064231492578983 4
      vertex 6.355853818356991 16.064231492578983 0
    endloop
  endfacet
  facet normal 0.900803210826481 -0.434227561728528 0
    outer loop
      vertex 7.632712386548519 13.496092081069946 0
      vertex 7.665220394730568 13.563529804348946 0
      vertex 7.632712386548519 13.496092081069946 4
    endloop
  endfacet
  facet normal 0.9352544965679865 -0.3539760255290774 0
    outer loop
      vertex 7.665220394730568 13.563529804348946 0
      vertex 7.7447110787034035 13.773555383086205 0
      vertex 7.665220394730568 13.563529804348946 4
    endloop
  endfacet
  facet normal 0.9649033727486425 -0.2626051813241589 0
    outer loop
      vertex 7.7447110787034035 13.773555383086205 0
      vertex 7.842996768653393 14.134691417217255 0
      vertex 7.7447110787034035 13.773555383086205 4
    endloop
  endfacet
  facet normal 0.985858370818296 -0.16758064532485636 0
    outer loop
      vertex 7.842996768653393 14.134691417217255 0
      vertex 7.930805511772633 14.651260524988174 0
      vertex 7.842996768653393 14.134691417217255 4
    endloop
  endfacet
  facet normal 0.9975079386200338 -0.07055432226313808 0
    outer loop
      vertex 7.930805511772633 14.651260524988174 0
      vertex 7.97833701223135 15.323268242180347 0
      vertex 7.930805511772633 14.651260524988174 4
    endloop
  endfacet
  facet normal 0.9996263340520741 0.02733481789972208 0
    outer loop
      vertex 7.97833701223135 15.323268242180347 0
      vertex 7.955829679965973 16.14635483175516 0
      vertex 7.97833701223135 15.323268242180347 4
    endloop
  endfacet
  facet normal -0.6339577553295868 0.7733676774067246 0
    outer loop
      vertex 6.355853818356991 16.064231492578983 0
      vertex 6.992640323936939 16.586228668689728 4
      vertex 6.992640323936939 16.586228668689728 0
    endloop
  endfacet
  facet normal 0.4154150105423827 0.9096319964777361 0
    outer loop
      vertex 6.992640323936939 16.586228668689728 0
      vertex 7.955829679965973 16.14635483175516 4
      vertex 7.955829679965973 16.14635483175516 0
    endloop
  endfacet
  facet normal 0.03271908942272048 0.9994645872602732 0
    outer loop
      vertex 0 14.625 0
      vertex 0 14.625 4
      vertex 0.8255975767970085 14.597972728312016 4
    endloop
  endfacet
  facet normal -0.9984045563822955 0.05646540352350151 0
    outer loop
      vertex 0.8255975767970085 14.597972728312016 0
      vertex 0.8255975767970085 14.597972728312016 4
      vertex 0.8754919916391373 15.480191007256508 4
    endloop
  endfacet
  facet normal -0.9925650215329075 0.1217155619852249 0
    outer loop
      vertex 0.8754919916391373 15.480191007256508 0
      vertex 0.8754919916391373 15.480191007256508 4
      vertex 0.8846041038632393 15.554498381912708 4
    endloop
  endfacet
  facet normal -0.9781600439587359 0.2078531414307799 0
    outer loop
      vertex 0.8846041038632393 15.554498381912708 0
      vertex 0.8846041038632393 15.554498381912708 4
      vertex 0.931280680000782 15.77415905892849 4
    endloop
  endfacet
  facet normal -0.9537034460380664 0.30074862761967336 0
    outer loop
      vertex 0.931280680000782 15.77415905892849 0
      vertex 0.931280680000782 15.77415905892849 4
      vertex 1.0438423827290535 16.13110327720642 4
    endloop
  endfacet
  facet normal -0.9199577719130817 0.39201747141768883 0
    outer loop
      vertex 1.0438423827290535 16.13110327720642 0
      vertex 1.0438423827290535 16.13110327720642 4
      vertex 1.249251313507557 16.61314184963703 4
    endloop
  endfacet
  facet normal -0.8773016259563844 0.47993943065170647 0
    outer loop
      vertex 1.249251313507557 16.61314184963703 0
      vertex 1.249251313507557 16.61314184963703 4
      vertex 1.5725800693035126 17.204168185591698 4
    endloop
  endfacet
  facet normal -0.8261608670402963 0.5634343100763618 0
    outer loop
      vertex 1.5725800693035126 17.204168185591698 0
      vertex 1.5725800693035126 17.204168185591698 4
      vertex 2.0365086495876312 17.884424306452274 4
    endloop
  endfacet
  facet normal 0.22707624587302 0.9738769832787998 0
    outer loop
      vertex 3.3196310251951218 14.235227316617966 0
      vertex 3.3196310251951218 14.235227316617966 4
      vertex 3.7852285355329514 14.126665212213993 4
    endloop
  endfacet
  facet normal 0.2902846824164033 0.9569403341663513 0
    outer loop
      vertex 3.7852285355329514 14.126665212213993 0
      vertex 3.7852285355329514 14.126665212213993 4
      vertex 4.70105218142271 13.848853141069412 4
    endloop
  endfacet
  facet normal 0.97387029880461 -0.22710491211380662 0
    outer loop
      vertex 3.521245375275612 15.099789097905159 0
      vertex 3.521245375275612 15.099789097905159 4
      vertex 3.3196310251951218 14.235227316617966 4
    endloop
  endfacet
  facet normal 0.9866503949530443 -0.16285268846108097 0
    outer loop
      vertex 3.5334371775388718 15.173653684556484 0
      vertex 3.5334371775388718 15.173653684556484 4
      vertex 3.521245375275612 15.099789097905159 4
    endloop
  endfacet
  facet normal 0.9970966865171883 -0.07614589769937685 0
    outer loop
      vertex 3.5505368933081627 15.397566862404346 0
      vertex 3.5505368933081627 15.397566862404346 4
      vertex 3.5334371775388718 15.173653684556484 4
    endloop
  endfacet
  facet normal 0.9998024349848607 0.019876896094301048 0
    outer loop
      vertex 3.543097533285618 15.771764636039734 0
      vertex 3.543097533285618 15.771764636039734 4
      vertex 3.5505368933081627 15.397566862404346 4
    endloop
  endfacet
  facet normal 0.14231484447669274 0.9898214409890174 0
    outer loop
      vertex 2.0365086495876312 17.884424306452274 0
      vertex 2.0365086495876312 17.884424306452274 4
      vertex 3.084608845412731 17.733730241656303 4
    endloop
  endfacet
  facet normal 0.9514333317574797 0.3078548606419297 0
    outer loop
      vertex 3.084608845412731 17.733730241656303 0
      vertex 3.084608845412731 17.733730241656303 4
      vertex 3.3380947709083557 16.95032549649477 4
    endloop
  endfacet
  facet normal 0.9931371034030734 0.1169559483059897 0
    outer loop
      vertex 3.481815069913864 16.292147643864155 0
      vertex 3.481815069913864 16.292147643864155 4
      vertex 3.543097533285618 15.771764636039734 4
    endloop
  endfacet
  facet normal 0.9769793116613981 0.21333406803795066 0
    outer loop
      vertex 3.3380947709083557 16.95032549649477 0
      vertex 3.3380947709083557 16.95032549649477 4
      vertex 3.481815069913864 16.292147643864155 4
    endloop
  endfacet
  facet normal 0.4713967170135471 0.8819212749383302 0
    outer loop
      vertex 7.197733111679554 12.726965710520744 0
      vertex 7.197733111679554 12.726965710520744 4
      vertex 7.3125 12.665621533989906 4
    endloop
  endfacet
  facet normal 0.5280678536830435 0.8492021796407401 0
    outer loop
      vertex 7.3125 12.665621533989906 0
      vertex 7.3125 12.665621533989906 4
      vertex 8.125214658677578 12.160243079066277 4
    endloop
  endfacet
  facet normal 0.8704388620757386 -0.4922765354841659 0
    outer loop
      vertex 7.632712386548519 13.496092081069946 0
      vertex 7.632712386548519 13.496092081069946 4
      vertex 7.197733111679554 12.726965710520744 4
    endloop
  endfacet
  facet normal 0.5824777116773101 0.8128466739792717 0
    outer loop
      vertex 8.125214658677578 12.160243079066277 0
      vertex 8.125214658677578 12.160243079066277 4
      vertex 8.584521420300007 11.831108495593071 4
    endloop
  endfacet
  facet normal -0.8093838560335391 0.5872799788791367 0
    outer loop
      vertex 8.584521420300007 11.831108495593071 0
      vertex 8.584521420300007 11.831108495593071 4
      vertex 9.10573384910822 12.549438662827015 4
    endloop
  endfacet
  facet normal 0.3522500536019485 0.9359059246192559 0
    outer loop
      vertex 4.70105218142271 13.848853141069412 0
      vertex 4.70105218142271 13.848853141069412 4
      vertex 4.904277451336384 13.772364564239979 4
    endloop
  endfacet
  facet normal -0.9420540098076596 0.335461238603374 0
    outer loop
      vertex 4.904277451336384 13.772364564239979 0
      vertex 4.904277451336384 13.772364564239979 4
      vertex 5.201302208006382 14.606479898095131 4
    endloop
  endfacet
  facet normal -0.9180679776028079 0.3964229918916034 0
    outer loop
      vertex 5.201302208006382 14.606479898095131 0
      vertex 5.201302208006382 14.606479898095131 4
      vertex 5.2309800162911415 14.675210133194923 4
    endloop
  endfacet
  facet normal -0.8799786730820552 0.4750131944701592 0
    outer loop
      vertex 5.2309800162911415 14.675210133194923 0
      vertex 5.2309800162911415 14.675210133194923 4
      vertex 5.337651431560516 14.872822687029839 4
    endloop
  endfacet
  facet normal -0.8303410751650309 0.5572555059340198 0
    outer loop
      vertex 5.337651431560516 14.872822687029839 0
      vertex 5.337651431560516 14.872822687029839 4
      vertex 5.546216405928135 15.18359586596489 4
    endloop
  endfacet
  facet normal -0.7722489391801902 0.6353200578724639 0
    outer loop
      vertex 5.546216405928135 15.18359586596489 0
      vertex 5.546216405928135 15.18359586596489 4
      vertex 5.879110790789127 15.58823811262846 4
    endloop
  endfacet
  facet normal -0.7065501851660633 0.7076629394293599 0
    outer loop
      vertex 5.879110790789127 15.58823811262846 0
      vertex 5.879110790789127 15.58823811262846 4
      vertex 6.355853818356991 16.064231492578983 4
    endloop
  endfacet
  facet normal -0.6339577553295868 0.7733676774067246 0
    outer loop
      vertex 6.355853818356991 16.064231492578983 0
      vertex 6.355853818356991 16.064231492578983 4
      vertex 6.992640323936939 16.586228668689728 4
    endloop
  endfacet
  facet normal 0.900803210826481 -0.434227561728528 0
    outer loop
      vertex 7.665220394730568 13.563529804348946 0
      vertex 7.665220394730568 13.563529804348946 4
      vertex 7.632712386548519 13.496092081069946 4
    endloop
  endfacet
  facet normal 0.9352544965679865 -0.3539760255290774 0
    outer loop
      vertex 7.7447110787034035 13.773555383086205 0
      vertex 7.7447110787034035 13.773555383086205 4
      vertex 7.665220394730568 13.563529804348946 4
    endloop
  endfacet
  facet normal 0.9649033727486425 -0.2626051813241589 0
    outer loop
      vertex 7.842996768653393 14.134691417217255 0
      vertex 7.842996768653393 14.134691417217255 4
      vertex 7.7447110787034035 13.773555383086205 4
    endloop
  endfacet
  facet normal 0.985858370818296 -0.16758064532485636 0
    outer loop
      vertex 7.930805511772633 14.651260524988174 0
      vertex 7.930805511772633 14.651260524988174 4
      vertex 7.842996768653393 14.134691417217255 4
    endloop
  endfacet
  facet normal 0.9975079386200338 -0.07055432226313808 0
    outer loop
      vertex 7.97833701223135 15.323268242180347 0
      vertex 7.97833701223135 15.323268242180347 4
      vertex 7.930805511772633 14.651260524988174 4
    endloop
  endfacet
  facet normal 0.4154150105423827 0.9096319964777361 0
    outer loop
      vertex 6.992640323936939 16.586228668689728 0
      vertex 6.992640323936939 16.586228668689728 4
      vertex 7.955829679965973 16.14635483175516 4
    endloop
  endfacet
  facet normal 0.9996263340520741 0.02733481789972208 0
    outer loop
      vertex 7.955829679965973 16.14635483175516 0
      vertex 7.955829679965973 16.14635483175516 4
      vertex 7.97833701223135 15.323268242180347 4
    endloop
  endfacet
  facet normal 0 0 -1
    outer loop
      vertex 14.563792057335377 -1.2600466758012772 0
      vertex 1.4349963864523012 0.7076619043504021 0
      vertex 14.563792057335377 1.2600466758012772 0
    endloop
  endfacet
  facet normal 0 0 -1
    outer loop
      vertex 4.904277451336384 13.772364564239979 0
      vertex 13.61886951327324 5.312104023993015 0
      vertex 14.334198169410229 2.8951681777834892 0
    endloop
  endfacet
  facet normal 0 0 -1
    outer loop
      vertex 4.904277451336384 13.772364564239979 0
      vertex 13.511738166213036 5.596745200455189 0
      vertex 13.61886951327324 5.312104023993015 0
    endloop
  endfacet
  facet normal 0 0 -1
    outer loop
      vertex 4.904277451336384 13.772364564239979 0
      vertex 13.116763845086098 6.468472093343735 0
      vertex 13.511738166213036 5.596745200455189 0
    endloop
  endfacet
  facet normal 0 0 -1
    outer loop
      vertex 12.932394184172153 6.813403464853764 0
      vertex 10.490461952984333 10.18232399970293 0
      vertex 10.995657183229923 9.642932549118996 0
    endloop
  endfacet
  facet normal 0 0 -1
    outer loop
      vertex 11.574905388057232 8.93711655586958 0
      vertex 12.932394184172153 6.813403464853764 0
      vertex 10.995657183229923 9.642932549118996 0
    endloop
  endfacet
  facet normal 0 0 -1
    outer loop
      vertex 11.574905388057232 8.93711655586958 0
      vertex 13.717584513127804 7.227079272270203 0
      vertex 12.932394184172153 6.813403464853764 0
    endloop
  endfacet
  facet normal 0 0 -1
    outer loop
      vertex 11.574905388057232 8.93711655586958 0
      vertex 12.272473089396954 9.475716538727283 0
      vertex 13.717584513127804 7.227079272270203 0
    endloop
  endfacet
  facet normal 0 0 -1
    outer loop
      vertex 13.781391575932503 7.266236342489719 0
      vertex 12.272473089396954 9.475716538727283 0
      vertex 12.334598019719124 9.517491057515144 0
    endloop
  endfacet
  facet normal 0 0 -1
    outer loop
      vertex 13.781391575932503 7.266236342489719 0
      vertex 12.334598019719124 9.517491057515144 0
      vertex 12.531173139810562 9.626062393188477 0
    endloop
  endfacet
  facet normal 0 0 -1
    outer loop
      vertex 13.717584513127804 7.227079272270203 0
      vertex 12.272473089396954 9.475716538727283 0
      vertex 13.781391575932503 7.266236342489719 0
    endloop
  endfacet
  facet normal 0 0 -1
    outer loop
      vertex 13.781391575932503 7.266236342489719 0
      vertex 12.531173139810562 9.626062393188477 0
      vertex 13.961811803281307 7.399945192039013 0
    endloop
  endfacet
  facet normal 0.9108638231433276 0.4127070337281895 0
    outer loop
      vertex 13.116763845086098 6.468472093343735 0
      vertex 13.511738166213036 5.596745200455189 4
      vertex 13.511738166213036 5.596745200455189 0
    endloop
  endfacet
  facet normal 0.8819212625380908 0.4713967402127638 0
    outer loop
      vertex 13.116763845086098 6.468472093343735 0
      vertex 12.932394184172153 6.813403464853764 0
      vertex 13.116763845086098 6.468472093343735 4
    endloop
  endfacet
  facet normal 0.46611498349831193 -0.884724150319391 0
    outer loop
      vertex 12.932394184172153 6.813403464853764 0
      vertex 13.717584513127804 7.227079272270203 0
      vertex 12.932394184172153 6.813403464853764 4
    endloop
  endfacet
  facet normal 0 0 -1
    outer loop
      vertex 14.563792057335377 -1.2600466758012772 0
      vertex 14.563792057335377 1.2600466758012772 0
      vertex 15.447220481932163 1.3364801332354546 0
    endloop
  endfacet
  facet normal 0 0 -1
    outer loop
      vertex 15.447220481932163 -1.3364801332354546 0
      vertex 15.447220481932163 1.3364801332354546 0
      vertex 15.522068306803703 1.3380358144640923 0
    endloop
  endfacet
  facet normal 0 0 -1
    outer loop
      vertex 15.522068306803703 -1.3380358144640923 0
      vertex 15.522068306803703 1.3380358144640923 0
      vertex 15.746135920286179 1.3230953067541122 0
    endloop
  endfacet
  facet normal 0 0 -1
    outer loop
      vertex 14.334198169410229 2.8951681777834892 0
      vertex 14.444969549775124 5.634328216314316 0
      vertex 15.198029480874538 3.069641627371311 0
    endloop
  endfacet
  facet normal 0 0 -1
    outer loop
      vertex 15.198029480874538 3.069641627371311 0
      vertex 14.444969549775124 5.634328216314316 0
      vertex 15.270283728837967 3.0892360284924507 0
    endloop
  endfacet
  facet normal 0 0 -1
    outer loop
      vertex 15.270283728837967 3.0892360284924507 0
      vertex 14.516347222030163 5.656907953321934 0
      vertex 15.481065802276134 3.1666984856128693 0
    endloop
  endfacet
  facet normal 0 0 -1
    outer loop
      vertex 15.481065802276134 3.1666984856128693 0
      vertex 15.106995455920696 5.751590043306351 0
      vertex 15.818357639014721 3.328912928700447 0
    endloop
  endfacet
  facet normal 0 0 -1
    outer loop
      vertex 15.746135920286179 -1.3230953067541122 0
      vertex 15.746135920286179 1.3230953067541122 0
      vertex 16.11546616256237 1.2624777778983116 0
    endloop
  endfacet
  facet normal 0 0 -1
    outer loop
      vertex 16.11546616256237 -1.2624777778983116 0
      vertex 16.11546616256237 1.2624777778983116 0
      vertex 16.62183102220297 1.1277608573436737 0
    endloop
  endfacet
  facet normal 0 0 -1
    outer loop
      vertex 16.62183102220297 -1.1277608573436737 0
      vertex 16.62183102220297 1.1277608573436737 0
      vertex 17.2528560385108 0.891834944486618 0
    endloop
  endfacet
  facet normal 0 0 -1
    outer loop
      vertex 17.2528560385108 -0.891834944486618 0
      vertex 17.2528560385108 0.891834944486618 0
      vertex 17.992212049663067 0.5294390246272087 0
    endloop
  endfacet
  facet normal 0 0 -1
    outer loop
      vertex 15.818357639014721 3.328912928700447 0
      vertex 15.630803123116493 5.764989569783211 0
      vertex 16.266257025301456 3.600832335650921 0
    endloop
  endfacet
  facet normal 0 0 -1
    outer loop
      vertex 16.266257025301456 3.600832335650921 0
      vertex 15.630803123116493 5.764989569783211 0
      vertex 16.805253081023693 4.004981882870197 0
    endloop
  endfacet
  facet normal 0.9951847267672458 0.0980171393645128 0
    outer loop
      vertex 14.563792057335377 1.2600466758012772 0
      vertex 14.499881096184254 1.9089455604553223 0
      vertex 14.563792057335377 1.2600466758012772 4
    endloop
  endfacet
  facet normal 0.986643331825544 0.16289547496535822 0
    outer loop
      vertex 14.499881096184254 1.9089455604553223 0
      vertex 14.343984723091125 2.853195957839489 0
      vertex 14.499881096184254 1.9089455604553223 4
    endloop
  endfacet
  facet normal -0.08619711323024028 0.9962781025751661 0
    outer loop
      vertex 14.563792057335377 1.2600466758012772 0
      vertex 15.447220481932163 1.3364801332354546 4
      vertex 15.447220481932163 1.3364801332354546 0
    endloop
  endfacet
  facet normal -0.020780100339388864 0.9997840704021469 0
    outer loop
      vertex 15.447220481932163 1.3364801332354546 0
      vertex 15.522068306803703 1.3380358144640923 4
      vertex 15.522068306803703 1.3380358144640923 0
    endloop
  endfacet
  facet normal 0.06653083341726654 0.9977843695933526 0
    outer loop
      vertex 15.522068306803703 1.3380358144640923 0
      vertex 15.746135920286179 1.3230953067541122 4
      vertex 15.746135920286179 1.3230953067541122 0
    endloop
  endfacet
  facet normal 0.9738769556722126 0.22707636427119277 0
    outer loop
      vertex 14.334198169410229 2.8951681777834892 0
      vertex 14.343984723091125 2.853195957839489 4
      vertex 14.343984723091125 2.853195957839489 0
    endloop
  endfacet
  facet normal 0.19797845341503828 -0.9802063721397599 0
    outer loop
      vertex 14.334198169410229 2.8951681777834892 0
      vertex 15.198029480874538 3.069641627371311 0
      vertex 14.334198169410229 2.8951681777834892 4
    endloop
  endfacet
  facet normal 0.26173332848832503 -0.9651402306185471 0
    outer loop
      vertex 15.198029480874538 3.069641627371311 0
      vertex 15.270283728837967 3.0892360284924507 0
      vertex 15.198029480874538 3.069641627371311 4
    endloop
  endfacet
  facet normal 0.3449442215759826 -0.9386231853099194 0
    outer loop
      vertex 15.270283728837967 3.0892360284924507 0
      vertex 15.481065802276134 3.1666984856128693 0
      vertex 15.270283728837967 3.0892360284924507 4
    endloop
  endfacet
  facet normal 0.433413590187108 -0.9011951286159515 0
    outer loop
      vertex 15.481065802276134 3.1666984856128693 0
      vertex 15.818357639014721 3.328912928700447 0
      vertex 15.481065802276134 3.1666984856128693 4
    endloop
  endfacet
  facet normal 0.1619612898558402 0.9867971121705983 0
    outer loop
      vertex 15.746135920286179 1.3230953067541122 0
      vertex 16.11546616256237 1.2624777778983116 4
      vertex 16.11546616256237 1.2624777778983116 0
    endloop
  endfacet
  facet normal 0.2571036508173541 0.9663838330272232 0
    outer loop
      vertex 16.11546616256237 1.2624777778983116 0
      vertex 16.62183102220297 1.1277608573436737 4
      vertex 16.62183102220297 1.1277608573436737 0
    endloop
  endfacet
  facet normal 0.35020129536970507 0.9366744646468059 0
    outer loop
      vertex 16.62183102220297 1.1277608573436737 0
      vertex 17.2528560385108 0.891834944486618 4
      vertex 17.2528560385108 0.891834944486618 0
    endloop
  endfacet
  facet normal 0.44012441634828303 0.8979368007460677 0
    outer loop
      vertex 17.2528560385108 0.891834944486618 0
      vertex 17.992212049663067 0.5294390246272087 4
      vertex 17.992212049663067 0.5294390246272087 0
    endloop
  endfacet
  facet normal 0.5189509336572007 -0.8548040292700542 0
    outer loop
      vertex 15.818357639014721 3.328912928700447 0
      vertex 16.266257025301456 3.600832335650921 0
      vertex 15.818357639014721 3.328912928700447 4
    endloop
  endfacet
  facet normal 0.5999073764605117 -0.8000694592772967 0
    outer loop
      vertex 16.266257025301456 3.600832335650921 0
      vertex 16.805253081023693 4.004981882870197 0
      vertex 16.266257025301456 3.600832335650921 4
    endloop
  endfacet
  facet normal 0.6752743127677585 -0.7375666766577998 0
    outer loop
      vertex 16.805253081023693 4.004981882870197 0
      vertex 17.412561252713203 4.560998879373074 0
      vertex 16.805253081023693 4.004981882870197 4
    endloop
  endfacet
  facet normal 0 0 -1
    outer loop
      vertex 14.334198169410229 2.8951681777834892 0
      vertex 13.61886951327324 5.312104023993015 0
      vertex 14.444969549775124 5.634328216314316 0
    endloop
  endfacet
  facet normal 0 0 -1
    outer loop
      vertex 15.270283728837967 3.0892360284924507 0
      vertex 14.444969549775124 5.634328216314316 0
      vertex 14.516347222030163 5.656907953321934 0
    endloop
  endfacet
  facet normal 0 0 -1
    outer loop
      vertex 15.481065802276134 3.1666984856128693 0
      vertex 14.516347222030163 5.656907953321934 0
      vertex 14.735547751188278 5.705699786543846 0
    endloop
  endfacet
  facet normal 0 0 -1
    outer loop
      vertex 15.481065802276134 3.1666984856128693 0
      vertex 14.735547751188278 5.705699786543846 0
      vertex 15.106995455920696 5.751590043306351 0
    endloop
  endfacet
  facet normal 0 0 -1
    outer loop
      vertex 15.818357639014721 3.328912928700447 0
      vertex 15.106995455920696 5.751590043306351 0
      vertex 15.630803123116493 5.764989569783211 0
    endloop
  endfacet
  facet normal 0 0 -1
    outer loop
      vertex 13.961811803281307 7.399945192039013 0
      vertex 12.531173139810562 9.626062393188477 0
      vertex 14.23973985761404 7.650614909827709 0
    endloop
  endfacet
  facet normal 0 0 -1
    outer loop
      vertex 14.23973985761404 7.650614909827709 0
      vertex 13.37346051633358 9.935173116624355 0
      vertex 14.592887617647648 8.037707507610321 0
    endloop
  endfacet
  facet normal 0 0 -1
    outer loop
      vertex 14.592887617647648 8.037707507610321 0
      vertex 14.03186371922493 10.077857486903667 0
      vertex 14.996188469231129 8.5773388966918 0
    endloop
  endfacet
  facet normal 0 0 -1
    outer loop
      vertex 16.805253081023693 4.004981882870197 0
      vertex 15.630803123116493 5.764989569783211 0
      vertex 16.302735202014446 5.716400608420372 0
    endloop
  endfacet
  facet normal 0 0 -1
    outer loop
      vertex 16.805253081023693 4.004981882870197 0
      vertex 16.302735202014446 5.716400608420372 0
      vertex 17.11424083262682 5.57698492705822 0
    endloop
  endfacet
  facet normal 0 0 -1
    outer loop
      vertex 16.805253081023693 4.004981882870197 0
      vertex 17.11424083262682 5.57698492705822 0
      vertex 17.412561252713203 4.560998879373074 0
    endloop
  endfacet
  facet normal 0.9359059330047038 0.35225003132234783 0
    outer loop
      vertex 13.61886951327324 5.312104023993015 0
      vertex 13.511738166213036 5.596745200455189 0
      vertex 13.61886951327324 5.312104023993015 4
    endloop
  endfacet
  facet normal -0.36338949945662746 0.9316373069412055 0
    outer loop
      vertex 13.61886951327324 5.312104023993015 0
      vertex 14.444969549775124 5.634328216314316 4
      vertex 14.444969549775124 5.634328216314316 0
    endloop
  endfacet
  facet normal -0.3016101301940577 0.9534313448614554 0
    outer loop
      vertex 14.444969549775124 5.634328216314316 0
      vertex 14.516347222030163 5.656907953321934 4
      vertex 14.516347222030163 5.656907953321934 0
    endloop
  endfacet
  facet normal -0.2172724893823941 0.9761109902862366 0
    outer loop
      vertex 14.516347222030163 5.656907953321934 0
      vertex 14.735547751188278 5.705699786543846 4
      vertex 14.735547751188278 5.705699786543846 0
    endloop
  endfacet
  facet normal -0.12261214384710835 0.9924546650508607 0
    outer loop
      vertex 14.735547751188278 5.705699786543846 0
      vertex 15.106995455920696 5.751590043306351 4
      vertex 15.106995455920696 5.751590043306351 0
    endloop
  endfacet
  facet normal -0.025572639010337943 0.9996729665915984 0
    outer loop
      vertex 15.106995455920696 5.751590043306351 0
      vertex 15.630803123116493 5.764989569783211 4
      vertex 15.630803123116493 5.764989569783211 0
    endloop
  endfacet
  facet normal 0.5230427709774058 -0.8523064353436954 0
    outer loop
      vertex 13.717584513127804 7.227079272270203 0
      vertex 13.781391575932503 7.266236342489719 0
      vertex 13.717584513127804 7.227079272270203 4
    endloop
  endfacet
  facet normal 0.5954122380939922 -0.8034203549375029 0
    outer loop
      vertex 13.781391575932503 7.266236342489719 0
      vertex 13.961811803281307 7.399945192039013 0
      vertex 13.781391575932503 7.266236342489719 4
    endloop
  endfacet
  facet normal 0.6697533181763103 -0.7425836604664972 0
    outer loop
      vertex 13.961811803281307 7.399945192039013 0
      vertex 14.23973985761404 7.650614909827709 0
      vertex 13.961811803281307 7.399945192039013 4
    endloop
  endfacet
  facet normal 0.7387559016375989 -0.6739730838806685 0
    outer loop
      vertex 14.23973985761404 7.650614909827709 0
      vertex 14.592887617647648 8.037707507610321 0
      vertex 14.23973985761404 7.650614909827709 4
    endloop
  endfacet
  facet normal 0.8010125215344165 -0.5986475927831633 0
    outer loop
      vertex 14.592887617647648 8.037707507610321 0
      vertex 14.996188469231129 8.5773388966918 0
      vertex 14.592887617647648 8.037707507610321 4
    endloop
  endfacet
  facet normal 0.8557175068177231 -0.5174432804913598 0
    outer loop
      vertex 14.996188469231129 8.5773388966918 0
      vertex 15.422248296439648 9.281931780278683 0
      vertex 14.996188469231129 8.5773388966918 4
    endloop
  endfacet
  facet normal 0.07212398602845144 0.9973956740628905 0
    outer loop
      vertex 15.630803123116493 5.764989569783211 0
      vertex 16.302735202014446 5.716400608420372 4
      vertex 16.302735202014446 5.716400608420372 0
    endloop
  endfacet
  facet normal 0.16931825586467308 0.9855614279338174 0
    outer loop
      vertex 16.302735202014446 5.716400608420372 0
      vertex 17.11424083262682 5.57698492705822 4
      vertex 17.11424083262682 5.57698492705822 0
    endloop
  endfacet
  facet normal 0.9594929736067667 0.28173255686775805 0
    outer loop
      vertex 17.412561252713203 4.560998879373074 0
      vertex 17.11424083262682 5.57698492705822 0
      vertex 17.412561252713203 4.560998879373074 4
    endloop
  endfacet
  facet normal 0.8819212625380908 0.4713967402127638 0
    outer loop
      vertex 12.932394184172153 6.813403464853764 0
      vertex 12.932394184172153 6.813403464853764 4
      vertex 13.116763845086098 6.468472093343735 4
    endloop
  endfacet
  facet normal 0.9108638231433276 0.4127070337281895 0
    outer loop
      vertex 13.116763845086098 6.468472093343735 0
      vertex 13.116763845086098 6.468472093343735 4
      vertex 13.511738166213036 5.596745200455189 4
    endloop
  endfacet
  facet normal 0.46611498349831193 -0.884724150319391 0
    outer loop
      vertex 13.717584513127804 7.227079272270203 0
      vertex 13.717584513127804 7.227079272270203 4
      vertex 12.932394184172153 6.813403464853764 4
    endloop
  endfacet
  facet normal 0.9951847267672458 0.0980171393645128 0
    outer loop
      vertex 14.499881096184254 1.9089455604553223 0
      vertex 14.499881096184254 1.9089455604553223 4
      vertex 14.563792057335377 1.2600466758012772 4
    endloop
  endfacet
  facet normal -0.08619711323024028 0.9962781025751661 0
    outer loop
      vertex 14.563792057335377 1.2600466758012772 0
      vertex 14.563792057335377 1.2600466758012772 4
      vertex 15.447220481932163 1.3364801332354546 4
    endloop
  endfacet
  facet normal -0.020780100339388864 0.9997840704021469 0
    outer loop
      vertex 15.447220481932163 1.3364801332354546 0
      vertex 15.447220481932163 1.3364801332354546 4
      vertex 15.522068306803703 1.3380358144640923 4
    endloop
  endfacet
  facet normal 0.06653083341726654 0.9977843695933526 0
    outer loop
      vertex 15.522068306803703 1.3380358144640923 0
      vertex 15.522068306803703 1.3380358144640923 4
      vertex 15.746135920286179 1.3230953067541122 4
    endloop
  endfacet
  facet normal 0.986643331825544 0.16289547496535822 0
    outer loop
      vertex 14.343984723091125 2.853195957839489 0
      vertex 14.343984723091125 2.853195957839489 4
      vertex 14.499881096184254 1.9089455604553223 4
    endloop
  endfacet
  facet normal 0.9738769556722126 0.22707636427119277 0
    outer loop
      vertex 14.334198169410229 2.8951681777834892 0
      vertex 14.334198169410229 2.8951681777834892 4
      vertex 14.343984723091125 2.853195957839489 4
    endloop
  endfacet
  facet normal 0.19797845341503828 -0.9802063721397599 0
    outer loop
      vertex 15.198029480874538 3.069641627371311 0
      vertex 15.198029480874538 3.069641627371311 4
      vertex 14.334198169410229 2.8951681777834892 4
    endloop
  endfacet
  facet normal 0.26173332848832503 -0.9651402306185471 0
    outer loop
      vertex 15.270283728837967 3.0892360284924507 0
      vertex 15.270283728837967 3.0892360284924507 4
      vertex 15.198029480874538 3.069641627371311 4
    endloop
  endfacet
  facet normal 0.3449442215759826 -0.9386231853099194 0
    outer loop
      vertex 15.481065802276134 3.1666984856128693 0
      vertex 15.481065802276134 3.1666984856128693 4
      vertex 15.270283728837967 3.0892360284924507 4
    endloop
  endfacet
  facet normal 0.433413590187108 -0.9011951286159515 0
    outer loop
      vertex 15.818357639014721 3.328912928700447 0
      vertex 15.818357639014721 3.328912928700447 4
      vertex 15.481065802276134 3.1666984856128693 4
    endloop
  endfacet
  facet normal 0.35020129536970507 0.9366744646468059 0
    outer loop
      vertex 16.62183102220297 1.1277608573436737 0
      vertex 16.62183102220297 1.1277608573436737 4
      vertex 17.2528560385108 0.891834944486618 4
    endloop
  endfacet
  facet normal 0.1619612898558402 0.9867971121705983 0
    outer loop
      vertex 15.746135920286179 1.3230953067541122 0
      vertex 15.746135920286179 1.3230953067541122 4
      vertex 16.11546616256237 1.2624777778983116 4
    endloop
  endfacet
  facet normal 0.2571036508173541 0.9663838330272232 0
    outer loop
      vertex 16.11546616256237 1.2624777778983116 0
      vertex 16.11546616256237 1.2624777778983116 4
      vertex 16.62183102220297 1.1277608573436737 4
    endloop
  endfacet
  facet normal 1 0 0
    outer loop
      vertex 17.992212049663067 -0.5294390246272087 4
      vertex 17.992212049663067 0.5294390246272087 0
      vertex 17.992212049663067 0.5294390246272087 4
    endloop
  endfacet
  facet normal 0.44012441634828303 0.8979368007460677 0
    outer loop
      vertex 17.2528560385108 0.891834944486618 0
      vertex 17.2528560385108 0.891834944486618 4
      vertex 17.992212049663067 0.5294390246272087 4
    endloop
  endfacet
  facet normal 0.5189509336572007 -0.8548040292700542 0
    outer loop
      vertex 16.266257025301456 3.600832335650921 0
      vertex 16.266257025301456 3.600832335650921 4
      vertex 15.818357639014721 3.328912928700447 4
    endloop
  endfacet
  facet normal 0.5999073764605117 -0.8000694592772967 0
    outer loop
      vertex 16.805253081023693 4.004981882870197 0
      vertex 16.805253081023693 4.004981882870197 4
      vertex 16.266257025301456 3.600832335650921 4
    endloop
  endfacet
  facet normal 0.6752743127677585 -0.7375666766577998 0
    outer loop
      vertex 17.412561252713203 4.560998879373074 0
      vertex 17.412561252713203 4.560998879373074 4
      vertex 16.805253081023693 4.004981882870197 4
    endloop
  endfacet
  facet normal 0.9359059330047038 0.35225003132234783 0
    outer loop
      vertex 13.511738166213036 5.596745200455189 0
      vertex 13.511738166213036 5.596745200455189 4
      vertex 13.61886951327324 5.312104023993015 4
    endloop
  endfacet
  facet normal -0.36338949945662746 0.9316373069412055 0
    outer loop
      vertex 13.61886951327324 5.312104023993015 0
      vertex 13.61886951327324 5.312104023993015 4
      vertex 14.444969549775124 5.634328216314316 4
    endloop
  endfacet
  facet normal -0.3016101301940577 0.9534313448614554 0
    outer loop
      vertex 14.444969549775124 5.634328216314316 0
      vertex 14.444969549775124 5.634328216314316 4
      vertex 14.516347222030163 5.656907953321934 4
    endloop
  endfacet
  facet normal -0.2172724893823941 0.9761109902862366 0
    outer loop
      vertex 14.516347222030163 5.656907953321934 0
      vertex 14.516347222030163 5.656907953321934 4
      vertex 14.735547751188278 5.705699786543846 4
    endloop
  endfacet
  facet normal -0.12261214384710835 0.9924546650508607 0
    outer loop
      vertex 14.735547751188278 5.705699786543846 0
      vertex 14.735547751188278 5.705699786543846 4
      vertex 15.106995455920696 5.751590043306351 4
    endloop
  endfacet
  facet normal -0.025572639010337943 0.9996729665915984 0
    outer loop
      vertex 15.106995455920696 5.751590043306351 0
      vertex 15.106995455920696 5.751590043306351 4
      vertex 15.630803123116493 5.764989569783211 4
    endloop
  endfacet
  facet normal 0.5230427709774058 -0.8523064353436954 0
    outer loop
      vertex 13.781391575932503 7.266236342489719 0
      vertex 13.781391575932503 7.266236342489719 4
      vertex 13.717584513127804 7.227079272270203 4
    endloop
  endfacet
  facet normal 0.5954122380939922 -0.8034203549375029 0
    outer loop
      vertex 13.961811803281307 7.399945192039013 0
      vertex 13.961811803281307 7.399945192039013 4
      vertex 13.781391575932503 7.266236342489719 4
    endloop
  endfacet
  facet normal 0.6697533181763103 -0.7425836604664972 0
    outer loop
      vertex 14.23973985761404 7.650614909827709 0
      vertex 14.23973985761404 7.650614909827709 4
      vertex 13.961811803281307 7.399945192039013 4
    endloop
  endfacet
  facet normal 0.7387559016375989 -0.6739730838806685 0
    outer loop
      vertex 14.592887617647648 8.037707507610321 0
      vertex 14.592887617647648 8.037707507610321 4
      vertex 14.23973985761404 7.650614909827709 4
    endloop
  endfacet
  facet normal 0.8010125215344165 -0.5986475927831633 0
    outer loop
      vertex 14.996188469231129 8.5773388966918 0
      vertex 14.996188469231129 8.5773388966918 4
      vertex 14.592887617647648 8.037707507610321 4
    endloop
  endfacet
  facet normal 0.07212398602845144 0.9973956740628905 0
    outer loop
      vertex 15.630803123116493 5.764989569783211 0
      vertex 15.630803123116493 5.764989569783211 4
      vertex 16.302735202014446 5.716400608420372 4
    endloop
  endfacet
  facet normal 0.16931825586467308 0.9855614279338174 0
    outer loop
      vertex 16.302735202014446 5.716400608420372 0
      vertex 16.302735202014446 5.716400608420372 4
      vertex 17.11424083262682 5.57698492705822 4
    endloop
  endfacet
  facet normal 0.9594929736067667 0.28173255686775805 0
    outer loop
      vertex 17.11424083262682 5.57698492705822 0
      vertex 17.11424083262682 5.57698492705822 4
      vertex 17.412561252713203 4.560998879373074 4
    endloop
  endfacet
  facet normal 0 0 -1
    outer loop
      vertex 7.3125 12.665621533989906 0
      vertex 8.125214658677578 12.160243079066277 0
      vertex 12.932394184172153 6.813403464853764 0
    endloop
  endfacet
  facet normal 0 0 -1
    outer loop
      vertex 7.197733111679554 12.726965710520744 0
      vertex 7.3125 12.665621533989906 0
      vertex 12.932394184172153 6.813403464853764 0
    endloop
  endfacet
  facet normal 0 0 -1
    outer loop
      vertex 8.125214658677578 12.160243079066277 0
      vertex 8.584521420300007 11.831108495593071 0
      vertex 12.932394184172153 6.813403464853764 0
    endloop
  endfacet
  facet normal 0 0 -1
    outer loop
      vertex 4.904277451336384 13.772364564239979 0
      vertex 12.932394184172153 6.813403464853764 0
      vertex 13.116763845086098 6.468472093343735 0
    endloop
  endfacet
  facet normal 0 0 -1
    outer loop
      vertex 8.584521420300007 11.831108495593071 0
      vertex 10.490461952984333 10.18232399970293 0
      vertex 12.932394184172153 6.813403464853764 0
    endloop
  endfacet
  facet normal 0 0 -1
    outer loop
      vertex 10.490461952984333 10.18232399970293 0
      vertex 9.10573384910822 12.549438662827015 0
      vertex 11.125822432339191 10.799021944403648 0
    endloop
  endfacet
  facet normal 0 0 -1
    outer loop
      vertex 8.584521420300007 11.831108495593071 0
      vertex 9.10573384910822 12.549438662827015 0
      vertex 10.490461952984333 10.18232399970293 0
    endloop
  endfacet
  facet normal 0 0 -1
    outer loop
      vertex 11.17601303756237 10.854569397866726 0
      vertex 9.10573384910822 12.549438662827015 0
      vertex 9.153573043644428 12.607023634016514 0
    endloop
  endfacet
  facet normal 0 0 -1
    outer loop
      vertex 11.17601303756237 10.854569397866726 0
      vertex 9.153573043644428 12.607023634016514 0
      vertex 9.311597414314747 12.766578681766987 0
    endloop
  endfacet
  facet normal 0 0 -1
    outer loop
      vertex 11.125822432339191 10.799021944403648 0
      vertex 9.10573384910822 12.549438662827015 0
      vertex 11.17601303756237 10.854569397866726 0
    endloop
  endfacet
  facet normal 0 0 -1
    outer loop
      vertex 11.17601303756237 10.854569397866726 0
      vertex 9.311597414314747 12.766578681766987 0
      vertex 11.311454840004444 11.033692352473736 0
    endloop
  endfacet
  facet normal 0 0 -1
    outer loop
      vertex 9.311597414314747 12.766578681766987 0
      vertex 11.507503040134907 11.352509565651417 0
      vertex 11.311454840004444 11.033692352473736 0
    endloop
  endfacet
  facet normal 0 0 -1
    outer loop
      vertex 10.032679677009583 13.300468020141125 0
      vertex 11.737289249897003 11.823415420949459 0
      vertex 11.507503040134907 11.352509565651417 0
    endloop
  endfacet
  facet normal 0 0 -1
    outer loop
      vertex 9.311597414314747 12.766578681766987 0
      vertex 9.599268957972527 13.006003819406033 0
      vertex 11.507503040134907 11.352509565651417 0
    endloop
  endfacet
  facet normal 0 0 -1
    outer loop
      vertex 9.599268957972527 13.006003819406033 0
      vertex 10.032679677009583 13.300468020141125 0
      vertex 11.507503040134907 11.352509565651417 0
    endloop
  endfacet
  facet normal 0 0 -1
    outer loop
      vertex 10.032679677009583 13.300468020141125 0
      vertex 10.624214090406895 13.622866295278072 0
      vertex 11.737289249897003 11.823415420949459 0
    endloop
  endfacet
  facet normal 0 0 -1
    outer loop
      vertex 14.23973985761404 7.650614909827709 0
      vertex 12.531173139810562 9.626062393188477 0
      vertex 12.874645821750164 9.77474269270897 0
    endloop
  endfacet
  facet normal 0 0 -1
    outer loop
      vertex 11.737289249897003 11.823415420949459 0
      vertex 10.624214090406895 13.622866295278072 0
      vertex 11.972221851348877 12.454810924828053 0
    endloop
  endfacet
  facet normal 0 0 -1
    outer loop
      vertex 11.972221851348877 12.454810924828053 0
      vertex 10.624214090406895 13.622866295278072 0
      vertex 11.382269874215126 13.944315426051617 0
    endloop
  endfacet
  facet normal 0 0 -1
    outer loop
      vertex 11.972221851348877 12.454810924828053 0
      vertex 11.382269874215126 13.944315426051617 0
      vertex 12.182516507804394 13.250897772610188 0
    endloop
  endfacet
  facet normal 0.729864068203848 0.6835923068210532 0
    outer loop
      vertex 10.995657183229923 9.642932549118996 0
      vertex 10.490461952984333 10.18232399970293 0
      vertex 10.995657183229923 9.642932549118996 4
    endloop
  endfacet
  facet normal 0.6964896471487839 -0.7175668410779323 0
    outer loop
      vertex 10.490461952984333 10.18232399970293 0
      vertex 11.125822432339191 10.799021944403648 0
      vertex 10.490461952984333 10.18232399970293 4
    endloop
  endfacet
  facet normal 0.74197830274959 -0.6704238944495026 0
    outer loop
      vertex 11.125822432339191 10.799021944403648 0
      vertex 11.17601303756237 10.854569397866726 0
      vertex 11.125822432339191 10.799021944403648 4
    endloop
  endfacet
  facet normal 0.7976435354446317 -0.6031291655718438 0
    outer loop
      vertex 11.17601303756237 10.854569397866726 0
      vertex 11.311454840004444 11.033692352473736 0
      vertex 11.17601303756237 10.854569397866726 4
    endloop
  endfacet
  facet normal -0.7691944941562935 0.6390147339143627 0
    outer loop
      vertex 9.10573384910822 12.549438662827015 0
      vertex 9.153573043644428 12.607023634016514 4
      vertex 9.153573043644428 12.607023634016514 0
    endloop
  endfacet
  facet normal -0.7105066590772278 0.7036904769903569 0
    outer loop
      vertex 9.153573043644428 12.607023634016514 0
      vertex 9.311597414314747 12.766578681766987 4
      vertex 9.311597414314747 12.766578681766987 0
    endloop
  endfacet
  facet normal -0.6397094161272717 0.7686168505296413 0
    outer loop
      vertex 9.311597414314747 12.766578681766987 0
      vertex 9.599268957972527 13.006003819406033 4
      vertex 9.599268957972527 13.006003819406033 0
    endloop
  endfacet
  facet normal -0.5619770785158887 0.8271528052438356 0
    outer loop
      vertex 9.599268957972527 13.006003819406033 0
      vertex 10.032679677009583 13.300468020141125 4
      vertex 10.032679677009583 13.300468020141125 0
    endloop
  endfacet
  facet normal 0.7730104593029077 0.6343932769255266 0
    outer loop
      vertex 11.574905388057232 8.93711655586958 0
      vertex 10.995657183229923 9.642932549118996 0
      vertex 11.574905388057232 8.93711655586958 4
    endloop
  endfacet
  facet normal -0.6111422372001225 0.7915207931002377 0
    outer loop
      vertex 11.574905388057232 8.93711655586958 0
      vertex 12.272473089396954 9.475716538727283 4
      vertex 12.272473089396954 9.475716538727283 0
    endloop
  endfacet
  facet normal -0.5580054888737332 0.8298372577721406 0
    outer loop
      vertex 12.272473089396954 9.475716538727283 0
      vertex 12.334598019719124 9.517491057515144 4
      vertex 12.334598019719124 9.517491057515144 0
    endloop
  endfacet
  facet normal 0.8518335889979218 -0.5238125014305401 0
    outer loop
      vertex 11.311454840004444 11.033692352473736 0
      vertex 11.507503040134907 11.352509565651417 0
      vertex 11.311454840004444 11.033692352473736 4
    endloop
  endfacet
  facet normal -0.48347363349509836 0.8753589239363744 0
    outer loop
      vertex 12.334598019719124 9.517491057515144 0
      vertex 12.531173139810562 9.626062393188477 4
      vertex 12.531173139810562 9.626062393188477 0
    endloop
  endfacet
  facet normal -0.39725230252191185 0.917709435573722 0
    outer loop
      vertex 12.531173139810562 9.626062393188477 0
      vertex 12.874645821750164 9.77474269270897 4
      vertex 12.874645821750164 9.77474269270897 0
    endloop
  endfacet
  facet normal -0.30617718597905175 0.9519745431396519 0
    outer loop
      vertex 12.874645821750164 9.77474269270897 0
      vertex 13.37346051633358 9.935173116624355 4
      vertex 13.37346051633358 9.935173116624355 0
    endloop
  endfacet
  facet normal 0.8987112572727591 -0.4385408487828887 0
    outer loop
      vertex 11.507503040134907 11.352509565651417 0
      vertex 11.737289249897003 11.823415420949459 0
      vertex 11.507503040134907 11.352509565651417 4
    endloop
  endfacet
  facet normal 0.9372244031570418 -0.3487268531772778 0
    outer loop
      vertex 11.737289249897003 11.823415420949459 0
      vertex 11.972221851348877 12.454810924828053 0
      vertex 11.737289249897003 11.823415420949459 4
    endloop
  endfacet
  facet normal 0.9668355536404488 -0.2553997106826217 0
    outer loop
      vertex 11.972221851348877 12.454810924828053 0
      vertex 12.182516507804394 13.250897772610188 0
      vertex 11.972221851348877 12.454810924828053 4
    endloop
  endfacet
  facet normal -0.4785582554373623 0.8780558046916769 0
    outer loop
      vertex 10.032679677009583 13.300468020141125 0
      vertex 10.624214090406895 13.622866295278072 4
      vertex 10.624214090406895 13.622866295278072 0
    endloop
  endfacet
  facet normal -0.390395154032958 0.9206473937982897 0
    outer loop
      vertex 10.624214090406895 13.622866295278072 0
      vertex 11.382269874215126 13.944315426051617 4
      vertex 11.382269874215126 13.944315426051617 0
    endloop
  endfacet
  facet normal 0.6548607329664639 0.7557495752024116 0
    outer loop
      vertex 12.182516507804394 13.250897772610188 0
      vertex 11.382269874215126 13.944315426051617 0
      vertex 12.182516507804394 13.250897772610188 4
    endloop
  endfacet
  facet normal 0 0 -1
    outer loop
      vertex 14.23973985761404 7.650614909827709 0
      vertex 12.874645821750164 9.77474269270897 0
      vertex 13.37346051633358 9.935173116624355 0
    endloop
  endfacet
  facet normal 0 0 -1
    outer loop
      vertex 14.592887617647648 8.037707507610321 0
      vertex 13.37346051633358 9.935173116624355 0
      vertex 14.03186371922493 10.077857486903667 0
    endloop
  endfacet
  facet normal 0 0 -1
    outer loop
      vertex 14.996188469231129 8.5773388966918 0
      vertex 14.03186371922493 10.077857486903667 0
      vertex 15.422248296439648 9.281931780278683 0
    endloop
  endfacet
  facet normal 0 0 -1
    outer loop
      vertex 14.03186371922493 10.077857486903667 0
      vertex 14.849775604903698 10.172716677188873 0
      vertex 15.422248296439648 9.281931780278683 0
    endloop
  endfacet
  facet normal -0.2117963674327343 0.9773138179429872 0
    outer loop
      vertex 13.37346051633358 9.935173116624355 0
      vertex 14.03186371922493 10.077857486903667 4
      vertex 14.03186371922493 10.077857486903667 0
    endloop
  endfacet
  facet normal -0.11520506530325174 0.9933417301857773 0
    outer loop
      vertex 14.03186371922493 10.077857486903667 0
      vertex 14.849775604903698 10.172716677188873 4
      vertex 14.849775604903698 10.172716677188873 0
    endloop
  endfacet
  facet normal 0.8412535331572537 0.5406408169482189 0
    outer loop
      vertex 15.422248296439648 9.281931780278683 0
      vertex 14.849775604903698 10.172716677188873 0
      vertex 15.422248296439648 9.281931780278683 4
    endloop
  endfacet
  facet normal 0.729864068203848 0.6835923068210532 0
    outer loop
      vertex 10.490461952984333 10.18232399970293 0
      vertex 10.490461952984333 10.18232399970293 4
      vertex 10.995657183229923 9.642932549118996 4
    endloop
  endfacet
  facet normal 0.7730104593029077 0.6343932769255266 0
    outer loop
      vertex 10.995657183229923 9.642932549118996 0
      vertex 10.995657183229923 9.642932549118996 4
      vertex 11.574905388057232 8.93711655586958 4
    endloop
  endfacet
  facet normal 0.6964896471487839 -0.7175668410779323 0
    outer loop
      vertex 11.125822432339191 10.799021944403648 0
      vertex 11.125822432339191 10.799021944403648 4
      vertex 10.490461952984333 10.18232399970293 4
    endloop
  endfacet
  facet normal 0.74197830274959 -0.6704238944495026 0
    outer loop
      vertex 11.17601303756237 10.854569397866726 0
      vertex 11.17601303756237 10.854569397866726 4
      vertex 11.125822432339191 10.799021944403648 4
    endloop
  endfacet
  facet normal -0.7691944941562935 0.6390147339143627 0
    outer loop
      vertex 9.10573384910822 12.549438662827015 0
      vertex 9.10573384910822 12.549438662827015 4
      vertex 9.153573043644428 12.607023634016514 4
    endloop
  endfacet
  facet normal -0.7105066590772278 0.7036904769903569 0
    outer loop
      vertex 9.153573043644428 12.607023634016514 0
      vertex 9.153573043644428 12.607023634016514 4
      vertex 9.311597414314747 12.766578681766987 4
    endloop
  endfacet
  facet normal -0.6397094161272717 0.7686168505296413 0
    outer loop
      vertex 9.311597414314747 12.766578681766987 0
      vertex 9.311597414314747 12.766578681766987 4
      vertex 9.599268957972527 13.006003819406033 4
    endloop
  endfacet
  facet normal -0.5619770785158887 0.8271528052438356 0
    outer loop
      vertex 9.599268957972527 13.006003819406033 0
      vertex 9.599268957972527 13.006003819406033 4
      vertex 10.032679677009583 13.300468020141125 4
    endloop
  endfacet
  facet normal -0.4785582554373623 0.8780558046916769 0
    outer loop
      vertex 10.032679677009583 13.300468020141125 0
      vertex 10.032679677009583 13.300468020141125 4
      vertex 10.624214090406895 13.622866295278072 4
    endloop
  endfacet
  facet normal -0.6111422372001225 0.7915207931002377 0
    outer loop
      vertex 11.574905388057232 8.93711655586958 0
      vertex 11.574905388057232 8.93711655586958 4
      vertex 12.272473089396954 9.475716538727283 4
    endloop
  endfacet
  facet normal -0.5580054888737332 0.8298372577721406 0
    outer loop
      vertex 12.272473089396954 9.475716538727283 0
      vertex 12.272473089396954 9.475716538727283 4
      vertex 12.334598019719124 9.517491057515144 4
    endloop
  endfacet
  facet normal 0.7976435354446317 -0.6031291655718438 0
    outer loop
      vertex 11.311454840004444 11.033692352473736 0
      vertex 11.311454840004444 11.033692352473736 4
      vertex 11.17601303756237 10.854569397866726 4
    endloop
  endfacet
  facet normal -0.48347363349509836 0.8753589239363744 0
    outer loop
      vertex 12.334598019719124 9.517491057515144 0
      vertex 12.334598019719124 9.517491057515144 4
      vertex 12.531173139810562 9.626062393188477 4
    endloop
  endfacet
  facet normal -0.39725230252191185 0.917709435573722 0
    outer loop
      vertex 12.531173139810562 9.626062393188477 0
      vertex 12.531173139810562 9.626062393188477 4
      vertex 12.874645821750164 9.77474269270897 4
    endloop
  endfacet
  facet normal -0.30617718597905175 0.9519745431396519 0
    outer loop
      vertex 12.874645821750164 9.77474269270897 0
      vertex 12.874645821750164 9.77474269270897 4
      vertex 13.37346051633358 9.935173116624355 4
    endloop
  endfacet
  facet normal 0.8518335889979218 -0.5238125014305401 0
    outer loop
      vertex 11.507503040134907 11.352509565651417 0
      vertex 11.507503040134907 11.352509565651417 4
      vertex 11.311454840004444 11.033692352473736 4
    endloop
  endfacet
  facet normal 0.8987112572727591 -0.4385408487828887 0
    outer loop
      vertex 11.737289249897003 11.823415420949459 0
      vertex 11.737289249897003 11.823415420949459 4
      vertex 11.507503040134907 11.352509565651417 4
    endloop
  endfacet
  facet normal 0.9372244031570418 -0.3487268531772778 0
    outer loop
      vertex 11.972221851348877 12.454810924828053 0
      vertex 11.972221851348877 12.454810924828053 4
      vertex 11.737289249897003 11.823415420949459 4
    endloop
  endfacet
  facet normal 0.9668355536404488 -0.2553997106826217 0
    outer loop
      vertex 12.182516507804394 13.250897772610188 0
      vertex 12.182516507804394 13.250897772610188 4
      vertex 11.972221851348877 12.454810924828053 4
    endloop
  endfacet
  facet normal -0.390395154032958 0.9206473937982897 0
    outer loop
      vertex 10.624214090406895 13.622866295278072 0
      vertex 10.624214090406895 13.622866295278072 4
      vertex 11.382269874215126 13.944315426051617 4
    endloop
  endfacet
  facet normal 0.6548607329664639 0.7557495752024116 0
    outer loop
      vertex 11.382269874215126 13.944315426051617 0
      vertex 11.382269874215126 13.944315426051617 4
      vertex 12.182516507804394 13.250897772610188 4
    endloop
  endfacet
  facet normal -0.2117963674327343 0.9773138179429872 0
    outer loop
      vertex 13.37346051633358 9.935173116624355 0
      vertex 13.37346051633358 9.935173116624355 4
      vertex 14.03186371922493 10.077857486903667 4
    endloop
  endfacet
  facet normal -0.11520506530325174 0.9933417301857773 0
    outer loop
      vertex 14.03186371922493 10.077857486903667 0
      vertex 14.03186371922493 10.077857486903667 4
      vertex 14.849775604903698 10.172716677188873 4
    endloop
  endfacet
  facet normal 0.8412535331572537 0.5406408169482189 0
    outer loop
      vertex 14.849775604903698 10.172716677188873 0
      vertex 14.849775604903698 10.172716677188873 4
      vertex 15.422248296439648 9.281931780278683 4
    endloop
  endfacet
  facet normal 0.8557175068177231 -0.5174432804913598 0
    outer loop
      vertex 15.422248296439648 9.281931780278683 0
      vertex 15.422248296439648 9.281931780278683 4
      vertex 14.996188469231129 8.5773388966918 4
    endloop
  endfacet
  facet normal 0 0 1
    outer loop
      vertex -13.61886951327324 5.312104023993015 4
      vertex 0.26161251692057225 3.991435692954414 4
      vertex 14.334198169410229 2.8951681777834892 4
    endloop
  endfacet
  facet normal 0 0 1
    outer loop
      vertex 0.26161251692057225 3.991435692954414 4
      vertex 0.5221047688802063 3.9657794454952415 4
      vertex 14.334198169410229 2.8951681777834892 4
    endloop
  endfacet
  facet normal 0 0 1
    outer loop
      vertex 0.5221047688802063 3.9657794454952415 4
      vertex 0.780361288064513 3.9231411216129217 4
      vertex 14.334198169410229 2.8951681777834892 4
    endloop
  endfacet
  facet normal 0 0 1
    outer loop
      vertex 1.035276180410083 3.8637033051562732 4
      vertex 14.334198169410229 2.8951681777834892 4
      vertex 0.780361288064513 3.9231411216129217 4
    endloop
  endfacet
  facet normal 0 0 1
    outer loop
      vertex 1.035276180410083 3.8637033051562732 4
      vertex 1.2857578612126463 3.7877205179804228 4
      vertex 14.334198169410229 2.8951681777834892 4
    endloop
  endfacet
  facet normal 0 0 1
    outer loop
      vertex 1.7691547608760052 3.587490966130753 4
      vertex 2 3.4641016151377544 4
      vertex 14.334198169410229 2.8951681777834892 4
    endloop
  endfacet
  facet normal 0 0 1
    outer loop
      vertex 3.00735922991591 2.6373832604002754 4
      vertex 14.343984723091125 2.853195957839489 4
      vertex 2.8284271247461903 2.8284271247461903 4
    endloop
  endfacet
  facet normal 0 0 1
    outer loop
      vertex 2.2222809320784087 3.325878449210181 4
      vertex 14.334198169410229 2.8951681777834892 4
      vertex 2 3.4641016151377544 4
    endloop
  endfacet
  facet normal 0 0 1
    outer loop
      vertex 2.2222809320784087 3.325878449210181 4
      vertex 2.4350457160348826 3.1734133611649407 4
      vertex 14.334198169410229 2.8951681777834892 4
    endloop
  endfacet
  facet normal 0 0 1
    outer loop
      vertex 2.6373832604002754 3.00735922991591 4
      vertex 2.8284271247461903 2.8284271247461903 4
      vertex 14.334198169410229 2.8951681777834892 4
    endloop
  endfacet
  facet normal 0 0 1
    outer loop
      vertex 2.4350457160348826 3.1734133611649407 4
      vertex 2.6373832604002754 3.00735922991591 4
      vertex 14.334198169410229 2.8951681777834892 4
    endloop
  endfacet
  facet normal 0 0 1
    outer loop
      vertex 1.2857578612126463 3.7877205179804228 4
      vertex 1.5307337294603591 3.695518130045147 4
      vertex 14.334198169410229 2.8951681777834892 4
    endloop
  endfacet
  facet normal 0 0 1
    outer loop
      vertex 1.5307337294603591 3.695518130045147 4
      vertex 1.7691547608760052 3.587490966130753 4
      vertex 14.334198169410229 2.8951681777834892 4
    endloop
  endfacet
  facet normal 0 0 1
    outer loop
      vertex 4 0 4
      vertex 14.563792057335377 1.2600466758012772 4
      vertex 3.991435692954414 0.26161251692057225 4
    endloop
  endfacet
  facet normal 0 0 1
    outer loop
      vertex 3.991435692954414 0.26161251692057225 4
      vertex 14.563792057335377 1.2600466758012772 4
      vertex 3.9657794454952415 0.5221047688802063 4
    endloop
  endfacet
  facet normal 0 0 1
    outer loop
      vertex 3.9231411216129217 0.780361288064513 4
      vertex 3.9657794454952415 0.5221047688802063 4
      vertex 14.563792057335377 1.2600466758012772 4
    endloop
  endfacet
  facet normal 0 0 1
    outer loop
      vertex 3.9231411216129217 0.780361288064513 4
      vertex 14.563792057335377 1.2600466758012772 4
      vertex 3.8637033051562732 1.035276180410083 4
    endloop
  endfacet
  facet normal 0 0 1
    outer loop
      vertex 3.695518130045147 1.5307337294603591 4
      vertex 14.563792057335377 1.2600466758012772 4
      vertex 3.587490966130753 1.7691547608760052 4
    endloop
  endfacet
  facet normal 0 0 1
    outer loop
      vertex 3.587490966130753 1.7691547608760052 4
      vertex 14.499881096184254 1.9089455604553223 4
      vertex 3.4641016151377544 2 4
    endloop
  endfacet
  facet normal 0 0 1
    outer loop
      vertex 3.325878449210181 2.2222809320784087 4
      vertex 3.4641016151377544 2 4
      vertex 14.499881096184254 1.9089455604553223 4
    endloop
  endfacet
  facet normal 0 0 1
    outer loop
      vertex 3.8637033051562732 1.035276180410083 4
      vertex 14.563792057335377 1.2600466758012772 4
      vertex 3.7877205179804228 1.2857578612126463 4
    endloop
  endfacet
  facet normal 0 0 1
    outer loop
      vertex 3.7877205179804228 1.2857578612126463 4
      vertex 14.563792057335377 1.2600466758012772 4
      vertex 3.695518130045147 1.5307337294603591 4
    endloop
  endfacet
  facet normal 0 0 1
    outer loop
      vertex 3.325878449210181 2.2222809320784087 4
      vertex 14.343984723091125 2.853195957839489 4
      vertex 3.1734133611649407 2.4350457160348826 4
    endloop
  endfacet
  facet normal 0 0 1
    outer loop
      vertex 3.00735922991591 2.6373832604002754 4
      vertex 3.1734133611649407 2.4350457160348826 4
      vertex 14.343984723091125 2.853195957839489 4
    endloop
  endfacet
  facet normal 0 0 1
    outer loop
      vertex -7.197733111679554 12.726965710520744 4
      vertex 14.334198169410229 2.8951681777834892 4
      vertex -4.904277451336384 13.772364564239979 4
    endloop
  endfacet
  facet normal 0 0 1
    outer loop
      vertex -4.904277451336384 13.772364564239979 4
      vertex 14.334198169410229 2.8951681777834892 4
      vertex -4.70105218142271 13.848853141069412 4
    endloop
  endfacet
  facet normal 0 0 1
    outer loop
      vertex -4.70105218142271 13.848853141069412 4
      vertex 14.334198169410229 2.8951681777834892 4
      vertex -3.7852285355329514 14.126665212213993 4
    endloop
  endfacet
  facet normal 0 0 1
    outer loop
      vertex -3.7852285355329514 14.126665212213993 4
      vertex 14.334198169410229 2.8951681777834892 4
      vertex -3.3196310251951218 14.235227316617966 4
    endloop
  endfacet
  facet normal 0 0 1
    outer loop
      vertex -3.3196310251951218 14.235227316617966 4
      vertex 14.334198169410229 2.8951681777834892 4
      vertex -0.8255975767970085 14.597972728312016 4
    endloop
  endfacet
  facet normal 0 0 1
    outer loop
      vertex 0.8255975767970085 14.597972728312016 4
      vertex 3.521245375275612 15.099789097905159 4
      vertex 0.8754919916391373 15.480191007256508 4
    endloop
  endfacet
  facet normal 0 0 1
    outer loop
      vertex 0.8754919916391373 15.480191007256508 4
      vertex 3.521245375275612 15.099789097905159 4
      vertex 0.8846041038632393 15.554498381912708 4
    endloop
  endfacet
  facet normal 0 0 1
    outer loop
      vertex 0.8846041038632393 15.554498381912708 4
      vertex 3.5505368933081627 15.397566862404346 4
      vertex 0.931280680000782 15.77415905892849 4
    endloop
  endfacet
  facet normal 0 0 1
    outer loop
      vertex 0.931280680000782 15.77415905892849 4
      vertex 3.543097533285618 15.771764636039734 4
      vertex 1.0438423827290535 16.13110327720642 4
    endloop
  endfacet
  facet normal 0 0 1
    outer loop
      vertex 1.0438423827290535 16.13110327720642 4
      vertex 3.543097533285618 15.771764636039734 4
      vertex 1.249251313507557 16.61314184963703 4
    endloop
  endfacet
  facet normal 0 0 1
    outer loop
      vertex 1.249251313507557 16.61314184963703 4
      vertex 3.481815069913864 16.292147643864155 4
      vertex 1.5725800693035126 17.204168185591698 4
    endloop
  endfacet
  facet normal 0 0 1
    outer loop
      vertex 1.5725800693035126 17.204168185591698 4
      vertex 3.084608845412731 17.733730241656303 4
      vertex 2.0365086495876312 17.884424306452274 4
    endloop
  endfacet
  facet normal 0 0 1
    outer loop
      vertex 0.8255975767970085 14.597972728312016 4
      vertex 3.3196310251951218 14.235227316617966 4
      vertex 3.521245375275612 15.099789097905159 4
    endloop
  endfacet
  facet normal 0 0 1
    outer loop
      vertex 0.8846041038632393 15.554498381912708 4
      vertex 3.521245375275612 15.099789097905159 4
      vertex 3.5334371775388718 15.173653684556484 4
    endloop
  endfacet
  facet normal 0 0 1
    outer loop
      vertex 0.8846041038632393 15.554498381912708 4
      vertex 3.5334371775388718 15.173653684556484 4
      vertex 3.5505368933081627 15.397566862404346 4
    endloop
  endfacet
  facet normal 0 0 1
    outer loop
      vertex 0.931280680000782 15.77415905892849 4
      vertex 3.5505368933081627 15.397566862404346 4
      vertex 3.543097533285618 15.771764636039734 4
    endloop
  endfacet
  facet normal 0 0 1
    outer loop
      vertex 1.249251313507557 16.61314184963703 4
      vertex 3.543097533285618 15.771764636039734 4
      vertex 3.481815069913864 16.292147643864155 4
    endloop
  endfacet
  facet normal 0 0 1
    outer loop
      vertex 1.5725800693035126 17.204168185591698 4
      vertex 3.481815069913864 16.292147643864155 4
      vertex 3.3380947709083557 16.95032549649477 4
    endloop
  endfacet
  facet normal 0 0 1
    outer loop
      vertex 1.5725800693035126 17.204168185591698 4
      vertex 3.3380947709083557 16.95032549649477 4
      vertex 3.084608845412731 17.733730241656303 4
    endloop
  endfacet
  facet normal 0 0 1
    outer loop
      vertex -0.8255975767970085 14.597972728312016 4
      vertex 14.334198169410229 2.8951681777834892 4
      vertex 0 14.625 4
    endloop
  endfacet
  facet normal 0 0 1
    outer loop
      vertex 0 14.625 4
      vertex 14.334198169410229 2.8951681777834892 4
      vertex 0.8255975767970085 14.597972728312016 4
    endloop
  endfacet
  facet normal 0 0 1
    outer loop
      vertex 0.8255975767970085 14.597972728312016 4
      vertex 14.334198169410229 2.8951681777834892 4
      vertex 3.3196310251951218 14.235227316617966 4
    endloop
  endfacet
  facet normal 0 0 1
    outer loop
      vertex 3.3196310251951218 14.235227316617966 4
      vertex 14.334198169410229 2.8951681777834892 4
      vertex 3.7852285355329514 14.126665212213993 4
    endloop
  endfacet
  facet normal 0 0 1
    outer loop
      vertex 3.7852285355329514 14.126665212213993 4
      vertex 14.334198169410229 2.8951681777834892 4
      vertex 4.70105218142271 13.848853141069412 4
    endloop
  endfacet
  facet normal 0 0 1
    outer loop
      vertex 4.70105218142271 13.848853141069412 4
      vertex 14.334198169410229 2.8951681777834892 4
      vertex 4.904277451336384 13.772364564239979 4
    endloop
  endfacet
  facet normal 0 0 1
    outer loop
      vertex 7.197733111679554 12.726965710520744 4
      vertex 4.904277451336384 13.772364564239979 4
      vertex 12.932394184172153 6.813403464853764 4
    endloop
  endfacet
  facet normal 0 0 1
    outer loop
      vertex 7.197733111679554 12.726965710520744 4
      vertex 5.201302208006382 14.606479898095131 4
      vertex 4.904277451336384 13.772364564239979 4
    endloop
  endfacet
  facet normal 0 0 1
    outer loop
      vertex 5.201302208006382 14.606479898095131 4
      vertex 7.665220394730568 13.563529804348946 4
      vertex 5.2309800162911415 14.675210133194923 4
    endloop
  endfacet
  facet normal 0 0 1
    outer loop
      vertex 5.2309800162911415 14.675210133194923 4
      vertex 7.665220394730568 13.563529804348946 4
      vertex 5.337651431560516 14.872822687029839 4
    endloop
  endfacet
  facet normal 0 0 1
    outer loop
      vertex 7.197733111679554 12.726965710520744 4
      vertex 7.632712386548519 13.496092081069946 4
      vertex 5.201302208006382 14.606479898095131 4
    endloop
  endfacet
  facet normal 0 0 1
    outer loop
      vertex 5.337651431560516 14.872822687029839 4
      vertex 7.7447110787034035 13.773555383086205 4
      vertex 5.546216405928135 15.18359586596489 4
    endloop
  endfacet
  facet normal 0 0 1
    outer loop
      vertex 5.546216405928135 15.18359586596489 4
      vertex 7.930805511772633 14.651260524988174 4
      vertex 5.879110790789127 15.58823811262846 4
    endloop
  endfacet
  facet normal 0 0 1
    outer loop
      vertex 5.879110790789127 15.58823811262846 4
      vertex 7.97833701223135 15.323268242180347 4
      vertex 6.355853818356991 16.064231492578983 4
    endloop
  endfacet
  facet normal 0 0 1
    outer loop
      vertex 5.201302208006382 14.606479898095131 4
      vertex 7.632712386548519 13.496092081069946 4
      vertex 7.665220394730568 13.563529804348946 4
    endloop
  endfacet
  facet normal 0 0 1
    outer loop
      vertex 5.337651431560516 14.872822687029839 4
      vertex 7.665220394730568 13.563529804348946 4
      vertex 7.7447110787034035 13.773555383086205 4
    endloop
  endfacet
  facet normal 0 0 1
    outer loop
      vertex 5.546216405928135 15.18359586596489 4
      vertex 7.7447110787034035 13.773555383086205 4
      vertex 7.842996768653393 14.134691417217255 4
    endloop
  endfacet
  facet normal 0 0 1
    outer loop
      vertex 5.546216405928135 15.18359586596489 4
      vertex 7.842996768653393 14.134691417217255 4
      vertex 7.930805511772633 14.651260524988174 4
    endloop
  endfacet
  facet normal 0 0 1
    outer loop
      vertex 5.879110790789127 15.58823811262846 4
      vertex 7.930805511772633 14.651260524988174 4
      vertex 7.97833701223135 15.323268242180347 4
    endloop
  endfacet
  facet normal 0 0 1
    outer loop
      vertex 6.355853818356991 16.064231492578983 4
      vertex 7.97833701223135 15.323268242180347 4
      vertex 6.992640323936939 16.586228668689728 4
    endloop
  endfacet
  facet normal 0 0 1
    outer loop
      vertex 7.97833701223135 15.323268242180347 4
      vertex 7.955829679965973 16.14635483175516 4
      vertex 6.992640323936939 16.586228668689728 4
    endloop
  endfacet
  facet normal 0 0 1
    outer loop
      vertex 14.563792057335377 -1.2600466758012772 4
      vertex 14.563792057335377 1.2600466758012772 4
      vertex 4 0 4
    endloop
  endfacet
  facet normal 0 0 1
    outer loop
      vertex 3.587490966130753 1.7691547608760052 4
      vertex 14.563792057335377 1.2600466758012772 4
      vertex 14.499881096184254 1.9089455604553223 4
    endloop
  endfacet
  facet normal 0 0 1
    outer loop
      vertex 2.8284271247461903 2.8284271247461903 4
      vertex 14.343984723091125 2.853195957839489 4
      vertex 14.334198169410229 2.8951681777834892 4
    endloop
  endfacet
  facet normal 0 0 1
    outer loop
      vertex 3.325878449210181 2.2222809320784087 4
      vertex 14.499881096184254 1.9089455604553223 4
      vertex 14.343984723091125 2.853195957839489 4
    endloop
  endfacet
  facet normal 0 0 1
    outer loop
      vertex 4.904277451336384 13.772364564239979 4
      vertex 14.334198169410229 2.8951681777834892 4
      vertex 13.61886951327324 5.312104023993015 4
    endloop
  endfacet
  facet normal 0 0 1
    outer loop
      vertex 4.904277451336384 13.772364564239979 4
      vertex 13.61886951327324 5.312104023993015 4
      vertex 13.511738166213036 5.596745200455189 4
    endloop
  endfacet
  facet normal 0 0 1
    outer loop
      vertex 4.904277451336384 13.772364564239979 4
      vertex 13.511738166213036 5.596745200455189 4
      vertex 13.116763845086098 6.468472093343735 4
    endloop
  endfacet
  facet normal 0 0 1
    outer loop
      vertex 12.932394184172153 6.813403464853764 4
      vertex 10.995657183229923 9.642932549118996 4
      vertex 10.490461952984333 10.18232399970293 4
    endloop
  endfacet
  facet normal 0 0 1
    outer loop
      vertex 11.574905388057232 8.93711655586958 4
      vertex 10.995657183229923 9.642932549118996 4
      vertex 12.932394184172153 6.813403464853764 4
    endloop
  endfacet
  facet normal 0 0 1
    outer loop
      vertex 11.574905388057232 8.93711655586958 4
      vertex 12.932394184172153 6.813403464853764 4
      vertex 13.717584513127804 7.227079272270203 4
    endloop
  endfacet
  facet normal 0 0 1
    outer loop
      vertex 11.574905388057232 8.93711655586958 4
      vertex 13.717584513127804 7.227079272270203 4
      vertex 12.272473089396954 9.475716538727283 4
    endloop
  endfacet
  facet normal 0 0 1
    outer loop
      vertex 13.781391575932503 7.266236342489719 4
      vertex 12.334598019719124 9.517491057515144 4
      vertex 12.272473089396954 9.475716538727283 4
    endloop
  endfacet
  facet normal 0 0 1
    outer loop
      vertex 13.781391575932503 7.266236342489719 4
      vertex 12.531173139810562 9.626062393188477 4
      vertex 12.334598019719124 9.517491057515144 4
    endloop
  endfacet
  facet normal 0 0 1
    outer loop
      vertex 13.717584513127804 7.227079272270203 4
      vertex 13.781391575932503 7.266236342489719 4
      vertex 12.272473089396954 9.475716538727283 4
    endloop
  endfacet
  facet normal 0 0 1
    outer loop
      vertex 13.781391575932503 7.266236342489719 4
      vertex 13.961811803281307 7.399945192039013 4
      vertex 12.531173139810562 9.626062393188477 4
    endloop
  endfacet
  facet normal 0 0 1
    outer loop
      vertex 14.563792057335377 -1.2600466758012772 4
      vertex 15.447220481932163 1.3364801332354546 4
      vertex 14.563792057335377 1.2600466758012772 4
    endloop
  endfacet
  facet normal 0 0 1
    outer loop
      vertex 15.447220481932163 -1.3364801332354546 4
      vertex 15.522068306803703 1.3380358144640923 4
      vertex 15.447220481932163 1.3364801332354546 4
    endloop
  endfacet
  facet normal 0 0 1
    outer loop
      vertex 15.522068306803703 -1.3380358144640923 4
      vertex 15.746135920286179 1.3230953067541122 4
      vertex 15.522068306803703 1.3380358144640923 4
    endloop
  endfacet
  facet normal 0 0 1
    outer loop
      vertex 14.334198169410229 2.8951681777834892 4
      vertex 15.198029480874538 3.069641627371311 4
      vertex 14.444969549775124 5.634328216314316 4
    endloop
  endfacet
  facet normal 0 0 1
    outer loop
      vertex 15.198029480874538 3.069641627371311 4
      vertex 15.270283728837967 3.0892360284924507 4
      vertex 14.444969549775124 5.634328216314316 4
    endloop
  endfacet
  facet normal 0 0 1
    outer loop
      vertex 15.270283728837967 3.0892360284924507 4
      vertex 15.481065802276134 3.1666984856128693 4
      vertex 14.516347222030163 5.656907953321934 4
    endloop
  endfacet
  facet normal 0 0 1
    outer loop
      vertex 15.481065802276134 3.1666984856128693 4
      vertex 15.818357639014721 3.328912928700447 4
      vertex 15.106995455920696 5.751590043306351 4
    endloop
  endfacet
  facet normal 0 0 1
    outer loop
      vertex 15.746135920286179 -1.3230953067541122 4
      vertex 16.11546616256237 1.2624777778983116 4
      vertex 15.746135920286179 1.3230953067541122 4
    endloop
  endfacet
  facet normal 0 0 1
    outer loop
      vertex 16.11546616256237 -1.2624777778983116 4
      vertex 16.62183102220297 1.1277608573436737 4
      vertex 16.11546616256237 1.2624777778983116 4
    endloop
  endfacet
  facet normal 0 0 1
    outer loop
      vertex 16.62183102220297 -1.1277608573436737 4
      vertex 17.2528560385108 0.891834944486618 4
      vertex 16.62183102220297 1.1277608573436737 4
    endloop
  endfacet
  facet normal 0 0 1
    outer loop
      vertex 17.2528560385108 -0.891834944486618 4
      vertex 17.992212049663067 0.5294390246272087 4
      vertex 17.2528560385108 0.891834944486618 4
    endloop
  endfacet
  facet normal 0 0 1
    outer loop
      vertex 15.818357639014721 3.328912928700447 4
      vertex 16.266257025301456 3.600832335650921 4
      vertex 15.630803123116493 5.764989569783211 4
    endloop
  endfacet
  facet normal 0 0 1
    outer loop
      vertex 16.266257025301456 3.600832335650921 4
      vertex 16.805253081023693 4.004981882870197 4
      vertex 15.630803123116493 5.764989569783211 4
    endloop
  endfacet
  facet normal 0 0 1
    outer loop
      vertex 14.334198169410229 2.8951681777834892 4
      vertex 14.444969549775124 5.634328216314316 4
      vertex 13.61886951327324 5.312104023993015 4
    endloop
  endfacet
  facet normal 0 0 1
    outer loop
      vertex 15.270283728837967 3.0892360284924507 4
      vertex 14.516347222030163 5.656907953321934 4
      vertex 14.444969549775124 5.634328216314316 4
    endloop
  endfacet
  facet normal 0 0 1
    outer loop
      vertex 15.481065802276134 3.1666984856128693 4
      vertex 14.735547751188278 5.705699786543846 4
      vertex 14.516347222030163 5.656907953321934 4
    endloop
  endfacet
  facet normal 0 0 1
    outer loop
      vertex 15.481065802276134 3.1666984856128693 4
      vertex 15.106995455920696 5.751590043306351 4
      vertex 14.735547751188278 5.705699786543846 4
    endloop
  endfacet
  facet normal 0 0 1
    outer loop
      vertex 15.818357639014721 3.328912928700447 4
      vertex 15.630803123116493 5.764989569783211 4
      vertex 15.106995455920696 5.751590043306351 4
    endloop
  endfacet
  facet normal 0 0 1
    outer loop
      vertex 13.961811803281307 7.399945192039013 4
      vertex 14.23973985761404 7.650614909827709 4
      vertex 12.531173139810562 9.626062393188477 4
    endloop
  endfacet
  facet normal 0 0 1
    outer loop
      vertex 14.23973985761404 7.650614909827709 4
      vertex 14.592887617647648 8.037707507610321 4
      vertex 13.37346051633358 9.935173116624355 4
    endloop
  endfacet
  facet normal 0 0 1
    outer loop
      vertex 14.592887617647648 8.037707507610321 4
      vertex 14.996188469231129 8.5773388966918 4
      vertex 14.03186371922493 10.077857486903667 4
    endloop
  endfacet
  facet normal 0 0 1
    outer loop
      vertex 16.805253081023693 4.004981882870197 4
      vertex 16.302735202014446 5.716400608420372 4
      vertex 15.630803123116493 5.764989569783211 4
    endloop
  endfacet
  facet normal 0 0 1
    outer loop
      vertex 16.805253081023693 4.004981882870197 4
      vertex 17.11424083262682 5.57698492705822 4
      vertex 16.302735202014446 5.716400608420372 4
    endloop
  endfacet
  facet normal 0 0 1
    outer loop
      vertex 16.805253081023693 4.004981882870197 4
      vertex 17.412561252713203 4.560998879373074 4
      vertex 17.11424083262682 5.57698492705822 4
    endloop
  endfacet
  facet normal 0 0 1
    outer loop
      vertex 7.3125 12.665621533989906 4
      vertex 12.932394184172153 6.813403464853764 4
      vertex 8.125214658677578 12.160243079066277 4
    endloop
  endfacet
  facet normal 0 0 1
    outer loop
      vertex 7.197733111679554 12.726965710520744 4
      vertex 12.932394184172153 6.813403464853764 4
      vertex 7.3125 12.665621533989906 4
    endloop
  endfacet
  facet normal 0 0 1
    outer loop
      vertex 8.125214658677578 12.160243079066277 4
      vertex 12.932394184172153 6.813403464853764 4
      vertex 8.584521420300007 11.831108495593071 4
    endloop
  endfacet
  facet normal 0 0 1
    outer loop
      vertex 4.904277451336384 13.772364564239979 4
      vertex 13.116763845086098 6.468472093343735 4
      vertex 12.932394184172153 6.813403464853764 4
    endloop
  endfacet
  facet normal 0 0 1
    outer loop
      vertex 8.584521420300007 11.831108495593071 4
      vertex 12.932394184172153 6.813403464853764 4
      vertex 10.490461952984333 10.18232399970293 4
    endloop
  endfacet
  facet normal 0 0 1
    outer loop
      vertex 10.490461952984333 10.18232399970293 4
      vertex 11.125822432339191 10.799021944403648 4
      vertex 9.10573384910822 12.549438662827015 4
    endloop
  endfacet
  facet normal 0 0 1
    outer loop
      vertex 8.584521420300007 11.831108495593071 4
      vertex 10.490461952984333 10.18232399970293 4
      vertex 9.10573384910822 12.549438662827015 4
    endloop
  endfacet
  facet normal 0 0 1
    outer loop
      vertex 11.17601303756237 10.854569397866726 4
      vertex 9.153573043644428 12.607023634016514 4
      vertex 9.10573384910822 12.549438662827015 4
    endloop
  endfacet
  facet normal 0 0 1
    outer loop
      vertex 11.17601303756237 10.854569397866726 4
      vertex 9.311597414314747 12.766578681766987 4
      vertex 9.153573043644428 12.607023634016514 4
    endloop
  endfacet
  facet normal 0 0 1
    outer loop
      vertex 11.125822432339191 10.799021944403648 4
      vertex 11.17601303756237 10.854569397866726 4
      vertex 9.10573384910822 12.549438662827015 4
    endloop
  endfacet
  facet normal 0 0 1
    outer loop
      vertex 11.17601303756237 10.854569397866726 4
      vertex 11.311454840004444 11.033692352473736 4
      vertex 9.311597414314747 12.766578681766987 4
    endloop
  endfacet
  facet normal 0 0 1
    outer loop
      vertex 9.311597414314747 12.766578681766987 4
      vertex 11.311454840004444 11.033692352473736 4
      vertex 11.507503040134907 11.352509565651417 4
    endloop
  endfacet
  facet normal 0 0 1
    outer loop
      vertex 10.032679677009583 13.300468020141125 4
      vertex 11.507503040134907 11.352509565651417 4
      vertex 11.737289249897003 11.823415420949459 4
    endloop
  endfacet
  facet normal 0 0 1
    outer loop
      vertex 9.311597414314747 12.766578681766987 4
      vertex 11.507503040134907 11.352509565651417 4
      vertex 9.599268957972527 13.006003819406033 4
    endloop
  endfacet
  facet normal 0 0 1
    outer loop
      vertex 9.599268957972527 13.006003819406033 4
      vertex 11.507503040134907 11.352509565651417 4
      vertex 10.032679677009583 13.300468020141125 4
    endloop
  endfacet
  facet normal 0 0 1
    outer loop
      vertex 10.032679677009583 13.300468020141125 4
      vertex 11.737289249897003 11.823415420949459 4
      vertex 10.624214090406895 13.622866295278072 4
    endloop
  endfacet
  facet normal 0 0 1
    outer loop
      vertex 14.23973985761404 7.650614909827709 4
      vertex 12.874645821750164 9.77474269270897 4
      vertex 12.531173139810562 9.626062393188477 4
    endloop
  endfacet
  facet normal 0 0 1
    outer loop
      vertex 11.737289249897003 11.823415420949459 4
      vertex 11.972221851348877 12.454810924828053 4
      vertex 10.624214090406895 13.622866295278072 4
    endloop
  endfacet
  facet normal 0 0 1
    outer loop
      vertex 11.972221851348877 12.454810924828053 4
      vertex 11.382269874215126 13.944315426051617 4
      vertex 10.624214090406895 13.622866295278072 4
    endloop
  endfacet
  facet normal 0 0 1
    outer loop
      vertex 11.972221851348877 12.454810924828053 4
      vertex 12.182516507804394 13.250897772610188 4
      vertex 11.382269874215126 13.944315426051617 4
    endloop
  endfacet
  facet normal 0 0 1
    outer loop
      vertex 14.23973985761404 7.650614909827709 4
      vertex 13.37346051633358 9.935173116624355 4
      vertex 12.874645821750164 9.77474269270897 4
    endloop
  endfacet
  facet normal 0 0 1
    outer loop
      vertex 14.592887617647648 8.037707507610321 4
      vertex 14.03186371922493 10.077857486903667 4
      vertex 13.37346051633358 9.935173116624355 4
    endloop
  endfacet
  facet normal 0 0 1
    outer loop
      vertex 14.996188469231129 8.5773388966918 4
      vertex 15.422248296439648 9.281931780278683 4
      vertex 14.03186371922493 10.077857486903667 4
    endloop
  endfacet
  facet normal 0 0 1
    outer loop
      vertex 14.03186371922493 10.077857486903667 4
      vertex 15.422248296439648 9.281931780278683 4
      vertex 14.849775604903698 10.172716677188873 4
    endloop
  endfacet
  facet normal -0.8128466845916156 -0.5824776968678017 4.6756912120458566e-17
    outer loop
      vertex -3.1734133611649407 -2.4350457160348826 4
      vertex -3.325878449210181 -2.2222809320784087 4.2
      vertex -3.325878449210181 -2.2222809320784087 4
    endloop
  endfacet
  facet normal -0.7730104533627374 -0.6343932841636449 0
    outer loop
      vertex -3.1734133611649407 -2.4350457160348826 4
      vertex -3.00735922991591 -2.6373832604002754 4
      vertex -3.1734133611649407 -2.4350457160348826 4.2
    endloop
  endfacet
  facet normal -0.8128466845916156 -0.5824776968678017 0
    outer loop
      vertex -3.1734133611649407 -2.4350457160348826 4
      vertex -3.1734133611649407 -2.4350457160348826 4.2
      vertex -3.325878449210181 -2.2222809320784087 4.2
    endloop
  endfacet
  facet normal -0.7298640726978358 -0.6835923020228711 -6.055075735470111e-17
    outer loop
      vertex -2.8284271247461903 -2.8284271247461903 4
      vertex -3.00735922991591 -2.6373832604002754 4.2
      vertex -3.00735922991591 -2.6373832604002754 4
    endloop
  endfacet
  facet normal -0.7730104533627374 -0.6343932841636449 0
    outer loop
      vertex -3.00735922991591 -2.6373832604002754 4
      vertex -3.00735922991591 -2.6373832604002754 4.2
      vertex -3.1734133611649407 -2.4350457160348826 4.2
    endloop
  endfacet
  facet normal -0.7298640726978358 -0.6835923020228711 0
    outer loop
      vertex -2.8284271247461903 -2.8284271247461903 4
      vertex -2.8284271247461903 -2.8284271247461903 4.2
      vertex -3.00735922991591 -2.6373832604002754 4.2
    endloop
  endfacet
  facet normal -0.6835923020228711 -0.7298640726978358 -6.055075735470111e-17
    outer loop
      vertex -2.8284271247461903 -2.8284271247461903 4
      vertex -2.6373832604002754 -3.00735922991591 4
      vertex -2.6373832604002754 -3.00735922991591 4.2
    endloop
  endfacet
  facet normal -0.6835923020228711 -0.7298640726978358 0
    outer loop
      vertex -2.8284271247461903 -2.8284271247461903 4
      vertex -2.6373832604002754 -3.00735922991591 4.2
      vertex -2.8284271247461903 -2.8284271247461903 4.2
    endloop
  endfacet
  facet normal -0.6343932841636449 -0.7730104533627374 0
    outer loop
      vertex -2.6373832604002754 -3.00735922991591 4
      vertex -2.4350457160348826 -3.1734133611649407 4.2
      vertex -2.6373832604002754 -3.00735922991591 4.2
    endloop
  endfacet
  facet normal -0.6343932841636449 -0.7730104533627374 -3.7621398258687286e-17
    outer loop
      vertex -2.6373832604002754 -3.00735922991591 4
      vertex -2.4350457160348826 -3.1734133611649407 4
      vertex -2.4350457160348826 -3.1734133611649407 4.2
    endloop
  endfacet
  facet normal -0.5824776968678017 -0.8128466845916156 4.6756912120458566e-17
    outer loop
      vertex -2.4350457160348826 -3.1734133611649407 4
      vertex -2.2222809320784087 -3.325878449210181 4
      vertex -2.2222809320784087 -3.325878449210181 4.2
    endloop
  endfacet
  facet normal -0.5824776968678017 -0.8128466845916156 0
    outer loop
      vertex -2.4350457160348826 -3.1734133611649407 4
      vertex -2.2222809320784087 -3.325878449210181 4.2
      vertex -2.4350457160348826 -3.1734133611649407 4.2
    endloop
  endfacet
  facet normal -0.849202181526579 -0.5280678506503678 0
    outer loop
      vertex -3.4641016151377544 -2 4
      vertex -3.325878449210181 -2.2222809320784087 4
      vertex -3.4641016151377544 -2 4.2
    endloop
  endfacet
  facet normal -0.8819212643483549 -0.47139673682599775 1.852721982810099e-17
    outer loop
      vertex -3.4641016151377544 -2 4
      vertex -3.587490966130753 -1.7691547608760052 4.2
      vertex -3.587490966130753 -1.7691547608760052 4
    endloop
  endfacet
  facet normal -0.9108638249211757 -0.41270702980439505 0
    outer loop
      vertex -3.587490966130753 -1.7691547608760052 4
      vertex -3.587490966130753 -1.7691547608760052 4.2
      vertex -3.695518130045147 -1.5307337294603591 4.2
    endloop
  endfacet
  facet normal -0.8819212643483549 -0.47139673682599775 0
    outer loop
      vertex -3.4641016151377544 -2 4
      vertex -3.4641016151377544 -2 4.2
      vertex -3.587490966130753 -1.7691547608760052 4.2
    endloop
  endfacet
  facet normal -0.9108638249211757 -0.41270702980439505 2.7171086495626872e-17
    outer loop
      vertex -3.587490966130753 -1.7691547608760052 4
      vertex -3.695518130045147 -1.5307337294603591 4.2
      vertex -3.695518130045147 -1.5307337294603591 4
    endloop
  endfacet
  facet normal -0.9359059267573255 -0.35225004792123404 0
    outer loop
      vertex -3.695518130045147 -1.5307337294603591 4
      vertex -3.695518130045147 -1.5307337294603591 4.2
      vertex -3.7877205179804228 -1.2857578612126463 4.2
    endloop
  endfacet
  facet normal -0.9569403357322089 -0.29028467725446233 -1.27794065474552e-17
    outer loop
      vertex -3.7877205179804228 -1.2857578612126463 4
      vertex -3.8637033051562732 -1.035276180410083 4.2
      vertex -3.8637033051562732 -1.035276180410083 4
    endloop
  endfacet
  facet normal -0.9359059267573255 -0.35225004792123404 1.1290930178573065e-17
    outer loop
      vertex -3.695518130045147 -1.5307337294603591 4
      vertex -3.7877205179804228 -1.2857578612126463 4.2
      vertex -3.7877205179804228 -1.2857578612126463 4
    endloop
  endfacet
  facet normal -0.9569403357322089 -0.29028467725446233 0
    outer loop
      vertex -3.7877205179804228 -1.2857578612126463 4
      vertex -3.7877205179804228 -1.2857578612126463 4.2
      vertex -3.8637033051562732 -1.035276180410083 4.2
    endloop
  endfacet
  facet normal -0.9866433320848791 -0.1628954733945886 0
    outer loop
      vertex -3.9657794454952415 -0.5221047688802063 4
      vertex -3.9231411216129217 -0.780361288064513 4
      vertex -3.9657794454952415 -0.5221047688802063 4.2
    endloop
  endfacet
  facet normal -0.9866433320848791 -0.1628954733945886 0
    outer loop
      vertex -3.9231411216129217 -0.780361288064513 4
      vertex -3.9231411216129217 -0.780361288064513 4.2
      vertex -3.9657794454952415 -0.5221047688802063 4.2
    endloop
  endfacet
  facet normal -0.9951847266721969 -0.09801714032956065 -5.003720199214909e-18
    outer loop
      vertex -3.9657794454952415 -0.5221047688802063 4
      vertex -3.991435692954414 -0.26161251692057225 4.2
      vertex -3.991435692954414 -0.26161251692057225 4
    endloop
  endfacet
  facet normal -0.9951847266721969 -0.09801714032956065 0
    outer loop
      vertex -3.9657794454952415 -0.5221047688802063 4
      vertex -3.9657794454952415 -0.5221047688802063 4.2
      vertex -3.991435692954414 -0.26161251692057225 4.2
    endloop
  endfacet
  facet normal -0.9994645874763657 -0.03271908282177657 -6.256451929613793e-19
    outer loop
      vertex -3.991435692954414 -0.26161251692057225 4
      vertex -4 0 4.2
      vertex -4 0 4
    endloop
  endfacet
  facet normal -0.9994645874763657 -0.03271908282177657 0
    outer loop
      vertex -3.991435692954414 -0.26161251692057225 4
      vertex -3.991435692954414 -0.26161251692057225 4.2
      vertex -4 0 4.2
    endloop
  endfacet
  facet normal -0.9738769792773339 -0.2270762630343726 6.2975653892454275e-18
    outer loop
      vertex -3.8637033051562732 -1.035276180410083 4
      vertex -3.9231411216129217 -0.780361288064513 4.2
      vertex -3.9231411216129217 -0.780361288064513 4
    endloop
  endfacet
  facet normal -0.9738769792773339 -0.2270762630343726 0
    outer loop
      vertex -3.8637033051562732 -1.035276180410083 4
      vertex -3.8637033051562732 -1.035276180410083 4.2
      vertex -3.9231411216129217 -0.780361288064513 4.2
    endloop
  endfacet
  facet normal -0.849202181526579 -0.5280678506503678 1.3734010661835947e-17
    outer loop
      vertex -3.4641016151377544 -2 4.2
      vertex -3.325878449210181 -2.2222809320784087 4
      vertex -3.325878449210181 -2.2222809320784087 4.2
    endloop
  endfacet
  facet normal -0.5280678506503678 -0.849202181526579 0
    outer loop
      vertex -2 -3.4641016151377544 4
      vertex -2 -3.4641016151377544 4.2
      vertex -2.2222809320784087 -3.325878449210181 4
    endloop
  endfacet
  facet normal -0.5280678506503678 -0.849202181526579 1.3734010661835947e-17
    outer loop
      vertex -2 -3.4641016151377544 4.2
      vertex -2.2222809320784087 -3.325878449210181 4.2
      vertex -2.2222809320784087 -3.325878449210181 4
    endloop
  endfacet
  facet normal -0.47139673682599775 -0.8819212643483549 1.852721982810099e-17
    outer loop
      vertex -2 -3.4641016151377544 4
      vertex -1.7691547608760052 -3.587490966130753 4
      vertex -1.7691547608760052 -3.587490966130753 4.2
    endloop
  endfacet
  facet normal -0.47139673682599775 -0.8819212643483549 0
    outer loop
      vertex -2 -3.4641016151377544 4
      vertex -1.7691547608760052 -3.587490966130753 4.2
      vertex -2 -3.4641016151377544 4.2
    endloop
  endfacet
  facet normal -0.41270702980439505 -0.9108638249211757 0
    outer loop
      vertex -1.7691547608760052 -3.587490966130753 4
      vertex -1.5307337294603591 -3.695518130045147 4.2
      vertex -1.7691547608760052 -3.587490966130753 4.2
    endloop
  endfacet
  facet normal -0.41270702980439505 -0.9108638249211757 2.7171086495626872e-17
    outer loop
      vertex -1.7691547608760052 -3.587490966130753 4
      vertex -1.5307337294603591 -3.695518130045147 4
      vertex -1.5307337294603591 -3.695518130045147 4.2
    endloop
  endfacet
  facet normal -0.35225004792123404 -0.9359059267573255 0
    outer loop
      vertex -1.5307337294603591 -3.695518130045147 4
      vertex -1.2857578612126463 -3.7877205179804228 4.2
      vertex -1.5307337294603591 -3.695518130045147 4.2
    endloop
  endfacet
  facet normal -0.35225004792123404 -0.9359059267573255 1.1290930178573065e-17
    outer loop
      vertex -1.5307337294603591 -3.695518130045147 4
      vertex -1.2857578612126463 -3.7877205179804228 4
      vertex -1.2857578612126463 -3.7877205179804228 4.2
    endloop
  endfacet
  facet normal -0.29028467725446233 -0.9569403357322089 0
    outer loop
      vertex -1.2857578612126463 -3.7877205179804228 4
      vertex -1.035276180410083 -3.8637033051562732 4.2
      vertex -1.2857578612126463 -3.7877205179804228 4.2
    endloop
  endfacet
  facet normal -0.1628954733945886 -0.9866433320848791 7.214669943158128e-20
    outer loop
      vertex -0.780361288064513 -3.9231411216129217 4
      vertex -0.5221047688802063 -3.9657794454952415 4
      vertex -0.5221047688802063 -3.9657794454952415 4.2
    endloop
  endfacet
  facet normal -0.1628954733945886 -0.9866433320848791 0
    outer loop
      vertex -0.780361288064513 -3.9231411216129217 4
      vertex -0.5221047688802063 -3.9657794454952415 4.2
      vertex -0.780361288064513 -3.9231411216129217 4.2
    endloop
  endfacet
  facet normal -0.29028467725446233 -0.9569403357322089 -1.27794065474552e-17
    outer loop
      vertex -1.2857578612126463 -3.7877205179804228 4
      vertex -1.035276180410083 -3.8637033051562732 4
      vertex -1.035276180410083 -3.8637033051562732 4.2
    endloop
  endfacet
  facet normal -0.2270762630343726 -0.9738769792773339 0
    outer loop
      vertex -0.780361288064513 -3.9231411216129217 4
      vertex -0.780361288064513 -3.9231411216129217 4.2
      vertex -1.035276180410083 -3.8637033051562732 4
    endloop
  endfacet
  facet normal -0.2270762630343726 -0.9738769792773339 0
    outer loop
      vertex -1.035276180410083 -3.8637033051562732 4
      vertex -0.780361288064513 -3.9231411216129217 4.2
      vertex -1.035276180410083 -3.8637033051562732 4.2
    endloop
  endfacet
  facet normal -0.09801714032956065 -0.9951847266721969 -5.003720199214909e-18
    outer loop
      vertex -0.5221047688802063 -3.9657794454952415 4
      vertex -0.26161251692057225 -3.991435692954414 4
      vertex -0.26161251692057225 -3.991435692954414 4.2
    endloop
  endfacet
  facet normal -0.09801714032956065 -0.9951847266721969 0
    outer loop
      vertex -0.5221047688802063 -3.9657794454952415 4
      vertex -0.26161251692057225 -3.991435692954414 4.2
      vertex -0.5221047688802063 -3.9657794454952415 4.2
    endloop
  endfacet
  facet normal -0.03271908282177657 -0.9994645874763657 -6.256451929613793e-19
    outer loop
      vertex -0.26161251692057225 -3.991435692954414 4
      vertex 0 -4 4
      vertex 0 -4 4.2
    endloop
  endfacet
  facet normal -0.03271908282177657 -0.9994645874763657 0
    outer loop
      vertex -0.26161251692057225 -3.991435692954414 4
      vertex 0 -4 4.2
      vertex -0.26161251692057225 -3.991435692954414 4.2
    endloop
  endfacet
  facet normal -0.9994645874763657 0.03271908282177657 6.256451929613793e-19
    outer loop
      vertex -4 0 4
      vertex -3.991435692954414 0.26161251692057225 4.2
      vertex -3.991435692954414 0.26161251692057225 4
    endloop
  endfacet
  facet normal -0.9994645874763657 0.03271908282177657 0
    outer loop
      vertex -4 0 4
      vertex -4 0 4.2
      vertex -3.991435692954414 0.26161251692057225 4.2
    endloop
  endfacet
  facet normal -0.9951847266721969 0.09801714032956065 5.003720199214909e-18
    outer loop
      vertex -3.991435692954414 0.26161251692057225 4
      vertex -3.9657794454952415 0.5221047688802063 4.2
      vertex -3.9657794454952415 0.5221047688802063 4
    endloop
  endfacet
  facet normal -0.9951847266721969 0.09801714032956065 0
    outer loop
      vertex -3.991435692954414 0.26161251692057225 4
      vertex -3.991435692954414 0.26161251692057225 4.2
      vertex -3.9657794454952415 0.5221047688802063 4.2
    endloop
  endfacet
  facet normal -0.9866433320848791 0.1628954733945886 -7.214669943158128e-20
    outer loop
      vertex -3.9657794454952415 0.5221047688802063 4
      vertex -3.9231411216129217 0.780361288064513 4.2
      vertex -3.9231411216129217 0.780361288064513 4
    endloop
  endfacet
  facet normal -0.9866433320848791 0.1628954733945886 0
    outer loop
      vertex -3.9657794454952415 0.5221047688802063 4
      vertex -3.9657794454952415 0.5221047688802063 4.2
      vertex -3.9231411216129217 0.780361288064513 4.2
    endloop
  endfacet
  facet normal -0.9738769792773339 0.2270762630343726 -6.2975653892454275e-18
    outer loop
      vertex -3.9231411216129217 0.780361288064513 4
      vertex -3.8637033051562732 1.035276180410083 4.2
      vertex -3.8637033051562732 1.035276180410083 4
    endloop
  endfacet
  facet normal -0.9738769792773339 0.2270762630343726 0
    outer loop
      vertex -3.9231411216129217 0.780361288064513 4
      vertex -3.9231411216129217 0.780361288064513 4.2
      vertex -3.8637033051562732 1.035276180410083 4.2
    endloop
  endfacet
  facet normal -0.9569403357322089 0.29028467725446233 1.27794065474552e-17
    outer loop
      vertex -3.8637033051562732 1.035276180410083 4
      vertex -3.7877205179804228 1.2857578612126463 4.2
      vertex -3.7877205179804228 1.2857578612126463 4
    endloop
  endfacet
  facet normal -0.9569403357322089 0.29028467725446233 0
    outer loop
      vertex -3.8637033051562732 1.035276180410083 4
      vertex -3.8637033051562732 1.035276180410083 4.2
      vertex -3.7877205179804228 1.2857578612126463 4.2
    endloop
  endfacet
  facet normal -0.9359059267573255 0.35225004792123404 0
    outer loop
      vertex -3.7877205179804228 1.2857578612126463 4
      vertex -3.7877205179804228 1.2857578612126463 4.2
      vertex -3.695518130045147 1.5307337294603591 4.2
    endloop
  endfacet
  facet normal -0.9359059267573255 0.35225004792123404 -1.1290930178573065e-17
    outer loop
      vertex -3.7877205179804228 1.2857578612126463 4
      vertex -3.695518130045147 1.5307337294603591 4.2
      vertex -3.695518130045147 1.5307337294603591 4
    endloop
  endfacet
  facet normal -0.9108638249211757 0.41270702980439505 0
    outer loop
      vertex -3.695518130045147 1.5307337294603591 4
      vertex -3.695518130045147 1.5307337294603591 4.2
      vertex -3.587490966130753 1.7691547608760052 4.2
    endloop
  endfacet
  facet normal -0.9108638249211757 0.41270702980439505 -2.7171086495626872e-17
    outer loop
      vertex -3.695518130045147 1.5307337294603591 4
      vertex -3.587490966130753 1.7691547608760052 4.2
      vertex -3.587490966130753 1.7691547608760052 4
    endloop
  endfacet
  facet normal -0.8819212643483549 0.47139673682599775 -1.852721982810099e-17
    outer loop
      vertex -3.587490966130753 1.7691547608760052 4
      vertex -3.4641016151377544 2 4.2
      vertex -3.4641016151377544 2 4
    endloop
  endfacet
  facet normal -0.8819212643483549 0.47139673682599775 0
    outer loop
      vertex -3.587490966130753 1.7691547608760052 4
      vertex -3.587490966130753 1.7691547608760052 4.2
      vertex -3.4641016151377544 2 4.2
    endloop
  endfacet
  facet normal -0.849202181526579 0.5280678506503678 0
    outer loop
      vertex -3.4641016151377544 2 4
      vertex -3.4641016151377544 2 4.2
      vertex -3.325878449210181 2.2222809320784087 4.2
    endloop
  endfacet
  facet normal -0.849202181526579 0.5280678506503678 -1.3734010661835947e-17
    outer loop
      vertex -3.4641016151377544 2 4
      vertex -3.325878449210181 2.2222809320784087 4.2
      vertex -3.325878449210181 2.2222809320784087 4
    endloop
  endfacet
  facet normal -0.8128466845916156 0.5824776968678017 -4.6756912120458566e-17
    outer loop
      vertex -3.325878449210181 2.2222809320784087 4
      vertex -3.1734133611649407 2.4350457160348826 4.2
      vertex -3.1734133611649407 2.4350457160348826 4
    endloop
  endfacet
  facet normal -0.8128466845916156 0.5824776968678017 0
    outer loop
      vertex -3.325878449210181 2.2222809320784087 4
      vertex -3.325878449210181 2.2222809320784087 4.2
      vertex -3.1734133611649407 2.4350457160348826 4.2
    endloop
  endfacet
  facet normal -0.7730104533627374 0.6343932841636449 0
    outer loop
      vertex -3.1734133611649407 2.4350457160348826 4
      vertex -3.1734133611649407 2.4350457160348826 4.2
      vertex -3.00735922991591 2.6373832604002754 4.2
    endloop
  endfacet
  facet normal -0.7730104533627374 0.6343932841636449 3.7621398258687286e-17
    outer loop
      vertex -3.1734133611649407 2.4350457160348826 4
      vertex -3.00735922991591 2.6373832604002754 4.2
      vertex -3.00735922991591 2.6373832604002754 4
    endloop
  endfacet
  facet normal -0.7298640726978358 0.6835923020228711 6.055075735470111e-17
    outer loop
      vertex -3.00735922991591 2.6373832604002754 4
      vertex -2.8284271247461903 2.8284271247461903 4.2
      vertex -2.8284271247461903 2.8284271247461903 4
    endloop
  endfacet
  facet normal -0.7298640726978358 0.6835923020228711 0
    outer loop
      vertex -3.00735922991591 2.6373832604002754 4
      vertex -3.00735922991591 2.6373832604002754 4.2
      vertex -2.8284271247461903 2.8284271247461903 4.2
    endloop
  endfacet
  facet normal -0.6835923020228711 0.7298640726978358 0
    outer loop
      vertex -2.8284271247461903 2.8284271247461903 4
      vertex -2.8284271247461903 2.8284271247461903 4.2
      vertex -2.6373832604002754 3.00735922991591 4
    endloop
  endfacet
  facet normal -0.6343932841636449 0.7730104533627374 0
    outer loop
      vertex -2.6373832604002754 3.00735922991591 4
      vertex -2.6373832604002754 3.00735922991591 4.2
      vertex -2.4350457160348826 3.1734133611649407 4
    endloop
  endfacet
  facet normal -0.6835923020228711 0.7298640726978358 0
    outer loop
      vertex -2.6373832604002754 3.00735922991591 4
      vertex -2.8284271247461903 2.8284271247461903 4.2
      vertex -2.6373832604002754 3.00735922991591 4.2
    endloop
  endfacet
  facet normal -0.5824776968678017 0.8128466845916156 0
    outer loop
      vertex -2.4350457160348826 3.1734133611649407 4
      vertex -2.4350457160348826 3.1734133611649407 4.2
      vertex -2.2222809320784087 3.325878449210181 4
    endloop
  endfacet
  facet normal -0.6343932841636449 0.7730104533627374 0
    outer loop
      vertex -2.4350457160348826 3.1734133611649407 4
      vertex -2.6373832604002754 3.00735922991591 4.2
      vertex -2.4350457160348826 3.1734133611649407 4.2
    endloop
  endfacet
  facet normal -0.5824776968678017 0.8128466845916156 -4.6756912120458566e-17
    outer loop
      vertex -2.4350457160348826 3.1734133611649407 4.2
      vertex -2.2222809320784087 3.325878449210181 4.2
      vertex -2.2222809320784087 3.325878449210181 4
    endloop
  endfacet
  facet normal -0.5280678506503678 0.849202181526579 0
    outer loop
      vertex -2.2222809320784087 3.325878449210181 4
      vertex -2.2222809320784087 3.325878449210181 4.2
      vertex -2 3.4641016151377544 4
    endloop
  endfacet
  facet normal -0.5280678506503678 0.849202181526579 -1.3734010661835947e-17
    outer loop
      vertex -2.2222809320784087 3.325878449210181 4.2
      vertex -2 3.4641016151377544 4.2
      vertex -2 3.4641016151377544 4
    endloop
  endfacet
  facet normal -0.47139673682599775 0.8819212643483549 0
    outer loop
      vertex -2 3.4641016151377544 4
      vertex -2 3.4641016151377544 4.2
      vertex -1.7691547608760052 3.587490966130753 4
    endloop
  endfacet
  facet normal -0.41270702980439505 0.9108638249211757 0
    outer loop
      vertex -1.7691547608760052 3.587490966130753 4
      vertex -1.7691547608760052 3.587490966130753 4.2
      vertex -1.5307337294603591 3.695518130045147 4
    endloop
  endfacet
  facet normal -0.47139673682599775 0.8819212643483549 0
    outer loop
      vertex -1.7691547608760052 3.587490966130753 4
      vertex -2 3.4641016151377544 4.2
      vertex -1.7691547608760052 3.587490966130753 4.2
    endloop
  endfacet
  facet normal -0.35225004792123404 0.9359059267573255 0
    outer loop
      vertex -1.5307337294603591 3.695518130045147 4
      vertex -1.5307337294603591 3.695518130045147 4.2
      vertex -1.2857578612126463 3.7877205179804228 4
    endloop
  endfacet
  facet normal -0.41270702980439505 0.9108638249211757 0
    outer loop
      vertex -1.5307337294603591 3.695518130045147 4
      vertex -1.7691547608760052 3.587490966130753 4.2
      vertex -1.5307337294603591 3.695518130045147 4.2
    endloop
  endfacet
  facet normal -0.29028467725446233 0.9569403357322089 0
    outer loop
      vertex -1.2857578612126463 3.7877205179804228 4
      vertex -1.2857578612126463 3.7877205179804228 4.2
      vertex -1.035276180410083 3.8637033051562732 4
    endloop
  endfacet
  facet normal -0.35225004792123404 0.9359059267573255 0
    outer loop
      vertex -1.2857578612126463 3.7877205179804228 4
      vertex -1.5307337294603591 3.695518130045147 4.2
      vertex -1.2857578612126463 3.7877205179804228 4.2
    endloop
  endfacet
  facet normal -0.2270762630343726 0.9738769792773339 0
    outer loop
      vertex -1.035276180410083 3.8637033051562732 4
      vertex -1.035276180410083 3.8637033051562732 4.2
      vertex -0.780361288064513 3.9231411216129217 4
    endloop
  endfacet
  facet normal -0.29028467725446233 0.9569403357322089 1.27794065474552e-17
    outer loop
      vertex -1.2857578612126463 3.7877205179804228 4.2
      vertex -1.035276180410083 3.8637033051562732 4.2
      vertex -1.035276180410083 3.8637033051562732 4
    endloop
  endfacet
  facet normal -0.2270762630343726 0.9738769792773339 0
    outer loop
      vertex -0.780361288064513 3.9231411216129217 4
      vertex -1.035276180410083 3.8637033051562732 4.2
      vertex -0.780361288064513 3.9231411216129217 4.2
    endloop
  endfacet
  facet normal -0.1628954733945886 0.9866433320848791 0
    outer loop
      vertex -0.780361288064513 3.9231411216129217 4
      vertex -0.780361288064513 3.9231411216129217 4.2
      vertex -0.5221047688802063 3.9657794454952415 4
    endloop
  endfacet
  facet normal -0.1628954733945886 0.9866433320848791 0
    outer loop
      vertex -0.5221047688802063 3.9657794454952415 4
      vertex -0.780361288064513 3.9231411216129217 4.2
      vertex -0.5221047688802063 3.9657794454952415 4.2
    endloop
  endfacet
  facet normal -0.09801714032956065 0.9951847266721969 0
    outer loop
      vertex -0.5221047688802063 3.9657794454952415 4
      vertex -0.5221047688802063 3.9657794454952415 4.2
      vertex -0.26161251692057225 3.991435692954414 4
    endloop
  endfacet
  facet normal -0.09801714032956065 0.9951847266721969 0
    outer loop
      vertex -0.26161251692057225 3.991435692954414 4
      vertex -0.5221047688802063 3.9657794454952415 4.2
      vertex -0.26161251692057225 3.991435692954414 4.2
    endloop
  endfacet
  facet normal -0.03271908282177657 0.9994645874763657 0
    outer loop
      vertex -0.26161251692057225 3.991435692954414 4
      vertex -0.26161251692057225 3.991435692954414 4.2
      vertex 0 4 4
    endloop
  endfacet
  facet normal -0.03271908282177657 0.9994645874763657 6.256451929613793e-19
    outer loop
      vertex -0.26161251692057225 3.991435692954414 4.2
      vertex 0 4 4.2
      vertex 0 4 4
    endloop
  endfacet
  facet normal 0.03271908282177657 -0.9994645874763657 6.256451929613793e-19
    outer loop
      vertex 0 -4 4
      vertex 0.26161251692057225 -3.991435692954414 4
      vertex 0.26161251692057225 -3.991435692954414 4.2
    endloop
  endfacet
  facet normal 0.03271908282177657 -0.9994645874763657 0
    outer loop
      vertex 0 -4 4
      vertex 0.26161251692057225 -3.991435692954414 4.2
      vertex 0 -4 4.2
    endloop
  endfacet
  facet normal 0.09801714032956065 -0.9951847266721969 5.003720199214909e-18
    outer loop
      vertex 0.26161251692057225 -3.991435692954414 4
      vertex 0.5221047688802063 -3.9657794454952415 4
      vertex 0.5221047688802063 -3.9657794454952415 4.2
    endloop
  endfacet
  facet normal 0.09801714032956065 -0.9951847266721969 0
    outer loop
      vertex 0.26161251692057225 -3.991435692954414 4
      vertex 0.5221047688802063 -3.9657794454952415 4.2
      vertex 0.26161251692057225 -3.991435692954414 4.2
    endloop
  endfacet
  facet normal 0.1628954733945886 -0.9866433320848791 -7.214669943158128e-20
    outer loop
      vertex 0.5221047688802063 -3.9657794454952415 4
      vertex 0.780361288064513 -3.9231411216129217 4
      vertex 0.780361288064513 -3.9231411216129217 4.2
    endloop
  endfacet
  facet normal 0.1628954733945886 -0.9866433320848791 0
    outer loop
      vertex 0.5221047688802063 -3.9657794454952415 4
      vertex 0.780361288064513 -3.9231411216129217 4.2
      vertex 0.5221047688802063 -3.9657794454952415 4.2
    endloop
  endfacet
  facet normal 0.2270762630343726 -0.9738769792773339 -6.2975653892454275e-18
    outer loop
      vertex 0.780361288064513 -3.9231411216129217 4
      vertex 1.035276180410083 -3.8637033051562732 4
      vertex 1.035276180410083 -3.8637033051562732 4.2
    endloop
  endfacet
  facet normal 0.2270762630343726 -0.9738769792773339 0
    outer loop
      vertex 0.780361288064513 -3.9231411216129217 4
      vertex 1.035276180410083 -3.8637033051562732 4.2
      vertex 0.780361288064513 -3.9231411216129217 4.2
    endloop
  endfacet
  facet normal 0.29028467725446233 -0.9569403357322089 0
    outer loop
      vertex 1.035276180410083 -3.8637033051562732 4
      vertex 1.2857578612126463 -3.7877205179804228 4.2
      vertex 1.035276180410083 -3.8637033051562732 4.2
    endloop
  endfacet
  facet normal 0.29028467725446233 -0.9569403357322089 1.27794065474552e-17
    outer loop
      vertex 1.035276180410083 -3.8637033051562732 4
      vertex 1.2857578612126463 -3.7877205179804228 4
      vertex 1.2857578612126463 -3.7877205179804228 4.2
    endloop
  endfacet
  facet normal 0.35225004792123404 -0.9359059267573255 0
    outer loop
      vertex 1.2857578612126463 -3.7877205179804228 4
      vertex 1.5307337294603591 -3.695518130045147 4.2
      vertex 1.2857578612126463 -3.7877205179804228 4.2
    endloop
  endfacet
  facet normal 0.35225004792123404 -0.9359059267573255 -1.1290930178573065e-17
    outer loop
      vertex 1.2857578612126463 -3.7877205179804228 4
      vertex 1.5307337294603591 -3.695518130045147 4
      vertex 1.5307337294603591 -3.695518130045147 4.2
    endloop
  endfacet
  facet normal 0.41270702980439505 -0.9108638249211757 0
    outer loop
      vertex 1.5307337294603591 -3.695518130045147 4
      vertex 1.7691547608760052 -3.587490966130753 4.2
      vertex 1.5307337294603591 -3.695518130045147 4.2
    endloop
  endfacet
  facet normal 0.41270702980439505 -0.9108638249211757 -2.7171086495626872e-17
    outer loop
      vertex 1.5307337294603591 -3.695518130045147 4
      vertex 1.7691547608760052 -3.587490966130753 4
      vertex 1.7691547608760052 -3.587490966130753 4.2
    endloop
  endfacet
  facet normal 0.47139673682599775 -0.8819212643483549 -1.852721982810099e-17
    outer loop
      vertex 1.7691547608760052 -3.587490966130753 4
      vertex 2 -3.4641016151377544 4
      vertex 2 -3.4641016151377544 4.2
    endloop
  endfacet
  facet normal 0.47139673682599775 -0.8819212643483549 0
    outer loop
      vertex 1.7691547608760052 -3.587490966130753 4
      vertex 2 -3.4641016151377544 4.2
      vertex 1.7691547608760052 -3.587490966130753 4.2
    endloop
  endfacet
  facet normal 0.5280678506503678 -0.849202181526579 -1.3734010661835947e-17
    outer loop
      vertex 2 -3.4641016151377544 4
      vertex 2.2222809320784087 -3.325878449210181 4
      vertex 2.2222809320784087 -3.325878449210181 4.2
    endloop
  endfacet
  facet normal 0.5280678506503678 -0.849202181526579 0
    outer loop
      vertex 2 -3.4641016151377544 4
      vertex 2.2222809320784087 -3.325878449210181 4.2
      vertex 2 -3.4641016151377544 4.2
    endloop
  endfacet
  facet normal 0.5824776968678017 -0.8128466845916156 -4.6756912120458566e-17
    outer loop
      vertex 2.2222809320784087 -3.325878449210181 4
      vertex 2.4350457160348826 -3.1734133611649407 4
      vertex 2.4350457160348826 -3.1734133611649407 4.2
    endloop
  endfacet
  facet normal 0.5824776968678017 -0.8128466845916156 0
    outer loop
      vertex 2.2222809320784087 -3.325878449210181 4
      vertex 2.4350457160348826 -3.1734133611649407 4.2
      vertex 2.2222809320784087 -3.325878449210181 4.2
    endloop
  endfacet
  facet normal 0.6343932841636449 -0.7730104533627374 0
    outer loop
      vertex 2.4350457160348826 -3.1734133611649407 4
      vertex 2.6373832604002754 -3.00735922991591 4.2
      vertex 2.4350457160348826 -3.1734133611649407 4.2
    endloop
  endfacet
  facet normal 0.6343932841636449 -0.7730104533627374 3.7621398258687286e-17
    outer loop
      vertex 2.4350457160348826 -3.1734133611649407 4
      vertex 2.6373832604002754 -3.00735922991591 4
      vertex 2.6373832604002754 -3.00735922991591 4.2
    endloop
  endfacet
  facet normal 0.6835923020228711 -0.7298640726978358 6.055075735470111e-17
    outer loop
      vertex 2.6373832604002754 -3.00735922991591 4
      vertex 2.8284271247461903 -2.8284271247461903 4
      vertex 2.8284271247461903 -2.8284271247461903 4.2
    endloop
  endfacet
  facet normal 0.6835923020228711 -0.7298640726978358 0
    outer loop
      vertex 2.6373832604002754 -3.00735922991591 4
      vertex 2.8284271247461903 -2.8284271247461903 4.2
      vertex 2.6373832604002754 -3.00735922991591 4.2
    endloop
  endfacet
  facet normal 0.7298640726978358 -0.6835923020228711 0
    outer loop
      vertex 2.8284271247461903 -2.8284271247461903 4
      vertex 3.00735922991591 -2.6373832604002754 4
      vertex 2.8284271247461903 -2.8284271247461903 4.2
    endloop
  endfacet
  facet normal 0.7730104533627374 -0.6343932841636449 0
    outer loop
      vertex 3.00735922991591 -2.6373832604002754 4
      vertex 3.1734133611649407 -2.4350457160348826 4
      vertex 3.00735922991591 -2.6373832604002754 4.2
    endloop
  endfacet
  facet normal 0.7298640726978358 -0.6835923020228711 0
    outer loop
      vertex 3.00735922991591 -2.6373832604002754 4
      vertex 3.00735922991591 -2.6373832604002754 4.2
      vertex 2.8284271247461903 -2.8284271247461903 4.2
    endloop
  endfacet
  facet normal 0.8128466845916156 -0.5824776968678017 0
    outer loop
      vertex 3.1734133611649407 -2.4350457160348826 4
      vertex 3.325878449210181 -2.2222809320784087 4
      vertex 3.1734133611649407 -2.4350457160348826 4.2
    endloop
  endfacet
  facet normal 0.7730104533627374 -0.6343932841636449 0
    outer loop
      vertex 3.1734133611649407 -2.4350457160348826 4
      vertex 3.1734133611649407 -2.4350457160348826 4.2
      vertex 3.00735922991591 -2.6373832604002754 4.2
    endloop
  endfacet
  facet normal 0.8128466845916156 -0.5824776968678017 -4.6756912120458566e-17
    outer loop
      vertex 3.1734133611649407 -2.4350457160348826 4.2
      vertex 3.325878449210181 -2.2222809320784087 4
      vertex 3.325878449210181 -2.2222809320784087 4.2
    endloop
  endfacet
  facet normal 0.849202181526579 -0.5280678506503678 0
    outer loop
      vertex 3.325878449210181 -2.2222809320784087 4
      vertex 3.4641016151377544 -2 4
      vertex 3.325878449210181 -2.2222809320784087 4.2
    endloop
  endfacet
  facet normal 0.849202181526579 -0.5280678506503678 -1.3734010661835947e-17
    outer loop
      vertex 3.325878449210181 -2.2222809320784087 4.2
      vertex 3.4641016151377544 -2 4
      vertex 3.4641016151377544 -2 4.2
    endloop
  endfacet
  facet normal 0.8819212643483549 -0.47139673682599775 0
    outer loop
      vertex 3.4641016151377544 -2 4
      vertex 3.587490966130753 -1.7691547608760052 4
      vertex 3.4641016151377544 -2 4.2
    endloop
  endfacet
  facet normal 0.9108638249211757 -0.41270702980439505 0
    outer loop
      vertex 3.587490966130753 -1.7691547608760052 4
      vertex 3.695518130045147 -1.5307337294603591 4
      vertex 3.587490966130753 -1.7691547608760052 4.2
    endloop
  endfacet
  facet normal 0.8819212643483549 -0.47139673682599775 0
    outer loop
      vertex 3.587490966130753 -1.7691547608760052 4
      vertex 3.587490966130753 -1.7691547608760052 4.2
      vertex 3.4641016151377544 -2 4.2
    endloop
  endfacet
  facet normal 0.9359059267573255 -0.35225004792123404 0
    outer loop
      vertex 3.695518130045147 -1.5307337294603591 4
      vertex 3.7877205179804228 -1.2857578612126463 4
      vertex 3.695518130045147 -1.5307337294603591 4.2
    endloop
  endfacet
  facet normal 0.9108638249211757 -0.41270702980439505 0
    outer loop
      vertex 3.695518130045147 -1.5307337294603591 4
      vertex 3.695518130045147 -1.5307337294603591 4.2
      vertex 3.587490966130753 -1.7691547608760052 4.2
    endloop
  endfacet
  facet normal 0.9569403357322089 -0.29028467725446233 0
    outer loop
      vertex 3.7877205179804228 -1.2857578612126463 4
      vertex 3.8637033051562732 -1.035276180410083 4
      vertex 3.7877205179804228 -1.2857578612126463 4.2
    endloop
  endfacet
  facet normal 0.9359059267573255 -0.35225004792123404 0
    outer loop
      vertex 3.7877205179804228 -1.2857578612126463 4
      vertex 3.7877205179804228 -1.2857578612126463 4.2
      vertex 3.695518130045147 -1.5307337294603591 4.2
    endloop
  endfacet
  facet normal 0.9569403357322089 -0.29028467725446233 1.27794065474552e-17
    outer loop
      vertex 3.7877205179804228 -1.2857578612126463 4.2
      vertex 3.8637033051562732 -1.035276180410083 4
      vertex 3.8637033051562732 -1.035276180410083 4.2
    endloop
  endfacet
  facet normal 0.9738769792773339 -0.2270762630343726 0
    outer loop
      vertex 3.8637033051562732 -1.035276180410083 4
      vertex 3.9231411216129217 -0.780361288064513 4
      vertex 3.8637033051562732 -1.035276180410083 4.2
    endloop
  endfacet
  facet normal 0.9738769792773339 -0.2270762630343726 0
    outer loop
      vertex 3.9231411216129217 -0.780361288064513 4
      vertex 3.9231411216129217 -0.780361288064513 4.2
      vertex 3.8637033051562732 -1.035276180410083 4.2
    endloop
  endfacet
  facet normal 0.9866433320848791 -0.1628954733945886 0
    outer loop
      vertex 3.9231411216129217 -0.780361288064513 4
      vertex 3.9657794454952415 -0.5221047688802063 4
      vertex 3.9231411216129217 -0.780361288064513 4.2
    endloop
  endfacet
  facet normal 0.9866433320848791 -0.1628954733945886 0
    outer loop
      vertex 3.9657794454952415 -0.5221047688802063 4
      vertex 3.9657794454952415 -0.5221047688802063 4.2
      vertex 3.9231411216129217 -0.780361288064513 4.2
    endloop
  endfacet
  facet normal 0.9951847266721969 -0.09801714032956065 0
    outer loop
      vertex 3.9657794454952415 -0.5221047688802063 4
      vertex 3.991435692954414 -0.26161251692057225 4
      vertex 3.9657794454952415 -0.5221047688802063 4.2
    endloop
  endfacet
  facet normal 0.9951847266721969 -0.09801714032956065 0
    outer loop
      vertex 3.991435692954414 -0.26161251692057225 4
      vertex 3.991435692954414 -0.26161251692057225 4.2
      vertex 3.9657794454952415 -0.5221047688802063 4.2
    endloop
  endfacet
  facet normal 0.9994645874763657 -0.03271908282177657 0
    outer loop
      vertex 3.991435692954414 -0.26161251692057225 4
      vertex 4 0 4
      vertex 3.991435692954414 -0.26161251692057225 4.2
    endloop
  endfacet
  facet normal 0.9994645874763657 -0.03271908282177657 6.256451929613793e-19
    outer loop
      vertex 3.991435692954414 -0.26161251692057225 4.2
      vertex 4 0 4
      vertex 4 0 4.2
    endloop
  endfacet
  facet normal 0.03271908282177657 0.9994645874763657 0
    outer loop
      vertex 0 4 4
      vertex 0 4 4.2
      vertex 0.26161251692057225 3.991435692954414 4
    endloop
  endfacet
  facet normal 0.03271908282177657 0.9994645874763657 0
    outer loop
      vertex 0.26161251692057225 3.991435692954414 4
      vertex 0 4 4.2
      vertex 0.26161251692057225 3.991435692954414 4.2
    endloop
  endfacet
  facet normal 0.09801714032956065 0.9951847266721969 0
    outer loop
      vertex 0.26161251692057225 3.991435692954414 4
      vertex 0.26161251692057225 3.991435692954414 4.2
      vertex 0.5221047688802063 3.9657794454952415 4
    endloop
  endfacet
  facet normal 0.09801714032956065 0.9951847266721969 0
    outer loop
      vertex 0.5221047688802063 3.9657794454952415 4
      vertex 0.26161251692057225 3.991435692954414 4.2
      vertex 0.5221047688802063 3.9657794454952415 4.2
    endloop
  endfacet
  facet normal 0.2270762630343726 0.9738769792773339 6.2975653892454275e-18
    outer loop
      vertex 1.035276180410083 3.8637033051562732 4
      vertex 0.780361288064513 3.9231411216129217 4
      vertex 0.780361288064513 3.9231411216129217 4.2
    endloop
  endfacet
  facet normal 0.29028467725446233 0.9569403357322089 0
    outer loop
      vertex 1.035276180410083 3.8637033051562732 4
      vertex 1.035276180410083 3.8637033051562732 4.2
      vertex 1.2857578612126463 3.7877205179804228 4
    endloop
  endfacet
  facet normal 0.2270762630343726 0.9738769792773339 0
    outer loop
      vertex 1.035276180410083 3.8637033051562732 4
      vertex 0.780361288064513 3.9231411216129217 4.2
      vertex 1.035276180410083 3.8637033051562732 4.2
    endloop
  endfacet
  facet normal 0.1628954733945886 0.9866433320848791 0
    outer loop
      vertex 0.5221047688802063 3.9657794454952415 4
      vertex 0.5221047688802063 3.9657794454952415 4.2
      vertex 0.780361288064513 3.9231411216129217 4
    endloop
  endfacet
  facet normal 0.1628954733945886 0.9866433320848791 0
    outer loop
      vertex 0.780361288064513 3.9231411216129217 4
      vertex 0.5221047688802063 3.9657794454952415 4.2
      vertex 0.780361288064513 3.9231411216129217 4.2
    endloop
  endfacet
  facet normal 0.35225004792123404 0.9359059267573255 0
    outer loop
      vertex 1.2857578612126463 3.7877205179804228 4
      vertex 1.2857578612126463 3.7877205179804228 4.2
      vertex 1.5307337294603591 3.695518130045147 4
    endloop
  endfacet
  facet normal 0.29028467725446233 0.9569403357322089 -1.27794065474552e-17
    outer loop
      vertex 1.035276180410083 3.8637033051562732 4.2
      vertex 1.2857578612126463 3.7877205179804228 4.2
      vertex 1.2857578612126463 3.7877205179804228 4
    endloop
  endfacet
  facet normal 0.41270702980439505 0.9108638249211757 0
    outer loop
      vertex 1.5307337294603591 3.695518130045147 4
      vertex 1.5307337294603591 3.695518130045147 4.2
      vertex 1.7691547608760052 3.587490966130753 4
    endloop
  endfacet
  facet normal 0.35225004792123404 0.9359059267573255 0
    outer loop
      vertex 1.5307337294603591 3.695518130045147 4
      vertex 1.2857578612126463 3.7877205179804228 4.2
      vertex 1.5307337294603591 3.695518130045147 4.2
    endloop
  endfacet
  facet normal 0.47139673682599775 0.8819212643483549 0
    outer loop
      vertex 1.7691547608760052 3.587490966130753 4
      vertex 1.7691547608760052 3.587490966130753 4.2
      vertex 2 3.4641016151377544 4
    endloop
  endfacet
  facet normal 0.41270702980439505 0.9108638249211757 0
    outer loop
      vertex 1.7691547608760052 3.587490966130753 4
      vertex 1.5307337294603591 3.695518130045147 4.2
      vertex 1.7691547608760052 3.587490966130753 4.2
    endloop
  endfacet
  facet normal 0.47139673682599775 0.8819212643483549 0
    outer loop
      vertex 2 3.4641016151377544 4
      vertex 1.7691547608760052 3.587490966130753 4.2
      vertex 2 3.4641016151377544 4.2
    endloop
  endfacet
  facet normal 0.5280678506503678 0.849202181526579 1.3734010661835947e-17
    outer loop
      vertex 2.2222809320784087 3.325878449210181 4
      vertex 2 3.4641016151377544 4
      vertex 2 3.4641016151377544 4.2
    endloop
  endfacet
  facet normal 0.5280678506503678 0.849202181526579 0
    outer loop
      vertex 2.2222809320784087 3.325878449210181 4
      vertex 2 3.4641016151377544 4.2
      vertex 2.2222809320784087 3.325878449210181 4.2
    endloop
  endfacet
  facet normal 0.849202181526579 0.5280678506503678 0
    outer loop
      vertex 3.325878449210181 2.2222809320784087 4
      vertex 3.325878449210181 2.2222809320784087 4.2
      vertex 3.4641016151377544 2 4.2
    endloop
  endfacet
  facet normal 0.9738769792773339 0.2270762630343726 0
    outer loop
      vertex 3.9231411216129217 0.780361288064513 4
      vertex 3.8637033051562732 1.035276180410083 4
      vertex 3.9231411216129217 0.780361288064513 4.2
    endloop
  endfacet
  facet normal 0.9738769792773339 0.2270762630343726 0
    outer loop
      vertex 3.8637033051562732 1.035276180410083 4
      vertex 3.8637033051562732 1.035276180410083 4.2
      vertex 3.9231411216129217 0.780361288064513 4.2
    endloop
  endfacet
  facet normal 0.9994645874763657 0.03271908282177657 0
    outer loop
      vertex 4 0 4
      vertex 3.991435692954414 0.26161251692057225 4
      vertex 4 0 4.2
    endloop
  endfacet
  facet normal 0.9994645874763657 0.03271908282177657 0
    outer loop
      vertex 3.991435692954414 0.26161251692057225 4
      vertex 3.991435692954414 0.26161251692057225 4.2
      vertex 4 0 4.2
    endloop
  endfacet
  facet normal 0.9951847266721969 0.09801714032956065 0
    outer loop
      vertex 3.991435692954414 0.26161251692057225 4
      vertex 3.9657794454952415 0.5221047688802063 4
      vertex 3.991435692954414 0.26161251692057225 4.2
    endloop
  endfacet
  facet normal 0.9951847266721969 0.09801714032956065 0
    outer loop
      vertex 3.9657794454952415 0.5221047688802063 4
      vertex 3.9657794454952415 0.5221047688802063 4.2
      vertex 3.991435692954414 0.26161251692057225 4.2
    endloop
  endfacet
  facet normal 0.9866433320848791 0.1628954733945886 7.214669943158128e-20
    outer loop
      vertex 3.9231411216129217 0.780361288064513 4
      vertex 3.9657794454952415 0.5221047688802063 4.2
      vertex 3.9657794454952415 0.5221047688802063 4
    endloop
  endfacet
  facet normal 0.9866433320848791 0.1628954733945886 0
    outer loop
      vertex 3.9231411216129217 0.780361288064513 4
      vertex 3.9231411216129217 0.780361288064513 4.2
      vertex 3.9657794454952415 0.5221047688802063 4.2
    endloop
  endfacet
  facet normal 0.9359059267573255 0.35225004792123404 0
    outer loop
      vertex 3.7877205179804228 1.2857578612126463 4
      vertex 3.695518130045147 1.5307337294603591 4
      vertex 3.7877205179804228 1.2857578612126463 4.2
    endloop
  endfacet
  facet normal 0.9569403357322089 0.29028467725446233 0
    outer loop
      vertex 3.8637033051562732 1.035276180410083 4
      vertex 3.7877205179804228 1.2857578612126463 4
      vertex 3.8637033051562732 1.035276180410083 4.2
    endloop
  endfacet
  facet normal 0.9569403357322089 0.29028467725446233 -1.27794065474552e-17
    outer loop
      vertex 3.8637033051562732 1.035276180410083 4.2
      vertex 3.7877205179804228 1.2857578612126463 4
      vertex 3.7877205179804228 1.2857578612126463 4.2
    endloop
  endfacet
  facet normal 0.9108638249211757 0.41270702980439505 0
    outer loop
      vertex 3.695518130045147 1.5307337294603591 4
      vertex 3.587490966130753 1.7691547608760052 4
      vertex 3.695518130045147 1.5307337294603591 4.2
    endloop
  endfacet
  facet normal 0.9359059267573255 0.35225004792123404 0
    outer loop
      vertex 3.695518130045147 1.5307337294603591 4
      vertex 3.695518130045147 1.5307337294603591 4.2
      vertex 3.7877205179804228 1.2857578612126463 4.2
    endloop
  endfacet
  facet normal 0.8819212643483549 0.47139673682599775 0
    outer loop
      vertex 3.587490966130753 1.7691547608760052 4
      vertex 3.4641016151377544 2 4
      vertex 3.587490966130753 1.7691547608760052 4.2
    endloop
  endfacet
  facet normal 0.8819212643483549 0.47139673682599775 0
    outer loop
      vertex 3.4641016151377544 2 4
      vertex 3.4641016151377544 2 4.2
      vertex 3.587490966130753 1.7691547608760052 4.2
    endloop
  endfacet
  facet normal 0.9108638249211757 0.41270702980439505 0
    outer loop
      vertex 3.587490966130753 1.7691547608760052 4
      vertex 3.587490966130753 1.7691547608760052 4.2
      vertex 3.695518130045147 1.5307337294603591 4.2
    endloop
  endfacet
  facet normal 0.849202181526579 0.5280678506503678 1.3734010661835947e-17
    outer loop
      vertex 3.325878449210181 2.2222809320784087 4
      vertex 3.4641016151377544 2 4.2
      vertex 3.4641016151377544 2 4
    endloop
  endfacet
  facet normal 0.5824776968678017 0.8128466845916156 0
    outer loop
      vertex 2.2222809320784087 3.325878449210181 4
      vertex 2.2222809320784087 3.325878449210181 4.2
      vertex 2.4350457160348826 3.1734133611649407 4
    endloop
  endfacet
  facet normal 0.6343932841636449 0.7730104533627374 0
    outer loop
      vertex 2.4350457160348826 3.1734133611649407 4
      vertex 2.4350457160348826 3.1734133611649407 4.2
      vertex 2.6373832604002754 3.00735922991591 4
    endloop
  endfacet
  facet normal 0.5824776968678017 0.8128466845916156 4.6756912120458566e-17
    outer loop
      vertex 2.2222809320784087 3.325878449210181 4.2
      vertex 2.4350457160348826 3.1734133611649407 4.2
      vertex 2.4350457160348826 3.1734133611649407 4
    endloop
  endfacet
  facet normal 0.6835923020228711 0.7298640726978358 0
    outer loop
      vertex 2.6373832604002754 3.00735922991591 4
      vertex 2.6373832604002754 3.00735922991591 4.2
      vertex 2.8284271247461903 2.8284271247461903 4
    endloop
  endfacet
  facet normal 0.6343932841636449 0.7730104533627374 0
    outer loop
      vertex 2.6373832604002754 3.00735922991591 4
      vertex 2.4350457160348826 3.1734133611649407 4.2
      vertex 2.6373832604002754 3.00735922991591 4.2
    endloop
  endfacet
  facet normal 0.6835923020228711 0.7298640726978358 0
    outer loop
      vertex 2.8284271247461903 2.8284271247461903 4
      vertex 2.6373832604002754 3.00735922991591 4.2
      vertex 2.8284271247461903 2.8284271247461903 4.2
    endloop
  endfacet
  facet normal 0.7298640726978358 0.6835923020228711 0
    outer loop
      vertex 3.00735922991591 2.6373832604002754 4
      vertex 2.8284271247461903 2.8284271247461903 4
      vertex 3.00735922991591 2.6373832604002754 4.2
    endloop
  endfacet
  facet normal 0.7298640726978358 0.6835923020228711 0
    outer loop
      vertex 2.8284271247461903 2.8284271247461903 4
      vertex 2.8284271247461903 2.8284271247461903 4.2
      vertex 3.00735922991591 2.6373832604002754 4.2
    endloop
  endfacet
  facet normal 0.7730104533627374 0.6343932841636449 0
    outer loop
      vertex 3.00735922991591 2.6373832604002754 4
      vertex 3.00735922991591 2.6373832604002754 4.2
      vertex 3.1734133611649407 2.4350457160348826 4.2
    endloop
  endfacet
  facet normal 0.7730104533627374 0.6343932841636449 -3.7621398258687286e-17
    outer loop
      vertex 3.00735922991591 2.6373832604002754 4
      vertex 3.1734133611649407 2.4350457160348826 4.2
      vertex 3.1734133611649407 2.4350457160348826 4
    endloop
  endfacet
  facet normal 0.8128466845916156 0.5824776968678017 0
    outer loop
      vertex 3.325878449210181 2.2222809320784087 4
      vertex 3.1734133611649407 2.4350457160348826 4
      vertex 3.325878449210181 2.2222809320784087 4.2
    endloop
  endfacet
  facet normal 0.8128466845916156 0.5824776968678017 4.6756912120458566e-17
    outer loop
      vertex 3.325878449210181 2.2222809320784087 4.2
      vertex 3.1734133611649407 2.4350457160348826 4
      vertex 3.1734133611649407 2.4350457160348826 4.2
    endloop
  endfacet
  facet normal 0 0 -1
    outer loop
      vertex -9.217000596225262 -3.179528273642063 4.2
      vertex -9.472817078232765 -2.3082973435521126 4.2
      vertex -8.551219537854195 -3.3550517484545708 4.2
    endloop
  endfacet
  facet normal 0 0 -1
    outer loop
      vertex -9.472817078232765 -2.3082973435521126 4.2
      vertex -9.007621563971043 -1.8006891831755638 4.2
      vertex -8.551219537854195 -3.3550517484545708 4.2
    endloop
  endfacet
  facet normal -0.9594929737735437 -0.28173255629976746 0
    outer loop
      vertex -9.217000596225262 -3.179528273642063 4.2
      vertex -9.472817078232765 -2.3082973435521126 6.800000000000001
      vertex -9.472817078232765 -2.3082973435521126 4.2
    endloop
  endfacet
  facet normal -0.7372351362016846 0.6756362586108619 0
    outer loop
      vertex -9.472817078232765 -2.3082973435521126 4.2
      vertex -9.007621563971043 -1.8006891831755638 6.800000000000001
      vertex -9.007621563971043 -1.8006891831755638 4.2
    endloop
  endfacet
  facet normal -0.9594929737735437 -0.28173255629976746 0
    outer loop
      vertex -9.217000596225262 -3.179528273642063 4.2
      vertex -9.217000596225262 -3.179528273642063 6.800000000000001
      vertex -9.472817078232765 -2.3082973435521126 6.800000000000001
    endloop
  endfacet
  facet normal -0.7372351362016846 0.6756362586108619 0
    outer loop
      vertex -9.472817078232765 -2.3082973435521126 4.2
      vertex -9.472817078232765 -2.3082973435521126 6.800000000000001
      vertex -9.007621563971043 -1.8006891831755638 6.800000000000001
    endloop
  endfacet
  facet normal 0 0 1
    outer loop
      vertex -9.217000596225262 -3.179528273642063 6.800000000000001
      vertex -8.551219537854195 -3.3550517484545708 6.800000000000001
      vertex -9.472817078232765 -2.3082973435521126 6.800000000000001
    endloop
  endfacet
  facet normal 0 0 1
    outer loop
      vertex -9.472817078232765 -2.3082973435521126 6.800000000000001
      vertex -8.551219537854195 -3.3550517484545708 6.800000000000001
      vertex -9.007621563971043 -1.8006891831755638 6.800000000000001
    endloop
  endfacet
  facet normal 0 0 -1
    outer loop
      vertex -1.8354493156075478 -9.575678870081902 4.2
      vertex -2.103936731815338 -8.941654093563557 4.2
      vertex -0.9366797730326653 -9.704902417957783 4.2
    endloop
  endfacet
  facet normal 0 0 -1
    outer loop
      vertex -0.9366797730326653 -9.704902417957783 4.2
      vertex -2.103936731815338 -8.941654093563557 4.2
      vertex -0.5004425570368767 -9.172201752662659 4.2
    endloop
  endfacet
  facet normal -0.9208389058442618 -0.38994321315230357 0
    outer loop
      vertex -1.8354493156075478 -9.575678870081902 4.2
      vertex -2.103936731815338 -8.941654093563557 6.800000000000001
      vertex -2.103936731815338 -8.941654093563557 4.2
    endloop
  endfacet
  facet normal -0.14231483433473605 -0.9898214424472106 0
    outer loop
      vertex -1.8354493156075478 -9.575678870081902 4.2
      vertex -0.9366797730326653 -9.704902417957783 4.2
      vertex -1.8354493156075478 -9.575678870081902 6.800000000000001
    endloop
  endfacet
  facet normal 0.7736787539238603 -0.6335780817916784 0
    outer loop
      vertex -0.9366797730326653 -9.704902417957783 4.2
      vertex -0.5004425570368767 -9.172201752662659 4.2
      vertex -0.9366797730326653 -9.704902417957783 6.800000000000001
    endloop
  endfacet
  facet normal 0.8475313540332315 -0.5307453286940894 0
    outer loop
      vertex -0.5004425570368767 -9.172201752662659 4.2
      vertex -0.20145096629858017 -8.694751016795635 4.2
      vertex -0.5004425570368767 -9.172201752662659 6.800000000000001
    endloop
  endfacet
  facet normal -0.9208389058442618 -0.38994321315230357 0
    outer loop
      vertex -1.8354493156075478 -9.575678870081902 4.2
      vertex -1.8354493156075478 -9.575678870081902 6.800000000000001
      vertex -2.103936731815338 -8.941654093563557 6.800000000000001
    endloop
  endfacet
  facet normal -0.14231483433473605 -0.9898214424472106 0
    outer loop
      vertex -0.9366797730326653 -9.704902417957783 4.2
      vertex -0.9366797730326653 -9.704902417957783 6.800000000000001
      vertex -1.8354493156075478 -9.575678870081902 6.800000000000001
    endloop
  endfacet
  facet normal 0.7736787539238603 -0.6335780817916784 0
    outer loop
      vertex -0.5004425570368767 -9.172201752662659 4.2
      vertex -0.5004425570368767 -9.172201752662659 6.800000000000001
      vertex -0.9366797730326653 -9.704902417957783 6.800000000000001
    endloop
  endfacet
  facet normal 0 0 1
    outer loop
      vertex -1.8354493156075478 -9.575678870081902 6.800000000000001
      vertex -0.9366797730326653 -9.704902417957783 6.800000000000001
      vertex -2.103936731815338 -8.941654093563557 6.800000000000001
    endloop
  endfacet
  facet normal 0 0 1
    outer loop
      vertex -0.9366797730326653 -9.704902417957783 6.800000000000001
      vertex -0.5004425570368767 -9.172201752662659 6.800000000000001
      vertex -2.103936731815338 -8.941654093563557 6.800000000000001
    endloop
  endfacet
  facet normal 0 0 -1
    outer loop
      vertex -6.72108107060194 -7.063254863023758 4.2
      vertex -6.604167394340038 -6.384724020957947 4.2
      vertex -5.379865720868111 -7.445587456226349 4.2
    endloop
  endfacet
  facet normal 0 0 -1
    outer loop
      vertex -6.72108107060194 -7.063254863023758 4.2
      vertex -5.379865720868111 -7.445587456226349 4.2
      vertex -6.034851543605328 -7.657876133918762 4.2
    endloop
  endfacet
  facet normal 0 0 -1
    outer loop
      vertex -5.379865720868111 -7.445587456226349 4.2
      vertex -6.439132049679756 -5.846097514033318 4.2
      vertex -4.870208635926247 -7.2055773958563805 4.2
    endloop
  endfacet
  facet normal 0 0 -1
    outer loop
      vertex -5.379865720868111 -7.445587456226349 4.2
      vertex -6.604167394340038 -6.384724020957947 4.2
      vertex -6.439132049679756 -5.846097514033318 4.2
    endloop
  endfacet
  facet normal 0 0 -1
    outer loop
      vertex -4.50051386654377 -6.970403499901295 4.2
      vertex -6.439132049679756 -5.846097514033318 4.2
      vertex -6.258964940905571 -5.446696974337101 4.2
    endloop
  endfacet
  facet normal 0 0 -1
    outer loop
      vertex -4.870208635926247 -7.2055773958563805 4.2
      vertex -6.439132049679756 -5.846097514033318 4.2
      vertex -4.50051386654377 -6.970403499901295 4.2
    endloop
  endfacet
  facet normal 0 0 -1
    outer loop
      vertex -6.258964940905571 -5.446696974337101 4.2
      vertex -6.095467507839203 -5.179828204214573 4.2
      vertex -4.259629555046558 -6.770590849220753 4.2
    endloop
  endfacet
  facet normal 0 0 -1
    outer loop
      vertex -6.095467507839203 -5.179828204214573 4.2
      vertex -5.978273324668407 -5.033101342618465 4.2
      vertex -4.259629555046558 -6.770590849220753 4.2
    endloop
  endfacet
  facet normal 0 0 -1
    outer loop
      vertex -5.978273324668407 -5.033101342618465 4.2
      vertex -5.933934263885021 -4.9889000952243805 4.2
      vertex -4.259629555046558 -6.770590849220753 4.2
    endloop
  endfacet
  facet normal 0 0 -1
    outer loop
      vertex -4.50051386654377 -6.970403499901295 4.2
      vertex -6.258964940905571 -5.446696974337101 4.2
      vertex -4.259629555046558 -6.770590849220753 4.2
    endloop
  endfacet
  facet normal 0 0 -1
    outer loop
      vertex -5.933934263885021 -4.9889000952243805 4.2
      vertex -4.131074622273445 -6.633708126842976 4.2
      vertex -4.259629555046558 -6.770590849220753 4.2
    endloop
  endfacet
  facet normal 0 0 -1
    outer loop
      vertex -5.933934263885021 -4.9889000952243805 4.2
      vertex -4.0936333909630775 -6.5835298746824265 4.2
      vertex -4.131074622273445 -6.633708126842976 4.2
    endloop
  endfacet
  facet normal 0 0 -1
    outer loop
      vertex -5.933934263885021 -4.9889000952243805 4.2
      vertex -4.8773190304636955 -4.100560657680035 4.2
      vertex -4.0936333909630775 -6.5835298746824265 4.2
    endloop
  endfacet
  facet normal -0.6548607345087275 -0.7557495738660328 0
    outer loop
      vertex -6.72108107060194 -7.063254863023758 4.2
      vertex -6.034851543605328 -7.657876133918762 4.2
      vertex -6.72108107060194 -7.063254863023758 6.800000000000001
    endloop
  endfacet
  facet normal 0.3083218208060539 -0.9512821110558316 0
    outer loop
      vertex -6.034851543605328 -7.657876133918762 4.2
      vertex -5.379865720868111 -7.445587456226349 4.2
      vertex -6.034851543605328 -7.657876133918762 6.800000000000001
    endloop
  endfacet
  facet normal 0.42604615972314896 -0.9047014257671738 0
    outer loop
      vertex -5.379865720868111 -7.445587456226349 4.2
      vertex -4.870208635926247 -7.2055773958563805 4.2
      vertex -5.379865720868111 -7.445587456226349 6.800000000000001
    endloop
  endfacet
  facet normal 0.5367351127371667 -0.8437508037062964 0
    outer loop
      vertex -4.870208635926247 -7.2055773958563805 4.2
      vertex -4.50051386654377 -6.970403499901295 4.2
      vertex -4.870208635926247 -7.2055773958563805 6.800000000000001
    endloop
  endfacet
  facet normal -0.9854782027255352 0.16980197864821486 0
    outer loop
      vertex -6.72108107060194 -7.063254863023758 4.2
      vertex -6.604167394340038 -6.384724020957947 6.800000000000001
      vertex -6.604167394340038 -6.384724020957947 4.2
    endloop
  endfacet
  facet normal -0.9561255574366788 0.29295719553614 0
    outer loop
      vertex -6.604167394340038 -6.384724020957947 4.2
      vertex -6.439132049679756 -5.846097514033318 6.800000000000001
      vertex -6.439132049679756 -5.846097514033318 4.2
    endloop
  endfacet
  facet normal -0.911548009982677 0.4111936593584846 0
    outer loop
      vertex -6.439132049679756 -5.846097514033318 4.2
      vertex -6.258964940905571 -5.446696974337101 6.800000000000001
      vertex -6.258964940905571 -5.446696974337101 4.2
    endloop
  endfacet
  facet normal -0.8526970405296619 0.5224057398918548 0
    outer loop
      vertex -6.258964940905571 -5.446696974337101 4.2
      vertex -6.095467507839203 -5.179828204214573 6.800000000000001
      vertex -6.095467507839203 -5.179828204214573 4.2
    endloop
  endfacet
  facet normal -0.7813551331607902 0.6240866573507913 0
    outer loop
      vertex -6.095467507839203 -5.179828204214573 4.2
      vertex -5.978273324668407 -5.033101342618465 6.800000000000001
      vertex -5.978273324668407 -5.033101342618465 4.2
    endloop
  endfacet
  facet normal -0.7060053110688935 0.7082065381952606 0
    outer loop
      vertex -5.978273324668407 -5.033101342618465 4.2
      vertex -5.933934263885021 -4.9889000952243805 6.800000000000001
      vertex -5.933934263885021 -4.9889000952243805 4.2
    endloop
  endfacet
  facet normal 0 0 -1
    outer loop
      vertex -9.007621563971043 -1.8006891831755638 4.2
      vertex -7.992709472775459 -3.428683862090111 4.2
      vertex -8.551219537854195 -3.3550517484545708 4.2
    endloop
  endfacet
  facet normal 0 0 -1
    outer loop
      vertex -7.992709472775459 -3.428683862090111 4.2
      vertex -8.210083067417145 -1.1982011497020721 4.2
      vertex -7.554557837545872 -3.430715076625347 4.2
    endloop
  endfacet
  facet normal 0 0 -1
    outer loop
      vertex -7.554557837545872 -3.430715076625347 4.2
      vertex -8.210083067417145 -1.1982011497020721 4.2
      vertex -7.2438861802220345 -3.392853870987892 4.2
    endloop
  endfacet
  facet normal 0 0 -1
    outer loop
      vertex -7.2438861802220345 -3.392853870987892 4.2
      vertex -7.9282601326704025 -1.062090240418911 4.2
      vertex -7.06173450499773 -3.3472028374671936 4.2
    endloop
  endfacet
  facet normal 0 0 -1
    outer loop
      vertex -7.06173450499773 -3.3472028374671936 4.2
      vertex -7.9282601326704025 -1.062090240418911 4.2
      vertex -7.003108531236649 -3.3252324610948563 4.2
    endloop
  endfacet
  facet normal 0 0 -1
    outer loop
      vertex -9.007621563971043 -1.8006891831755638 4.2
      vertex -8.577581524848938 -1.436792567372322 4.2
      vertex -7.992709472775459 -3.428683862090111 4.2
    endloop
  endfacet
  facet normal 0 0 -1
    outer loop
      vertex -7.992709472775459 -3.428683862090111 4.2
      vertex -8.577581524848938 -1.436792567372322 4.2
      vertex -8.210083067417145 -1.1982011497020721 4.2
    endloop
  endfacet
  facet normal 0 0 -1
    outer loop
      vertex -7.2438861802220345 -3.392853870987892 4.2
      vertex -8.210083067417145 -1.1982011497020721 4.2
      vertex -7.9282601326704025 -1.062090240418911 4.2
    endloop
  endfacet
  facet normal 0 0 -1
    outer loop
      vertex -7.003108531236649 -3.3252324610948563 4.2
      vertex -7.9282601326704025 -1.062090240418911 4.2
      vertex -7.750343583524227 -1.0020157024264336 4.2
    endloop
  endfacet
  facet normal 0 0 -1
    outer loop
      vertex -7.003108531236649 -3.3252324610948563 4.2
      vertex -7.750343583524227 -1.0020157024264336 4.2
      vertex -7.689146190881729 -0.9888027608394623 4.2
    endloop
  endfacet
  facet normal 0 0 -1
    outer loop
      vertex -7.003108531236649 -3.3252324610948563 4.2
      vertex -7.689146190881729 -0.9888027608394623 4.2
      vertex -6.3223391473293304 -0.8130351826548576 4.2
    endloop
  endfacet
  facet normal 0 0 -1
    outer loop
      vertex -7.003108531236649 -3.3252324610948563 4.2
      vertex -6.3223391473293304 -0.8130351826548576 4.2
      vertex -5.7566272765398026 -2.733375295996666 4.2
    endloop
  endfacet
  facet normal 0 0 -1
    outer loop
      vertex -5.717563726007938 -2.8195903971791267 4.2
      vertex -5.7566272765398026 -2.733375295996666 4.2
      vertex -3.7877205179804228 -1.2857578612126463 4.2
    endloop
  endfacet
  facet normal 0 0 -1
    outer loop
      vertex -5.300618775188923 -3.5417602360248566 4.2
      vertex -3.325878449210181 -2.2222809320784087 4.2
      vertex -5.05762754380703 -3.880854107439518 4.2
    endloop
  endfacet
  facet normal 0 0 -1
    outer loop
      vertex -5.300618775188923 -3.5417602360248566 4.2
      vertex -5.520911946892738 -3.1875 4.2
      vertex -3.4641016151377544 -2 4.2
    endloop
  endfacet
  facet normal 0 0 -1
    outer loop
      vertex -5.717563726007938 -2.8195903971791267 4.2
      vertex -3.695518130045147 -1.5307337294603591 4.2
      vertex -5.520911946892738 -3.1875 4.2
    endloop
  endfacet
  facet normal 0 0 -1
    outer loop
      vertex -5.7566272765398026 -2.733375295996666 4.2
      vertex -6.3223391473293304 -0.8130351826548576 4.2
      vertex -5.7566272765398026 2.733375295996666 4.2
    endloop
  endfacet
  facet normal 0 0 -1
    outer loop
      vertex -5.7566272765398026 -2.733375295996666 4.2
      vertex -3.9231411216129217 -0.780361288064513 4.2
      vertex -3.8637033051562732 -1.035276180410083 4.2
    endloop
  endfacet
  facet normal 0 0 -1
    outer loop
      vertex -5.7566272765398026 -2.733375295996666 4.2
      vertex -3.9657794454952415 -0.5221047688802063 4.2
      vertex -3.9231411216129217 -0.780361288064513 4.2
    endloop
  endfacet
  facet normal 0 0 -1
    outer loop
      vertex -5.7566272765398026 -2.733375295996666 4.2
      vertex -3.991435692954414 -0.26161251692057225 4.2
      vertex -3.9657794454952415 -0.5221047688802063 4.2
    endloop
  endfacet
  facet normal 0 0 -1
    outer loop
      vertex -5.7566272765398026 -2.733375295996666 4.2
      vertex -4 0 4.2
      vertex -3.991435692954414 -0.26161251692057225 4.2
    endloop
  endfacet
  facet normal 0 0 -1
    outer loop
      vertex -5.7566272765398026 -2.733375295996666 4.2
      vertex -3.991435692954414 0.26161251692057225 4.2
      vertex -4 0 4.2
    endloop
  endfacet
  facet normal 0 0 -1
    outer loop
      vertex -5.7566272765398026 -2.733375295996666 4.2
      vertex -3.9657794454952415 0.5221047688802063 4.2
      vertex -3.991435692954414 0.26161251692057225 4.2
    endloop
  endfacet
  facet normal 0 0 -1
    outer loop
      vertex -5.7566272765398026 -2.733375295996666 4.2
      vertex -3.9231411216129217 0.780361288064513 4.2
      vertex -3.9657794454952415 0.5221047688802063 4.2
    endloop
  endfacet
  facet normal 0 0 -1
    outer loop
      vertex -5.7566272765398026 -2.733375295996666 4.2
      vertex -3.8637033051562732 1.035276180410083 4.2
      vertex -3.9231411216129217 0.780361288064513 4.2
    endloop
  endfacet
  facet normal -0.1307056830060937 -0.9914212144340622 0
    outer loop
      vertex -8.551219537854195 -3.3550517484545708 4.2
      vertex -7.992709472775459 -3.428683862090111 4.2
      vertex -8.551219537854195 -3.3550517484545708 6.800000000000001
    endloop
  endfacet
  facet normal -0.2549251241027247 -0.9669607960518412 0
    outer loop
      vertex -9.217000596225262 -3.179528273642063 4.2
      vertex -8.551219537854195 -3.3550517484545708 4.2
      vertex -9.217000596225262 -3.179528273642063 6.800000000000001
    endloop
  endfacet
  facet normal -0.004635821358516237 -0.9999892545224334 0
    outer loop
      vertex -7.992709472775459 -3.428683862090111 4.2
      vertex -7.554557837545872 -3.430715076625347 4.2
      vertex -7.992709472775459 -3.428683862090111 6.800000000000001
    endloop
  endfacet
  facet normal 0.12097383382534109 -0.9926556963668716 0
    outer loop
      vertex -7.554557837545872 -3.430715076625347 4.2
      vertex -7.2438861802220345 -3.392853870987892 4.2
      vertex -7.554557837545872 -3.430715076625347 6.800000000000001
    endloop
  endfacet
  facet normal 0.24310251305010394 -0.9700006021383306 0
    outer loop
      vertex -7.2438861802220345 -3.392853870987892 4.2
      vertex -7.06173450499773 -3.3472028374671936 4.2
      vertex -7.2438861802220345 -3.392853870987892 6.800000000000001
    endloop
  endfacet
  facet normal 0.3509222929688272 -0.9364045836589548 0
    outer loop
      vertex -7.06173450499773 -3.3472028374671936 4.2
      vertex -7.003108531236649 -3.3252324610948563 4.2
      vertex -7.06173450499773 -3.3472028374671936 6.800000000000001
    endloop
  endfacet
  facet normal -0.6459593955300326 0.7633717700612691 0
    outer loop
      vertex -9.007621563971043 -1.8006891831755638 4.2
      vertex -8.577581524848938 -1.436792567372322 6.800000000000001
      vertex -8.577581524848938 -1.436792567372322 4.2
    endloop
  endfacet
  facet normal -0.544534893881259 0.8387381887965554 0
    outer loop
      vertex -8.577581524848938 -1.436792567372322 4.2
      vertex -8.210083067417145 -1.1982011497020721 6.800000000000001
      vertex -8.210083067417145 -1.1982011497020721 4.2
    endloop
  endfacet
  facet normal -0.4349005407627747 0.9004784948260821 0
    outer loop
      vertex -8.210083067417145 -1.1982011497020721 4.2
      vertex -7.9282601326704025 -1.062090240418911 6.800000000000001
      vertex -7.9282601326704025 -1.062090240418911 4.2
    endloop
  endfacet
  facet normal -0.3199110787262915 0.947447572010283 0
    outer loop
      vertex -7.9282601326704025 -1.062090240418911 4.2
      vertex -7.750343583524227 -1.0020157024264336 6.800000000000001
      vertex -7.750343583524227 -1.0020157024264336 4.2
    endloop
  endfacet
  facet normal -0.21104397172426387 0.9774765685165286 0
    outer loop
      vertex -7.750343583524227 -1.0020157024264336 4.2
      vertex -7.689146190881729 -0.9888027608394623 6.800000000000001
      vertex -7.689146190881729 -0.9888027608394623 4.2
    endloop
  endfacet
  facet normal -0.12754690165303242 0.9918325402398893 0
    outer loop
      vertex -7.689146190881729 -0.9888027608394623 4.2
      vertex -6.3223391473293304 -0.8130351826548576 6.800000000000001
      vertex -6.3223391473293304 -0.8130351826548576 4.2
    endloop
  endfacet
  facet normal 0.42892587802521803 -0.9033396875817512 0
    outer loop
      vertex -7.003108531236649 -3.3252324610948563 4.2
      vertex -5.7566272765398026 -2.733375295996666 4.2
      vertex -7.003108531236649 -3.3252324610948563 6.800000000000001
    endloop
  endfacet
  facet normal -0.8819212649620285 -0.4713967356778953 0
    outer loop
      vertex -5.717563726007938 -2.8195903971791267 4.2
      vertex -5.520911946892738 -3.1875 4.2
      vertex -5.717563726007938 -2.8195903971791267 6.800000000000001
    endloop
  endfacet
  facet normal -0.910863839226492 -0.4127069982318877 0
    outer loop
      vertex -5.717563726007938 -2.8195903971791267 4.2
      vertex -5.7566272765398026 -2.733375295996666 6.800000000000001
      vertex -5.7566272765398026 -2.733375295996666 4.2
    endloop
  endfacet
  facet normal -0.6435244340448618 0.7654255697239545 0
    outer loop
      vertex -5.933934263885021 -4.9889000952243805 4.2
      vertex -4.8773190304636955 -4.100560657680035 6.800000000000001
      vertex -4.8773190304636955 -4.100560657680035 4.2
    endloop
  endfacet
  facet normal -0.8128466851919993 -0.5824776960299674 0
    outer loop
      vertex -5.300618775188923 -3.5417602360248566 4.2
      vertex -5.05762754380703 -3.880854107439518 4.2
      vertex -5.300618775188923 -3.5417602360248566 6.800000000000001
    endloop
  endfacet
  facet normal -0.7730104406728486 -0.6343932996263189 0
    outer loop
      vertex -4.8773190304636955 -4.100560657680035 4.2
      vertex -5.05762754380703 -3.880854107439518 6.800000000000001
      vertex -5.05762754380703 -3.880854107439518 4.2
    endloop
  endfacet
  facet normal -0.8492021807952389 -0.5280678518264583 0
    outer loop
      vertex -5.300618775188923 -3.5417602360248566 4.2
      vertex -5.520911946892738 -3.1875 6.800000000000001
      vertex -5.520911946892738 -3.1875 4.2
    endloop
  endfacet
  facet normal -0.9951847259160934 -0.0980171480064074 0
    outer loop
      vertex -6.3223391473293304 -0.8130351826548576 4.2
      vertex -6.361350633203983 -0.4169449508190155 6.800000000000001
      vertex -6.361350633203983 -0.4169449508190155 4.2
    endloop
  endfacet
  facet normal -0.9994645872900028 -0.03271908851457069 0
    outer loop
      vertex -6.361350633203983 -0.4169449508190155 4.2
      vertex -6.375 0 6.800000000000001
      vertex -6.375 0 4.2
    endloop
  endfacet
  facet normal 0 0 -1
    outer loop
      vertex -4.8773190304636955 -4.100560657680035 4.2
      vertex -3.3644709438085556 -5.4108643382787704 4.2
      vertex -4.0936333909630775 -6.5835298746824265 4.2
    endloop
  endfacet
  facet normal 0 0 -1
    outer loop
      vertex -3.3644709438085556 -5.4108643382787704 4.2
      vertex -2 -3.4641016151377544 4.2
      vertex -3.1875 -5.520911946892738 4.2
    endloop
  endfacet
  facet normal 0 0 -1
    outer loop
      vertex -2.8195903971791267 -5.717563726007938 4.2
      vertex -3.1875 -5.520911946892738 4.2
      vertex -1.7691547608760052 -3.587490966130753 4.2
    endloop
  endfacet
  facet normal 0 0 -1
    outer loop
      vertex -2.256303645670414 -8.399307802319527 4.2
      vertex -0.20145096629858017 -8.694751016795635 4.2
      vertex -2.103936731815338 -8.941654093563557 4.2
    endloop
  endfacet
  facet normal 0 0 -1
    outer loop
      vertex -2.256303645670414 -8.399307802319527 4.2
      vertex -2.3206696659326553 -7.965904988348484 4.2
      vertex -0.0175885409116745 -8.297038063406944 4.2
    endloop
  endfacet
  facet normal 0 0 -1
    outer loop
      vertex -2.3206696659326553 -7.965904988348484 4.2
      vertex -2.327407017350197 -7.653007313609123 4.2
      vertex -0.0175885409116745 -8.297038063406944 4.2
    endloop
  endfacet
  facet normal 0 0 -1
    outer loop
      vertex -2.327407017350197 -7.653007313609123 4.2
      vertex -2.3081435337662697 -7.46621286123991 4.2
      vertex 0.11554142087697983 -7.751603074371815 4.2
    endloop
  endfacet
  facet normal 0 0 -1
    outer loop
      vertex -2.3081435337662697 -7.46621286123991 4.2
      vertex -2.2947401329874992 -7.405056901276112 4.2
      vertex 0.11554142087697983 -7.751603074371815 4.2
    endloop
  endfacet
  facet normal 0 0 -1
    outer loop
      vertex -0.5004425570368767 -9.172201752662659 4.2
      vertex -2.103936731815338 -8.941654093563557 4.2
      vertex -0.20145096629858017 -8.694751016795635 4.2
    endloop
  endfacet
  facet normal 0 0 -1
    outer loop
      vertex -2.256303645670414 -8.399307802319527 4.2
      vertex -0.0175885409116745 -8.297038063406944 4.2
      vertex -0.20145096629858017 -8.694751016795635 4.2
    endloop
  endfacet
  facet normal 0 0 -1
    outer loop
      vertex -2.327407017350197 -7.653007313609123 4.2
      vertex 0.07702936232089996 -7.9987130761146545 4.2
      vertex -0.0175885409116745 -8.297038063406944 4.2
    endloop
  endfacet
  facet normal 0 0 -1
    outer loop
      vertex -2.327407017350197 -7.653007313609123 4.2
      vertex 0.11117225885391235 -7.8140579611063 4.2
      vertex 0.07702936232089996 -7.9987130761146545 4.2
    endloop
  endfacet
  facet normal 0 0 -1
    outer loop
      vertex -2.327407017350197 -7.653007313609123 4.2
      vertex 0.11554142087697983 -7.751603074371815 4.2
      vertex 0.11117225885391235 -7.8140579611063 4.2
    endloop
  endfacet
  facet normal 0 0 -1
    outer loop
      vertex -2.2947401329874992 -7.405056901276112 4.2
      vertex 0.09497613459825516 -6.371890798211098 4.2
      vertex 0.11554142087697983 -7.751603074371815 4.2
    endloop
  endfacet
  facet normal 0 0 -1
    outer loop
      vertex -2.2947401329874992 -7.405056901276112 4.2
      vertex -1.886032223701477 -6.086168870329857 4.2
      vertex 0.09497613459825516 -6.371890798211098 4.2
    endloop
  endfacet
  facet normal 0 0 -1
    outer loop
      vertex -2.8195903971791267 -5.717563726007938 4.2
      vertex -1.2857578612126463 -3.7877205179804228 4.2
      vertex -2.4396068826317787 -5.889732018113136 4.2
    endloop
  endfacet
  facet normal 0 0 -1
    outer loop
      vertex -2.4396068826317787 -5.889732018113136 4.2
      vertex -0.780361288064513 -3.9231411216129217 4.2
      vertex -2.049176588654518 -6.036679573357105 4.2
    endloop
  endfacet
  facet normal 0 0 -1
    outer loop
      vertex -2.049176588654518 -6.036679573357105 4.2
      vertex -0.5221047688802063 -3.9657794454952415 4.2
      vertex -1.886032223701477 -6.086168870329857 4.2
    endloop
  endfacet
  facet normal 0 0 -1
    outer loop
      vertex -2.4396068826317787 -5.889732018113136 4.2
      vertex -1.2857578612126463 -3.7877205179804228 4.2
      vertex -1.035276180410083 -3.8637033051562732 4.2
    endloop
  endfacet
  facet normal 0 0 -1
    outer loop
      vertex -2.4396068826317787 -5.889732018113136 4.2
      vertex -1.035276180410083 -3.8637033051562732 4.2
      vertex -0.780361288064513 -3.9231411216129217 4.2
    endloop
  endfacet
  facet normal 0 0 -1
    outer loop
      vertex -2.049176588654518 -6.036679573357105 4.2
      vertex -0.780361288064513 -3.9231411216129217 4.2
      vertex -0.5221047688802063 -3.9657794454952415 4.2
    endloop
  endfacet
  facet normal 0 0 -1
    outer loop
      vertex -1.886032223701477 -6.086168870329857 4.2
      vertex -0.5221047688802063 -3.9657794454952415 4.2
      vertex -0.26161251692057225 -3.991435692954414 4.2
    endloop
  endfacet
  facet normal 0 0 -1
    outer loop
      vertex -1.886032223701477 -6.086168870329857 4.2
      vertex -0.26161251692057225 -3.991435692954414 4.2
      vertex 0 -4 4.2
    endloop
  endfacet
  facet normal 0 0 -1
    outer loop
      vertex -1.886032223701477 -6.086168870329857 4.2
      vertex 0 -4 4.2
      vertex 0.26161251692057225 -3.991435692954414 4.2
    endloop
  endfacet
  facet normal 0 0 -1
    outer loop
      vertex -1.886032223701477 -6.086168870329857 4.2
      vertex 0.26161251692057225 -3.991435692954414 4.2
      vertex 0.5221047688802063 -3.9657794454952415 4.2
    endloop
  endfacet
  facet normal 0 0 -1
    outer loop
      vertex -1.886032223701477 -6.086168870329857 4.2
      vertex 0.5221047688802063 -3.9657794454952415 4.2
      vertex 0.780361288064513 -3.9231411216129217 4.2
    endloop
  endfacet
  facet normal 0 0 -1
    outer loop
      vertex -1.886032223701477 -6.086168870329857 4.2
      vertex 0.780361288064513 -3.9231411216129217 4.2
      vertex 1.035276180410083 -3.8637033051562732 4.2
    endloop
  endfacet
  facet normal 0.6384398573888138 -0.7696717147572406 0
    outer loop
      vertex -4.50051386654377 -6.970403499901295 4.2
      vertex -4.259629555046558 -6.770590849220753 4.2
      vertex -4.50051386654377 -6.970403499901295 6.800000000000001
    endloop
  endfacet
  facet normal 0.7289327506971999 -0.6845853087534188 0
    outer loop
      vertex -4.259629555046558 -6.770590849220753 4.2
      vertex -4.131074622273445 -6.633708126842976 4.2
      vertex -4.259629555046558 -6.770590849220753 6.800000000000001
    endloop
  endfacet
  facet normal -0.9891510592550385 -0.14690194680342158 0
    outer loop
      vertex -2.256303645670414 -8.399307802319527 4.2
      vertex -2.3206696659326553 -7.965904988348484 6.800000000000001
      vertex -2.3206696659326553 -7.965904988348484 4.2
    endloop
  endfacet
  facet normal -0.9997682644028637 -0.0215271338753107 0
    outer loop
      vertex -2.3206696659326553 -7.965904988348484 4.2
      vertex -2.327407017350197 -7.653007313609123 6.800000000000001
      vertex -2.327407017350197 -7.653007313609123 4.2
    endloop
  endfacet
  facet normal -0.9947244905198538 0.10258259092076605 0
    outer loop
      vertex -2.327407017350197 -7.653007313609123 4.2
      vertex -2.3081435337662697 -7.46621286123991 6.800000000000001
      vertex -2.3081435337662697 -7.46621286123991 4.2
    endloop
  endfacet
  facet normal -0.9768147967053415 0.21408608767853704 0
    outer loop
      vertex -2.3081435337662697 -7.46621286123991 4.2
      vertex -2.2947401329874992 -7.405056901276112 6.800000000000001
      vertex -2.2947401329874992 -7.405056901276112 4.2
    endloop
  endfacet
  facet normal 0.8014731182261413 -0.5980308025184535 0
    outer loop
      vertex -4.131074622273445 -6.633708126842976 4.2
      vertex -4.0936333909630775 -6.5835298746824265 4.2
      vertex -4.131074622273445 -6.633708126842976 6.800000000000001
    endloop
  endfacet
  facet normal 0.8492177181071996 -0.5280428649766995 0
    outer loop
      vertex -4.0936333909630775 -6.5835298746824265 4.2
      vertex -3.3644709438085556 -5.4108643382787704 4.2
      vertex -4.0936333909630775 -6.5835298746824265 6.800000000000001
    endloop
  endfacet
  facet normal -0.4127070328909464 -0.9108638235226775 0
    outer loop
      vertex -2.8195903971791267 -5.717563726007938 4.2
      vertex -2.4396068826317787 -5.889732018113136 4.2
      vertex -2.8195903971791267 -5.717563726007938 6.800000000000001
    endloop
  endfacet
  facet normal -0.3522500436854187 -0.9359059283515735 0
    outer loop
      vertex -2.4396068826317787 -5.889732018113136 4.2
      vertex -2.049176588654518 -6.036679573357105 4.2
      vertex -2.4396068826317787 -5.889732018113136 6.800000000000001
    endloop
  endfacet
  facet normal -0.5280678644326543 -0.8492021729562023 0
    outer loop
      vertex -3.3644709438085556 -5.4108643382787704 4.2
      vertex -3.1875 -5.520911946892738 4.2
      vertex -3.3644709438085556 -5.4108643382787704 6.800000000000001
    endloop
  endfacet
  facet normal -0.4713967356778953 -0.8819212649620285 0
    outer loop
      vertex -2.8195903971791267 -5.717563726007938 4.2
      vertex -3.1875 -5.520911946892738 6.800000000000001
      vertex -3.1875 -5.520911946892738 4.2
    endloop
  endfacet
  facet normal -0.9627286175670187 -0.2704692383941233 0
    outer loop
      vertex -2.256303645670414 -8.399307802319527 4.2
      vertex -2.103936731815338 -8.941654093563557 4.2
      vertex -2.256303645670414 -8.399307802319527 6.800000000000001
    endloop
  endfacet
  facet normal 0.9076964324571933 -0.4196274377402935 0
    outer loop
      vertex -0.20145096629858017 -8.694751016795635 4.2
      vertex -0.0175885409116745 -8.297038063406944 4.2
      vertex -0.20145096629858017 -8.694751016795635 6.800000000000001
    endloop
  endfacet
  facet normal -0.9551875090255253 0.2960013895264885 1.5462780598733115e-17
    outer loop
      vertex -2.2947401329874992 -7.405056901276112 4.2
      vertex -1.886032223701477 -6.086168870329857 6.800000000000001
      vertex -1.886032223701477 -6.086168870329857 4.2
    endloop
  endfacet
  facet normal -0.2902846499413179 -0.9569403440175602 0
    outer loop
      vertex -2.049176588654518 -6.036679573357105 4.2
      vertex -1.886032223701477 -6.086168870329857 4.2
      vertex -2.049176588654518 -6.036679573357105 6.800000000000001
    endloop
  endfacet
  facet normal 0 0 -1
    outer loop
      vertex -4.8773190304636955 -4.100560657680035 4.2
      vertex -5.05762754380703 -3.880854107439518 4.2
      vertex -3.1734133611649407 -2.4350457160348826 4.2
    endloop
  endfacet
  facet normal 0 0 -1
    outer loop
      vertex -4.8773190304636955 -4.100560657680035 4.2
      vertex -2.4350457160348826 -3.1734133611649407 4.2
      vertex -3.3644709438085556 -5.4108643382787704 4.2
    endloop
  endfacet
  facet normal 0 0 -1
    outer loop
      vertex -5.300618775188923 -3.5417602360248566 4.2
      vertex -3.4641016151377544 -2 4.2
      vertex -3.325878449210181 -2.2222809320784087 4.2
    endloop
  endfacet
  facet normal 0 0 -1
    outer loop
      vertex -5.520911946892738 -3.1875 4.2
      vertex -3.587490966130753 -1.7691547608760052 4.2
      vertex -3.4641016151377544 -2 4.2
    endloop
  endfacet
  facet normal 0 0 -1
    outer loop
      vertex -5.05762754380703 -3.880854107439518 4.2
      vertex -3.325878449210181 -2.2222809320784087 4.2
      vertex -3.1734133611649407 -2.4350457160348826 4.2
    endloop
  endfacet
  facet normal 0 0 -1
    outer loop
      vertex -4.8773190304636955 -4.100560657680035 4.2
      vertex -3.1734133611649407 -2.4350457160348826 4.2
      vertex -3.00735922991591 -2.6373832604002754 4.2
    endloop
  endfacet
  facet normal 0 0 -1
    outer loop
      vertex -4.8773190304636955 -4.100560657680035 4.2
      vertex -3.00735922991591 -2.6373832604002754 4.2
      vertex -2.8284271247461903 -2.8284271247461903 4.2
    endloop
  endfacet
  facet normal 0 0 -1
    outer loop
      vertex -4.8773190304636955 -4.100560657680035 4.2
      vertex -2.8284271247461903 -2.8284271247461903 4.2
      vertex -2.6373832604002754 -3.00735922991591 4.2
    endloop
  endfacet
  facet normal 0 0 -1
    outer loop
      vertex -4.8773190304636955 -4.100560657680035 4.2
      vertex -2.6373832604002754 -3.00735922991591 4.2
      vertex -2.4350457160348826 -3.1734133611649407 4.2
    endloop
  endfacet
  facet normal 0 0 -1
    outer loop
      vertex -3.3644709438085556 -5.4108643382787704 4.2
      vertex -2.4350457160348826 -3.1734133611649407 4.2
      vertex -2.2222809320784087 -3.325878449210181 4.2
    endloop
  endfacet
  facet normal 0 0 -1
    outer loop
      vertex -3.3644709438085556 -5.4108643382787704 4.2
      vertex -2.2222809320784087 -3.325878449210181 4.2
      vertex -2 -3.4641016151377544 4.2
    endloop
  endfacet
  facet normal 0 0 -1
    outer loop
      vertex -3.1875 -5.520911946892738 4.2
      vertex -2 -3.4641016151377544 4.2
      vertex -1.7691547608760052 -3.587490966130753 4.2
    endloop
  endfacet
  facet normal 0 0 -1
    outer loop
      vertex -5.520911946892738 -3.1875 4.2
      vertex -3.695518130045147 -1.5307337294603591 4.2
      vertex -3.587490966130753 -1.7691547608760052 4.2
    endloop
  endfacet
  facet normal 0 0 -1
    outer loop
      vertex -5.717563726007938 -2.8195903971791267 4.2
      vertex -3.7877205179804228 -1.2857578612126463 4.2
      vertex -3.695518130045147 -1.5307337294603591 4.2
    endloop
  endfacet
  facet normal 0 0 -1
    outer loop
      vertex -5.7566272765398026 -2.733375295996666 4.2
      vertex -3.8637033051562732 -1.035276180410083 4.2
      vertex -3.7877205179804228 -1.2857578612126463 4.2
    endloop
  endfacet
  facet normal 0 0 -1
    outer loop
      vertex -5.7566272765398026 -2.733375295996666 4.2
      vertex -3.7877205179804228 1.2857578612126463 4.2
      vertex -3.8637033051562732 1.035276180410083 4.2
    endloop
  endfacet
  facet normal 0 0 -1
    outer loop
      vertex -2.8195903971791267 -5.717563726007938 4.2
      vertex -1.7691547608760052 -3.587490966130753 4.2
      vertex -1.5307337294603591 -3.695518130045147 4.2
    endloop
  endfacet
  facet normal 0 0 -1
    outer loop
      vertex -2.8195903971791267 -5.717563726007938 4.2
      vertex -1.5307337294603591 -3.695518130045147 4.2
      vertex -1.2857578612126463 -3.7877205179804228 4.2
    endloop
  endfacet
  facet normal -0.6548607345087275 -0.7557495738660328 0
    outer loop
      vertex -6.034851543605328 -7.657876133918762 4.2
      vertex -6.034851543605328 -7.657876133918762 6.800000000000001
      vertex -6.72108107060194 -7.063254863023758 6.800000000000001
    endloop
  endfacet
  facet normal -0.9854782027255352 0.16980197864821486 0
    outer loop
      vertex -6.72108107060194 -7.063254863023758 4.2
      vertex -6.72108107060194 -7.063254863023758 6.800000000000001
      vertex -6.604167394340038 -6.384724020957947 6.800000000000001
    endloop
  endfacet
  facet normal 0.3083218208060539 -0.9512821110558316 0
    outer loop
      vertex -5.379865720868111 -7.445587456226349 4.2
      vertex -5.379865720868111 -7.445587456226349 6.800000000000001
      vertex -6.034851543605328 -7.657876133918762 6.800000000000001
    endloop
  endfacet
  facet normal 0.42604615972314896 -0.9047014257671738 0
    outer loop
      vertex -4.870208635926247 -7.2055773958563805 4.2
      vertex -4.870208635926247 -7.2055773958563805 6.800000000000001
      vertex -5.379865720868111 -7.445587456226349 6.800000000000001
    endloop
  endfacet
  facet normal 0.5367351127371667 -0.8437508037062964 0
    outer loop
      vertex -4.50051386654377 -6.970403499901295 4.2
      vertex -4.50051386654377 -6.970403499901295 6.800000000000001
      vertex -4.870208635926247 -7.2055773958563805 6.800000000000001
    endloop
  endfacet
  facet normal -0.9561255574366788 0.29295719553614 0
    outer loop
      vertex -6.604167394340038 -6.384724020957947 4.2
      vertex -6.604167394340038 -6.384724020957947 6.800000000000001
      vertex -6.439132049679756 -5.846097514033318 6.800000000000001
    endloop
  endfacet
  facet normal -0.911548009982677 0.4111936593584846 0
    outer loop
      vertex -6.439132049679756 -5.846097514033318 4.2
      vertex -6.439132049679756 -5.846097514033318 6.800000000000001
      vertex -6.258964940905571 -5.446696974337101 6.800000000000001
    endloop
  endfacet
  facet normal -0.8526970405296619 0.5224057398918548 0
    outer loop
      vertex -6.258964940905571 -5.446696974337101 4.2
      vertex -6.258964940905571 -5.446696974337101 6.800000000000001
      vertex -6.095467507839203 -5.179828204214573 6.800000000000001
    endloop
  endfacet
  facet normal -0.7813551331607902 0.6240866573507913 0
    outer loop
      vertex -6.095467507839203 -5.179828204214573 4.2
      vertex -6.095467507839203 -5.179828204214573 6.800000000000001
      vertex -5.978273324668407 -5.033101342618465 6.800000000000001
    endloop
  endfacet
  facet normal -0.7060053110688935 0.7082065381952606 0
    outer loop
      vertex -5.978273324668407 -5.033101342618465 4.2
      vertex -5.978273324668407 -5.033101342618465 6.800000000000001
      vertex -5.933934263885021 -4.9889000952243805 6.800000000000001
    endloop
  endfacet
  facet normal -0.6435244340448618 0.7654255697239545 0
    outer loop
      vertex -5.933934263885021 -4.9889000952243805 4.2
      vertex -5.933934263885021 -4.9889000952243805 6.800000000000001
      vertex -4.8773190304636955 -4.100560657680035 6.800000000000001
    endloop
  endfacet
  facet normal 0 0 1
    outer loop
      vertex -6.72108107060194 -7.063254863023758 6.800000000000001
      vertex -5.379865720868111 -7.445587456226349 6.800000000000001
      vertex -6.604167394340038 -6.384724020957947 6.800000000000001
    endloop
  endfacet
  facet normal 0 0 1
    outer loop
      vertex -6.72108107060194 -7.063254863023758 6.800000000000001
      vertex -6.034851543605328 -7.657876133918762 6.800000000000001
      vertex -5.379865720868111 -7.445587456226349 6.800000000000001
    endloop
  endfacet
  facet normal 0 0 1
    outer loop
      vertex -5.379865720868111 -7.445587456226349 6.800000000000001
      vertex -4.870208635926247 -7.2055773958563805 6.800000000000001
      vertex -6.439132049679756 -5.846097514033318 6.800000000000001
    endloop
  endfacet
  facet normal 0 0 1
    outer loop
      vertex -5.379865720868111 -7.445587456226349 6.800000000000001
      vertex -6.439132049679756 -5.846097514033318 6.800000000000001
      vertex -6.604167394340038 -6.384724020957947 6.800000000000001
    endloop
  endfacet
  facet normal 0 0 1
    outer loop
      vertex -4.50051386654377 -6.970403499901295 6.800000000000001
      vertex -6.258964940905571 -5.446696974337101 6.800000000000001
      vertex -6.439132049679756 -5.846097514033318 6.800000000000001
    endloop
  endfacet
  facet normal 0 0 1
    outer loop
      vertex -4.870208635926247 -7.2055773958563805 6.800000000000001
      vertex -4.50051386654377 -6.970403499901295 6.800000000000001
      vertex -6.439132049679756 -5.846097514033318 6.800000000000001
    endloop
  endfacet
  facet normal 0 0 1
    outer loop
      vertex -6.258964940905571 -5.446696974337101 6.800000000000001
      vertex -4.259629555046558 -6.770590849220753 6.800000000000001
      vertex -6.095467507839203 -5.179828204214573 6.800000000000001
    endloop
  endfacet
  facet normal 0 0 1
    outer loop
      vertex -6.095467507839203 -5.179828204214573 6.800000000000001
      vertex -4.259629555046558 -6.770590849220753 6.800000000000001
      vertex -5.978273324668407 -5.033101342618465 6.800000000000001
    endloop
  endfacet
  facet normal 0 0 1
    outer loop
      vertex -5.978273324668407 -5.033101342618465 6.800000000000001
      vertex -4.259629555046558 -6.770590849220753 6.800000000000001
      vertex -5.933934263885021 -4.9889000952243805 6.800000000000001
    endloop
  endfacet
  facet normal 0 0 1
    outer loop
      vertex -4.50051386654377 -6.970403499901295 6.800000000000001
      vertex -4.259629555046558 -6.770590849220753 6.800000000000001
      vertex -6.258964940905571 -5.446696974337101 6.800000000000001
    endloop
  endfacet
  facet normal 0 0 1
    outer loop
      vertex -5.933934263885021 -4.9889000952243805 6.800000000000001
      vertex -4.259629555046558 -6.770590849220753 6.800000000000001
      vertex -4.131074622273445 -6.633708126842976 6.800000000000001
    endloop
  endfacet
  facet normal 0 0 1
    outer loop
      vertex -5.933934263885021 -4.9889000952243805 6.800000000000001
      vertex -4.131074622273445 -6.633708126842976 6.800000000000001
      vertex -4.0936333909630775 -6.5835298746824265 6.800000000000001
    endloop
  endfacet
  facet normal 0 0 1
    outer loop
      vertex -5.933934263885021 -4.9889000952243805 6.800000000000001
      vertex -4.0936333909630775 -6.5835298746824265 6.800000000000001
      vertex -4.8773190304636955 -4.100560657680035 6.800000000000001
    endloop
  endfacet
  facet normal -0.1307056830060937 -0.9914212144340622 0
    outer loop
      vertex -7.992709472775459 -3.428683862090111 4.2
      vertex -7.992709472775459 -3.428683862090111 6.800000000000001
      vertex -8.551219537854195 -3.3550517484545708 6.800000000000001
    endloop
  endfacet
  facet normal -0.2549251241027247 -0.9669607960518412 0
    outer loop
      vertex -9.217000596225262 -3.179528273642063 6.800000000000001
      vertex -8.551219537854195 -3.3550517484545708 4.2
      vertex -8.551219537854195 -3.3550517484545708 6.800000000000001
    endloop
  endfacet
  facet normal -0.004635821358516237 -0.9999892545224334 0
    outer loop
      vertex -7.554557837545872 -3.430715076625347 4.2
      vertex -7.554557837545872 -3.430715076625347 6.800000000000001
      vertex -7.992709472775459 -3.428683862090111 6.800000000000001
    endloop
  endfacet
  facet normal 0.12097383382534109 -0.9926556963668716 0
    outer loop
      vertex -7.2438861802220345 -3.392853870987892 4.2
      vertex -7.2438861802220345 -3.392853870987892 6.800000000000001
      vertex -7.554557837545872 -3.430715076625347 6.800000000000001
    endloop
  endfacet
  facet normal 0.24310251305010394 -0.9700006021383306 0
    outer loop
      vertex -7.06173450499773 -3.3472028374671936 4.2
      vertex -7.06173450499773 -3.3472028374671936 6.800000000000001
      vertex -7.2438861802220345 -3.392853870987892 6.800000000000001
    endloop
  endfacet
  facet normal 0.3509222929688272 -0.9364045836589548 0
    outer loop
      vertex -7.003108531236649 -3.3252324610948563 4.2
      vertex -7.003108531236649 -3.3252324610948563 6.800000000000001
      vertex -7.06173450499773 -3.3472028374671936 6.800000000000001
    endloop
  endfacet
  facet normal -0.6459593955300326 0.7633717700612691 0
    outer loop
      vertex -9.007621563971043 -1.8006891831755638 4.2
      vertex -9.007621563971043 -1.8006891831755638 6.800000000000001
      vertex -8.577581524848938 -1.436792567372322 6.800000000000001
    endloop
  endfacet
  facet normal -0.544534893881259 0.8387381887965554 0
    outer loop
      vertex -8.577581524848938 -1.436792567372322 4.2
      vertex -8.577581524848938 -1.436792567372322 6.800000000000001
      vertex -8.210083067417145 -1.1982011497020721 6.800000000000001
    endloop
  endfacet
  facet normal -0.4349005407627747 0.9004784948260821 0
    outer loop
      vertex -8.210083067417145 -1.1982011497020721 4.2
      vertex -8.210083067417145 -1.1982011497020721 6.800000000000001
      vertex -7.9282601326704025 -1.062090240418911 6.800000000000001
    endloop
  endfacet
  facet normal -0.3199110787262915 0.947447572010283 0
    outer loop
      vertex -7.9282601326704025 -1.062090240418911 4.2
      vertex -7.9282601326704025 -1.062090240418911 6.800000000000001
      vertex -7.750343583524227 -1.0020157024264336 6.800000000000001
    endloop
  endfacet
  facet normal -0.21104397172426387 0.9774765685165286 0
    outer loop
      vertex -7.750343583524227 -1.0020157024264336 4.2
      vertex -7.750343583524227 -1.0020157024264336 6.800000000000001
      vertex -7.689146190881729 -0.9888027608394623 6.800000000000001
    endloop
  endfacet
  facet normal -0.12754690165303242 0.9918325402398893 0
    outer loop
      vertex -7.689146190881729 -0.9888027608394623 4.2
      vertex -7.689146190881729 -0.9888027608394623 6.800000000000001
      vertex -6.3223391473293304 -0.8130351826548576 6.800000000000001
    endloop
  endfacet
  facet normal 0.42892587802521803 -0.9033396875817512 0
    outer loop
      vertex -5.7566272765398026 -2.733375295996666 4.2
      vertex -5.7566272765398026 -2.733375295996666 6.800000000000001
      vertex -7.003108531236649 -3.3252324610948563 6.800000000000001
    endloop
  endfacet
  facet normal -0.910863839226492 -0.4127069982318877 0
    outer loop
      vertex -5.717563726007938 -2.8195903971791267 4.2
      vertex -5.717563726007938 -2.8195903971791267 6.800000000000001
      vertex -5.7566272765398026 -2.733375295996666 6.800000000000001
    endloop
  endfacet
  facet normal -0.8492021807952389 -0.5280678518264583 0
    outer loop
      vertex -5.300618775188923 -3.5417602360248566 4.2
      vertex -5.300618775188923 -3.5417602360248566 6.800000000000001
      vertex -5.520911946892738 -3.1875 6.800000000000001
    endloop
  endfacet
  facet normal -0.8128466851919993 -0.5824776960299674 0
    outer loop
      vertex -5.05762754380703 -3.880854107439518 4.2
      vertex -5.05762754380703 -3.880854107439518 6.800000000000001
      vertex -5.300618775188923 -3.5417602360248566 6.800000000000001
    endloop
  endfacet
  facet normal -0.7730104406728486 -0.6343932996263189 0
    outer loop
      vertex -4.8773190304636955 -4.100560657680035 4.2
      vertex -4.8773190304636955 -4.100560657680035 6.800000000000001
      vertex -5.05762754380703 -3.880854107439518 6.800000000000001
    endloop
  endfacet
  facet normal -0.8819212649620285 -0.4713967356778953 0
    outer loop
      vertex -5.520911946892738 -3.1875 4.2
      vertex -5.520911946892738 -3.1875 6.800000000000001
      vertex -5.717563726007938 -2.8195903971791267 6.800000000000001
    endloop
  endfacet
  facet normal -0.9951847259160934 -0.0980171480064074 0
    outer loop
      vertex -6.3223391473293304 -0.8130351826548576 4.2
      vertex -6.3223391473293304 -0.8130351826548576 6.800000000000001
      vertex -6.361350633203983 -0.4169449508190155 6.800000000000001
    endloop
  endfacet
  facet normal -0.9994645872900028 -0.03271908851457069 0
    outer loop
      vertex -6.361350633203983 -0.4169449508190155 4.2
      vertex -6.361350633203983 -0.4169449508190155 6.800000000000001
      vertex -6.375 0 6.800000000000001
    endloop
  endfacet
  facet normal 0 0 1
    outer loop
      vertex -9.007621563971043 -1.8006891831755638 6.800000000000001
      vertex -8.551219537854195 -3.3550517484545708 6.800000000000001
      vertex -7.992709472775459 -3.428683862090111 6.800000000000001
    endloop
  endfacet
  facet normal 0 0 1
    outer loop
      vertex -7.992709472775459 -3.428683862090111 6.800000000000001
      vertex -7.554557837545872 -3.430715076625347 6.800000000000001
      vertex -8.210083067417145 -1.1982011497020721 6.800000000000001
    endloop
  endfacet
  facet normal 0 0 1
    outer loop
      vertex -7.554557837545872 -3.430715076625347 6.800000000000001
      vertex -7.2438861802220345 -3.392853870987892 6.800000000000001
      vertex -8.210083067417145 -1.1982011497020721 6.800000000000001
    endloop
  endfacet
  facet normal 0 0 1
    outer loop
      vertex -7.2438861802220345 -3.392853870987892 6.800000000000001
      vertex -7.06173450499773 -3.3472028374671936 6.800000000000001
      vertex -7.9282601326704025 -1.062090240418911 6.800000000000001
    endloop
  endfacet
  facet normal 0 0 1
    outer loop
      vertex -7.06173450499773 -3.3472028374671936 6.800000000000001
      vertex -7.003108531236649 -3.3252324610948563 6.800000000000001
      vertex -7.9282601326704025 -1.062090240418911 6.800000000000001
    endloop
  endfacet
  facet normal 0 0 1
    outer loop
      vertex -9.007621563971043 -1.8006891831755638 6.800000000000001
      vertex -7.992709472775459 -3.428683862090111 6.800000000000001
      vertex -8.577581524848938 -1.436792567372322 6.800000000000001
    endloop
  endfacet
  facet normal 0 0 1
    outer loop
      vertex -7.992709472775459 -3.428683862090111 6.800000000000001
      vertex -8.210083067417145 -1.1982011497020721 6.800000000000001
      vertex -8.577581524848938 -1.436792567372322 6.800000000000001
    endloop
  endfacet
  facet normal 0 0 1
    outer loop
      vertex -7.2438861802220345 -3.392853870987892 6.800000000000001
      vertex -7.9282601326704025 -1.062090240418911 6.800000000000001
      vertex -8.210083067417145 -1.1982011497020721 6.800000000000001
    endloop
  endfacet
  facet normal 0 0 1
    outer loop
      vertex -7.003108531236649 -3.3252324610948563 6.800000000000001
      vertex -7.750343583524227 -1.0020157024264336 6.800000000000001
      vertex -7.9282601326704025 -1.062090240418911 6.800000000000001
    endloop
  endfacet
  facet normal 0 0 1
    outer loop
      vertex -7.003108531236649 -3.3252324610948563 6.800000000000001
      vertex -7.689146190881729 -0.9888027608394623 6.800000000000001
      vertex -7.750343583524227 -1.0020157024264336 6.800000000000001
    endloop
  endfacet
  facet normal 0 0 1
    outer loop
      vertex -7.003108531236649 -3.3252324610948563 6.800000000000001
      vertex -6.3223391473293304 -0.8130351826548576 6.800000000000001
      vertex -7.689146190881729 -0.9888027608394623 6.800000000000001
    endloop
  endfacet
  facet normal 0 0 1
    outer loop
      vertex -7.003108531236649 -3.3252324610948563 6.800000000000001
      vertex -5.7566272765398026 -2.733375295996666 6.800000000000001
      vertex -6.3223391473293304 -0.8130351826548576 6.800000000000001
    endloop
  endfacet
  facet normal 0 0 1
    outer loop
      vertex -5.7566272765398026 -2.733375295996666 6.800000000000001
      vertex -5.7566272765398026 2.733375295996666 6.800000000000001
      vertex -6.3223391473293304 -0.8130351826548576 6.800000000000001
    endloop
  endfacet
  facet normal 0.6384398573888138 -0.7696717147572406 0
    outer loop
      vertex -4.259629555046558 -6.770590849220753 4.2
      vertex -4.259629555046558 -6.770590849220753 6.800000000000001
      vertex -4.50051386654377 -6.970403499901295 6.800000000000001
    endloop
  endfacet
  facet normal -0.9891510592550385 -0.14690194680342158 0
    outer loop
      vertex -2.256303645670414 -8.399307802319527 4.2
      vertex -2.256303645670414 -8.399307802319527 6.800000000000001
      vertex -2.3206696659326553 -7.965904988348484 6.800000000000001
    endloop
  endfacet
  facet normal -0.9997682644028637 -0.0215271338753107 0
    outer loop
      vertex -2.3206696659326553 -7.965904988348484 4.2
      vertex -2.3206696659326553 -7.965904988348484 6.800000000000001
      vertex -2.327407017350197 -7.653007313609123 6.800000000000001
    endloop
  endfacet
  facet normal -0.9947244905198538 0.10258259092076605 0
    outer loop
      vertex -2.327407017350197 -7.653007313609123 4.2
      vertex -2.327407017350197 -7.653007313609123 6.800000000000001
      vertex -2.3081435337662697 -7.46621286123991 6.800000000000001
    endloop
  endfacet
  facet normal -0.9768147967053415 0.21408608767853704 0
    outer loop
      vertex -2.3081435337662697 -7.46621286123991 4.2
      vertex -2.3081435337662697 -7.46621286123991 6.800000000000001
      vertex -2.2947401329874992 -7.405056901276112 6.800000000000001
    endloop
  endfacet
  facet normal 0.7289327506971999 -0.6845853087534188 0
    outer loop
      vertex -4.131074622273445 -6.633708126842976 4.2
      vertex -4.131074622273445 -6.633708126842976 6.800000000000001
      vertex -4.259629555046558 -6.770590849220753 6.800000000000001
    endloop
  endfacet
  facet normal 0.8014731182261413 -0.5980308025184535 0
    outer loop
      vertex -4.0936333909630775 -6.5835298746824265 4.2
      vertex -4.0936333909630775 -6.5835298746824265 6.800000000000001
      vertex -4.131074622273445 -6.633708126842976 6.800000000000001
    endloop
  endfacet
  facet normal 0.8492177181071996 -0.5280428649766995 0
    outer loop
      vertex -3.3644709438085556 -5.4108643382787704 4.2
      vertex -3.3644709438085556 -5.4108643382787704 6.800000000000001
      vertex -4.0936333909630775 -6.5835298746824265 6.800000000000001
    endloop
  endfacet
  facet normal -0.4713967356778953 -0.8819212649620285 0
    outer loop
      vertex -2.8195903971791267 -5.717563726007938 4.2
      vertex -2.8195903971791267 -5.717563726007938 6.800000000000001
      vertex -3.1875 -5.520911946892738 6.800000000000001
    endloop
  endfacet
  facet normal -0.4127070328909464 -0.9108638235226775 0
    outer loop
      vertex -2.4396068826317787 -5.889732018113136 4.2
      vertex -2.4396068826317787 -5.889732018113136 6.800000000000001
      vertex -2.8195903971791267 -5.717563726007938 6.800000000000001
    endloop
  endfacet
  facet normal -0.5280678644326543 -0.8492021729562023 0
    outer loop
      vertex -3.1875 -5.520911946892738 4.2
      vertex -3.1875 -5.520911946892738 6.800000000000001
      vertex -3.3644709438085556 -5.4108643382787704 6.800000000000001
    endloop
  endfacet
  facet normal -0.9627286175670187 -0.2704692383941233 0
    outer loop
      vertex -2.103936731815338 -8.941654093563557 4.2
      vertex -2.103936731815338 -8.941654093563557 6.800000000000001
      vertex -2.256303645670414 -8.399307802319527 6.800000000000001
    endloop
  endfacet
  facet normal -0.9551875090255253 0.2960013895264885 0
    outer loop
      vertex -2.2947401329874992 -7.405056901276112 4.2
      vertex -2.2947401329874992 -7.405056901276112 6.800000000000001
      vertex -1.886032223701477 -6.086168870329857 6.800000000000001
    endloop
  endfacet
  facet normal 0.8475313540332315 -0.5307453286940894 0
    outer loop
      vertex -0.5004425570368767 -9.172201752662659 6.800000000000001
      vertex -0.20145096629858017 -8.694751016795635 4.2
      vertex -0.20145096629858017 -8.694751016795635 6.800000000000001
    endloop
  endfacet
  facet normal 0.9076964324571933 -0.4196274377402935 0
    outer loop
      vertex -0.0175885409116745 -8.297038063406944 4.2
      vertex -0.0175885409116745 -8.297038063406944 6.800000000000001
      vertex -0.20145096629858017 -8.694751016795635 6.800000000000001
    endloop
  endfacet
  facet normal -0.3522500436854187 -0.9359059283515735 0
    outer loop
      vertex -2.049176588654518 -6.036679573357105 4.2
      vertex -2.049176588654518 -6.036679573357105 6.800000000000001
      vertex -2.4396068826317787 -5.889732018113136 6.800000000000001
    endloop
  endfacet
  facet normal -0.2902846499413179 -0.9569403440175602 0
    outer loop
      vertex -1.886032223701477 -6.086168870329857 4.2
      vertex -1.886032223701477 -6.086168870329857 6.800000000000001
      vertex -2.049176588654518 -6.036679573357105 6.800000000000001
    endloop
  endfacet
  facet normal 0 0 1
    outer loop
      vertex -4.8773190304636955 -4.100560657680035 6.800000000000001
      vertex -4.0936333909630775 -6.5835298746824265 6.800000000000001
      vertex -3.3644709438085556 -5.4108643382787704 6.800000000000001
    endloop
  endfacet
  facet normal 0 0 1
    outer loop
      vertex -2.256303645670414 -8.399307802319527 6.800000000000001
      vertex -2.103936731815338 -8.941654093563557 6.800000000000001
      vertex -0.20145096629858017 -8.694751016795635 6.800000000000001
    endloop
  endfacet
  facet normal 0 0 1
    outer loop
      vertex -2.256303645670414 -8.399307802319527 6.800000000000001
      vertex -0.0175885409116745 -8.297038063406944 6.800000000000001
      vertex -2.3206696659326553 -7.965904988348484 6.800000000000001
    endloop
  endfacet
  facet normal 0 0 1
    outer loop
      vertex -2.3206696659326553 -7.965904988348484 6.800000000000001
      vertex -0.0175885409116745 -8.297038063406944 6.800000000000001
      vertex -2.327407017350197 -7.653007313609123 6.800000000000001
    endloop
  endfacet
  facet normal 0 0 1
    outer loop
      vertex -2.327407017350197 -7.653007313609123 6.800000000000001
      vertex 0.11554142087697983 -7.751603074371815 6.800000000000001
      vertex -2.3081435337662697 -7.46621286123991 6.800000000000001
    endloop
  endfacet
  facet normal 0 0 1
    outer loop
      vertex -2.3081435337662697 -7.46621286123991 6.800000000000001
      vertex 0.11554142087697983 -7.751603074371815 6.800000000000001
      vertex -2.2947401329874992 -7.405056901276112 6.800000000000001
    endloop
  endfacet
  facet normal 0 0 1
    outer loop
      vertex -0.5004425570368767 -9.172201752662659 6.800000000000001
      vertex -0.20145096629858017 -8.694751016795635 6.800000000000001
      vertex -2.103936731815338 -8.941654093563557 6.800000000000001
    endloop
  endfacet
  facet normal 0 0 1
    outer loop
      vertex -2.256303645670414 -8.399307802319527 6.800000000000001
      vertex -0.20145096629858017 -8.694751016795635 6.800000000000001
      vertex -0.0175885409116745 -8.297038063406944 6.800000000000001
    endloop
  endfacet
  facet normal 0 0 1
    outer loop
      vertex -2.327407017350197 -7.653007313609123 6.800000000000001
      vertex -0.0175885409116745 -8.297038063406944 6.800000000000001
      vertex 0.07702936232089996 -7.9987130761146545 6.800000000000001
    endloop
  endfacet
  facet normal 0 0 1
    outer loop
      vertex -2.327407017350197 -7.653007313609123 6.800000000000001
      vertex 0.07702936232089996 -7.9987130761146545 6.800000000000001
      vertex 0.11117225885391235 -7.8140579611063 6.800000000000001
    endloop
  endfacet
  facet normal 0 0 1
    outer loop
      vertex -2.327407017350197 -7.653007313609123 6.800000000000001
      vertex 0.11117225885391235 -7.8140579611063 6.800000000000001
      vertex 0.11554142087697983 -7.751603074371815 6.800000000000001
    endloop
  endfacet
  facet normal 0 0 1
    outer loop
      vertex -2.2947401329874992 -7.405056901276112 6.800000000000001
      vertex 0.11554142087697983 -7.751603074371815 6.800000000000001
      vertex 0.09497613459825516 -6.371890798211098 6.800000000000001
    endloop
  endfacet
  facet normal 0 0 1
    outer loop
      vertex -2.2947401329874992 -7.405056901276112 6.800000000000001
      vertex 0.09497613459825516 -6.371890798211098 6.800000000000001
      vertex -1.886032223701477 -6.086168870329857 6.800000000000001
    endloop
  endfacet
  facet normal 0 0 1
    outer loop
      vertex -5.300618775188923 -3.5417602360248566 6.800000000000001
      vertex -5.05762754380703 -3.880854107439518 6.800000000000001
      vertex -1.5965742771817657 -0.10464500676822891 6.800000000000001
    endloop
  endfacet
  facet normal 0 0 1
    outer loop
      vertex -4.8773190304636955 -4.100560657680035 6.800000000000001
      vertex -1.5692564486451688 -0.3121445152258052 6.800000000000001
      vertex -5.05762754380703 -3.880854107439518 6.800000000000001
    endloop
  endfacet
  facet normal 0 0 1
    outer loop
      vertex -4.8773190304636955 -4.100560657680035 6.800000000000001
      vertex -3.3644709438085556 -5.4108643382787704 6.800000000000001
      vertex -0.8889123728313635 -1.3303513796840725 6.800000000000001
    endloop
  endfacet
  facet normal 0 0 1
    outer loop
      vertex -3.3644709438085556 -5.4108643382787704 6.800000000000001
      vertex -3.1875 -5.520911946892738 6.800000000000001
      vertex -0.8 -1.3856406460551018 6.800000000000001
    endloop
  endfacet
  facet normal 0 0 1
    outer loop
      vertex -5.717563726007938 -2.8195903971791267 6.800000000000001
      vertex -5.520911946892738 -3.1875 6.800000000000001
      vertex -1.478207252018059 0.6122934917841437 6.800000000000001
    endloop
  endfacet
  facet normal 0 0 1
    outer loop
      vertex -5.300618775188923 -3.5417602360248566 6.800000000000001
      vertex -1.5863117781980967 0.20884190755208254 6.800000000000001
      vertex -5.520911946892738 -3.1875 6.800000000000001
    endloop
  endfacet
  facet normal 0 0 1
    outer loop
      vertex -5.300618775188923 -3.5417602360248566 6.800000000000001
      vertex -1.5965742771817657 -0.10464500676822891 6.800000000000001
      vertex -1.6 0 6.800000000000001
    endloop
  endfacet
  facet normal 0 0 1
    outer loop
      vertex -5.300618775188923 -3.5417602360248566 6.800000000000001
      vertex -1.6 0 6.800000000000001
      vertex -1.5965742771817657 0.10464500676822891 6.800000000000001
    endloop
  endfacet
  facet normal 0 0 1
    outer loop
      vertex -4.8773190304636955 -4.100560657680035 6.800000000000001
      vertex -1.3303513796840725 -0.8889123728313635 6.800000000000001
      vertex -1.3856406460551018 -0.8 6.800000000000001
    endloop
  endfacet
  facet normal 0 0 1
    outer loop
      vertex -4.8773190304636955 -4.100560657680035 6.800000000000001
      vertex -1.3856406460551018 -0.8 6.800000000000001
      vertex -1.4349963864523012 -0.7076619043504021 6.800000000000001
    endloop
  endfacet
  facet normal 0 0 1
    outer loop
      vertex -4.8773190304636955 -4.100560657680035 6.800000000000001
      vertex -1.478207252018059 -0.6122934917841437 6.800000000000001
      vertex -1.5150882071921692 -0.5143031444850585 6.800000000000001
    endloop
  endfacet
  facet normal 0 0 1
    outer loop
      vertex -4.8773190304636955 -4.100560657680035 6.800000000000001
      vertex -1.4349963864523012 -0.7076619043504021 6.800000000000001
      vertex -1.478207252018059 -0.6122934917841437 6.800000000000001
    endloop
  endfacet
  facet normal 0 0 1
    outer loop
      vertex -4.8773190304636955 -4.100560657680035 6.800000000000001
      vertex -1.2693653444659763 -0.974018286413953 6.800000000000001
      vertex -1.3303513796840725 -0.8889123728313635 6.800000000000001
    endloop
  endfacet
  facet normal 0 0 1
    outer loop
      vertex -4.8773190304636955 -4.100560657680035 6.800000000000001
      vertex -1.202943691966364 -1.0549533041601102 6.800000000000001
      vertex -1.2693653444659763 -0.974018286413953 6.800000000000001
    endloop
  endfacet
  facet normal 0 0 1
    outer loop
      vertex -4.8773190304636955 -4.100560657680035 6.800000000000001
      vertex -1.1313708498984762 -1.1313708498984762 6.800000000000001
      vertex -1.202943691966364 -1.0549533041601102 6.800000000000001
    endloop
  endfacet
  facet normal 0 0 1
    outer loop
      vertex -4.8773190304636955 -4.100560657680035 6.800000000000001
      vertex -1.0549533041601102 -1.202943691966364 6.800000000000001
      vertex -1.1313708498984762 -1.1313708498984762 6.800000000000001
    endloop
  endfacet
  facet normal 0 0 1
    outer loop
      vertex -4.8773190304636955 -4.100560657680035 6.800000000000001
      vertex -0.974018286413953 -1.2693653444659763 6.800000000000001
      vertex -1.0549533041601102 -1.202943691966364 6.800000000000001
    endloop
  endfacet
  facet normal 0 0 1
    outer loop
      vertex -5.05762754380703 -3.880854107439518 6.800000000000001
      vertex -1.5863117781980967 -0.20884190755208254 6.800000000000001
      vertex -1.5965742771817657 -0.10464500676822891 6.800000000000001
    endloop
  endfacet
  facet normal 0 0 1
    outer loop
      vertex -5.05762754380703 -3.880854107439518 6.800000000000001
      vertex -1.5692564486451688 -0.3121445152258052 6.800000000000001
      vertex -1.5863117781980967 -0.20884190755208254 6.800000000000001
    endloop
  endfacet
  facet normal 0 0 1
    outer loop
      vertex -4.8773190304636955 -4.100560657680035 6.800000000000001
      vertex -1.5150882071921692 -0.5143031444850585 6.800000000000001
      vertex -1.5454813220625094 -0.4141104721640332 6.800000000000001
    endloop
  endfacet
  facet normal 0 0 1
    outer loop
      vertex -4.8773190304636955 -4.100560657680035 6.800000000000001
      vertex -1.5454813220625094 -0.4141104721640332 6.800000000000001
      vertex -1.5692564486451688 -0.3121445152258052 6.800000000000001
    endloop
  endfacet
  facet normal 0 0 1
    outer loop
      vertex -5.300618775188923 -3.5417602360248566 6.800000000000001
      vertex -1.5965742771817657 0.10464500676822891 6.800000000000001
      vertex -1.5863117781980967 0.20884190755208254 6.800000000000001
    endloop
  endfacet
  facet normal 0 0 1
    outer loop
      vertex -5.520911946892738 -3.1875 6.800000000000001
      vertex -1.5863117781980967 0.20884190755208254 6.800000000000001
      vertex -1.5692564486451688 0.3121445152258052 6.800000000000001
    endloop
  endfacet
  facet normal 0 0 1
    outer loop
      vertex -5.520911946892738 -3.1875 6.800000000000001
      vertex -1.5692564486451688 0.3121445152258052 6.800000000000001
      vertex -1.5454813220625094 0.4141104721640332 6.800000000000001
    endloop
  endfacet
  facet normal 0 0 1
    outer loop
      vertex -5.520911946892738 -3.1875 6.800000000000001
      vertex -1.5454813220625094 0.4141104721640332 6.800000000000001
      vertex -1.5150882071921692 0.5143031444850585 6.800000000000001
    endloop
  endfacet
  facet normal 0 0 1
    outer loop
      vertex -5.520911946892738 -3.1875 6.800000000000001
      vertex -1.5150882071921692 0.5143031444850585 6.800000000000001
      vertex -1.478207252018059 0.6122934917841437 6.800000000000001
    endloop
  endfacet
  facet normal 0 0 1
    outer loop
      vertex -5.717563726007938 -2.8195903971791267 6.800000000000001
      vertex -1.478207252018059 0.6122934917841437 6.800000000000001
      vertex -1.4349963864523012 0.7076619043504021 6.800000000000001
    endloop
  endfacet
  facet normal 0 0 1
    outer loop
      vertex -5.717563726007938 -2.8195903971791267 6.800000000000001
      vertex -1.4349963864523012 0.7076619043504021 6.800000000000001
      vertex -1.3856406460551018 0.8 6.800000000000001
    endloop
  endfacet
  facet normal 0 0 1
    outer loop
      vertex -5.717563726007938 -2.8195903971791267 6.800000000000001
      vertex -1.3856406460551018 0.8 6.800000000000001
      vertex -1.3303513796840725 0.8889123728313635 6.800000000000001
    endloop
  endfacet
  facet normal 0 0 1
    outer loop
      vertex -5.717563726007938 -2.8195903971791267 6.800000000000001
      vertex -1.3303513796840725 0.8889123728313635 6.800000000000001
      vertex -1.2693653444659763 0.974018286413953 6.800000000000001
    endloop
  endfacet
  facet normal 0 0 1
    outer loop
      vertex -5.717563726007938 -2.8195903971791267 6.800000000000001
      vertex -1.2693653444659763 0.974018286413953 6.800000000000001
      vertex -1.202943691966364 1.0549533041601102 6.800000000000001
    endloop
  endfacet
  facet normal 0 0 1
    outer loop
      vertex -5.717563726007938 -2.8195903971791267 6.800000000000001
      vertex -1.202943691966364 1.0549533041601102 6.800000000000001
      vertex -1.1313708498984762 1.1313708498984762 6.800000000000001
    endloop
  endfacet
  facet normal 0 0 1
    outer loop
      vertex -5.717563726007938 -2.8195903971791267 6.800000000000001
      vertex -1.1313708498984762 1.1313708498984762 6.800000000000001
      vertex -1.0549533041601102 1.202943691966364 6.800000000000001
    endloop
  endfacet
  facet normal 0 0 1
    outer loop
      vertex -5.717563726007938 -2.8195903971791267 6.800000000000001
      vertex 3.5258068293333054 5.310539238154888 6.800000000000001
      vertex -5.7566272765398026 -2.733375295996666 6.800000000000001
    endloop
  endfacet
  facet normal 0 0 1
    outer loop
      vertex -2.8195903971791267 -5.717563726007938 6.800000000000001
      vertex -0.5143031444850585 -1.5150882071921692 6.800000000000001
      vertex -3.1875 -5.520911946892738 6.800000000000001
    endloop
  endfacet
  facet normal 0 0 1
    outer loop
      vertex -2.8195903971791267 -5.717563726007938 6.800000000000001
      vertex -2.4396068826317787 -5.889732018113136 6.800000000000001
      vertex -0.10464500676822891 -1.5965742771817657 6.800000000000001
    endloop
  endfacet
  facet normal 0 0 1
    outer loop
      vertex -2.4396068826317787 -5.889732018113136 6.800000000000001
      vertex -2.049176588654518 -6.036679573357105 6.800000000000001
      vertex 0.7076619043504021 -1.4349963864523012 6.800000000000001
    endloop
  endfacet
  facet normal 0 0 1
    outer loop
      vertex -3.1875 -5.520911946892738 6.800000000000001
      vertex -0.6122934917841437 -1.478207252018059 6.800000000000001
      vertex -0.7076619043504021 -1.4349963864523012 6.800000000000001
    endloop
  endfacet
  facet normal 0 0 1
    outer loop
      vertex -3.1875 -5.520911946892738 6.800000000000001
      vertex -0.5143031444850585 -1.5150882071921692 6.800000000000001
      vertex -0.6122934917841437 -1.478207252018059 6.800000000000001
    endloop
  endfacet
  facet normal 0 0 1
    outer loop
      vertex -2.8195903971791267 -5.717563726007938 6.800000000000001
      vertex -0.3121445152258052 -1.5692564486451688 6.800000000000001
      vertex -0.4141104721640332 -1.5454813220625094 6.800000000000001
    endloop
  endfacet
  facet normal 0 0 1
    outer loop
      vertex -2.8195903971791267 -5.717563726007938 6.800000000000001
      vertex -0.4141104721640332 -1.5454813220625094 6.800000000000001
      vertex -0.5143031444850585 -1.5150882071921692 6.800000000000001
    endloop
  endfacet
  facet normal 0 0 1
    outer loop
      vertex -3.3644709438085556 -5.4108643382787704 6.800000000000001
      vertex -0.8 -1.3856406460551018 6.800000000000001
      vertex -0.8889123728313635 -1.3303513796840725 6.800000000000001
    endloop
  endfacet
  facet normal 0 0 1
    outer loop
      vertex -3.1875 -5.520911946892738 6.800000000000001
      vertex -0.7076619043504021 -1.4349963864523012 6.800000000000001
      vertex -0.8 -1.3856406460551018 6.800000000000001
    endloop
  endfacet
  facet normal 0 0 1
    outer loop
      vertex -2.8195903971791267 -5.717563726007938 6.800000000000001
      vertex -0.20884190755208254 -1.5863117781980967 6.800000000000001
      vertex -0.3121445152258052 -1.5692564486451688 6.800000000000001
    endloop
  endfacet
  facet normal 0 0 1
    outer loop
      vertex -2.8195903971791267 -5.717563726007938 6.800000000000001
      vertex -0.10464500676822891 -1.5965742771817657 6.800000000000001
      vertex -0.20884190755208254 -1.5863117781980967 6.800000000000001
    endloop
  endfacet
  facet normal 0 0 1
    outer loop
      vertex -2.4396068826317787 -5.889732018113136 6.800000000000001
      vertex 0 -1.6 6.800000000000001
      vertex -0.10464500676822891 -1.5965742771817657 6.800000000000001
    endloop
  endfacet
  facet normal 0 0 1
    outer loop
      vertex -2.4396068826317787 -5.889732018113136 6.800000000000001
      vertex 0.10464500676822891 -1.5965742771817657 6.800000000000001
      vertex 0 -1.6 6.800000000000001
    endloop
  endfacet
  facet normal 0 0 1
    outer loop
      vertex -2.4396068826317787 -5.889732018113136 6.800000000000001
      vertex 0.20884190755208254 -1.5863117781980967 6.800000000000001
      vertex 0.10464500676822891 -1.5965742771817657 6.800000000000001
    endloop
  endfacet
  facet normal 0 0 1
    outer loop
      vertex -2.4396068826317787 -5.889732018113136 6.800000000000001
      vertex 0.3121445152258052 -1.5692564486451688 6.800000000000001
      vertex 0.20884190755208254 -1.5863117781980967 6.800000000000001
    endloop
  endfacet
  facet normal 0 0 1
    outer loop
      vertex -2.4396068826317787 -5.889732018113136 6.800000000000001
      vertex 0.4141104721640332 -1.5454813220625094 6.800000000000001
      vertex 0.3121445152258052 -1.5692564486451688 6.800000000000001
    endloop
  endfacet
  facet normal 0 0 1
    outer loop
      vertex -2.4396068826317787 -5.889732018113136 6.800000000000001
      vertex 0.5143031444850585 -1.5150882071921692 6.800000000000001
      vertex 0.4141104721640332 -1.5454813220625094 6.800000000000001
    endloop
  endfacet
  facet normal 0 0 1
    outer loop
      vertex -2.4396068826317787 -5.889732018113136 6.800000000000001
      vertex 0.6122934917841437 -1.478207252018059 6.800000000000001
      vertex 0.5143031444850585 -1.5150882071921692 6.800000000000001
    endloop
  endfacet
  facet normal 0 0 1
    outer loop
      vertex -2.4396068826317787 -5.889732018113136 6.800000000000001
      vertex 0.7076619043504021 -1.4349963864523012 6.800000000000001
      vertex 0.6122934917841437 -1.478207252018059 6.800000000000001
    endloop
  endfacet
  facet normal 0 0 1
    outer loop
      vertex -2.049176588654518 -6.036679573357105 6.800000000000001
      vertex 0.8 -1.3856406460551018 6.800000000000001
      vertex 0.7076619043504021 -1.4349963864523012 6.800000000000001
    endloop
  endfacet
  facet normal 0 0 1
    outer loop
      vertex -2.049176588654518 -6.036679573357105 6.800000000000001
      vertex 0.8889123728313635 -1.3303513796840725 6.800000000000001
      vertex 0.8 -1.3856406460551018 6.800000000000001
    endloop
  endfacet
  facet normal 0 0 1
    outer loop
      vertex -2.049176588654518 -6.036679573357105 6.800000000000001
      vertex 0.974018286413953 -1.2693653444659763 6.800000000000001
      vertex 0.8889123728313635 -1.3303513796840725 6.800000000000001
    endloop
  endfacet
  facet normal 0 0 1
    outer loop
      vertex -2.049176588654518 -6.036679573357105 6.800000000000001
      vertex 1.0549533041601102 -1.202943691966364 6.800000000000001
      vertex 0.974018286413953 -1.2693653444659763 6.800000000000001
    endloop
  endfacet
  facet normal 0 0 1
    outer loop
      vertex -4.8773190304636955 -4.100560657680035 6.800000000000001
      vertex -0.8889123728313635 -1.3303513796840725 6.800000000000001
      vertex -0.974018286413953 -1.2693653444659763 6.800000000000001
    endloop
  endfacet
  facet normal 0 0 -1
    outer loop
      vertex -9.007621563971043 1.8006891831755638 4.2
      vertex -9.472817078232765 2.3082973435521126 4.2
      vertex -8.551219537854195 3.3550517484545708 4.2
    endloop
  endfacet
  facet normal 0 0 -1
    outer loop
      vertex -9.472817078232765 2.3082973435521126 4.2
      vertex -9.217000596225262 3.179528273642063 4.2
      vertex -8.551219537854195 3.3550517484545708 4.2
    endloop
  endfacet
  facet normal -0.7372351362016846 -0.6756362586108619 0
    outer loop
      vertex -9.007621563971043 1.8006891831755638 4.2
      vertex -9.472817078232765 2.3082973435521126 6.800000000000001
      vertex -9.472817078232765 2.3082973435521126 4.2
    endloop
  endfacet
  facet normal -0.9594929737735437 0.28173255629976746 0
    outer loop
      vertex -9.472817078232765 2.3082973435521126 4.2
      vertex -9.217000596225262 3.179528273642063 6.800000000000001
      vertex -9.217000596225262 3.179528273642063 4.2
    endloop
  endfacet
  facet normal -0.7372351362016846 -0.6756362586108619 0
    outer loop
      vertex -9.007621563971043 1.8006891831755638 4.2
      vertex -9.007621563971043 1.8006891831755638 6.800000000000001
      vertex -9.472817078232765 2.3082973435521126 6.800000000000001
    endloop
  endfacet
  facet normal -0.9594929737735437 0.28173255629976746 0
    outer loop
      vertex -9.472817078232765 2.3082973435521126 4.2
      vertex -9.472817078232765 2.3082973435521126 6.800000000000001
      vertex -9.217000596225262 3.179528273642063 6.800000000000001
    endloop
  endfacet
  facet normal 0 0 1
    outer loop
      vertex -9.007621563971043 1.8006891831755638 6.800000000000001
      vertex -8.551219537854195 3.3550517484545708 6.800000000000001
      vertex -9.472817078232765 2.3082973435521126 6.800000000000001
    endloop
  endfacet
  facet normal 0 0 1
    outer loop
      vertex -9.472817078232765 2.3082973435521126 6.800000000000001
      vertex -8.551219537854195 3.3550517484545708 6.800000000000001
      vertex -9.217000596225262 3.179528273642063 6.800000000000001
    endloop
  endfacet
  facet normal 0 0 -1
    outer loop
      vertex -9.007621563971043 1.8006891831755638 4.2
      vertex -7.992709472775459 3.428683862090111 4.2
      vertex -8.577581524848938 1.436792567372322 4.2
    endloop
  endfacet
  facet normal 0 0 -1
    outer loop
      vertex -8.577581524848938 1.436792567372322 4.2
      vertex -7.992709472775459 3.428683862090111 4.2
      vertex -8.210083067417145 1.1982011497020721 4.2
    endloop
  endfacet
  facet normal 0 0 -1
    outer loop
      vertex -7.9282601326704025 1.062090240418911 4.2
      vertex -8.210083067417145 1.1982011497020721 4.2
      vertex -7.2438861802220345 3.392853870987892 4.2
    endloop
  endfacet
  facet normal 0 0 -1
    outer loop
      vertex -7.9282601326704025 1.062090240418911 4.2
      vertex -7.003108531236649 3.3252324610948563 4.2
      vertex -7.750343583524227 1.0020157024264336 4.2
    endloop
  endfacet
  facet normal 0 0 -1
    outer loop
      vertex -7.750343583524227 1.0020157024264336 4.2
      vertex -7.003108531236649 3.3252324610948563 4.2
      vertex -7.689146190881729 0.9888027608394623 4.2
    endloop
  endfacet
  facet normal 0 0 -1
    outer loop
      vertex -7.689146190881729 0.9888027608394623 4.2
      vertex -7.003108531236649 3.3252324610948563 4.2
      vertex -6.3223391473293304 0.8130351826548576 4.2
    endloop
  endfacet
  facet normal 0 0 -1
    outer loop
      vertex -9.007621563971043 1.8006891831755638 4.2
      vertex -8.551219537854195 3.3550517484545708 4.2
      vertex -7.992709472775459 3.428683862090111 4.2
    endloop
  endfacet
  facet normal 0 0 -1
    outer loop
      vertex -8.210083067417145 1.1982011497020721 4.2
      vertex -7.992709472775459 3.428683862090111 4.2
      vertex -7.554557837545872 3.430715076625347 4.2
    endloop
  endfacet
  facet normal 0 0 -1
    outer loop
      vertex -8.210083067417145 1.1982011497020721 4.2
      vertex -7.554557837545872 3.430715076625347 4.2
      vertex -7.2438861802220345 3.392853870987892 4.2
    endloop
  endfacet
  facet normal 0 0 -1
    outer loop
      vertex -7.9282601326704025 1.062090240418911 4.2
      vertex -7.2438861802220345 3.392853870987892 4.2
      vertex -7.06173450499773 3.3472028374671936 4.2
    endloop
  endfacet
  facet normal 0 0 -1
    outer loop
      vertex -7.9282601326704025 1.062090240418911 4.2
      vertex -7.06173450499773 3.3472028374671936 4.2
      vertex -7.003108531236649 3.3252324610948563 4.2
    endloop
  endfacet
  facet normal 0 0 -1
    outer loop
      vertex -6.3223391473293304 -0.8130351826548576 4.2
      vertex -6.361350633203983 -0.4169449508190155 4.2
      vertex -5.7566272765398026 2.733375295996666 4.2
    endloop
  endfacet
  facet normal 0 0 -1
    outer loop
      vertex -6.361350633203983 -0.4169449508190155 4.2
      vertex -6.375 0 4.2
      vertex -5.7566272765398026 2.733375295996666 4.2
    endloop
  endfacet
  facet normal 0 0 -1
    outer loop
      vertex -6.375 0 4.2
      vertex -6.361350633203983 0.4169449508190155 4.2
      vertex -5.7566272765398026 2.733375295996666 4.2
    endloop
  endfacet
  facet normal 0 0 -1
    outer loop
      vertex -5.7566272765398026 -2.733375295996666 4.2
      vertex -5.7566272765398026 2.733375295996666 4.2
      vertex -5.717563726007938 2.8195903971791267 4.2
    endloop
  endfacet
  facet normal 0 0 -1
    outer loop
      vertex -5.7566272765398026 -2.733375295996666 4.2
      vertex -5.717563726007938 2.8195903971791267 4.2
      vertex -5.520911946892738 3.1875 4.2
    endloop
  endfacet
  facet normal 0 0 -1
    outer loop
      vertex -6.361350633203983 0.4169449508190155 4.2
      vertex -6.3223391473293304 0.8130351826548576 4.2
      vertex -5.7566272765398026 2.733375295996666 4.2
    endloop
  endfacet
  facet normal 0 0 -1
    outer loop
      vertex -5.7566272765398026 -2.733375295996666 4.2
      vertex -5.520911946892738 3.1875 4.2
      vertex -5.300618775188923 3.5417602360248566 4.2
    endloop
  endfacet
  facet normal 0 0 -1
    outer loop
      vertex -5.7566272765398026 -2.733375295996666 4.2
      vertex -5.300618775188923 3.5417602360248566 4.2
      vertex -5.05762754380703 3.880854107439518 4.2
    endloop
  endfacet
  facet normal 0 0 -1
    outer loop
      vertex -5.7566272765398026 -2.733375295996666 4.2
      vertex -5.05762754380703 3.880854107439518 4.2
      vertex -4.8773190304636955 4.100560657680035 4.2
    endloop
  endfacet
  facet normal 0 0 -1
    outer loop
      vertex -7.003108531236649 3.3252324610948563 4.2
      vertex -5.7566272765398026 2.733375295996666 4.2
      vertex -6.3223391473293304 0.8130351826548576 4.2
    endloop
  endfacet
  facet normal 0 0 -1
    outer loop
      vertex -5.7566272765398026 -2.733375295996666 4.2
      vertex -4.8773190304636955 4.100560657680035 4.2
      vertex -3.3644709438085556 5.4108643382787704 4.2
    endloop
  endfacet
  facet normal -0.544534893881259 -0.8387381887965554 0
    outer loop
      vertex -8.577581524848938 1.436792567372322 4.2
      vertex -8.210083067417145 1.1982011497020721 4.2
      vertex -8.577581524848938 1.436792567372322 6.800000000000001
    endloop
  endfacet
  facet normal -0.6459593955300326 -0.7633717700612691 0
    outer loop
      vertex -9.007621563971043 1.8006891831755638 4.2
      vertex -8.577581524848938 1.436792567372322 4.2
      vertex -9.007621563971043 1.8006891831755638 6.800000000000001
    endloop
  endfacet
  facet normal -0.4349005407627747 -0.9004784948260821 0
    outer loop
      vertex -7.9282601326704025 1.062090240418911 4.2
      vertex -8.210083067417145 1.1982011497020721 6.800000000000001
      vertex -8.210083067417145 1.1982011497020721 4.2
    endloop
  endfacet
  facet normal -0.3199110787262915 -0.947447572010283 0
    outer loop
      vertex -7.9282601326704025 1.062090240418911 4.2
      vertex -7.750343583524227 1.0020157024264336 4.2
      vertex -7.9282601326704025 1.062090240418911 6.800000000000001
    endloop
  endfacet
  facet normal -0.21104397172426387 -0.9774765685165286 0
    outer loop
      vertex -7.750343583524227 1.0020157024264336 4.2
      vertex -7.689146190881729 0.9888027608394623 4.2
      vertex -7.750343583524227 1.0020157024264336 6.800000000000001
    endloop
  endfacet
  facet normal -0.12754690165303242 -0.9918325402398893 0
    outer loop
      vertex -7.689146190881729 0.9888027608394623 4.2
      vertex -6.3223391473293304 0.8130351826548576 4.2
      vertex -7.689146190881729 0.9888027608394623 6.800000000000001
    endloop
  endfacet
  facet normal -0.2549251241027247 0.9669607960518412 0
    outer loop
      vertex -9.217000596225262 3.179528273642063 4.2
      vertex -8.551219537854195 3.3550517484545708 6.800000000000001
      vertex -8.551219537854195 3.3550517484545708 4.2
    endloop
  endfacet
  facet normal -0.1307056830060937 0.9914212144340622 0
    outer loop
      vertex -8.551219537854195 3.3550517484545708 4.2
      vertex -7.992709472775459 3.428683862090111 6.800000000000001
      vertex -7.992709472775459 3.428683862090111 4.2
    endloop
  endfacet
  facet normal 0.3509222929688272 0.9364045836589548 0
    outer loop
      vertex -7.06173450499773 3.3472028374671936 4.2
      vertex -7.003108531236649 3.3252324610948563 6.800000000000001
      vertex -7.003108531236649 3.3252324610948563 4.2
    endloop
  endfacet
  facet normal -0.004635821358516237 0.9999892545224334 0
    outer loop
      vertex -7.992709472775459 3.428683862090111 4.2
      vertex -7.554557837545872 3.430715076625347 6.800000000000001
      vertex -7.554557837545872 3.430715076625347 4.2
    endloop
  endfacet
  facet normal 0.12097383382534109 0.9926556963668716 0
    outer loop
      vertex -7.554557837545872 3.430715076625347 4.2
      vertex -7.2438861802220345 3.392853870987892 6.800000000000001
      vertex -7.2438861802220345 3.392853870987892 4.2
    endloop
  endfacet
  facet normal 0.24310251305010394 0.9700006021383306 0
    outer loop
      vertex -7.06173450499773 3.3472028374671936 4.2
      vertex -7.2438861802220345 3.392853870987892 4.2
      vertex -7.06173450499773 3.3472028374671936 6.800000000000001
    endloop
  endfacet
  facet normal -0.9994645872900028 0.03271908851457069 0
    outer loop
      vertex -6.375 0 4.2
      vertex -6.361350633203983 0.4169449508190155 6.800000000000001
      vertex -6.361350633203983 0.4169449508190155 4.2
    endloop
  endfacet
  facet normal -0.9951847259160934 0.0980171480064074 0
    outer loop
      vertex -6.361350633203983 0.4169449508190155 4.2
      vertex -6.3223391473293304 0.8130351826548576 6.800000000000001
      vertex -6.3223391473293304 0.8130351826548576 4.2
    endloop
  endfacet
  facet normal -0.910863839226492 0.4127069982318877 0
    outer loop
      vertex -5.7566272765398026 2.733375295996666 4.2
      vertex -5.717563726007938 2.8195903971791267 6.800000000000001
      vertex -5.717563726007938 2.8195903971791267 4.2
    endloop
  endfacet
  facet normal 0.42892587802521803 0.9033396875817512 0
    outer loop
      vertex -7.003108531236649 3.3252324610948563 4.2
      vertex -5.7566272765398026 2.733375295996666 6.800000000000001
      vertex -5.7566272765398026 2.733375295996666 4.2
    endloop
  endfacet
  facet normal -0.8819212649620285 0.4713967356778953 0
    outer loop
      vertex -5.717563726007938 2.8195903971791267 4.2
      vertex -5.520911946892738 3.1875 6.800000000000001
      vertex -5.520911946892738 3.1875 4.2
    endloop
  endfacet
  facet normal -0.8492021807952389 0.5280678518264583 0
    outer loop
      vertex -5.520911946892738 3.1875 4.2
      vertex -5.300618775188923 3.5417602360248566 6.800000000000001
      vertex -5.300618775188923 3.5417602360248566 4.2
    endloop
  endfacet
  facet normal -0.8128466851919993 0.5824776960299674 0
    outer loop
      vertex -5.300618775188923 3.5417602360248566 4.2
      vertex -5.05762754380703 3.880854107439518 6.800000000000001
      vertex -5.05762754380703 3.880854107439518 4.2
    endloop
  endfacet
  facet normal -0.7730104406728486 0.6343932996263189 0
    outer loop
      vertex -5.05762754380703 3.880854107439518 4.2
      vertex -4.8773190304636955 4.100560657680035 6.800000000000001
      vertex -4.8773190304636955 4.100560657680035 4.2
    endloop
  endfacet
  facet normal 0 0 -1
    outer loop
      vertex -6.258964940905571 5.446696974337101 4.2
      vertex -6.439132049679756 5.846097514033318 4.2
      vertex -4.50051386654377 6.970403499901295 4.2
    endloop
  endfacet
  facet normal 0 0 -1
    outer loop
      vertex -6.439132049679756 5.846097514033318 4.2
      vertex -6.604167394340038 6.384724020957947 4.2
      vertex -5.379865720868111 7.445587456226349 4.2
    endloop
  endfacet
  facet normal 0 0 -1
    outer loop
      vertex -4.8773190304636955 4.100560657680035 4.2
      vertex -5.933934263885021 4.9889000952243805 4.2
      vertex -4.0936333909630775 6.5835298746824265 4.2
    endloop
  endfacet
  facet normal 0 0 -1
    outer loop
      vertex -6.258964940905571 5.446696974337101 4.2
      vertex -4.259629555046558 6.770590849220753 4.2
      vertex -6.095467507839203 5.179828204214573 4.2
    endloop
  endfacet
  facet normal 0 0 -1
    outer loop
      vertex -6.095467507839203 5.179828204214573 4.2
      vertex -4.259629555046558 6.770590849220753 4.2
      vertex -5.978273324668407 5.033101342618465 4.2
    endloop
  endfacet
  facet normal 0 0 -1
    outer loop
      vertex -5.933934263885021 4.9889000952243805 4.2
      vertex -5.978273324668407 5.033101342618465 4.2
      vertex -4.259629555046558 6.770590849220753 4.2
    endloop
  endfacet
  facet normal 0 0 -1
    outer loop
      vertex -6.439132049679756 5.846097514033318 4.2
      vertex -4.870208635926247 7.2055773958563805 4.2
      vertex -4.50051386654377 6.970403499901295 4.2
    endloop
  endfacet
  facet normal 0 0 -1
    outer loop
      vertex -5.933934263885021 4.9889000952243805 4.2
      vertex -4.131074622273445 6.633708126842976 4.2
      vertex -4.0936333909630775 6.5835298746824265 4.2
    endloop
  endfacet
  facet normal 0 0 -1
    outer loop
      vertex -5.933934263885021 4.9889000952243805 4.2
      vertex -4.259629555046558 6.770590849220753 4.2
      vertex -4.131074622273445 6.633708126842976 4.2
    endloop
  endfacet
  facet normal 0 0 -1
    outer loop
      vertex -6.258964940905571 5.446696974337101 4.2
      vertex -4.50051386654377 6.970403499901295 4.2
      vertex -4.259629555046558 6.770590849220753 4.2
    endloop
  endfacet
  facet normal 0 0 -1
    outer loop
      vertex -6.604167394340038 6.384724020957947 4.2
      vertex -6.72108107060194 7.063254863023758 4.2
      vertex -5.379865720868111 7.445587456226349 4.2
    endloop
  endfacet
  facet normal 0 0 -1
    outer loop
      vertex -6.72108107060194 7.063254863023758 4.2
      vertex -6.034851543605328 7.657876133918762 4.2
      vertex -5.379865720868111 7.445587456226349 4.2
    endloop
  endfacet
  facet normal 0 0 -1
    outer loop
      vertex -6.439132049679756 5.846097514033318 4.2
      vertex -5.379865720868111 7.445587456226349 4.2
      vertex -4.870208635926247 7.2055773958563805 4.2
    endloop
  endfacet
  facet normal -0.8526970405296619 -0.5224057398918548 0
    outer loop
      vertex -6.258964940905571 5.446696974337101 4.2
      vertex -6.095467507839203 5.179828204214573 4.2
      vertex -6.258964940905571 5.446696974337101 6.800000000000001
    endloop
  endfacet
  facet normal -0.7060053110688935 -0.7082065381952606 0
    outer loop
      vertex -5.933934263885021 4.9889000952243805 4.2
      vertex -5.978273324668407 5.033101342618465 6.800000000000001
      vertex -5.978273324668407 5.033101342618465 4.2
    endloop
  endfacet
  facet normal -0.7813551331607902 -0.6240866573507913 0
    outer loop
      vertex -6.095467507839203 5.179828204214573 4.2
      vertex -5.978273324668407 5.033101342618465 4.2
      vertex -6.095467507839203 5.179828204214573 6.800000000000001
    endloop
  endfacet
  facet normal -0.911548009982677 -0.4111936593584846 0
    outer loop
      vertex -6.258964940905571 5.446696974337101 4.2
      vertex -6.439132049679756 5.846097514033318 6.800000000000001
      vertex -6.439132049679756 5.846097514033318 4.2
    endloop
  endfacet
  facet normal -0.9561255574366788 -0.29295719553614 0
    outer loop
      vertex -6.439132049679756 5.846097514033318 4.2
      vertex -6.604167394340038 6.384724020957947 6.800000000000001
      vertex -6.604167394340038 6.384724020957947 4.2
    endloop
  endfacet
  facet normal -0.6435244340448618 -0.7654255697239545 0
    outer loop
      vertex -4.8773190304636955 4.100560657680035 4.2
      vertex -5.933934263885021 4.9889000952243805 6.800000000000001
      vertex -5.933934263885021 4.9889000952243805 4.2
    endloop
  endfacet
  facet normal -0.9854782027255352 -0.16980197864821486 0
    outer loop
      vertex -6.604167394340038 6.384724020957947 4.2
      vertex -6.72108107060194 7.063254863023758 6.800000000000001
      vertex -6.72108107060194 7.063254863023758 4.2
    endloop
  endfacet
  facet normal -0.6548607345087275 0.7557495738660328 0
    outer loop
      vertex -6.72108107060194 7.063254863023758 4.2
      vertex -6.034851543605328 7.657876133918762 6.800000000000001
      vertex -6.034851543605328 7.657876133918762 4.2
    endloop
  endfacet
  facet normal 0.3083218208060539 0.9512821110558316 0
    outer loop
      vertex -6.034851543605328 7.657876133918762 4.2
      vertex -5.379865720868111 7.445587456226349 6.800000000000001
      vertex -5.379865720868111 7.445587456226349 4.2
    endloop
  endfacet
  facet normal 0.5367351127371667 0.8437508037062964 0
    outer loop
      vertex -4.870208635926247 7.2055773958563805 4.2
      vertex -4.50051386654377 6.970403499901295 6.800000000000001
      vertex -4.50051386654377 6.970403499901295 4.2
    endloop
  endfacet
  facet normal 0.42604615972314896 0.9047014257671738 0
    outer loop
      vertex -5.379865720868111 7.445587456226349 4.2
      vertex -4.870208635926247 7.2055773958563805 6.800000000000001
      vertex -4.870208635926247 7.2055773958563805 4.2
    endloop
  endfacet
  facet normal 0 0 -1
    outer loop
      vertex -5.7566272765398026 -2.733375295996666 4.2
      vertex -3.695518130045147 1.5307337294603591 4.2
      vertex -3.7877205179804228 1.2857578612126463 4.2
    endloop
  endfacet
  facet normal 0 0 -1
    outer loop
      vertex -5.7566272765398026 -2.733375295996666 4.2
      vertex -3.587490966130753 1.7691547608760052 4.2
      vertex -3.695518130045147 1.5307337294603591 4.2
    endloop
  endfacet
  facet normal 0 0 -1
    outer loop
      vertex -5.7566272765398026 -2.733375295996666 4.2
      vertex -1.886032223701477 6.086168870329857 4.2
      vertex -3.587490966130753 1.7691547608760052 4.2
    endloop
  endfacet
  facet normal 0 0 -1
    outer loop
      vertex -5.7566272765398026 -2.733375295996666 4.2
      vertex -3.3644709438085556 5.4108643382787704 4.2
      vertex -3.1875 5.520911946892738 4.2
    endloop
  endfacet
  facet normal 0 0 -1
    outer loop
      vertex -5.7566272765398026 -2.733375295996666 4.2
      vertex -3.1875 5.520911946892738 4.2
      vertex -2.8195903971791267 5.717563726007938 4.2
    endloop
  endfacet
  facet normal 0 0 -1
    outer loop
      vertex -5.7566272765398026 -2.733375295996666 4.2
      vertex -2.8195903971791267 5.717563726007938 4.2
      vertex -2.4396068826317787 5.889732018113136 4.2
    endloop
  endfacet
  facet normal 0 0 -1
    outer loop
      vertex -5.7566272765398026 -2.733375295996666 4.2
      vertex -2.4396068826317787 5.889732018113136 4.2
      vertex -2.049176588654518 6.036679573357105 4.2
    endloop
  endfacet
  facet normal 0 0 -1
    outer loop
      vertex -5.7566272765398026 -2.733375295996666 4.2
      vertex -2.049176588654518 6.036679573357105 4.2
      vertex -1.886032223701477 6.086168870329857 4.2
    endloop
  endfacet
  facet normal 0 0 -1
    outer loop
      vertex -3.587490966130753 1.7691547608760052 4.2
      vertex -1.886032223701477 6.086168870329857 4.2
      vertex -3.4641016151377544 2 4.2
    endloop
  endfacet
  facet normal 0 0 -1
    outer loop
      vertex -3.4641016151377544 2 4.2
      vertex -1.886032223701477 6.086168870329857 4.2
      vertex -3.325878449210181 2.2222809320784087 4.2
    endloop
  endfacet
  facet normal 0 0 -1
    outer loop
      vertex -3.325878449210181 2.2222809320784087 4.2
      vertex -1.886032223701477 6.086168870329857 4.2
      vertex -3.1734133611649407 2.4350457160348826 4.2
    endloop
  endfacet
  facet normal 0 0 -1
    outer loop
      vertex -3.1734133611649407 2.4350457160348826 4.2
      vertex -1.886032223701477 6.086168870329857 4.2
      vertex -3.00735922991591 2.6373832604002754 4.2
    endloop
  endfacet
  facet normal 0 0 -1
    outer loop
      vertex -3.00735922991591 2.6373832604002754 4.2
      vertex -1.886032223701477 6.086168870329857 4.2
      vertex -2.8284271247461903 2.8284271247461903 4.2
    endloop
  endfacet
  facet normal 0 0 -1
    outer loop
      vertex -2.8284271247461903 2.8284271247461903 4.2
      vertex -1.886032223701477 6.086168870329857 4.2
      vertex -2.6373832604002754 3.00735922991591 4.2
    endloop
  endfacet
  facet normal 0 0 -1
    outer loop
      vertex -2.6373832604002754 3.00735922991591 4.2
      vertex -1.886032223701477 6.086168870329857 4.2
      vertex -2.4350457160348826 3.1734133611649407 4.2
    endloop
  endfacet
  facet normal 0 0 -1
    outer loop
      vertex -2.4350457160348826 3.1734133611649407 4.2
      vertex -1.886032223701477 6.086168870329857 4.2
      vertex -2.2222809320784087 3.325878449210181 4.2
    endloop
  endfacet
  facet normal 0 0 -1
    outer loop
      vertex -2.2222809320784087 3.325878449210181 4.2
      vertex -1.886032223701477 6.086168870329857 4.2
      vertex -2 3.4641016151377544 4.2
    endloop
  endfacet
  facet normal 0 0 -1
    outer loop
      vertex -2 3.4641016151377544 4.2
      vertex -1.886032223701477 6.086168870329857 4.2
      vertex -1.7691547608760052 3.587490966130753 4.2
    endloop
  endfacet
  facet normal 0 0 -1
    outer loop
      vertex -4.8773190304636955 4.100560657680035 4.2
      vertex -4.0936333909630775 6.5835298746824265 4.2
      vertex -3.3644709438085556 5.4108643382787704 4.2
    endloop
  endfacet
  facet normal 0 0 -1
    outer loop
      vertex -1.7691547608760052 3.587490966130753 4.2
      vertex -1.886032223701477 6.086168870329857 4.2
      vertex 0.09497613459825516 6.371890798211098 4.2
    endloop
  endfacet
  facet normal 0 0 -1
    outer loop
      vertex -2.2947401329874992 7.405056901276112 4.2
      vertex 0.09497613459825516 6.371890798211098 4.2
      vertex -1.886032223701477 6.086168870329857 4.2
    endloop
  endfacet
  facet normal 0 0 -1
    outer loop
      vertex -1.7691547608760052 3.587490966130753 4.2
      vertex 0.09497613459825516 6.371890798211098 4.2
      vertex -1.5307337294603591 3.695518130045147 4.2
    endloop
  endfacet
  facet normal 0 0 -1
    outer loop
      vertex -1.5307337294603591 3.695518130045147 4.2
      vertex 0.4169449508190155 6.361350633203983 4.2
      vertex -1.2857578612126463 3.7877205179804228 4.2
    endloop
  endfacet
  facet normal 0 0 -1
    outer loop
      vertex -1.2857578612126463 3.7877205179804228 4.2
      vertex 0.4169449508190155 6.361350633203983 4.2
      vertex -1.035276180410083 3.8637033051562732 4.2
    endloop
  endfacet
  facet normal 0 0 -1
    outer loop
      vertex -1.035276180410083 3.8637033051562732 4.2
      vertex 0.8321044743061066 6.320460990071297 4.2
      vertex -0.780361288064513 3.9231411216129217 4.2
    endloop
  endfacet
  facet normal 0 0 -1
    outer loop
      vertex -0.780361288064513 3.9231411216129217 4.2
      vertex 1.2437008023262024 6.252506159245968 4.2
      vertex -0.5221047688802063 3.9657794454952415 4.2
    endloop
  endfacet
  facet normal 0 0 -1
    outer loop
      vertex -1.5307337294603591 3.695518130045147 4.2
      vertex 0.09497613459825516 6.371890798211098 4.2
      vertex 0.4169449508190155 6.361350633203983 4.2
    endloop
  endfacet
  facet normal 0 0 -1
    outer loop
      vertex -2.2947401329874992 7.405056901276112 4.2
      vertex -2.3081435337662697 7.46621286123991 4.2
      vertex 0.11554142087697983 7.751603074371815 4.2
    endloop
  endfacet
  facet normal 0 0 -1
    outer loop
      vertex -2.3081435337662697 7.46621286123991 4.2
      vertex -2.327407017350197 7.653007313609123 4.2
      vertex 0.11554142087697983 7.751603074371815 4.2
    endloop
  endfacet
  facet normal 0 0 -1
    outer loop
      vertex -2.327407017350197 7.653007313609123 4.2
      vertex -2.3206696659326553 7.965904988348484 4.2
      vertex -0.0175885409116745 8.297038063406944 4.2
    endloop
  endfacet
  facet normal 0 0 -1
    outer loop
      vertex -2.3206696659326553 7.965904988348484 4.2
      vertex -2.256303645670414 8.399307802319527 4.2
      vertex -0.0175885409116745 8.297038063406944 4.2
    endloop
  endfacet
  facet normal 0 0 -1
    outer loop
      vertex -2.256303645670414 8.399307802319527 4.2
      vertex -2.103936731815338 8.941654093563557 4.2
      vertex -0.20145096629858017 8.694751016795635 4.2
    endloop
  endfacet
  facet normal 0 0 -1
    outer loop
      vertex -2.2947401329874992 7.405056901276112 4.2
      vertex 0.11554142087697983 7.751603074371815 4.2
      vertex 0.09497613459825516 6.371890798211098 4.2
    endloop
  endfacet
  facet normal 0 0 -1
    outer loop
      vertex -2.327407017350197 7.653007313609123 4.2
      vertex 0.07702936232089996 7.9987130761146545 4.2
      vertex 0.11117225885391235 7.8140579611063 4.2
    endloop
  endfacet
  facet normal 0 0 -1
    outer loop
      vertex -2.327407017350197 7.653007313609123 4.2
      vertex 0.11117225885391235 7.8140579611063 4.2
      vertex 0.11554142087697983 7.751603074371815 4.2
    endloop
  endfacet
  facet normal 0 0 -1
    outer loop
      vertex -2.327407017350197 7.653007313609123 4.2
      vertex -0.0175885409116745 8.297038063406944 4.2
      vertex 0.07702936232089996 7.9987130761146545 4.2
    endloop
  endfacet
  facet normal 0 0 -1
    outer loop
      vertex -2.103936731815338 8.941654093563557 4.2
      vertex -0.5004425570368767 9.172201752662659 4.2
      vertex -0.20145096629858017 8.694751016795635 4.2
    endloop
  endfacet
  facet normal 0 0 -1
    outer loop
      vertex -2.256303645670414 8.399307802319527 4.2
      vertex -0.20145096629858017 8.694751016795635 4.2
      vertex -0.0175885409116745 8.297038063406944 4.2
    endloop
  endfacet
  facet normal 0.7289327506971999 0.6845853087534188 0
    outer loop
      vertex -4.131074622273445 6.633708126842976 4.2
      vertex -4.259629555046558 6.770590849220753 4.2
      vertex -4.131074622273445 6.633708126842976 6.800000000000001
    endloop
  endfacet
  facet normal 0.8014731182261413 0.5980308025184535 0
    outer loop
      vertex -4.131074622273445 6.633708126842976 4.2
      vertex -4.0936333909630775 6.5835298746824265 6.800000000000001
      vertex -4.0936333909630775 6.5835298746824265 4.2
    endloop
  endfacet
  facet normal 0.8492177181071996 0.5280428649766995 0
    outer loop
      vertex -4.0936333909630775 6.5835298746824265 4.2
      vertex -3.3644709438085556 5.4108643382787704 6.800000000000001
      vertex -3.3644709438085556 5.4108643382787704 4.2
    endloop
  endfacet
  facet normal -0.5280678644326543 0.8492021729562023 0
    outer loop
      vertex -3.3644709438085556 5.4108643382787704 4.2
      vertex -3.1875 5.520911946892738 6.800000000000001
      vertex -3.1875 5.520911946892738 4.2
    endloop
  endfacet
  facet normal -0.4713967356778953 0.8819212649620285 0
    outer loop
      vertex -3.1875 5.520911946892738 4.2
      vertex -2.8195903971791267 5.717563726007938 6.800000000000001
      vertex -2.8195903971791267 5.717563726007938 4.2
    endloop
  endfacet
  facet normal -0.4127070328909464 0.9108638235226775 0
    outer loop
      vertex -2.8195903971791267 5.717563726007938 4.2
      vertex -2.4396068826317787 5.889732018113136 6.800000000000001
      vertex -2.4396068826317787 5.889732018113136 4.2
    endloop
  endfacet
  facet normal 0.6384398573888138 0.7696717147572406 0
    outer loop
      vertex -4.50051386654377 6.970403499901295 4.2
      vertex -4.259629555046558 6.770590849220753 6.800000000000001
      vertex -4.259629555046558 6.770590849220753 4.2
    endloop
  endfacet
  facet normal -0.9768147967053415 -0.21408608767853704 0
    outer loop
      vertex -2.2947401329874992 7.405056901276112 4.2
      vertex -2.3081435337662697 7.46621286123991 6.800000000000001
      vertex -2.3081435337662697 7.46621286123991 4.2
    endloop
  endfacet
  facet normal -0.9947244905198538 -0.10258259092076605 0
    outer loop
      vertex -2.3081435337662697 7.46621286123991 4.2
      vertex -2.327407017350197 7.653007313609123 6.800000000000001
      vertex -2.327407017350197 7.653007313609123 4.2
    endloop
  endfacet
  facet normal -0.9997682644028637 0.0215271338753107 0
    outer loop
      vertex -2.327407017350197 7.653007313609123 4.2
      vertex -2.3206696659326553 7.965904988348484 6.800000000000001
      vertex -2.3206696659326553 7.965904988348484 4.2
    endloop
  endfacet
  facet normal -0.9891510592550385 0.14690194680342158 0
    outer loop
      vertex -2.3206696659326553 7.965904988348484 4.2
      vertex -2.256303645670414 8.399307802319527 6.800000000000001
      vertex -2.256303645670414 8.399307802319527 4.2
    endloop
  endfacet
  facet normal -0.3522500436854187 0.9359059283515735 0
    outer loop
      vertex -2.4396068826317787 5.889732018113136 4.2
      vertex -2.049176588654518 6.036679573357105 6.800000000000001
      vertex -2.049176588654518 6.036679573357105 4.2
    endloop
  endfacet
  facet normal -0.2902846499413179 0.9569403440175602 0
    outer loop
      vertex -2.049176588654518 6.036679573357105 4.2
      vertex -1.886032223701477 6.086168870329857 6.800000000000001
      vertex -1.886032223701477 6.086168870329857 4.2
    endloop
  endfacet
  facet normal -0.9551875090255253 -0.2960013895264885 0
    outer loop
      vertex -2.2947401329874992 7.405056901276112 4.2
      vertex -1.886032223701477 6.086168870329857 4.2
      vertex -2.2947401329874992 7.405056901276112 6.800000000000001
    endloop
  endfacet
  facet normal -0.9627286175670187 0.2704692383941233 0
    outer loop
      vertex -2.256303645670414 8.399307802319527 4.2
      vertex -2.103936731815338 8.941654093563557 6.800000000000001
      vertex -2.103936731815338 8.941654093563557 4.2
    endloop
  endfacet
  facet normal 0.8475313540332315 0.5307453286940894 0
    outer loop
      vertex -0.20145096629858017 8.694751016795635 4.2
      vertex -0.5004425570368767 9.172201752662659 4.2
      vertex -0.20145096629858017 8.694751016795635 6.800000000000001
    endloop
  endfacet
  facet normal 0.9076964324571933 0.4196274377402935 0
    outer loop
      vertex -0.0175885409116745 8.297038063406944 4.2
      vertex -0.20145096629858017 8.694751016795635 4.2
      vertex -0.0175885409116745 8.297038063406944 6.800000000000001
    endloop
  endfacet
  facet normal -0.4349005407627747 -0.9004784948260821 0
    outer loop
      vertex -7.9282601326704025 1.062090240418911 4.2
      vertex -7.9282601326704025 1.062090240418911 6.800000000000001
      vertex -8.210083067417145 1.1982011497020721 6.800000000000001
    endloop
  endfacet
  facet normal -0.6459593955300326 -0.7633717700612691 0
    outer loop
      vertex -9.007621563971043 1.8006891831755638 6.800000000000001
      vertex -8.577581524848938 1.436792567372322 4.2
      vertex -8.577581524848938 1.436792567372322 6.800000000000001
    endloop
  endfacet
  facet normal -0.544534893881259 -0.8387381887965554 0
    outer loop
      vertex -8.210083067417145 1.1982011497020721 4.2
      vertex -8.210083067417145 1.1982011497020721 6.800000000000001
      vertex -8.577581524848938 1.436792567372322 6.800000000000001
    endloop
  endfacet
  facet normal -0.3199110787262915 -0.947447572010283 0
    outer loop
      vertex -7.750343583524227 1.0020157024264336 4.2
      vertex -7.750343583524227 1.0020157024264336 6.800000000000001
      vertex -7.9282601326704025 1.062090240418911 6.800000000000001
    endloop
  endfacet
  facet normal -0.21104397172426387 -0.9774765685165286 0
    outer loop
      vertex -7.689146190881729 0.9888027608394623 4.2
      vertex -7.689146190881729 0.9888027608394623 6.800000000000001
      vertex -7.750343583524227 1.0020157024264336 6.800000000000001
    endloop
  endfacet
  facet normal -0.12754690165303242 -0.9918325402398893 0
    outer loop
      vertex -6.3223391473293304 0.8130351826548576 4.2
      vertex -6.3223391473293304 0.8130351826548576 6.800000000000001
      vertex -7.689146190881729 0.9888027608394623 6.800000000000001
    endloop
  endfacet
  facet normal -0.2549251241027247 0.9669607960518412 0
    outer loop
      vertex -9.217000596225262 3.179528273642063 4.2
      vertex -9.217000596225262 3.179528273642063 6.800000000000001
      vertex -8.551219537854195 3.3550517484545708 6.800000000000001
    endloop
  endfacet
  facet normal -0.1307056830060937 0.9914212144340622 0
    outer loop
      vertex -8.551219537854195 3.3550517484545708 4.2
      vertex -8.551219537854195 3.3550517484545708 6.800000000000001
      vertex -7.992709472775459 3.428683862090111 6.800000000000001
    endloop
  endfacet
  facet normal 0.3509222929688272 0.9364045836589548 0
    outer loop
      vertex -7.06173450499773 3.3472028374671936 4.2
      vertex -7.06173450499773 3.3472028374671936 6.800000000000001
      vertex -7.003108531236649 3.3252324610948563 6.800000000000001
    endloop
  endfacet
  facet normal -0.004635821358516237 0.9999892545224334 0
    outer loop
      vertex -7.992709472775459 3.428683862090111 4.2
      vertex -7.992709472775459 3.428683862090111 6.800000000000001
      vertex -7.554557837545872 3.430715076625347 6.800000000000001
    endloop
  endfacet
  facet normal 0.12097383382534109 0.9926556963668716 0
    outer loop
      vertex -7.554557837545872 3.430715076625347 4.2
      vertex -7.554557837545872 3.430715076625347 6.800000000000001
      vertex -7.2438861802220345 3.392853870987892 6.800000000000001
    endloop
  endfacet
  facet normal 0.24310251305010394 0.9700006021383306 0
    outer loop
      vertex -7.2438861802220345 3.392853870987892 4.2
      vertex -7.2438861802220345 3.392853870987892 6.800000000000001
      vertex -7.06173450499773 3.3472028374671936 6.800000000000001
    endloop
  endfacet
  facet normal -0.9994645872900028 0.03271908851457069 0
    outer loop
      vertex -6.375 0 4.2
      vertex -6.375 0 6.800000000000001
      vertex -6.361350633203983 0.4169449508190155 6.800000000000001
    endloop
  endfacet
  facet normal -0.9951847259160934 0.0980171480064074 0
    outer loop
      vertex -6.361350633203983 0.4169449508190155 4.2
      vertex -6.361350633203983 0.4169449508190155 6.800000000000001
      vertex -6.3223391473293304 0.8130351826548576 6.800000000000001
    endloop
  endfacet
  facet normal 0.42892587802521803 0.9033396875817512 0
    outer loop
      vertex -7.003108531236649 3.3252324610948563 4.2
      vertex -7.003108531236649 3.3252324610948563 6.800000000000001
      vertex -5.7566272765398026 2.733375295996666 6.800000000000001
    endloop
  endfacet
  facet normal -0.910863839226492 0.4127069982318877 0
    outer loop
      vertex -5.7566272765398026 2.733375295996666 4.2
      vertex -5.7566272765398026 2.733375295996666 6.800000000000001
      vertex -5.717563726007938 2.8195903971791267 6.800000000000001
    endloop
  endfacet
  facet normal -0.8819212649620285 0.4713967356778953 0
    outer loop
      vertex -5.717563726007938 2.8195903971791267 4.2
      vertex -5.717563726007938 2.8195903971791267 6.800000000000001
      vertex -5.520911946892738 3.1875 6.800000000000001
    endloop
  endfacet
  facet normal -0.8492021807952389 0.5280678518264583 0
    outer loop
      vertex -5.520911946892738 3.1875 4.2
      vertex -5.520911946892738 3.1875 6.800000000000001
      vertex -5.300618775188923 3.5417602360248566 6.800000000000001
    endloop
  endfacet
  facet normal -0.8128466851919993 0.5824776960299674 0
    outer loop
      vertex -5.300618775188923 3.5417602360248566 4.2
      vertex -5.300618775188923 3.5417602360248566 6.800000000000001
      vertex -5.05762754380703 3.880854107439518 6.800000000000001
    endloop
  endfacet
  facet normal -0.6435244340448618 -0.7654255697239545 0
    outer loop
      vertex -4.8773190304636955 4.100560657680035 4.2
      vertex -4.8773190304636955 4.100560657680035 6.800000000000001
      vertex -5.933934263885021 4.9889000952243805 6.800000000000001
    endloop
  endfacet
  facet normal -0.7730104406728486 0.6343932996263189 0
    outer loop
      vertex -5.05762754380703 3.880854107439518 4.2
      vertex -5.05762754380703 3.880854107439518 6.800000000000001
      vertex -4.8773190304636955 4.100560657680035 6.800000000000001
    endloop
  endfacet
  facet normal 0 0 1
    outer loop
      vertex -9.007621563971043 1.8006891831755638 6.800000000000001
      vertex -8.577581524848938 1.436792567372322 6.800000000000001
      vertex -7.992709472775459 3.428683862090111 6.800000000000001
    endloop
  endfacet
  facet normal 0 0 1
    outer loop
      vertex -8.577581524848938 1.436792567372322 6.800000000000001
      vertex -8.210083067417145 1.1982011497020721 6.800000000000001
      vertex -7.992709472775459 3.428683862090111 6.800000000000001
    endloop
  endfacet
  facet normal 0 0 1
    outer loop
      vertex -7.9282601326704025 1.062090240418911 6.800000000000001
      vertex -7.2438861802220345 3.392853870987892 6.800000000000001
      vertex -8.210083067417145 1.1982011497020721 6.800000000000001
    endloop
  endfacet
  facet normal 0 0 1
    outer loop
      vertex -7.9282601326704025 1.062090240418911 6.800000000000001
      vertex -7.750343583524227 1.0020157024264336 6.800000000000001
      vertex -7.003108531236649 3.3252324610948563 6.800000000000001
    endloop
  endfacet
  facet normal 0 0 1
    outer loop
      vertex -7.750343583524227 1.0020157024264336 6.800000000000001
      vertex -7.689146190881729 0.9888027608394623 6.800000000000001
      vertex -7.003108531236649 3.3252324610948563 6.800000000000001
    endloop
  endfacet
  facet normal 0 0 1
    outer loop
      vertex -7.689146190881729 0.9888027608394623 6.800000000000001
      vertex -6.3223391473293304 0.8130351826548576 6.800000000000001
      vertex -7.003108531236649 3.3252324610948563 6.800000000000001
    endloop
  endfacet
  facet normal 0 0 1
    outer loop
      vertex -9.007621563971043 1.8006891831755638 6.800000000000001
      vertex -7.992709472775459 3.428683862090111 6.800000000000001
      vertex -8.551219537854195 3.3550517484545708 6.800000000000001
    endloop
  endfacet
  facet normal 0 0 1
    outer loop
      vertex -8.210083067417145 1.1982011497020721 6.800000000000001
      vertex -7.554557837545872 3.430715076625347 6.800000000000001
      vertex -7.992709472775459 3.428683862090111 6.800000000000001
    endloop
  endfacet
  facet normal 0 0 1
    outer loop
      vertex -8.210083067417145 1.1982011497020721 6.800000000000001
      vertex -7.2438861802220345 3.392853870987892 6.800000000000001
      vertex -7.554557837545872 3.430715076625347 6.800000000000001
    endloop
  endfacet
  facet normal 0 0 1
    outer loop
      vertex -7.9282601326704025 1.062090240418911 6.800000000000001
      vertex -7.06173450499773 3.3472028374671936 6.800000000000001
      vertex -7.2438861802220345 3.392853870987892 6.800000000000001
    endloop
  endfacet
  facet normal 0 0 1
    outer loop
      vertex -7.9282601326704025 1.062090240418911 6.800000000000001
      vertex -7.003108531236649 3.3252324610948563 6.800000000000001
      vertex -7.06173450499773 3.3472028374671936 6.800000000000001
    endloop
  endfacet
  facet normal 0 0 1
    outer loop
      vertex -6.3223391473293304 -0.8130351826548576 6.800000000000001
      vertex -5.7566272765398026 2.733375295996666 6.800000000000001
      vertex -6.361350633203983 -0.4169449508190155 6.800000000000001
    endloop
  endfacet
  facet normal 0 0 1
    outer loop
      vertex -6.361350633203983 -0.4169449508190155 6.800000000000001
      vertex -5.7566272765398026 2.733375295996666 6.800000000000001
      vertex -6.375 0 6.800000000000001
    endloop
  endfacet
  facet normal 0 0 1
    outer loop
      vertex -6.375 0 6.800000000000001
      vertex -5.7566272765398026 2.733375295996666 6.800000000000001
      vertex -6.361350633203983 0.4169449508190155 6.800000000000001
    endloop
  endfacet
  facet normal 0 0 1
    outer loop
      vertex -5.7566272765398026 -2.733375295996666 6.800000000000001
      vertex -5.717563726007938 2.8195903971791267 6.800000000000001
      vertex -5.7566272765398026 2.733375295996666 6.800000000000001
    endloop
  endfacet
  facet normal 0 0 1
    outer loop
      vertex -5.7566272765398026 -2.733375295996666 6.800000000000001
      vertex -5.520911946892738 3.1875 6.800000000000001
      vertex -5.717563726007938 2.8195903971791267 6.800000000000001
    endloop
  endfacet
  facet normal 0 0 1
    outer loop
      vertex -6.361350633203983 0.4169449508190155 6.800000000000001
      vertex -5.7566272765398026 2.733375295996666 6.800000000000001
      vertex -6.3223391473293304 0.8130351826548576 6.800000000000001
    endloop
  endfacet
  facet normal 0 0 1
    outer loop
      vertex -5.7566272765398026 -2.733375295996666 6.800000000000001
      vertex -5.300618775188923 3.5417602360248566 6.800000000000001
      vertex -5.520911946892738 3.1875 6.800000000000001
    endloop
  endfacet
  facet normal 0 0 1
    outer loop
      vertex -5.7566272765398026 -2.733375295996666 6.800000000000001
      vertex -5.05762754380703 3.880854107439518 6.800000000000001
      vertex -5.300618775188923 3.5417602360248566 6.800000000000001
    endloop
  endfacet
  facet normal 0 0 1
    outer loop
      vertex -5.7566272765398026 -2.733375295996666 6.800000000000001
      vertex -4.8773190304636955 4.100560657680035 6.800000000000001
      vertex -5.05762754380703 3.880854107439518 6.800000000000001
    endloop
  endfacet
  facet normal 0 0 1
    outer loop
      vertex -7.003108531236649 3.3252324610948563 6.800000000000001
      vertex -6.3223391473293304 0.8130351826548576 6.800000000000001
      vertex -5.7566272765398026 2.733375295996666 6.800000000000001
    endloop
  endfacet
  facet normal 0 0 1
    outer loop
      vertex -5.7566272765398026 -2.733375295996666 6.800000000000001
      vertex -3.3644709438085556 5.4108643382787704 6.800000000000001
      vertex -4.8773190304636955 4.100560657680035 6.800000000000001
    endloop
  endfacet
  facet normal -0.911548009982677 -0.4111936593584846 0
    outer loop
      vertex -6.258964940905571 5.446696974337101 4.2
      vertex -6.258964940905571 5.446696974337101 6.800000000000001
      vertex -6.439132049679756 5.846097514033318 6.800000000000001
    endloop
  endfacet
  facet normal -0.7060053110688935 -0.7082065381952606 0
    outer loop
      vertex -5.933934263885021 4.9889000952243805 4.2
      vertex -5.933934263885021 4.9889000952243805 6.800000000000001
      vertex -5.978273324668407 5.033101342618465 6.800000000000001
    endloop
  endfacet
  facet normal -0.8526970405296619 -0.5224057398918548 0
    outer loop
      vertex -6.095467507839203 5.179828204214573 4.2
      vertex -6.095467507839203 5.179828204214573 6.800000000000001
      vertex -6.258964940905571 5.446696974337101 6.800000000000001
    endloop
  endfacet
  facet normal -0.7813551331607902 -0.6240866573507913 0
    outer loop
      vertex -5.978273324668407 5.033101342618465 4.2
      vertex -5.978273324668407 5.033101342618465 6.800000000000001
      vertex -6.095467507839203 5.179828204214573 6.800000000000001
    endloop
  endfacet
  facet normal -0.9561255574366788 -0.29295719553614 0
    outer loop
      vertex -6.439132049679756 5.846097514033318 4.2
      vertex -6.439132049679756 5.846097514033318 6.800000000000001
      vertex -6.604167394340038 6.384724020957947 6.800000000000001
    endloop
  endfacet
  facet normal -0.9854782027255352 -0.16980197864821486 0
    outer loop
      vertex -6.604167394340038 6.384724020957947 4.2
      vertex -6.604167394340038 6.384724020957947 6.800000000000001
      vertex -6.72108107060194 7.063254863023758 6.800000000000001
    endloop
  endfacet
  facet normal -0.6548607345087275 0.7557495738660328 0
    outer loop
      vertex -6.72108107060194 7.063254863023758 4.2
      vertex -6.72108107060194 7.063254863023758 6.800000000000001
      vertex -6.034851543605328 7.657876133918762 6.800000000000001
    endloop
  endfacet
  facet normal 0.3083218208060539 0.9512821110558316 0
    outer loop
      vertex -6.034851543605328 7.657876133918762 4.2
      vertex -6.034851543605328 7.657876133918762 6.800000000000001
      vertex -5.379865720868111 7.445587456226349 6.800000000000001
    endloop
  endfacet
  facet normal 0.42604615972314896 0.9047014257671738 0
    outer loop
      vertex -5.379865720868111 7.445587456226349 4.2
      vertex -5.379865720868111 7.445587456226349 6.800000000000001
      vertex -4.870208635926247 7.2055773958563805 6.800000000000001
    endloop
  endfacet
  facet normal 0.5367351127371667 0.8437508037062964 0
    outer loop
      vertex -4.870208635926247 7.2055773958563805 4.2
      vertex -4.870208635926247 7.2055773958563805 6.800000000000001
      vertex -4.50051386654377 6.970403499901295 6.800000000000001
    endloop
  endfacet
  facet normal 0 0 1
    outer loop
      vertex -6.258964940905571 5.446696974337101 6.800000000000001
      vertex -4.50051386654377 6.970403499901295 6.800000000000001
      vertex -6.439132049679756 5.846097514033318 6.800000000000001
    endloop
  endfacet
  facet normal 0 0 1
    outer loop
      vertex -6.439132049679756 5.846097514033318 6.800000000000001
      vertex -5.379865720868111 7.445587456226349 6.800000000000001
      vertex -6.604167394340038 6.384724020957947 6.800000000000001
    endloop
  endfacet
  facet normal 0 0 1
    outer loop
      vertex -4.8773190304636955 4.100560657680035 6.800000000000001
      vertex -4.0936333909630775 6.5835298746824265 6.800000000000001
      vertex -5.933934263885021 4.9889000952243805 6.800000000000001
    endloop
  endfacet
  facet normal 0 0 1
    outer loop
      vertex -6.258964940905571 5.446696974337101 6.800000000000001
      vertex -6.095467507839203 5.179828204214573 6.800000000000001
      vertex -4.259629555046558 6.770590849220753 6.800000000000001
    endloop
  endfacet
  facet normal 0 0 1
    outer loop
      vertex -6.095467507839203 5.179828204214573 6.800000000000001
      vertex -5.978273324668407 5.033101342618465 6.800000000000001
      vertex -4.259629555046558 6.770590849220753 6.800000000000001
    endloop
  endfacet
  facet normal 0 0 1
    outer loop
      vertex -5.933934263885021 4.9889000952243805 6.800000000000001
      vertex -4.259629555046558 6.770590849220753 6.800000000000001
      vertex -5.978273324668407 5.033101342618465 6.800000000000001
    endloop
  endfacet
  facet normal 0 0 1
    outer loop
      vertex -6.439132049679756 5.846097514033318 6.800000000000001
      vertex -4.50051386654377 6.970403499901295 6.800000000000001
      vertex -4.870208635926247 7.2055773958563805 6.800000000000001
    endloop
  endfacet
  facet normal 0 0 1
    outer loop
      vertex -5.933934263885021 4.9889000952243805 6.800000000000001
      vertex -4.0936333909630775 6.5835298746824265 6.800000000000001
      vertex -4.131074622273445 6.633708126842976 6.800000000000001
    endloop
  endfacet
  facet normal 0 0 1
    outer loop
      vertex -5.933934263885021 4.9889000952243805 6.800000000000001
      vertex -4.131074622273445 6.633708126842976 6.800000000000001
      vertex -4.259629555046558 6.770590849220753 6.800000000000001
    endloop
  endfacet
  facet normal 0 0 1
    outer loop
      vertex -6.258964940905571 5.446696974337101 6.800000000000001
      vertex -4.259629555046558 6.770590849220753 6.800000000000001
      vertex -4.50051386654377 6.970403499901295 6.800000000000001
    endloop
  endfacet
  facet normal 0 0 1
    outer loop
      vertex -6.604167394340038 6.384724020957947 6.800000000000001
      vertex -5.379865720868111 7.445587456226349 6.800000000000001
      vertex -6.72108107060194 7.063254863023758 6.800000000000001
    endloop
  endfacet
  facet normal 0 0 1
    outer loop
      vertex -6.72108107060194 7.063254863023758 6.800000000000001
      vertex -5.379865720868111 7.445587456226349 6.800000000000001
      vertex -6.034851543605328 7.657876133918762 6.800000000000001
    endloop
  endfacet
  facet normal 0 0 1
    outer loop
      vertex -6.439132049679756 5.846097514033318 6.800000000000001
      vertex -4.870208635926247 7.2055773958563805 6.800000000000001
      vertex -5.379865720868111 7.445587456226349 6.800000000000001
    endloop
  endfacet
  facet normal 0 0 1
    outer loop
      vertex -5.7566272765398026 -2.733375295996666 6.800000000000001
      vertex -3.1875 5.520911946892738 6.800000000000001
      vertex -3.3644709438085556 5.4108643382787704 6.800000000000001
    endloop
  endfacet
  facet normal 0 0 1
    outer loop
      vertex -5.7566272765398026 -2.733375295996666 6.800000000000001
      vertex -2.8195903971791267 5.717563726007938 6.800000000000001
      vertex -3.1875 5.520911946892738 6.800000000000001
    endloop
  endfacet
  facet normal 0 0 1
    outer loop
      vertex -5.7566272765398026 -2.733375295996666 6.800000000000001
      vertex -2.4396068826317787 5.889732018113136 6.800000000000001
      vertex -2.8195903971791267 5.717563726007938 6.800000000000001
    endloop
  endfacet
  facet normal 0 0 1
    outer loop
      vertex -5.7566272765398026 -2.733375295996666 6.800000000000001
      vertex -2.049176588654518 6.036679573357105 6.800000000000001
      vertex -2.4396068826317787 5.889732018113136 6.800000000000001
    endloop
  endfacet
  facet normal 0 0 1
    outer loop
      vertex -5.7566272765398026 -2.733375295996666 6.800000000000001
      vertex -1.886032223701477 6.086168870329857 6.800000000000001
      vertex -2.049176588654518 6.036679573357105 6.800000000000001
    endloop
  endfacet
  facet normal 0 0 1
    outer loop
      vertex -5.7566272765398026 -2.733375295996666 6.800000000000001
      vertex 0.09497613459825516 6.371890798211098 6.800000000000001
      vertex -1.886032223701477 6.086168870329857 6.800000000000001
    endloop
  endfacet
  facet normal 0 0 1
    outer loop
      vertex -5.717563726007938 -2.8195903971791267 6.800000000000001
      vertex -1.0549533041601102 1.202943691966364 6.800000000000001
      vertex 3.5258068293333054 5.310539238154888 6.800000000000001
    endloop
  endfacet
  facet normal 0 0 1
    outer loop
      vertex -5.7566272765398026 -2.733375295996666 6.800000000000001
      vertex 0.4169449508190155 6.361350633203983 6.800000000000001
      vertex 0.09497613459825516 6.371890798211098 6.800000000000001
    endloop
  endfacet
  facet normal 0 0 1
    outer loop
      vertex -5.7566272765398026 -2.733375295996666 6.800000000000001
      vertex 0.8321044743061066 6.320460990071297 6.800000000000001
      vertex 0.4169449508190155 6.361350633203983 6.800000000000001
    endloop
  endfacet
  facet normal 0 0 1
    outer loop
      vertex -5.7566272765398026 -2.733375295996666 6.800000000000001
      vertex 1.2437008023262024 6.252506159245968 6.800000000000001
      vertex 0.8321044743061066 6.320460990071297 6.800000000000001
    endloop
  endfacet
  facet normal 0 0 1
    outer loop
      vertex -5.7566272765398026 -2.733375295996666 6.800000000000001
      vertex 1.6499714106321335 6.1577771455049515 6.800000000000001
      vertex 1.2437008023262024 6.252506159245968 6.800000000000001
    endloop
  endfacet
  facet normal 0 0 1
    outer loop
      vertex -5.7566272765398026 -2.733375295996666 6.800000000000001
      vertex 1.7042534202337265 6.14131087064743 6.800000000000001
      vertex 1.6499714106321335 6.1577771455049515 6.800000000000001
    endloop
  endfacet
  facet normal 0 0 1
    outer loop
      vertex -5.7566272765398026 -2.733375295996666 6.800000000000001
      vertex 3.5258068293333054 5.310539238154888 6.800000000000001
      vertex 1.7042534202337265 6.14131087064743 6.800000000000001
    endloop
  endfacet
  facet normal 0.8014731182261413 0.5980308025184535 0
    outer loop
      vertex -4.131074622273445 6.633708126842976 4.2
      vertex -4.131074622273445 6.633708126842976 6.800000000000001
      vertex -4.0936333909630775 6.5835298746824265 6.800000000000001
    endloop
  endfacet
  facet normal 0.8492177181071996 0.5280428649766995 0
    outer loop
      vertex -4.0936333909630775 6.5835298746824265 4.2
      vertex -4.0936333909630775 6.5835298746824265 6.800000000000001
      vertex -3.3644709438085556 5.4108643382787704 6.800000000000001
    endloop
  endfacet
  facet normal -0.5280678644326543 0.8492021729562023 0
    outer loop
      vertex -3.3644709438085556 5.4108643382787704 4.2
      vertex -3.3644709438085556 5.4108643382787704 6.800000000000001
      vertex -3.1875 5.520911946892738 6.800000000000001
    endloop
  endfacet
  facet normal -0.4713967356778953 0.8819212649620285 0
    outer loop
      vertex -3.1875 5.520911946892738 4.2
      vertex -3.1875 5.520911946892738 6.800000000000001
      vertex -2.8195903971791267 5.717563726007938 6.800000000000001
    endloop
  endfacet
  facet normal -0.4127070328909464 0.9108638235226775 0
    outer loop
      vertex -2.8195903971791267 5.717563726007938 4.2
      vertex -2.8195903971791267 5.717563726007938 6.800000000000001
      vertex -2.4396068826317787 5.889732018113136 6.800000000000001
    endloop
  endfacet
  facet normal -0.3522500436854187 0.9359059283515735 0
    outer loop
      vertex -2.4396068826317787 5.889732018113136 4.2
      vertex -2.4396068826317787 5.889732018113136 6.800000000000001
      vertex -2.049176588654518 6.036679573357105 6.800000000000001
    endloop
  endfacet
  facet normal 0.6384398573888138 0.7696717147572406 0
    outer loop
      vertex -4.50051386654377 6.970403499901295 4.2
      vertex -4.50051386654377 6.970403499901295 6.800000000000001
      vertex -4.259629555046558 6.770590849220753 6.800000000000001
    endloop
  endfacet
  facet normal 0.7289327506971999 0.6845853087534188 0
    outer loop
      vertex -4.259629555046558 6.770590849220753 4.2
      vertex -4.259629555046558 6.770590849220753 6.800000000000001
      vertex -4.131074622273445 6.633708126842976 6.800000000000001
    endloop
  endfacet
  facet normal -0.9768147967053415 -0.21408608767853704 0
    outer loop
      vertex -2.2947401329874992 7.405056901276112 4.2
      vertex -2.2947401329874992 7.405056901276112 6.800000000000001
      vertex -2.3081435337662697 7.46621286123991 6.800000000000001
    endloop
  endfacet
  facet normal -0.9947244905198538 -0.10258259092076605 0
    outer loop
      vertex -2.3081435337662697 7.46621286123991 4.2
      vertex -2.3081435337662697 7.46621286123991 6.800000000000001
      vertex -2.327407017350197 7.653007313609123 6.800000000000001
    endloop
  endfacet
  facet normal -0.9997682644028637 0.0215271338753107 0
    outer loop
      vertex -2.327407017350197 7.653007313609123 4.2
      vertex -2.327407017350197 7.653007313609123 6.800000000000001
      vertex -2.3206696659326553 7.965904988348484 6.800000000000001
    endloop
  endfacet
  facet normal -0.9891510592550385 0.14690194680342158 0
    outer loop
      vertex -2.3206696659326553 7.965904988348484 4.2
      vertex -2.3206696659326553 7.965904988348484 6.800000000000001
      vertex -2.256303645670414 8.399307802319527 6.800000000000001
    endloop
  endfacet
  facet normal -0.2902846499413179 0.9569403440175602 0
    outer loop
      vertex -2.049176588654518 6.036679573357105 4.2
      vertex -2.049176588654518 6.036679573357105 6.800000000000001
      vertex -1.886032223701477 6.086168870329857 6.800000000000001
    endloop
  endfacet
  facet normal -0.9551875090255253 -0.2960013895264885 0
    outer loop
      vertex -1.886032223701477 6.086168870329857 4.2
      vertex -1.886032223701477 6.086168870329857 6.800000000000001
      vertex -2.2947401329874992 7.405056901276112 6.800000000000001
    endloop
  endfacet
  facet normal -0.9627286175670187 0.2704692383941233 0
    outer loop
      vertex -2.256303645670414 8.399307802319527 4.2
      vertex -2.256303645670414 8.399307802319527 6.800000000000001
      vertex -2.103936731815338 8.941654093563557 6.800000000000001
    endloop
  endfacet
  facet normal 0.9076964324571933 0.4196274377402935 0
    outer loop
      vertex -0.20145096629858017 8.694751016795635 4.2
      vertex -0.20145096629858017 8.694751016795635 6.800000000000001
      vertex -0.0175885409116745 8.297038063406944 6.800000000000001
    endloop
  endfacet
  facet normal 0 0 1
    outer loop
      vertex -4.8773190304636955 4.100560657680035 6.800000000000001
      vertex -3.3644709438085556 5.4108643382787704 6.800000000000001
      vertex -4.0936333909630775 6.5835298746824265 6.800000000000001
    endloop
  endfacet
  facet normal 0 0 1
    outer loop
      vertex -2.2947401329874992 7.405056901276112 6.800000000000001
      vertex -1.886032223701477 6.086168870329857 6.800000000000001
      vertex 0.09497613459825516 6.371890798211098 6.800000000000001
    endloop
  endfacet
  facet normal 0 0 1
    outer loop
      vertex -2.2947401329874992 7.405056901276112 6.800000000000001
      vertex 0.11554142087697983 7.751603074371815 6.800000000000001
      vertex -2.3081435337662697 7.46621286123991 6.800000000000001
    endloop
  endfacet
  facet normal 0 0 1
    outer loop
      vertex -2.3081435337662697 7.46621286123991 6.800000000000001
      vertex 0.11554142087697983 7.751603074371815 6.800000000000001
      vertex -2.327407017350197 7.653007313609123 6.800000000000001
    endloop
  endfacet
  facet normal 0 0 1
    outer loop
      vertex -2.327407017350197 7.653007313609123 6.800000000000001
      vertex -0.0175885409116745 8.297038063406944 6.800000000000001
      vertex -2.3206696659326553 7.965904988348484 6.800000000000001
    endloop
  endfacet
  facet normal 0 0 1
    outer loop
      vertex -2.3206696659326553 7.965904988348484 6.800000000000001
      vertex -0.0175885409116745 8.297038063406944 6.800000000000001
      vertex -2.256303645670414 8.399307802319527 6.800000000000001
    endloop
  endfacet
  facet normal 0 0 1
    outer loop
      vertex -2.256303645670414 8.399307802319527 6.800000000000001
      vertex -0.20145096629858017 8.694751016795635 6.800000000000001
      vertex -2.103936731815338 8.941654093563557 6.800000000000001
    endloop
  endfacet
  facet normal 0 0 1
    outer loop
      vertex -2.2947401329874992 7.405056901276112 6.800000000000001
      vertex 0.09497613459825516 6.371890798211098 6.800000000000001
      vertex 0.11554142087697983 7.751603074371815 6.800000000000001
    endloop
  endfacet
  facet normal 0 0 1
    outer loop
      vertex -2.327407017350197 7.653007313609123 6.800000000000001
      vertex 0.11117225885391235 7.8140579611063 6.800000000000001
      vertex 0.07702936232089996 7.9987130761146545 6.800000000000001
    endloop
  endfacet
  facet normal 0 0 1
    outer loop
      vertex -2.327407017350197 7.653007313609123 6.800000000000001
      vertex 0.11554142087697983 7.751603074371815 6.800000000000001
      vertex 0.11117225885391235 7.8140579611063 6.800000000000001
    endloop
  endfacet
  facet normal 0 0 1
    outer loop
      vertex -2.327407017350197 7.653007313609123 6.800000000000001
      vertex 0.07702936232089996 7.9987130761146545 6.800000000000001
      vertex -0.0175885409116745 8.297038063406944 6.800000000000001
    endloop
  endfacet
  facet normal 0 0 1
    outer loop
      vertex -2.103936731815338 8.941654093563557 6.800000000000001
      vertex -0.20145096629858017 8.694751016795635 6.800000000000001
      vertex -0.5004425570368767 9.172201752662659 6.800000000000001
    endloop
  endfacet
  facet normal 0 0 1
    outer loop
      vertex -2.256303645670414 8.399307802319527 6.800000000000001
      vertex -0.0175885409116745 8.297038063406944 6.800000000000001
      vertex -0.20145096629858017 8.694751016795635 6.800000000000001
    endloop
  endfacet
  facet normal 0 0 -1
    outer loop
      vertex -2.103936731815338 8.941654093563557 4.2
      vertex -1.8354493156075478 9.575678870081902 4.2
      vertex -0.9366797730326653 9.704902417957783 4.2
    endloop
  endfacet
  facet normal 0 0 -1
    outer loop
      vertex -2.103936731815338 8.941654093563557 4.2
      vertex -0.9366797730326653 9.704902417957783 4.2
      vertex -0.5004425570368767 9.172201752662659 4.2
    endloop
  endfacet
  facet normal -0.9208389058442618 0.38994321315230357 0
    outer loop
      vertex -2.103936731815338 8.941654093563557 4.2
      vertex -1.8354493156075478 9.575678870081902 6.800000000000001
      vertex -1.8354493156075478 9.575678870081902 4.2
    endloop
  endfacet
  facet normal -0.14231483433473605 0.9898214424472106 0
    outer loop
      vertex -1.8354493156075478 9.575678870081902 4.2
      vertex -0.9366797730326653 9.704902417957783 6.800000000000001
      vertex -0.9366797730326653 9.704902417957783 4.2
    endloop
  endfacet
  facet normal 0.7736787539238603 0.6335780817916784 0
    outer loop
      vertex -0.9366797730326653 9.704902417957783 4.2
      vertex -0.5004425570368767 9.172201752662659 6.800000000000001
      vertex -0.5004425570368767 9.172201752662659 4.2
    endloop
  endfacet
  facet normal -0.9208389058442618 0.38994321315230357 0
    outer loop
      vertex -2.103936731815338 8.941654093563557 4.2
      vertex -2.103936731815338 8.941654093563557 6.800000000000001
      vertex -1.8354493156075478 9.575678870081902 6.800000000000001
    endloop
  endfacet
  facet normal -0.14231483433473605 0.9898214424472106 0
    outer loop
      vertex -1.8354493156075478 9.575678870081902 4.2
      vertex -1.8354493156075478 9.575678870081902 6.800000000000001
      vertex -0.9366797730326653 9.704902417957783 6.800000000000001
    endloop
  endfacet
  facet normal 0.7736787539238603 0.6335780817916784 0
    outer loop
      vertex -0.9366797730326653 9.704902417957783 4.2
      vertex -0.9366797730326653 9.704902417957783 6.800000000000001
      vertex -0.5004425570368767 9.172201752662659 6.800000000000001
    endloop
  endfacet
  facet normal 0.8475313540332315 0.5307453286940894 0
    outer loop
      vertex -0.20145096629858017 8.694751016795635 6.800000000000001
      vertex -0.5004425570368767 9.172201752662659 4.2
      vertex -0.5004425570368767 9.172201752662659 6.800000000000001
    endloop
  endfacet
  facet normal 0 0 1
    outer loop
      vertex -2.103936731815338 8.941654093563557 6.800000000000001
      vertex -0.9366797730326653 9.704902417957783 6.800000000000001
      vertex -1.8354493156075478 9.575678870081902 6.800000000000001
    endloop
  endfacet
  facet normal 0 0 1
    outer loop
      vertex -2.103936731815338 8.941654093563557 6.800000000000001
      vertex -0.5004425570368767 9.172201752662659 6.800000000000001
      vertex -0.9366797730326653 9.704902417957783 6.800000000000001
    endloop
  endfacet
  facet normal 0 0 -1
    outer loop
      vertex -1.886032223701477 -6.086168870329857 4.2
      vertex 1.035276180410083 -3.8637033051562732 4.2
      vertex 1.2857578612126463 -3.7877205179804228 4.2
    endloop
  endfacet
  facet normal 0 0 -1
    outer loop
      vertex -1.886032223701477 -6.086168870329857 4.2
      vertex 1.2857578612126463 -3.7877205179804228 4.2
      vertex 1.5307337294603591 -3.695518130045147 4.2
    endloop
  endfacet
  facet normal 0 0 -1
    outer loop
      vertex 0.09497613459825516 -6.371890798211098 4.2
      vertex 4.753945887088776 -4.245004549622536 4.2
      vertex 0.4169449508190155 -6.361350633203983 4.2
    endloop
  endfacet
  facet normal 0 0 -1
    outer loop
      vertex 0.4169449508190155 -6.361350633203983 4.2
      vertex 4.507805727422237 -4.507805727422237 4.2
      vertex 0.8321044743061066 -6.320460990071297 4.2
    endloop
  endfacet
  facet normal 0 0 -1
    outer loop
      vertex 0.8321044743061066 -6.320460990071297 4.2
      vertex 4.20332957059145 -4.792978771030903 4.2
      vertex 1.2437008023262024 -6.252506159245968 4.2
    endloop
  endfacet
  facet normal 0 0 -1
    outer loop
      vertex -1.886032223701477 -6.086168870329857 4.2
      vertex 5.835018865764141 -2.560361370444298 4.2
      vertex 0.09497613459825516 -6.371890798211098 4.2
    endloop
  endfacet
  facet normal 0 0 -1
    outer loop
      vertex 2.179588757455349 -7.696410670876503 4.2
      vertex 2.094805523753166 -7.528854556381702 4.2
      vertex 4.3892319947481155 -6.68730041384697 4.2
    endloop
  endfacet
  facet normal 0 0 -1
    outer loop
      vertex 2.179588757455349 -7.696410670876503 4.2
      vertex 4.3892319947481155 -6.68730041384697 4.2
      vertex 2.3544218316674232 -7.9559944570064545 4.2
    endloop
  endfacet
  facet normal 0 0 -1
    outer loop
      vertex 2.3544218316674232 -7.9559944570064545 4.2
      vertex 4.470921017229557 -6.9894216656684875 4.2
      vertex 2.642885223031044 -8.285797208547592 4.2
    endloop
  endfacet
  facet normal 0 0 -1
    outer loop
      vertex 2.094805523753166 -7.528854556381702 4.2
      vertex 2.07301776856184 -7.470160461962223 4.2
      vertex 4.3892319947481155 -6.68730041384697 4.2
    endloop
  endfacet
  facet normal 0 0 -1
    outer loop
      vertex 3.6329246312379837 -9.0478924959898 4.2
      vertex 3.064278967678547 -8.659672170877457 4.2
      vertex 4.537867583334446 -7.986706800758839 4.2
    endloop
  endfacet
  facet normal 0 0 -1
    outer loop
      vertex 2.642885223031044 -8.285797208547592 4.2
      vertex 4.537867583334446 -7.986706800758839 4.2
      vertex 3.064278967678547 -8.659672170877457 4.2
    endloop
  endfacet
  facet normal 0 0 -1
    outer loop
      vertex 2.642885223031044 -8.285797208547592 4.2
      vertex 4.531265959143639 -7.42340262234211 4.2
      vertex 4.537867583334446 -7.986706800758839 4.2
    endloop
  endfacet
  facet normal 0 0 -1
    outer loop
      vertex 3.6329246312379837 -9.0478924959898 4.2
      vertex 4.537867583334446 -7.986706800758839 4.2
      vertex 4.458881214261055 -8.670690767467022 4.2
    endloop
  endfacet
  facet normal 0 0 -1
    outer loop
      vertex 2.642885223031044 -8.285797208547592 4.2
      vertex 4.470921017229557 -6.9894216656684875 4.2
      vertex 4.531265959143639 -7.42340262234211 4.2
    endloop
  endfacet
  facet normal 0 0 -1
    outer loop
      vertex 2.07301776856184 -7.470160461962223 4.2
      vertex 4.318122744560242 -6.513499602675438 4.2
      vertex 4.3892319947481155 -6.68730041384697 4.2
    endloop
  endfacet
  facet normal 0 0 -1
    outer loop
      vertex 2.07301776856184 -7.470160461962223 4.2
      vertex 4.288032650947571 -6.4585970640182495 4.2
      vertex 4.318122744560242 -6.513499602675438 4.2
    endloop
  endfacet
  facet normal 0 0 -1
    outer loop
      vertex 2.3544218316674232 -7.9559944570064545 4.2
      vertex 4.3892319947481155 -6.68730041384697 4.2
      vertex 4.470921017229557 -6.9894216656684875 4.2
    endloop
  endfacet
  facet normal 0 0 -1
    outer loop
      vertex 2.07301776856184 -7.470160461962223 4.2
      vertex 1.7042534202337265 -6.14131087064743 4.2
      vertex 3.5258068293333054 -5.310539238154888 4.2
    endloop
  endfacet
  facet normal 0 0 -1
    outer loop
      vertex 1.2437008023262024 -6.252506159245968 4.2
      vertex 3.880854107439518 -5.05762754380703 4.2
      vertex 1.6499714106321335 -6.1577771455049515 4.2
    endloop
  endfacet
  facet normal 0 0 -1
    outer loop
      vertex 1.6499714106321335 -6.1577771455049515 4.2
      vertex 3.5417602360248566 -5.300618775188923 4.2
      vertex 1.7042534202337265 -6.14131087064743 4.2
    endloop
  endfacet
  facet normal 0 0 -1
    outer loop
      vertex 2.07301776856184 -7.470160461962223 4.2
      vertex 3.5258068293333054 -5.310539238154888 4.2
      vertex 4.288032650947571 -6.4585970640182495 4.2
    endloop
  endfacet
  facet normal 0 0 -1
    outer loop
      vertex 1.7042534202337265 -6.14131087064743 4.2
      vertex 3.5417602360248566 -5.300618775188923 4.2
      vertex 3.5258068293333054 -5.310539238154888 4.2
    endloop
  endfacet
  facet normal 0 0 -1
    outer loop
      vertex 1.6499714106321335 -6.1577771455049515 4.2
      vertex 3.880854107439518 -5.05762754380703 4.2
      vertex 3.5417602360248566 -5.300618775188923 4.2
    endloop
  endfacet
  facet normal 0 0 -1
    outer loop
      vertex 1.2437008023262024 -6.252506159245968 4.2
      vertex 4.20332957059145 -4.792978771030903 4.2
      vertex 3.880854107439518 -5.05762754380703 4.2
    endloop
  endfacet
  facet normal 0 0 -1
    outer loop
      vertex 0.8321044743061066 -6.320460990071297 4.2
      vertex 4.507805727422237 -4.507805727422237 4.2
      vertex 4.20332957059145 -4.792978771030903 4.2
    endloop
  endfacet
  facet normal 0 0 -1
    outer loop
      vertex 0.4169449508190155 -6.361350633203983 4.2
      vertex 4.753945887088776 -4.245004549622536 4.2
      vertex 4.507805727422237 -4.507805727422237 4.2
    endloop
  endfacet
  facet normal 0.9532057299756567 -0.30232240463051274 0
    outer loop
      vertex -0.0175885409116745 -8.297038063406944 4.2
      vertex 0.07702936232089996 -7.9987130761146545 4.2
      vertex -0.0175885409116745 -8.297038063406944 6.800000000000001
    endloop
  endfacet
  facet normal 0.9833320197091732 -0.18181897319773377 0
    outer loop
      vertex 0.07702936232089996 -7.9987130761146545 4.2
      vertex 0.11117225885391235 -7.8140579611063 4.2
      vertex 0.07702936232089996 -7.9987130761146545 6.800000000000001
    endloop
  endfacet
  facet normal 0.9975619481197148 -0.06978652924167793 0
    outer loop
      vertex 0.11117225885391235 -7.8140579611063 4.2
      vertex 0.11554142087697983 -7.751603074371815 4.2
      vertex 0.11117225885391235 -7.8140579611063 6.800000000000001
    endloop
  endfacet
  facet normal 0.9998889317044941 0.014903833562060589 0
    outer loop
      vertex 0.11554142087697983 -7.751603074371815 4.2
      vertex 0.09497613459825516 -6.371890798211098 4.2
      vertex 0.11554142087697983 -7.751603074371815 6.800000000000001
    endloop
  endfacet
  facet normal -0.8294201378665307 -0.5586253081462255 0
    outer loop
      vertex 2.179588757455349 -7.696410670876503 4.2
      vertex 2.3544218316674232 -7.9559944570064545 4.2
      vertex 2.179588757455349 -7.696410670876503 6.800000000000001
    endloop
  endfacet
  facet normal -0.8922758192598012 -0.45149071127128465 0
    outer loop
      vertex 2.179588757455349 -7.696410670876503 4.2
      vertex 2.094805523753166 -7.528854556381702 6.800000000000001
      vertex 2.094805523753166 -7.528854556381702 4.2
    endloop
  endfacet
  facet normal -0.9374925515686181 -0.3480053386851442 0
    outer loop
      vertex 2.094805523753166 -7.528854556381702 4.2
      vertex 2.07301776856184 -7.470160461962223 6.800000000000001
      vertex 2.07301776856184 -7.470160461962223 4.2
    endloop
  endfacet
  facet normal 0.03271907446598342 -0.999464587749906 0
    outer loop
      vertex 0.09497613459825516 -6.371890798211098 4.2
      vertex 0.4169449508190155 -6.361350633203983 4.2
      vertex 0.09497613459825516 -6.371890798211098 6.800000000000001
    endloop
  endfacet
  facet normal 0.09801713806789274 -0.9951847268949516 0
    outer loop
      vertex 0.4169449508190155 -6.361350633203983 4.2
      vertex 0.8321044743061066 -6.320460990071297 4.2
      vertex 0.4169449508190155 -6.361350633203983 6.800000000000001
    endloop
  endfacet
  facet normal 0.16289547816370836 -0.986643331297494 0
    outer loop
      vertex 0.8321044743061066 -6.320460990071297 4.2
      vertex 1.2437008023262024 -6.252506159245968 4.2
      vertex 0.8321044743061066 -6.320460990071297 6.800000000000001
    endloop
  endfacet
  facet normal 0.22707624958117262 -0.97387698241418 0
    outer loop
      vertex 1.2437008023262024 -6.252506159245968 4.2
      vertex 1.6499714106321335 -6.1577771455049515 4.2
      vertex 1.2437008023262024 -6.252506159245968 6.800000000000001
    endloop
  endfacet
  facet normal 0.29028479454266704 -0.9569403001532132 0
    outer loop
      vertex 1.6499714106321335 -6.1577771455049515 4.2
      vertex 1.7042534202337265 -6.14131087064743 4.2
      vertex 1.6499714106321335 -6.1577771455049515 6.800000000000001
    endloop
  endfacet
  facet normal -0.9635852981134196 -0.26740114670597837 0
    outer loop
      vertex 2.07301776856184 -7.470160461962223 4.2
      vertex 1.7042534202337265 -6.14131087064743 6.800000000000001
      vertex 1.7042534202337265 -6.14131087064743 4.2
    endloop
  endfacet
  facet normal -0.663672144100561 -0.7480235859549913 0
    outer loop
      vertex 2.642885223031044 -8.285797208547592 4.2
      vertex 3.064278967678547 -8.659672170877457 4.2
      vertex 2.642885223031044 -8.285797208547592 6.800000000000001
    endloop
  endfacet
  facet normal -0.7527056379445064 -0.6583572150486037 0
    outer loop
      vertex 2.3544218316674232 -7.9559944570064545 4.2
      vertex 2.642885223031044 -8.285797208547592 4.2
      vertex 2.3544218316674232 -7.9559944570064545 6.800000000000001
    endloop
  endfacet
  facet normal -0.563839761527029 -0.8258842069691993 0
    outer loop
      vertex 3.6329246312379837 -9.0478924959898 4.2
      vertex 3.064278967678547 -8.659672170877457 6.800000000000001
      vertex 3.064278967678547 -8.659672170877457 4.2
    endloop
  endfacet
  facet normal 0.4154150092870944 -0.9096319970510071 0
    outer loop
      vertex 3.6329246312379837 -9.0478924959898 4.2
      vertex 4.458881214261055 -8.670690767467022 4.2
      vertex 3.6329246312379837 -9.0478924959898 6.800000000000001
    endloop
  endfacet
  facet normal 0.9933981583133317 -0.11471747495338609 0
    outer loop
      vertex 4.458881214261055 -8.670690767467022 4.2
      vertex 4.537867583334446 -7.986706800758839 4.2
      vertex 4.458881214261055 -8.670690767467022 6.800000000000001
    endloop
  endfacet
  facet normal 0.9653355179264185 0.26101214115388066 0
    outer loop
      vertex 4.470921017229557 -6.9894216656684875 4.2
      vertex 4.3892319947481155 -6.68730041384697 4.2
      vertex 4.470921017229557 -6.9894216656684875 6.800000000000001
    endloop
  endfacet
  facet normal 0.8769319114625455 0.48061463009218364 0
    outer loop
      vertex 4.318122744560242 -6.513499602675438 4.2
      vertex 4.288032650947571 -6.4585970640182495 4.2
      vertex 4.318122744560242 -6.513499602675438 6.800000000000001
    endloop
  endfacet
  facet normal 0.9255303119955747 0.3786735290159247 0
    outer loop
      vertex 4.318122744560242 -6.513499602675438 4.2
      vertex 4.3892319947481155 -6.68730041384697 6.800000000000001
      vertex 4.3892319947481155 -6.68730041384697 4.2
    endloop
  endfacet
  facet normal 0.8331024759594325 0.5531186713086651 0
    outer loop
      vertex 4.288032650947571 -6.4585970640182495 4.2
      vertex 3.5258068293333054 -5.310539238154888 4.2
      vertex 4.288032650947571 -6.4585970640182495 6.800000000000001
    endloop
  endfacet
  facet normal 0.5280677426280411 -0.8492022486991687 0
    outer loop
      vertex 3.5258068293333054 -5.310539238154888 4.2
      vertex 3.5417602360248566 -5.300618775188923 4.2
      vertex 3.5258068293333054 -5.310539238154888 6.800000000000001
    endloop
  endfacet
  facet normal 0.5824776960299674 -0.8128466851919993 0
    outer loop
      vertex 3.5417602360248566 -5.300618775188923 4.2
      vertex 3.880854107439518 -5.05762754380703 4.2
      vertex 3.5417602360248566 -5.300618775188923 6.800000000000001
    endloop
  endfacet
  facet normal 0.634393283597406 -0.7730104538274377 0
    outer loop
      vertex 3.880854107439518 -5.05762754380703 4.2
      vertex 4.20332957059145 -4.792978771030903 4.2
      vertex 3.880854107439518 -5.05762754380703 6.800000000000001
    endloop
  endfacet
  facet normal 0.6835923056494151 -0.7298640693012066 0
    outer loop
      vertex 4.20332957059145 -4.792978771030903 4.2
      vertex 4.507805727422237 -4.507805727422237 4.2
      vertex 4.20332957059145 -4.792978771030903 6.800000000000001
    endloop
  endfacet
  facet normal 0 0 -1
    outer loop
      vertex -1.886032223701477 -6.086168870329857 4.2
      vertex 1.5307337294603591 -3.695518130045147 4.2
      vertex 1.7691547608760052 -3.587490966130753 4.2
    endloop
  endfacet
  facet normal 0 0 -1
    outer loop
      vertex -1.886032223701477 -6.086168870329857 4.2
      vertex 1.7691547608760052 -3.587490966130753 4.2
      vertex 2 -3.4641016151377544 4.2
    endloop
  endfacet
  facet normal 0 0 -1
    outer loop
      vertex -1.886032223701477 -6.086168870329857 4.2
      vertex 2 -3.4641016151377544 4.2
      vertex 2.2222809320784087 -3.325878449210181 4.2
    endloop
  endfacet
  facet normal 0 0 -1
    outer loop
      vertex -1.886032223701477 -6.086168870329857 4.2
      vertex 2.2222809320784087 -3.325878449210181 4.2
      vertex 6.292628616094589 -1.000682644546032 4.2
    endloop
  endfacet
  facet normal 0 0 -1
    outer loop
      vertex -1.886032223701477 -6.086168870329857 4.2
      vertex 5.889732018113136 -2.4396068826317787 4.2
      vertex 5.835018865764141 -2.560361370444298 4.2
    endloop
  endfacet
  facet normal 0 0 -1
    outer loop
      vertex -1.886032223701477 -6.086168870329857 4.2
      vertex 6.036679573357105 -2.049176588654518 4.2
      vertex 5.889732018113136 -2.4396068826317787 4.2
    endloop
  endfacet
  facet normal 0 0 -1
    outer loop
      vertex 0.09497613459825516 -6.371890798211098 4.2
      vertex 5.835018865764141 -2.560361370444298 4.2
      vertex 4.753945887088776 -4.245004549622536 4.2
    endloop
  endfacet
  facet normal 0 0 -1
    outer loop
      vertex -1.886032223701477 -6.086168870329857 4.2
      vertex 6.1577771455049515 -1.6499714106321335 4.2
      vertex 6.036679573357105 -2.049176588654518 4.2
    endloop
  endfacet
  facet normal 0 0 -1
    outer loop
      vertex -1.886032223701477 -6.086168870329857 4.2
      vertex 6.252506159245968 -1.2437008023262024 4.2
      vertex 6.1577771455049515 -1.6499714106321335 4.2
    endloop
  endfacet
  facet normal 0 0 -1
    outer loop
      vertex -1.886032223701477 -6.086168870329857 4.2
      vertex 6.292628616094589 -1.000682644546032 4.2
      vertex 6.252506159245968 -1.2437008023262024 4.2
    endloop
  endfacet
  facet normal 0 0 -1
    outer loop
      vertex 2.2222809320784087 -3.325878449210181 4.2
      vertex 2.4350457160348826 -3.1734133611649407 4.2
      vertex 6.292628616094589 -1.000682644546032 4.2
    endloop
  endfacet
  facet normal 0 0 -1
    outer loop
      vertex 2.4350457160348826 -3.1734133611649407 4.2
      vertex 2.6373832604002754 -3.00735922991591 4.2
      vertex 6.292628616094589 -1.000682644546032 4.2
    endloop
  endfacet
  facet normal 0 0 -1
    outer loop
      vertex 2.6373832604002754 -3.00735922991591 4.2
      vertex 2.8284271247461903 -2.8284271247461903 4.2
      vertex 6.292628616094589 -1.000682644546032 4.2
    endloop
  endfacet
  facet normal 0 0 -1
    outer loop
      vertex 2.8284271247461903 -2.8284271247461903 4.2
      vertex 3.00735922991591 -2.6373832604002754 4.2
      vertex 6.292628616094589 -1.000682644546032 4.2
    endloop
  endfacet
  facet normal 0 0 -1
    outer loop
      vertex 3.00735922991591 -2.6373832604002754 4.2
      vertex 3.1734133611649407 -2.4350457160348826 4.2
      vertex 6.292628616094589 -1.000682644546032 4.2
    endloop
  endfacet
  facet normal 0 0 -1
    outer loop
      vertex 3.1734133611649407 -2.4350457160348826 4.2
      vertex 3.325878449210181 -2.2222809320784087 4.2
      vertex 6.292628616094589 -1.000682644546032 4.2
    endloop
  endfacet
  facet normal 0 0 -1
    outer loop
      vertex 3.325878449210181 -2.2222809320784087 4.2
      vertex 3.4641016151377544 -2 4.2
      vertex 6.292628616094589 -1.000682644546032 4.2
    endloop
  endfacet
  facet normal 0 0 -1
    outer loop
      vertex 3.4641016151377544 -2 4.2
      vertex 3.587490966130753 -1.7691547608760052 4.2
      vertex 6.292628616094589 -1.000682644546032 4.2
    endloop
  endfacet
  facet normal 0 0 -1
    outer loop
      vertex 5.832668624818325 -5.201138123869896 4.2
      vertex 5.7826071828603745 -5.163540855050087 4.2
      vertex 7.099103808403015 -3.1150321140885353 4.2
    endloop
  endfacet
  facet normal 0 0 -1
    outer loop
      vertex 5.832668624818325 -5.201138123869896 4.2
      vertex 7.099103808403015 -3.1150321140885353 4.2
      vertex 5.994580499827862 -5.296258024871349 4.2
    endloop
  endfacet
  facet normal 0 0 -1
    outer loop
      vertex 5.994580499827862 -5.296258024871349 4.2
      vertex 7.307884484529495 -3.2527171224355698 4.2
      vertex 6.282001033425331 -5.4201119020581245 4.2
    endloop
  endfacet
  facet normal 0 0 -1
    outer loop
      vertex 6.282001033425331 -5.4201119020581245 4.2
      vertex 7.5399447456002235 -3.4627132788300514 4.2
      vertex 6.702976703643799 -5.541604548692703 4.2
    endloop
  endfacet
  facet normal 0 0 -1
    outer loop
      vertex 6.702976703643799 -5.541604548692703 4.2
      vertex 8.135436832904816 -4.265488870441914 4.2
      vertex 7.259607754647732 -5.628305524587631 4.2
    endloop
  endfacet
  facet normal 0 0 -1
    outer loop
      vertex 6.702976703643799 -5.541604548692703 4.2
      vertex 7.825337961316109 -3.795176349580288 4.2
      vertex 8.135436832904816 -4.265488870441914 4.2
    endloop
  endfacet
  facet normal 0 0 -1
    outer loop
      vertex 7.259607754647732 -5.628305524587631 4.2
      vertex 8.438778914511204 -4.883596055209637 4.2
      vertex 7.947870679199696 -5.64746418595314 4.2
    endloop
  endfacet
  facet normal 0 0 -1
    outer loop
      vertex 7.259607754647732 -5.628305524587631 4.2
      vertex 8.135436832904816 -4.265488870441914 4.2
      vertex 8.438778914511204 -4.883596055209637 4.2
    endloop
  endfacet
  facet normal 0.999931334130984 0.011718661315630891 0
    outer loop
      vertex 4.537867583334446 -7.986706800758839 4.2
      vertex 4.531265959143639 -7.42340262234211 4.2
      vertex 4.537867583334446 -7.986706800758839 6.800000000000001
    endloop
  endfacet
  facet normal 0.9904705512220284 0.13772467884126988 0
    outer loop
      vertex 4.470921017229557 -6.9894216656684875 4.2
      vertex 4.531265959143639 -7.42340262234211 6.800000000000001
      vertex 4.531265959143639 -7.42340262234211 4.2
    endloop
  endfacet
  facet normal -0.6660515648077375 -0.745905699815442 0
    outer loop
      vertex 5.7826071828603745 -5.163540855050087 4.2
      vertex 4.753945887088776 -4.245004549622536 6.800000000000001
      vertex 4.753945887088776 -4.245004549622536 4.2
    endloop
  endfacet
  facet normal -0.6005231298937191 -0.7996073851976677 0
    outer loop
      vertex 5.832668624818325 -5.201138123869896 4.2
      vertex 5.7826071828603745 -5.163540855050087 6.800000000000001
      vertex 5.7826071828603745 -5.163540855050087 4.2
    endloop
  endfacet
  facet normal -0.5065358832418259 -0.8622188811365843 0
    outer loop
      vertex 5.832668624818325 -5.201138123869896 4.2
      vertex 5.994580499827862 -5.296258024871349 4.2
      vertex 5.832668624818325 -5.201138123869896 6.800000000000001
    endloop
  endfacet
  facet normal -0.39573696545215786 -0.9183639007358235 0
    outer loop
      vertex 5.994580499827862 -5.296258024871349 4.2
      vertex 6.282001033425331 -5.4201119020581245 4.2
      vertex 5.994580499827862 -5.296258024871349 6.800000000000001
    endloop
  endfacet
  facet normal -0.2772814988630415 -0.9607887230750916 0
    outer loop
      vertex 6.282001033425331 -5.4201119020581245 4.2
      vertex 6.702976703643799 -5.541604548692703 4.2
      vertex 6.282001033425331 -5.4201119020581245 6.800000000000001
    endloop
  endfacet
  facet normal -0.027825475383806024 -0.9996127964965561 0
    outer loop
      vertex 7.259607754647732 -5.628305524587631 4.2
      vertex 7.947870679199696 -5.64746418595314 4.2
      vertex 7.259607754647732 -5.628305524587631 6.800000000000001
    endloop
  endfacet
  facet normal -0.15390445308563622 -0.9880857348026086 0
    outer loop
      vertex 6.702976703643799 -5.541604548692703 4.2
      vertex 7.259607754647732 -5.628305524587631 4.2
      vertex 6.702976703643799 -5.541604548692703 6.800000000000001
    endloop
  endfacet
  facet normal 0.8412535348446967 -0.5406408143225062 0
    outer loop
      vertex 7.947870679199696 -5.64746418595314 4.2
      vertex 8.438778914511204 -4.883596055209637 4.2
      vertex 7.947870679199696 -5.64746418595314 6.800000000000001
    endloop
  endfacet
  facet normal 0.8977206641374265 0.4405651020912323 0
    outer loop
      vertex 8.438778914511204 -4.883596055209637 4.2
      vertex 8.135436832904816 -4.265488870441914 4.2
      vertex 8.438778914511204 -4.883596055209637 6.800000000000001
    endloop
  endfacet
  facet normal 0 0 -1
    outer loop
      vertex 5.7826071828603745 -5.163540855050087 4.2
      vertex 4.753945887088776 -4.245004549622536 4.2
      vertex 7.099103808403015 -3.1150321140885353 4.2
    endloop
  endfacet
  facet normal 0 0 -1
    outer loop
      vertex 4.753945887088776 -4.245004549622536 4.2
      vertex 5.835018865764141 -2.560361370444298 4.2
      vertex 7.099103808403015 -3.1150321140885353 4.2
    endloop
  endfacet
  facet normal 0 0 -1
    outer loop
      vertex 3.587490966130753 -1.7691547608760052 4.2
      vertex 3.695518130045147 -1.5307337294603591 4.2
      vertex 6.292628616094589 -1.000682644546032 4.2
    endloop
  endfacet
  facet normal 0 0 -1
    outer loop
      vertex 3.695518130045147 -1.5307337294603591 4.2
      vertex 3.7877205179804228 -1.2857578612126463 4.2
      vertex 6.292628616094589 -1.000682644546032 4.2
    endloop
  endfacet
  facet normal 0 0 -1
    outer loop
      vertex 3.7877205179804228 -1.2857578612126463 4.2
      vertex 3.8637033051562732 -1.035276180410083 4.2
      vertex 6.292628616094589 -1.000682644546032 4.2
    endloop
  endfacet
  facet normal 0 0 -1
    outer loop
      vertex 3.8637033051562732 -1.035276180410083 4.2
      vertex 3.9231411216129217 -0.780361288064513 4.2
      vertex 6.292628616094589 1.000682644546032 4.2
    endloop
  endfacet
  facet normal 0 0 -1
    outer loop
      vertex 3.9231411216129217 -0.780361288064513 4.2
      vertex 3.9657794454952415 -0.5221047688802063 4.2
      vertex 6.252506159245968 1.2437008023262024 4.2
    endloop
  endfacet
  facet normal 0 0 -1
    outer loop
      vertex 3.8637033051562732 -1.035276180410083 4.2
      vertex 6.292628616094589 1.000682644546032 4.2
      vertex 6.292628616094589 -1.000682644546032 4.2
    endloop
  endfacet
  facet normal 0 0 -1
    outer loop
      vertex 6.282001033425331 -5.4201119020581245 4.2
      vertex 7.307884484529495 -3.2527171224355698 4.2
      vertex 7.5399447456002235 -3.4627132788300514 4.2
    endloop
  endfacet
  facet normal 0 0 -1
    outer loop
      vertex 5.994580499827862 -5.296258024871349 4.2
      vertex 7.099103808403015 -3.1150321140885353 4.2
      vertex 7.154099762439728 -3.144951142370701 4.2
    endloop
  endfacet
  facet normal 0 0 -1
    outer loop
      vertex 5.994580499827862 -5.296258024871349 4.2
      vertex 7.154099762439728 -3.144951142370701 4.2
      vertex 7.307884484529495 -3.2527171224355698 4.2
    endloop
  endfacet
  facet normal 0 0 -1
    outer loop
      vertex 6.702976703643799 -5.541604548692703 4.2
      vertex 7.5399447456002235 -3.4627132788300514 4.2
      vertex 7.825337961316109 -3.795176349580288 4.2
    endloop
  endfacet
  facet normal 0 0 -1
    outer loop
      vertex 6.292628616094589 -1.000682644546032 4.2
      vertex 7.656259670853615 1.2175335139036179 4.2
      vertex 7.656259670853615 -1.2175335139036179 4.2
    endloop
  endfacet
  facet normal 0 0 -1
    outer loop
      vertex 7.656259670853615 -1.2175335139036179 4.2
      vertex 7.906335286796093 1.2145808711647987 4.2
      vertex 7.718700654804707 -1.2220970839262009 4.2
    endloop
  endfacet
  facet normal 0 0 -1
    outer loop
      vertex 7.718700654804707 -1.2220970839262009 4.2
      vertex 7.906335286796093 1.2145808711647987 4.2
      vertex 7.906335286796093 -1.2145808711647987 4.2
    endloop
  endfacet
  facet normal 0 0 -1
    outer loop
      vertex 7.906335286796093 -1.2145808711647987 4.2
      vertex 8.215089291334152 1.163382112979889 4.2
      vertex 8.215089291334152 -1.163382112979889 4.2
    endloop
  endfacet
  facet normal 0 0 -1
    outer loop
      vertex 8.215089291334152 -1.163382112979889 4.2
      vertex 8.634920448064804 1.0379915982484818 4.2
      vertex 8.634920448064804 -1.0379915982484818 4.2
    endloop
  endfacet
  facet normal 0 0 -1
    outer loop
      vertex 8.634920448064804 -1.0379915982484818 4.2
      vertex 9.15006236732006 0.8099916353821754 4.2
      vertex 9.15006236732006 -0.8099916353821754 4.2
    endloop
  endfacet
  facet normal 0.729864077857413 -0.6835922965140465 0
    outer loop
      vertex 4.507805727422237 -4.507805727422237 4.2
      vertex 4.753945887088776 -4.245004549622536 4.2
      vertex 4.507805727422237 -4.507805727422237 6.800000000000001
    endloop
  endfacet
  facet normal 0.9108638086663333 -0.4127070656795946 0
    outer loop
      vertex 5.835018865764141 -2.560361370444298 4.2
      vertex 5.889732018113136 -2.4396068826317787 4.2
      vertex 5.835018865764141 -2.560361370444298 6.800000000000001
    endloop
  endfacet
  facet normal 0.9359059283515735 -0.3522500436854187 0
    outer loop
      vertex 5.889732018113136 -2.4396068826317787 4.2
      vertex 6.036679573357105 -2.049176588654518 4.2
      vertex 5.889732018113136 -2.4396068826317787 6.800000000000001
    endloop
  endfacet
  facet normal 0.4018118708501606 0.9157222397888423 1.5466583474460312e-17
    outer loop
      vertex 5.835018865764141 -2.560361370444298 4.2
      vertex 7.099103808403015 -3.1150321140885353 6.800000000000001
      vertex 7.099103808403015 -3.1150321140885353 4.2
    endloop
  endfacet
  facet normal 0.9569403321924587 -0.2902846889234545 0
    outer loop
      vertex 6.036679573357105 -2.049176588654518 4.2
      vertex 6.1577771455049515 -1.6499714106321335 4.2
      vertex 6.036679573357105 -2.049176588654518 6.800000000000001
    endloop
  endfacet
  facet normal 0.97387698241418 -0.22707624958117262 0
    outer loop
      vertex 6.1577771455049515 -1.6499714106321335 4.2
      vertex 6.252506159245968 -1.2437008023262024 4.2
      vertex 6.1577771455049515 -1.6499714106321335 6.800000000000001
    endloop
  endfacet
  facet normal 0.9866433342928086 -0.16289546002135513 0
    outer loop
      vertex 6.252506159245968 -1.2437008023262024 4.2
      vertex 6.292628616094589 -1.000682644546032 4.2
      vertex 6.252506159245968 -1.2437008023262024 6.800000000000001
    endloop
  endfacet
  facet normal 0.670978104939883 0.7414771626228845 0
    outer loop
      vertex 7.5399447456002235 -3.4627132788300514 4.2
      vertex 7.307884484529495 -3.2527171224355698 4.2
      vertex 7.5399447456002235 -3.4627132788300514 6.800000000000001
    endloop
  endfacet
  facet normal 0.7587772629427113 0.6513501863369409 0
    outer loop
      vertex 7.5399447456002235 -3.4627132788300514 4.2
      vertex 7.825337961316109 -3.795176349580288 6.800000000000001
      vertex 7.825337961316109 -3.795176349580288 4.2
    endloop
  endfacet
  facet normal 0.4778822411862822 0.8784239088041582 0
    outer loop
      vertex 7.154099762439728 -3.144951142370701 4.2
      vertex 7.099103808403015 -3.1150321140885353 4.2
      vertex 7.154099762439728 -3.144951142370701 6.800000000000001
    endloop
  endfacet
  facet normal 0.5738792632138671 0.8189399191962186 0
    outer loop
      vertex 7.154099762439728 -3.144951142370701 4.2
      vertex 7.307884484529495 -3.2527171224355698 6.800000000000001
      vertex 7.307884484529495 -3.2527171224355698 4.2
    endloop
  endfacet
  facet normal 0.8348601794868601 0.5504620610970093 0
    outer loop
      vertex 7.825337961316109 -3.795176349580288 4.2
      vertex 8.135436832904816 -4.265488870441914 6.800000000000001
      vertex 8.135436832904816 -4.265488870441914 4.2
    endloop
  endfacet
  facet normal -0.0728917131594896 -0.9973398609063386 0
    outer loop
      vertex 7.656259670853615 -1.2175335139036179 4.2
      vertex 7.718700654804707 -1.2220970839262009 4.2
      vertex 7.656259670853615 -1.2175335139036179 6.800000000000001
    endloop
  endfacet
  facet normal 0.04002560506880254 -0.9991986543920464 0
    outer loop
      vertex 7.718700654804707 -1.2220970839262009 4.2
      vertex 7.906335286796093 -1.2145808711647987 4.2
      vertex 7.718700654804707 -1.2220970839262009 6.800000000000001
    endloop
  endfacet
  facet normal -0.15705116905890598 -0.9875904668926442 0
    outer loop
      vertex 6.292628616094589 -1.000682644546032 4.2
      vertex 7.656259670853615 -1.2175335139036179 4.2
      vertex 6.292628616094589 -1.000682644546032 6.800000000000001
    endloop
  endfacet
  facet normal 0.16358988058266827 -0.9865284339394118 0
    outer loop
      vertex 7.906335286796093 -1.2145808711647987 4.2
      vertex 8.215089291334152 -1.163382112979889 4.2
      vertex 7.906335286796093 -1.2145808711647987 6.800000000000001
    endloop
  endfacet
  facet normal 0.28617756331159794 -0.9581766028541067 0
    outer loop
      vertex 8.215089291334152 -1.163382112979889 4.2
      vertex 8.634920448064804 -1.0379915982484818 4.2
      vertex 8.215089291334152 -1.163382112979889 6.800000000000001
    endloop
  endfacet
  facet normal 0.40472681610249156 -0.9144376437612026 0
    outer loop
      vertex 8.634920448064804 -1.0379915982484818 4.2
      vertex 9.15006236732006 -0.8099916353821754 4.2
      vertex 8.634920448064804 -1.0379915982484818 6.800000000000001
    endloop
  endfacet
  facet normal 0.9532057299756567 -0.30232240463051274 0
    outer loop
      vertex -0.0175885409116745 -8.297038063406944 6.800000000000001
      vertex 0.07702936232089996 -7.9987130761146545 4.2
      vertex 0.07702936232089996 -7.9987130761146545 6.800000000000001
    endloop
  endfacet
  facet normal 0.9833320197091732 -0.18181897319773377 0
    outer loop
      vertex 0.11117225885391235 -7.8140579611063 4.2
      vertex 0.11117225885391235 -7.8140579611063 6.800000000000001
      vertex 0.07702936232089996 -7.9987130761146545 6.800000000000001
    endloop
  endfacet
  facet normal 0.9975619481197148 -0.06978652924167793 0
    outer loop
      vertex 0.11554142087697983 -7.751603074371815 4.2
      vertex 0.11554142087697983 -7.751603074371815 6.800000000000001
      vertex 0.11117225885391235 -7.8140579611063 6.800000000000001
    endloop
  endfacet
  facet normal 0.9998889317044941 0.014903833562060589 0
    outer loop
      vertex 0.09497613459825516 -6.371890798211098 4.2
      vertex 0.09497613459825516 -6.371890798211098 6.800000000000001
      vertex 0.11554142087697983 -7.751603074371815 6.800000000000001
    endloop
  endfacet
  facet normal -0.8922758192598012 -0.45149071127128465 0
    outer loop
      vertex 2.179588757455349 -7.696410670876503 4.2
      vertex 2.179588757455349 -7.696410670876503 6.800000000000001
      vertex 2.094805523753166 -7.528854556381702 6.800000000000001
    endloop
  endfacet
  facet normal -0.9374925515686181 -0.3480053386851442 0
    outer loop
      vertex 2.094805523753166 -7.528854556381702 4.2
      vertex 2.094805523753166 -7.528854556381702 6.800000000000001
      vertex 2.07301776856184 -7.470160461962223 6.800000000000001
    endloop
  endfacet
  facet normal -0.9635852981134196 -0.26740114670597837 0
    outer loop
      vertex 2.07301776856184 -7.470160461962223 4.2
      vertex 2.07301776856184 -7.470160461962223 6.800000000000001
      vertex 1.7042534202337265 -6.14131087064743 6.800000000000001
    endloop
  endfacet
  facet normal 0.03271907446598342 -0.999464587749906 0
    outer loop
      vertex 0.4169449508190155 -6.361350633203983 4.2
      vertex 0.4169449508190155 -6.361350633203983 6.800000000000001
      vertex 0.09497613459825516 -6.371890798211098 6.800000000000001
    endloop
  endfacet
  facet normal 0.09801713806789274 -0.9951847268949516 0
    outer loop
      vertex 0.8321044743061066 -6.320460990071297 4.2
      vertex 0.8321044743061066 -6.320460990071297 6.800000000000001
      vertex 0.4169449508190155 -6.361350633203983 6.800000000000001
    endloop
  endfacet
  facet normal 0.16289547816370836 -0.986643331297494 0
    outer loop
      vertex 1.2437008023262024 -6.252506159245968 4.2
      vertex 1.2437008023262024 -6.252506159245968 6.800000000000001
      vertex 0.8321044743061066 -6.320460990071297 6.800000000000001
    endloop
  endfacet
  facet normal 0.22707624958117262 -0.97387698241418 0
    outer loop
      vertex 1.6499714106321335 -6.1577771455049515 4.2
      vertex 1.6499714106321335 -6.1577771455049515 6.800000000000001
      vertex 1.2437008023262024 -6.252506159245968 6.800000000000001
    endloop
  endfacet
  facet normal 0.29028479454266704 -0.9569403001532132 0
    outer loop
      vertex 1.7042534202337265 -6.14131087064743 4.2
      vertex 1.7042534202337265 -6.14131087064743 6.800000000000001
      vertex 1.6499714106321335 -6.1577771455049515 6.800000000000001
    endloop
  endfacet
  facet normal -0.8294201378665307 -0.5586253081462255 0
    outer loop
      vertex 2.3544218316674232 -7.9559944570064545 4.2
      vertex 2.3544218316674232 -7.9559944570064545 6.800000000000001
      vertex 2.179588757455349 -7.696410670876503 6.800000000000001
    endloop
  endfacet
  facet normal -0.7527056379445064 -0.6583572150486037 0
    outer loop
      vertex 2.642885223031044 -8.285797208547592 4.2
      vertex 2.642885223031044 -8.285797208547592 6.800000000000001
      vertex 2.3544218316674232 -7.9559944570064545 6.800000000000001
    endloop
  endfacet
  facet normal -0.663672144100561 -0.7480235859549913 0
    outer loop
      vertex 3.064278967678547 -8.659672170877457 4.2
      vertex 3.064278967678547 -8.659672170877457 6.800000000000001
      vertex 2.642885223031044 -8.285797208547592 6.800000000000001
    endloop
  endfacet
  facet normal -0.563839761527029 -0.8258842069691993 0
    outer loop
      vertex 3.6329246312379837 -9.0478924959898 4.2
      vertex 3.6329246312379837 -9.0478924959898 6.800000000000001
      vertex 3.064278967678547 -8.659672170877457 6.800000000000001
    endloop
  endfacet
  facet normal 0.4154150092870944 -0.9096319970510071 0
    outer loop
      vertex 3.6329246312379837 -9.0478924959898 6.800000000000001
      vertex 4.458881214261055 -8.670690767467022 4.2
      vertex 4.458881214261055 -8.670690767467022 6.800000000000001
    endloop
  endfacet
  facet normal 0.9904705512220284 0.13772467884126988 0
    outer loop
      vertex 4.470921017229557 -6.9894216656684875 4.2
      vertex 4.470921017229557 -6.9894216656684875 6.800000000000001
      vertex 4.531265959143639 -7.42340262234211 6.800000000000001
    endloop
  endfacet
  facet normal 0.9653355179264185 0.26101214115388066 0
    outer loop
      vertex 4.3892319947481155 -6.68730041384697 4.2
      vertex 4.3892319947481155 -6.68730041384697 6.800000000000001
      vertex 4.470921017229557 -6.9894216656684875 6.800000000000001
    endloop
  endfacet
  facet normal 0.8331024759594325 0.5531186713086651 0
    outer loop
      vertex 3.5258068293333054 -5.310539238154888 4.2
      vertex 3.5258068293333054 -5.310539238154888 6.800000000000001
      vertex 4.288032650947571 -6.4585970640182495 6.800000000000001
    endloop
  endfacet
  facet normal 0.9255303119955747 0.3786735290159247 0
    outer loop
      vertex 4.318122744560242 -6.513499602675438 4.2
      vertex 4.318122744560242 -6.513499602675438 6.800000000000001
      vertex 4.3892319947481155 -6.68730041384697 6.800000000000001
    endloop
  endfacet
  facet normal 0.8769319114625455 0.48061463009218364 0
    outer loop
      vertex 4.288032650947571 -6.4585970640182495 4.2
      vertex 4.288032650947571 -6.4585970640182495 6.800000000000001
      vertex 4.318122744560242 -6.513499602675438 6.800000000000001
    endloop
  endfacet
  facet normal 0.5280677426280411 -0.8492022486991687 0
    outer loop
      vertex 3.5417602360248566 -5.300618775188923 4.2
      vertex 3.5417602360248566 -5.300618775188923 6.800000000000001
      vertex 3.5258068293333054 -5.310539238154888 6.800000000000001
    endloop
  endfacet
  facet normal 0.5824776960299674 -0.8128466851919993 0
    outer loop
      vertex 3.880854107439518 -5.05762754380703 4.2
      vertex 3.880854107439518 -5.05762754380703 6.800000000000001
      vertex 3.5417602360248566 -5.300618775188923 6.800000000000001
    endloop
  endfacet
  facet normal 0.634393283597406 -0.7730104538274377 0
    outer loop
      vertex 4.20332957059145 -4.792978771030903 4.2
      vertex 4.20332957059145 -4.792978771030903 6.800000000000001
      vertex 3.880854107439518 -5.05762754380703 6.800000000000001
    endloop
  endfacet
  facet normal 0.6835923056494151 -0.7298640693012066 0
    outer loop
      vertex 4.507805727422237 -4.507805727422237 4.2
      vertex 4.507805727422237 -4.507805727422237 6.800000000000001
      vertex 4.20332957059145 -4.792978771030903 6.800000000000001
    endloop
  endfacet
  facet normal 0 0 1
    outer loop
      vertex 0.09497613459825516 -6.371890798211098 6.800000000000001
      vertex 0.4169449508190155 -6.361350633203983 6.800000000000001
      vertex 4.753945887088776 -4.245004549622536 6.800000000000001
    endloop
  endfacet
  facet normal 0 0 1
    outer loop
      vertex 0.4169449508190155 -6.361350633203983 6.800000000000001
      vertex 0.8321044743061066 -6.320460990071297 6.800000000000001
      vertex 4.507805727422237 -4.507805727422237 6.800000000000001
    endloop
  endfacet
  facet normal 0 0 1
    outer loop
      vertex 0.8321044743061066 -6.320460990071297 6.800000000000001
      vertex 1.2437008023262024 -6.252506159245968 6.800000000000001
      vertex 4.20332957059145 -4.792978771030903 6.800000000000001
    endloop
  endfacet
  facet normal 0 0 1
    outer loop
      vertex -1.886032223701477 -6.086168870329857 6.800000000000001
      vertex 0.09497613459825516 -6.371890798211098 6.800000000000001
      vertex 5.835018865764141 -2.560361370444298 6.800000000000001
    endloop
  endfacet
  facet normal 0 0 1
    outer loop
      vertex 2.179588757455349 -7.696410670876503 6.800000000000001
      vertex 4.3892319947481155 -6.68730041384697 6.800000000000001
      vertex 2.094805523753166 -7.528854556381702 6.800000000000001
    endloop
  endfacet
  facet normal 0 0 1
    outer loop
      vertex 2.179588757455349 -7.696410670876503 6.800000000000001
      vertex 2.3544218316674232 -7.9559944570064545 6.800000000000001
      vertex 4.3892319947481155 -6.68730041384697 6.800000000000001
    endloop
  endfacet
  facet normal 0 0 1
    outer loop
      vertex 2.3544218316674232 -7.9559944570064545 6.800000000000001
      vertex 2.642885223031044 -8.285797208547592 6.800000000000001
      vertex 4.470921017229557 -6.9894216656684875 6.800000000000001
    endloop
  endfacet
  facet normal 0 0 1
    outer loop
      vertex 2.094805523753166 -7.528854556381702 6.800000000000001
      vertex 4.3892319947481155 -6.68730041384697 6.800000000000001
      vertex 2.07301776856184 -7.470160461962223 6.800000000000001
    endloop
  endfacet
  facet normal 0 0 1
    outer loop
      vertex 3.6329246312379837 -9.0478924959898 6.800000000000001
      vertex 4.537867583334446 -7.986706800758839 6.800000000000001
      vertex 3.064278967678547 -8.659672170877457 6.800000000000001
    endloop
  endfacet
  facet normal 0 0 1
    outer loop
      vertex 2.642885223031044 -8.285797208547592 6.800000000000001
      vertex 3.064278967678547 -8.659672170877457 6.800000000000001
      vertex 4.537867583334446 -7.986706800758839 6.800000000000001
    endloop
  endfacet
  facet normal 0 0 1
    outer loop
      vertex 2.642885223031044 -8.285797208547592 6.800000000000001
      vertex 4.537867583334446 -7.986706800758839 6.800000000000001
      vertex 4.531265959143639 -7.42340262234211 6.800000000000001
    endloop
  endfacet
  facet normal 0 0 1
    outer loop
      vertex 3.6329246312379837 -9.0478924959898 6.800000000000001
      vertex 4.458881214261055 -8.670690767467022 6.800000000000001
      vertex 4.537867583334446 -7.986706800758839 6.800000000000001
    endloop
  endfacet
  facet normal 0 0 1
    outer loop
      vertex 2.642885223031044 -8.285797208547592 6.800000000000001
      vertex 4.531265959143639 -7.42340262234211 6.800000000000001
      vertex 4.470921017229557 -6.9894216656684875 6.800000000000001
    endloop
  endfacet
  facet normal 0 0 1
    outer loop
      vertex 2.07301776856184 -7.470160461962223 6.800000000000001
      vertex 4.3892319947481155 -6.68730041384697 6.800000000000001
      vertex 4.318122744560242 -6.513499602675438 6.800000000000001
    endloop
  endfacet
  facet normal 0 0 1
    outer loop
      vertex 2.07301776856184 -7.470160461962223 6.800000000000001
      vertex 4.318122744560242 -6.513499602675438 6.800000000000001
      vertex 4.288032650947571 -6.4585970640182495 6.800000000000001
    endloop
  endfacet
  facet normal 0 0 1
    outer loop
      vertex 2.3544218316674232 -7.9559944570064545 6.800000000000001
      vertex 4.470921017229557 -6.9894216656684875 6.800000000000001
      vertex 4.3892319947481155 -6.68730041384697 6.800000000000001
    endloop
  endfacet
  facet normal 0 0 1
    outer loop
      vertex 2.07301776856184 -7.470160461962223 6.800000000000001
      vertex 3.5258068293333054 -5.310539238154888 6.800000000000001
      vertex 1.7042534202337265 -6.14131087064743 6.800000000000001
    endloop
  endfacet
  facet normal 0 0 1
    outer loop
      vertex 1.2437008023262024 -6.252506159245968 6.800000000000001
      vertex 1.6499714106321335 -6.1577771455049515 6.800000000000001
      vertex 3.880854107439518 -5.05762754380703 6.800000000000001
    endloop
  endfacet
  facet normal 0 0 1
    outer loop
      vertex 1.6499714106321335 -6.1577771455049515 6.800000000000001
      vertex 1.7042534202337265 -6.14131087064743 6.800000000000001
      vertex 3.5417602360248566 -5.300618775188923 6.800000000000001
    endloop
  endfacet
  facet normal 0 0 1
    outer loop
      vertex 2.07301776856184 -7.470160461962223 6.800000000000001
      vertex 4.288032650947571 -6.4585970640182495 6.800000000000001
      vertex 3.5258068293333054 -5.310539238154888 6.800000000000001
    endloop
  endfacet
  facet normal 0 0 1
    outer loop
      vertex 1.7042534202337265 -6.14131087064743 6.800000000000001
      vertex 3.5258068293333054 -5.310539238154888 6.800000000000001
      vertex 3.5417602360248566 -5.300618775188923 6.800000000000001
    endloop
  endfacet
  facet normal 0 0 1
    outer loop
      vertex 1.6499714106321335 -6.1577771455049515 6.800000000000001
      vertex 3.5417602360248566 -5.300618775188923 6.800000000000001
      vertex 3.880854107439518 -5.05762754380703 6.800000000000001
    endloop
  endfacet
  facet normal 0 0 1
    outer loop
      vertex 1.2437008023262024 -6.252506159245968 6.800000000000001
      vertex 3.880854107439518 -5.05762754380703 6.800000000000001
      vertex 4.20332957059145 -4.792978771030903 6.800000000000001
    endloop
  endfacet
  facet normal 0 0 1
    outer loop
      vertex 0.8321044743061066 -6.320460990071297 6.800000000000001
      vertex 4.20332957059145 -4.792978771030903 6.800000000000001
      vertex 4.507805727422237 -4.507805727422237 6.800000000000001
    endloop
  endfacet
  facet normal 0 0 1
    outer loop
      vertex 0.4169449508190155 -6.361350633203983 6.800000000000001
      vertex 4.507805727422237 -4.507805727422237 6.800000000000001
      vertex 4.753945887088776 -4.245004549622536 6.800000000000001
    endloop
  endfacet
  facet normal 0 0 1
    outer loop
      vertex -2.049176588654518 -6.036679573357105 6.800000000000001
      vertex 1.1313708498984762 -1.1313708498984762 6.800000000000001
      vertex 1.0549533041601102 -1.202943691966364 6.800000000000001
    endloop
  endfacet
  facet normal 0 0 1
    outer loop
      vertex -2.049176588654518 -6.036679573357105 6.800000000000001
      vertex 1.202943691966364 -1.0549533041601102 6.800000000000001
      vertex 1.1313708498984762 -1.1313708498984762 6.800000000000001
    endloop
  endfacet
  facet normal 0 0 1
    outer loop
      vertex -2.049176588654518 -6.036679573357105 6.800000000000001
      vertex 1.2693653444659763 -0.974018286413953 6.800000000000001
      vertex 1.202943691966364 -1.0549533041601102 6.800000000000001
    endloop
  endfacet
  facet normal 0 0 1
    outer loop
      vertex -2.049176588654518 -6.036679573357105 6.800000000000001
      vertex 1.3303513796840725 -0.8889123728313635 6.800000000000001
      vertex 1.2693653444659763 -0.974018286413953 6.800000000000001
    endloop
  endfacet
  facet normal 0 0 1
    outer loop
      vertex -2.049176588654518 -6.036679573357105 6.800000000000001
      vertex -1.886032223701477 -6.086168870329857 6.800000000000001
      vertex 4.753945887088776 4.245004549622536 6.800000000000001
    endloop
  endfacet
  facet normal 0 0 1
    outer loop
      vertex -2.049176588654518 -6.036679573357105 6.800000000000001
      vertex 4.753945887088776 4.245004549622536 6.800000000000001
      vertex 1.3303513796840725 -0.8889123728313635 6.800000000000001
    endloop
  endfacet
  facet normal 0 0 1
    outer loop
      vertex -1.886032223701477 -6.086168870329857 6.800000000000001
      vertex 5.835018865764141 -2.560361370444298 6.800000000000001
      vertex 5.889732018113136 -2.4396068826317787 6.800000000000001
    endloop
  endfacet
  facet normal 0 0 1
    outer loop
      vertex -1.886032223701477 -6.086168870329857 6.800000000000001
      vertex 5.889732018113136 -2.4396068826317787 6.800000000000001
      vertex 6.036679573357105 -2.049176588654518 6.800000000000001
    endloop
  endfacet
  facet normal 0 0 1
    outer loop
      vertex 0.09497613459825516 -6.371890798211098 6.800000000000001
      vertex 4.753945887088776 -4.245004549622536 6.800000000000001
      vertex 5.835018865764141 -2.560361370444298 6.800000000000001
    endloop
  endfacet
  facet normal 0 0 1
    outer loop
      vertex -1.886032223701477 -6.086168870329857 6.800000000000001
      vertex 6.036679573357105 -2.049176588654518 6.800000000000001
      vertex 6.1577771455049515 -1.6499714106321335 6.800000000000001
    endloop
  endfacet
  facet normal 0 0 1
    outer loop
      vertex -1.886032223701477 -6.086168870329857 6.800000000000001
      vertex 6.1577771455049515 -1.6499714106321335 6.800000000000001
      vertex 6.252506159245968 -1.2437008023262024 6.800000000000001
    endloop
  endfacet
  facet normal 0 0 1
    outer loop
      vertex -1.886032223701477 -6.086168870329857 6.800000000000001
      vertex 6.252506159245968 -1.2437008023262024 6.800000000000001
      vertex 6.292628616094589 -1.000682644546032 6.800000000000001
    endloop
  endfacet
  facet normal 0 0 1
    outer loop
      vertex -1.886032223701477 -6.086168870329857 6.800000000000001
      vertex 6.036679573357105 2.049176588654518 6.800000000000001
      vertex 5.889732018113136 2.4396068826317787 6.800000000000001
    endloop
  endfacet
  facet normal 0 0 1
    outer loop
      vertex -1.886032223701477 -6.086168870329857 6.800000000000001
      vertex 5.889732018113136 2.4396068826317787 6.800000000000001
      vertex 5.835018865764141 2.560361370444298 6.800000000000001
    endloop
  endfacet
  facet normal 0 0 1
    outer loop
      vertex -1.886032223701477 -6.086168870329857 6.800000000000001
      vertex 6.292628616094589 -1.000682644546032 6.800000000000001
      vertex 6.292628616094589 1.000682644546032 6.800000000000001
    endloop
  endfacet
  facet normal 0 0 1
    outer loop
      vertex -1.886032223701477 -6.086168870329857 6.800000000000001
      vertex 6.292628616094589 1.000682644546032 6.800000000000001
      vertex 6.252506159245968 1.2437008023262024 6.800000000000001
    endloop
  endfacet
  facet normal 0 0 1
    outer loop
      vertex -1.886032223701477 -6.086168870329857 6.800000000000001
      vertex 6.252506159245968 1.2437008023262024 6.800000000000001
      vertex 6.1577771455049515 1.6499714106321335 6.800000000000001
    endloop
  endfacet
  facet normal 0 0 1
    outer loop
      vertex -1.886032223701477 -6.086168870329857 6.800000000000001
      vertex 6.1577771455049515 1.6499714106321335 6.800000000000001
      vertex 6.036679573357105 2.049176588654518 6.800000000000001
    endloop
  endfacet
  facet normal 0.9933981583133317 -0.11471747495338609 0
    outer loop
      vertex 4.537867583334446 -7.986706800758839 4.2
      vertex 4.537867583334446 -7.986706800758839 6.800000000000001
      vertex 4.458881214261055 -8.670690767467022 6.800000000000001
    endloop
  endfacet
  facet normal 0.999931334130984 0.011718661315630891 0
    outer loop
      vertex 4.531265959143639 -7.42340262234211 4.2
      vertex 4.531265959143639 -7.42340262234211 6.800000000000001
      vertex 4.537867583334446 -7.986706800758839 6.800000000000001
    endloop
  endfacet
  facet normal -0.6660515648077375 -0.745905699815442 0
    outer loop
      vertex 5.7826071828603745 -5.163540855050087 4.2
      vertex 5.7826071828603745 -5.163540855050087 6.800000000000001
      vertex 4.753945887088776 -4.245004549622536 6.800000000000001
    endloop
  endfacet
  facet normal -0.6005231298937191 -0.7996073851976677 0
    outer loop
      vertex 5.832668624818325 -5.201138123869896 4.2
      vertex 5.832668624818325 -5.201138123869896 6.800000000000001
      vertex 5.7826071828603745 -5.163540855050087 6.800000000000001
    endloop
  endfacet
  facet normal -0.5065358832418259 -0.8622188811365843 0
    outer loop
      vertex 5.994580499827862 -5.296258024871349 4.2
      vertex 5.994580499827862 -5.296258024871349 6.800000000000001
      vertex 5.832668624818325 -5.201138123869896 6.800000000000001
    endloop
  endfacet
  facet normal -0.39573696545215786 -0.9183639007358235 0
    outer loop
      vertex 6.282001033425331 -5.4201119020581245 4.2
      vertex 6.282001033425331 -5.4201119020581245 6.800000000000001
      vertex 5.994580499827862 -5.296258024871349 6.800000000000001
    endloop
  endfacet
  facet normal -0.2772814988630415 -0.9607887230750916 0
    outer loop
      vertex 6.702976703643799 -5.541604548692703 4.2
      vertex 6.702976703643799 -5.541604548692703 6.800000000000001
      vertex 6.282001033425331 -5.4201119020581245 6.800000000000001
    endloop
  endfacet
  facet normal -0.15390445308563622 -0.9880857348026086 0
    outer loop
      vertex 7.259607754647732 -5.628305524587631 4.2
      vertex 7.259607754647732 -5.628305524587631 6.800000000000001
      vertex 6.702976703643799 -5.541604548692703 6.800000000000001
    endloop
  endfacet
  facet normal -0.027825475383806024 -0.9996127964965561 0
    outer loop
      vertex 7.947870679199696 -5.64746418595314 4.2
      vertex 7.947870679199696 -5.64746418595314 6.800000000000001
      vertex 7.259607754647732 -5.628305524587631 6.800000000000001
    endloop
  endfacet
  facet normal 0.8412535348446967 -0.5406408143225062 0
    outer loop
      vertex 8.438778914511204 -4.883596055209637 4.2
      vertex 8.438778914511204 -4.883596055209637 6.800000000000001
      vertex 7.947870679199696 -5.64746418595314 6.800000000000001
    endloop
  endfacet
  facet normal 0.8977206641374265 0.4405651020912323 0
    outer loop
      vertex 8.135436832904816 -4.265488870441914 4.2
      vertex 8.135436832904816 -4.265488870441914 6.800000000000001
      vertex 8.438778914511204 -4.883596055209637 6.800000000000001
    endloop
  endfacet
  facet normal 0 0 1
    outer loop
      vertex 5.832668624818325 -5.201138123869896 6.800000000000001
      vertex 7.099103808403015 -3.1150321140885353 6.800000000000001
      vertex 5.7826071828603745 -5.163540855050087 6.800000000000001
    endloop
  endfacet
  facet normal 0 0 1
    outer loop
      vertex 5.832668624818325 -5.201138123869896 6.800000000000001
      vertex 5.994580499827862 -5.296258024871349 6.800000000000001
      vertex 7.099103808403015 -3.1150321140885353 6.800000000000001
    endloop
  endfacet
  facet normal 0 0 1
    outer loop
      vertex 5.994580499827862 -5.296258024871349 6.800000000000001
      vertex 6.282001033425331 -5.4201119020581245 6.800000000000001
      vertex 7.307884484529495 -3.2527171224355698 6.800000000000001
    endloop
  endfacet
  facet normal 0 0 1
    outer loop
      vertex 6.282001033425331 -5.4201119020581245 6.800000000000001
      vertex 6.702976703643799 -5.541604548692703 6.800000000000001
      vertex 7.5399447456002235 -3.4627132788300514 6.800000000000001
    endloop
  endfacet
  facet normal 0 0 1
    outer loop
      vertex 6.702976703643799 -5.541604548692703 6.800000000000001
      vertex 7.259607754647732 -5.628305524587631 6.800000000000001
      vertex 8.135436832904816 -4.265488870441914 6.800000000000001
    endloop
  endfacet
  facet normal 0 0 1
    outer loop
      vertex 6.702976703643799 -5.541604548692703 6.800000000000001
      vertex 8.135436832904816 -4.265488870441914 6.800000000000001
      vertex 7.825337961316109 -3.795176349580288 6.800000000000001
    endloop
  endfacet
  facet normal 0 0 1
    outer loop
      vertex 7.259607754647732 -5.628305524587631 6.800000000000001
      vertex 7.947870679199696 -5.64746418595314 6.800000000000001
      vertex 8.438778914511204 -4.883596055209637 6.800000000000001
    endloop
  endfacet
  facet normal 0 0 1
    outer loop
      vertex 7.259607754647732 -5.628305524587631 6.800000000000001
      vertex 8.438778914511204 -4.883596055209637 6.800000000000001
      vertex 8.135436832904816 -4.265488870441914 6.800000000000001
    endloop
  endfacet
  facet normal 0.729864077857413 -0.6835922965140465 0
    outer loop
      vertex 4.753945887088776 -4.245004549622536 4.2
      vertex 4.753945887088776 -4.245004549622536 6.800000000000001
      vertex 4.507805727422237 -4.507805727422237 6.800000000000001
    endloop
  endfacet
  facet normal 0.9108638086663333 -0.4127070656795946 0
    outer loop
      vertex 5.889732018113136 -2.4396068826317787 4.2
      vertex 5.889732018113136 -2.4396068826317787 6.800000000000001
      vertex 5.835018865764141 -2.560361370444298 6.800000000000001
    endloop
  endfacet
  facet normal 0.4018118708501606 0.9157222397888423 0
    outer loop
      vertex 5.835018865764141 -2.560361370444298 4.2
      vertex 5.835018865764141 -2.560361370444298 6.800000000000001
      vertex 7.099103808403015 -3.1150321140885353 6.800000000000001
    endloop
  endfacet
  facet normal 0.9359059283515735 -0.3522500436854187 0
    outer loop
      vertex 6.036679573357105 -2.049176588654518 4.2
      vertex 6.036679573357105 -2.049176588654518 6.800000000000001
      vertex 5.889732018113136 -2.4396068826317787 6.800000000000001
    endloop
  endfacet
  facet normal 0.9569403321924587 -0.2902846889234545 0
    outer loop
      vertex 6.1577771455049515 -1.6499714106321335 4.2
      vertex 6.1577771455049515 -1.6499714106321335 6.800000000000001
      vertex 6.036679573357105 -2.049176588654518 6.800000000000001
    endloop
  endfacet
  facet normal 0.97387698241418 -0.22707624958117262 0
    outer loop
      vertex 6.252506159245968 -1.2437008023262024 4.2
      vertex 6.252506159245968 -1.2437008023262024 6.800000000000001
      vertex 6.1577771455049515 -1.6499714106321335 6.800000000000001
    endloop
  endfacet
  facet normal 0.9866433342928086 -0.16289546002135513 0
    outer loop
      vertex 6.292628616094589 -1.000682644546032 4.2
      vertex 6.292628616094589 -1.000682644546032 6.800000000000001
      vertex 6.252506159245968 -1.2437008023262024 6.800000000000001
    endloop
  endfacet
  facet normal 0.7587772629427113 0.6513501863369409 0
    outer loop
      vertex 7.5399447456002235 -3.4627132788300514 4.2
      vertex 7.5399447456002235 -3.4627132788300514 6.800000000000001
      vertex 7.825337961316109 -3.795176349580288 6.800000000000001
    endloop
  endfacet
  facet normal 0.4778822411862822 0.8784239088041582 0
    outer loop
      vertex 7.099103808403015 -3.1150321140885353 4.2
      vertex 7.099103808403015 -3.1150321140885353 6.800000000000001
      vertex 7.154099762439728 -3.144951142370701 6.800000000000001
    endloop
  endfacet
  facet normal 0.5738792632138671 0.8189399191962186 0
    outer loop
      vertex 7.154099762439728 -3.144951142370701 4.2
      vertex 7.154099762439728 -3.144951142370701 6.800000000000001
      vertex 7.307884484529495 -3.2527171224355698 6.800000000000001
    endloop
  endfacet
  facet normal 0.670978104939883 0.7414771626228845 0
    outer loop
      vertex 7.307884484529495 -3.2527171224355698 4.2
      vertex 7.307884484529495 -3.2527171224355698 6.800000000000001
      vertex 7.5399447456002235 -3.4627132788300514 6.800000000000001
    endloop
  endfacet
  facet normal 0.8348601794868601 0.5504620610970093 0
    outer loop
      vertex 7.825337961316109 -3.795176349580288 4.2
      vertex 7.825337961316109 -3.795176349580288 6.800000000000001
      vertex 8.135436832904816 -4.265488870441914 6.800000000000001
    endloop
  endfacet
  facet normal -0.15705116905890598 -0.9875904668926442 0
    outer loop
      vertex 7.656259670853615 -1.2175335139036179 4.2
      vertex 7.656259670853615 -1.2175335139036179 6.800000000000001
      vertex 6.292628616094589 -1.000682644546032 6.800000000000001
    endloop
  endfacet
  facet normal -0.0728917131594896 -0.9973398609063386 0
    outer loop
      vertex 7.718700654804707 -1.2220970839262009 4.2
      vertex 7.718700654804707 -1.2220970839262009 6.800000000000001
      vertex 7.656259670853615 -1.2175335139036179 6.800000000000001
    endloop
  endfacet
  facet normal 0.04002560506880254 -0.9991986543920464 0
    outer loop
      vertex 7.906335286796093 -1.2145808711647987 4.2
      vertex 7.906335286796093 -1.2145808711647987 6.800000000000001
      vertex 7.718700654804707 -1.2220970839262009 6.800000000000001
    endloop
  endfacet
  facet normal 0.16358988058266827 -0.9865284339394118 0
    outer loop
      vertex 8.215089291334152 -1.163382112979889 4.2
      vertex 8.215089291334152 -1.163382112979889 6.800000000000001
      vertex 7.906335286796093 -1.2145808711647987 6.800000000000001
    endloop
  endfacet
  facet normal 0.28617756331159794 -0.9581766028541067 0
    outer loop
      vertex 8.634920448064804 -1.0379915982484818 4.2
      vertex 8.634920448064804 -1.0379915982484818 6.800000000000001
      vertex 8.215089291334152 -1.163382112979889 6.800000000000001
    endloop
  endfacet
  facet normal 0.40472681610249156 -0.9144376437612026 0
    outer loop
      vertex 8.634920448064804 -1.0379915982484818 6.800000000000001
      vertex 9.15006236732006 -0.8099916353821754 4.2
      vertex 9.15006236732006 -0.8099916353821754 6.800000000000001
    endloop
  endfacet
  facet normal 0 0 1
    outer loop
      vertex 5.7826071828603745 -5.163540855050087 6.800000000000001
      vertex 7.099103808403015 -3.1150321140885353 6.800000000000001
      vertex 4.753945887088776 -4.245004549622536 6.800000000000001
    endloop
  endfacet
  facet normal 0 0 1
    outer loop
      vertex 4.753945887088776 -4.245004549622536 6.800000000000001
      vertex 7.099103808403015 -3.1150321140885353 6.800000000000001
      vertex 5.835018865764141 -2.560361370444298 6.800000000000001
    endloop
  endfacet
  facet normal 0 0 1
    outer loop
      vertex 6.282001033425331 -5.4201119020581245 6.800000000000001
      vertex 7.5399447456002235 -3.4627132788300514 6.800000000000001
      vertex 7.307884484529495 -3.2527171224355698 6.800000000000001
    endloop
  endfacet
  facet normal 0 0 1
    outer loop
      vertex 5.994580499827862 -5.296258024871349 6.800000000000001
      vertex 7.154099762439728 -3.144951142370701 6.800000000000001
      vertex 7.099103808403015 -3.1150321140885353 6.800000000000001
    endloop
  endfacet
  facet normal 0 0 1
    outer loop
      vertex 5.994580499827862 -5.296258024871349 6.800000000000001
      vertex 7.307884484529495 -3.2527171224355698 6.800000000000001
      vertex 7.154099762439728 -3.144951142370701 6.800000000000001
    endloop
  endfacet
  facet normal 0 0 1
    outer loop
      vertex 6.702976703643799 -5.541604548692703 6.800000000000001
      vertex 7.825337961316109 -3.795176349580288 6.800000000000001
      vertex 7.5399447456002235 -3.4627132788300514 6.800000000000001
    endloop
  endfacet
  facet normal 0 0 1
    outer loop
      vertex 6.292628616094589 -1.000682644546032 6.800000000000001
      vertex 7.656259670853615 -1.2175335139036179 6.800000000000001
      vertex 7.656259670853615 1.2175335139036179 6.800000000000001
    endloop
  endfacet
  facet normal 0 0 1
    outer loop
      vertex 7.656259670853615 -1.2175335139036179 6.800000000000001
      vertex 7.718700654804707 -1.2220970839262009 6.800000000000001
      vertex 7.906335286796093 1.2145808711647987 6.800000000000001
    endloop
  endfacet
  facet normal 0 0 1
    outer loop
      vertex 7.718700654804707 -1.2220970839262009 6.800000000000001
      vertex 7.906335286796093 -1.2145808711647987 6.800000000000001
      vertex 7.906335286796093 1.2145808711647987 6.800000000000001
    endloop
  endfacet
  facet normal 0 0 1
    outer loop
      vertex 7.906335286796093 -1.2145808711647987 6.800000000000001
      vertex 8.215089291334152 -1.163382112979889 6.800000000000001
      vertex 8.215089291334152 1.163382112979889 6.800000000000001
    endloop
  endfacet
  facet normal 0 0 1
    outer loop
      vertex 8.215089291334152 -1.163382112979889 6.800000000000001
      vertex 8.634920448064804 -1.0379915982484818 6.800000000000001
      vertex 8.634920448064804 1.0379915982484818 6.800000000000001
    endloop
  endfacet
  facet normal 0 0 1
    outer loop
      vertex 8.634920448064804 -1.0379915982484818 6.800000000000001
      vertex 9.15006236732006 -0.8099916353821754 6.800000000000001
      vertex 9.15006236732006 0.8099916353821754 6.800000000000001
    endloop
  endfacet
  facet normal 0 0 -1
    outer loop
      vertex 9.15006236732006 -0.8099916353821754 4.2
      vertex 9.73942393809557 0.4540058970451355 4.2
      vertex 9.73942393809557 -0.4540058970451355 4.2
    endloop
  endfacet
  facet normal 0.5170231999249971 -0.8559713842993331 0
    outer loop
      vertex 9.15006236732006 -0.8099916353821754 4.2
      vertex 9.73942393809557 -0.4540058970451355 4.2
      vertex 9.15006236732006 -0.8099916353821754 6.800000000000001
    endloop
  endfacet
  facet normal 1 0 0
    outer loop
      vertex 9.73942393809557 -0.4540058970451355 4.2
      vertex 9.73942393809557 0.4540058970451355 4.2
      vertex 9.73942393809557 -0.4540058970451355 6.800000000000001
    endloop
  endfacet
  facet normal 0.5170231999249971 -0.8559713842993331 0
    outer loop
      vertex 9.73942393809557 -0.4540058970451355 4.2
      vertex 9.73942393809557 -0.4540058970451355 6.800000000000001
      vertex 9.15006236732006 -0.8099916353821754 6.800000000000001
    endloop
  endfacet
  facet normal 0 0 1
    outer loop
      vertex 9.15006236732006 -0.8099916353821754 6.800000000000001
      vertex 9.73942393809557 -0.4540058970451355 6.800000000000001
      vertex 9.73942393809557 0.4540058970451355 6.800000000000001
    endloop
  endfacet
  facet normal 0 0 -1
    outer loop
      vertex 3.8637033051562732 1.035276180410083 4.2
      vertex 3.7877205179804228 1.2857578612126463 4.2
      vertex 5.835018865764141 2.560361370444298 4.2
    endloop
  endfacet
  facet normal 0 0 -1
    outer loop
      vertex 3.7877205179804228 1.2857578612126463 4.2
      vertex 3.695518130045147 1.5307337294603591 4.2
      vertex 5.835018865764141 2.560361370444298 4.2
    endloop
  endfacet
  facet normal 0 0 -1
    outer loop
      vertex 3.695518130045147 1.5307337294603591 4.2
      vertex 3.587490966130753 1.7691547608760052 4.2
      vertex 5.835018865764141 2.560361370444298 4.2
    endloop
  endfacet
  facet normal 0 0 -1
    outer loop
      vertex 3.587490966130753 1.7691547608760052 4.2
      vertex 3.4641016151377544 2 4.2
      vertex 5.835018865764141 2.560361370444298 4.2
    endloop
  endfacet
  facet normal 0 0 -1
    outer loop
      vertex 1.7691547608760052 3.587490966130753 4.2
      vertex 3.5258068293333054 5.310539238154888 4.2
      vertex 2 3.4641016151377544 4.2
    endloop
  endfacet
  facet normal 0 0 -1
    outer loop
      vertex 1.5307337294603591 3.695518130045147 4.2
      vertex 3.5258068293333054 5.310539238154888 4.2
      vertex 1.7691547608760052 3.587490966130753 4.2
    endloop
  endfacet
  facet normal 0 0 -1
    outer loop
      vertex 2.2222809320784087 3.325878449210181 4.2
      vertex 2 3.4641016151377544 4.2
      vertex 3.5258068293333054 5.310539238154888 4.2
    endloop
  endfacet
  facet normal 0 0 -1
    outer loop
      vertex 2.2222809320784087 3.325878449210181 4.2
      vertex 3.880854107439518 5.05762754380703 4.2
      vertex 2.4350457160348826 3.1734133611649407 4.2
    endloop
  endfacet
  facet normal 0 0 -1
    outer loop
      vertex 2.4350457160348826 3.1734133611649407 4.2
      vertex 4.20332957059145 4.792978771030903 4.2
      vertex 2.6373832604002754 3.00735922991591 4.2
    endloop
  endfacet
  facet normal 0 0 -1
    outer loop
      vertex 2.6373832604002754 3.00735922991591 4.2
      vertex 4.20332957059145 4.792978771030903 4.2
      vertex 2.8284271247461903 2.8284271247461903 4.2
    endloop
  endfacet
  facet normal 0 0 -1
    outer loop
      vertex 3.00735922991591 2.6373832604002754 4.2
      vertex 2.8284271247461903 2.8284271247461903 4.2
      vertex 4.507805727422237 4.507805727422237 4.2
    endloop
  endfacet
  facet normal 0 0 -1
    outer loop
      vertex 3.00735922991591 2.6373832604002754 4.2
      vertex 4.753945887088776 4.245004549622536 4.2
      vertex 3.1734133611649407 2.4350457160348826 4.2
    endloop
  endfacet
  facet normal 0 0 -1
    outer loop
      vertex 3.325878449210181 2.2222809320784087 4.2
      vertex 3.1734133611649407 2.4350457160348826 4.2
      vertex 4.753945887088776 4.245004549622536 4.2
    endloop
  endfacet
  facet normal 0 0 -1
    outer loop
      vertex 3.325878449210181 2.2222809320784087 4.2
      vertex 5.835018865764141 2.560361370444298 4.2
      vertex 3.4641016151377544 2 4.2
    endloop
  endfacet
  facet normal 0 0 -1
    outer loop
      vertex 2.4350457160348826 3.1734133611649407 4.2
      vertex 3.880854107439518 5.05762754380703 4.2
      vertex 4.20332957059145 4.792978771030903 4.2
    endloop
  endfacet
  facet normal 0 0 -1
    outer loop
      vertex 2.8284271247461903 2.8284271247461903 4.2
      vertex 4.20332957059145 4.792978771030903 4.2
      vertex 4.507805727422237 4.507805727422237 4.2
    endloop
  endfacet
  facet normal 0 0 -1
    outer loop
      vertex 3.00735922991591 2.6373832604002754 4.2
      vertex 4.507805727422237 4.507805727422237 4.2
      vertex 4.753945887088776 4.245004549622536 4.2
    endloop
  endfacet
  facet normal 0 0 -1
    outer loop
      vertex -0.5221047688802063 3.9657794454952415 4.2
      vertex 1.2437008023262024 6.252506159245968 4.2
      vertex -0.26161251692057225 3.991435692954414 4.2
    endloop
  endfacet
  facet normal 0 0 -1
    outer loop
      vertex -0.26161251692057225 3.991435692954414 4.2
      vertex 1.7042534202337265 6.14131087064743 4.2
      vertex 0 4 4.2
    endloop
  endfacet
  facet normal 0 0 -1
    outer loop
      vertex -1.035276180410083 3.8637033051562732 4.2
      vertex 0.4169449508190155 6.361350633203983 4.2
      vertex 0.8321044743061066 6.320460990071297 4.2
    endloop
  endfacet
  facet normal 0 0 -1
    outer loop
      vertex -0.780361288064513 3.9231411216129217 4.2
      vertex 0.8321044743061066 6.320460990071297 4.2
      vertex 1.2437008023262024 6.252506159245968 4.2
    endloop
  endfacet
  facet normal 0 0 -1
    outer loop
      vertex 0 4 4.2
      vertex 1.7042534202337265 6.14131087064743 4.2
      vertex 0.26161251692057225 3.991435692954414 4.2
    endloop
  endfacet
  facet normal 0 0 -1
    outer loop
      vertex 0.26161251692057225 3.991435692954414 4.2
      vertex 1.7042534202337265 6.14131087064743 4.2
      vertex 0.5221047688802063 3.9657794454952415 4.2
    endloop
  endfacet
  facet normal 0 0 -1
    outer loop
      vertex 0.5221047688802063 3.9657794454952415 4.2
      vertex 1.7042534202337265 6.14131087064743 4.2
      vertex 0.780361288064513 3.9231411216129217 4.2
    endloop
  endfacet
  facet normal 0 0 -1
    outer loop
      vertex -0.26161251692057225 3.991435692954414 4.2
      vertex 1.2437008023262024 6.252506159245968 4.2
      vertex 1.6499714106321335 6.1577771455049515 4.2
    endloop
  endfacet
  facet normal 0 0 -1
    outer loop
      vertex -0.26161251692057225 3.991435692954414 4.2
      vertex 1.6499714106321335 6.1577771455049515 4.2
      vertex 1.7042534202337265 6.14131087064743 4.2
    endloop
  endfacet
  facet normal 0 0 -1
    outer loop
      vertex 1.035276180410083 3.8637033051562732 4.2
      vertex 0.780361288064513 3.9231411216129217 4.2
      vertex 1.7042534202337265 6.14131087064743 4.2
    endloop
  endfacet
  facet normal 0 0 -1
    outer loop
      vertex 1.035276180410083 3.8637033051562732 4.2
      vertex 1.7042534202337265 6.14131087064743 4.2
      vertex 1.2857578612126463 3.7877205179804228 4.2
    endloop
  endfacet
  facet normal 0 0 -1
    outer loop
      vertex 1.2857578612126463 3.7877205179804228 4.2
      vertex 1.7042534202337265 6.14131087064743 4.2
      vertex 1.5307337294603591 3.695518130045147 4.2
    endloop
  endfacet
  facet normal 0 0 -1
    outer loop
      vertex 1.5307337294603591 3.695518130045147 4.2
      vertex 1.7042534202337265 6.14131087064743 4.2
      vertex 3.5258068293333054 5.310539238154888 4.2
    endloop
  endfacet
  facet normal 0 0 -1
    outer loop
      vertex 2.2222809320784087 3.325878449210181 4.2
      vertex 3.5417602360248566 5.300618775188923 4.2
      vertex 3.880854107439518 5.05762754380703 4.2
    endloop
  endfacet
  facet normal 0 0 -1
    outer loop
      vertex 2.2222809320784087 3.325878449210181 4.2
      vertex 3.5258068293333054 5.310539238154888 4.2
      vertex 3.5417602360248566 5.300618775188923 4.2
    endloop
  endfacet
  facet normal 0 0 -1
    outer loop
      vertex 1.7042534202337265 6.14131087064743 4.2
      vertex 2.07301776856184 7.470160461962223 4.2
      vertex 3.5258068293333054 5.310539238154888 4.2
    endloop
  endfacet
  facet normal 0 0 -1
    outer loop
      vertex 2.07301776856184 7.470160461962223 4.2
      vertex 4.288032650947571 6.4585970640182495 4.2
      vertex 3.5258068293333054 5.310539238154888 4.2
    endloop
  endfacet
  facet normal 0 0 -1
    outer loop
      vertex 2.07301776856184 7.470160461962223 4.2
      vertex 2.094805523753166 7.528854556381702 4.2
      vertex 4.3892319947481155 6.68730041384697 4.2
    endloop
  endfacet
  facet normal 0 0 -1
    outer loop
      vertex 2.094805523753166 7.528854556381702 4.2
      vertex 2.179588757455349 7.696410670876503 4.2
      vertex 4.3892319947481155 6.68730041384697 4.2
    endloop
  endfacet
  facet normal 0 0 -1
    outer loop
      vertex 2.179588757455349 7.696410670876503 4.2
      vertex 2.3544218316674232 7.9559944570064545 4.2
      vertex 4.3892319947481155 6.68730041384697 4.2
    endloop
  endfacet
  facet normal 0 0 -1
    outer loop
      vertex 2.3544218316674232 7.9559944570064545 4.2
      vertex 2.642885223031044 8.285797208547592 4.2
      vertex 4.470921017229557 6.9894216656684875 4.2
    endloop
  endfacet
  facet normal 0 0 -1
    outer loop
      vertex 2.07301776856184 7.470160461962223 4.2
      vertex 4.318122744560242 6.513499602675438 4.2
      vertex 4.288032650947571 6.4585970640182495 4.2
    endloop
  endfacet
  facet normal 0 0 -1
    outer loop
      vertex 2.07301776856184 7.470160461962223 4.2
      vertex 4.3892319947481155 6.68730041384697 4.2
      vertex 4.318122744560242 6.513499602675438 4.2
    endloop
  endfacet
  facet normal 0 0 -1
    outer loop
      vertex 4.3892319947481155 6.68730041384697 4.2
      vertex 2.3544218316674232 7.9559944570064545 4.2
      vertex 4.470921017229557 6.9894216656684875 4.2
    endloop
  endfacet
  facet normal 0 0 -1
    outer loop
      vertex 2.642885223031044 8.285797208547592 4.2
      vertex 4.531265959143639 7.42340262234211 4.2
      vertex 4.470921017229557 6.9894216656684875 4.2
    endloop
  endfacet
  facet normal 0 0 -1
    outer loop
      vertex 2.642885223031044 8.285797208547592 4.2
      vertex 3.064278967678547 8.659672170877457 4.2
      vertex 4.537867583334446 7.986706800758839 4.2
    endloop
  endfacet
  facet normal 0 0 -1
    outer loop
      vertex 2.642885223031044 8.285797208547592 4.2
      vertex 4.537867583334446 7.986706800758839 4.2
      vertex 4.531265959143639 7.42340262234211 4.2
    endloop
  endfacet
  facet normal 0 0 -1
    outer loop
      vertex 3.064278967678547 8.659672170877457 4.2
      vertex 3.6329246312379837 9.0478924959898 4.2
      vertex 4.537867583334446 7.986706800758839 4.2
    endloop
  endfacet
  facet normal 0 0 -1
    outer loop
      vertex 4.458881214261055 8.670690767467022 4.2
      vertex 4.537867583334446 7.986706800758839 4.2
      vertex 3.6329246312379837 9.0478924959898 4.2
    endloop
  endfacet
  facet normal 0.03271907446598342 0.999464587749906 0
    outer loop
      vertex 0.09497613459825516 6.371890798211098 4.2
      vertex 0.4169449508190155 6.361350633203983 6.800000000000001
      vertex 0.4169449508190155 6.361350633203983 4.2
    endloop
  endfacet
  facet normal 0.09801713806789274 0.9951847268949516 0
    outer loop
      vertex 0.4169449508190155 6.361350633203983 4.2
      vertex 0.8321044743061066 6.320460990071297 6.800000000000001
      vertex 0.8321044743061066 6.320460990071297 4.2
    endloop
  endfacet
  facet normal 0.16289547816370836 0.986643331297494 0
    outer loop
      vertex 0.8321044743061066 6.320460990071297 4.2
      vertex 1.2437008023262024 6.252506159245968 6.800000000000001
      vertex 1.2437008023262024 6.252506159245968 4.2
    endloop
  endfacet
  facet normal 0.29028479454266704 0.9569403001532132 0
    outer loop
      vertex 1.6499714106321335 6.1577771455049515 4.2
      vertex 1.7042534202337265 6.14131087064743 6.800000000000001
      vertex 1.7042534202337265 6.14131087064743 4.2
    endloop
  endfacet
  facet normal 0.22707624958117262 0.97387698241418 0
    outer loop
      vertex 1.2437008023262024 6.252506159245968 4.2
      vertex 1.6499714106321335 6.1577771455049515 6.800000000000001
      vertex 1.6499714106321335 6.1577771455049515 4.2
    endloop
  endfacet
  facet normal 0.9998889317044941 -0.014903833562060589 0
    outer loop
      vertex 0.09497613459825516 6.371890798211098 4.2
      vertex 0.11554142087697983 7.751603074371815 4.2
      vertex 0.09497613459825516 6.371890798211098 6.800000000000001
    endloop
  endfacet
  facet normal 0.9975619481197148 0.06978652924167793 0
    outer loop
      vertex 0.11554142087697983 7.751603074371815 4.2
      vertex 0.11117225885391235 7.8140579611063 4.2
      vertex 0.11554142087697983 7.751603074371815 6.800000000000001
    endloop
  endfacet
  facet normal 0.9833320197091732 0.18181897319773377 0
    outer loop
      vertex 0.11117225885391235 7.8140579611063 4.2
      vertex 0.07702936232089996 7.9987130761146545 4.2
      vertex 0.11117225885391235 7.8140579611063 6.800000000000001
    endloop
  endfacet
  facet normal 0.9532057299756567 0.30232240463051274 0
    outer loop
      vertex -0.0175885409116745 8.297038063406944 4.2
      vertex 0.07702936232089996 7.9987130761146545 6.800000000000001
      vertex 0.07702936232089996 7.9987130761146545 4.2
    endloop
  endfacet
  facet normal -0.9635852981134196 0.26740114670597837 0
    outer loop
      vertex 1.7042534202337265 6.14131087064743 4.2
      vertex 2.07301776856184 7.470160461962223 6.800000000000001
      vertex 2.07301776856184 7.470160461962223 4.2
    endloop
  endfacet
  facet normal -0.9374925515686181 0.3480053386851442 0
    outer loop
      vertex 2.07301776856184 7.470160461962223 4.2
      vertex 2.094805523753166 7.528854556381702 6.800000000000001
      vertex 2.094805523753166 7.528854556381702 4.2
    endloop
  endfacet
  facet normal -0.8922758192598012 0.45149071127128465 0
    outer loop
      vertex 2.094805523753166 7.528854556381702 4.2
      vertex 2.179588757455349 7.696410670876503 6.800000000000001
      vertex 2.179588757455349 7.696410670876503 4.2
    endloop
  endfacet
  facet normal 0.5280677426280411 0.8492022486991687 0
    outer loop
      vertex 3.5417602360248566 5.300618775188923 4.2
      vertex 3.5258068293333054 5.310539238154888 4.2
      vertex 3.5417602360248566 5.300618775188923 6.800000000000001
    endloop
  endfacet
  facet normal 0.5824776960299674 0.8128466851919993 0
    outer loop
      vertex 3.5417602360248566 5.300618775188923 4.2
      vertex 3.880854107439518 5.05762754380703 6.800000000000001
      vertex 3.880854107439518 5.05762754380703 4.2
    endloop
  endfacet
  facet normal 0.634393283597406 0.7730104538274377 0
    outer loop
      vertex 3.880854107439518 5.05762754380703 4.2
      vertex 4.20332957059145 4.792978771030903 6.800000000000001
      vertex 4.20332957059145 4.792978771030903 4.2
    endloop
  endfacet
  facet normal 0.6835923056494151 0.7298640693012066 0
    outer loop
      vertex 4.20332957059145 4.792978771030903 4.2
      vertex 4.507805727422237 4.507805727422237 6.800000000000001
      vertex 4.507805727422237 4.507805727422237 4.2
    endloop
  endfacet
  facet normal 0.8331024759594325 -0.5531186713086651 0
    outer loop
      vertex 3.5258068293333054 5.310539238154888 4.2
      vertex 4.288032650947571 6.4585970640182495 4.2
      vertex 3.5258068293333054 5.310539238154888 6.800000000000001
    endloop
  endfacet
  facet normal 0.8769319114625455 -0.48061463009218364 0
    outer loop
      vertex 4.288032650947571 6.4585970640182495 4.2
      vertex 4.318122744560242 6.513499602675438 4.2
      vertex 4.288032650947571 6.4585970640182495 6.800000000000001
    endloop
  endfacet
  facet normal 0.9255303119955747 -0.3786735290159247 0
    outer loop
      vertex 4.318122744560242 6.513499602675438 4.2
      vertex 4.3892319947481155 6.68730041384697 4.2
      vertex 4.318122744560242 6.513499602675438 6.800000000000001
    endloop
  endfacet
  facet normal -0.8294201378665307 0.5586253081462255 0
    outer loop
      vertex 2.179588757455349 7.696410670876503 4.2
      vertex 2.3544218316674232 7.9559944570064545 6.800000000000001
      vertex 2.3544218316674232 7.9559944570064545 4.2
    endloop
  endfacet
  facet normal -0.7527056379445064 0.6583572150486037 0
    outer loop
      vertex 2.3544218316674232 7.9559944570064545 4.2
      vertex 2.642885223031044 8.285797208547592 6.800000000000001
      vertex 2.642885223031044 8.285797208547592 4.2
    endloop
  endfacet
  facet normal -0.663672144100561 0.7480235859549913 0
    outer loop
      vertex 2.642885223031044 8.285797208547592 4.2
      vertex 3.064278967678547 8.659672170877457 6.800000000000001
      vertex 3.064278967678547 8.659672170877457 4.2
    endloop
  endfacet
  facet normal 0.9653355179264185 -0.26101214115388066 0
    outer loop
      vertex 4.3892319947481155 6.68730041384697 4.2
      vertex 4.470921017229557 6.9894216656684875 4.2
      vertex 4.3892319947481155 6.68730041384697 6.800000000000001
    endloop
  endfacet
  facet normal 0.9904705512220284 -0.13772467884126988 0
    outer loop
      vertex 4.470921017229557 6.9894216656684875 4.2
      vertex 4.531265959143639 7.42340262234211 4.2
      vertex 4.470921017229557 6.9894216656684875 6.800000000000001
    endloop
  endfacet
  facet normal -0.563839761527029 0.8258842069691993 0
    outer loop
      vertex 3.064278967678547 8.659672170877457 4.2
      vertex 3.6329246312379837 9.0478924959898 6.800000000000001
      vertex 3.6329246312379837 9.0478924959898 4.2
    endloop
  endfacet
  facet normal 0.4154150092870944 0.9096319970510071 0
    outer loop
      vertex 4.458881214261055 8.670690767467022 4.2
      vertex 3.6329246312379837 9.0478924959898 4.2
      vertex 4.458881214261055 8.670690767467022 6.800000000000001
    endloop
  endfacet
  facet normal 0 0 -1
    outer loop
      vertex 3.9657794454952415 -0.5221047688802063 4.2
      vertex 3.991435692954414 -0.26161251692057225 4.2
      vertex 6.252506159245968 1.2437008023262024 4.2
    endloop
  endfacet
  facet normal 0 0 -1
    outer loop
      vertex 3.991435692954414 -0.26161251692057225 4.2
      vertex 4 0 4.2
      vertex 6.1577771455049515 1.6499714106321335 4.2
    endloop
  endfacet
  facet normal 0 0 -1
    outer loop
      vertex 4 0 4.2
      vertex 3.991435692954414 0.26161251692057225 4.2
      vertex 6.036679573357105 2.049176588654518 4.2
    endloop
  endfacet
  facet normal 0 0 -1
    outer loop
      vertex 3.991435692954414 0.26161251692057225 4.2
      vertex 3.9657794454952415 0.5221047688802063 4.2
      vertex 6.036679573357105 2.049176588654518 4.2
    endloop
  endfacet
  facet normal 0 0 -1
    outer loop
      vertex 3.9231411216129217 -0.780361288064513 4.2
      vertex 6.252506159245968 1.2437008023262024 4.2
      vertex 6.292628616094589 1.000682644546032 4.2
    endloop
  endfacet
  facet normal 0 0 -1
    outer loop
      vertex 3.991435692954414 -0.26161251692057225 4.2
      vertex 6.1577771455049515 1.6499714106321335 4.2
      vertex 6.252506159245968 1.2437008023262024 4.2
    endloop
  endfacet
  facet normal 0 0 -1
    outer loop
      vertex 3.9231411216129217 0.780361288064513 4.2
      vertex 5.835018865764141 2.560361370444298 4.2
      vertex 3.9657794454952415 0.5221047688802063 4.2
    endloop
  endfacet
  facet normal 0 0 -1
    outer loop
      vertex 3.9231411216129217 0.780361288064513 4.2
      vertex 3.8637033051562732 1.035276180410083 4.2
      vertex 5.835018865764141 2.560361370444298 4.2
    endloop
  endfacet
  facet normal 0 0 -1
    outer loop
      vertex 3.9657794454952415 0.5221047688802063 4.2
      vertex 5.889732018113136 2.4396068826317787 4.2
      vertex 6.036679573357105 2.049176588654518 4.2
    endloop
  endfacet
  facet normal 0 0 -1
    outer loop
      vertex 4 0 4.2
      vertex 6.036679573357105 2.049176588654518 4.2
      vertex 6.1577771455049515 1.6499714106321335 4.2
    endloop
  endfacet
  facet normal 0 0 -1
    outer loop
      vertex 3.9657794454952415 0.5221047688802063 4.2
      vertex 5.835018865764141 2.560361370444298 4.2
      vertex 5.889732018113136 2.4396068826317787 4.2
    endloop
  endfacet
  facet normal 0 0 -1
    outer loop
      vertex 3.325878449210181 2.2222809320784087 4.2
      vertex 4.753945887088776 4.245004549622536 4.2
      vertex 5.835018865764141 2.560361370444298 4.2
    endloop
  endfacet
  facet normal 0 0 -1
    outer loop
      vertex 4.753945887088776 4.245004549622536 4.2
      vertex 7.099103808403015 3.1150321140885353 4.2
      vertex 5.835018865764141 2.560361370444298 4.2
    endloop
  endfacet
  facet normal 0 0 -1
    outer loop
      vertex 4.753945887088776 4.245004549622536 4.2
      vertex 5.7826071828603745 5.163540855050087 4.2
      vertex 7.099103808403015 3.1150321140885353 4.2
    endloop
  endfacet
  facet normal 0 0 -1
    outer loop
      vertex 6.292628616094589 -1.000682644546032 4.2
      vertex 6.292628616094589 1.000682644546032 4.2
      vertex 7.656259670853615 1.2175335139036179 4.2
    endloop
  endfacet
  facet normal 0 0 -1
    outer loop
      vertex 7.656259670853615 -1.2175335139036179 4.2
      vertex 7.656259670853615 1.2175335139036179 4.2
      vertex 7.718700654804707 1.2220970839262009 4.2
    endloop
  endfacet
  facet normal 0 0 -1
    outer loop
      vertex 7.656259670853615 -1.2175335139036179 4.2
      vertex 7.718700654804707 1.2220970839262009 4.2
      vertex 7.906335286796093 1.2145808711647987 4.2
    endloop
  endfacet
  facet normal 0 0 -1
    outer loop
      vertex 7.906335286796093 -1.2145808711647987 4.2
      vertex 7.906335286796093 1.2145808711647987 4.2
      vertex 8.215089291334152 1.163382112979889 4.2
    endloop
  endfacet
  facet normal 0 0 -1
    outer loop
      vertex 8.215089291334152 -1.163382112979889 4.2
      vertex 8.215089291334152 1.163382112979889 4.2
      vertex 8.634920448064804 1.0379915982484818 4.2
    endloop
  endfacet
  facet normal 0 0 -1
    outer loop
      vertex 8.634920448064804 -1.0379915982484818 4.2
      vertex 8.634920448064804 1.0379915982484818 4.2
      vertex 9.15006236732006 0.8099916353821754 4.2
    endloop
  endfacet
  facet normal 0 0 -1
    outer loop
      vertex 7.099103808403015 3.1150321140885353 4.2
      vertex 5.994580499827862 5.296258024871349 4.2
      vertex 7.154099762439728 3.144951142370701 4.2
    endloop
  endfacet
  facet normal 0 0 -1
    outer loop
      vertex 7.154099762439728 3.144951142370701 4.2
      vertex 5.994580499827862 5.296258024871349 4.2
      vertex 7.307884484529495 3.2527171224355698 4.2
    endloop
  endfacet
  facet normal 0 0 -1
    outer loop
      vertex 7.307884484529495 3.2527171224355698 4.2
      vertex 6.282001033425331 5.4201119020581245 4.2
      vertex 7.5399447456002235 3.4627132788300514 4.2
    endloop
  endfacet
  facet normal 0 0 -1
    outer loop
      vertex 7.5399447456002235 3.4627132788300514 4.2
      vertex 6.702976703643799 5.541604548692703 4.2
      vertex 7.825337961316109 3.795176349580288 4.2
    endloop
  endfacet
  facet normal 0.9866433342928086 0.16289546002135513 0
    outer loop
      vertex 6.292628616094589 1.000682644546032 4.2
      vertex 6.252506159245968 1.2437008023262024 4.2
      vertex 6.292628616094589 1.000682644546032 6.800000000000001
    endloop
  endfacet
  facet normal 0.9569403321924587 0.2902846889234545 0
    outer loop
      vertex 6.1577771455049515 1.6499714106321335 4.2
      vertex 6.036679573357105 2.049176588654518 4.2
      vertex 6.1577771455049515 1.6499714106321335 6.800000000000001
    endloop
  endfacet
  facet normal 0.9359059283515735 0.3522500436854187 0
    outer loop
      vertex 6.036679573357105 2.049176588654518 4.2
      vertex 5.889732018113136 2.4396068826317787 4.2
      vertex 6.036679573357105 2.049176588654518 6.800000000000001
    endloop
  endfacet
  facet normal 0.97387698241418 0.22707624958117262 0
    outer loop
      vertex 6.1577771455049515 1.6499714106321335 4.2
      vertex 6.252506159245968 1.2437008023262024 6.800000000000001
      vertex 6.252506159245968 1.2437008023262024 4.2
    endloop
  endfacet
  facet normal 0.729864077857413 0.6835922965140465 0
    outer loop
      vertex 4.753945887088776 4.245004549622536 4.2
      vertex 4.507805727422237 4.507805727422237 4.2
      vertex 4.753945887088776 4.245004549622536 6.800000000000001
    endloop
  endfacet
  facet normal 0.9108638086663333 0.4127070656795946 0
    outer loop
      vertex 5.889732018113136 2.4396068826317787 4.2
      vertex 5.835018865764141 2.560361370444298 4.2
      vertex 5.889732018113136 2.4396068826317787 6.800000000000001
    endloop
  endfacet
  facet normal 0.4018118708501606 -0.9157222397888423 0
    outer loop
      vertex 5.835018865764141 2.560361370444298 4.2
      vertex 7.099103808403015 3.1150321140885353 4.2
      vertex 5.835018865764141 2.560361370444298 6.800000000000001
    endloop
  endfacet
  facet normal -0.15705116905890598 0.9875904668926442 0
    outer loop
      vertex 6.292628616094589 1.000682644546032 4.2
      vertex 7.656259670853615 1.2175335139036179 6.800000000000001
      vertex 7.656259670853615 1.2175335139036179 4.2
    endloop
  endfacet
  facet normal -0.0728917131594896 0.9973398609063386 0
    outer loop
      vertex 7.656259670853615 1.2175335139036179 4.2
      vertex 7.718700654804707 1.2220970839262009 6.800000000000001
      vertex 7.718700654804707 1.2220970839262009 4.2
    endloop
  endfacet
  facet normal 0.04002560506880254 0.9991986543920464 0
    outer loop
      vertex 7.718700654804707 1.2220970839262009 4.2
      vertex 7.906335286796093 1.2145808711647987 6.800000000000001
      vertex 7.906335286796093 1.2145808711647987 4.2
    endloop
  endfacet
  facet normal 0.28617756331159794 0.9581766028541067 0
    outer loop
      vertex 8.634920448064804 1.0379915982484818 4.2
      vertex 8.215089291334152 1.163382112979889 4.2
      vertex 8.634920448064804 1.0379915982484818 6.800000000000001
    endloop
  endfacet
  facet normal 0.40472681610249156 0.9144376437612026 0
    outer loop
      vertex 8.634920448064804 1.0379915982484818 4.2
      vertex 9.15006236732006 0.8099916353821754 6.800000000000001
      vertex 9.15006236732006 0.8099916353821754 4.2
    endloop
  endfacet
  facet normal 0.16358988058266827 0.9865284339394118 0
    outer loop
      vertex 7.906335286796093 1.2145808711647987 4.2
      vertex 8.215089291334152 1.163382112979889 6.800000000000001
      vertex 8.215089291334152 1.163382112979889 4.2
    endloop
  endfacet
  facet normal 0.4778822411862822 -0.8784239088041582 0
    outer loop
      vertex 7.099103808403015 3.1150321140885353 4.2
      vertex 7.154099762439728 3.144951142370701 4.2
      vertex 7.099103808403015 3.1150321140885353 6.800000000000001
    endloop
  endfacet
  facet normal 0.5738792632138671 -0.8189399191962186 0
    outer loop
      vertex 7.154099762439728 3.144951142370701 4.2
      vertex 7.307884484529495 3.2527171224355698 4.2
      vertex 7.154099762439728 3.144951142370701 6.800000000000001
    endloop
  endfacet
  facet normal 0.670978104939883 -0.7414771626228845 0
    outer loop
      vertex 7.307884484529495 3.2527171224355698 4.2
      vertex 7.5399447456002235 3.4627132788300514 4.2
      vertex 7.307884484529495 3.2527171224355698 6.800000000000001
    endloop
  endfacet
  facet normal 0.7587772629427113 -0.6513501863369409 0
    outer loop
      vertex 7.5399447456002235 3.4627132788300514 4.2
      vertex 7.825337961316109 3.795176349580288 4.2
      vertex 7.5399447456002235 3.4627132788300514 6.800000000000001
    endloop
  endfacet
  facet normal 0.8348601794868601 -0.5504620610970093 0
    outer loop
      vertex 7.825337961316109 3.795176349580288 4.2
      vertex 8.135436832904816 4.265488870441914 4.2
      vertex 7.825337961316109 3.795176349580288 6.800000000000001
    endloop
  endfacet
  facet normal 0 0 -1
    outer loop
      vertex 7.099103808403015 3.1150321140885353 4.2
      vertex 5.7826071828603745 5.163540855050087 4.2
      vertex 5.832668624818325 5.201138123869896 4.2
    endloop
  endfacet
  facet normal 0 0 -1
    outer loop
      vertex 7.099103808403015 3.1150321140885353 4.2
      vertex 5.832668624818325 5.201138123869896 4.2
      vertex 5.994580499827862 5.296258024871349 4.2
    endloop
  endfacet
  facet normal 0 0 -1
    outer loop
      vertex 7.307884484529495 3.2527171224355698 4.2
      vertex 5.994580499827862 5.296258024871349 4.2
      vertex 6.282001033425331 5.4201119020581245 4.2
    endloop
  endfacet
  facet normal 0 0 -1
    outer loop
      vertex 7.5399447456002235 3.4627132788300514 4.2
      vertex 6.282001033425331 5.4201119020581245 4.2
      vertex 6.702976703643799 5.541604548692703 4.2
    endloop
  endfacet
  facet normal 0 0 -1
    outer loop
      vertex 7.825337961316109 3.795176349580288 4.2
      vertex 6.702976703643799 5.541604548692703 4.2
      vertex 8.135436832904816 4.265488870441914 4.2
    endloop
  endfacet
  facet normal 0 0 -1
    outer loop
      vertex 8.135436832904816 4.265488870441914 4.2
      vertex 6.702976703643799 5.541604548692703 4.2
      vertex 7.259607754647732 5.628305524587631 4.2
    endloop
  endfacet
  facet normal 0 0 -1
    outer loop
      vertex 8.135436832904816 4.265488870441914 4.2
      vertex 7.259607754647732 5.628305524587631 4.2
      vertex 8.438778914511204 4.883596055209637 4.2
    endloop
  endfacet
  facet normal 0 0 -1
    outer loop
      vertex 7.259607754647732 5.628305524587631 4.2
      vertex 7.947870679199696 5.64746418595314 4.2
      vertex 8.438778914511204 4.883596055209637 4.2
    endloop
  endfacet
  facet normal -0.6660515648077375 0.745905699815442 0
    outer loop
      vertex 4.753945887088776 4.245004549622536 4.2
      vertex 5.7826071828603745 5.163540855050087 6.800000000000001
      vertex 5.7826071828603745 5.163540855050087 4.2
    endloop
  endfacet
  facet normal -0.6005231298937191 0.7996073851976677 0
    outer loop
      vertex 5.7826071828603745 5.163540855050087 4.2
      vertex 5.832668624818325 5.201138123869896 6.800000000000001
      vertex 5.832668624818325 5.201138123869896 4.2
    endloop
  endfacet
  facet normal -0.5065358832418259 0.8622188811365843 0
    outer loop
      vertex 5.832668624818325 5.201138123869896 4.2
      vertex 5.994580499827862 5.296258024871349 6.800000000000001
      vertex 5.994580499827862 5.296258024871349 4.2
    endloop
  endfacet
  facet normal -0.39573696545215786 0.9183639007358235 0
    outer loop
      vertex 5.994580499827862 5.296258024871349 4.2
      vertex 6.282001033425331 5.4201119020581245 6.800000000000001
      vertex 6.282001033425331 5.4201119020581245 4.2
    endloop
  endfacet
  facet normal -0.2772814988630415 0.9607887230750916 0
    outer loop
      vertex 6.282001033425331 5.4201119020581245 4.2
      vertex 6.702976703643799 5.541604548692703 6.800000000000001
      vertex 6.702976703643799 5.541604548692703 4.2
    endloop
  endfacet
  facet normal 0.999931334130984 -0.011718661315630891 0
    outer loop
      vertex 4.531265959143639 7.42340262234211 4.2
      vertex 4.537867583334446 7.986706800758839 4.2
      vertex 4.531265959143639 7.42340262234211 6.800000000000001
    endloop
  endfacet
  facet normal 0.9933981583133317 0.11471747495338609 0
    outer loop
      vertex 4.458881214261055 8.670690767467022 4.2
      vertex 4.537867583334446 7.986706800758839 6.800000000000001
      vertex 4.537867583334446 7.986706800758839 4.2
    endloop
  endfacet
  facet normal -0.15390445308563622 0.9880857348026086 0
    outer loop
      vertex 6.702976703643799 5.541604548692703 4.2
      vertex 7.259607754647732 5.628305524587631 6.800000000000001
      vertex 7.259607754647732 5.628305524587631 4.2
    endloop
  endfacet
  facet normal -0.027825475383806024 0.9996127964965561 0
    outer loop
      vertex 7.259607754647732 5.628305524587631 4.2
      vertex 7.947870679199696 5.64746418595314 6.800000000000001
      vertex 7.947870679199696 5.64746418595314 4.2
    endloop
  endfacet
  facet normal 0.8977206641374265 -0.4405651020912323 0
    outer loop
      vertex 8.135436832904816 4.265488870441914 4.2
      vertex 8.438778914511204 4.883596055209637 4.2
      vertex 8.135436832904816 4.265488870441914 6.800000000000001
    endloop
  endfacet
  facet normal 0.8412535348446967 0.5406408143225062 0
    outer loop
      vertex 8.438778914511204 4.883596055209637 4.2
      vertex 7.947870679199696 5.64746418595314 4.2
      vertex 8.438778914511204 4.883596055209637 6.800000000000001
    endloop
  endfacet
  facet normal 0 0 1
    outer loop
      vertex 3.5258068293333054 5.310539238154888 6.800000000000001
      vertex -1.0549533041601102 1.202943691966364 6.800000000000001
      vertex -0.974018286413953 1.2693653444659763 6.800000000000001
    endloop
  endfacet
  facet normal 0 0 1
    outer loop
      vertex 3.5258068293333054 5.310539238154888 6.800000000000001
      vertex -0.974018286413953 1.2693653444659763 6.800000000000001
      vertex -0.8889123728313635 1.3303513796840725 6.800000000000001
    endloop
  endfacet
  facet normal 0 0 1
    outer loop
      vertex 3.5258068293333054 5.310539238154888 6.800000000000001
      vertex -0.8889123728313635 1.3303513796840725 6.800000000000001
      vertex -0.8 1.3856406460551018 6.800000000000001
    endloop
  endfacet
  facet normal 0 0 1
    outer loop
      vertex 3.5258068293333054 5.310539238154888 6.800000000000001
      vertex -0.8 1.3856406460551018 6.800000000000001
      vertex -0.7076619043504021 1.4349963864523012 6.800000000000001
    endloop
  endfacet
  facet normal 0 0 1
    outer loop
      vertex 3.5258068293333054 5.310539238154888 6.800000000000001
      vertex -0.7076619043504021 1.4349963864523012 6.800000000000001
      vertex -0.6122934917841437 1.478207252018059 6.800000000000001
    endloop
  endfacet
  facet normal 0 0 1
    outer loop
      vertex 3.5258068293333054 5.310539238154888 6.800000000000001
      vertex -0.6122934917841437 1.478207252018059 6.800000000000001
      vertex -0.5143031444850585 1.5150882071921692 6.800000000000001
    endloop
  endfacet
  facet normal 0 0 1
    outer loop
      vertex 3.5258068293333054 5.310539238154888 6.800000000000001
      vertex -0.5143031444850585 1.5150882071921692 6.800000000000001
      vertex -0.4141104721640332 1.5454813220625094 6.800000000000001
    endloop
  endfacet
  facet normal 0 0 1
    outer loop
      vertex 3.5258068293333054 5.310539238154888 6.800000000000001
      vertex -0.4141104721640332 1.5454813220625094 6.800000000000001
      vertex -0.3121445152258052 1.5692564486451688 6.800000000000001
    endloop
  endfacet
  facet normal 0 0 1
    outer loop
      vertex 3.5258068293333054 5.310539238154888 6.800000000000001
      vertex -0.3121445152258052 1.5692564486451688 6.800000000000001
      vertex -0.20884190755208254 1.5863117781980967 6.800000000000001
    endloop
  endfacet
  facet normal 0 0 1
    outer loop
      vertex 3.5258068293333054 5.310539238154888 6.800000000000001
      vertex -0.20884190755208254 1.5863117781980967 6.800000000000001
      vertex -0.10464500676822891 1.5965742771817657 6.800000000000001
    endloop
  endfacet
  facet normal 0 0 1
    outer loop
      vertex 3.5258068293333054 5.310539238154888 6.800000000000001
      vertex 0.4141104721640332 1.5454813220625094 6.800000000000001
      vertex 0.5143031444850585 1.5150882071921692 6.800000000000001
    endloop
  endfacet
  facet normal 0 0 1
    outer loop
      vertex 3.5258068293333054 5.310539238154888 6.800000000000001
      vertex 0.5143031444850585 1.5150882071921692 6.800000000000001
      vertex 0.6122934917841437 1.478207252018059 6.800000000000001
    endloop
  endfacet
  facet normal 0 0 1
    outer loop
      vertex 3.5258068293333054 5.310539238154888 6.800000000000001
      vertex 0.6122934917841437 1.478207252018059 6.800000000000001
      vertex 0.7076619043504021 1.4349963864523012 6.800000000000001
    endloop
  endfacet
  facet normal 0 0 1
    outer loop
      vertex 3.5258068293333054 5.310539238154888 6.800000000000001
      vertex 0.7076619043504021 1.4349963864523012 6.800000000000001
      vertex 0.8 1.3856406460551018 6.800000000000001
    endloop
  endfacet
  facet normal 0 0 1
    outer loop
      vertex 3.5258068293333054 5.310539238154888 6.800000000000001
      vertex -0.10464500676822891 1.5965742771817657 6.800000000000001
      vertex 0 1.6 6.800000000000001
    endloop
  endfacet
  facet normal 0 0 1
    outer loop
      vertex 3.5258068293333054 5.310539238154888 6.800000000000001
      vertex 0 1.6 6.800000000000001
      vertex 0.10464500676822891 1.5965742771817657 6.800000000000001
    endloop
  endfacet
  facet normal 0 0 1
    outer loop
      vertex 3.5258068293333054 5.310539238154888 6.800000000000001
      vertex 0.10464500676822891 1.5965742771817657 6.800000000000001
      vertex 0.20884190755208254 1.5863117781980967 6.800000000000001
    endloop
  endfacet
  facet normal 0 0 1
    outer loop
      vertex 3.5258068293333054 5.310539238154888 6.800000000000001
      vertex 0.20884190755208254 1.5863117781980967 6.800000000000001
      vertex 0.3121445152258052 1.5692564486451688 6.800000000000001
    endloop
  endfacet
  facet normal 0 0 1
    outer loop
      vertex 3.5258068293333054 5.310539238154888 6.800000000000001
      vertex 0.3121445152258052 1.5692564486451688 6.800000000000001
      vertex 0.4141104721640332 1.5454813220625094 6.800000000000001
    endloop
  endfacet
  facet normal 0 0 1
    outer loop
      vertex 3.5258068293333054 5.310539238154888 6.800000000000001
      vertex 0.8889123728313635 1.3303513796840725 6.800000000000001
      vertex 0.974018286413953 1.2693653444659763 6.800000000000001
    endloop
  endfacet
  facet normal 0 0 1
    outer loop
      vertex 3.5258068293333054 5.310539238154888 6.800000000000001
      vertex 0.8 1.3856406460551018 6.800000000000001
      vertex 0.8889123728313635 1.3303513796840725 6.800000000000001
    endloop
  endfacet
  facet normal 0 0 1
    outer loop
      vertex 3.5417602360248566 5.300618775188923 6.800000000000001
      vertex 0.974018286413953 1.2693653444659763 6.800000000000001
      vertex 1.0549533041601102 1.202943691966364 6.800000000000001
    endloop
  endfacet
  facet normal 0 0 1
    outer loop
      vertex 3.880854107439518 5.05762754380703 6.800000000000001
      vertex 1.0549533041601102 1.202943691966364 6.800000000000001
      vertex 1.1313708498984762 1.1313708498984762 6.800000000000001
    endloop
  endfacet
  facet normal 0 0 1
    outer loop
      vertex 3.880854107439518 5.05762754380703 6.800000000000001
      vertex 1.1313708498984762 1.1313708498984762 6.800000000000001
      vertex 1.202943691966364 1.0549533041601102 6.800000000000001
    endloop
  endfacet
  facet normal 0 0 1
    outer loop
      vertex 3.880854107439518 5.05762754380703 6.800000000000001
      vertex 1.202943691966364 1.0549533041601102 6.800000000000001
      vertex 1.2693653444659763 0.974018286413953 6.800000000000001
    endloop
  endfacet
  facet normal 0 0 1
    outer loop
      vertex 3.880854107439518 5.05762754380703 6.800000000000001
      vertex 1.2693653444659763 0.974018286413953 6.800000000000001
      vertex 1.3303513796840725 0.8889123728313635 6.800000000000001
    endloop
  endfacet
  facet normal 0 0 1
    outer loop
      vertex 4.753945887088776 4.245004549622536 6.800000000000001
      vertex 1.3856406460551018 -0.8 6.800000000000001
      vertex 1.3303513796840725 -0.8889123728313635 6.800000000000001
    endloop
  endfacet
  facet normal 0 0 1
    outer loop
      vertex 4.753945887088776 4.245004549622536 6.800000000000001
      vertex 1.4349963864523012 -0.7076619043504021 6.800000000000001
      vertex 1.3856406460551018 -0.8 6.800000000000001
    endloop
  endfacet
  facet normal 0 0 1
    outer loop
      vertex 4.753945887088776 4.245004549622536 6.800000000000001
      vertex 1.478207252018059 -0.6122934917841437 6.800000000000001
      vertex 1.4349963864523012 -0.7076619043504021 6.800000000000001
    endloop
  endfacet
  facet normal 0 0 1
    outer loop
      vertex 4.753945887088776 4.245004549622536 6.800000000000001
      vertex 1.5150882071921692 -0.5143031444850585 6.800000000000001
      vertex 1.478207252018059 -0.6122934917841437 6.800000000000001
    endloop
  endfacet
  facet normal 0 0 1
    outer loop
      vertex 4.753945887088776 4.245004549622536 6.800000000000001
      vertex 1.5454813220625094 -0.4141104721640332 6.800000000000001
      vertex 1.5150882071921692 -0.5143031444850585 6.800000000000001
    endloop
  endfacet
  facet normal 0 0 1
    outer loop
      vertex -1.886032223701477 -6.086168870329857 6.800000000000001
      vertex 5.835018865764141 2.560361370444298 6.800000000000001
      vertex 4.753945887088776 4.245004549622536 6.800000000000001
    endloop
  endfacet
  facet normal 0 0 1
    outer loop
      vertex 4.753945887088776 4.245004549622536 6.800000000000001
      vertex 1.5692564486451688 -0.3121445152258052 6.800000000000001
      vertex 1.5454813220625094 -0.4141104721640332 6.800000000000001
    endloop
  endfacet
  facet normal 0 0 1
    outer loop
      vertex 4.753945887088776 4.245004549622536 6.800000000000001
      vertex 1.5863117781980967 -0.20884190755208254 6.800000000000001
      vertex 1.5692564486451688 -0.3121445152258052 6.800000000000001
    endloop
  endfacet
  facet normal 0 0 1
    outer loop
      vertex 4.753945887088776 4.245004549622536 6.800000000000001
      vertex 1.5965742771817657 -0.10464500676822891 6.800000000000001
      vertex 1.5863117781980967 -0.20884190755208254 6.800000000000001
    endloop
  endfacet
  facet normal 0 0 1
    outer loop
      vertex 4.753945887088776 4.245004549622536 6.800000000000001
      vertex 1.6 0 6.800000000000001
      vertex 1.5965742771817657 -0.10464500676822891 6.800000000000001
    endloop
  endfacet
  facet normal 0 0 1
    outer loop
      vertex 4.753945887088776 4.245004549622536 6.800000000000001
      vertex 1.5965742771817657 0.10464500676822891 6.800000000000001
      vertex 1.6 0 6.800000000000001
    endloop
  endfacet
  facet normal 0 0 1
    outer loop
      vertex 4.507805727422237 4.507805727422237 6.800000000000001
      vertex 1.5863117781980967 0.20884190755208254 6.800000000000001
      vertex 1.5965742771817657 0.10464500676822891 6.800000000000001
    endloop
  endfacet
  facet normal 0 0 1
    outer loop
      vertex 4.507805727422237 4.507805727422237 6.800000000000001
      vertex 1.5692564486451688 0.3121445152258052 6.800000000000001
      vertex 1.5863117781980967 0.20884190755208254 6.800000000000001
    endloop
  endfacet
  facet normal 0 0 1
    outer loop
      vertex 4.20332957059145 4.792978771030903 6.800000000000001
      vertex 1.5150882071921692 0.5143031444850585 6.800000000000001
      vertex 1.5454813220625094 0.4141104721640332 6.800000000000001
    endloop
  endfacet
  facet normal 0 0 1
    outer loop
      vertex 4.20332957059145 4.792978771030903 6.800000000000001
      vertex 1.4349963864523012 0.7076619043504021 6.800000000000001
      vertex 1.478207252018059 0.6122934917841437 6.800000000000001
    endloop
  endfacet
  facet normal 0 0 1
    outer loop
      vertex 4.20332957059145 4.792978771030903 6.800000000000001
      vertex 1.3303513796840725 0.8889123728313635 6.800000000000001
      vertex 1.3856406460551018 0.8 6.800000000000001
    endloop
  endfacet
  facet normal 0 0 1
    outer loop
      vertex 4.20332957059145 4.792978771030903 6.800000000000001
      vertex 1.3856406460551018 0.8 6.800000000000001
      vertex 1.4349963864523012 0.7076619043504021 6.800000000000001
    endloop
  endfacet
  facet normal 0 0 1
    outer loop
      vertex 4.20332957059145 4.792978771030903 6.800000000000001
      vertex 1.478207252018059 0.6122934917841437 6.800000000000001
      vertex 1.5150882071921692 0.5143031444850585 6.800000000000001
    endloop
  endfacet
  facet normal 0 0 1
    outer loop
      vertex 4.507805727422237 4.507805727422237 6.800000000000001
      vertex 1.5454813220625094 0.4141104721640332 6.800000000000001
      vertex 1.5692564486451688 0.3121445152258052 6.800000000000001
    endloop
  endfacet
  facet normal 0 0 1
    outer loop
      vertex 3.5417602360248566 5.300618775188923 6.800000000000001
      vertex 3.5258068293333054 5.310539238154888 6.800000000000001
      vertex 0.974018286413953 1.2693653444659763 6.800000000000001
    endloop
  endfacet
  facet normal 0 0 1
    outer loop
      vertex 3.5417602360248566 5.300618775188923 6.800000000000001
      vertex 1.0549533041601102 1.202943691966364 6.800000000000001
      vertex 3.880854107439518 5.05762754380703 6.800000000000001
    endloop
  endfacet
  facet normal 0 0 1
    outer loop
      vertex 3.880854107439518 5.05762754380703 6.800000000000001
      vertex 1.3303513796840725 0.8889123728313635 6.800000000000001
      vertex 4.20332957059145 4.792978771030903 6.800000000000001
    endloop
  endfacet
  facet normal 0 0 1
    outer loop
      vertex 4.753945887088776 4.245004549622536 6.800000000000001
      vertex 4.507805727422237 4.507805727422237 6.800000000000001
      vertex 1.5965742771817657 0.10464500676822891 6.800000000000001
    endloop
  endfacet
  facet normal 0 0 1
    outer loop
      vertex 4.20332957059145 4.792978771030903 6.800000000000001
      vertex 1.5454813220625094 0.4141104721640332 6.800000000000001
      vertex 4.507805727422237 4.507805727422237 6.800000000000001
    endloop
  endfacet
  facet normal 0.03271907446598342 0.999464587749906 0
    outer loop
      vertex 0.09497613459825516 6.371890798211098 4.2
      vertex 0.09497613459825516 6.371890798211098 6.800000000000001
      vertex 0.4169449508190155 6.361350633203983 6.800000000000001
    endloop
  endfacet
  facet normal 0.09801713806789274 0.9951847268949516 0
    outer loop
      vertex 0.4169449508190155 6.361350633203983 4.2
      vertex 0.4169449508190155 6.361350633203983 6.800000000000001
      vertex 0.8321044743061066 6.320460990071297 6.800000000000001
    endloop
  endfacet
  facet normal 0.16289547816370836 0.986643331297494 0
    outer loop
      vertex 0.8321044743061066 6.320460990071297 4.2
      vertex 0.8321044743061066 6.320460990071297 6.800000000000001
      vertex 1.2437008023262024 6.252506159245968 6.800000000000001
    endloop
  endfacet
  facet normal 0.22707624958117262 0.97387698241418 0
    outer loop
      vertex 1.2437008023262024 6.252506159245968 4.2
      vertex 1.2437008023262024 6.252506159245968 6.800000000000001
      vertex 1.6499714106321335 6.1577771455049515 6.800000000000001
    endloop
  endfacet
  facet normal 0.29028479454266704 0.9569403001532132 0
    outer loop
      vertex 1.6499714106321335 6.1577771455049515 4.2
      vertex 1.6499714106321335 6.1577771455049515 6.800000000000001
      vertex 1.7042534202337265 6.14131087064743 6.800000000000001
    endloop
  endfacet
  facet normal -0.9635852981134196 0.26740114670597837 0
    outer loop
      vertex 1.7042534202337265 6.14131087064743 4.2
      vertex 1.7042534202337265 6.14131087064743 6.800000000000001
      vertex 2.07301776856184 7.470160461962223 6.800000000000001
    endloop
  endfacet
  facet normal 0.9998889317044941 -0.014903833562060589 0
    outer loop
      vertex 0.11554142087697983 7.751603074371815 4.2
      vertex 0.11554142087697983 7.751603074371815 6.800000000000001
      vertex 0.09497613459825516 6.371890798211098 6.800000000000001
    endloop
  endfacet
  facet normal 0.9975619481197148 0.06978652924167793 0
    outer loop
      vertex 0.11117225885391235 7.8140579611063 4.2
      vertex 0.11117225885391235 7.8140579611063 6.800000000000001
      vertex 0.11554142087697983 7.751603074371815 6.800000000000001
    endloop
  endfacet
  facet normal 0.9833320197091732 0.18181897319773377 0
    outer loop
      vertex 0.07702936232089996 7.9987130761146545 4.2
      vertex 0.07702936232089996 7.9987130761146545 6.800000000000001
      vertex 0.11117225885391235 7.8140579611063 6.800000000000001
    endloop
  endfacet
  facet normal 0.9532057299756567 0.30232240463051274 0
    outer loop
      vertex -0.0175885409116745 8.297038063406944 4.2
      vertex -0.0175885409116745 8.297038063406944 6.800000000000001
      vertex 0.07702936232089996 7.9987130761146545 6.800000000000001
    endloop
  endfacet
  facet normal -0.9374925515686181 0.3480053386851442 0
    outer loop
      vertex 2.07301776856184 7.470160461962223 4.2
      vertex 2.07301776856184 7.470160461962223 6.800000000000001
      vertex 2.094805523753166 7.528854556381702 6.800000000000001
    endloop
  endfacet
  facet normal -0.8922758192598012 0.45149071127128465 0
    outer loop
      vertex 2.094805523753166 7.528854556381702 4.2
      vertex 2.094805523753166 7.528854556381702 6.800000000000001
      vertex 2.179588757455349 7.696410670876503 6.800000000000001
    endloop
  endfacet
  facet normal -0.8294201378665307 0.5586253081462255 0
    outer loop
      vertex 2.179588757455349 7.696410670876503 4.2
      vertex 2.179588757455349 7.696410670876503 6.800000000000001
      vertex 2.3544218316674232 7.9559944570064545 6.800000000000001
    endloop
  endfacet
  facet normal 0.5280677426280411 0.8492022486991687 0
    outer loop
      vertex 3.5258068293333054 5.310539238154888 4.2
      vertex 3.5258068293333054 5.310539238154888 6.800000000000001
      vertex 3.5417602360248566 5.300618775188923 6.800000000000001
    endloop
  endfacet
  facet normal 0.5824776960299674 0.8128466851919993 0
    outer loop
      vertex 3.5417602360248566 5.300618775188923 4.2
      vertex 3.5417602360248566 5.300618775188923 6.800000000000001
      vertex 3.880854107439518 5.05762754380703 6.800000000000001
    endloop
  endfacet
  facet normal 0.634393283597406 0.7730104538274377 0
    outer loop
      vertex 3.880854107439518 5.05762754380703 4.2
      vertex 3.880854107439518 5.05762754380703 6.800000000000001
      vertex 4.20332957059145 4.792978771030903 6.800000000000001
    endloop
  endfacet
  facet normal 0.6835923056494151 0.7298640693012066 0
    outer loop
      vertex 4.20332957059145 4.792978771030903 4.2
      vertex 4.20332957059145 4.792978771030903 6.800000000000001
      vertex 4.507805727422237 4.507805727422237 6.800000000000001
    endloop
  endfacet
  facet normal 0.8331024759594325 -0.5531186713086651 0
    outer loop
      vertex 4.288032650947571 6.4585970640182495 4.2
      vertex 4.288032650947571 6.4585970640182495 6.800000000000001
      vertex 3.5258068293333054 5.310539238154888 6.800000000000001
    endloop
  endfacet
  facet normal 0.8769319114625455 -0.48061463009218364 0
    outer loop
      vertex 4.318122744560242 6.513499602675438 4.2
      vertex 4.318122744560242 6.513499602675438 6.800000000000001
      vertex 4.288032650947571 6.4585970640182495 6.800000000000001
    endloop
  endfacet
  facet normal 0.9255303119955747 -0.3786735290159247 0
    outer loop
      vertex 4.3892319947481155 6.68730041384697 4.2
      vertex 4.3892319947481155 6.68730041384697 6.800000000000001
      vertex 4.318122744560242 6.513499602675438 6.800000000000001
    endloop
  endfacet
  facet normal -0.7527056379445064 0.6583572150486037 0
    outer loop
      vertex 2.3544218316674232 7.9559944570064545 4.2
      vertex 2.3544218316674232 7.9559944570064545 6.800000000000001
      vertex 2.642885223031044 8.285797208547592 6.800000000000001
    endloop
  endfacet
  facet normal -0.663672144100561 0.7480235859549913 0
    outer loop
      vertex 2.642885223031044 8.285797208547592 4.2
      vertex 2.642885223031044 8.285797208547592 6.800000000000001
      vertex 3.064278967678547 8.659672170877457 6.800000000000001
    endloop
  endfacet
  facet normal -0.563839761527029 0.8258842069691993 0
    outer loop
      vertex 3.064278967678547 8.659672170877457 4.2
      vertex 3.064278967678547 8.659672170877457 6.800000000000001
      vertex 3.6329246312379837 9.0478924959898 6.800000000000001
    endloop
  endfacet
  facet normal 0.9653355179264185 -0.26101214115388066 0
    outer loop
      vertex 4.470921017229557 6.9894216656684875 4.2
      vertex 4.470921017229557 6.9894216656684875 6.800000000000001
      vertex 4.3892319947481155 6.68730041384697 6.800000000000001
    endloop
  endfacet
  facet normal 0.4154150092870944 0.9096319970510071 0
    outer loop
      vertex 4.458881214261055 8.670690767467022 6.800000000000001
      vertex 3.6329246312379837 9.0478924959898 4.2
      vertex 3.6329246312379837 9.0478924959898 6.800000000000001
    endloop
  endfacet
  facet normal 0.9933981583133317 0.11471747495338609 0
    outer loop
      vertex 4.458881214261055 8.670690767467022 4.2
      vertex 4.458881214261055 8.670690767467022 6.800000000000001
      vertex 4.537867583334446 7.986706800758839 6.800000000000001
    endloop
  endfacet
  facet normal 0 0 1
    outer loop
      vertex 1.7042534202337265 6.14131087064743 6.800000000000001
      vertex 3.5258068293333054 5.310539238154888 6.800000000000001
      vertex 2.07301776856184 7.470160461962223 6.800000000000001
    endloop
  endfacet
  facet normal 0 0 1
    outer loop
      vertex 2.07301776856184 7.470160461962223 6.800000000000001
      vertex 3.5258068293333054 5.310539238154888 6.800000000000001
      vertex 4.288032650947571 6.4585970640182495 6.800000000000001
    endloop
  endfacet
  facet normal 0 0 1
    outer loop
      vertex 2.07301776856184 7.470160461962223 6.800000000000001
      vertex 4.3892319947481155 6.68730041384697 6.800000000000001
      vertex 2.094805523753166 7.528854556381702 6.800000000000001
    endloop
  endfacet
  facet normal 0 0 1
    outer loop
      vertex 2.094805523753166 7.528854556381702 6.800000000000001
      vertex 4.3892319947481155 6.68730041384697 6.800000000000001
      vertex 2.179588757455349 7.696410670876503 6.800000000000001
    endloop
  endfacet
  facet normal 0 0 1
    outer loop
      vertex 2.179588757455349 7.696410670876503 6.800000000000001
      vertex 4.3892319947481155 6.68730041384697 6.800000000000001
      vertex 2.3544218316674232 7.9559944570064545 6.800000000000001
    endloop
  endfacet
  facet normal 0 0 1
    outer loop
      vertex 2.3544218316674232 7.9559944570064545 6.800000000000001
      vertex 4.470921017229557 6.9894216656684875 6.800000000000001
      vertex 2.642885223031044 8.285797208547592 6.800000000000001
    endloop
  endfacet
  facet normal 0 0 1
    outer loop
      vertex 2.07301776856184 7.470160461962223 6.800000000000001
      vertex 4.288032650947571 6.4585970640182495 6.800000000000001
      vertex 4.318122744560242 6.513499602675438 6.800000000000001
    endloop
  endfacet
  facet normal 0 0 1
    outer loop
      vertex 2.07301776856184 7.470160461962223 6.800000000000001
      vertex 4.318122744560242 6.513499602675438 6.800000000000001
      vertex 4.3892319947481155 6.68730041384697 6.800000000000001
    endloop
  endfacet
  facet normal 0 0 1
    outer loop
      vertex 4.3892319947481155 6.68730041384697 6.800000000000001
      vertex 4.470921017229557 6.9894216656684875 6.800000000000001
      vertex 2.3544218316674232 7.9559944570064545 6.800000000000001
    endloop
  endfacet
  facet normal 0 0 1
    outer loop
      vertex 2.642885223031044 8.285797208547592 6.800000000000001
      vertex 4.470921017229557 6.9894216656684875 6.800000000000001
      vertex 4.531265959143639 7.42340262234211 6.800000000000001
    endloop
  endfacet
  facet normal 0 0 1
    outer loop
      vertex 2.642885223031044 8.285797208547592 6.800000000000001
      vertex 4.537867583334446 7.986706800758839 6.800000000000001
      vertex 3.064278967678547 8.659672170877457 6.800000000000001
    endloop
  endfacet
  facet normal 0 0 1
    outer loop
      vertex 2.642885223031044 8.285797208547592 6.800000000000001
      vertex 4.531265959143639 7.42340262234211 6.800000000000001
      vertex 4.537867583334446 7.986706800758839 6.800000000000001
    endloop
  endfacet
  facet normal 0 0 1
    outer loop
      vertex 3.064278967678547 8.659672170877457 6.800000000000001
      vertex 4.537867583334446 7.986706800758839 6.800000000000001
      vertex 3.6329246312379837 9.0478924959898 6.800000000000001
    endloop
  endfacet
  facet normal 0 0 1
    outer loop
      vertex 4.458881214261055 8.670690767467022 6.800000000000001
      vertex 3.6329246312379837 9.0478924959898 6.800000000000001
      vertex 4.537867583334446 7.986706800758839 6.800000000000001
    endloop
  endfacet
  facet normal 0.9569403321924587 0.2902846889234545 0
    outer loop
      vertex 6.036679573357105 2.049176588654518 4.2
      vertex 6.036679573357105 2.049176588654518 6.800000000000001
      vertex 6.1577771455049515 1.6499714106321335 6.800000000000001
    endloop
  endfacet
  facet normal 0.9866433342928086 0.16289546002135513 0
    outer loop
      vertex 6.252506159245968 1.2437008023262024 4.2
      vertex 6.252506159245968 1.2437008023262024 6.800000000000001
      vertex 6.292628616094589 1.000682644546032 6.800000000000001
    endloop
  endfacet
  facet normal 0.97387698241418 0.22707624958117262 0
    outer loop
      vertex 6.1577771455049515 1.6499714106321335 4.2
      vertex 6.1577771455049515 1.6499714106321335 6.800000000000001
      vertex 6.252506159245968 1.2437008023262024 6.800000000000001
    endloop
  endfacet
  facet normal 0.729864077857413 0.6835922965140465 0
    outer loop
      vertex 4.507805727422237 4.507805727422237 4.2
      vertex 4.507805727422237 4.507805727422237 6.800000000000001
      vertex 4.753945887088776 4.245004549622536 6.800000000000001
    endloop
  endfacet
  facet normal 0.9108638086663333 0.4127070656795946 0
    outer loop
      vertex 5.835018865764141 2.560361370444298 4.2
      vertex 5.835018865764141 2.560361370444298 6.800000000000001
      vertex 5.889732018113136 2.4396068826317787 6.800000000000001
    endloop
  endfacet
  facet normal 0.9359059283515735 0.3522500436854187 0
    outer loop
      vertex 5.889732018113136 2.4396068826317787 4.2
      vertex 5.889732018113136 2.4396068826317787 6.800000000000001
      vertex 6.036679573357105 2.049176588654518 6.800000000000001
    endloop
  endfacet
  facet normal 0.4018118708501606 -0.9157222397888423 0
    outer loop
      vertex 7.099103808403015 3.1150321140885353 4.2
      vertex 7.099103808403015 3.1150321140885353 6.800000000000001
      vertex 5.835018865764141 2.560361370444298 6.800000000000001
    endloop
  endfacet
  facet normal -0.15705116905890598 0.9875904668926442 0
    outer loop
      vertex 6.292628616094589 1.000682644546032 4.2
      vertex 6.292628616094589 1.000682644546032 6.800000000000001
      vertex 7.656259670853615 1.2175335139036179 6.800000000000001
    endloop
  endfacet
  facet normal -0.0728917131594896 0.9973398609063386 0
    outer loop
      vertex 7.656259670853615 1.2175335139036179 4.2
      vertex 7.656259670853615 1.2175335139036179 6.800000000000001
      vertex 7.718700654804707 1.2220970839262009 6.800000000000001
    endloop
  endfacet
  facet normal 0.04002560506880254 0.9991986543920464 0
    outer loop
      vertex 7.718700654804707 1.2220970839262009 4.2
      vertex 7.718700654804707 1.2220970839262009 6.800000000000001
      vertex 7.906335286796093 1.2145808711647987 6.800000000000001
    endloop
  endfacet
  facet normal 0.40472681610249156 0.9144376437612026 0
    outer loop
      vertex 8.634920448064804 1.0379915982484818 4.2
      vertex 8.634920448064804 1.0379915982484818 6.800000000000001
      vertex 9.15006236732006 0.8099916353821754 6.800000000000001
    endloop
  endfacet
  facet normal 0.16358988058266827 0.9865284339394118 0
    outer loop
      vertex 7.906335286796093 1.2145808711647987 4.2
      vertex 7.906335286796093 1.2145808711647987 6.800000000000001
      vertex 8.215089291334152 1.163382112979889 6.800000000000001
    endloop
  endfacet
  facet normal 0.28617756331159794 0.9581766028541067 0
    outer loop
      vertex 8.215089291334152 1.163382112979889 4.2
      vertex 8.215089291334152 1.163382112979889 6.800000000000001
      vertex 8.634920448064804 1.0379915982484818 6.800000000000001
    endloop
  endfacet
  facet normal 0.4778822411862822 -0.8784239088041582 0
    outer loop
      vertex 7.154099762439728 3.144951142370701 4.2
      vertex 7.154099762439728 3.144951142370701 6.800000000000001
      vertex 7.099103808403015 3.1150321140885353 6.800000000000001
    endloop
  endfacet
  facet normal 0.5738792632138671 -0.8189399191962186 0
    outer loop
      vertex 7.307884484529495 3.2527171224355698 4.2
      vertex 7.307884484529495 3.2527171224355698 6.800000000000001
      vertex 7.154099762439728 3.144951142370701 6.800000000000001
    endloop
  endfacet
  facet normal 0.670978104939883 -0.7414771626228845 0
    outer loop
      vertex 7.5399447456002235 3.4627132788300514 4.2
      vertex 7.5399447456002235 3.4627132788300514 6.800000000000001
      vertex 7.307884484529495 3.2527171224355698 6.800000000000001
    endloop
  endfacet
  facet normal 0.7587772629427113 -0.6513501863369409 0
    outer loop
      vertex 7.825337961316109 3.795176349580288 4.2
      vertex 7.825337961316109 3.795176349580288 6.800000000000001
      vertex 7.5399447456002235 3.4627132788300514 6.800000000000001
    endloop
  endfacet
  facet normal 0.8348601794868601 -0.5504620610970093 0
    outer loop
      vertex 8.135436832904816 4.265488870441914 4.2
      vertex 8.135436832904816 4.265488870441914 6.800000000000001
      vertex 7.825337961316109 3.795176349580288 6.800000000000001
    endloop
  endfacet
  facet normal 0 0 1
    outer loop
      vertex 4.753945887088776 4.245004549622536 6.800000000000001
      vertex 5.835018865764141 2.560361370444298 6.800000000000001
      vertex 7.099103808403015 3.1150321140885353 6.800000000000001
    endloop
  endfacet
  facet normal 0 0 1
    outer loop
      vertex 4.753945887088776 4.245004549622536 6.800000000000001
      vertex 7.099103808403015 3.1150321140885353 6.800000000000001
      vertex 5.7826071828603745 5.163540855050087 6.800000000000001
    endloop
  endfacet
  facet normal 0 0 1
    outer loop
      vertex 6.292628616094589 -1.000682644546032 6.800000000000001
      vertex 7.656259670853615 1.2175335139036179 6.800000000000001
      vertex 6.292628616094589 1.000682644546032 6.800000000000001
    endloop
  endfacet
  facet normal 0 0 1
    outer loop
      vertex 7.656259670853615 -1.2175335139036179 6.800000000000001
      vertex 7.718700654804707 1.2220970839262009 6.800000000000001
      vertex 7.656259670853615 1.2175335139036179 6.800000000000001
    endloop
  endfacet
  facet normal 0 0 1
    outer loop
      vertex 7.656259670853615 -1.2175335139036179 6.800000000000001
      vertex 7.906335286796093 1.2145808711647987 6.800000000000001
      vertex 7.718700654804707 1.2220970839262009 6.800000000000001
    endloop
  endfacet
  facet normal 0 0 1
    outer loop
      vertex 7.906335286796093 -1.2145808711647987 6.800000000000001
      vertex 8.215089291334152 1.163382112979889 6.800000000000001
      vertex 7.906335286796093 1.2145808711647987 6.800000000000001
    endloop
  endfacet
  facet normal 0 0 1
    outer loop
      vertex 8.215089291334152 -1.163382112979889 6.800000000000001
      vertex 8.634920448064804 1.0379915982484818 6.800000000000001
      vertex 8.215089291334152 1.163382112979889 6.800000000000001
    endloop
  endfacet
  facet normal 0 0 1
    outer loop
      vertex 8.634920448064804 -1.0379915982484818 6.800000000000001
      vertex 9.15006236732006 0.8099916353821754 6.800000000000001
      vertex 8.634920448064804 1.0379915982484818 6.800000000000001
    endloop
  endfacet
  facet normal 0 0 1
    outer loop
      vertex 7.099103808403015 3.1150321140885353 6.800000000000001
      vertex 7.154099762439728 3.144951142370701 6.800000000000001
      vertex 5.994580499827862 5.296258024871349 6.800000000000001
    endloop
  endfacet
  facet normal 0 0 1
    outer loop
      vertex 7.154099762439728 3.144951142370701 6.800000000000001
      vertex 7.307884484529495 3.2527171224355698 6.800000000000001
      vertex 5.994580499827862 5.296258024871349 6.800000000000001
    endloop
  endfacet
  facet normal 0 0 1
    outer loop
      vertex 7.307884484529495 3.2527171224355698 6.800000000000001
      vertex 7.5399447456002235 3.4627132788300514 6.800000000000001
      vertex 6.282001033425331 5.4201119020581245 6.800000000000001
    endloop
  endfacet
  facet normal 0 0 1
    outer loop
      vertex 7.5399447456002235 3.4627132788300514 6.800000000000001
      vertex 7.825337961316109 3.795176349580288 6.800000000000001
      vertex 6.702976703643799 5.541604548692703 6.800000000000001
    endloop
  endfacet
  facet normal -0.6660515648077375 0.745905699815442 0
    outer loop
      vertex 4.753945887088776 4.245004549622536 4.2
      vertex 4.753945887088776 4.245004549622536 6.800000000000001
      vertex 5.7826071828603745 5.163540855050087 6.800000000000001
    endloop
  endfacet
  facet normal -0.6005231298937191 0.7996073851976677 0
    outer loop
      vertex 5.7826071828603745 5.163540855050087 4.2
      vertex 5.7826071828603745 5.163540855050087 6.800000000000001
      vertex 5.832668624818325 5.201138123869896 6.800000000000001
    endloop
  endfacet
  facet normal -0.5065358832418259 0.8622188811365843 0
    outer loop
      vertex 5.832668624818325 5.201138123869896 4.2
      vertex 5.832668624818325 5.201138123869896 6.800000000000001
      vertex 5.994580499827862 5.296258024871349 6.800000000000001
    endloop
  endfacet
  facet normal -0.39573696545215786 0.9183639007358235 0
    outer loop
      vertex 5.994580499827862 5.296258024871349 4.2
      vertex 5.994580499827862 5.296258024871349 6.800000000000001
      vertex 6.282001033425331 5.4201119020581245 6.800000000000001
    endloop
  endfacet
  facet normal -0.2772814988630415 0.9607887230750916 0
    outer loop
      vertex 6.282001033425331 5.4201119020581245 4.2
      vertex 6.282001033425331 5.4201119020581245 6.800000000000001
      vertex 6.702976703643799 5.541604548692703 6.800000000000001
    endloop
  endfacet
  facet normal 0.9904705512220284 -0.13772467884126988 0
    outer loop
      vertex 4.531265959143639 7.42340262234211 4.2
      vertex 4.531265959143639 7.42340262234211 6.800000000000001
      vertex 4.470921017229557 6.9894216656684875 6.800000000000001
    endloop
  endfacet
  facet normal 0.999931334130984 -0.011718661315630891 0
    outer loop
      vertex 4.537867583334446 7.986706800758839 4.2
      vertex 4.537867583334446 7.986706800758839 6.800000000000001
      vertex 4.531265959143639 7.42340262234211 6.800000000000001
    endloop
  endfacet
  facet normal -0.15390445308563622 0.9880857348026086 0
    outer loop
      vertex 6.702976703643799 5.541604548692703 4.2
      vertex 6.702976703643799 5.541604548692703 6.800000000000001
      vertex 7.259607754647732 5.628305524587631 6.800000000000001
    endloop
  endfacet
  facet normal -0.027825475383806024 0.9996127964965561 0
    outer loop
      vertex 7.259607754647732 5.628305524587631 4.2
      vertex 7.259607754647732 5.628305524587631 6.800000000000001
      vertex 7.947870679199696 5.64746418595314 6.800000000000001
    endloop
  endfacet
  facet normal 0.8977206641374265 -0.4405651020912323 0
    outer loop
      vertex 8.438778914511204 4.883596055209637 4.2
      vertex 8.438778914511204 4.883596055209637 6.800000000000001
      vertex 8.135436832904816 4.265488870441914 6.800000000000001
    endloop
  endfacet
  facet normal 0.8412535348446967 0.5406408143225062 0
    outer loop
      vertex 7.947870679199696 5.64746418595314 4.2
      vertex 7.947870679199696 5.64746418595314 6.800000000000001
      vertex 8.438778914511204 4.883596055209637 6.800000000000001
    endloop
  endfacet
  facet normal 0 0 1
    outer loop
      vertex 7.099103808403015 3.1150321140885353 6.800000000000001
      vertex 5.832668624818325 5.201138123869896 6.800000000000001
      vertex 5.7826071828603745 5.163540855050087 6.800000000000001
    endloop
  endfacet
  facet normal 0 0 1
    outer loop
      vertex 7.099103808403015 3.1150321140885353 6.800000000000001
      vertex 5.994580499827862 5.296258024871349 6.800000000000001
      vertex 5.832668624818325 5.201138123869896 6.800000000000001
    endloop
  endfacet
  facet normal 0 0 1
    outer loop
      vertex 7.307884484529495 3.2527171224355698 6.800000000000001
      vertex 6.282001033425331 5.4201119020581245 6.800000000000001
      vertex 5.994580499827862 5.296258024871349 6.800000000000001
    endloop
  endfacet
  facet normal 0 0 1
    outer loop
      vertex 7.5399447456002235 3.4627132788300514 6.800000000000001
      vertex 6.702976703643799 5.541604548692703 6.800000000000001
      vertex 6.282001033425331 5.4201119020581245 6.800000000000001
    endloop
  endfacet
  facet normal 0 0 1
    outer loop
      vertex 7.825337961316109 3.795176349580288 6.800000000000001
      vertex 8.135436832904816 4.265488870441914 6.800000000000001
      vertex 6.702976703643799 5.541604548692703 6.800000000000001
    endloop
  endfacet
  facet normal 0 0 1
    outer loop
      vertex 8.135436832904816 4.265488870441914 6.800000000000001
      vertex 7.259607754647732 5.628305524587631 6.800000000000001
      vertex 6.702976703643799 5.541604548692703 6.800000000000001
    endloop
  endfacet
  facet normal 0 0 1
    outer loop
      vertex 8.135436832904816 4.265488870441914 6.800000000000001
      vertex 8.438778914511204 4.883596055209637 6.800000000000001
      vertex 7.259607754647732 5.628305524587631 6.800000000000001
    endloop
  endfacet
  facet normal 0 0 1
    outer loop
      vertex 7.259607754647732 5.628305524587631 6.800000000000001
      vertex 8.438778914511204 4.883596055209637 6.800000000000001
      vertex 7.947870679199696 5.64746418595314 6.800000000000001
    endloop
  endfacet
  facet normal 0 0 -1
    outer loop
      vertex 9.15006236732006 -0.8099916353821754 4.2
      vertex 9.15006236732006 0.8099916353821754 4.2
      vertex 9.73942393809557 0.4540058970451355 4.2
    endloop
  endfacet
  facet normal 0.5170231999249971 0.8559713842993331 0
    outer loop
      vertex 9.15006236732006 0.8099916353821754 4.2
      vertex 9.73942393809557 0.4540058970451355 6.800000000000001
      vertex 9.73942393809557 0.4540058970451355 4.2
    endloop
  endfacet
  facet normal 0.5170231999249971 0.8559713842993331 0
    outer loop
      vertex 9.15006236732006 0.8099916353821754 4.2
      vertex 9.15006236732006 0.8099916353821754 6.800000000000001
      vertex 9.73942393809557 0.4540058970451355 6.800000000000001
    endloop
  endfacet
  facet normal 1 0 0
    outer loop
      vertex 9.73942393809557 -0.4540058970451355 6.800000000000001
      vertex 9.73942393809557 0.4540058970451355 4.2
      vertex 9.73942393809557 0.4540058970451355 6.800000000000001
    endloop
  endfacet
  facet normal 0 0 1
    outer loop
      vertex 9.15006236732006 -0.8099916353821754 6.800000000000001
      vertex 9.73942393809557 0.4540058970451355 6.800000000000001
      vertex 9.15006236732006 0.8099916353821754 6.800000000000001
    endloop
  endfacet
  facet normal 0.8819212643483553 0.47139673682599703 -1.3299652174373846e-19
    outer loop
      vertex -1.3856406460551018 -0.8 0
      vertex -1.4349963864523012 -0.7076619043504021 0
      vertex -1.4349963864523012 -0.7076619043504021 6.800000000000001
    endloop
  endfacet
  facet normal 0.9108638249211751 0.4127070298043963 -3.09196426968813e-19
    outer loop
      vertex -1.4349963864523012 -0.7076619043504021 0
      vertex -1.478207252018059 -0.6122934917841437 0
      vertex -1.478207252018059 -0.6122934917841437 6.800000000000001
    endloop
  endfacet
  facet normal 0.8128466845916151 0.5824776968678023 -4.669782379231928e-19
    outer loop
      vertex -1.2693653444659763 -0.974018286413953 0
      vertex -1.3303513796840725 -0.8889123728313635 0
      vertex -1.3303513796840725 -0.8889123728313635 6.800000000000001
    endloop
  endfacet
  facet normal 0.7730104533627381 0.6343932841636439 5.882492993155824e-19
    outer loop
      vertex -1.202943691966364 -1.0549533041601102 0
      vertex -1.2693653444659763 -0.974018286413953 0
      vertex -1.2693653444659763 -0.974018286413953 6.800000000000001
    endloop
  endfacet
  facet normal 0.7298640726978363 0.6835923020228708 -1.1779112589040634e-19
    outer loop
      vertex -1.1313708498984762 -1.1313708498984762 0
      vertex -1.202943691966364 -1.0549533041601102 0
      vertex -1.202943691966364 -1.0549533041601102 6.800000000000001
    endloop
  endfacet
  facet normal 0.8492021815265789 0.5280678506503679 -5.805751291841773e-19
    outer loop
      vertex -1.3303513796840725 -0.8889123728313635 0
      vertex -1.3856406460551018 -0.8 0
      vertex -1.3856406460551018 -0.8 6.800000000000001
    endloop
  endfacet
  facet normal 0.9738769792773339 0.22707626303437223 0
    outer loop
      vertex -1.5692564486451688 -0.3121445152258052 6.800000000000001
      vertex -1.5454813220625094 -0.4141104721640332 0
      vertex -1.5692564486451688 -0.3121445152258052 0
    endloop
  endfacet
  facet normal 0.9359059267573258 0.35225004792123354 0
    outer loop
      vertex -1.5150882071921692 -0.5143031444850585 6.800000000000001
      vertex -1.478207252018059 -0.6122934917841437 0
      vertex -1.5150882071921692 -0.5143031444850585 0
    endloop
  endfacet
  facet normal 0.9569403357322087 0.29028467725446266 0
    outer loop
      vertex -1.5454813220625094 -0.4141104721640332 6.800000000000001
      vertex -1.5150882071921692 -0.5143031444850585 0
      vertex -1.5454813220625094 -0.4141104721640332 0
    endloop
  endfacet
  facet normal 0.9866433320848791 0.16289547339458818 2.4109661811108746e-20
    outer loop
      vertex -1.5692564486451688 -0.3121445152258052 0
      vertex -1.5863117781980967 -0.20884190755208254 0
      vertex -1.5863117781980967 -0.20884190755208254 6.800000000000001
    endloop
  endfacet
  facet normal 0.9951847266721968 0.09801714032956146 0
    outer loop
      vertex -1.5965742771817657 -0.10464500676822891 6.800000000000001
      vertex -1.5863117781980967 -0.20884190755208254 0
      vertex -1.5965742771817657 -0.10464500676822891 0
    endloop
  endfacet
  facet normal 0.9994645874763656 0.03271908282177614 0
    outer loop
      vertex -1.6 0 6.800000000000001
      vertex -1.5965742771817657 -0.10464500676822891 0
      vertex -1.6 0 0
    endloop
  endfacet
  facet normal 0.6835923020228708 0.7298640726978363 0
    outer loop
      vertex -1.1313708498984762 -1.1313708498984762 0
      vertex -1.1313708498984762 -1.1313708498984762 6.800000000000001
      vertex -1.0549533041601102 -1.202943691966364 0
    endloop
  endfacet
  facet normal 0.6343932841636439 0.7730104533627381 0
    outer loop
      vertex -1.0549533041601102 -1.202943691966364 0
      vertex -1.0549533041601102 -1.202943691966364 6.800000000000001
      vertex -0.974018286413953 -1.2693653444659763 0
    endloop
  endfacet
  facet normal 0.5824776968678023 0.8128466845916151 0
    outer loop
      vertex -0.974018286413953 -1.2693653444659763 0
      vertex -0.974018286413953 -1.2693653444659763 6.800000000000001
      vertex -0.8889123728313635 -1.3303513796840725 0
    endloop
  endfacet
  facet normal 0.5280678506503679 0.8492021815265789 0
    outer loop
      vertex -0.8889123728313635 -1.3303513796840725 0
      vertex -0.8889123728313635 -1.3303513796840725 6.800000000000001
      vertex -0.8 -1.3856406460551018 0
    endloop
  endfacet
  facet normal 0.47139673682599703 0.8819212643483553 0
    outer loop
      vertex -0.8 -1.3856406460551018 0
      vertex -0.8 -1.3856406460551018 6.800000000000001
      vertex -0.7076619043504021 -1.4349963864523012 0
    endloop
  endfacet
  facet normal 0.4127070298043963 0.9108638249211751 0
    outer loop
      vertex -0.7076619043504021 -1.4349963864523012 0
      vertex -0.7076619043504021 -1.4349963864523012 6.800000000000001
      vertex -0.6122934917841437 -1.478207252018059 0
    endloop
  endfacet
  facet normal 0.35225004792123354 0.9359059267573258 0
    outer loop
      vertex -0.6122934917841437 -1.478207252018059 0
      vertex -0.6122934917841437 -1.478207252018059 6.800000000000001
      vertex -0.5143031444850585 -1.5150882071921692 0
    endloop
  endfacet
  facet normal 0.29028467725446266 0.9569403357322087 0
    outer loop
      vertex -0.5143031444850585 -1.5150882071921692 6.800000000000001
      vertex -0.4141104721640332 -1.5454813220625094 0
      vertex -0.5143031444850585 -1.5150882071921692 0
    endloop
  endfacet
  facet normal 0.22707626303437223 0.9738769792773339 0
    outer loop
      vertex -0.4141104721640332 -1.5454813220625094 0
      vertex -0.4141104721640332 -1.5454813220625094 6.800000000000001
      vertex -0.3121445152258052 -1.5692564486451688 0
    endloop
  endfacet
  facet normal 0.16289547339458818 0.9866433320848791 0
    outer loop
      vertex -0.3121445152258052 -1.5692564486451688 0
      vertex -0.3121445152258052 -1.5692564486451688 6.800000000000001
      vertex -0.20884190755208254 -1.5863117781980967 0
    endloop
  endfacet
  facet normal 0.09801714032956146 0.9951847266721968 0
    outer loop
      vertex -0.20884190755208254 -1.5863117781980967 0
      vertex -0.20884190755208254 -1.5863117781980967 6.800000000000001
      vertex -0.10464500676822891 -1.5965742771817657 0
    endloop
  endfacet
  facet normal 0.03271908282177614 0.9994645874763656 0
    outer loop
      vertex -0.10464500676822891 -1.5965742771817657 0
      vertex -0.10464500676822891 -1.5965742771817657 6.800000000000001
      vertex 0 -1.6 0
    endloop
  endfacet
  facet normal 0.9359059267573258 0.35225004792123354 -3.0007640015791916e-19
    outer loop
      vertex -1.5150882071921692 -0.5143031444850585 6.800000000000001
      vertex -1.478207252018059 -0.6122934917841437 6.800000000000001
      vertex -1.478207252018059 -0.6122934917841437 0
    endloop
  endfacet
  facet normal 0.9108638249211751 0.4127070298043963 0
    outer loop
      vertex -1.4349963864523012 -0.7076619043504021 0
      vertex -1.478207252018059 -0.6122934917841437 6.800000000000001
      vertex -1.4349963864523012 -0.7076619043504021 6.800000000000001
    endloop
  endfacet
  facet normal 0.8492021815265789 0.5280678506503679 0
    outer loop
      vertex -1.3303513796840725 -0.8889123728313635 0
      vertex -1.3856406460551018 -0.8 6.800000000000001
      vertex -1.3303513796840725 -0.8889123728313635 6.800000000000001
    endloop
  endfacet
  facet normal 0.8128466845916151 0.5824776968678023 0
    outer loop
      vertex -1.2693653444659763 -0.974018286413953 0
      vertex -1.3303513796840725 -0.8889123728313635 6.800000000000001
      vertex -1.2693653444659763 -0.974018286413953 6.800000000000001
    endloop
  endfacet
  facet normal 0.7730104533627381 0.6343932841636439 0
    outer loop
      vertex -1.202943691966364 -1.0549533041601102 0
      vertex -1.2693653444659763 -0.974018286413953 6.800000000000001
      vertex -1.202943691966364 -1.0549533041601102 6.800000000000001
    endloop
  endfacet
  facet normal 0.7298640726978363 0.6835923020228708 0
    outer loop
      vertex -1.1313708498984762 -1.1313708498984762 0
      vertex -1.202943691966364 -1.0549533041601102 6.800000000000001
      vertex -1.1313708498984762 -1.1313708498984762 6.800000000000001
    endloop
  endfacet
  facet normal 0.8819212643483553 0.47139673682599703 0
    outer loop
      vertex -1.3856406460551018 -0.8 0
      vertex -1.4349963864523012 -0.7076619043504021 6.800000000000001
      vertex -1.3856406460551018 -0.8 6.800000000000001
    endloop
  endfacet
  facet normal 0.9738769792773339 0.22707626303437223 1.5851476093879512e-19
    outer loop
      vertex -1.5692564486451688 -0.3121445152258052 6.800000000000001
      vertex -1.5454813220625094 -0.4141104721640332 6.800000000000001
      vertex -1.5454813220625094 -0.4141104721640332 0
    endloop
  endfacet
  facet normal 0.9569403357322087 0.29028467725446266 -4.0537811921773456e-20
    outer loop
      vertex -1.5454813220625094 -0.4141104721640332 6.800000000000001
      vertex -1.5150882071921692 -0.5143031444850585 6.800000000000001
      vertex -1.5150882071921692 -0.5143031444850585 0
    endloop
  endfacet
  facet normal 0.9866433320848791 0.16289547339458818 2.4109661811108746e-20
    outer loop
      vertex -1.5863117781980967 -0.20884190755208254 6.800000000000001
      vertex -1.5692564486451688 -0.3121445152258052 6.800000000000001
      vertex -1.5692564486451688 -0.3121445152258052 0
    endloop
  endfacet
  facet normal 0.9951847266721968 0.09801714032956146 8.595633939931754e-20
    outer loop
      vertex -1.5965742771817657 -0.10464500676822891 6.800000000000001
      vertex -1.5863117781980967 -0.20884190755208254 6.800000000000001
      vertex -1.5863117781980967 -0.20884190755208254 0
    endloop
  endfacet
  facet normal 0.9994645874763656 0.03271908282177614 3.573473519367112e-21
    outer loop
      vertex -1.6 0 6.800000000000001
      vertex -1.5965742771817657 -0.10464500676822891 6.800000000000001
      vertex -1.5965742771817657 -0.10464500676822891 0
    endloop
  endfacet
  facet normal 0.6835923020228708 0.7298640726978363 0
    outer loop
      vertex -1.0549533041601102 -1.202943691966364 0
      vertex -1.1313708498984762 -1.1313708498984762 6.800000000000001
      vertex -1.0549533041601102 -1.202943691966364 6.800000000000001
    endloop
  endfacet
  facet normal 0.6343932841636439 0.7730104533627381 0
    outer loop
      vertex -0.974018286413953 -1.2693653444659763 0
      vertex -1.0549533041601102 -1.202943691966364 6.800000000000001
      vertex -0.974018286413953 -1.2693653444659763 6.800000000000001
    endloop
  endfacet
  facet normal 0.5824776968678023 0.8128466845916151 0
    outer loop
      vertex -0.8889123728313635 -1.3303513796840725 0
      vertex -0.974018286413953 -1.2693653444659763 6.800000000000001
      vertex -0.8889123728313635 -1.3303513796840725 6.800000000000001
    endloop
  endfacet
  facet normal 0.47139673682599703 0.8819212643483553 0
    outer loop
      vertex -0.7076619043504021 -1.4349963864523012 0
      vertex -0.8 -1.3856406460551018 6.800000000000001
      vertex -0.7076619043504021 -1.4349963864523012 6.800000000000001
    endloop
  endfacet
  facet normal 0.4127070298043963 0.9108638249211751 0
    outer loop
      vertex -0.6122934917841437 -1.478207252018059 0
      vertex -0.7076619043504021 -1.4349963864523012 6.800000000000001
      vertex -0.6122934917841437 -1.478207252018059 6.800000000000001
    endloop
  endfacet
  facet normal 0.5280678506503679 0.8492021815265789 0
    outer loop
      vertex -0.8 -1.3856406460551018 0
      vertex -0.8889123728313635 -1.3303513796840725 6.800000000000001
      vertex -0.8 -1.3856406460551018 6.800000000000001
    endloop
  endfacet
  facet normal 0.35225004792123354 0.9359059267573258 0
    outer loop
      vertex -0.5143031444850585 -1.5150882071921692 0
      vertex -0.6122934917841437 -1.478207252018059 6.800000000000001
      vertex -0.5143031444850585 -1.5150882071921692 6.800000000000001
    endloop
  endfacet
  facet normal 0.29028467725446266 0.9569403357322087 0
    outer loop
      vertex -0.4141104721640332 -1.5454813220625094 0
      vertex -0.5143031444850585 -1.5150882071921692 6.800000000000001
      vertex -0.4141104721640332 -1.5454813220625094 6.800000000000001
    endloop
  endfacet
  facet normal 0.22707626303437223 0.9738769792773339 0
    outer loop
      vertex -0.3121445152258052 -1.5692564486451688 0
      vertex -0.4141104721640332 -1.5454813220625094 6.800000000000001
      vertex -0.3121445152258052 -1.5692564486451688 6.800000000000001
    endloop
  endfacet
  facet normal 0.16289547339458818 0.9866433320848791 0
    outer loop
      vertex -0.20884190755208254 -1.5863117781980967 0
      vertex -0.3121445152258052 -1.5692564486451688 6.800000000000001
      vertex -0.20884190755208254 -1.5863117781980967 6.800000000000001
    endloop
  endfacet
  facet normal 0.09801714032956146 0.9951847266721968 0
    outer loop
      vertex -0.10464500676822891 -1.5965742771817657 0
      vertex -0.20884190755208254 -1.5863117781980967 6.800000000000001
      vertex -0.10464500676822891 -1.5965742771817657 6.800000000000001
    endloop
  endfacet
  facet normal 0.03271908282177614 0.9994645874763656 0
    outer loop
      vertex 0 -1.6 0
      vertex -0.10464500676822891 -1.5965742771817657 6.800000000000001
      vertex 0 -1.6 6.800000000000001
    endloop
  endfacet
  facet normal 0.9994645874763656 -0.03271908282177614 0
    outer loop
      vertex -1.5965742771817657 0.10464500676822891 6.800000000000001
      vertex -1.6 0 0
      vertex -1.5965742771817657 0.10464500676822891 0
    endloop
  endfacet
  facet normal 0.9951847266721968 -0.09801714032956146 0
    outer loop
      vertex -1.5863117781980967 0.20884190755208254 6.800000000000001
      vertex -1.5965742771817657 0.10464500676822891 0
      vertex -1.5863117781980967 0.20884190755208254 0
    endloop
  endfacet
  facet normal 0.9866433320848791 -0.16289547339458818 -2.4109661811108746e-20
    outer loop
      vertex -1.5863117781980967 0.20884190755208254 0
      vertex -1.5692564486451688 0.3121445152258052 0
      vertex -1.5692564486451688 0.3121445152258052 6.800000000000001
    endloop
  endfacet
  facet normal 0.9738769792773339 -0.22707626303437223 -1.5851476093879512e-19
    outer loop
      vertex -1.5692564486451688 0.3121445152258052 0
      vertex -1.5454813220625094 0.4141104721640332 0
      vertex -1.5454813220625094 0.4141104721640332 6.800000000000001
    endloop
  endfacet
  facet normal 0.9569403357322087 -0.29028467725446266 0
    outer loop
      vertex -1.5150882071921692 0.5143031444850585 6.800000000000001
      vertex -1.5454813220625094 0.4141104721640332 0
      vertex -1.5150882071921692 0.5143031444850585 0
    endloop
  endfacet
  facet normal 0.9359059267573258 -0.35225004792123354 0
    outer loop
      vertex -1.478207252018059 0.6122934917841437 6.800000000000001
      vertex -1.5150882071921692 0.5143031444850585 0
      vertex -1.478207252018059 0.6122934917841437 0
    endloop
  endfacet
  facet normal 0.9108638249211751 -0.4127070298043963 0
    outer loop
      vertex -1.4349963864523012 0.7076619043504021 6.800000000000001
      vertex -1.478207252018059 0.6122934917841437 0
      vertex -1.4349963864523012 0.7076619043504021 0
    endloop
  endfacet
  facet normal 0.8819212643483553 -0.47139673682599703 1.3299652174373846e-19
    outer loop
      vertex -1.4349963864523012 0.7076619043504021 0
      vertex -1.3856406460551018 0.8 0
      vertex -1.3856406460551018 0.8 6.800000000000001
    endloop
  endfacet
  facet normal 0.8492021815265789 -0.5280678506503679 0
    outer loop
      vertex -1.3303513796840725 0.8889123728313635 6.800000000000001
      vertex -1.3856406460551018 0.8 0
      vertex -1.3303513796840725 0.8889123728313635 0
    endloop
  endfacet
  facet normal 0.8128466845916151 -0.5824776968678023 0
    outer loop
      vertex -1.2693653444659763 0.974018286413953 6.800000000000001
      vertex -1.3303513796840725 0.8889123728313635 0
      vertex -1.2693653444659763 0.974018286413953 0
    endloop
  endfacet
  facet normal 0.7730104533627381 -0.6343932841636439 -5.882492993155824e-19
    outer loop
      vertex -1.2693653444659763 0.974018286413953 0
      vertex -1.202943691966364 1.0549533041601102 0
      vertex -1.202943691966364 1.0549533041601102 6.800000000000001
    endloop
  endfacet
  facet normal 0.7298640726978363 -0.6835923020228708 0
    outer loop
      vertex -1.1313708498984762 1.1313708498984762 6.800000000000001
      vertex -1.202943691966364 1.0549533041601102 0
      vertex -1.1313708498984762 1.1313708498984762 0
    endloop
  endfacet
  facet normal 0.6835923020228708 -0.7298640726978363 0
    outer loop
      vertex -1.0549533041601102 1.202943691966364 6.800000000000001
      vertex -1.1313708498984762 1.1313708498984762 0
      vertex -1.0549533041601102 1.202943691966364 0
    endloop
  endfacet
  facet normal 0.6343932841636439 -0.7730104533627381 0
    outer loop
      vertex -0.974018286413953 1.2693653444659763 6.800000000000001
      vertex -1.0549533041601102 1.202943691966364 0
      vertex -0.974018286413953 1.2693653444659763 0
    endloop
  endfacet
  facet normal 0.5824776968678023 -0.8128466845916151 0
    outer loop
      vertex -0.8889123728313635 1.3303513796840725 6.800000000000001
      vertex -0.974018286413953 1.2693653444659763 0
      vertex -0.8889123728313635 1.3303513796840725 0
    endloop
  endfacet
  facet normal 0.5280678506503679 -0.8492021815265789 0
    outer loop
      vertex -0.8 1.3856406460551018 6.800000000000001
      vertex -0.8889123728313635 1.3303513796840725 0
      vertex -0.8 1.3856406460551018 0
    endloop
  endfacet
  facet normal 0.47139673682599703 -0.8819212643483553 0
    outer loop
      vertex -0.7076619043504021 1.4349963864523012 6.800000000000001
      vertex -0.8 1.3856406460551018 0
      vertex -0.7076619043504021 1.4349963864523012 0
    endloop
  endfacet
  facet normal 0.4127070298043963 -0.9108638249211751 0
    outer loop
      vertex -0.6122934917841437 1.478207252018059 6.800000000000001
      vertex -0.7076619043504021 1.4349963864523012 0
      vertex -0.6122934917841437 1.478207252018059 0
    endloop
  endfacet
  facet normal 0.35225004792123354 -0.9359059267573258 0
    outer loop
      vertex -0.5143031444850585 1.5150882071921692 6.800000000000001
      vertex -0.6122934917841437 1.478207252018059 0
      vertex -0.5143031444850585 1.5150882071921692 0
    endloop
  endfacet
  facet normal 0.29028467725446266 -0.9569403357322087 0
    outer loop
      vertex -0.4141104721640332 1.5454813220625094 6.800000000000001
      vertex -0.5143031444850585 1.5150882071921692 0
      vertex -0.4141104721640332 1.5454813220625094 0
    endloop
  endfacet
  facet normal 0.22707626303437223 -0.9738769792773339 0
    outer loop
      vertex -0.3121445152258052 1.5692564486451688 6.800000000000001
      vertex -0.4141104721640332 1.5454813220625094 0
      vertex -0.3121445152258052 1.5692564486451688 0
    endloop
  endfacet
  facet normal 0.16289547339458818 -0.9866433320848791 0
    outer loop
      vertex -0.20884190755208254 1.5863117781980967 6.800000000000001
      vertex -0.3121445152258052 1.5692564486451688 0
      vertex -0.20884190755208254 1.5863117781980967 0
    endloop
  endfacet
  facet normal 0.09801714032956146 -0.9951847266721968 0
    outer loop
      vertex -0.10464500676822891 1.5965742771817657 6.800000000000001
      vertex -0.20884190755208254 1.5863117781980967 0
      vertex -0.10464500676822891 1.5965742771817657 0
    endloop
  endfacet
  facet normal 0.03271908282177614 -0.9994645874763656 -3.573473519367112e-21
    outer loop
      vertex -0.10464500676822891 1.5965742771817657 0
      vertex 0 1.6 0
      vertex 0 1.6 6.800000000000001
    endloop
  endfacet
  facet normal 0.9994645874763656 -0.03271908282177614 -3.573473519367112e-21
    outer loop
      vertex -1.5965742771817657 0.10464500676822891 6.800000000000001
      vertex -1.6 0 6.800000000000001
      vertex -1.6 0 0
    endloop
  endfacet
  facet normal 0.9951847266721968 -0.09801714032956146 -8.595633939931754e-20
    outer loop
      vertex -1.5863117781980967 0.20884190755208254 6.800000000000001
      vertex -1.5965742771817657 0.10464500676822891 6.800000000000001
      vertex -1.5965742771817657 0.10464500676822891 0
    endloop
  endfacet
  facet normal 0.9866433320848791 -0.16289547339458818 -2.4109661811108746e-20
    outer loop
      vertex -1.5692564486451688 0.3121445152258052 6.800000000000001
      vertex -1.5863117781980967 0.20884190755208254 6.800000000000001
      vertex -1.5863117781980967 0.20884190755208254 0
    endloop
  endfacet
  facet normal 0.9738769792773339 -0.22707626303437223 -1.5851476093879512e-19
    outer loop
      vertex -1.5454813220625094 0.4141104721640332 6.800000000000001
      vertex -1.5692564486451688 0.3121445152258052 6.800000000000001
      vertex -1.5692564486451688 0.3121445152258052 0
    endloop
  endfacet
  facet normal 0.9569403357322087 -0.29028467725446266 4.0537811921773456e-20
    outer loop
      vertex -1.5150882071921692 0.5143031444850585 6.800000000000001
      vertex -1.5454813220625094 0.4141104721640332 6.800000000000001
      vertex -1.5454813220625094 0.4141104721640332 0
    endloop
  endfacet
  facet normal 0.9359059267573258 -0.35225004792123354 3.0007640015791916e-19
    outer loop
      vertex -1.478207252018059 0.6122934917841437 6.800000000000001
      vertex -1.5150882071921692 0.5143031444850585 6.800000000000001
      vertex -1.5150882071921692 0.5143031444850585 0
    endloop
  endfacet
  facet normal 0.9108638249211751 -0.4127070298043963 3.09196426968813e-19
    outer loop
      vertex -1.4349963864523012 0.7076619043504021 6.800000000000001
      vertex -1.478207252018059 0.6122934917841437 6.800000000000001
      vertex -1.478207252018059 0.6122934917841437 0
    endloop
  endfacet
  facet normal 0.8819212643483553 -0.47139673682599703 1.3299652174373846e-19
    outer loop
      vertex -1.3856406460551018 0.8 6.800000000000001
      vertex -1.4349963864523012 0.7076619043504021 6.800000000000001
      vertex -1.4349963864523012 0.7076619043504021 0
    endloop
  endfacet
  facet normal 0.8492021815265789 -0.5280678506503679 5.805751291841773e-19
    outer loop
      vertex -1.3303513796840725 0.8889123728313635 6.800000000000001
      vertex -1.3856406460551018 0.8 6.800000000000001
      vertex -1.3856406460551018 0.8 0
    endloop
  endfacet
  facet normal 0.8128466845916151 -0.5824776968678023 4.669782379231928e-19
    outer loop
      vertex -1.2693653444659763 0.974018286413953 6.800000000000001
      vertex -1.3303513796840725 0.8889123728313635 6.800000000000001
      vertex -1.3303513796840725 0.8889123728313635 0
    endloop
  endfacet
  facet normal 0.7730104533627381 -0.6343932841636439 -5.882492993155824e-19
    outer loop
      vertex -1.202943691966364 1.0549533041601102 6.800000000000001
      vertex -1.2693653444659763 0.974018286413953 6.800000000000001
      vertex -1.2693653444659763 0.974018286413953 0
    endloop
  endfacet
  facet normal 0.7298640726978363 -0.6835923020228708 1.1779112589040634e-19
    outer loop
      vertex -1.1313708498984762 1.1313708498984762 6.800000000000001
      vertex -1.202943691966364 1.0549533041601102 6.800000000000001
      vertex -1.202943691966364 1.0549533041601102 0
    endloop
  endfacet
  facet normal 0.6835923020228708 -0.7298640726978363 0
    outer loop
      vertex -1.1313708498984762 1.1313708498984762 6.800000000000001
      vertex -1.1313708498984762 1.1313708498984762 0
      vertex -1.0549533041601102 1.202943691966364 6.800000000000001
    endloop
  endfacet
  facet normal 0.6343932841636439 -0.7730104533627381 0
    outer loop
      vertex -1.0549533041601102 1.202943691966364 6.800000000000001
      vertex -1.0549533041601102 1.202943691966364 0
      vertex -0.974018286413953 1.2693653444659763 6.800000000000001
    endloop
  endfacet
  facet normal 0.5824776968678023 -0.8128466845916151 0
    outer loop
      vertex -0.974018286413953 1.2693653444659763 6.800000000000001
      vertex -0.974018286413953 1.2693653444659763 0
      vertex -0.8889123728313635 1.3303513796840725 6.800000000000001
    endloop
  endfacet
  facet normal 0.5280678506503679 -0.8492021815265789 0
    outer loop
      vertex -0.8889123728313635 1.3303513796840725 6.800000000000001
      vertex -0.8889123728313635 1.3303513796840725 0
      vertex -0.8 1.3856406460551018 6.800000000000001
    endloop
  endfacet
  facet normal 0.47139673682599703 -0.8819212643483553 0
    outer loop
      vertex -0.8 1.3856406460551018 6.800000000000001
      vertex -0.8 1.3856406460551018 0
      vertex -0.7076619043504021 1.4349963864523012 6.800000000000001
    endloop
  endfacet
  facet normal 0.4127070298043963 -0.9108638249211751 0
    outer loop
      vertex -0.7076619043504021 1.4349963864523012 6.800000000000001
      vertex -0.7076619043504021 1.4349963864523012 0
      vertex -0.6122934917841437 1.478207252018059 6.800000000000001
    endloop
  endfacet
  facet normal 0.35225004792123354 -0.9359059267573258 0
    outer loop
      vertex -0.6122934917841437 1.478207252018059 6.800000000000001
      vertex -0.6122934917841437 1.478207252018059 0
      vertex -0.5143031444850585 1.5150882071921692 6.800000000000001
    endloop
  endfacet
  facet normal 0.29028467725446266 -0.9569403357322087 0
    outer loop
      vertex -0.5143031444850585 1.5150882071921692 6.800000000000001
      vertex -0.5143031444850585 1.5150882071921692 0
      vertex -0.4141104721640332 1.5454813220625094 6.800000000000001
    endloop
  endfacet
  facet normal 0.22707626303437223 -0.9738769792773339 0
    outer loop
      vertex -0.4141104721640332 1.5454813220625094 6.800000000000001
      vertex -0.4141104721640332 1.5454813220625094 0
      vertex -0.3121445152258052 1.5692564486451688 6.800000000000001
    endloop
  endfacet
  facet normal 0.16289547339458818 -0.9866433320848791 0
    outer loop
      vertex -0.3121445152258052 1.5692564486451688 6.800000000000001
      vertex -0.3121445152258052 1.5692564486451688 0
      vertex -0.20884190755208254 1.5863117781980967 6.800000000000001
    endloop
  endfacet
  facet normal 0.09801714032956146 -0.9951847266721968 0
    outer loop
      vertex -0.20884190755208254 1.5863117781980967 6.800000000000001
      vertex -0.20884190755208254 1.5863117781980967 0
      vertex -0.10464500676822891 1.5965742771817657 6.800000000000001
    endloop
  endfacet
  facet normal 0.03271908282177614 -0.9994645874763656 -3.573473519367112e-21
    outer loop
      vertex 0 1.6 6.800000000000001
      vertex -0.10464500676822891 1.5965742771817657 6.800000000000001
      vertex -0.10464500676822891 1.5965742771817657 0
    endloop
  endfacet
  facet normal -0.03271908282177614 0.9994645874763656 0
    outer loop
      vertex 0 -1.6 0
      vertex 0 -1.6 6.800000000000001
      vertex 0.10464500676822891 -1.5965742771817657 0
    endloop
  endfacet
  facet normal -0.09801714032956146 0.9951847266721968 0
    outer loop
      vertex 0.10464500676822891 -1.5965742771817657 0
      vertex 0.10464500676822891 -1.5965742771817657 6.800000000000001
      vertex 0.20884190755208254 -1.5863117781980967 0
    endloop
  endfacet
  facet normal -0.16289547339458818 0.9866433320848791 0
    outer loop
      vertex 0.20884190755208254 -1.5863117781980967 0
      vertex 0.20884190755208254 -1.5863117781980967 6.800000000000001
      vertex 0.3121445152258052 -1.5692564486451688 0
    endloop
  endfacet
  facet normal -0.22707626303437223 0.9738769792773339 0
    outer loop
      vertex 0.3121445152258052 -1.5692564486451688 0
      vertex 0.3121445152258052 -1.5692564486451688 6.800000000000001
      vertex 0.4141104721640332 -1.5454813220625094 0
    endloop
  endfacet
  facet normal -0.29028467725446266 0.9569403357322087 0
    outer loop
      vertex 0.4141104721640332 -1.5454813220625094 0
      vertex 0.4141104721640332 -1.5454813220625094 6.800000000000001
      vertex 0.5143031444850585 -1.5150882071921692 0
    endloop
  endfacet
  facet normal -0.35225004792123354 0.9359059267573258 0
    outer loop
      vertex 0.5143031444850585 -1.5150882071921692 0
      vertex 0.5143031444850585 -1.5150882071921692 6.800000000000001
      vertex 0.6122934917841437 -1.478207252018059 0
    endloop
  endfacet
  facet normal -0.4127070298043963 0.9108638249211751 0
    outer loop
      vertex 0.6122934917841437 -1.478207252018059 0
      vertex 0.6122934917841437 -1.478207252018059 6.800000000000001
      vertex 0.7076619043504021 -1.4349963864523012 0
    endloop
  endfacet
  facet normal -0.47139673682599703 0.8819212643483553 0
    outer loop
      vertex 0.7076619043504021 -1.4349963864523012 0
      vertex 0.7076619043504021 -1.4349963864523012 6.800000000000001
      vertex 0.8 -1.3856406460551018 0
    endloop
  endfacet
  facet normal -0.5280678506503679 0.8492021815265789 0
    outer loop
      vertex 0.8 -1.3856406460551018 0
      vertex 0.8 -1.3856406460551018 6.800000000000001
      vertex 0.8889123728313635 -1.3303513796840725 0
    endloop
  endfacet
  facet normal -0.5824776968678023 0.8128466845916151 0
    outer loop
      vertex 0.8889123728313635 -1.3303513796840725 0
      vertex 0.8889123728313635 -1.3303513796840725 6.800000000000001
      vertex 0.974018286413953 -1.2693653444659763 0
    endloop
  endfacet
  facet normal -0.6343932841636439 0.7730104533627381 0
    outer loop
      vertex 0.974018286413953 -1.2693653444659763 0
      vertex 0.974018286413953 -1.2693653444659763 6.800000000000001
      vertex 1.0549533041601102 -1.202943691966364 0
    endloop
  endfacet
  facet normal -0.6835923020228708 0.7298640726978363 0
    outer loop
      vertex 1.0549533041601102 -1.202943691966364 0
      vertex 1.0549533041601102 -1.202943691966364 6.800000000000001
      vertex 1.1313708498984762 -1.1313708498984762 0
    endloop
  endfacet
  facet normal -0.7298640726978363 0.6835923020228708 0
    outer loop
      vertex 1.1313708498984762 -1.1313708498984762 0
      vertex 1.1313708498984762 -1.1313708498984762 6.800000000000001
      vertex 1.202943691966364 -1.0549533041601102 0
    endloop
  endfacet
  facet normal -0.7730104533627381 0.6343932841636439 -5.882492993155824e-19
    outer loop
      vertex 1.2693653444659763 -0.974018286413953 0
      vertex 1.202943691966364 -1.0549533041601102 0
      vertex 1.202943691966364 -1.0549533041601102 6.800000000000001
    endloop
  endfacet
  facet normal -0.8128466845916151 0.5824776968678023 4.669782379231928e-19
    outer loop
      vertex 1.3303513796840725 -0.8889123728313635 0
      vertex 1.2693653444659763 -0.974018286413953 0
      vertex 1.2693653444659763 -0.974018286413953 6.800000000000001
    endloop
  endfacet
  facet normal -0.8492021815265789 0.5280678506503679 5.805751291841773e-19
    outer loop
      vertex 1.3856406460551018 -0.8 0
      vertex 1.3303513796840725 -0.8889123728313635 0
      vertex 1.3303513796840725 -0.8889123728313635 6.800000000000001
    endloop
  endfacet
  facet normal -0.8819212643483553 0.47139673682599703 1.3299652174373846e-19
    outer loop
      vertex 1.4349963864523012 -0.7076619043504021 0
      vertex 1.3856406460551018 -0.8 0
      vertex 1.3856406460551018 -0.8 6.800000000000001
    endloop
  endfacet
  facet normal -0.9108638249211751 0.4127070298043963 3.09196426968813e-19
    outer loop
      vertex 1.478207252018059 -0.6122934917841437 0
      vertex 1.4349963864523012 -0.7076619043504021 0
      vertex 1.4349963864523012 -0.7076619043504021 6.800000000000001
    endloop
  endfacet
  facet normal -0.9359059267573258 0.35225004792123354 3.0007640015791916e-19
    outer loop
      vertex 1.5150882071921692 -0.5143031444850585 0
      vertex 1.478207252018059 -0.6122934917841437 0
      vertex 1.478207252018059 -0.6122934917841437 6.800000000000001
    endloop
  endfacet
  facet normal -0.9569403357322087 0.29028467725446266 4.0537811921773456e-20
    outer loop
      vertex 1.5454813220625094 -0.4141104721640332 0
      vertex 1.5150882071921692 -0.5143031444850585 0
      vertex 1.5150882071921692 -0.5143031444850585 6.800000000000001
    endloop
  endfacet
  facet normal -0.9738769792773339 0.22707626303437223 -1.5851476093879512e-19
    outer loop
      vertex 1.5692564486451688 -0.3121445152258052 0
      vertex 1.5454813220625094 -0.4141104721640332 0
      vertex 1.5454813220625094 -0.4141104721640332 6.800000000000001
    endloop
  endfacet
  facet normal -0.9866433320848791 0.16289547339458818 -2.4109661811108746e-20
    outer loop
      vertex 1.5863117781980967 -0.20884190755208254 0
      vertex 1.5692564486451688 -0.3121445152258052 0
      vertex 1.5692564486451688 -0.3121445152258052 6.800000000000001
    endloop
  endfacet
  facet normal -0.9951847266721968 0.09801714032956146 -8.595633939931754e-20
    outer loop
      vertex 1.5965742771817657 -0.10464500676822891 0
      vertex 1.5863117781980967 -0.20884190755208254 0
      vertex 1.5863117781980967 -0.20884190755208254 6.800000000000001
    endloop
  endfacet
  facet normal -0.9994645874763656 0.03271908282177614 0
    outer loop
      vertex 1.5965742771817657 -0.10464500676822891 0
      vertex 1.5965742771817657 -0.10464500676822891 6.800000000000001
      vertex 1.6 0 0
    endloop
  endfacet
  facet normal -0.03271908282177614 0.9994645874763656 0
    outer loop
      vertex 0.10464500676822891 -1.5965742771817657 0
      vertex 0 -1.6 6.800000000000001
      vertex 0.10464500676822891 -1.5965742771817657 6.800000000000001
    endloop
  endfacet
  facet normal -0.09801714032956146 0.9951847266721968 0
    outer loop
      vertex 0.20884190755208254 -1.5863117781980967 0
      vertex 0.10464500676822891 -1.5965742771817657 6.800000000000001
      vertex 0.20884190755208254 -1.5863117781980967 6.800000000000001
    endloop
  endfacet
  facet normal -0.16289547339458818 0.9866433320848791 0
    outer loop
      vertex 0.3121445152258052 -1.5692564486451688 0
      vertex 0.20884190755208254 -1.5863117781980967 6.800000000000001
      vertex 0.3121445152258052 -1.5692564486451688 6.800000000000001
    endloop
  endfacet
  facet normal -0.22707626303437223 0.9738769792773339 0
    outer loop
      vertex 0.4141104721640332 -1.5454813220625094 0
      vertex 0.3121445152258052 -1.5692564486451688 6.800000000000001
      vertex 0.4141104721640332 -1.5454813220625094 6.800000000000001
    endloop
  endfacet
  facet normal -0.29028467725446266 0.9569403357322087 0
    outer loop
      vertex 0.5143031444850585 -1.5150882071921692 0
      vertex 0.4141104721640332 -1.5454813220625094 6.800000000000001
      vertex 0.5143031444850585 -1.5150882071921692 6.800000000000001
    endloop
  endfacet
  facet normal -0.35225004792123354 0.9359059267573258 0
    outer loop
      vertex 0.6122934917841437 -1.478207252018059 0
      vertex 0.5143031444850585 -1.5150882071921692 6.800000000000001
      vertex 0.6122934917841437 -1.478207252018059 6.800000000000001
    endloop
  endfacet
  facet normal -0.4127070298043963 0.9108638249211751 0
    outer loop
      vertex 0.7076619043504021 -1.4349963864523012 0
      vertex 0.6122934917841437 -1.478207252018059 6.800000000000001
      vertex 0.7076619043504021 -1.4349963864523012 6.800000000000001
    endloop
  endfacet
  facet normal -0.47139673682599703 0.8819212643483553 0
    outer loop
      vertex 0.8 -1.3856406460551018 0
      vertex 0.7076619043504021 -1.4349963864523012 6.800000000000001
      vertex 0.8 -1.3856406460551018 6.800000000000001
    endloop
  endfacet
  facet normal -0.5280678506503679 0.8492021815265789 0
    outer loop
      vertex 0.8889123728313635 -1.3303513796840725 0
      vertex 0.8 -1.3856406460551018 6.800000000000001
      vertex 0.8889123728313635 -1.3303513796840725 6.800000000000001
    endloop
  endfacet
  facet normal -0.5824776968678023 0.8128466845916151 0
    outer loop
      vertex 0.974018286413953 -1.2693653444659763 0
      vertex 0.8889123728313635 -1.3303513796840725 6.800000000000001
      vertex 0.974018286413953 -1.2693653444659763 6.800000000000001
    endloop
  endfacet
  facet normal -0.6343932841636439 0.7730104533627381 0
    outer loop
      vertex 1.0549533041601102 -1.202943691966364 0
      vertex 0.974018286413953 -1.2693653444659763 6.800000000000001
      vertex 1.0549533041601102 -1.202943691966364 6.800000000000001
    endloop
  endfacet
  facet normal -0.6835923020228708 0.7298640726978363 0
    outer loop
      vertex 1.1313708498984762 -1.1313708498984762 0
      vertex 1.0549533041601102 -1.202943691966364 6.800000000000001
      vertex 1.1313708498984762 -1.1313708498984762 6.800000000000001
    endloop
  endfacet
  facet normal -0.7298640726978363 0.6835923020228708 0
    outer loop
      vertex 1.202943691966364 -1.0549533041601102 0
      vertex 1.1313708498984762 -1.1313708498984762 6.800000000000001
      vertex 1.202943691966364 -1.0549533041601102 6.800000000000001
    endloop
  endfacet
  facet normal -0.7730104533627381 0.6343932841636439 0
    outer loop
      vertex 1.2693653444659763 -0.974018286413953 0
      vertex 1.202943691966364 -1.0549533041601102 6.800000000000001
      vertex 1.2693653444659763 -0.974018286413953 6.800000000000001
    endloop
  endfacet
  facet normal -0.8128466845916151 0.5824776968678023 0
    outer loop
      vertex 1.3303513796840725 -0.8889123728313635 0
      vertex 1.2693653444659763 -0.974018286413953 6.800000000000001
      vertex 1.3303513796840725 -0.8889123728313635 6.800000000000001
    endloop
  endfacet
  facet normal -0.8492021815265789 0.5280678506503679 0
    outer loop
      vertex 1.3856406460551018 -0.8 0
      vertex 1.3303513796840725 -0.8889123728313635 6.800000000000001
      vertex 1.3856406460551018 -0.8 6.800000000000001
    endloop
  endfacet
  facet normal -0.8819212643483553 0.47139673682599703 0
    outer loop
      vertex 1.4349963864523012 -0.7076619043504021 0
      vertex 1.3856406460551018 -0.8 6.800000000000001
      vertex 1.4349963864523012 -0.7076619043504021 6.800000000000001
    endloop
  endfacet
  facet normal -0.9108638249211751 0.4127070298043963 0
    outer loop
      vertex 1.478207252018059 -0.6122934917841437 0
      vertex 1.4349963864523012 -0.7076619043504021 6.800000000000001
      vertex 1.478207252018059 -0.6122934917841437 6.800000000000001
    endloop
  endfacet
  facet normal -0.9359059267573258 0.35225004792123354 0
    outer loop
      vertex 1.5150882071921692 -0.5143031444850585 0
      vertex 1.478207252018059 -0.6122934917841437 6.800000000000001
      vertex 1.5150882071921692 -0.5143031444850585 6.800000000000001
    endloop
  endfacet
  facet normal -0.9569403357322087 0.29028467725446266 0
    outer loop
      vertex 1.5454813220625094 -0.4141104721640332 0
      vertex 1.5150882071921692 -0.5143031444850585 6.800000000000001
      vertex 1.5454813220625094 -0.4141104721640332 6.800000000000001
    endloop
  endfacet
  facet normal -0.9738769792773339 0.22707626303437223 0
    outer loop
      vertex 1.5692564486451688 -0.3121445152258052 0
      vertex 1.5454813220625094 -0.4141104721640332 6.800000000000001
      vertex 1.5692564486451688 -0.3121445152258052 6.800000000000001
    endloop
  endfacet
  facet normal -0.9866433320848791 0.16289547339458818 -2.4109661811108746e-20
    outer loop
      vertex 1.5692564486451688 -0.3121445152258052 6.800000000000001
      vertex 1.5863117781980967 -0.20884190755208254 6.800000000000001
      vertex 1.5863117781980967 -0.20884190755208254 0
    endloop
  endfacet
  facet normal -0.9951847266721968 0.09801714032956146 0
    outer loop
      vertex 1.5965742771817657 -0.10464500676822891 0
      vertex 1.5863117781980967 -0.20884190755208254 6.800000000000001
      vertex 1.5965742771817657 -0.10464500676822891 6.800000000000001
    endloop
  endfacet
  facet normal -0.9994645874763656 0.03271908282177614 0
    outer loop
      vertex 1.6 0 0
      vertex 1.5965742771817657 -0.10464500676822891 6.800000000000001
      vertex 1.6 0 6.800000000000001
    endloop
  endfacet
  facet normal -0.03271908282177614 -0.9994645874763656 0
    outer loop
      vertex 0.10464500676822891 1.5965742771817657 6.800000000000001
      vertex 0 1.6 0
      vertex 0.10464500676822891 1.5965742771817657 0
    endloop
  endfacet
  facet normal -0.09801714032956146 -0.9951847266721968 0
    outer loop
      vertex 0.20884190755208254 1.5863117781980967 6.800000000000001
      vertex 0.10464500676822891 1.5965742771817657 0
      vertex 0.20884190755208254 1.5863117781980967 0
    endloop
  endfacet
  facet normal -0.16289547339458818 -0.9866433320848791 0
    outer loop
      vertex 0.3121445152258052 1.5692564486451688 6.800000000000001
      vertex 0.20884190755208254 1.5863117781980967 0
      vertex 0.3121445152258052 1.5692564486451688 0
    endloop
  endfacet
  facet normal -0.22707626303437223 -0.9738769792773339 0
    outer loop
      vertex 0.4141104721640332 1.5454813220625094 6.800000000000001
      vertex 0.3121445152258052 1.5692564486451688 0
      vertex 0.4141104721640332 1.5454813220625094 0
    endloop
  endfacet
  facet normal -0.29028467725446266 -0.9569403357322087 0
    outer loop
      vertex 0.5143031444850585 1.5150882071921692 6.800000000000001
      vertex 0.4141104721640332 1.5454813220625094 0
      vertex 0.5143031444850585 1.5150882071921692 0
    endloop
  endfacet
  facet normal -0.35225004792123354 -0.9359059267573258 0
    outer loop
      vertex 0.6122934917841437 1.478207252018059 6.800000000000001
      vertex 0.5143031444850585 1.5150882071921692 0
      vertex 0.6122934917841437 1.478207252018059 0
    endloop
  endfacet
  facet normal -0.4127070298043963 -0.9108638249211751 0
    outer loop
      vertex 0.7076619043504021 1.4349963864523012 6.800000000000001
      vertex 0.6122934917841437 1.478207252018059 0
      vertex 0.7076619043504021 1.4349963864523012 0
    endloop
  endfacet
  facet normal -0.47139673682599703 -0.8819212643483553 0
    outer loop
      vertex 0.8 1.3856406460551018 6.800000000000001
      vertex 0.7076619043504021 1.4349963864523012 0
      vertex 0.8 1.3856406460551018 0
    endloop
  endfacet
  facet normal -0.5280678506503679 -0.8492021815265789 0
    outer loop
      vertex 0.8889123728313635 1.3303513796840725 6.800000000000001
      vertex 0.8 1.3856406460551018 0
      vertex 0.8889123728313635 1.3303513796840725 0
    endloop
  endfacet
  facet normal -0.5824776968678023 -0.8128466845916151 0
    outer loop
      vertex 0.974018286413953 1.2693653444659763 6.800000000000001
      vertex 0.8889123728313635 1.3303513796840725 0
      vertex 0.974018286413953 1.2693653444659763 0
    endloop
  endfacet
  facet normal -0.6343932841636439 -0.7730104533627381 0
    outer loop
      vertex 1.0549533041601102 1.202943691966364 0
      vertex 1.0549533041601102 1.202943691966364 6.800000000000001
      vertex 0.974018286413953 1.2693653444659763 0
    endloop
  endfacet
  facet normal -0.6835923020228708 -0.7298640726978363 -1.1779112589040634e-19
    outer loop
      vertex 1.0549533041601102 1.202943691966364 0
      vertex 1.1313708498984762 1.1313708498984762 0
      vertex 1.1313708498984762 1.1313708498984762 6.800000000000001
    endloop
  endfacet
  facet normal -0.9994645874763656 -0.03271908282177614 0
    outer loop
      vertex 1.6 0 0
      vertex 1.6 0 6.800000000000001
      vertex 1.5965742771817657 0.10464500676822891 0
    endloop
  endfacet
  facet normal -0.9951847266721968 -0.09801714032956146 8.595633939931754e-20
    outer loop
      vertex 1.5863117781980967 0.20884190755208254 0
      vertex 1.5965742771817657 0.10464500676822891 0
      vertex 1.5965742771817657 0.10464500676822891 6.800000000000001
    endloop
  endfacet
  facet normal -0.9866433320848791 -0.16289547339458818 2.4109661811108746e-20
    outer loop
      vertex 1.5692564486451688 0.3121445152258052 0
      vertex 1.5863117781980967 0.20884190755208254 0
      vertex 1.5863117781980967 0.20884190755208254 6.800000000000001
    endloop
  endfacet
  facet normal -0.9569403357322087 -0.29028467725446266 -4.0537811921773456e-20
    outer loop
      vertex 1.5150882071921692 0.5143031444850585 0
      vertex 1.5454813220625094 0.4141104721640332 0
      vertex 1.5454813220625094 0.4141104721640332 6.800000000000001
    endloop
  endfacet
  facet normal -0.9359059267573258 -0.35225004792123354 0
    outer loop
      vertex 1.5150882071921692 0.5143031444850585 6.800000000000001
      vertex 1.478207252018059 0.6122934917841437 0
      vertex 1.5150882071921692 0.5143031444850585 0
    endloop
  endfacet
  facet normal -0.9738769792773339 -0.22707626303437223 1.5851476093879512e-19
    outer loop
      vertex 1.5454813220625094 0.4141104721640332 0
      vertex 1.5692564486451688 0.3121445152258052 0
      vertex 1.5692564486451688 0.3121445152258052 6.800000000000001
    endloop
  endfacet
  facet normal -0.8492021815265789 -0.5280678506503679 -5.805751291841773e-19
    outer loop
      vertex 1.3303513796840725 0.8889123728313635 0
      vertex 1.3856406460551018 0.8 0
      vertex 1.3856406460551018 0.8 6.800000000000001
    endloop
  endfacet
  facet normal -0.7298640726978363 -0.6835923020228708 -1.1779112589040634e-19
    outer loop
      vertex 1.1313708498984762 1.1313708498984762 0
      vertex 1.202943691966364 1.0549533041601102 0
      vertex 1.202943691966364 1.0549533041601102 6.800000000000001
    endloop
  endfacet
  facet normal -0.7730104533627381 -0.6343932841636439 0
    outer loop
      vertex 1.2693653444659763 0.974018286413953 6.800000000000001
      vertex 1.202943691966364 1.0549533041601102 0
      vertex 1.2693653444659763 0.974018286413953 0
    endloop
  endfacet
  facet normal -0.8128466845916151 -0.5824776968678023 -4.669782379231928e-19
    outer loop
      vertex 1.2693653444659763 0.974018286413953 0
      vertex 1.3303513796840725 0.8889123728313635 0
      vertex 1.3303513796840725 0.8889123728313635 6.800000000000001
    endloop
  endfacet
  facet normal -0.9108638249211751 -0.4127070298043963 -3.09196426968813e-19
    outer loop
      vertex 1.4349963864523012 0.7076619043504021 0
      vertex 1.478207252018059 0.6122934917841437 0
      vertex 1.478207252018059 0.6122934917841437 6.800000000000001
    endloop
  endfacet
  facet normal -0.8819212643483553 -0.47139673682599703 -1.3299652174373846e-19
    outer loop
      vertex 1.3856406460551018 0.8 0
      vertex 1.4349963864523012 0.7076619043504021 0
      vertex 1.4349963864523012 0.7076619043504021 6.800000000000001
    endloop
  endfacet
  facet normal -0.03271908282177614 -0.9994645874763656 0
    outer loop
      vertex 0 1.6 6.800000000000001
      vertex 0 1.6 0
      vertex 0.10464500676822891 1.5965742771817657 6.800000000000001
    endloop
  endfacet
  facet normal -0.09801714032956146 -0.9951847266721968 0
    outer loop
      vertex 0.10464500676822891 1.5965742771817657 6.800000000000001
      vertex 0.10464500676822891 1.5965742771817657 0
      vertex 0.20884190755208254 1.5863117781980967 6.800000000000001
    endloop
  endfacet
  facet normal -0.16289547339458818 -0.9866433320848791 0
    outer loop
      vertex 0.20884190755208254 1.5863117781980967 6.800000000000001
      vertex 0.20884190755208254 1.5863117781980967 0
      vertex 0.3121445152258052 1.5692564486451688 6.800000000000001
    endloop
  endfacet
  facet normal -0.22707626303437223 -0.9738769792773339 0
    outer loop
      vertex 0.3121445152258052 1.5692564486451688 6.800000000000001
      vertex 0.3121445152258052 1.5692564486451688 0
      vertex 0.4141104721640332 1.5454813220625094 6.800000000000001
    endloop
  endfacet
  facet normal -0.29028467725446266 -0.9569403357322087 0
    outer loop
      vertex 0.4141104721640332 1.5454813220625094 6.800000000000001
      vertex 0.4141104721640332 1.5454813220625094 0
      vertex 0.5143031444850585 1.5150882071921692 6.800000000000001
    endloop
  endfacet
  facet normal -0.35225004792123354 -0.9359059267573258 0
    outer loop
      vertex 0.5143031444850585 1.5150882071921692 6.800000000000001
      vertex 0.5143031444850585 1.5150882071921692 0
      vertex 0.6122934917841437 1.478207252018059 6.800000000000001
    endloop
  endfacet
  facet normal -0.5280678506503679 -0.8492021815265789 0
    outer loop
      vertex 0.8 1.3856406460551018 6.800000000000001
      vertex 0.8 1.3856406460551018 0
      vertex 0.8889123728313635 1.3303513796840725 6.800000000000001
    endloop
  endfacet
  facet normal -0.4127070298043963 -0.9108638249211751 0
    outer loop
      vertex 0.6122934917841437 1.478207252018059 6.800000000000001
      vertex 0.6122934917841437 1.478207252018059 0
      vertex 0.7076619043504021 1.4349963864523012 6.800000000000001
    endloop
  endfacet
  facet normal -0.47139673682599703 -0.8819212643483553 0
    outer loop
      vertex 0.7076619043504021 1.4349963864523012 6.800000000000001
      vertex 0.7076619043504021 1.4349963864523012 0
      vertex 0.8 1.3856406460551018 6.800000000000001
    endloop
  endfacet
  facet normal -0.5824776968678023 -0.8128466845916151 0
    outer loop
      vertex 0.8889123728313635 1.3303513796840725 6.800000000000001
      vertex 0.8889123728313635 1.3303513796840725 0
      vertex 0.974018286413953 1.2693653444659763 6.800000000000001
    endloop
  endfacet
  facet normal -0.6343932841636439 -0.7730104533627381 0
    outer loop
      vertex 0.974018286413953 1.2693653444659763 6.800000000000001
      vertex 0.974018286413953 1.2693653444659763 0
      vertex 1.0549533041601102 1.202943691966364 6.800000000000001
    endloop
  endfacet
  facet normal -0.6835923020228708 -0.7298640726978363 0
    outer loop
      vertex 1.0549533041601102 1.202943691966364 0
      vertex 1.1313708498984762 1.1313708498984762 6.800000000000001
      vertex 1.0549533041601102 1.202943691966364 6.800000000000001
    endloop
  endfacet
  facet normal -0.9994645874763656 -0.03271908282177614 0
    outer loop
      vertex 1.5965742771817657 0.10464500676822891 0
      vertex 1.6 0 6.800000000000001
      vertex 1.5965742771817657 0.10464500676822891 6.800000000000001
    endloop
  endfacet
  facet normal -0.9951847266721968 -0.09801714032956146 8.595633939931754e-20
    outer loop
      vertex 1.5965742771817657 0.10464500676822891 6.800000000000001
      vertex 1.5863117781980967 0.20884190755208254 6.800000000000001
      vertex 1.5863117781980967 0.20884190755208254 0
    endloop
  endfacet
  facet normal -0.9866433320848791 -0.16289547339458818 0
    outer loop
      vertex 1.5692564486451688 0.3121445152258052 0
      vertex 1.5863117781980967 0.20884190755208254 6.800000000000001
      vertex 1.5692564486451688 0.3121445152258052 6.800000000000001
    endloop
  endfacet
  facet normal -0.9569403357322087 -0.29028467725446266 -4.0537811921773456e-20
    outer loop
      vertex 1.5454813220625094 0.4141104721640332 6.800000000000001
      vertex 1.5150882071921692 0.5143031444850585 6.800000000000001
      vertex 1.5150882071921692 0.5143031444850585 0
    endloop
  endfacet
  facet normal -0.9738769792773339 -0.22707626303437223 0
    outer loop
      vertex 1.5454813220625094 0.4141104721640332 0
      vertex 1.5692564486451688 0.3121445152258052 6.800000000000001
      vertex 1.5454813220625094 0.4141104721640332 6.800000000000001
    endloop
  endfacet
  facet normal -0.8819212643483553 -0.47139673682599703 0
    outer loop
      vertex 1.3856406460551018 0.8 0
      vertex 1.4349963864523012 0.7076619043504021 6.800000000000001
      vertex 1.3856406460551018 0.8 6.800000000000001
    endloop
  endfacet
  facet normal -0.7298640726978363 -0.6835923020228708 0
    outer loop
      vertex 1.1313708498984762 1.1313708498984762 0
      vertex 1.202943691966364 1.0549533041601102 6.800000000000001
      vertex 1.1313708498984762 1.1313708498984762 6.800000000000001
    endloop
  endfacet
  facet normal -0.7730104533627381 -0.6343932841636439 5.882492993155824e-19
    outer loop
      vertex 1.2693653444659763 0.974018286413953 6.800000000000001
      vertex 1.202943691966364 1.0549533041601102 6.800000000000001
      vertex 1.202943691966364 1.0549533041601102 0
    endloop
  endfacet
  facet normal -0.8128466845916151 -0.5824776968678023 -4.669782379231928e-19
    outer loop
      vertex 1.3303513796840725 0.8889123728313635 6.800000000000001
      vertex 1.2693653444659763 0.974018286413953 6.800000000000001
      vertex 1.2693653444659763 0.974018286413953 0
    endloop
  endfacet
  facet normal -0.8492021815265789 -0.5280678506503679 0
    outer loop
      vertex 1.3303513796840725 0.8889123728313635 0
      vertex 1.3856406460551018 0.8 6.800000000000001
      vertex 1.3303513796840725 0.8889123728313635 6.800000000000001
    endloop
  endfacet
  facet normal -0.9108638249211751 -0.4127070298043963 -3.09196426968813e-19
    outer loop
      vertex 1.478207252018059 0.6122934917841437 6.800000000000001
      vertex 1.4349963864523012 0.7076619043504021 6.800000000000001
      vertex 1.4349963864523012 0.7076619043504021 0
    endloop
  endfacet
  facet normal -0.9359059267573258 -0.35225004792123354 -3.0007640015791916e-19
    outer loop
      vertex 1.5150882071921692 0.5143031444850585 6.800000000000001
      vertex 1.478207252018059 0.6122934917841437 6.800000000000001
      vertex 1.478207252018059 0.6122934917841437 0
    endloop
  endfacet
endsolid OpenSCAD_Model
