solid OpenSCAD_Model
  facet normal 0.935911 0.352236 0
    outer loop
      vertex 3.07752 1.04468 2.5
      vertex 3.00261 1.24372 2.2
      vertex 3.00261 1.24372 2.5
    endloop
  endfacet
  facet normal 0.935911 0.352236 0
    outer loop
      vertex 3.00261 1.24372 2.2
      vertex 3.07752 1.04468 2.5
      vertex 3.07752 1.04468 2.2
    endloop
  endfacet
  facet normal 0.2903 0.956936 -0
    outer loop
      vertex 1.04468 3.07752 2.2
      vertex 0.841162 3.13926 2.5
      vertex 1.04468 3.07752 2.5
    endloop
  endfacet
  facet normal 0.2903 0.956936 0
    outer loop
      vertex 0.841162 3.13926 2.5
      vertex 1.04468 3.07752 2.2
      vertex 0.841162 3.13926 2.2
    endloop
  endfacet
  facet normal 0.412694 0.91087 -0
    outer loop
      vertex 1.43744 2.91484 2.2
      vertex 1.24372 3.00261 2.5
      vertex 1.43744 2.91484 2.5
    endloop
  endfacet
  facet normal 0.412694 0.91087 0
    outer loop
      vertex 1.24372 3.00261 2.5
      vertex 1.43744 2.91484 2.2
      vertex 1.24372 3.00261 2.2
    endloop
  endfacet
  facet normal 0.995187 -0.0979906 0
    outer loop
      vertex 3.2222 -0.42421 2.5
      vertex 3.24304 -0.21256 2.2
      vertex 3.24304 -0.21256 2.5
    endloop
  endfacet
  facet normal 0.995187 -0.0979906 0
    outer loop
      vertex 3.24304 -0.21256 2.2
      vertex 3.2222 -0.42421 2.5
      vertex 3.2222 -0.42421 2.2
    endloop
  endfacet
  facet normal 0.881907 -0.471423 0
    outer loop
      vertex 2.81458 -1.625 2.5
      vertex 2.91484 -1.43744 2.2
      vertex 2.91484 -1.43744 2.5
    endloop
  endfacet
  facet normal 0.881907 -0.471423 0
    outer loop
      vertex 2.91484 -1.43744 2.2
      vertex 2.81458 -1.625 2.5
      vertex 2.81458 -1.625 2.2
    endloop
  endfacet
  facet normal -0.412694 -0.91087 0
    outer loop
      vertex -1.43744 -2.91484 2.2
      vertex -1.24372 -3.00261 2.5
      vertex -1.43744 -2.91484 2.5
    endloop
  endfacet
  facet normal -0.412694 -0.91087 -0
    outer loop
      vertex -1.24372 -3.00261 2.5
      vertex -1.43744 -2.91484 2.2
      vertex -1.24372 -3.00261 2.2
    endloop
  endfacet
  facet normal 0.582487 -0.81284 0
    outer loop
      vertex 1.8056 -2.70228 2.2
      vertex 1.97847 -2.5784 2.5
      vertex 1.8056 -2.70228 2.5
    endloop
  endfacet
  facet normal 0.582487 -0.81284 0
    outer loop
      vertex 1.97847 -2.5784 2.5
      vertex 1.8056 -2.70228 2.2
      vertex 1.97847 -2.5784 2.2
    endloop
  endfacet
  facet normal -0.352236 0.935911 0
    outer loop
      vertex -1.04468 3.07752 2.2
      vertex -1.24372 3.00261 2.5
      vertex -1.04468 3.07752 2.5
    endloop
  endfacet
  facet normal -0.352236 0.935911 0
    outer loop
      vertex -1.24372 3.00261 2.5
      vertex -1.04468 3.07752 2.2
      vertex -1.24372 3.00261 2.2
    endloop
  endfacet
  facet normal 0.881907 0.471423 0
    outer loop
      vertex 2.91484 1.43744 2.5
      vertex 2.81458 1.625 2.2
      vertex 2.81458 1.625 2.5
    endloop
  endfacet
  facet normal 0.881907 0.471423 0
    outer loop
      vertex 2.81458 1.625 2.2
      vertex 2.91484 1.43744 2.5
      vertex 2.91484 1.43744 2.2
    endloop
  endfacet
  facet normal -0.0979906 -0.995187 0
    outer loop
      vertex -0.42421 -3.2222 2.2
      vertex -0.21256 -3.24304 2.5
      vertex -0.42421 -3.2222 2.5
    endloop
  endfacet
  facet normal -0.0979906 -0.995187 -0
    outer loop
      vertex -0.21256 -3.24304 2.5
      vertex -0.42421 -3.2222 2.2
      vertex -0.21256 -3.24304 2.2
    endloop
  endfacet
  facet normal -0.729885 0.68357 0
    outer loop
      vertex -2.44348 2.14287 2.2
      vertex -2.2981 2.2981 2.5
      vertex -2.2981 2.2981 2.2
    endloop
  endfacet
  facet normal -0.729885 0.68357 0
    outer loop
      vertex -2.2981 2.2981 2.5
      vertex -2.44348 2.14287 2.2
      vertex -2.44348 2.14287 2.5
    endloop
  endfacet
  facet normal 0.849211 0.528053 0
    outer loop
      vertex 2.81458 1.625 2.5
      vertex 2.70228 1.8056 2.2
      vertex 2.70228 1.8056 2.5
    endloop
  endfacet
  facet normal 0.849211 0.528053 0
    outer loop
      vertex 2.70228 1.8056 2.2
      vertex 2.81458 1.625 2.5
      vertex 2.81458 1.625 2.2
    endloop
  endfacet
  facet normal 0.81284 0.582487 0
    outer loop
      vertex 2.70228 1.8056 2.5
      vertex 2.5784 1.97847 2.2
      vertex 2.5784 1.97847 2.5
    endloop
  endfacet
  facet normal 0.81284 0.582487 0
    outer loop
      vertex 2.5784 1.97847 2.2
      vertex 2.70228 1.8056 2.5
      vertex 2.70228 1.8056 2.2
    endloop
  endfacet
  facet normal -0.0327262 0.999464 0
    outer loop
      vertex 0 3.25 2.2
      vertex -0.21256 3.24304 2.5
      vertex 0 3.25 2.5
    endloop
  endfacet
  facet normal -0.0327262 0.999464 0
    outer loop
      vertex -0.21256 3.24304 2.5
      vertex 0 3.25 2.2
      vertex -0.21256 3.24304 2.2
    endloop
  endfacet
  facet normal 0.995187 0.0979906 0
    outer loop
      vertex 3.24304 0.21256 2.5
      vertex 3.2222 0.42421 2.2
      vertex 3.2222 0.42421 2.5
    endloop
  endfacet
  facet normal 0.995187 0.0979906 0
    outer loop
      vertex 3.2222 0.42421 2.2
      vertex 3.24304 0.21256 2.5
      vertex 3.24304 0.21256 2.2
    endloop
  endfacet
  facet normal 0.999464 0.0327262 0
    outer loop
      vertex 3.25 0 2.5
      vertex 3.24304 0.21256 2.2
      vertex 3.24304 0.21256 2.5
    endloop
  endfacet
  facet normal 0.999464 0.0327262 0
    outer loop
      vertex 3.24304 0.21256 2.2
      vertex 3.25 0 2.5
      vertex 3.25 0 2.2
    endloop
  endfacet
  facet normal -0.986638 -0.162925 0
    outer loop
      vertex -3.18755 -0.634043 2.2
      vertex -3.2222 -0.42421 2.5
      vertex -3.2222 -0.42421 2.2
    endloop
  endfacet
  facet normal -0.986638 -0.162925 0
    outer loop
      vertex -3.2222 -0.42421 2.5
      vertex -3.18755 -0.634043 2.2
      vertex -3.18755 -0.634043 2.5
    endloop
  endfacet
  facet normal 0.352236 0.935911 -0
    outer loop
      vertex 1.24372 3.00261 2.2
      vertex 1.04468 3.07752 2.5
      vertex 1.24372 3.00261 2.5
    endloop
  endfacet
  facet normal 0.352236 0.935911 0
    outer loop
      vertex 1.04468 3.07752 2.5
      vertex 1.24372 3.00261 2.2
      vertex 1.04468 3.07752 2.2
    endloop
  endfacet
  facet normal -0.634394 0.77301 0
    outer loop
      vertex -1.97847 2.5784 2.2
      vertex -2.14287 2.44348 2.5
      vertex -1.97847 2.5784 2.5
    endloop
  endfacet
  facet normal -0.634394 0.77301 0
    outer loop
      vertex -2.14287 2.44348 2.5
      vertex -1.97847 2.5784 2.2
      vertex -2.14287 2.44348 2.2
    endloop
  endfacet
  facet normal 0.227061 -0.97388 0
    outer loop
      vertex 0.634043 -3.18755 2.2
      vertex 0.841162 -3.13926 2.5
      vertex 0.634043 -3.18755 2.5
    endloop
  endfacet
  facet normal 0.227061 -0.97388 0
    outer loop
      vertex 0.841162 -3.13926 2.5
      vertex 0.634043 -3.18755 2.2
      vertex 0.841162 -3.13926 2.2
    endloop
  endfacet
  facet normal -0.77301 -0.634394 0
    outer loop
      vertex -2.44348 -2.14287 2.2
      vertex -2.5784 -1.97847 2.5
      vertex -2.5784 -1.97847 2.2
    endloop
  endfacet
  facet normal -0.77301 -0.634394 0
    outer loop
      vertex -2.5784 -1.97847 2.5
      vertex -2.44348 -2.14287 2.2
      vertex -2.44348 -2.14287 2.5
    endloop
  endfacet
  facet normal -0.935911 0.352236 0
    outer loop
      vertex -3.07752 1.04468 2.2
      vertex -3.00261 1.24372 2.5
      vertex -3.00261 1.24372 2.2
    endloop
  endfacet
  facet normal -0.935911 0.352236 0
    outer loop
      vertex -3.00261 1.24372 2.5
      vertex -3.07752 1.04468 2.2
      vertex -3.07752 1.04468 2.5
    endloop
  endfacet
  facet normal 0.0327262 0.999464 -0
    outer loop
      vertex 0.21256 3.24304 2.2
      vertex 0 3.25 2.5
      vertex 0.21256 3.24304 2.5
    endloop
  endfacet
  facet normal 0.0327262 0.999464 0
    outer loop
      vertex 0 3.25 2.5
      vertex 0.21256 3.24304 2.2
      vertex 0 3.25 2.2
    endloop
  endfacet
  facet normal 0.0327262 -0.999464 0
    outer loop
      vertex 0 -3.25 2.2
      vertex 0.21256 -3.24304 2.5
      vertex 0 -3.25 2.5
    endloop
  endfacet
  facet normal 0.0327262 -0.999464 0
    outer loop
      vertex 0.21256 -3.24304 2.5
      vertex 0 -3.25 2.2
      vertex 0.21256 -3.24304 2.2
    endloop
  endfacet
  facet normal -0.91087 -0.412694 0
    outer loop
      vertex -2.91484 -1.43744 2.2
      vertex -3.00261 -1.24372 2.5
      vertex -3.00261 -1.24372 2.2
    endloop
  endfacet
  facet normal -0.91087 -0.412694 0
    outer loop
      vertex -3.00261 -1.24372 2.5
      vertex -2.91484 -1.43744 2.2
      vertex -2.91484 -1.43744 2.5
    endloop
  endfacet
  facet normal -0.162925 0.986638 0
    outer loop
      vertex -0.42421 3.2222 2.2
      vertex -0.634043 3.18755 2.5
      vertex -0.42421 3.2222 2.5
    endloop
  endfacet
  facet normal -0.162925 0.986638 0
    outer loop
      vertex -0.634043 3.18755 2.5
      vertex -0.42421 3.2222 2.2
      vertex -0.634043 3.18755 2.2
    endloop
  endfacet
  facet normal 0.91087 0.412694 0
    outer loop
      vertex 3.00261 1.24372 2.5
      vertex 2.91484 1.43744 2.2
      vertex 2.91484 1.43744 2.5
    endloop
  endfacet
  facet normal 0.91087 0.412694 0
    outer loop
      vertex 2.91484 1.43744 2.2
      vertex 3.00261 1.24372 2.5
      vertex 3.00261 1.24372 2.2
    endloop
  endfacet
  facet normal 0.0979906 -0.995187 0
    outer loop
      vertex 0.21256 -3.24304 2.2
      vertex 0.42421 -3.2222 2.5
      vertex 0.21256 -3.24304 2.5
    endloop
  endfacet
  facet normal 0.0979906 -0.995187 0
    outer loop
      vertex 0.42421 -3.2222 2.5
      vertex 0.21256 -3.24304 2.2
      vertex 0.42421 -3.2222 2.2
    endloop
  endfacet
  facet normal -0.935911 -0.352236 0
    outer loop
      vertex -3.00261 -1.24372 2.2
      vertex -3.07752 -1.04468 2.5
      vertex -3.07752 -1.04468 2.2
    endloop
  endfacet
  facet normal -0.935911 -0.352236 0
    outer loop
      vertex -3.07752 -1.04468 2.5
      vertex -3.00261 -1.24372 2.2
      vertex -3.00261 -1.24372 2.5
    endloop
  endfacet
  facet normal -0.0979906 0.995187 0
    outer loop
      vertex -0.21256 3.24304 2.2
      vertex -0.42421 3.2222 2.5
      vertex -0.21256 3.24304 2.5
    endloop
  endfacet
  facet normal -0.0979906 0.995187 0
    outer loop
      vertex -0.42421 3.2222 2.5
      vertex -0.21256 3.24304 2.2
      vertex -0.42421 3.2222 2.2
    endloop
  endfacet
  facet normal 0.528053 0.849211 -0
    outer loop
      vertex 1.8056 2.70228 2.2
      vertex 1.625 2.81458 2.5
      vertex 1.8056 2.70228 2.5
    endloop
  endfacet
  facet normal 0.528053 0.849211 0
    outer loop
      vertex 1.625 2.81458 2.5
      vertex 1.8056 2.70228 2.2
      vertex 1.625 2.81458 2.2
    endloop
  endfacet
  facet normal -0.91087 0.412694 0
    outer loop
      vertex -3.00261 1.24372 2.2
      vertex -2.91484 1.43744 2.5
      vertex -2.91484 1.43744 2.2
    endloop
  endfacet
  facet normal -0.91087 0.412694 0
    outer loop
      vertex -2.91484 1.43744 2.5
      vertex -3.00261 1.24372 2.2
      vertex -3.00261 1.24372 2.5
    endloop
  endfacet
  facet normal -0.352236 -0.935911 0
    outer loop
      vertex -1.24372 -3.00261 2.2
      vertex -1.04468 -3.07752 2.5
      vertex -1.24372 -3.00261 2.5
    endloop
  endfacet
  facet normal -0.352236 -0.935911 -0
    outer loop
      vertex -1.04468 -3.07752 2.5
      vertex -1.24372 -3.00261 2.2
      vertex -1.04468 -3.07752 2.2
    endloop
  endfacet
  facet normal 0.582487 0.81284 -0
    outer loop
      vertex 1.97847 2.5784 2.2
      vertex 1.8056 2.70228 2.5
      vertex 1.97847 2.5784 2.5
    endloop
  endfacet
  facet normal 0.582487 0.81284 0
    outer loop
      vertex 1.8056 2.70228 2.5
      vertex 1.97847 2.5784 2.2
      vertex 1.8056 2.70228 2.2
    endloop
  endfacet
  facet normal 0.634394 -0.77301 0
    outer loop
      vertex 1.97847 -2.5784 2.2
      vertex 2.14287 -2.44348 2.5
      vertex 1.97847 -2.5784 2.5
    endloop
  endfacet
  facet normal 0.634394 -0.77301 0
    outer loop
      vertex 2.14287 -2.44348 2.5
      vertex 1.97847 -2.5784 2.2
      vertex 2.14287 -2.44348 2.2
    endloop
  endfacet
  facet normal 0.956936 0.2903 0
    outer loop
      vertex 3.13926 0.841162 2.5
      vertex 3.07752 1.04468 2.2
      vertex 3.07752 1.04468 2.5
    endloop
  endfacet
  facet normal 0.956936 0.2903 0
    outer loop
      vertex 3.07752 1.04468 2.2
      vertex 3.13926 0.841162 2.5
      vertex 3.13926 0.841162 2.2
    endloop
  endfacet
  facet normal 0.729885 0.68357 0
    outer loop
      vertex 2.44348 2.14287 2.5
      vertex 2.2981 2.2981 2.2
      vertex 2.2981 2.2981 2.5
    endloop
  endfacet
  facet normal 0.729885 0.68357 0
    outer loop
      vertex 2.2981 2.2981 2.2
      vertex 2.44348 2.14287 2.5
      vertex 2.44348 2.14287 2.2
    endloop
  endfacet
  facet normal -0.97388 -0.227061 0
    outer loop
      vertex -3.13926 -0.841162 2.2
      vertex -3.18755 -0.634043 2.5
      vertex -3.18755 -0.634043 2.2
    endloop
  endfacet
  facet normal -0.97388 -0.227061 0
    outer loop
      vertex -3.18755 -0.634043 2.5
      vertex -3.13926 -0.841162 2.2
      vertex -3.13926 -0.841162 2.5
    endloop
  endfacet
  facet normal -0.68357 0.729885 0
    outer loop
      vertex -2.14287 2.44348 2.2
      vertex -2.2981 2.2981 2.5
      vertex -2.14287 2.44348 2.5
    endloop
  endfacet
  facet normal -0.68357 0.729885 0
    outer loop
      vertex -2.2981 2.2981 2.5
      vertex -2.14287 2.44348 2.2
      vertex -2.2981 2.2981 2.2
    endloop
  endfacet
  facet normal -0.97388 0.227061 0
    outer loop
      vertex -3.18755 0.634043 2.2
      vertex -3.13926 0.841162 2.5
      vertex -3.13926 0.841162 2.2
    endloop
  endfacet
  facet normal -0.97388 0.227061 0
    outer loop
      vertex -3.13926 0.841162 2.5
      vertex -3.18755 0.634043 2.2
      vertex -3.18755 0.634043 2.5
    endloop
  endfacet
  facet normal 0.471423 0.881907 -0
    outer loop
      vertex 1.625 2.81458 2.2
      vertex 1.43744 2.91484 2.5
      vertex 1.625 2.81458 2.5
    endloop
  endfacet
  facet normal 0.471423 0.881907 0
    outer loop
      vertex 1.43744 2.91484 2.5
      vertex 1.625 2.81458 2.2
      vertex 1.43744 2.91484 2.2
    endloop
  endfacet
  facet normal 0.77301 0.634394 0
    outer loop
      vertex 2.5784 1.97847 2.5
      vertex 2.44348 2.14287 2.2
      vertex 2.44348 2.14287 2.5
    endloop
  endfacet
  facet normal 0.77301 0.634394 0
    outer loop
      vertex 2.44348 2.14287 2.2
      vertex 2.5784 1.97847 2.5
      vertex 2.5784 1.97847 2.2
    endloop
  endfacet
  facet normal -0.995187 0.0979906 0
    outer loop
      vertex -3.24304 0.21256 2.2
      vertex -3.2222 0.42421 2.5
      vertex -3.2222 0.42421 2.2
    endloop
  endfacet
  facet normal -0.995187 0.0979906 0
    outer loop
      vertex -3.2222 0.42421 2.5
      vertex -3.24304 0.21256 2.2
      vertex -3.24304 0.21256 2.5
    endloop
  endfacet
  facet normal 0.986638 0.162925 0
    outer loop
      vertex 3.2222 0.42421 2.5
      vertex 3.18755 0.634043 2.2
      vertex 3.18755 0.634043 2.5
    endloop
  endfacet
  facet normal 0.986638 0.162925 0
    outer loop
      vertex 3.18755 0.634043 2.2
      vertex 3.2222 0.42421 2.5
      vertex 3.2222 0.42421 2.2
    endloop
  endfacet
  facet normal 0.162925 -0.986638 0
    outer loop
      vertex 0.42421 -3.2222 2.2
      vertex 0.634043 -3.18755 2.5
      vertex 0.42421 -3.2222 2.5
    endloop
  endfacet
  facet normal 0.162925 -0.986638 0
    outer loop
      vertex 0.634043 -3.18755 2.5
      vertex 0.42421 -3.2222 2.2
      vertex 0.634043 -3.18755 2.2
    endloop
  endfacet
  facet normal 0.97388 0.227061 0
    outer loop
      vertex 3.18755 0.634043 2.5
      vertex 3.13926 0.841162 2.2
      vertex 3.13926 0.841162 2.5
    endloop
  endfacet
  facet normal 0.97388 0.227061 0
    outer loop
      vertex 3.13926 0.841162 2.2
      vertex 3.18755 0.634043 2.5
      vertex 3.18755 0.634043 2.2
    endloop
  endfacet
  facet normal 0.729885 -0.68357 0
    outer loop
      vertex 2.2981 -2.2981 2.5
      vertex 2.44348 -2.14287 2.2
      vertex 2.44348 -2.14287 2.5
    endloop
  endfacet
  facet normal 0.729885 -0.68357 0
    outer loop
      vertex 2.44348 -2.14287 2.2
      vertex 2.2981 -2.2981 2.5
      vertex 2.2981 -2.2981 2.2
    endloop
  endfacet
  facet normal -0.227061 0.97388 0
    outer loop
      vertex -0.634043 3.18755 2.2
      vertex -0.841162 3.13926 2.5
      vertex -0.634043 3.18755 2.5
    endloop
  endfacet
  facet normal -0.227061 0.97388 0
    outer loop
      vertex -0.841162 3.13926 2.5
      vertex -0.634043 3.18755 2.2
      vertex -0.841162 3.13926 2.2
    endloop
  endfacet
  facet normal 0.935911 -0.352236 0
    outer loop
      vertex 3.00261 -1.24372 2.5
      vertex 3.07752 -1.04468 2.2
      vertex 3.07752 -1.04468 2.5
    endloop
  endfacet
  facet normal 0.935911 -0.352236 0
    outer loop
      vertex 3.07752 -1.04468 2.2
      vertex 3.00261 -1.24372 2.5
      vertex 3.00261 -1.24372 2.2
    endloop
  endfacet
  facet normal -0.582487 -0.81284 0
    outer loop
      vertex -1.97847 -2.5784 2.2
      vertex -1.8056 -2.70228 2.5
      vertex -1.97847 -2.5784 2.5
    endloop
  endfacet
  facet normal -0.582487 -0.81284 -0
    outer loop
      vertex -1.8056 -2.70228 2.5
      vertex -1.97847 -2.5784 2.2
      vertex -1.8056 -2.70228 2.2
    endloop
  endfacet
  facet normal 0.634394 0.77301 -0
    outer loop
      vertex 2.14287 2.44348 2.2
      vertex 1.97847 2.5784 2.5
      vertex 2.14287 2.44348 2.5
    endloop
  endfacet
  facet normal 0.634394 0.77301 0
    outer loop
      vertex 1.97847 2.5784 2.5
      vertex 2.14287 2.44348 2.2
      vertex 1.97847 2.5784 2.2
    endloop
  endfacet
  facet normal -0.956936 0.2903 0
    outer loop
      vertex -3.13926 0.841162 2.2
      vertex -3.07752 1.04468 2.5
      vertex -3.07752 1.04468 2.2
    endloop
  endfacet
  facet normal -0.956936 0.2903 0
    outer loop
      vertex -3.07752 1.04468 2.5
      vertex -3.13926 0.841162 2.2
      vertex -3.13926 0.841162 2.5
    endloop
  endfacet
  facet normal 0.162925 0.986638 -0
    outer loop
      vertex 0.634043 3.18755 2.2
      vertex 0.42421 3.2222 2.5
      vertex 0.634043 3.18755 2.5
    endloop
  endfacet
  facet normal 0.162925 0.986638 0
    outer loop
      vertex 0.42421 3.2222 2.5
      vertex 0.634043 3.18755 2.2
      vertex 0.42421 3.2222 2.2
    endloop
  endfacet
  facet normal -0.162925 -0.986638 0
    outer loop
      vertex -0.634043 -3.18755 2.2
      vertex -0.42421 -3.2222 2.5
      vertex -0.634043 -3.18755 2.5
    endloop
  endfacet
  facet normal -0.162925 -0.986638 -0
    outer loop
      vertex -0.42421 -3.2222 2.5
      vertex -0.634043 -3.18755 2.2
      vertex -0.42421 -3.2222 2.2
    endloop
  endfacet
  facet normal -0.81284 -0.582487 0
    outer loop
      vertex -2.5784 -1.97847 2.2
      vertex -2.70228 -1.8056 2.5
      vertex -2.70228 -1.8056 2.2
    endloop
  endfacet
  facet normal -0.81284 -0.582487 0
    outer loop
      vertex -2.70228 -1.8056 2.5
      vertex -2.5784 -1.97847 2.2
      vertex -2.5784 -1.97847 2.5
    endloop
  endfacet
  facet normal 0.91087 -0.412694 0
    outer loop
      vertex 2.91484 -1.43744 2.5
      vertex 3.00261 -1.24372 2.2
      vertex 3.00261 -1.24372 2.5
    endloop
  endfacet
  facet normal 0.91087 -0.412694 0
    outer loop
      vertex 3.00261 -1.24372 2.2
      vertex 2.91484 -1.43744 2.5
      vertex 2.91484 -1.43744 2.2
    endloop
  endfacet
  facet normal -0.2903 0.956936 0
    outer loop
      vertex -0.841162 3.13926 2.2
      vertex -1.04468 3.07752 2.5
      vertex -0.841162 3.13926 2.5
    endloop
  endfacet
  facet normal -0.2903 0.956936 0
    outer loop
      vertex -1.04468 3.07752 2.5
      vertex -0.841162 3.13926 2.2
      vertex -1.04468 3.07752 2.2
    endloop
  endfacet
  facet normal -0.68357 -0.729885 0
    outer loop
      vertex -2.2981 -2.2981 2.2
      vertex -2.14287 -2.44348 2.5
      vertex -2.2981 -2.2981 2.5
    endloop
  endfacet
  facet normal -0.68357 -0.729885 -0
    outer loop
      vertex -2.14287 -2.44348 2.5
      vertex -2.2981 -2.2981 2.2
      vertex -2.14287 -2.44348 2.2
    endloop
  endfacet
  facet normal -0.986638 0.162925 0
    outer loop
      vertex -3.2222 0.42421 2.2
      vertex -3.18755 0.634043 2.5
      vertex -3.18755 0.634043 2.2
    endloop
  endfacet
  facet normal -0.986638 0.162925 0
    outer loop
      vertex -3.18755 0.634043 2.5
      vertex -3.2222 0.42421 2.2
      vertex -3.2222 0.42421 2.5
    endloop
  endfacet
  facet normal -0.227061 -0.97388 0
    outer loop
      vertex -0.841162 -3.13926 2.2
      vertex -0.634043 -3.18755 2.5
      vertex -0.841162 -3.13926 2.5
    endloop
  endfacet
  facet normal -0.227061 -0.97388 -0
    outer loop
      vertex -0.634043 -3.18755 2.5
      vertex -0.841162 -3.13926 2.2
      vertex -0.634043 -3.18755 2.2
    endloop
  endfacet
  facet normal -0.582487 0.81284 0
    outer loop
      vertex -1.8056 2.70228 2.2
      vertex -1.97847 2.5784 2.5
      vertex -1.8056 2.70228 2.5
    endloop
  endfacet
  facet normal -0.582487 0.81284 0
    outer loop
      vertex -1.97847 2.5784 2.5
      vertex -1.8056 2.70228 2.2
      vertex -1.97847 2.5784 2.2
    endloop
  endfacet
  facet normal -0.471423 0.881907 0
    outer loop
      vertex -1.43744 2.91484 2.2
      vertex -1.625 2.81458 2.5
      vertex -1.43744 2.91484 2.5
    endloop
  endfacet
  facet normal -0.471423 0.881907 0
    outer loop
      vertex -1.625 2.81458 2.5
      vertex -1.43744 2.91484 2.2
      vertex -1.625 2.81458 2.2
    endloop
  endfacet
  facet normal -0.412694 0.91087 0
    outer loop
      vertex -1.24372 3.00261 2.2
      vertex -1.43744 2.91484 2.5
      vertex -1.24372 3.00261 2.5
    endloop
  endfacet
  facet normal -0.412694 0.91087 0
    outer loop
      vertex -1.43744 2.91484 2.5
      vertex -1.24372 3.00261 2.2
      vertex -1.43744 2.91484 2.2
    endloop
  endfacet
  facet normal -0.528053 -0.849211 0
    outer loop
      vertex -1.8056 -2.70228 2.2
      vertex -1.625 -2.81458 2.5
      vertex -1.8056 -2.70228 2.5
    endloop
  endfacet
  facet normal -0.528053 -0.849211 -0
    outer loop
      vertex -1.625 -2.81458 2.5
      vertex -1.8056 -2.70228 2.2
      vertex -1.625 -2.81458 2.2
    endloop
  endfacet
  facet normal 0.68357 0.729885 -0
    outer loop
      vertex 2.2981 2.2981 2.2
      vertex 2.14287 2.44348 2.5
      vertex 2.2981 2.2981 2.5
    endloop
  endfacet
  facet normal 0.68357 0.729885 0
    outer loop
      vertex 2.14287 2.44348 2.5
      vertex 2.2981 2.2981 2.2
      vertex 2.14287 2.44348 2.2
    endloop
  endfacet
  facet normal 0.81284 -0.582487 0
    outer loop
      vertex 2.5784 -1.97847 2.5
      vertex 2.70228 -1.8056 2.2
      vertex 2.70228 -1.8056 2.5
    endloop
  endfacet
  facet normal 0.81284 -0.582487 0
    outer loop
      vertex 2.70228 -1.8056 2.2
      vertex 2.5784 -1.97847 2.5
      vertex 2.5784 -1.97847 2.2
    endloop
  endfacet
  facet normal -0.956936 -0.2903 0
    outer loop
      vertex -3.07752 -1.04468 2.2
      vertex -3.13926 -0.841162 2.5
      vertex -3.13926 -0.841162 2.2
    endloop
  endfacet
  facet normal -0.956936 -0.2903 0
    outer loop
      vertex -3.13926 -0.841162 2.5
      vertex -3.07752 -1.04468 2.2
      vertex -3.07752 -1.04468 2.5
    endloop
  endfacet
  facet normal 0.999464 -0.0327262 0
    outer loop
      vertex 3.24304 -0.21256 2.5
      vertex 3.25 0 2.2
      vertex 3.25 0 2.5
    endloop
  endfacet
  facet normal 0.999464 -0.0327262 0
    outer loop
      vertex 3.25 0 2.2
      vertex 3.24304 -0.21256 2.5
      vertex 3.24304 -0.21256 2.2
    endloop
  endfacet
  facet normal 0.986638 -0.162925 0
    outer loop
      vertex 3.18755 -0.634043 2.5
      vertex 3.2222 -0.42421 2.2
      vertex 3.2222 -0.42421 2.5
    endloop
  endfacet
  facet normal 0.986638 -0.162925 0
    outer loop
      vertex 3.2222 -0.42421 2.2
      vertex 3.18755 -0.634043 2.5
      vertex 3.18755 -0.634043 2.2
    endloop
  endfacet
  facet normal -0.2903 -0.956936 0
    outer loop
      vertex -1.04468 -3.07752 2.2
      vertex -0.841162 -3.13926 2.5
      vertex -1.04468 -3.07752 2.5
    endloop
  endfacet
  facet normal -0.2903 -0.956936 -0
    outer loop
      vertex -0.841162 -3.13926 2.5
      vertex -1.04468 -3.07752 2.2
      vertex -0.841162 -3.13926 2.2
    endloop
  endfacet
  facet normal 0.97388 -0.227061 0
    outer loop
      vertex 3.13926 -0.841162 2.5
      vertex 3.18755 -0.634043 2.2
      vertex 3.18755 -0.634043 2.5
    endloop
  endfacet
  facet normal 0.97388 -0.227061 0
    outer loop
      vertex 3.18755 -0.634043 2.2
      vertex 3.13926 -0.841162 2.5
      vertex 3.13926 -0.841162 2.2
    endloop
  endfacet
  facet normal 0.956936 -0.2903 0
    outer loop
      vertex 3.07752 -1.04468 2.5
      vertex 3.13926 -0.841162 2.2
      vertex 3.13926 -0.841162 2.5
    endloop
  endfacet
  facet normal 0.956936 -0.2903 0
    outer loop
      vertex 3.13926 -0.841162 2.2
      vertex 3.07752 -1.04468 2.5
      vertex 3.07752 -1.04468 2.2
    endloop
  endfacet
  facet normal 0.412694 -0.91087 0
    outer loop
      vertex 1.24372 -3.00261 2.2
      vertex 1.43744 -2.91484 2.5
      vertex 1.24372 -3.00261 2.5
    endloop
  endfacet
  facet normal 0.412694 -0.91087 0
    outer loop
      vertex 1.43744 -2.91484 2.5
      vertex 1.24372 -3.00261 2.2
      vertex 1.43744 -2.91484 2.2
    endloop
  endfacet
  facet normal -0.528053 0.849211 0
    outer loop
      vertex -1.625 2.81458 2.2
      vertex -1.8056 2.70228 2.5
      vertex -1.625 2.81458 2.5
    endloop
  endfacet
  facet normal -0.528053 0.849211 0
    outer loop
      vertex -1.8056 2.70228 2.5
      vertex -1.625 2.81458 2.2
      vertex -1.8056 2.70228 2.2
    endloop
  endfacet
  facet normal 0 0 -1
    outer loop
      vertex 4.27438 -5.04681 0
      vertex 5.04681 -4.27439 0
      vertex 5.1643 -4.72543 0
    endloop
  endfacet
  facet normal -0 0 -1
    outer loop
      vertex 5.04681 -4.27439 0
      vertex 4.27438 -5.04681 0
      vertex 4.9064 -3.91985 0
    endloop
  endfacet
  facet normal 0 0 -1
    outer loop
      vertex 4.27438 -5.04681 0
      vertex 5.1643 -4.72543 0
      vertex 4.72542 -5.16431 0
    endloop
  endfacet
  facet normal 0 0 -1
    outer loop
      vertex 3.91984 -4.90641 0
      vertex 4.9064 -3.91985 0
      vertex 4.27438 -5.04681 0
    endloop
  endfacet
  facet normal -0 0 -1
    outer loop
      vertex 4.9064 -3.91985 0
      vertex 3.91984 -4.90641 0
      vertex 4.76444 -3.65943 0
    endloop
  endfacet
  facet normal 0 0 -1
    outer loop
      vertex 3.65943 -4.76445 0
      vertex 4.76444 -3.65943 0
      vertex 3.91984 -4.90641 0
    endloop
  endfacet
  facet normal -0 0 -1
    outer loop
      vertex 4.76444 -3.65943 0
      vertex 3.65943 -4.76445 0
      vertex 4.64126 -3.48706 0
    endloop
  endfacet
  facet normal 0 0 -1
    outer loop
      vertex 3.48706 -4.64126 0
      vertex 4.64126 -3.48706 0
      vertex 3.65943 -4.76445 0
    endloop
  endfacet
  facet normal -0 0 -1
    outer loop
      vertex 4.64126 -3.48706 0
      vertex 3.48706 -4.64126 0
      vertex 4.55551 -3.39323 0
    endloop
  endfacet
  facet normal -0 0 -1
    outer loop
      vertex 4.55551 -3.39323 0
      vertex 3.48706 -4.64126 0
      vertex 4.52369 -3.36524 0
    endloop
  endfacet
  facet normal 0 0 -1
    outer loop
      vertex 3.36523 -4.52369 0
      vertex 4.52369 -3.36524 0
      vertex 3.48706 -4.64126 0
    endloop
  endfacet
  facet normal 0 0 -1
    outer loop
      vertex 3.80965 -2.83405 0
      vertex 2.83405 3.80965 0
      vertex 3.65943 4.76444 0
    endloop
  endfacet
  facet normal -0 0 -1
    outer loop
      vertex 4.52369 -3.36524 0
      vertex 3.36523 -4.52369 0
      vertex 3.80965 -2.83405 0
    endloop
  endfacet
  facet normal 0 -0 -1
    outer loop
      vertex 3.36524 4.52369 0
      vertex 3.65943 4.76444 0
      vertex 2.83405 3.80965 0
    endloop
  endfacet
  facet normal 0 0 -1
    outer loop
      vertex 3.36523 -4.52369 0
      vertex 3.48706 -4.64126 0
      vertex 3.39323 -4.55551 0
    endloop
  endfacet
  facet normal 0 0 -1
    outer loop
      vertex 1.13137 -1.13137 0
      vertex 3.80965 -2.83405 0
      vertex 2.83406 -3.80966 0
    endloop
  endfacet
  facet normal 0 0 -1
    outer loop
      vertex 3.80965 -2.83405 0
      vertex 3.36523 -4.52369 0
      vertex 2.83406 -3.80966 0
    endloop
  endfacet
  facet normal 0 0 -1
    outer loop
      vertex 3.65943 4.76444 0
      vertex 3.36524 4.52369 0
      vertex 3.48706 4.64126 0
    endloop
  endfacet
  facet normal 0 0 -1
    outer loop
      vertex 3.48706 4.64126 0
      vertex 3.36524 4.52369 0
      vertex 3.39323 4.55551 0
    endloop
  endfacet
  facet normal 0 0 -1
    outer loop
      vertex 1.59657 0.104645 0
      vertex 3.80965 -2.83405 0
      vertex 1.6 0 0
    endloop
  endfacet
  facet normal 0 0 -1
    outer loop
      vertex 0.888912 -1.33035 0
      vertex 2.83406 -3.80966 0
      vertex 2.63894 -3.94948 0
    endloop
  endfacet
  facet normal 0 0 -1
    outer loop
      vertex 1.58631 0.208841 0
      vertex 3.80965 -2.83405 0
      vertex 1.59657 0.104645 0
    endloop
  endfacet
  facet normal 0 0 -1
    outer loop
      vertex 0.888912 -1.33035 0
      vertex 2.63894 -3.94948 0
      vertex 2.37499 -4.11361 0
    endloop
  endfacet
  facet normal 0 0 -1
    outer loop
      vertex 3.80965 -2.83405 0
      vertex 1.58631 0.208841 0
      vertex 2.83405 3.80965 0
    endloop
  endfacet
  facet normal 0 0 -1
    outer loop
      vertex 0.799999 -1.38564 0
      vertex 2.37499 -4.11361 0
      vertex 2.10086 -4.26014 0
    endloop
  endfacet
  facet normal 0 0 -1
    outer loop
      vertex 1.56926 0.312144 0
      vertex 2.83405 3.80965 0
      vertex 1.58631 0.208841 0
    endloop
  endfacet
  facet normal 0 0 -1
    outer loop
      vertex 0.707662 -1.435 0
      vertex 2.10086 -4.26014 0
      vertex 1.88223 -4.35919 0
    endloop
  endfacet
  facet normal 0 0 -1
    outer loop
      vertex 6.67449 -2.1097 0
      vertex 6.50786 -1.17832 0
      vertex 6.83513 -1.51018 0
    endloop
  endfacet
  facet normal 0 0 -1
    outer loop
      vertex 6.22513 -2.23347 0
      vertex 6.50786 -1.17832 0
      vertex 6.67449 -2.1097 0
    endloop
  endfacet
  facet normal 0 0 -1
    outer loop
      vertex 6.22513 -2.23347 0
      vertex 6.20899 -0.941478 0
      vertex 6.50786 -1.17832 0
    endloop
  endfacet
  facet normal 0 0 -1
    outer loop
      vertex 5.84789 -2.28914 0
      vertex 6.20899 -0.941478 0
      vertex 6.22513 -2.23347 0
    endloop
  endfacet
  facet normal -0 0 -1
    outer loop
      vertex 6.20899 -0.941478 0
      vertex 5.84789 -2.28914 0
      vertex 5.95585 -0.78693 0
    endloop
  endfacet
  facet normal 0 0 -1
    outer loop
      vertex 5.55138 -2.29641 0
      vertex 5.95585 -0.78693 0
      vertex 5.84789 -2.28914 0
    endloop
  endfacet
  facet normal -0 0 -1
    outer loop
      vertex 5.95585 -0.78693 0
      vertex 5.55138 -2.29641 0
      vertex 5.76298 -0.699248 0
    endloop
  endfacet
  facet normal 0 0 -1
    outer loop
      vertex 5.34051 -2.27592 0
      vertex 5.76298 -0.699248 0
      vertex 5.55138 -2.29641 0
    endloop
  endfacet
  facet normal -0 0 -1
    outer loop
      vertex 5.76298 -0.699248 0
      vertex 5.34051 -2.27592 0
      vertex 5.6418 -0.660869 0
    endloop
  endfacet
  facet normal -0 0 -1
    outer loop
      vertex 5.6418 -0.660869 0
      vertex 5.34051 -2.27592 0
      vertex 5.60025 -0.652525 0
    endloop
  endfacet
  facet normal 0 0 -1
    outer loop
      vertex 5.21638 -2.24857 0
      vertex 5.60025 -0.652525 0
      vertex 5.34051 -2.27592 0
    endloop
  endfacet
  facet normal 0 0 -1
    outer loop
      vertex 5.17623 -2.23501 0
      vertex 5.60025 -0.652525 0
      vertex 5.21638 -2.24857 0
    endloop
  endfacet
  facet normal 0 0 -1
    outer loop
      vertex 5.17623 -2.23501 0
      vertex 4.7163 -0.549538 0
      vertex 5.60025 -0.652525 0
    endloop
  endfacet
  facet normal 0 0 -1
    outer loop
      vertex 4.7163 -0.549538 0
      vertex 4.35919 1.88223 0
      vertex 4.71629 0.54954 0
    endloop
  endfacet
  facet normal 0 0 -1
    outer loop
      vertex 4.35919 -1.88223 0
      vertex 4.7163 -0.549538 0
      vertex 5.17623 -2.23501 0
    endloop
  endfacet
  facet normal 0 0 -1
    outer loop
      vertex 4.35919 -1.88223 0
      vertex 4.35919 1.88223 0
      vertex 4.7163 -0.549538 0
    endloop
  endfacet
  facet normal 0 0 -1
    outer loop
      vertex 4.35919 -1.88223 0
      vertex 4.26014 2.10086 0
      vertex 4.35919 1.88223 0
    endloop
  endfacet
  facet normal 0 0 -1
    outer loop
      vertex 4.26013 -2.10086 0
      vertex 4.26014 2.10086 0
      vertex 4.35919 -1.88223 0
    endloop
  endfacet
  facet normal 0 0 -1
    outer loop
      vertex 4.11361 -2.37499 0
      vertex 4.26014 2.10086 0
      vertex 4.26013 -2.10086 0
    endloop
  endfacet
  facet normal 0 0 -1
    outer loop
      vertex 4.11361 -2.37499 0
      vertex 4.11361 2.37499 0
      vertex 4.26014 2.10086 0
    endloop
  endfacet
  facet normal 0 0 -1
    outer loop
      vertex 4.11361 -2.37499 0
      vertex 3.94948 2.63894 0
      vertex 4.11361 2.37499 0
    endloop
  endfacet
  facet normal 0 0 -1
    outer loop
      vertex 3.94947 -2.63895 0
      vertex 3.94948 2.63894 0
      vertex 4.11361 -2.37499 0
    endloop
  endfacet
  facet normal 0 0 -1
    outer loop
      vertex 3.94947 -2.63895 0
      vertex 3.80966 2.83406 0
      vertex 3.94948 2.63894 0
    endloop
  endfacet
  facet normal 0 -0 -1
    outer loop
      vertex 3.80966 2.83406 0
      vertex 3.94947 -2.63895 0
      vertex 3.80965 -2.83405 0
    endloop
  endfacet
  facet normal 0 0 -1
    outer loop
      vertex 4.73982 -0.310655 0
      vertex 4.73982 0.310675 0
      vertex 4.74999 9.53674e-07 0
    endloop
  endfacet
  facet normal 0 0 -1
    outer loop
      vertex 4.7163 -0.549538 0
      vertex 4.73982 0.310675 0
      vertex 4.73982 -0.310655 0
    endloop
  endfacet
  facet normal -0 0 -1
    outer loop
      vertex 4.73982 0.310675 0
      vertex 4.7163 -0.549538 0
      vertex 4.71629 0.54954 0
    endloop
  endfacet
  facet normal 0 0 -1
    outer loop
      vertex 6.50787 1.17832 0
      vertex 6.6745 2.10971 0
      vertex 6.83514 1.51019 0
    endloop
  endfacet
  facet normal 0 0 -1
    outer loop
      vertex 6.50787 1.17832 0
      vertex 6.22514 2.23348 0
      vertex 6.6745 2.10971 0
    endloop
  endfacet
  facet normal 0 0 -1
    outer loop
      vertex 6.209 0.941485 0
      vertex 6.22514 2.23348 0
      vertex 6.50787 1.17832 0
    endloop
  endfacet
  facet normal 0 0 -1
    outer loop
      vertex 5.84789 2.28915 0
      vertex 6.209 0.941485 0
      vertex 5.95586 0.786931 0
    endloop
  endfacet
  facet normal 0 0 -1
    outer loop
      vertex 6.209 0.941485 0
      vertex 5.84789 2.28915 0
      vertex 6.22514 2.23348 0
    endloop
  endfacet
  facet normal 0 0 -1
    outer loop
      vertex 5.55139 2.29643 0
      vertex 5.95586 0.786931 0
      vertex 5.76299 0.699252 0
    endloop
  endfacet
  facet normal 0 0 -1
    outer loop
      vertex 5.34052 2.27593 0
      vertex 5.76299 0.699252 0
      vertex 5.64181 0.660873 0
    endloop
  endfacet
  facet normal 0 0 -1
    outer loop
      vertex 5.34052 2.27593 0
      vertex 5.64181 0.660873 0
      vertex 5.60026 0.652535 0
    endloop
  endfacet
  facet normal 0 0 -1
    outer loop
      vertex 5.95586 0.786931 0
      vertex 5.55139 2.29643 0
      vertex 5.84789 2.28915 0
    endloop
  endfacet
  facet normal 0 0 -1
    outer loop
      vertex 5.76299 0.699252 0
      vertex 5.34052 2.27593 0
      vertex 5.55139 2.29643 0
    endloop
  endfacet
  facet normal 0 0 -1
    outer loop
      vertex 5.60026 0.652535 0
      vertex 5.21639 2.24857 0
      vertex 5.34052 2.27593 0
    endloop
  endfacet
  facet normal 0 0 -1
    outer loop
      vertex 5.60026 0.652535 0
      vertex 5.17623 2.23502 0
      vertex 5.21639 2.24857 0
    endloop
  endfacet
  facet normal 0 0 -1
    outer loop
      vertex 4.71629 0.54954 0
      vertex 5.17623 2.23502 0
      vertex 5.60026 0.652535 0
    endloop
  endfacet
  facet normal 0 0 -1
    outer loop
      vertex 5.17623 2.23502 0
      vertex 4.71629 0.54954 0
      vertex 4.35919 1.88223 0
    endloop
  endfacet
  facet normal 0 0 -1
    outer loop
      vertex 4.27439 5.04681 0
      vertex 5.04681 4.27438 0
      vertex 4.90641 3.91984 0
    endloop
  endfacet
  facet normal 0 0 -1
    outer loop
      vertex 3.91985 4.9064 0
      vertex 4.90641 3.91984 0
      vertex 4.76445 3.65943 0
    endloop
  endfacet
  facet normal 0 0 -1
    outer loop
      vertex 5.04681 4.27438 0
      vertex 4.27439 5.04681 0
      vertex 5.16431 4.72542 0
    endloop
  endfacet
  facet normal 0 0 -1
    outer loop
      vertex 3.65943 4.76444 0
      vertex 4.76445 3.65943 0
      vertex 4.64126 3.48706 0
    endloop
  endfacet
  facet normal 0 0 -1
    outer loop
      vertex 3.65943 4.76444 0
      vertex 4.64126 3.48706 0
      vertex 4.55551 3.39323 0
    endloop
  endfacet
  facet normal 0 0 -1
    outer loop
      vertex 3.65943 4.76444 0
      vertex 4.55551 3.39323 0
      vertex 4.52369 3.36523 0
    endloop
  endfacet
  facet normal 0 0 -1
    outer loop
      vertex 5.16431 4.72542 0
      vertex 4.27439 5.04681 0
      vertex 4.72543 5.1643 0
    endloop
  endfacet
  facet normal 0 0 -1
    outer loop
      vertex 4.90641 3.91984 0
      vertex 3.91985 4.9064 0
      vertex 4.27439 5.04681 0
    endloop
  endfacet
  facet normal 0 0 -1
    outer loop
      vertex 3.65943 4.76444 0
      vertex 4.52369 3.36523 0
      vertex 3.80966 2.83406 0
    endloop
  endfacet
  facet normal 0 0 -1
    outer loop
      vertex 4.76445 3.65943 0
      vertex 3.65943 4.76444 0
      vertex 3.91985 4.9064 0
    endloop
  endfacet
  facet normal 0 0 -1
    outer loop
      vertex 3.65943 4.76444 0
      vertex 3.80966 2.83406 0
      vertex 3.80965 -2.83405 0
    endloop
  endfacet
  facet normal 0 0 -1
    outer loop
      vertex 0.78693 5.95585 0
      vertex 2.29641 5.55138 0
      vertex 2.27592 5.34051 0
    endloop
  endfacet
  facet normal 0 0 -1
    outer loop
      vertex 0.699248 5.76298 0
      vertex 2.27592 5.34051 0
      vertex 2.24857 5.21638 0
    endloop
  endfacet
  facet normal 0 0 -1
    outer loop
      vertex 0.699248 5.76298 0
      vertex 2.24857 5.21638 0
      vertex 2.23501 5.17623 0
    endloop
  endfacet
  facet normal 0 0 -1
    outer loop
      vertex 2.29641 5.55138 0
      vertex 0.78693 5.95585 0
      vertex 2.28914 5.84789 0
    endloop
  endfacet
  facet normal 0 0 -1
    outer loop
      vertex 2.28914 5.84789 0
      vertex 0.941478 6.20899 0
      vertex 2.23347 6.22513 0
    endloop
  endfacet
  facet normal 0 0 -1
    outer loop
      vertex 0.652525 5.60025 0
      vertex 2.23501 5.17623 0
      vertex 1.88223 4.35919 0
    endloop
  endfacet
  facet normal 0 0 -1
    outer loop
      vertex 1.54548 0.41411 0
      vertex 2.83405 3.80965 0
      vertex 1.56926 0.312144 0
    endloop
  endfacet
  facet normal 0 0 -1
    outer loop
      vertex 1.51509 0.514302 0
      vertex 2.83405 3.80965 0
      vertex 1.54548 0.41411 0
    endloop
  endfacet
  facet normal 0 0 -1
    outer loop
      vertex 1.47821 0.612293 0
      vertex 2.83405 3.80965 0
      vertex 1.51509 0.514302 0
    endloop
  endfacet
  facet normal 0 0 -1
    outer loop
      vertex 1.435 0.707662 0
      vertex 2.83405 3.80965 0
      vertex 1.47821 0.612293 0
    endloop
  endfacet
  facet normal 0 0 -1
    outer loop
      vertex 1.38564 0.799999 0
      vertex 2.83405 3.80965 0
      vertex 1.435 0.707662 0
    endloop
  endfacet
  facet normal 0 0 -1
    outer loop
      vertex 1.33035 0.888912 0
      vertex 2.83405 3.80965 0
      vertex 1.38564 0.799999 0
    endloop
  endfacet
  facet normal -0 0 -1
    outer loop
      vertex 2.23347 6.22513 0
      vertex 0.941478 6.20899 0
      vertex 1.17832 6.50786 0
    endloop
  endfacet
  facet normal 0 0 -1
    outer loop
      vertex 1.26937 0.974018 0
      vertex 2.83405 3.80965 0
      vertex 1.33035 0.888912 0
    endloop
  endfacet
  facet normal 0 0 -1
    outer loop
      vertex 1.20294 1.05495 0
      vertex 2.83405 3.80965 0
      vertex 1.26937 0.974018 0
    endloop
  endfacet
  facet normal 0 0 -1
    outer loop
      vertex 1.13137 1.13137 0
      vertex 2.83405 3.80965 0
      vertex 1.20294 1.05495 0
    endloop
  endfacet
  facet normal 0 0 -1
    outer loop
      vertex 1.05495 1.20294 0
      vertex 2.83405 3.80965 0
      vertex 1.13137 1.13137 0
    endloop
  endfacet
  facet normal 0 0 -1
    outer loop
      vertex 0.974018 1.26937 0
      vertex 2.83405 3.80965 0
      vertex 1.05495 1.20294 0
    endloop
  endfacet
  facet normal 0 0 -1
    outer loop
      vertex 0.888912 1.33035 0
      vertex 2.83405 3.80965 0
      vertex 0.974018 1.26937 0
    endloop
  endfacet
  facet normal -0 0 -1
    outer loop
      vertex 2.83405 3.80965 0
      vertex 0.888912 1.33035 0
      vertex 2.63895 3.94947 0
    endloop
  endfacet
  facet normal 0 -0 -1
    outer loop
      vertex 0.652525 5.60025 0
      vertex 1.88223 4.35919 0
      vertex 0.549538 4.7163 0
    endloop
  endfacet
  facet normal -0 0 -1
    outer loop
      vertex 2.63895 3.94947 0
      vertex 0.888912 1.33035 0
      vertex 2.37499 4.11361 0
    endloop
  endfacet
  facet normal 0 0 -1
    outer loop
      vertex 0.799999 1.38564 0
      vertex 2.37499 4.11361 0
      vertex 0.888912 1.33035 0
    endloop
  endfacet
  facet normal -0 0 -1
    outer loop
      vertex 2.37499 4.11361 0
      vertex 0.799999 1.38564 0
      vertex 2.10086 4.26013 0
    endloop
  endfacet
  facet normal -0 0 -1
    outer loop
      vertex 2.1097 6.67449 0
      vertex 1.17832 6.50786 0
      vertex 1.51018 6.83513 0
    endloop
  endfacet
  facet normal 0 0 -1
    outer loop
      vertex 0.707662 1.435 0
      vertex 2.10086 4.26013 0
      vertex 0.799999 1.38564 0
    endloop
  endfacet
  facet normal -0 0 -1
    outer loop
      vertex 2.10086 4.26013 0
      vertex 0.707662 1.435 0
      vertex 1.88223 4.35919 0
    endloop
  endfacet
  facet normal 0 0 -1
    outer loop
      vertex 2.23347 6.22513 0
      vertex 1.17832 6.50786 0
      vertex 2.1097 6.67449 0
    endloop
  endfacet
  facet normal 0 0 -1
    outer loop
      vertex 0.612293 1.47821 0
      vertex 1.88223 4.35919 0
      vertex 0.707662 1.435 0
    endloop
  endfacet
  facet normal 0 0 -1
    outer loop
      vertex 2.23501 5.17623 0
      vertex 0.652525 5.60025 0
      vertex 0.699248 5.76298 0
    endloop
  endfacet
  facet normal 0 0 -1
    outer loop
      vertex 2.28914 5.84789 0
      vertex 0.78693 5.95585 0
      vertex 0.941478 6.20899 0
    endloop
  endfacet
  facet normal 0 0 -1
    outer loop
      vertex 2.27592 5.34051 0
      vertex 0.699248 5.76298 0
      vertex 0.78693 5.95585 0
    endloop
  endfacet
  facet normal 0 0 -1
    outer loop
      vertex 0.514302 1.51509 0
      vertex 1.88223 4.35919 0
      vertex 0.612293 1.47821 0
    endloop
  endfacet
  facet normal 0 0 -1
    outer loop
      vertex 0.699248 5.76298 0
      vertex 0.652525 5.60025 0
      vertex 0.660869 5.6418 0
    endloop
  endfacet
  facet normal 0 0 -1
    outer loop
      vertex 0.41411 1.54548 0
      vertex 1.88223 4.35919 0
      vertex 0.514302 1.51509 0
    endloop
  endfacet
  facet normal -0 0 -1
    outer loop
      vertex 1.88223 4.35919 0
      vertex 0.41411 1.54548 0
      vertex 0.549538 4.7163 0
    endloop
  endfacet
  facet normal 0 0 -1
    outer loop
      vertex 0.312144 1.56926 0
      vertex 0.549538 4.7163 0
      vertex 0.41411 1.54548 0
    endloop
  endfacet
  facet normal 0 0 -1
    outer loop
      vertex 0.208841 1.58631 0
      vertex 0.549538 4.7163 0
      vertex 0.312144 1.56926 0
    endloop
  endfacet
  facet normal 0 0 -1
    outer loop
      vertex 0.104645 1.59657 0
      vertex 0.549538 4.7163 0
      vertex 0.208841 1.58631 0
    endloop
  endfacet
  facet normal -0 0 -1
    outer loop
      vertex 0.549538 4.7163 0
      vertex 0.104645 1.59657 0
      vertex 0.310655 4.73982 0
    endloop
  endfacet
  facet normal 0 0 -1
    outer loop
      vertex 0 1.6 0
      vertex 0.310655 4.73982 0
      vertex 0.104645 1.59657 0
    endloop
  endfacet
  facet normal 0 0 -1
    outer loop
      vertex 0 1.6 0
      vertex -9.53674e-07 4.74999 0
      vertex 0.310655 4.73982 0
    endloop
  endfacet
  facet normal 0 0 -1
    outer loop
      vertex -0.104645 1.59657 0
      vertex -9.53674e-07 4.74999 0
      vertex 0 1.6 0
    endloop
  endfacet
  facet normal 0 0 -1
    outer loop
      vertex -0.54954 4.71629 0
      vertex -0.104645 1.59657 0
      vertex -0.208841 1.58631 0
    endloop
  endfacet
  facet normal 0 0 -1
    outer loop
      vertex -0.104645 1.59657 0
      vertex -0.310675 4.73982 0
      vertex -9.53674e-07 4.74999 0
    endloop
  endfacet
  facet normal 0 0 -1
    outer loop
      vertex -0.54954 4.71629 0
      vertex -0.208841 1.58631 0
      vertex -0.312144 1.56926 0
    endloop
  endfacet
  facet normal 0 0 -1
    outer loop
      vertex -0.54954 4.71629 0
      vertex -0.312144 1.56926 0
      vertex -0.41411 1.54548 0
    endloop
  endfacet
  facet normal 0 0 -1
    outer loop
      vertex -1.88223 4.35919 0
      vertex -0.41411 1.54548 0
      vertex -0.514302 1.51509 0
    endloop
  endfacet
  facet normal 0 0 -1
    outer loop
      vertex -0.104645 1.59657 0
      vertex -0.54954 4.71629 0
      vertex -0.310675 4.73982 0
    endloop
  endfacet
  facet normal 0 0 -1
    outer loop
      vertex -1.88223 4.35919 0
      vertex -0.514302 1.51509 0
      vertex -0.612293 1.47821 0
    endloop
  endfacet
  facet normal 0 0 -1
    outer loop
      vertex -0.41411 1.54548 0
      vertex -1.88223 4.35919 0
      vertex -0.54954 4.71629 0
    endloop
  endfacet
  facet normal -0 0 -1
    outer loop
      vertex -0.54954 4.71629 0
      vertex -1.88223 4.35919 0
      vertex -0.652535 5.60026 0
    endloop
  endfacet
  facet normal 0 0 -1
    outer loop
      vertex -2.23502 5.17623 0
      vertex -0.652535 5.60026 0
      vertex -1.88223 4.35919 0
    endloop
  endfacet
  facet normal 0 0 -1
    outer loop
      vertex -1.88223 4.35919 0
      vertex -0.612293 1.47821 0
      vertex -0.707662 1.435 0
    endloop
  endfacet
  facet normal -0 0 -1
    outer loop
      vertex -0.652535 5.60026 0
      vertex -2.23502 5.17623 0
      vertex -0.660873 5.64181 0
    endloop
  endfacet
  facet normal 0 0 -1
    outer loop
      vertex -2.10086 4.26014 0
      vertex -0.707662 1.435 0
      vertex -0.799999 1.38564 0
    endloop
  endfacet
  facet normal 0 0 -1
    outer loop
      vertex -2.37499 4.11361 0
      vertex -0.799999 1.38564 0
      vertex -0.888912 1.33035 0
    endloop
  endfacet
  facet normal -0 0 -1
    outer loop
      vertex -0.660873 5.64181 0
      vertex -2.23502 5.17623 0
      vertex -0.699252 5.76299 0
    endloop
  endfacet
  facet normal 0 0 -1
    outer loop
      vertex -2.83406 3.80966 0
      vertex -0.888912 1.33035 0
      vertex -0.974018 1.26937 0
    endloop
  endfacet
  facet normal 0 0 -1
    outer loop
      vertex -2.83406 3.80966 0
      vertex -0.974018 1.26937 0
      vertex -1.05495 1.20294 0
    endloop
  endfacet
  facet normal 0 0 -1
    outer loop
      vertex -2.83406 3.80966 0
      vertex -1.05495 1.20294 0
      vertex -1.13137 1.13137 0
    endloop
  endfacet
  facet normal 0 0 -1
    outer loop
      vertex -2.27593 5.34052 0
      vertex -0.699252 5.76299 0
      vertex -2.23502 5.17623 0
    endloop
  endfacet
  facet normal 0 0 -1
    outer loop
      vertex -3.80965 2.83405 0
      vertex -1.13137 1.13137 0
      vertex -1.20294 1.05495 0
    endloop
  endfacet
  facet normal 0 0 -1
    outer loop
      vertex -3.80965 2.83405 0
      vertex -1.20294 1.05495 0
      vertex -1.26937 0.974018 0
    endloop
  endfacet
  facet normal 0 0 -1
    outer loop
      vertex -3.80965 2.83405 0
      vertex -1.26937 0.974018 0
      vertex -1.33035 0.888912 0
    endloop
  endfacet
  facet normal 0 0 -1
    outer loop
      vertex -3.94947 2.63895 0
      vertex -1.33035 0.888912 0
      vertex -1.38564 0.799999 0
    endloop
  endfacet
  facet normal 0 0 -1
    outer loop
      vertex -4.11361 2.37499 0
      vertex -1.38564 0.799999 0
      vertex -1.435 0.707662 0
    endloop
  endfacet
  facet normal 0 0 -1
    outer loop
      vertex -4.35919 1.88223 0
      vertex -1.435 0.707662 0
      vertex -1.47821 0.612293 0
    endloop
  endfacet
  facet normal -0 0 -1
    outer loop
      vertex -0.699252 5.76299 0
      vertex -2.27593 5.34052 0
      vertex -0.786931 5.95586 0
    endloop
  endfacet
  facet normal 0 0 -1
    outer loop
      vertex -4.35919 1.88223 0
      vertex -1.47821 0.612293 0
      vertex -1.51509 0.514302 0
    endloop
  endfacet
  facet normal 0 0 -1
    outer loop
      vertex -4.35919 1.88223 0
      vertex -1.51509 0.514302 0
      vertex -1.54548 0.41411 0
    endloop
  endfacet
  facet normal 0 0 -1
    outer loop
      vertex -4.7163 0.549538 0
      vertex -1.54548 0.41411 0
      vertex -1.56926 0.312144 0
    endloop
  endfacet
  facet normal 0 0 -1
    outer loop
      vertex -4.7163 0.549538 0
      vertex -1.56926 0.312144 0
      vertex -1.58631 0.208841 0
    endloop
  endfacet
  facet normal 0 0 -1
    outer loop
      vertex -4.7163 0.549538 0
      vertex -1.58631 0.208841 0
      vertex -1.59657 0.104645 0
    endloop
  endfacet
  facet normal 0 0 -1
    outer loop
      vertex -4.73982 0.310655 0
      vertex -1.59657 0.104645 0
      vertex -1.6 0 0
    endloop
  endfacet
  facet normal 0 0 -1
    outer loop
      vertex -2.29643 5.55139 0
      vertex -0.786931 5.95586 0
      vertex -2.27593 5.34052 0
    endloop
  endfacet
  facet normal -0 0 -1
    outer loop
      vertex -0.786931 5.95586 0
      vertex -2.29643 5.55139 0
      vertex -0.941485 6.209 0
    endloop
  endfacet
  facet normal 0 0 -1
    outer loop
      vertex -1.51019 6.83514 0
      vertex -2.23348 6.22514 0
      vertex -2.10971 6.6745 0
    endloop
  endfacet
  facet normal -0 0 -1
    outer loop
      vertex -0.941485 6.209 0
      vertex -2.28915 5.84789 0
      vertex -1.17832 6.50787 0
    endloop
  endfacet
  facet normal 0 0 -1
    outer loop
      vertex -2.27593 5.34052 0
      vertex -2.23502 5.17623 0
      vertex -2.24857 5.21639 0
    endloop
  endfacet
  facet normal 0 -0 -1
    outer loop
      vertex -2.28915 5.84789 0
      vertex -0.941485 6.209 0
      vertex -2.29643 5.55139 0
    endloop
  endfacet
  facet normal -0 0 -1
    outer loop
      vertex -1.17832 6.50787 0
      vertex -2.23348 6.22514 0
      vertex -1.51019 6.83514 0
    endloop
  endfacet
  facet normal 0 -0 -1
    outer loop
      vertex -2.23348 6.22514 0
      vertex -1.17832 6.50787 0
      vertex -2.28915 5.84789 0
    endloop
  endfacet
  facet normal 0 0 -1
    outer loop
      vertex -1.59657 0.104645 0
      vertex -4.73982 0.310655 0
      vertex -4.7163 0.549538 0
    endloop
  endfacet
  facet normal 0 0 -1
    outer loop
      vertex -4.74999 -9.53674e-07 0
      vertex -1.6 0 0
      vertex -4.73982 -0.310675 0
    endloop
  endfacet
  facet normal -0 0 -1
    outer loop
      vertex -1.6 0 0
      vertex -4.74999 -9.53674e-07 0
      vertex -4.73982 0.310655 0
    endloop
  endfacet
  facet normal 0 0 -1
    outer loop
      vertex -5.17623 -2.23502 0
      vertex -4.71629 -0.54954 0
      vertex -4.35919 -1.88223 0
    endloop
  endfacet
  facet normal 0 0 -1
    outer loop
      vertex -5.60026 -0.652535 0
      vertex -5.17623 -2.23502 0
      vertex -5.21639 -2.24857 0
    endloop
  endfacet
  facet normal 0 0 -1
    outer loop
      vertex -5.60026 -0.652535 0
      vertex -5.21639 -2.24857 0
      vertex -5.34052 -2.27593 0
    endloop
  endfacet
  facet normal 0 0 -1
    outer loop
      vertex -5.76299 -0.699252 0
      vertex -5.34052 -2.27593 0
      vertex -5.55139 -2.29643 0
    endloop
  endfacet
  facet normal 0 0 -1
    outer loop
      vertex -5.17623 -2.23502 0
      vertex -5.60026 -0.652535 0
      vertex -4.71629 -0.54954 0
    endloop
  endfacet
  facet normal 0 0 -1
    outer loop
      vertex -5.34052 -2.27593 0
      vertex -5.64181 -0.660873 0
      vertex -5.60026 -0.652535 0
    endloop
  endfacet
  facet normal 0 0 -1
    outer loop
      vertex -5.34052 -2.27593 0
      vertex -5.76299 -0.699252 0
      vertex -5.64181 -0.660873 0
    endloop
  endfacet
  facet normal 0 0 -1
    outer loop
      vertex -5.95586 -0.786931 0
      vertex -5.55139 -2.29643 0
      vertex -5.84789 -2.28915 0
    endloop
  endfacet
  facet normal 0 0 -1
    outer loop
      vertex -5.55139 -2.29643 0
      vertex -5.95586 -0.786931 0
      vertex -5.76299 -0.699252 0
    endloop
  endfacet
  facet normal 0 0 -1
    outer loop
      vertex -5.84789 -2.28915 0
      vertex -6.209 -0.941485 0
      vertex -5.95586 -0.786931 0
    endloop
  endfacet
  facet normal 0 0 -1
    outer loop
      vertex -6.22514 -2.23348 0
      vertex -6.209 -0.941485 0
      vertex -5.84789 -2.28915 0
    endloop
  endfacet
  facet normal 0 0 -1
    outer loop
      vertex -6.22514 -2.23348 0
      vertex -6.50787 -1.17832 0
      vertex -6.209 -0.941485 0
    endloop
  endfacet
  facet normal 0 0 -1
    outer loop
      vertex -6.6745 -2.10971 0
      vertex -6.50787 -1.17832 0
      vertex -6.22514 -2.23348 0
    endloop
  endfacet
  facet normal 0 0 -1
    outer loop
      vertex -6.50787 -1.17832 0
      vertex -6.6745 -2.10971 0
      vertex -6.83514 -1.51019 0
    endloop
  endfacet
  facet normal 0 0 -1
    outer loop
      vertex -4.71629 -0.54954 0
      vertex -1.54548 -0.41411 0
      vertex -4.35919 -1.88223 0
    endloop
  endfacet
  facet normal 0 0 -1
    outer loop
      vertex -4.76445 -3.65943 0
      vertex -3.65943 -4.76444 0
      vertex -3.91985 -4.9064 0
    endloop
  endfacet
  facet normal 0 0 -1
    outer loop
      vertex -4.90641 -3.91984 0
      vertex -3.91985 -4.9064 0
      vertex -4.27439 -5.04681 0
    endloop
  endfacet
  facet normal 0 0 -1
    outer loop
      vertex -3.48706 -4.64126 0
      vertex -4.52369 -3.36523 0
      vertex -3.80966 -2.83406 0
    endloop
  endfacet
  facet normal 0 0 -1
    outer loop
      vertex -3.48706 -4.64126 0
      vertex -4.64126 -3.48706 0
      vertex -4.52369 -3.36523 0
    endloop
  endfacet
  facet normal 0 0 -1
    outer loop
      vertex -4.52369 -3.36523 0
      vertex -4.64126 -3.48706 0
      vertex -4.55551 -3.39323 0
    endloop
  endfacet
  facet normal 0 0 -1
    outer loop
      vertex -5.04681 -4.27438 0
      vertex -4.27439 -5.04681 0
      vertex -4.72543 -5.1643 0
    endloop
  endfacet
  facet normal 0 0 -1
    outer loop
      vertex -3.65943 -4.76444 0
      vertex -4.76445 -3.65943 0
      vertex -4.64126 -3.48706 0
    endloop
  endfacet
  facet normal 0 0 -1
    outer loop
      vertex -3.91985 -4.9064 0
      vertex -4.90641 -3.91984 0
      vertex -4.76445 -3.65943 0
    endloop
  endfacet
  facet normal 0 0 -1
    outer loop
      vertex -4.27439 -5.04681 0
      vertex -5.04681 -4.27438 0
      vertex -4.90641 -3.91984 0
    endloop
  endfacet
  facet normal 0 -0 -1
    outer loop
      vertex -5.04681 -4.27438 0
      vertex -4.72543 -5.1643 0
      vertex -5.16431 -4.72542 0
    endloop
  endfacet
  facet normal 0 0 -1
    outer loop
      vertex 0.786931 -5.95586 0
      vertex 2.29643 -5.55139 0
      vertex 2.28915 -5.84789 0
    endloop
  endfacet
  facet normal -0 0 -1
    outer loop
      vertex 2.29643 -5.55139 0
      vertex 0.786931 -5.95586 0
      vertex 2.27593 -5.34052 0
    endloop
  endfacet
  facet normal 0 0 -1
    outer loop
      vertex 0.699252 -5.76299 0
      vertex 2.27593 -5.34052 0
      vertex 0.786931 -5.95586 0
    endloop
  endfacet
  facet normal 0 0 -1
    outer loop
      vertex 0.941485 -6.209 0
      vertex 2.28915 -5.84789 0
      vertex 2.23348 -6.22514 0
    endloop
  endfacet
  facet normal 0 0 -1
    outer loop
      vertex 1.17832 -6.50787 0
      vertex 2.23348 -6.22514 0
      vertex 2.10971 -6.6745 0
    endloop
  endfacet
  facet normal 0 0 -1
    outer loop
      vertex 0.941485 -6.209 0
      vertex 2.23348 -6.22514 0
      vertex 1.17832 -6.50787 0
    endloop
  endfacet
  facet normal 0 0 -1
    outer loop
      vertex 3.80965 -2.83405 0
      vertex 1.59657 -0.104645 0
      vertex 1.6 0 0
    endloop
  endfacet
  facet normal 0 0 -1
    outer loop
      vertex 3.80965 -2.83405 0
      vertex 1.58631 -0.208841 0
      vertex 1.59657 -0.104645 0
    endloop
  endfacet
  facet normal 0 0 -1
    outer loop
      vertex 3.80965 -2.83405 0
      vertex 1.56926 -0.312144 0
      vertex 1.58631 -0.208841 0
    endloop
  endfacet
  facet normal 0 0 -1
    outer loop
      vertex 3.80965 -2.83405 0
      vertex 1.54548 -0.41411 0
      vertex 1.56926 -0.312144 0
    endloop
  endfacet
  facet normal 0 0 -1
    outer loop
      vertex 3.80965 -2.83405 0
      vertex 1.51509 -0.514302 0
      vertex 1.54548 -0.41411 0
    endloop
  endfacet
  facet normal 0 0 -1
    outer loop
      vertex 1.17832 -6.50787 0
      vertex 2.10971 -6.6745 0
      vertex 1.51019 -6.83514 0
    endloop
  endfacet
  facet normal 0 0 -1
    outer loop
      vertex 0.786931 -5.95586 0
      vertex 2.28915 -5.84789 0
      vertex 0.941485 -6.209 0
    endloop
  endfacet
  facet normal 0 0 -1
    outer loop
      vertex 3.80965 -2.83405 0
      vertex 1.47821 -0.612293 0
      vertex 1.51509 -0.514302 0
    endloop
  endfacet
  facet normal 0 0 -1
    outer loop
      vertex 3.80965 -2.83405 0
      vertex 1.435 -0.707662 0
      vertex 1.47821 -0.612293 0
    endloop
  endfacet
  facet normal 0 0 -1
    outer loop
      vertex 3.80965 -2.83405 0
      vertex 1.38564 -0.799999 0
      vertex 1.435 -0.707662 0
    endloop
  endfacet
  facet normal 0 0 -1
    outer loop
      vertex 3.80965 -2.83405 0
      vertex 1.33035 -0.888912 0
      vertex 1.38564 -0.799999 0
    endloop
  endfacet
  facet normal 0 0 -1
    outer loop
      vertex 0.41411 -1.54548 0
      vertex 1.88223 -4.35919 0
      vertex 0.54954 -4.71629 0
    endloop
  endfacet
  facet normal 0 0 -1
    outer loop
      vertex 3.80965 -2.83405 0
      vertex 1.26937 -0.974018 0
      vertex 1.33035 -0.888912 0
    endloop
  endfacet
  facet normal -0 0 -1
    outer loop
      vertex 2.27593 -5.34052 0
      vertex 0.699252 -5.76299 0
      vertex 2.24857 -5.21639 0
    endloop
  endfacet
  facet normal 0 0 -1
    outer loop
      vertex 3.80965 -2.83405 0
      vertex 1.20294 -1.05495 0
      vertex 1.26937 -0.974018 0
    endloop
  endfacet
  facet normal 0 0 -1
    outer loop
      vertex 3.80965 -2.83405 0
      vertex 1.13137 -1.13137 0
      vertex 1.20294 -1.05495 0
    endloop
  endfacet
  facet normal 0 0 -1
    outer loop
      vertex 2.83406 -3.80966 0
      vertex 1.05495 -1.20294 0
      vertex 1.13137 -1.13137 0
    endloop
  endfacet
  facet normal -0 0 -1
    outer loop
      vertex 2.24857 -5.21639 0
      vertex 0.699252 -5.76299 0
      vertex 2.23502 -5.17623 0
    endloop
  endfacet
  facet normal 0 0 -1
    outer loop
      vertex 2.83406 -3.80966 0
      vertex 0.974018 -1.26937 0
      vertex 1.05495 -1.20294 0
    endloop
  endfacet
  facet normal 0 0 -1
    outer loop
      vertex 2.83406 -3.80966 0
      vertex 0.888912 -1.33035 0
      vertex 0.974018 -1.26937 0
    endloop
  endfacet
  facet normal 0 0 -1
    outer loop
      vertex 0.652535 -5.60026 0
      vertex 2.23502 -5.17623 0
      vertex 0.699252 -5.76299 0
    endloop
  endfacet
  facet normal 0 0 -1
    outer loop
      vertex 2.37499 -4.11361 0
      vertex 0.799999 -1.38564 0
      vertex 0.888912 -1.33035 0
    endloop
  endfacet
  facet normal -0 0 -1
    outer loop
      vertex 2.23502 -5.17623 0
      vertex 0.652535 -5.60026 0
      vertex 1.88223 -4.35919 0
    endloop
  endfacet
  facet normal 0 0 -1
    outer loop
      vertex 0.652535 -5.60026 0
      vertex 0.699252 -5.76299 0
      vertex 0.660873 -5.64181 0
    endloop
  endfacet
  facet normal 0 0 -1
    outer loop
      vertex 1.88223 -4.35919 0
      vertex 0.652535 -5.60026 0
      vertex 0.54954 -4.71629 0
    endloop
  endfacet
  facet normal 0 0 -1
    outer loop
      vertex 2.10086 -4.26014 0
      vertex 0.707662 -1.435 0
      vertex 0.799999 -1.38564 0
    endloop
  endfacet
  facet normal 0 0 -1
    outer loop
      vertex 1.88223 -4.35919 0
      vertex 0.612293 -1.47821 0
      vertex 0.707662 -1.435 0
    endloop
  endfacet
  facet normal 0 0 -1
    outer loop
      vertex 1.88223 -4.35919 0
      vertex 0.514302 -1.51509 0
      vertex 0.612293 -1.47821 0
    endloop
  endfacet
  facet normal 0 0 -1
    outer loop
      vertex 1.88223 -4.35919 0
      vertex 0.41411 -1.54548 0
      vertex 0.514302 -1.51509 0
    endloop
  endfacet
  facet normal 0 0 -1
    outer loop
      vertex 0.54954 -4.71629 0
      vertex 0.312144 -1.56926 0
      vertex 0.41411 -1.54548 0
    endloop
  endfacet
  facet normal 0 0 -1
    outer loop
      vertex 0.104645 -1.59657 0
      vertex 0.54954 -4.71629 0
      vertex 0.310675 -4.73982 0
    endloop
  endfacet
  facet normal 0 0 -1
    outer loop
      vertex 0.54954 -4.71629 0
      vertex 0.208841 -1.58631 0
      vertex 0.312144 -1.56926 0
    endloop
  endfacet
  facet normal 0 0 -1
    outer loop
      vertex 0.54954 -4.71629 0
      vertex 0.104645 -1.59657 0
      vertex 0.208841 -1.58631 0
    endloop
  endfacet
  facet normal 0 0 -1
    outer loop
      vertex 9.53674e-07 -4.74999 0
      vertex 0.104645 -1.59657 0
      vertex 0.310675 -4.73982 0
    endloop
  endfacet
  facet normal 0 0 -1
    outer loop
      vertex 9.53674e-07 -4.74999 0
      vertex 0 -1.6 0
      vertex 0.104645 -1.59657 0
    endloop
  endfacet
  facet normal 0 0 -1
    outer loop
      vertex 9.53674e-07 -4.74999 0
      vertex -0.104645 -1.59657 0
      vertex 0 -1.6 0
    endloop
  endfacet
  facet normal 0 0 -1
    outer loop
      vertex -0.310655 -4.73982 0
      vertex -0.104645 -1.59657 0
      vertex 9.53674e-07 -4.74999 0
    endloop
  endfacet
  facet normal 0 0 -1
    outer loop
      vertex -0.549538 -4.7163 0
      vertex -0.104645 -1.59657 0
      vertex -0.310655 -4.73982 0
    endloop
  endfacet
  facet normal -0 0 -1
    outer loop
      vertex -0.104645 -1.59657 0
      vertex -0.549538 -4.7163 0
      vertex -0.208841 -1.58631 0
    endloop
  endfacet
  facet normal -0 0 -1
    outer loop
      vertex -0.208841 -1.58631 0
      vertex -0.549538 -4.7163 0
      vertex -0.312144 -1.56926 0
    endloop
  endfacet
  facet normal -0 0 -1
    outer loop
      vertex -0.312144 -1.56926 0
      vertex -0.549538 -4.7163 0
      vertex -0.41411 -1.54548 0
    endloop
  endfacet
  facet normal 0 0 -1
    outer loop
      vertex -1.88223 -4.35919 0
      vertex -0.41411 -1.54548 0
      vertex -0.549538 -4.7163 0
    endloop
  endfacet
  facet normal -0 0 -1
    outer loop
      vertex -0.41411 -1.54548 0
      vertex -1.88223 -4.35919 0
      vertex -0.514302 -1.51509 0
    endloop
  endfacet
  facet normal 0 0 -1
    outer loop
      vertex -1.88223 -4.35919 0
      vertex -0.549538 -4.7163 0
      vertex -0.652525 -5.60025 0
    endloop
  endfacet
  facet normal 0 0 -1
    outer loop
      vertex -2.23501 -5.17623 0
      vertex -0.652525 -5.60025 0
      vertex -0.660869 -5.6418 0
    endloop
  endfacet
  facet normal 0 0 -1
    outer loop
      vertex -2.23501 -5.17623 0
      vertex -0.660869 -5.6418 0
      vertex -0.699248 -5.76298 0
    endloop
  endfacet
  facet normal -0 0 -1
    outer loop
      vertex -0.514302 -1.51509 0
      vertex -1.88223 -4.35919 0
      vertex -0.612293 -1.47821 0
    endloop
  endfacet
  facet normal 0 0 -1
    outer loop
      vertex -2.27592 -5.34051 0
      vertex -0.699248 -5.76298 0
      vertex -0.78693 -5.95585 0
    endloop
  endfacet
  facet normal -0 0 -1
    outer loop
      vertex -0.612293 -1.47821 0
      vertex -1.88223 -4.35919 0
      vertex -0.707662 -1.435 0
    endloop
  endfacet
  facet normal 0 0 -1
    outer loop
      vertex -2.10086 -4.26013 0
      vertex -0.707662 -1.435 0
      vertex -1.88223 -4.35919 0
    endloop
  endfacet
  facet normal 0 0 -1
    outer loop
      vertex -2.29641 -5.55138 0
      vertex -0.78693 -5.95585 0
      vertex -0.941478 -6.20899 0
    endloop
  endfacet
  facet normal -0 0 -1
    outer loop
      vertex -0.707662 -1.435 0
      vertex -2.10086 -4.26013 0
      vertex -0.799999 -1.38564 0
    endloop
  endfacet
  facet normal 0 0 -1
    outer loop
      vertex -2.37499 -4.11361 0
      vertex -0.799999 -1.38564 0
      vertex -2.10086 -4.26013 0
    endloop
  endfacet
  facet normal -0 0 -1
    outer loop
      vertex -0.799999 -1.38564 0
      vertex -2.37499 -4.11361 0
      vertex -0.888912 -1.33035 0
    endloop
  endfacet
  facet normal 0 0 -1
    outer loop
      vertex -2.28914 -5.84789 0
      vertex -0.941478 -6.20899 0
      vertex -1.17832 -6.50786 0
    endloop
  endfacet
  facet normal 0 0 -1
    outer loop
      vertex -2.63895 -3.94947 0
      vertex -0.888912 -1.33035 0
      vertex -2.37499 -4.11361 0
    endloop
  endfacet
  facet normal 0 0 -1
    outer loop
      vertex -2.83405 -3.80965 0
      vertex -0.888912 -1.33035 0
      vertex -2.63895 -3.94947 0
    endloop
  endfacet
  facet normal -0 0 -1
    outer loop
      vertex -0.888912 -1.33035 0
      vertex -2.83405 -3.80965 0
      vertex -0.974018 -1.26937 0
    endloop
  endfacet
  facet normal -0 0 -1
    outer loop
      vertex -0.974018 -1.26937 0
      vertex -2.83405 -3.80965 0
      vertex -1.05495 -1.20294 0
    endloop
  endfacet
  facet normal -0 0 -1
    outer loop
      vertex -1.05495 -1.20294 0
      vertex -2.83405 -3.80965 0
      vertex -1.13137 -1.13137 0
    endloop
  endfacet
  facet normal 0 0 -1
    outer loop
      vertex -3.80966 -2.83406 0
      vertex -1.13137 -1.13137 0
      vertex -2.83405 -3.80965 0
    endloop
  endfacet
  facet normal 0 0 -1
    outer loop
      vertex -2.23347 -6.22513 0
      vertex -1.17832 -6.50786 0
      vertex -1.51018 -6.83513 0
    endloop
  endfacet
  facet normal -0 0 -1
    outer loop
      vertex -1.13137 -1.13137 0
      vertex -3.80966 -2.83406 0
      vertex -1.20294 -1.05495 0
    endloop
  endfacet
  facet normal -0 0 -1
    outer loop
      vertex -1.20294 -1.05495 0
      vertex -3.80966 -2.83406 0
      vertex -1.26937 -0.974018 0
    endloop
  endfacet
  facet normal -0 0 -1
    outer loop
      vertex -1.26937 -0.974018 0
      vertex -3.80966 -2.83406 0
      vertex -1.33035 -0.888912 0
    endloop
  endfacet
  facet normal 0 0 -1
    outer loop
      vertex -3.94948 -2.63894 0
      vertex -1.33035 -0.888912 0
      vertex -3.80966 -2.83406 0
    endloop
  endfacet
  facet normal -0 0 -1
    outer loop
      vertex -1.33035 -0.888912 0
      vertex -3.94948 -2.63894 0
      vertex -1.38564 -0.799999 0
    endloop
  endfacet
  facet normal 0 0 -1
    outer loop
      vertex -4.11361 -2.37499 0
      vertex -1.38564 -0.799999 0
      vertex -3.94948 -2.63894 0
    endloop
  endfacet
  facet normal -0 0 -1
    outer loop
      vertex -1.38564 -0.799999 0
      vertex -4.11361 -2.37499 0
      vertex -1.435 -0.707662 0
    endloop
  endfacet
  facet normal 0 0 -1
    outer loop
      vertex -4.26014 -2.10086 0
      vertex -1.435 -0.707662 0
      vertex -4.11361 -2.37499 0
    endloop
  endfacet
  facet normal 0 0 -1
    outer loop
      vertex -2.23347 -6.22513 0
      vertex -1.51018 -6.83513 0
      vertex -2.1097 -6.67449 0
    endloop
  endfacet
  facet normal 0 0 -1
    outer loop
      vertex -1.17832 -6.50786 0
      vertex -2.23347 -6.22513 0
      vertex -2.28914 -5.84789 0
    endloop
  endfacet
  facet normal 0 0 -1
    outer loop
      vertex -0.652525 -5.60025 0
      vertex -2.23501 -5.17623 0
      vertex -1.88223 -4.35919 0
    endloop
  endfacet
  facet normal 0 0 -1
    outer loop
      vertex -0.941478 -6.20899 0
      vertex -2.28914 -5.84789 0
      vertex -2.29641 -5.55138 0
    endloop
  endfacet
  facet normal 0 0 -1
    outer loop
      vertex -0.78693 -5.95585 0
      vertex -2.29641 -5.55138 0
      vertex -2.27592 -5.34051 0
    endloop
  endfacet
  facet normal 0 0 -1
    outer loop
      vertex -0.699248 -5.76298 0
      vertex -2.27592 -5.34051 0
      vertex -2.23501 -5.17623 0
    endloop
  endfacet
  facet normal 0 0 -1
    outer loop
      vertex -2.23501 -5.17623 0
      vertex -2.27592 -5.34051 0
      vertex -2.24857 -5.21638 0
    endloop
  endfacet
  facet normal 0 0 -1
    outer loop
      vertex -0.707662 1.435 0
      vertex -2.10086 4.26014 0
      vertex -1.88223 4.35919 0
    endloop
  endfacet
  facet normal 0 0 -1
    outer loop
      vertex -4.35919 -1.88223 0
      vertex -1.435 -0.707662 0
      vertex -4.26014 -2.10086 0
    endloop
  endfacet
  facet normal 0 0 -1
    outer loop
      vertex -0.799999 1.38564 0
      vertex -2.37499 4.11361 0
      vertex -2.10086 4.26014 0
    endloop
  endfacet
  facet normal -0 0 -1
    outer loop
      vertex -1.435 -0.707662 0
      vertex -4.35919 -1.88223 0
      vertex -1.47821 -0.612293 0
    endloop
  endfacet
  facet normal 0 0 -1
    outer loop
      vertex -0.888912 1.33035 0
      vertex -2.63894 3.94948 0
      vertex -2.37499 4.11361 0
    endloop
  endfacet
  facet normal -0 0 -1
    outer loop
      vertex -1.47821 -0.612293 0
      vertex -4.35919 -1.88223 0
      vertex -1.51509 -0.514302 0
    endloop
  endfacet
  facet normal -0 0 -1
    outer loop
      vertex -1.51509 -0.514302 0
      vertex -4.35919 -1.88223 0
      vertex -1.54548 -0.41411 0
    endloop
  endfacet
  facet normal 0 0 -1
    outer loop
      vertex -0.888912 1.33035 0
      vertex -2.83406 3.80966 0
      vertex -2.63894 3.94948 0
    endloop
  endfacet
  facet normal 0 0 -1
    outer loop
      vertex -1.13137 1.13137 0
      vertex -3.80965 2.83405 0
      vertex -2.83406 3.80966 0
    endloop
  endfacet
  facet normal 0 0 -1
    outer loop
      vertex -3.48706 -4.64126 0
      vertex -3.80966 -2.83406 0
      vertex -3.36524 -4.52369 0
    endloop
  endfacet
  facet normal -0 0 -1
    outer loop
      vertex -2.83406 3.80966 0
      vertex -3.80965 2.83405 0
      vertex -3.36523 4.52369 0
    endloop
  endfacet
  facet normal 0 0 -1
    outer loop
      vertex -3.48706 -4.64126 0
      vertex -3.36524 -4.52369 0
      vertex -3.39323 -4.55551 0
    endloop
  endfacet
  facet normal 0 0 -1
    outer loop
      vertex -4.52369 3.36524 0
      vertex -3.36523 4.52369 0
      vertex -3.80965 2.83405 0
    endloop
  endfacet
  facet normal 0 0 -1
    outer loop
      vertex -4.64126 -3.48706 0
      vertex -3.48706 -4.64126 0
      vertex -3.65943 -4.76444 0
    endloop
  endfacet
  facet normal -0 0 -1
    outer loop
      vertex -3.36523 4.52369 0
      vertex -4.52369 3.36524 0
      vertex -3.39323 4.55551 0
    endloop
  endfacet
  facet normal 0 0 -1
    outer loop
      vertex -3.36524 -4.52369 0
      vertex -3.80966 -2.83406 0
      vertex -2.83405 -3.80965 0
    endloop
  endfacet
  facet normal -0 0 -1
    outer loop
      vertex -3.39323 4.55551 0
      vertex -4.52369 3.36524 0
      vertex -3.48706 4.64126 0
    endloop
  endfacet
  facet normal 0 0 -1
    outer loop
      vertex -4.64126 3.48706 0
      vertex -3.48706 4.64126 0
      vertex -4.52369 3.36524 0
    endloop
  endfacet
  facet normal -0 0 -1
    outer loop
      vertex -3.48706 4.64126 0
      vertex -4.64126 3.48706 0
      vertex -3.65943 4.76445 0
    endloop
  endfacet
  facet normal 0 0 -1
    outer loop
      vertex -4.76444 3.65943 0
      vertex -3.65943 4.76445 0
      vertex -4.64126 3.48706 0
    endloop
  endfacet
  facet normal 0 0 -1
    outer loop
      vertex -4.64126 3.48706 0
      vertex -4.52369 3.36524 0
      vertex -4.55551 3.39323 0
    endloop
  endfacet
  facet normal -0 0 -1
    outer loop
      vertex -3.65943 4.76445 0
      vertex -4.76444 3.65943 0
      vertex -3.91984 4.90641 0
    endloop
  endfacet
  facet normal 0 0 -1
    outer loop
      vertex -4.9064 3.91985 0
      vertex -3.91984 4.90641 0
      vertex -4.76444 3.65943 0
    endloop
  endfacet
  facet normal -0 0 -1
    outer loop
      vertex -3.91984 4.90641 0
      vertex -4.9064 3.91985 0
      vertex -4.27438 5.04681 0
    endloop
  endfacet
  facet normal 0 0 -1
    outer loop
      vertex -5.04681 4.27439 0
      vertex -4.27438 5.04681 0
      vertex -4.9064 3.91985 0
    endloop
  endfacet
  facet normal -0 0 -1
    outer loop
      vertex -4.27438 5.04681 0
      vertex -5.04681 4.27439 0
      vertex -4.72542 5.16431 0
    endloop
  endfacet
  facet normal 0 0 -1
    outer loop
      vertex -4.72542 5.16431 0
      vertex -5.04681 4.27439 0
      vertex -5.1643 4.72543 0
    endloop
  endfacet
  facet normal 0 0 -1
    outer loop
      vertex -1.33035 0.888912 0
      vertex -3.94947 2.63895 0
      vertex -3.80965 2.83405 0
    endloop
  endfacet
  facet normal -0 0 -1
    outer loop
      vertex -1.54548 -0.41411 0
      vertex -4.71629 -0.54954 0
      vertex -1.56926 -0.312144 0
    endloop
  endfacet
  facet normal -0 0 -1
    outer loop
      vertex -1.56926 -0.312144 0
      vertex -4.71629 -0.54954 0
      vertex -1.58631 -0.208841 0
    endloop
  endfacet
  facet normal 0 0 -1
    outer loop
      vertex -1.38564 0.799999 0
      vertex -4.11361 2.37499 0
      vertex -3.94947 2.63895 0
    endloop
  endfacet
  facet normal 0 0 -1
    outer loop
      vertex -1.435 0.707662 0
      vertex -4.26013 2.10086 0
      vertex -4.11361 2.37499 0
    endloop
  endfacet
  facet normal -0 0 -1
    outer loop
      vertex -1.58631 -0.208841 0
      vertex -4.71629 -0.54954 0
      vertex -1.59657 -0.104645 0
    endloop
  endfacet
  facet normal 0 0 -1
    outer loop
      vertex -1.435 0.707662 0
      vertex -4.35919 1.88223 0
      vertex -4.26013 2.10086 0
    endloop
  endfacet
  facet normal 0 0 -1
    outer loop
      vertex -4.73982 -0.310675 0
      vertex -1.59657 -0.104645 0
      vertex -4.71629 -0.54954 0
    endloop
  endfacet
  facet normal -0 0 -1
    outer loop
      vertex -1.59657 -0.104645 0
      vertex -4.73982 -0.310675 0
      vertex -1.6 0 0
    endloop
  endfacet
  facet normal 0 0 -1
    outer loop
      vertex -1.54548 0.41411 0
      vertex -4.7163 0.549538 0
      vertex -4.35919 1.88223 0
    endloop
  endfacet
  facet normal 0 0 -1
    outer loop
      vertex -4.7163 0.549538 0
      vertex -5.17623 2.23501 0
      vertex -4.35919 1.88223 0
    endloop
  endfacet
  facet normal 0 0 -1
    outer loop
      vertex -5.60025 0.652525 0
      vertex -5.17623 2.23501 0
      vertex -4.7163 0.549538 0
    endloop
  endfacet
  facet normal -0 0 -1
    outer loop
      vertex -5.17623 2.23501 0
      vertex -5.60025 0.652525 0
      vertex -5.21638 2.24857 0
    endloop
  endfacet
  facet normal -0 0 -1
    outer loop
      vertex -5.21638 2.24857 0
      vertex -5.60025 0.652525 0
      vertex -5.34051 2.27592 0
    endloop
  endfacet
  facet normal 0 0 -1
    outer loop
      vertex -5.6418 0.660869 0
      vertex -5.34051 2.27592 0
      vertex -5.60025 0.652525 0
    endloop
  endfacet
  facet normal 0 0 -1
    outer loop
      vertex -5.76298 0.699248 0
      vertex -5.34051 2.27592 0
      vertex -5.6418 0.660869 0
    endloop
  endfacet
  facet normal -0 0 -1
    outer loop
      vertex -5.34051 2.27592 0
      vertex -5.76298 0.699248 0
      vertex -5.55138 2.29641 0
    endloop
  endfacet
  facet normal 0 0 -1
    outer loop
      vertex -5.95585 0.78693 0
      vertex -5.55138 2.29641 0
      vertex -5.76298 0.699248 0
    endloop
  endfacet
  facet normal 0 0 -1
    outer loop
      vertex -5.55138 2.29641 0
      vertex -5.95585 0.78693 0
      vertex -5.84789 2.28914 0
    endloop
  endfacet
  facet normal 0 0 -1
    outer loop
      vertex -6.20899 0.941478 0
      vertex -5.84789 2.28914 0
      vertex -5.95585 0.78693 0
    endloop
  endfacet
  facet normal 0 0 -1
    outer loop
      vertex -6.20899 0.941478 0
      vertex -6.22513 2.23347 0
      vertex -5.84789 2.28914 0
    endloop
  endfacet
  facet normal 0 0 -1
    outer loop
      vertex -6.50786 1.17832 0
      vertex -6.22513 2.23347 0
      vertex -6.20899 0.941478 0
    endloop
  endfacet
  facet normal 0 0 -1
    outer loop
      vertex -6.50786 1.17832 0
      vertex -6.67449 2.1097 0
      vertex -6.22513 2.23347 0
    endloop
  endfacet
  facet normal 0 -0 -1
    outer loop
      vertex -6.67449 2.1097 0
      vertex -6.50786 1.17832 0
      vertex -6.83513 1.51018 0
    endloop
  endfacet
  facet normal -0.0327262 -0.999464 0
    outer loop
      vertex -0.21256 -3.24304 2.2
      vertex 0 -3.25 2.5
      vertex -0.21256 -3.24304 2.5
    endloop
  endfacet
  facet normal -0.0327262 -0.999464 -0
    outer loop
      vertex 0 -3.25 2.5
      vertex -0.21256 -3.24304 2.2
      vertex 0 -3.25 2.2
    endloop
  endfacet
  facet normal 0.0979906 0.995187 -0
    outer loop
      vertex 0.42421 3.2222 2.2
      vertex 0.21256 3.24304 2.5
      vertex 0.42421 3.2222 2.5
    endloop
  endfacet
  facet normal 0.0979906 0.995187 0
    outer loop
      vertex 0.21256 3.24304 2.5
      vertex 0.42421 3.2222 2.2
      vertex 0.21256 3.24304 2.2
    endloop
  endfacet
  facet normal -0.729885 -0.68357 0
    outer loop
      vertex -2.2981 -2.2981 2.2
      vertex -2.44348 -2.14287 2.5
      vertex -2.44348 -2.14287 2.2
    endloop
  endfacet
  facet normal -0.729885 -0.68357 0
    outer loop
      vertex -2.44348 -2.14287 2.5
      vertex -2.2981 -2.2981 2.2
      vertex -2.2981 -2.2981 2.5
    endloop
  endfacet
  facet normal -0.999464 -0.0327262 0
    outer loop
      vertex -3.24304 -0.21256 2.2
      vertex -3.25 0 2.5
      vertex -3.25 0 2.2
    endloop
  endfacet
  facet normal -0.999464 -0.0327262 0
    outer loop
      vertex -3.25 0 2.5
      vertex -3.24304 -0.21256 2.2
      vertex -3.24304 -0.21256 2.5
    endloop
  endfacet
  facet normal -0.995187 -0.0979906 0
    outer loop
      vertex -3.2222 -0.42421 2.2
      vertex -3.24304 -0.21256 2.5
      vertex -3.24304 -0.21256 2.2
    endloop
  endfacet
  facet normal -0.995187 -0.0979906 0
    outer loop
      vertex -3.24304 -0.21256 2.5
      vertex -3.2222 -0.42421 2.2
      vertex -3.2222 -0.42421 2.5
    endloop
  endfacet
  facet normal -0.634394 -0.77301 0
    outer loop
      vertex -2.14287 -2.44348 2.2
      vertex -1.97847 -2.5784 2.5
      vertex -2.14287 -2.44348 2.5
    endloop
  endfacet
  facet normal -0.634394 -0.77301 -0
    outer loop
      vertex -1.97847 -2.5784 2.5
      vertex -2.14287 -2.44348 2.2
      vertex -1.97847 -2.5784 2.2
    endloop
  endfacet
  facet normal -0.77301 0.634394 0
    outer loop
      vertex -2.5784 1.97847 2.2
      vertex -2.44348 2.14287 2.5
      vertex -2.44348 2.14287 2.2
    endloop
  endfacet
  facet normal -0.77301 0.634394 0
    outer loop
      vertex -2.44348 2.14287 2.5
      vertex -2.5784 1.97847 2.2
      vertex -2.5784 1.97847 2.5
    endloop
  endfacet
  facet normal -0.849211 0.528053 0
    outer loop
      vertex -2.81458 1.625 2.2
      vertex -2.70228 1.8056 2.5
      vertex -2.70228 1.8056 2.2
    endloop
  endfacet
  facet normal -0.849211 0.528053 0
    outer loop
      vertex -2.70228 1.8056 2.5
      vertex -2.81458 1.625 2.2
      vertex -2.81458 1.625 2.5
    endloop
  endfacet
  facet normal 0.849211 -0.528053 0
    outer loop
      vertex 2.70228 -1.8056 2.5
      vertex 2.81458 -1.625 2.2
      vertex 2.81458 -1.625 2.5
    endloop
  endfacet
  facet normal 0.849211 -0.528053 0
    outer loop
      vertex 2.81458 -1.625 2.2
      vertex 2.70228 -1.8056 2.5
      vertex 2.70228 -1.8056 2.2
    endloop
  endfacet
  facet normal 0.68357 -0.729885 0
    outer loop
      vertex 2.14287 -2.44348 2.2
      vertex 2.2981 -2.2981 2.5
      vertex 2.14287 -2.44348 2.5
    endloop
  endfacet
  facet normal 0.68357 -0.729885 0
    outer loop
      vertex 2.2981 -2.2981 2.5
      vertex 2.14287 -2.44348 2.2
      vertex 2.2981 -2.2981 2.2
    endloop
  endfacet
  facet normal 0.528053 -0.849211 0
    outer loop
      vertex 1.625 -2.81458 2.2
      vertex 1.8056 -2.70228 2.5
      vertex 1.625 -2.81458 2.5
    endloop
  endfacet
  facet normal 0.528053 -0.849211 0
    outer loop
      vertex 1.8056 -2.70228 2.5
      vertex 1.625 -2.81458 2.2
      vertex 1.8056 -2.70228 2.2
    endloop
  endfacet
  facet normal 0.77301 -0.634394 0
    outer loop
      vertex 2.44348 -2.14287 2.5
      vertex 2.5784 -1.97847 2.2
      vertex 2.5784 -1.97847 2.5
    endloop
  endfacet
  facet normal 0.77301 -0.634394 0
    outer loop
      vertex 2.5784 -1.97847 2.2
      vertex 2.44348 -2.14287 2.5
      vertex 2.44348 -2.14287 2.2
    endloop
  endfacet
  facet normal -0.881907 0.471423 0
    outer loop
      vertex -2.91484 1.43744 2.2
      vertex -2.81458 1.625 2.5
      vertex -2.81458 1.625 2.2
    endloop
  endfacet
  facet normal -0.881907 0.471423 0
    outer loop
      vertex -2.81458 1.625 2.5
      vertex -2.91484 1.43744 2.2
      vertex -2.91484 1.43744 2.5
    endloop
  endfacet
  facet normal 0.471423 -0.881907 0
    outer loop
      vertex 1.43744 -2.91484 2.2
      vertex 1.625 -2.81458 2.5
      vertex 1.43744 -2.91484 2.5
    endloop
  endfacet
  facet normal 0.471423 -0.881907 0
    outer loop
      vertex 1.625 -2.81458 2.5
      vertex 1.43744 -2.91484 2.2
      vertex 1.625 -2.81458 2.2
    endloop
  endfacet
  facet normal 0.227061 0.97388 -0
    outer loop
      vertex 0.841162 3.13926 2.2
      vertex 0.634043 3.18755 2.5
      vertex 0.841162 3.13926 2.5
    endloop
  endfacet
  facet normal 0.227061 0.97388 0
    outer loop
      vertex 0.634043 3.18755 2.5
      vertex 0.841162 3.13926 2.2
      vertex 0.634043 3.18755 2.2
    endloop
  endfacet
  facet normal -0.81284 0.582487 0
    outer loop
      vertex -2.70228 1.8056 2.2
      vertex -2.5784 1.97847 2.5
      vertex -2.5784 1.97847 2.2
    endloop
  endfacet
  facet normal -0.81284 0.582487 0
    outer loop
      vertex -2.5784 1.97847 2.5
      vertex -2.70228 1.8056 2.2
      vertex -2.70228 1.8056 2.5
    endloop
  endfacet
  facet normal -0.999464 0.0327262 0
    outer loop
      vertex -3.25 0 2.2
      vertex -3.24304 0.21256 2.5
      vertex -3.24304 0.21256 2.2
    endloop
  endfacet
  facet normal -0.999464 0.0327262 0
    outer loop
      vertex -3.24304 0.21256 2.5
      vertex -3.25 0 2.2
      vertex -3.25 0 2.5
    endloop
  endfacet
  facet normal 0 0 1
    outer loop
      vertex 0.157959 4.52357 4.7
      vertex -0.208841 1.58631 4.7
      vertex -0.104645 1.59657 4.7
    endloop
  endfacet
  facet normal 0 0 1
    outer loop
      vertex -0.0181885 4.58026 4.7
      vertex -0.312144 1.56926 4.7
      vertex -0.208841 1.58631 4.7
    endloop
  endfacet
  facet normal -0 0 1
    outer loop
      vertex -1.06277 4.78033 4.7
      vertex -0.0181885 4.58026 4.7
      vertex 0.100464 6.35202 4.7
    endloop
  endfacet
  facet normal 0 -0 1
    outer loop
      vertex -0.41411 1.54548 4.7
      vertex -0.0181885 4.58026 4.7
      vertex -1.06277 4.78033 4.7
    endloop
  endfacet
  facet normal 0 0 1
    outer loop
      vertex -0.0181885 4.58026 4.7
      vertex -0.41411 1.54548 4.7
      vertex -0.312144 1.56926 4.7
    endloop
  endfacet
  facet normal 0 0 1
    outer loop
      vertex -1.06277 4.78033 4.7
      vertex 0.100464 6.35202 4.7
      vertex -0.525055 6.47066 4.7
    endloop
  endfacet
  facet normal 0 0 1
    outer loop
      vertex -0.41411 1.54548 4.7
      vertex -1.06277 4.78033 4.7
      vertex -0.514302 1.51509 4.7
    endloop
  endfacet
  facet normal 0 0 1
    outer loop
      vertex -0.514302 1.51509 4.7
      vertex -1.06277 4.78033 4.7
      vertex -0.612293 1.47821 4.7
    endloop
  endfacet
  facet normal 0 0 1
    outer loop
      vertex -1.19438 4.79044 4.7
      vertex -0.612293 1.47821 4.7
      vertex -1.06277 4.78033 4.7
    endloop
  endfacet
  facet normal 0 0 1
    outer loop
      vertex -1.37578 4.79794 4.7
      vertex -0.612293 1.47821 4.7
      vertex -1.19438 4.79044 4.7
    endloop
  endfacet
  facet normal 0 0 1
    outer loop
      vertex -0.612293 1.47821 4.7
      vertex -1.37578 4.79794 4.7
      vertex -0.707662 1.435 4.7
    endloop
  endfacet
  facet normal 0 0 1
    outer loop
      vertex -1.55927 4.79897 4.7
      vertex -0.707662 1.435 4.7
      vertex -1.37578 4.79794 4.7
    endloop
  endfacet
  facet normal 0 0 1
    outer loop
      vertex -0.707662 1.435 4.7
      vertex -1.55927 4.79897 4.7
      vertex -0.799999 1.38564 4.7
    endloop
  endfacet
  facet normal -0 0 1
    outer loop
      vertex -1.74461 4.7933 4.7
      vertex -0.799999 1.38564 4.7
      vertex -1.55927 4.79897 4.7
    endloop
  endfacet
  facet normal -0 0 1
    outer loop
      vertex -1.93155 4.78076 4.7
      vertex -0.799999 1.38564 4.7
      vertex -1.74461 4.7933 4.7
    endloop
  endfacet
  facet normal -0 0 1
    outer loop
      vertex -1.93661 4.78023 4.7
      vertex -0.799999 1.38564 4.7
      vertex -1.93155 4.78076 4.7
    endloop
  endfacet
  facet normal 0 0 1
    outer loop
      vertex -0.799999 1.38564 4.7
      vertex -1.93661 4.78023 4.7
      vertex -0.888912 1.33035 4.7
    endloop
  endfacet
  facet normal 0 0 1
    outer loop
      vertex -0.888912 1.33035 4.7
      vertex -1.93661 4.78023 4.7
      vertex -0.974018 1.26937 4.7
    endloop
  endfacet
  facet normal -0 0 1
    outer loop
      vertex -2.98128 4.57745 4.7
      vertex -0.974018 1.26937 4.7
      vertex -1.93661 4.78023 4.7
    endloop
  endfacet
  facet normal 0 0 1
    outer loop
      vertex -0.974018 1.26937 4.7
      vertex -2.98128 4.57745 4.7
      vertex -1.05495 1.20294 4.7
    endloop
  endfacet
  facet normal -0 0 1
    outer loop
      vertex -3.06949 4.55072 4.7
      vertex -1.05495 1.20294 4.7
      vertex -2.98128 4.57745 4.7
    endloop
  endfacet
  facet normal 0 0 1
    outer loop
      vertex -1.05495 1.20294 4.7
      vertex -3.06949 4.55072 4.7
      vertex -1.13137 1.13137 4.7
    endloop
  endfacet
  facet normal -0 0 1
    outer loop
      vertex -3.44662 4.41148 4.7
      vertex -1.13137 1.13137 4.7
      vertex -3.25865 4.48515 4.7
    endloop
  endfacet
  facet normal 0 0 1
    outer loop
      vertex -1.13137 1.13137 4.7
      vertex -3.44662 4.41148 4.7
      vertex -1.20294 1.05495 4.7
    endloop
  endfacet
  facet normal -0 0 1
    outer loop
      vertex -3.63303 4.32967 4.7
      vertex -1.20294 1.05495 4.7
      vertex -3.44662 4.41148 4.7
    endloop
  endfacet
  facet normal -0 0 1
    outer loop
      vertex -3.78363 4.2561 4.7
      vertex -1.20294 1.05495 4.7
      vertex -3.63303 4.32967 4.7
    endloop
  endfacet
  facet normal 0 0 1
    outer loop
      vertex -1.20294 1.05495 4.7
      vertex -3.78363 4.2561 4.7
      vertex -1.26937 0.974018 4.7
    endloop
  endfacet
  facet normal 0 0 1
    outer loop
      vertex -1.26937 0.974018 4.7
      vertex -3.78363 4.2561 4.7
      vertex -1.33035 0.888912 4.7
    endloop
  endfacet
  facet normal -0 0 1
    outer loop
      vertex -4.67918 3.67676 4.7
      vertex -1.33035 0.888912 4.7
      vertex -3.78363 4.2561 4.7
    endloop
  endfacet
  facet normal 0 0 1
    outer loop
      vertex -1.33035 0.888912 4.7
      vertex -4.67918 3.67676 4.7
      vertex -1.38564 0.799999 4.7
    endloop
  endfacet
  facet normal 0 0 1
    outer loop
      vertex 1.916 5.63411 4.7
      vertex 1.68097 3.67937 4.7
      vertex 2.45309 5.29204 4.7
    endloop
  endfacet
  facet normal 0 0 1
    outer loop
      vertex 3.04536 -1.90295 4.7
      vertex 1.26937 -0.974018 4.7
      vertex 2.99225 -2.0183 4.7
    endloop
  endfacet
  facet normal 0 0 1
    outer loop
      vertex 1.76199 3.61263 4.7
      vertex 1.59657 0.104645 4.7
      vertex 1.6 0 4.7
    endloop
  endfacet
  facet normal 0 0 1
    outer loop
      vertex 1.76199 3.61263 4.7
      vertex 1.58631 0.208841 4.7
      vertex 1.59657 0.104645 4.7
    endloop
  endfacet
  facet normal 0 0 1
    outer loop
      vertex 1.76199 3.61263 4.7
      vertex 1.56926 0.312144 4.7
      vertex 1.58631 0.208841 4.7
    endloop
  endfacet
  facet normal 0 0 1
    outer loop
      vertex 1.76199 3.61263 4.7
      vertex 1.54548 0.41411 4.7
      vertex 1.56926 0.312144 4.7
    endloop
  endfacet
  facet normal 0 0 1
    outer loop
      vertex 1.76199 3.61263 4.7
      vertex 1.51509 0.514302 4.7
      vertex 1.54548 0.41411 4.7
    endloop
  endfacet
  facet normal 0 0 1
    outer loop
      vertex 1.76199 3.61263 4.7
      vertex 1.47821 0.612293 4.7
      vertex 1.51509 0.514302 4.7
    endloop
  endfacet
  facet normal 0 0 1
    outer loop
      vertex 1.76199 3.61263 4.7
      vertex 1.435 0.707662 4.7
      vertex 1.47821 0.612293 4.7
    endloop
  endfacet
  facet normal 0 0 1
    outer loop
      vertex 1.76199 3.61263 4.7
      vertex 1.38564 0.799999 4.7
      vertex 1.435 0.707662 4.7
    endloop
  endfacet
  facet normal 0 0 1
    outer loop
      vertex 1.76199 3.61263 4.7
      vertex 1.33035 0.888912 4.7
      vertex 1.38564 0.799999 4.7
    endloop
  endfacet
  facet normal -0 0 1
    outer loop
      vertex 0.785965 4.25845 4.7
      vertex 1.68097 3.67937 4.7
      vertex 1.916 5.63411 4.7
    endloop
  endfacet
  facet normal 0 0 1
    outer loop
      vertex 1.76199 3.61263 4.7
      vertex 1.26937 0.974018 4.7
      vertex 1.33035 0.888912 4.7
    endloop
  endfacet
  facet normal 0 0 1
    outer loop
      vertex 1.76199 3.61263 4.7
      vertex 1.20294 1.05495 4.7
      vertex 1.26937 0.974018 4.7
    endloop
  endfacet
  facet normal 0 0 1
    outer loop
      vertex 0.312144 1.56926 4.7
      vertex 1.68097 3.67937 4.7
      vertex 0.785965 4.25845 4.7
    endloop
  endfacet
  facet normal 0 0 1
    outer loop
      vertex 1.76199 3.61263 4.7
      vertex 1.13137 1.13137 4.7
      vertex 1.20294 1.05495 4.7
    endloop
  endfacet
  facet normal 0 0 1
    outer loop
      vertex 1.76199 3.61263 4.7
      vertex 1.05495 1.20294 4.7
      vertex 1.13137 1.13137 4.7
    endloop
  endfacet
  facet normal 0 0 1
    outer loop
      vertex 1.76199 3.61263 4.7
      vertex 0.974018 1.26937 4.7
      vertex 1.05495 1.20294 4.7
    endloop
  endfacet
  facet normal 0 0 1
    outer loop
      vertex 1.76199 3.61263 4.7
      vertex 0.888912 1.33035 4.7
      vertex 0.974018 1.26937 4.7
    endloop
  endfacet
  facet normal 0 0 1
    outer loop
      vertex 1.76199 3.61263 4.7
      vertex 0.799999 1.38564 4.7
      vertex 0.888912 1.33035 4.7
    endloop
  endfacet
  facet normal 0 0 1
    outer loop
      vertex 0.104645 1.59657 4.7
      vertex 0.785965 4.25845 4.7
      vertex 0.753799 4.27501 4.7
    endloop
  endfacet
  facet normal 0 0 1
    outer loop
      vertex 1.76199 3.61263 4.7
      vertex 0.707662 1.435 4.7
      vertex 0.799999 1.38564 4.7
    endloop
  endfacet
  facet normal 0 0 1
    outer loop
      vertex 1.76199 3.61263 4.7
      vertex 0.612293 1.47821 4.7
      vertex 0.707662 1.435 4.7
    endloop
  endfacet
  facet normal 0 0 1
    outer loop
      vertex 0 1.6 4.7
      vertex 0.753799 4.27501 4.7
      vertex 0.610382 4.34317 4.7
    endloop
  endfacet
  facet normal 0 0 1
    outer loop
      vertex 1.76199 3.61263 4.7
      vertex 0.514302 1.51509 4.7
      vertex 0.612293 1.47821 4.7
    endloop
  endfacet
  facet normal 0 0 1
    outer loop
      vertex 0 1.6 4.7
      vertex 0.610382 4.34317 4.7
      vertex 0.463242 4.40747 4.7
    endloop
  endfacet
  facet normal 0 0 1
    outer loop
      vertex 1.68097 3.67937 4.7
      vertex 0.41411 1.54548 4.7
      vertex 0.514302 1.51509 4.7
    endloop
  endfacet
  facet normal 0 0 1
    outer loop
      vertex -0.104645 1.59657 4.7
      vertex 0.463242 4.40747 4.7
      vertex 0.312408 4.46767 4.7
    endloop
  endfacet
  facet normal 0 0 1
    outer loop
      vertex 1.68097 3.67937 4.7
      vertex 0.312144 1.56926 4.7
      vertex 0.41411 1.54548 4.7
    endloop
  endfacet
  facet normal 0 0 1
    outer loop
      vertex 0.785965 4.25845 4.7
      vertex 0.208841 1.58631 4.7
      vertex 0.312144 1.56926 4.7
    endloop
  endfacet
  facet normal 0 0 1
    outer loop
      vertex -0.104645 1.59657 4.7
      vertex 0.312408 4.46767 4.7
      vertex 0.157959 4.52357 4.7
    endloop
  endfacet
  facet normal 0 0 1
    outer loop
      vertex 0.785965 4.25845 4.7
      vertex 0.104645 1.59657 4.7
      vertex 0.208841 1.58631 4.7
    endloop
  endfacet
  facet normal 0 0 1
    outer loop
      vertex -0.208841 1.58631 4.7
      vertex 0.157959 4.52357 4.7
      vertex 0 4.575 4.7
    endloop
  endfacet
  facet normal 0 0 1
    outer loop
      vertex 0.753799 4.27501 4.7
      vertex 0 1.6 4.7
      vertex 0.104645 1.59657 4.7
    endloop
  endfacet
  facet normal 0 0 1
    outer loop
      vertex -0.208841 1.58631 4.7
      vertex 0 4.575 4.7
      vertex -0.0181885 4.58026 4.7
    endloop
  endfacet
  facet normal 0 0 1
    outer loop
      vertex 0.463242 4.40747 4.7
      vertex -0.104645 1.59657 4.7
      vertex 0 1.6 4.7
    endloop
  endfacet
  facet normal 0 0 1
    outer loop
      vertex 3.87138 3.93823 4.7
      vertex 2.89456 2.2108 4.7
      vertex 4.23686 3.41695 4.7
    endloop
  endfacet
  facet normal 0 0 1
    outer loop
      vertex 1.6 0 4.7
      vertex 2.89456 2.2108 4.7
      vertex 2.28806 3.09184 4.7
    endloop
  endfacet
  facet normal -0 0 1
    outer loop
      vertex 2.28806 3.09184 4.7
      vertex 2.89456 2.2108 4.7
      vertex 3.87138 3.93823 4.7
    endloop
  endfacet
  facet normal 0 0 1
    outer loop
      vertex 5.02104 1.61 4.7
      vertex 3.43202 0.405075 4.7
      vertex 5.15111 0.986847 4.7
    endloop
  endfacet
  facet normal 0 0 1
    outer loop
      vertex 1.6 0 4.7
      vertex 3.43202 0.405075 4.7
      vertex 3.21718 1.45586 4.7
    endloop
  endfacet
  facet normal -0 0 1
    outer loop
      vertex 3.21718 1.45586 4.7
      vertex 3.43202 0.405075 4.7
      vertex 5.02104 1.61 4.7
    endloop
  endfacet
  facet normal 0 0 1
    outer loop
      vertex 1.6 0 4.7
      vertex 3.45 0 4.7
      vertex 3.44844 0.120422 4.7
    endloop
  endfacet
  facet normal 0 0 1
    outer loop
      vertex 1.6 0 4.7
      vertex 3.44844 0.120422 4.7
      vertex 3.44377 0.240799 4.7
    endloop
  endfacet
  facet normal 0 0 1
    outer loop
      vertex 3.45 0 4.7
      vertex 1.6 0 4.7
      vertex 3.44844 -0.120422 4.7
    endloop
  endfacet
  facet normal 0 0 1
    outer loop
      vertex 1.6 0 4.7
      vertex 3.44377 0.240799 4.7
      vertex 3.436 0.36113 4.7
    endloop
  endfacet
  facet normal -0 0 1
    outer loop
      vertex 1.59657 -0.104645 4.7
      vertex 3.44844 -0.120422 4.7
      vertex 1.6 0 4.7
    endloop
  endfacet
  facet normal 0 0 1
    outer loop
      vertex 1.6 0 4.7
      vertex 3.436 0.36113 4.7
      vertex 3.43202 0.405075 4.7
    endloop
  endfacet
  facet normal 0 0 1
    outer loop
      vertex 3.44844 -0.120422 4.7
      vertex 1.59657 -0.104645 4.7
      vertex 3.44377 -0.240799 4.7
    endloop
  endfacet
  facet normal 0 0 1
    outer loop
      vertex 3.43202 -0.405075 4.7
      vertex 5.02104 -1.61 4.7
      vertex 5.15111 -0.986847 4.7
    endloop
  endfacet
  facet normal 0 0 1
    outer loop
      vertex 3.43202 -0.405075 4.7
      vertex 3.21718 -1.45586 4.7
      vertex 5.02104 -1.61 4.7
    endloop
  endfacet
  facet normal 0 0 1
    outer loop
      vertex 3.44377 -0.240799 4.7
      vertex 1.59657 -0.104645 4.7
      vertex 3.436 -0.36113 4.7
    endloop
  endfacet
  facet normal 0 0 1
    outer loop
      vertex 1.6 0 4.7
      vertex 3.21718 1.45586 4.7
      vertex 3.18439 1.55313 4.7
    endloop
  endfacet
  facet normal -0 0 1
    outer loop
      vertex 1.58631 -0.208841 4.7
      vertex 3.436 -0.36113 4.7
      vertex 1.59657 -0.104645 4.7
    endloop
  endfacet
  facet normal 0 0 1
    outer loop
      vertex 1.6 0 4.7
      vertex 3.18439 1.55313 4.7
      vertex 3.1414 1.67032 4.7
    endloop
  endfacet
  facet normal 0 0 1
    outer loop
      vertex 3.436 -0.36113 4.7
      vertex 1.58631 -0.208841 4.7
      vertex 3.43202 -0.405075 4.7
    endloop
  endfacet
  facet normal 0 0 1
    outer loop
      vertex 1.6 0 4.7
      vertex 3.1414 1.67032 4.7
      vertex 3.09508 1.78694 4.7
    endloop
  endfacet
  facet normal -0 0 1
    outer loop
      vertex 1.56926 -0.312144 4.7
      vertex 3.43202 -0.405075 4.7
      vertex 1.58631 -0.208841 4.7
    endloop
  endfacet
  facet normal 0 0 1
    outer loop
      vertex 1.6 0 4.7
      vertex 3.09508 1.78694 4.7
      vertex 3.04536 1.90295 4.7
    endloop
  endfacet
  facet normal 0 0 1
    outer loop
      vertex 1.54548 -0.41411 4.7
      vertex 3.43202 -0.405075 4.7
      vertex 1.56926 -0.312144 4.7
    endloop
  endfacet
  facet normal 0 0 1
    outer loop
      vertex 1.6 0 4.7
      vertex 3.04536 1.90295 4.7
      vertex 2.99225 2.0183 4.7
    endloop
  endfacet
  facet normal 0 0 1
    outer loop
      vertex 3.43202 -0.405075 4.7
      vertex 1.54548 -0.41411 4.7
      vertex 3.21718 -1.45586 4.7
    endloop
  endfacet
  facet normal 0 0 1
    outer loop
      vertex 1.6 0 4.7
      vertex 2.99225 2.0183 4.7
      vertex 2.93568 2.13289 4.7
    endloop
  endfacet
  facet normal -0 0 1
    outer loop
      vertex 1.51509 -0.514302 4.7
      vertex 3.21718 -1.45586 4.7
      vertex 1.54548 -0.41411 4.7
    endloop
  endfacet
  facet normal 0 0 1
    outer loop
      vertex 1.6 0 4.7
      vertex 2.93568 2.13289 4.7
      vertex 2.89456 2.2108 4.7
    endloop
  endfacet
  facet normal -0 0 1
    outer loop
      vertex 1.47821 -0.612293 4.7
      vertex 3.21718 -1.45586 4.7
      vertex 1.51509 -0.514302 4.7
    endloop
  endfacet
  facet normal 0 0 1
    outer loop
      vertex 2.89456 -2.2108 4.7
      vertex 3.87138 -3.93823 4.7
      vertex 4.23686 -3.41695 4.7
    endloop
  endfacet
  facet normal 0 0 1
    outer loop
      vertex 2.89456 -2.2108 4.7
      vertex 2.28806 -3.09184 4.7
      vertex 3.87138 -3.93823 4.7
    endloop
  endfacet
  facet normal -0 0 1
    outer loop
      vertex 1.435 -0.707662 4.7
      vertex 3.21718 -1.45586 4.7
      vertex 1.47821 -0.612293 4.7
    endloop
  endfacet
  facet normal 0 0 1
    outer loop
      vertex 1.6 0 4.7
      vertex 2.2655 3.11821 4.7
      vertex 2.1725 3.22087 4.7
    endloop
  endfacet
  facet normal 0 0 1
    outer loop
      vertex 2.2655 3.11821 4.7
      vertex 1.6 0 4.7
      vertex 2.28806 3.09184 4.7
    endloop
  endfacet
  facet normal 0 0 1
    outer loop
      vertex 3.21718 -1.45586 4.7
      vertex 1.435 -0.707662 4.7
      vertex 3.18439 -1.55313 4.7
    endloop
  endfacet
  facet normal -0 0 1
    outer loop
      vertex 1.38564 -0.799999 4.7
      vertex 3.18439 -1.55313 4.7
      vertex 1.435 -0.707662 4.7
    endloop
  endfacet
  facet normal 0 0 1
    outer loop
      vertex 1.6 0 4.7
      vertex 2.1725 3.22087 4.7
      vertex 2.07567 3.32178 4.7
    endloop
  endfacet
  facet normal 0 0 1
    outer loop
      vertex 3.18439 -1.55313 4.7
      vertex 1.38564 -0.799999 4.7
      vertex 3.1414 -1.67032 4.7
    endloop
  endfacet
  facet normal 0 0 1
    outer loop
      vertex 1.6 0 4.7
      vertex 2.07567 3.32178 4.7
      vertex 1.97499 3.42079 4.7
    endloop
  endfacet
  facet normal 0 0 1
    outer loop
      vertex 3.1414 -1.67032 4.7
      vertex 1.38564 -0.799999 4.7
      vertex 3.09508 -1.78694 4.7
    endloop
  endfacet
  facet normal 0 0 1
    outer loop
      vertex 1.6 0 4.7
      vertex 1.97499 3.42079 4.7
      vertex 1.87044 3.51779 4.7
    endloop
  endfacet
  facet normal -0 0 1
    outer loop
      vertex 1.33035 -0.888912 4.7
      vertex 3.09508 -1.78694 4.7
      vertex 1.38564 -0.799999 4.7
    endloop
  endfacet
  facet normal 0 0 1
    outer loop
      vertex 1.6 0 4.7
      vertex 1.87044 3.51779 4.7
      vertex 1.76199 3.61263 4.7
    endloop
  endfacet
  facet normal 0 0 1
    outer loop
      vertex 3.09508 -1.78694 4.7
      vertex 1.33035 -0.888912 4.7
      vertex 3.04536 -1.90295 4.7
    endloop
  endfacet
  facet normal 0 0 1
    outer loop
      vertex 0.514302 1.51509 4.7
      vertex 1.76199 3.61263 4.7
      vertex 1.68097 3.67937 4.7
    endloop
  endfacet
  facet normal -0 0 1
    outer loop
      vertex 1.26937 -0.974018 4.7
      vertex 3.04536 -1.90295 4.7
      vertex 1.33035 -0.888912 4.7
    endloop
  endfacet
  facet normal 0 0 1
    outer loop
      vertex 1.68097 -3.67937 4.7
      vertex 1.916 -5.63411 4.7
      vertex 2.45309 -5.29204 4.7
    endloop
  endfacet
  facet normal 0 0 1
    outer loop
      vertex 2.99225 -2.0183 4.7
      vertex 1.26937 -0.974018 4.7
      vertex 2.93568 -2.13289 4.7
    endloop
  endfacet
  facet normal -0 0 1
    outer loop
      vertex 1.20294 -1.05495 4.7
      vertex 2.93568 -2.13289 4.7
      vertex 1.26937 -0.974018 4.7
    endloop
  endfacet
  facet normal 0 0 1
    outer loop
      vertex 2.93568 -2.13289 4.7
      vertex 1.20294 -1.05495 4.7
      vertex 2.89456 -2.2108 4.7
    endloop
  endfacet
  facet normal -0 0 1
    outer loop
      vertex 1.13137 -1.13137 4.7
      vertex 2.89456 -2.2108 4.7
      vertex 1.20294 -1.05495 4.7
    endloop
  endfacet
  facet normal -0 0 1
    outer loop
      vertex 1.05495 -1.20294 4.7
      vertex 2.89456 -2.2108 4.7
      vertex 1.13137 -1.13137 4.7
    endloop
  endfacet
  facet normal 0 0 1
    outer loop
      vertex 2.89456 -2.2108 4.7
      vertex 1.05495 -1.20294 4.7
      vertex 2.28806 -3.09184 4.7
    endloop
  endfacet
  facet normal -0 0 1
    outer loop
      vertex 0.974018 -1.26937 4.7
      vertex 2.28806 -3.09184 4.7
      vertex 1.05495 -1.20294 4.7
    endloop
  endfacet
  facet normal -0 0 1
    outer loop
      vertex 0.888912 -1.33035 4.7
      vertex 2.28806 -3.09184 4.7
      vertex 0.974018 -1.26937 4.7
    endloop
  endfacet
  facet normal -0 0 1
    outer loop
      vertex 0.799999 -1.38564 4.7
      vertex 2.28806 -3.09184 4.7
      vertex 0.888912 -1.33035 4.7
    endloop
  endfacet
  facet normal 0 0 1
    outer loop
      vertex 2.28806 -3.09184 4.7
      vertex 0.799999 -1.38564 4.7
      vertex 2.2655 -3.11821 4.7
    endloop
  endfacet
  facet normal 0 0 1
    outer loop
      vertex 2.2655 -3.11821 4.7
      vertex 0.799999 -1.38564 4.7
      vertex 2.1725 -3.22087 4.7
    endloop
  endfacet
  facet normal -0 0 1
    outer loop
      vertex 0.707662 -1.435 4.7
      vertex 2.1725 -3.22087 4.7
      vertex 0.799999 -1.38564 4.7
    endloop
  endfacet
  facet normal 0 0 1
    outer loop
      vertex 2.1725 -3.22087 4.7
      vertex 0.707662 -1.435 4.7
      vertex 2.07567 -3.32178 4.7
    endloop
  endfacet
  facet normal 0 0 1
    outer loop
      vertex 2.07567 -3.32178 4.7
      vertex 0.707662 -1.435 4.7
      vertex 1.97499 -3.42079 4.7
    endloop
  endfacet
  facet normal -0 0 1
    outer loop
      vertex 0.612293 -1.47821 4.7
      vertex 1.97499 -3.42079 4.7
      vertex 0.707662 -1.435 4.7
    endloop
  endfacet
  facet normal 0 0 1
    outer loop
      vertex 1.97499 -3.42079 4.7
      vertex 0.612293 -1.47821 4.7
      vertex 1.87044 -3.51779 4.7
    endloop
  endfacet
  facet normal 0 0 1
    outer loop
      vertex 1.87044 -3.51779 4.7
      vertex 0.612293 -1.47821 4.7
      vertex 1.76199 -3.61263 4.7
    endloop
  endfacet
  facet normal 0 0 1
    outer loop
      vertex 1.68097 -3.67937 4.7
      vertex 0.785965 -4.25845 4.7
      vertex 1.916 -5.63411 4.7
    endloop
  endfacet
  facet normal -0 0 1
    outer loop
      vertex 0.514302 -1.51509 4.7
      vertex 1.76199 -3.61263 4.7
      vertex 0.612293 -1.47821 4.7
    endloop
  endfacet
  facet normal 0 0 1
    outer loop
      vertex 1.76199 -3.61263 4.7
      vertex 0.514302 -1.51509 4.7
      vertex 1.68097 -3.67937 4.7
    endloop
  endfacet
  facet normal -0 0 1
    outer loop
      vertex 0.41411 -1.54548 4.7
      vertex 1.68097 -3.67937 4.7
      vertex 0.514302 -1.51509 4.7
    endloop
  endfacet
  facet normal -0 0 1
    outer loop
      vertex 0.312144 -1.56926 4.7
      vertex 1.68097 -3.67937 4.7
      vertex 0.41411 -1.54548 4.7
    endloop
  endfacet
  facet normal 0 0 1
    outer loop
      vertex 1.68097 -3.67937 4.7
      vertex 0.312144 -1.56926 4.7
      vertex 0.785965 -4.25845 4.7
    endloop
  endfacet
  facet normal -0 0 1
    outer loop
      vertex 0.208841 -1.58631 4.7
      vertex 0.785965 -4.25845 4.7
      vertex 0.312144 -1.56926 4.7
    endloop
  endfacet
  facet normal -0 0 1
    outer loop
      vertex 0.104645 -1.59657 4.7
      vertex 0.785965 -4.25845 4.7
      vertex 0.208841 -1.58631 4.7
    endloop
  endfacet
  facet normal 0 0 1
    outer loop
      vertex 0.785965 -4.25845 4.7
      vertex 0.104645 -1.59657 4.7
      vertex 0.753799 -4.27501 4.7
    endloop
  endfacet
  facet normal -0 0 1
    outer loop
      vertex 0 -1.6 4.7
      vertex 0.753799 -4.27501 4.7
      vertex 0.104645 -1.59657 4.7
    endloop
  endfacet
  facet normal 0 0 1
    outer loop
      vertex 0.753799 -4.27501 4.7
      vertex 0 -1.6 4.7
      vertex 0.610382 -4.34317 4.7
    endloop
  endfacet
  facet normal 0 0 1
    outer loop
      vertex 0.610382 -4.34317 4.7
      vertex 0 -1.6 4.7
      vertex 0.463242 -4.40747 4.7
    endloop
  endfacet
  facet normal 0 0 1
    outer loop
      vertex -0.104645 -1.59657 4.7
      vertex 0.463242 -4.40747 4.7
      vertex 0 -1.6 4.7
    endloop
  endfacet
  facet normal 0 0 1
    outer loop
      vertex 0.463242 -4.40747 4.7
      vertex -0.104645 -1.59657 4.7
      vertex 0.312408 -4.46767 4.7
    endloop
  endfacet
  facet normal 0 0 1
    outer loop
      vertex 0.312408 -4.46767 4.7
      vertex -0.104645 -1.59657 4.7
      vertex 0.157959 -4.52357 4.7
    endloop
  endfacet
  facet normal 0 0 1
    outer loop
      vertex -0.208841 -1.58631 4.7
      vertex 0.157959 -4.52357 4.7
      vertex -0.104645 -1.59657 4.7
    endloop
  endfacet
  facet normal 0 0 1
    outer loop
      vertex 0.157959 -4.52357 4.7
      vertex -0.208841 -1.58631 4.7
      vertex 0 -4.575 4.7
    endloop
  endfacet
  facet normal 0 0 1
    outer loop
      vertex 0 -4.575 4.7
      vertex -0.208841 -1.58631 4.7
      vertex -0.0181885 -4.58026 4.7
    endloop
  endfacet
  facet normal 0 0 1
    outer loop
      vertex -0.312144 -1.56926 4.7
      vertex -0.0181885 -4.58026 4.7
      vertex -0.208841 -1.58631 4.7
    endloop
  endfacet
  facet normal 0 0 1
    outer loop
      vertex -0.41411 -1.54548 4.7
      vertex -0.0181885 -4.58026 4.7
      vertex -0.312144 -1.56926 4.7
    endloop
  endfacet
  facet normal 0 0 1
    outer loop
      vertex -0.0181885 -4.58026 4.7
      vertex -0.41411 -1.54548 4.7
      vertex -1.06277 -4.78033 4.7
    endloop
  endfacet
  facet normal 0 0 1
    outer loop
      vertex -1.06277 -4.78033 4.7
      vertex -0.41411 -1.54548 4.7
      vertex -0.514302 -1.51509 4.7
    endloop
  endfacet
  facet normal 0 0 1
    outer loop
      vertex -0.0181885 -4.58026 4.7
      vertex -1.06277 -4.78033 4.7
      vertex 0.100464 -6.35202 4.7
    endloop
  endfacet
  facet normal 0 0 1
    outer loop
      vertex -1.06277 -4.78033 4.7
      vertex -0.514302 -1.51509 4.7
      vertex -0.612293 -1.47821 4.7
    endloop
  endfacet
  facet normal 0 0 1
    outer loop
      vertex -1.37578 -4.79794 4.7
      vertex -0.612293 -1.47821 4.7
      vertex -0.707662 -1.435 4.7
    endloop
  endfacet
  facet normal 0 0 1
    outer loop
      vertex -1.55927 -4.79897 4.7
      vertex -0.707662 -1.435 4.7
      vertex -0.799999 -1.38564 4.7
    endloop
  endfacet
  facet normal 0 0 1
    outer loop
      vertex -1.93661 -4.78023 4.7
      vertex -0.799999 -1.38564 4.7
      vertex -0.888912 -1.33035 4.7
    endloop
  endfacet
  facet normal 0 0 1
    outer loop
      vertex -1.93661 -4.78023 4.7
      vertex -0.888912 -1.33035 4.7
      vertex -0.974018 -1.26937 4.7
    endloop
  endfacet
  facet normal 0 0 1
    outer loop
      vertex -2.98128 -4.57745 4.7
      vertex -0.974018 -1.26937 4.7
      vertex -1.05495 -1.20294 4.7
    endloop
  endfacet
  facet normal 0 0 1
    outer loop
      vertex 0.100464 -6.35202 4.7
      vertex -1.06277 -4.78033 4.7
      vertex -0.525055 -6.47066 4.7
    endloop
  endfacet
  facet normal 0 0 1
    outer loop
      vertex -3.06949 -4.55072 4.7
      vertex -1.05495 -1.20294 4.7
      vertex -1.13137 -1.13137 4.7
    endloop
  endfacet
  facet normal 0 0 1
    outer loop
      vertex -0.612293 -1.47821 4.7
      vertex -1.19438 -4.79044 4.7
      vertex -1.06277 -4.78033 4.7
    endloop
  endfacet
  facet normal 0 0 1
    outer loop
      vertex -3.44662 -4.41148 4.7
      vertex -1.13137 -1.13137 4.7
      vertex -1.20294 -1.05495 4.7
    endloop
  endfacet
  facet normal 0 0 1
    outer loop
      vertex -3.78363 -4.2561 4.7
      vertex -1.20294 -1.05495 4.7
      vertex -1.26937 -0.974018 4.7
    endloop
  endfacet
  facet normal 0 0 1
    outer loop
      vertex -3.78363 -4.2561 4.7
      vertex -1.26937 -0.974018 4.7
      vertex -1.33035 -0.888912 4.7
    endloop
  endfacet
  facet normal 0 0 1
    outer loop
      vertex -0.612293 -1.47821 4.7
      vertex -1.37578 -4.79794 4.7
      vertex -1.19438 -4.79044 4.7
    endloop
  endfacet
  facet normal 0 0 1
    outer loop
      vertex -4.67918 -3.67676 4.7
      vertex -1.33035 -0.888912 4.7
      vertex -1.38564 -0.799999 4.7
    endloop
  endfacet
  facet normal 0 0 1
    outer loop
      vertex -4.855 -3.52736 4.7
      vertex -1.38564 -0.799999 4.7
      vertex -1.435 -0.707662 4.7
    endloop
  endfacet
  facet normal 0 0 1
    outer loop
      vertex -5.28502 -3.09055 4.7
      vertex -1.435 -0.707662 4.7
      vertex -1.47821 -0.612293 4.7
    endloop
  endfacet
  facet normal 0 0 1
    outer loop
      vertex -5.28502 -3.09055 4.7
      vertex -1.47821 -0.612293 4.7
      vertex -1.51509 -0.514302 4.7
    endloop
  endfacet
  facet normal 0 0 1
    outer loop
      vertex -5.89258 -2.20929 4.7
      vertex -1.51509 -0.514302 4.7
      vertex -1.54548 -0.41411 4.7
    endloop
  endfacet
  facet normal 0 0 1
    outer loop
      vertex -0.707662 -1.435 4.7
      vertex -1.55927 -4.79897 4.7
      vertex -1.37578 -4.79794 4.7
    endloop
  endfacet
  facet normal 0 0 1
    outer loop
      vertex -6.01981 -1.95595 4.7
      vertex -1.54548 -0.41411 4.7
      vertex -1.56926 -0.312144 4.7
    endloop
  endfacet
  facet normal 0 0 1
    outer loop
      vertex -6.21516 -1.45581 4.7
      vertex -1.56926 -0.312144 4.7
      vertex -1.58631 -0.208841 4.7
    endloop
  endfacet
  facet normal 0 0 1
    outer loop
      vertex -6.43144 -0.404922 4.7
      vertex -1.58631 -0.208841 4.7
      vertex -1.59657 -0.104645 4.7
    endloop
  endfacet
  facet normal 0 0 1
    outer loop
      vertex -6.43144 -0.404922 4.7
      vertex -1.59657 -0.104645 4.7
      vertex -1.6 0 4.7
    endloop
  endfacet
  facet normal -0 0 1
    outer loop
      vertex -4.855 3.52736 4.7
      vertex -1.38564 0.799999 4.7
      vertex -4.67918 3.67676 4.7
    endloop
  endfacet
  facet normal 0 0 1
    outer loop
      vertex -0.799999 -1.38564 4.7
      vertex -1.74461 -4.7933 4.7
      vertex -1.55927 -4.79897 4.7
    endloop
  endfacet
  facet normal -0 0 1
    outer loop
      vertex -3.25865 4.48515 4.7
      vertex -1.13137 1.13137 4.7
      vertex -3.06949 4.55072 4.7
    endloop
  endfacet
  facet normal 0 0 1
    outer loop
      vertex -1.38564 0.799999 4.7
      vertex -4.855 3.52736 4.7
      vertex -1.435 0.707662 4.7
    endloop
  endfacet
  facet normal 0 0 1
    outer loop
      vertex -0.799999 -1.38564 4.7
      vertex -1.93661 -4.78023 4.7
      vertex -1.93155 -4.78076 4.7
    endloop
  endfacet
  facet normal 0 0 1
    outer loop
      vertex -0.799999 -1.38564 4.7
      vertex -1.93155 -4.78076 4.7
      vertex -1.74461 -4.7933 4.7
    endloop
  endfacet
  facet normal 0 0 1
    outer loop
      vertex -2.98128 4.57745 4.7
      vertex -1.93661 4.78023 4.7
      vertex -2.47426 6.47075 4.7
    endloop
  endfacet
  facet normal -0 0 1
    outer loop
      vertex -5.01205 3.38068 4.7
      vertex -1.435 0.707662 4.7
      vertex -4.855 3.52736 4.7
    endloop
  endfacet
  facet normal 0 0 1
    outer loop
      vertex -0.974018 -1.26937 4.7
      vertex -2.98128 -4.57745 4.7
      vertex -1.93661 -4.78023 4.7
    endloop
  endfacet
  facet normal 0 -0 1
    outer loop
      vertex -2.98128 4.57745 4.7
      vertex -2.47426 6.47075 4.7
      vertex -3.09995 6.35214 4.7
    endloop
  endfacet
  facet normal 0 0 1
    outer loop
      vertex -6.45 0 4.7
      vertex -1.6 0 4.7
      vertex -6.44453 0.225037 4.7
    endloop
  endfacet
  facet normal 0 0 1
    outer loop
      vertex -1.6 0 4.7
      vertex -6.44453 -0.225037 4.7
      vertex -6.43144 -0.404922 4.7
    endloop
  endfacet
  facet normal 0 0 1
    outer loop
      vertex -1.6 0 4.7
      vertex -6.45 0 4.7
      vertex -6.44453 -0.225037 4.7
    endloop
  endfacet
  facet normal -0 0 1
    outer loop
      vertex -6.21516 1.45581 4.7
      vertex -1.56926 0.312144 4.7
      vertex -6.18706 1.5426 4.7
    endloop
  endfacet
  facet normal 0 0 1
    outer loop
      vertex -1.56926 0.312144 4.7
      vertex -6.21516 1.45581 4.7
      vertex -1.58631 0.208841 4.7
    endloop
  endfacet
  facet normal 0 0 1
    outer loop
      vertex -1.54548 -0.41411 4.7
      vertex -6.01981 -1.95595 4.7
      vertex -5.92212 -2.15547 4.7
    endloop
  endfacet
  facet normal 0 0 1
    outer loop
      vertex -1.54548 -0.41411 4.7
      vertex -5.92212 -2.15547 4.7
      vertex -5.89258 -2.20929 4.7
    endloop
  endfacet
  facet normal -0 0 1
    outer loop
      vertex -6.43144 0.404922 4.7
      vertex -1.58631 0.208841 4.7
      vertex -6.21516 1.45581 4.7
    endloop
  endfacet
  facet normal 0 0 1
    outer loop
      vertex -1.56926 -0.312144 4.7
      vertex -6.10823 -1.7515 4.7
      vertex -6.01981 -1.95595 4.7
    endloop
  endfacet
  facet normal 0 0 1
    outer loop
      vertex -1.58631 0.208841 4.7
      vertex -6.43144 0.404922 4.7
      vertex -1.59657 0.104645 4.7
    endloop
  endfacet
  facet normal 0 0 1
    outer loop
      vertex -1.59657 0.104645 4.7
      vertex -6.43144 0.404922 4.7
      vertex -1.6 0 4.7
    endloop
  endfacet
  facet normal 0 0 1
    outer loop
      vertex -1.56926 -0.312144 4.7
      vertex -6.21516 -1.45581 4.7
      vertex -6.18706 -1.5426 4.7
    endloop
  endfacet
  facet normal 0 0 1
    outer loop
      vertex -1.56926 -0.312144 4.7
      vertex -6.18706 -1.5426 4.7
      vertex -6.10823 -1.7515 4.7
    endloop
  endfacet
  facet normal -0 0 1
    outer loop
      vertex -6.44453 0.225037 4.7
      vertex -1.6 0 4.7
      vertex -6.43144 0.404922 4.7
    endloop
  endfacet
  facet normal 0 0 1
    outer loop
      vertex -8.021 1.61014 4.7
      vertex -6.43144 0.404922 4.7
      vertex -6.21516 1.45581 4.7
    endloop
  endfacet
  facet normal 0 0 1
    outer loop
      vertex -6.43144 0.404922 4.7
      vertex -8.021 1.61014 4.7
      vertex -8.15109 0.986938 4.7
    endloop
  endfacet
  facet normal 0 0 1
    outer loop
      vertex -4.855 3.52736 4.7
      vertex -4.67918 3.67676 4.7
      vertex -4.6926 3.66626 4.7
    endloop
  endfacet
  facet normal -0 0 1
    outer loop
      vertex -5.92212 2.15547 4.7
      vertex -1.54548 0.41411 4.7
      vertex -5.89258 2.20929 4.7
    endloop
  endfacet
  facet normal 0 0 1
    outer loop
      vertex -1.38564 -0.799999 4.7
      vertex -4.855 -3.52736 4.7
      vertex -4.67918 -3.67676 4.7
    endloop
  endfacet
  facet normal 0 0 1
    outer loop
      vertex -4.67918 -3.67676 4.7
      vertex -4.855 -3.52736 4.7
      vertex -4.6926 -3.66626 4.7
    endloop
  endfacet
  facet normal -0 0 1
    outer loop
      vertex -6.01981 1.95595 4.7
      vertex -1.54548 0.41411 4.7
      vertex -5.92212 2.15547 4.7
    endloop
  endfacet
  facet normal 0 0 1
    outer loop
      vertex -1.435 -0.707662 4.7
      vertex -5.01205 -3.38068 4.7
      vertex -4.855 -3.52736 4.7
    endloop
  endfacet
  facet normal 0 0 1
    outer loop
      vertex -1.54548 0.41411 4.7
      vertex -6.01981 1.95595 4.7
      vertex -1.56926 0.312144 4.7
    endloop
  endfacet
  facet normal 0 0 1
    outer loop
      vertex -1.435 -0.707662 4.7
      vertex -5.16328 -3.22636 4.7
      vertex -5.01205 -3.38068 4.7
    endloop
  endfacet
  facet normal -0 0 1
    outer loop
      vertex -6.10823 1.7515 4.7
      vertex -1.56926 0.312144 4.7
      vertex -6.01981 1.95595 4.7
    endloop
  endfacet
  facet normal 0 0 1
    outer loop
      vertex -1.435 -0.707662 4.7
      vertex -5.28502 -3.09055 4.7
      vertex -5.16328 -3.22636 4.7
    endloop
  endfacet
  facet normal -0 0 1
    outer loop
      vertex -6.18706 1.5426 4.7
      vertex -1.56926 0.312144 4.7
      vertex -6.10823 1.7515 4.7
    endloop
  endfacet
  facet normal 0 0 1
    outer loop
      vertex -6.87114 3.93854 4.7
      vertex -5.89258 2.20929 4.7
      vertex -5.28502 3.09055 4.7
    endloop
  endfacet
  facet normal 0 0 1
    outer loop
      vertex -5.89258 2.20929 4.7
      vertex -6.87114 3.93854 4.7
      vertex -7.23669 3.41722 4.7
    endloop
  endfacet
  facet normal -0 0 1
    outer loop
      vertex -5.16328 3.22636 4.7
      vertex -1.435 0.707662 4.7
      vertex -5.01205 3.38068 4.7
    endloop
  endfacet
  facet normal 0 0 1
    outer loop
      vertex -1.05495 -1.20294 4.7
      vertex -3.06949 -4.55072 4.7
      vertex -2.98128 -4.57745 4.7
    endloop
  endfacet
  facet normal -0 0 1
    outer loop
      vertex -5.28502 3.09055 4.7
      vertex -1.435 0.707662 4.7
      vertex -5.16328 3.22636 4.7
    endloop
  endfacet
  facet normal 0 0 1
    outer loop
      vertex -1.13137 -1.13137 4.7
      vertex -3.25865 -4.48515 4.7
      vertex -3.06949 -4.55072 4.7
    endloop
  endfacet
  facet normal 0 0 1
    outer loop
      vertex -1.435 0.707662 4.7
      vertex -5.28502 3.09055 4.7
      vertex -1.47821 0.612293 4.7
    endloop
  endfacet
  facet normal 0 0 1
    outer loop
      vertex -1.13137 -1.13137 4.7
      vertex -3.44662 -4.41148 4.7
      vertex -3.25865 -4.48515 4.7
    endloop
  endfacet
  facet normal 0 0 1
    outer loop
      vertex -1.47821 0.612293 4.7
      vertex -5.28502 3.09055 4.7
      vertex -1.51509 0.514302 4.7
    endloop
  endfacet
  facet normal 0 0 1
    outer loop
      vertex -1.20294 -1.05495 4.7
      vertex -3.63303 -4.32967 4.7
      vertex -3.44662 -4.41148 4.7
    endloop
  endfacet
  facet normal -0 0 1
    outer loop
      vertex -5.89258 2.20929 4.7
      vertex -1.51509 0.514302 4.7
      vertex -5.28502 3.09055 4.7
    endloop
  endfacet
  facet normal 0 0 1
    outer loop
      vertex -1.20294 -1.05495 4.7
      vertex -3.78363 -4.2561 4.7
      vertex -3.63303 -4.32967 4.7
    endloop
  endfacet
  facet normal 0 0 1
    outer loop
      vertex -1.51509 0.514302 4.7
      vertex -5.89258 2.20929 4.7
      vertex -1.54548 0.41411 4.7
    endloop
  endfacet
  facet normal 0 0 1
    outer loop
      vertex -4.91557 5.63435 4.7
      vertex -4.67918 3.67676 4.7
      vertex -3.78363 4.2561 4.7
    endloop
  endfacet
  facet normal 0 0 1
    outer loop
      vertex -4.67918 3.67676 4.7
      vertex -4.91557 5.63435 4.7
      vertex -5.45262 5.29237 4.7
    endloop
  endfacet
  facet normal 0 0 1
    outer loop
      vertex -1.93661 -4.78023 4.7
      vertex -2.98128 -4.57745 4.7
      vertex -2.47426 -6.47075 4.7
    endloop
  endfacet
  facet normal 0 0 1
    outer loop
      vertex -2.47426 -6.47075 4.7
      vertex -2.98128 -4.57745 4.7
      vertex -3.09995 -6.35214 4.7
    endloop
  endfacet
  facet normal 0 0 1
    outer loop
      vertex -1.33035 -0.888912 4.7
      vertex -4.67918 -3.67676 4.7
      vertex -3.78363 -4.2561 4.7
    endloop
  endfacet
  facet normal 0 0 1
    outer loop
      vertex -4.67918 -3.67676 4.7
      vertex -4.91557 -5.63435 4.7
      vertex -3.78363 -4.2561 4.7
    endloop
  endfacet
  facet normal 0 -0 1
    outer loop
      vertex -4.91557 -5.63435 4.7
      vertex -4.67918 -3.67676 4.7
      vertex -5.45262 -5.29237 4.7
    endloop
  endfacet
  facet normal 0 0 1
    outer loop
      vertex -1.51509 -0.514302 4.7
      vertex -5.89258 -2.20929 4.7
      vertex -5.28502 -3.09055 4.7
    endloop
  endfacet
  facet normal 0 0 1
    outer loop
      vertex -5.89258 -2.20929 4.7
      vertex -6.87114 -3.93854 4.7
      vertex -5.28502 -3.09055 4.7
    endloop
  endfacet
  facet normal 0 -0 1
    outer loop
      vertex -6.87114 -3.93854 4.7
      vertex -5.89258 -2.20929 4.7
      vertex -7.23669 -3.41722 4.7
    endloop
  endfacet
  facet normal 0 0 1
    outer loop
      vertex -1.58631 -0.208841 4.7
      vertex -6.43144 -0.404922 4.7
      vertex -6.21516 -1.45581 4.7
    endloop
  endfacet
  facet normal 0 0 1
    outer loop
      vertex -6.43144 -0.404922 4.7
      vertex -8.021 -1.61014 4.7
      vertex -6.21516 -1.45581 4.7
    endloop
  endfacet
  facet normal 0 -0 1
    outer loop
      vertex -8.021 -1.61014 4.7
      vertex -6.43144 -0.404922 4.7
      vertex -8.15109 -0.986938 4.7
    endloop
  endfacet
  facet normal -0.849211 -0.528053 0
    outer loop
      vertex -2.70228 -1.8056 2.2
      vertex -2.81458 -1.625 2.5
      vertex -2.81458 -1.625 2.2
    endloop
  endfacet
  facet normal -0.849211 -0.528053 0
    outer loop
      vertex -2.81458 -1.625 2.5
      vertex -2.70228 -1.8056 2.2
      vertex -2.70228 -1.8056 2.5
    endloop
  endfacet
  facet normal -0.881907 -0.471423 0
    outer loop
      vertex -2.81458 -1.625 2.2
      vertex -2.91484 -1.43744 2.5
      vertex -2.91484 -1.43744 2.2
    endloop
  endfacet
  facet normal -0.881907 -0.471423 0
    outer loop
      vertex -2.91484 -1.43744 2.5
      vertex -2.81458 -1.625 2.2
      vertex -2.81458 -1.625 2.5
    endloop
  endfacet
  facet normal 0.352236 -0.935911 0
    outer loop
      vertex 1.04468 -3.07752 2.2
      vertex 1.24372 -3.00261 2.5
      vertex 1.04468 -3.07752 2.5
    endloop
  endfacet
  facet normal 0.352236 -0.935911 0
    outer loop
      vertex 1.24372 -3.00261 2.5
      vertex 1.04468 -3.07752 2.2
      vertex 1.24372 -3.00261 2.2
    endloop
  endfacet
  facet normal 0.2903 -0.956936 0
    outer loop
      vertex 0.841162 -3.13926 2.2
      vertex 1.04468 -3.07752 2.5
      vertex 0.841162 -3.13926 2.5
    endloop
  endfacet
  facet normal 0.2903 -0.956936 0
    outer loop
      vertex 1.04468 -3.07752 2.5
      vertex 0.841162 -3.13926 2.2
      vertex 1.04468 -3.07752 2.2
    endloop
  endfacet
  facet normal -0.471423 -0.881907 0
    outer loop
      vertex -1.625 -2.81458 2.2
      vertex -1.43744 -2.91484 2.5
      vertex -1.625 -2.81458 2.5
    endloop
  endfacet
  facet normal -0.471423 -0.881907 -0
    outer loop
      vertex -1.43744 -2.91484 2.5
      vertex -1.625 -2.81458 2.2
      vertex -1.43744 -2.91484 2.2
    endloop
  endfacet
  facet normal 0 0 1
    outer loop
      vertex 0.78693 5.95585 2.2
      vertex 2.29641 5.55138 2.2
      vertex 2.28914 5.84789 2.2
    endloop
  endfacet
  facet normal 0 0 1
    outer loop
      vertex 2.29641 5.55138 2.2
      vertex 0.78693 5.95585 2.2
      vertex 2.27592 5.34051 2.2
    endloop
  endfacet
  facet normal -0 0 1
    outer loop
      vertex 0.699248 5.76298 2.2
      vertex 2.27592 5.34051 2.2
      vertex 0.78693 5.95585 2.2
    endloop
  endfacet
  facet normal -0 0 1
    outer loop
      vertex 0.941478 6.20899 2.2
      vertex 2.28914 5.84789 2.2
      vertex 2.23347 6.22513 2.2
    endloop
  endfacet
  facet normal -0 0 1
    outer loop
      vertex 1.17832 6.50786 2.2
      vertex 2.23347 6.22513 2.2
      vertex 2.1097 6.67449 2.2
    endloop
  endfacet
  facet normal 0 0 1
    outer loop
      vertex 0.941478 6.20899 2.2
      vertex 2.23347 6.22513 2.2
      vertex 1.17832 6.50786 2.2
    endloop
  endfacet
  facet normal 0 0 1
    outer loop
      vertex 2.37499 4.11361 2.2
      vertex 1.625 2.81458 2.2
      vertex 1.8056 2.70228 2.2
    endloop
  endfacet
  facet normal 0 0 1
    outer loop
      vertex 2.27592 5.34051 2.2
      vertex 0.699248 5.76298 2.2
      vertex 2.24857 5.21638 2.2
    endloop
  endfacet
  facet normal 0 0 1
    outer loop
      vertex 1.17832 6.50786 2.2
      vertex 2.1097 6.67449 2.2
      vertex 1.51018 6.83513 2.2
    endloop
  endfacet
  facet normal -0 0 1
    outer loop
      vertex 0.78693 5.95585 2.2
      vertex 2.28914 5.84789 2.2
      vertex 0.941478 6.20899 2.2
    endloop
  endfacet
  facet normal 0 -0 1
    outer loop
      vertex 0.841162 3.13926 2.2
      vertex 1.88223 4.35919 2.2
      vertex 0.549538 4.7163 2.2
    endloop
  endfacet
  facet normal 0 0 1
    outer loop
      vertex 2.10086 4.26013 2.2
      vertex 1.43744 2.91484 2.2
      vertex 1.625 2.81458 2.2
    endloop
  endfacet
  facet normal 0 0 1
    outer loop
      vertex 1.88223 4.35919 2.2
      vertex 1.24372 3.00261 2.2
      vertex 1.43744 2.91484 2.2
    endloop
  endfacet
  facet normal 0 0 1
    outer loop
      vertex 2.24857 5.21638 2.2
      vertex 0.699248 5.76298 2.2
      vertex 2.23501 5.17623 2.2
    endloop
  endfacet
  facet normal 0 0 1
    outer loop
      vertex 1.88223 4.35919 2.2
      vertex 1.04468 3.07752 2.2
      vertex 1.24372 3.00261 2.2
    endloop
  endfacet
  facet normal -0 0 1
    outer loop
      vertex 0.652525 5.60025 2.2
      vertex 2.23501 5.17623 2.2
      vertex 0.699248 5.76298 2.2
    endloop
  endfacet
  facet normal 0 0 1
    outer loop
      vertex 2.23501 5.17623 2.2
      vertex 0.652525 5.60025 2.2
      vertex 1.88223 4.35919 2.2
    endloop
  endfacet
  facet normal 0 0 1
    outer loop
      vertex 0.652525 5.60025 2.2
      vertex 0.699248 5.76298 2.2
      vertex 0.660869 5.6418 2.2
    endloop
  endfacet
  facet normal 0 0 1
    outer loop
      vertex 1.88223 4.35919 2.2
      vertex 0.652525 5.60025 2.2
      vertex 0.549538 4.7163 2.2
    endloop
  endfacet
  facet normal 0 0 1
    outer loop
      vertex 1.88223 4.35919 2.2
      vertex 0.841162 3.13926 2.2
      vertex 1.04468 3.07752 2.2
    endloop
  endfacet
  facet normal 0 0 1
    outer loop
      vertex 0.841162 3.13926 2.2
      vertex 0.549538 4.7163 2.2
      vertex 0.634043 3.18755 2.2
    endloop
  endfacet
  facet normal 0 0 1
    outer loop
      vertex 0.549538 4.7163 2.2
      vertex 0.42421 3.2222 2.2
      vertex 0.634043 3.18755 2.2
    endloop
  endfacet
  facet normal 0 0 1
    outer loop
      vertex 0.21256 3.24304 2.2
      vertex 0.549538 4.7163 2.2
      vertex 0.310655 4.73982 2.2
    endloop
  endfacet
  facet normal 0 0 1
    outer loop
      vertex 0.549538 4.7163 2.2
      vertex 0.21256 3.24304 2.2
      vertex 0.42421 3.2222 2.2
    endloop
  endfacet
  facet normal 0 0 1
    outer loop
      vertex 0.310655 4.73982 2.2
      vertex 0 3.25 2.2
      vertex 0.21256 3.24304 2.2
    endloop
  endfacet
  facet normal 0 0 1
    outer loop
      vertex -9.53674e-07 4.74999 2.2
      vertex 0 3.25 2.2
      vertex 0.310655 4.73982 2.2
    endloop
  endfacet
  facet normal 0 0 1
    outer loop
      vertex -9.53674e-07 4.74999 2.2
      vertex -0.21256 3.24304 2.2
      vertex 0 3.25 2.2
    endloop
  endfacet
  facet normal -0 0 1
    outer loop
      vertex -0.310675 4.73982 2.2
      vertex -0.21256 3.24304 2.2
      vertex -9.53674e-07 4.74999 2.2
    endloop
  endfacet
  facet normal -0 0 1
    outer loop
      vertex -0.54954 4.71629 2.2
      vertex -0.21256 3.24304 2.2
      vertex -0.310675 4.73982 2.2
    endloop
  endfacet
  facet normal 0 0 1
    outer loop
      vertex -0.21256 3.24304 2.2
      vertex -0.54954 4.71629 2.2
      vertex -0.42421 3.2222 2.2
    endloop
  endfacet
  facet normal 0 0 1
    outer loop
      vertex -0.54954 4.71629 2.2
      vertex -0.634043 3.18755 2.2
      vertex -0.42421 3.2222 2.2
    endloop
  endfacet
  facet normal 0 0 1
    outer loop
      vertex -1.88223 4.35919 2.2
      vertex -0.54954 4.71629 2.2
      vertex -0.652535 5.60026 2.2
    endloop
  endfacet
  facet normal 0 0 1
    outer loop
      vertex -2.23502 5.17623 2.2
      vertex -0.652535 5.60026 2.2
      vertex -0.660873 5.64181 2.2
    endloop
  endfacet
  facet normal 0 0 1
    outer loop
      vertex -2.23502 5.17623 2.2
      vertex -0.660873 5.64181 2.2
      vertex -0.699252 5.76299 2.2
    endloop
  endfacet
  facet normal 0 0 1
    outer loop
      vertex -2.27593 5.34052 2.2
      vertex -0.699252 5.76299 2.2
      vertex -0.786931 5.95586 2.2
    endloop
  endfacet
  facet normal 0 -0 1
    outer loop
      vertex -0.841162 3.13926 2.2
      vertex -0.54954 4.71629 2.2
      vertex -1.88223 4.35919 2.2
    endloop
  endfacet
  facet normal 0 0 1
    outer loop
      vertex -2.29643 5.55139 2.2
      vertex -0.786931 5.95586 2.2
      vertex -0.941485 6.209 2.2
    endloop
  endfacet
  facet normal 0 0 1
    outer loop
      vertex -0.54954 4.71629 2.2
      vertex -0.841162 3.13926 2.2
      vertex -0.634043 3.18755 2.2
    endloop
  endfacet
  facet normal 0 0 1
    outer loop
      vertex -2.28915 5.84789 2.2
      vertex -0.941485 6.209 2.2
      vertex -1.17832 6.50787 2.2
    endloop
  endfacet
  facet normal 0 0 1
    outer loop
      vertex -0.841162 3.13926 2.2
      vertex -1.88223 4.35919 2.2
      vertex -1.04468 3.07752 2.2
    endloop
  endfacet
  facet normal 0 0 1
    outer loop
      vertex -1.04468 3.07752 2.2
      vertex -1.88223 4.35919 2.2
      vertex -1.24372 3.00261 2.2
    endloop
  endfacet
  facet normal 0 0 1
    outer loop
      vertex -2.23348 6.22514 2.2
      vertex -1.17832 6.50787 2.2
      vertex -1.51019 6.83514 2.2
    endloop
  endfacet
  facet normal 0 0 1
    outer loop
      vertex -1.24372 3.00261 2.2
      vertex -1.88223 4.35919 2.2
      vertex -1.43744 2.91484 2.2
    endloop
  endfacet
  facet normal -0 0 1
    outer loop
      vertex -2.10086 4.26014 2.2
      vertex -1.43744 2.91484 2.2
      vertex -1.88223 4.35919 2.2
    endloop
  endfacet
  facet normal 0 0 1
    outer loop
      vertex -1.43744 2.91484 2.2
      vertex -2.10086 4.26014 2.2
      vertex -1.625 2.81458 2.2
    endloop
  endfacet
  facet normal 0 0 1
    outer loop
      vertex -2.23348 6.22514 2.2
      vertex -1.51019 6.83514 2.2
      vertex -2.10971 6.6745 2.2
    endloop
  endfacet
  facet normal 0 0 1
    outer loop
      vertex -1.17832 6.50787 2.2
      vertex -2.23348 6.22514 2.2
      vertex -2.28915 5.84789 2.2
    endloop
  endfacet
  facet normal 0 0 1
    outer loop
      vertex -0.652535 5.60026 2.2
      vertex -2.23502 5.17623 2.2
      vertex -1.88223 4.35919 2.2
    endloop
  endfacet
  facet normal 0 0 1
    outer loop
      vertex -0.941485 6.209 2.2
      vertex -2.28915 5.84789 2.2
      vertex -2.29643 5.55139 2.2
    endloop
  endfacet
  facet normal 0 0 1
    outer loop
      vertex -0.786931 5.95586 2.2
      vertex -2.29643 5.55139 2.2
      vertex -2.27593 5.34052 2.2
    endloop
  endfacet
  facet normal 0 0 1
    outer loop
      vertex -0.699252 5.76299 2.2
      vertex -2.27593 5.34052 2.2
      vertex -2.23502 5.17623 2.2
    endloop
  endfacet
  facet normal 0 0 1
    outer loop
      vertex -2.23502 5.17623 2.2
      vertex -2.27593 5.34052 2.2
      vertex -2.24857 5.21639 2.2
    endloop
  endfacet
  facet normal -0 0 1
    outer loop
      vertex 3.2222 -0.42421 2.2
      vertex 3.80965 -2.83405 2.2
      vertex 3.24304 -0.21256 2.2
    endloop
  endfacet
  facet normal -0 0 1
    outer loop
      vertex 3.18755 -0.634043 2.2
      vertex 3.80965 -2.83405 2.2
      vertex 3.2222 -0.42421 2.2
    endloop
  endfacet
  facet normal -0 0 1
    outer loop
      vertex 3.13926 -0.841162 2.2
      vertex 3.80965 -2.83405 2.2
      vertex 3.18755 -0.634043 2.2
    endloop
  endfacet
  facet normal -0 0 1
    outer loop
      vertex 3.07752 -1.04468 2.2
      vertex 3.80965 -2.83405 2.2
      vertex 3.13926 -0.841162 2.2
    endloop
  endfacet
  facet normal -0 0 1
    outer loop
      vertex 3.00261 -1.24372 2.2
      vertex 3.80965 -2.83405 2.2
      vertex 3.07752 -1.04468 2.2
    endloop
  endfacet
  facet normal -0 0 1
    outer loop
      vertex 2.91484 -1.43744 2.2
      vertex 3.80965 -2.83405 2.2
      vertex 3.00261 -1.24372 2.2
    endloop
  endfacet
  facet normal -0 0 1
    outer loop
      vertex 2.81458 -1.625 2.2
      vertex 3.80965 -2.83405 2.2
      vertex 2.91484 -1.43744 2.2
    endloop
  endfacet
  facet normal 0 0 1
    outer loop
      vertex 3.80965 -2.83405 2.2
      vertex 2.83406 -3.80966 2.2
      vertex 3.36523 -4.52369 2.2
    endloop
  endfacet
  facet normal -0 0 1
    outer loop
      vertex 2.70228 -1.8056 2.2
      vertex 3.80965 -2.83405 2.2
      vertex 2.81458 -1.625 2.2
    endloop
  endfacet
  facet normal -0 0 1
    outer loop
      vertex 2.5784 -1.97847 2.2
      vertex 3.80965 -2.83405 2.2
      vertex 2.70228 -1.8056 2.2
    endloop
  endfacet
  facet normal -0 0 1
    outer loop
      vertex 2.44348 -2.14287 2.2
      vertex 3.80965 -2.83405 2.2
      vertex 2.5784 -1.97847 2.2
    endloop
  endfacet
  facet normal -0 0 1
    outer loop
      vertex 2.2981 -2.2981 2.2
      vertex 3.80965 -2.83405 2.2
      vertex 2.44348 -2.14287 2.2
    endloop
  endfacet
  facet normal 0 0 1
    outer loop
      vertex 3.80965 -2.83405 2.2
      vertex 2.2981 -2.2981 2.2
      vertex 2.83406 -3.80966 2.2
    endloop
  endfacet
  facet normal -0 0 1
    outer loop
      vertex 2.14287 -2.44348 2.2
      vertex 2.83406 -3.80966 2.2
      vertex 2.2981 -2.2981 2.2
    endloop
  endfacet
  facet normal -0 0 1
    outer loop
      vertex 1.97847 -2.5784 2.2
      vertex 2.83406 -3.80966 2.2
      vertex 2.14287 -2.44348 2.2
    endloop
  endfacet
  facet normal -0 0 1
    outer loop
      vertex 1.8056 -2.70228 2.2
      vertex 2.83406 -3.80966 2.2
      vertex 1.97847 -2.5784 2.2
    endloop
  endfacet
  facet normal 0 0 1
    outer loop
      vertex 2.83406 -3.80966 2.2
      vertex 1.8056 -2.70228 2.2
      vertex 2.63894 -3.94948 2.2
    endloop
  endfacet
  facet normal 0 0 1
    outer loop
      vertex 2.63894 -3.94948 2.2
      vertex 1.8056 -2.70228 2.2
      vertex 2.37499 -4.11361 2.2
    endloop
  endfacet
  facet normal -0 0 1
    outer loop
      vertex 1.625 -2.81458 2.2
      vertex 2.37499 -4.11361 2.2
      vertex 1.8056 -2.70228 2.2
    endloop
  endfacet
  facet normal 0 0 1
    outer loop
      vertex 2.37499 -4.11361 2.2
      vertex 1.625 -2.81458 2.2
      vertex 2.10086 -4.26014 2.2
    endloop
  endfacet
  facet normal 0 0 1
    outer loop
      vertex 4.27439 5.04681 2.2
      vertex 5.04681 4.27438 2.2
      vertex 5.16431 4.72542 2.2
    endloop
  endfacet
  facet normal 0 0 1
    outer loop
      vertex 5.04681 4.27438 2.2
      vertex 4.27439 5.04681 2.2
      vertex 4.90641 3.91984 2.2
    endloop
  endfacet
  facet normal -0 0 1
    outer loop
      vertex 4.27439 5.04681 2.2
      vertex 5.16431 4.72542 2.2
      vertex 4.72543 5.1643 2.2
    endloop
  endfacet
  facet normal -0 0 1
    outer loop
      vertex 3.91985 4.9064 2.2
      vertex 4.90641 3.91984 2.2
      vertex 4.27439 5.04681 2.2
    endloop
  endfacet
  facet normal 0 0 1
    outer loop
      vertex 4.90641 3.91984 2.2
      vertex 3.91985 4.9064 2.2
      vertex 4.76445 3.65943 2.2
    endloop
  endfacet
  facet normal -0 0 1
    outer loop
      vertex 3.65943 4.76444 2.2
      vertex 4.76445 3.65943 2.2
      vertex 3.91985 4.9064 2.2
    endloop
  endfacet
  facet normal 0 0 1
    outer loop
      vertex 4.76445 3.65943 2.2
      vertex 3.65943 4.76444 2.2
      vertex 4.64126 3.48706 2.2
    endloop
  endfacet
  facet normal -0 0 1
    outer loop
      vertex 3.48706 4.64126 2.2
      vertex 4.64126 3.48706 2.2
      vertex 3.65943 4.76444 2.2
    endloop
  endfacet
  facet normal 0 0 1
    outer loop
      vertex 4.64126 3.48706 2.2
      vertex 3.48706 4.64126 2.2
      vertex 4.55551 3.39323 2.2
    endloop
  endfacet
  facet normal -0 0 1
    outer loop
      vertex 3.36524 4.52369 2.2
      vertex 4.52369 3.36523 2.2
      vertex 3.48706 4.64126 2.2
    endloop
  endfacet
  facet normal 0 0 1
    outer loop
      vertex 4.55551 3.39323 2.2
      vertex 3.48706 4.64126 2.2
      vertex 4.52369 3.36523 2.2
    endloop
  endfacet
  facet normal 0 0 1
    outer loop
      vertex 6.6745 2.10971 2.2
      vertex 6.50787 1.17832 2.2
      vertex 6.83514 1.51019 2.2
    endloop
  endfacet
  facet normal 0 0 1
    outer loop
      vertex 6.22514 2.23348 2.2
      vertex 6.50787 1.17832 2.2
      vertex 6.6745 2.10971 2.2
    endloop
  endfacet
  facet normal 0 0 1
    outer loop
      vertex 6.22514 2.23348 2.2
      vertex 6.209 0.941485 2.2
      vertex 6.50787 1.17832 2.2
    endloop
  endfacet
  facet normal 0 0 1
    outer loop
      vertex 5.84789 2.28915 2.2
      vertex 6.209 0.941485 2.2
      vertex 6.22514 2.23348 2.2
    endloop
  endfacet
  facet normal 0 0 1
    outer loop
      vertex 6.209 0.941485 2.2
      vertex 5.84789 2.28915 2.2
      vertex 5.95586 0.786931 2.2
    endloop
  endfacet
  facet normal 0 0 1
    outer loop
      vertex 5.55139 2.29643 2.2
      vertex 5.95586 0.786931 2.2
      vertex 5.84789 2.28915 2.2
    endloop
  endfacet
  facet normal 0 0 1
    outer loop
      vertex 5.95586 0.786931 2.2
      vertex 5.55139 2.29643 2.2
      vertex 5.76299 0.699252 2.2
    endloop
  endfacet
  facet normal -0 0 1
    outer loop
      vertex 5.34052 2.27593 2.2
      vertex 5.76299 0.699252 2.2
      vertex 5.55139 2.29643 2.2
    endloop
  endfacet
  facet normal 0 0 1
    outer loop
      vertex 5.76299 0.699252 2.2
      vertex 5.34052 2.27593 2.2
      vertex 5.64181 0.660873 2.2
    endloop
  endfacet
  facet normal 0 0 1
    outer loop
      vertex 5.64181 0.660873 2.2
      vertex 5.34052 2.27593 2.2
      vertex 5.60026 0.652535 2.2
    endloop
  endfacet
  facet normal -0 0 1
    outer loop
      vertex 5.21639 2.24857 2.2
      vertex 5.60026 0.652535 2.2
      vertex 5.34052 2.27593 2.2
    endloop
  endfacet
  facet normal -0 0 1
    outer loop
      vertex 5.17623 2.23502 2.2
      vertex 5.60026 0.652535 2.2
      vertex 5.21639 2.24857 2.2
    endloop
  endfacet
  facet normal 0 0 1
    outer loop
      vertex 5.17623 2.23502 2.2
      vertex 4.71629 0.54954 2.2
      vertex 5.60026 0.652535 2.2
    endloop
  endfacet
  facet normal 0 -0 1
    outer loop
      vertex 4.71629 0.54954 2.2
      vertex 5.17623 2.23502 2.2
      vertex 4.35919 1.88223 2.2
    endloop
  endfacet
  facet normal 0 0 1
    outer loop
      vertex 4.73982 0.310675 2.2
      vertex 4.73982 -0.310655 2.2
      vertex 4.74999 9.53674e-07 2.2
    endloop
  endfacet
  facet normal 0 0 1
    outer loop
      vertex 4.73982 0.310675 2.2
      vertex 4.7163 -0.549538 2.2
      vertex 4.73982 -0.310655 2.2
    endloop
  endfacet
  facet normal 0 -0 1
    outer loop
      vertex 4.7163 -0.549538 2.2
      vertex 4.73982 0.310675 2.2
      vertex 4.71629 0.54954 2.2
    endloop
  endfacet
  facet normal 0 0 1
    outer loop
      vertex 6.50786 -1.17832 2.2
      vertex 6.67449 -2.1097 2.2
      vertex 6.83513 -1.51018 2.2
    endloop
  endfacet
  facet normal 0 0 1
    outer loop
      vertex 6.50786 -1.17832 2.2
      vertex 6.22513 -2.23347 2.2
      vertex 6.67449 -2.1097 2.2
    endloop
  endfacet
  facet normal 0 0 1
    outer loop
      vertex 6.20899 -0.941478 2.2
      vertex 6.22513 -2.23347 2.2
      vertex 6.50786 -1.17832 2.2
    endloop
  endfacet
  facet normal 0 0 1
    outer loop
      vertex 5.84789 -2.28914 2.2
      vertex 6.20899 -0.941478 2.2
      vertex 5.95585 -0.78693 2.2
    endloop
  endfacet
  facet normal 0 0 1
    outer loop
      vertex 6.20899 -0.941478 2.2
      vertex 5.84789 -2.28914 2.2
      vertex 6.22513 -2.23347 2.2
    endloop
  endfacet
  facet normal 0 0 1
    outer loop
      vertex 5.55138 -2.29641 2.2
      vertex 5.95585 -0.78693 2.2
      vertex 5.76298 -0.699248 2.2
    endloop
  endfacet
  facet normal 0 0 1
    outer loop
      vertex 5.34051 -2.27592 2.2
      vertex 5.76298 -0.699248 2.2
      vertex 5.6418 -0.660869 2.2
    endloop
  endfacet
  facet normal 0 0 1
    outer loop
      vertex 5.34051 -2.27592 2.2
      vertex 5.6418 -0.660869 2.2
      vertex 5.60025 -0.652525 2.2
    endloop
  endfacet
  facet normal 0 0 1
    outer loop
      vertex 5.95585 -0.78693 2.2
      vertex 5.55138 -2.29641 2.2
      vertex 5.84789 -2.28914 2.2
    endloop
  endfacet
  facet normal 0 0 1
    outer loop
      vertex 5.76298 -0.699248 2.2
      vertex 5.34051 -2.27592 2.2
      vertex 5.55138 -2.29641 2.2
    endloop
  endfacet
  facet normal 0 0 1
    outer loop
      vertex 5.60025 -0.652525 2.2
      vertex 5.21638 -2.24857 2.2
      vertex 5.34051 -2.27592 2.2
    endloop
  endfacet
  facet normal 0 0 1
    outer loop
      vertex 5.60025 -0.652525 2.2
      vertex 5.17623 -2.23501 2.2
      vertex 5.21638 -2.24857 2.2
    endloop
  endfacet
  facet normal 0 0 1
    outer loop
      vertex 4.7163 -0.549538 2.2
      vertex 5.17623 -2.23501 2.2
      vertex 5.60025 -0.652525 2.2
    endloop
  endfacet
  facet normal 0 0 1
    outer loop
      vertex 4.35919 1.88223 2.2
      vertex 4.7163 -0.549538 2.2
      vertex 4.71629 0.54954 2.2
    endloop
  endfacet
  facet normal 0 0 1
    outer loop
      vertex 4.7163 -0.549538 2.2
      vertex 4.35919 -1.88223 2.2
      vertex 5.17623 -2.23501 2.2
    endloop
  endfacet
  facet normal 0 0 1
    outer loop
      vertex 4.35919 1.88223 2.2
      vertex 4.35919 -1.88223 2.2
      vertex 4.7163 -0.549538 2.2
    endloop
  endfacet
  facet normal 0 0 1
    outer loop
      vertex 4.26014 2.10086 2.2
      vertex 4.35919 -1.88223 2.2
      vertex 4.35919 1.88223 2.2
    endloop
  endfacet
  facet normal 0 0 1
    outer loop
      vertex 4.26014 2.10086 2.2
      vertex 4.26013 -2.10086 2.2
      vertex 4.35919 -1.88223 2.2
    endloop
  endfacet
  facet normal 0 0 1
    outer loop
      vertex 4.26014 2.10086 2.2
      vertex 4.11361 -2.37499 2.2
      vertex 4.26013 -2.10086 2.2
    endloop
  endfacet
  facet normal 0 0 1
    outer loop
      vertex 4.11361 2.37499 2.2
      vertex 4.11361 -2.37499 2.2
      vertex 4.26014 2.10086 2.2
    endloop
  endfacet
  facet normal 0 0 1
    outer loop
      vertex 3.94948 2.63894 2.2
      vertex 4.11361 -2.37499 2.2
      vertex 4.11361 2.37499 2.2
    endloop
  endfacet
  facet normal 0 0 1
    outer loop
      vertex 3.94948 2.63894 2.2
      vertex 3.94947 -2.63895 2.2
      vertex 4.11361 -2.37499 2.2
    endloop
  endfacet
  facet normal 0 0 1
    outer loop
      vertex 3.80966 2.83406 2.2
      vertex 3.94947 -2.63895 2.2
      vertex 3.94948 2.63894 2.2
    endloop
  endfacet
  facet normal 0 0 1
    outer loop
      vertex 3.94947 -2.63895 2.2
      vertex 3.80966 2.83406 2.2
      vertex 3.80965 -2.83405 2.2
    endloop
  endfacet
  facet normal 0 0 1
    outer loop
      vertex 4.27438 -5.04681 2.2
      vertex 5.04681 -4.27439 2.2
      vertex 4.9064 -3.91985 2.2
    endloop
  endfacet
  facet normal 0 0 1
    outer loop
      vertex 3.91984 -4.90641 2.2
      vertex 4.9064 -3.91985 2.2
      vertex 4.76444 -3.65943 2.2
    endloop
  endfacet
  facet normal 0 0 1
    outer loop
      vertex 5.04681 -4.27439 2.2
      vertex 4.27438 -5.04681 2.2
      vertex 5.1643 -4.72543 2.2
    endloop
  endfacet
  facet normal 0 0 1
    outer loop
      vertex 3.65943 -4.76445 2.2
      vertex 4.76444 -3.65943 2.2
      vertex 4.64126 -3.48706 2.2
    endloop
  endfacet
  facet normal 0 0 1
    outer loop
      vertex 3.48706 -4.64126 2.2
      vertex 4.64126 -3.48706 2.2
      vertex 4.55551 -3.39323 2.2
    endloop
  endfacet
  facet normal 0 0 1
    outer loop
      vertex 3.48706 -4.64126 2.2
      vertex 4.55551 -3.39323 2.2
      vertex 4.52369 -3.36524 2.2
    endloop
  endfacet
  facet normal 0 0 1
    outer loop
      vertex 5.1643 -4.72543 2.2
      vertex 4.27438 -5.04681 2.2
      vertex 4.72542 -5.16431 2.2
    endloop
  endfacet
  facet normal 0 0 1
    outer loop
      vertex 4.9064 -3.91985 2.2
      vertex 3.91984 -4.90641 2.2
      vertex 4.27438 -5.04681 2.2
    endloop
  endfacet
  facet normal 0 0 1
    outer loop
      vertex 3.36523 -4.52369 2.2
      vertex 4.52369 -3.36524 2.2
      vertex 3.80965 -2.83405 2.2
    endloop
  endfacet
  facet normal 0 0 1
    outer loop
      vertex 4.76444 -3.65943 2.2
      vertex 3.65943 -4.76445 2.2
      vertex 3.91984 -4.90641 2.2
    endloop
  endfacet
  facet normal 0 -0 1
    outer loop
      vertex 3.25 0 2.2
      vertex 3.80966 2.83406 2.2
      vertex 3.24304 0.21256 2.2
    endloop
  endfacet
  facet normal 0 0 1
    outer loop
      vertex 4.52369 3.36523 2.2
      vertex 3.36524 4.52369 2.2
      vertex 3.80966 2.83406 2.2
    endloop
  endfacet
  facet normal -0 0 1
    outer loop
      vertex 3.24304 -0.21256 2.2
      vertex 3.80965 -2.83405 2.2
      vertex 3.25 0 2.2
    endloop
  endfacet
  facet normal 0 0 1
    outer loop
      vertex 3.36524 4.52369 2.2
      vertex 3.48706 4.64126 2.2
      vertex 3.39323 4.55551 2.2
    endloop
  endfacet
  facet normal 0 0 1
    outer loop
      vertex 4.52369 -3.36524 2.2
      vertex 3.36523 -4.52369 2.2
      vertex 3.48706 -4.64126 2.2
    endloop
  endfacet
  facet normal -0 0 1
    outer loop
      vertex 2.83405 3.80965 2.2
      vertex 3.80966 2.83406 2.2
      vertex 3.36524 4.52369 2.2
    endloop
  endfacet
  facet normal 0 0 1
    outer loop
      vertex 4.64126 -3.48706 2.2
      vertex 3.48706 -4.64126 2.2
      vertex 3.65943 -4.76445 2.2
    endloop
  endfacet
  facet normal 0 0 1
    outer loop
      vertex 3.48706 -4.64126 2.2
      vertex 3.36523 -4.52369 2.2
      vertex 3.39323 -4.55551 2.2
    endloop
  endfacet
  facet normal 0 0 1
    outer loop
      vertex 3.80966 2.83406 2.2
      vertex 3.25 0 2.2
      vertex 3.80965 -2.83405 2.2
    endloop
  endfacet
  facet normal 0 0 1
    outer loop
      vertex 3.80966 2.83406 2.2
      vertex 3.2222 0.42421 2.2
      vertex 3.24304 0.21256 2.2
    endloop
  endfacet
  facet normal 0 0 1
    outer loop
      vertex 3.80966 2.83406 2.2
      vertex 3.18755 0.634043 2.2
      vertex 3.2222 0.42421 2.2
    endloop
  endfacet
  facet normal 0 0 1
    outer loop
      vertex 3.80966 2.83406 2.2
      vertex 3.13926 0.841162 2.2
      vertex 3.18755 0.634043 2.2
    endloop
  endfacet
  facet normal 0 0 1
    outer loop
      vertex 3.80966 2.83406 2.2
      vertex 3.07752 1.04468 2.2
      vertex 3.13926 0.841162 2.2
    endloop
  endfacet
  facet normal 0 0 1
    outer loop
      vertex 3.80966 2.83406 2.2
      vertex 3.00261 1.24372 2.2
      vertex 3.07752 1.04468 2.2
    endloop
  endfacet
  facet normal 0 0 1
    outer loop
      vertex 3.80966 2.83406 2.2
      vertex 2.91484 1.43744 2.2
      vertex 3.00261 1.24372 2.2
    endloop
  endfacet
  facet normal 0 0 1
    outer loop
      vertex 2.2981 2.2981 2.2
      vertex 3.80966 2.83406 2.2
      vertex 2.83405 3.80965 2.2
    endloop
  endfacet
  facet normal 0 0 1
    outer loop
      vertex 3.80966 2.83406 2.2
      vertex 2.81458 1.625 2.2
      vertex 2.91484 1.43744 2.2
    endloop
  endfacet
  facet normal 0 0 1
    outer loop
      vertex 3.80966 2.83406 2.2
      vertex 2.70228 1.8056 2.2
      vertex 2.81458 1.625 2.2
    endloop
  endfacet
  facet normal 0 0 1
    outer loop
      vertex 1.8056 2.70228 2.2
      vertex 2.83405 3.80965 2.2
      vertex 2.63895 3.94947 2.2
    endloop
  endfacet
  facet normal 0 0 1
    outer loop
      vertex 3.80966 2.83406 2.2
      vertex 2.5784 1.97847 2.2
      vertex 2.70228 1.8056 2.2
    endloop
  endfacet
  facet normal 0 0 1
    outer loop
      vertex 3.80966 2.83406 2.2
      vertex 2.44348 2.14287 2.2
      vertex 2.5784 1.97847 2.2
    endloop
  endfacet
  facet normal 0 0 1
    outer loop
      vertex 1.8056 2.70228 2.2
      vertex 2.63895 3.94947 2.2
      vertex 2.37499 4.11361 2.2
    endloop
  endfacet
  facet normal 0 0 1
    outer loop
      vertex 3.80966 2.83406 2.2
      vertex 2.2981 2.2981 2.2
      vertex 2.44348 2.14287 2.2
    endloop
  endfacet
  facet normal 0 0 1
    outer loop
      vertex 2.83405 3.80965 2.2
      vertex 2.14287 2.44348 2.2
      vertex 2.2981 2.2981 2.2
    endloop
  endfacet
  facet normal 0 0 1
    outer loop
      vertex 1.625 2.81458 2.2
      vertex 2.37499 4.11361 2.2
      vertex 2.10086 4.26013 2.2
    endloop
  endfacet
  facet normal 0 0 1
    outer loop
      vertex 2.83405 3.80965 2.2
      vertex 1.97847 2.5784 2.2
      vertex 2.14287 2.44348 2.2
    endloop
  endfacet
  facet normal 0 0 1
    outer loop
      vertex 1.43744 2.91484 2.2
      vertex 2.10086 4.26013 2.2
      vertex 1.88223 4.35919 2.2
    endloop
  endfacet
  facet normal 0 0 1
    outer loop
      vertex 2.83405 3.80965 2.2
      vertex 1.8056 2.70228 2.2
      vertex 1.97847 2.5784 2.2
    endloop
  endfacet
  facet normal 0 0 1
    outer loop
      vertex 0.786931 -5.95586 2.2
      vertex 2.29643 -5.55139 2.2
      vertex 2.27593 -5.34052 2.2
    endloop
  endfacet
  facet normal 0 0 1
    outer loop
      vertex 0.699252 -5.76299 2.2
      vertex 2.27593 -5.34052 2.2
      vertex 2.24857 -5.21639 2.2
    endloop
  endfacet
  facet normal 0 0 1
    outer loop
      vertex 0.699252 -5.76299 2.2
      vertex 2.24857 -5.21639 2.2
      vertex 2.23502 -5.17623 2.2
    endloop
  endfacet
  facet normal 0 0 1
    outer loop
      vertex 2.29643 -5.55139 2.2
      vertex 0.786931 -5.95586 2.2
      vertex 2.28915 -5.84789 2.2
    endloop
  endfacet
  facet normal 0 0 1
    outer loop
      vertex 2.28915 -5.84789 2.2
      vertex 0.941485 -6.209 2.2
      vertex 2.23348 -6.22514 2.2
    endloop
  endfacet
  facet normal 0 0 1
    outer loop
      vertex 0.652535 -5.60026 2.2
      vertex 2.23502 -5.17623 2.2
      vertex 1.88223 -4.35919 2.2
    endloop
  endfacet
  facet normal -0 0 1
    outer loop
      vertex 1.43744 -2.91484 2.2
      vertex 2.10086 -4.26014 2.2
      vertex 1.625 -2.81458 2.2
    endloop
  endfacet
  facet normal 0 0 1
    outer loop
      vertex 2.10086 -4.26014 2.2
      vertex 1.43744 -2.91484 2.2
      vertex 1.88223 -4.35919 2.2
    endloop
  endfacet
  facet normal 0 -0 1
    outer loop
      vertex 0.652535 -5.60026 2.2
      vertex 1.88223 -4.35919 2.2
      vertex 0.54954 -4.71629 2.2
    endloop
  endfacet
  facet normal -0 0 1
    outer loop
      vertex 1.24372 -3.00261 2.2
      vertex 1.88223 -4.35919 2.2
      vertex 1.43744 -2.91484 2.2
    endloop
  endfacet
  facet normal -0 0 1
    outer loop
      vertex 1.04468 -3.07752 2.2
      vertex 1.88223 -4.35919 2.2
      vertex 1.24372 -3.00261 2.2
    endloop
  endfacet
  facet normal 0 0 1
    outer loop
      vertex 2.10971 -6.6745 2.2
      vertex 1.17832 -6.50787 2.2
      vertex 1.51019 -6.83514 2.2
    endloop
  endfacet
  facet normal -0 0 1
    outer loop
      vertex 0.841162 -3.13926 2.2
      vertex 1.88223 -4.35919 2.2
      vertex 1.04468 -3.07752 2.2
    endloop
  endfacet
  facet normal 0 0 1
    outer loop
      vertex 2.23502 -5.17623 2.2
      vertex 0.652535 -5.60026 2.2
      vertex 0.699252 -5.76299 2.2
    endloop
  endfacet
  facet normal 0 0 1
    outer loop
      vertex 1.88223 -4.35919 2.2
      vertex 0.841162 -3.13926 2.2
      vertex 0.54954 -4.71629 2.2
    endloop
  endfacet
  facet normal 0 0 1
    outer loop
      vertex 2.23348 -6.22514 2.2
      vertex 1.17832 -6.50787 2.2
      vertex 2.10971 -6.6745 2.2
    endloop
  endfacet
  facet normal 0 0 1
    outer loop
      vertex 2.28915 -5.84789 2.2
      vertex 0.786931 -5.95586 2.2
      vertex 0.941485 -6.209 2.2
    endloop
  endfacet
  facet normal 0 0 1
    outer loop
      vertex 2.23348 -6.22514 2.2
      vertex 0.941485 -6.209 2.2
      vertex 1.17832 -6.50787 2.2
    endloop
  endfacet
  facet normal 0 0 1
    outer loop
      vertex 0.699252 -5.76299 2.2
      vertex 0.652535 -5.60026 2.2
      vertex 0.660873 -5.64181 2.2
    endloop
  endfacet
  facet normal 0 0 1
    outer loop
      vertex 0.54954 -4.71629 2.2
      vertex 0.841162 -3.13926 2.2
      vertex 0.634043 -3.18755 2.2
    endloop
  endfacet
  facet normal 0 0 1
    outer loop
      vertex 2.27593 -5.34052 2.2
      vertex 0.699252 -5.76299 2.2
      vertex 0.786931 -5.95586 2.2
    endloop
  endfacet
  facet normal -0 0 1
    outer loop
      vertex 0.42421 -3.2222 2.2
      vertex 0.54954 -4.71629 2.2
      vertex 0.634043 -3.18755 2.2
    endloop
  endfacet
  facet normal -0 0 1
    outer loop
      vertex 0.21256 -3.24304 2.2
      vertex 0.54954 -4.71629 2.2
      vertex 0.42421 -3.2222 2.2
    endloop
  endfacet
  facet normal 0 0 1
    outer loop
      vertex 0.54954 -4.71629 2.2
      vertex 0.21256 -3.24304 2.2
      vertex 0.310675 -4.73982 2.2
    endloop
  endfacet
  facet normal 0 0 1
    outer loop
      vertex 0.21256 -3.24304 2.2
      vertex 9.53674e-07 -4.74999 2.2
      vertex 0.310675 -4.73982 2.2
    endloop
  endfacet
  facet normal -0 0 1
    outer loop
      vertex 0 -3.25 2.2
      vertex 9.53674e-07 -4.74999 2.2
      vertex 0.21256 -3.24304 2.2
    endloop
  endfacet
  facet normal 0 0 1
    outer loop
      vertex -0.21256 -3.24304 2.2
      vertex 9.53674e-07 -4.74999 2.2
      vertex 0 -3.25 2.2
    endloop
  endfacet
  facet normal 0 0 1
    outer loop
      vertex -0.21256 -3.24304 2.2
      vertex -0.310655 -4.73982 2.2
      vertex 9.53674e-07 -4.74999 2.2
    endloop
  endfacet
  facet normal 0 0 1
    outer loop
      vertex -0.549538 -4.7163 2.2
      vertex -0.21256 -3.24304 2.2
      vertex -0.42421 -3.2222 2.2
    endloop
  endfacet
  facet normal 0 0 1
    outer loop
      vertex -0.21256 -3.24304 2.2
      vertex -0.549538 -4.7163 2.2
      vertex -0.310655 -4.73982 2.2
    endloop
  endfacet
  facet normal 0 0 1
    outer loop
      vertex -0.634043 -3.18755 2.2
      vertex -0.549538 -4.7163 2.2
      vertex -0.42421 -3.2222 2.2
    endloop
  endfacet
  facet normal 0 0 1
    outer loop
      vertex -0.841162 -3.13926 2.2
      vertex -0.549538 -4.7163 2.2
      vertex -0.634043 -3.18755 2.2
    endloop
  endfacet
  facet normal 0 0 1
    outer loop
      vertex -0.549538 -4.7163 2.2
      vertex -1.88223 -4.35919 2.2
      vertex -0.652525 -5.60025 2.2
    endloop
  endfacet
  facet normal -0 0 1
    outer loop
      vertex -2.23501 -5.17623 2.2
      vertex -0.652525 -5.60025 2.2
      vertex -1.88223 -4.35919 2.2
    endloop
  endfacet
  facet normal 0 0 1
    outer loop
      vertex -0.652525 -5.60025 2.2
      vertex -2.23501 -5.17623 2.2
      vertex -0.660869 -5.6418 2.2
    endloop
  endfacet
  facet normal 0 0 1
    outer loop
      vertex -0.549538 -4.7163 2.2
      vertex -0.841162 -3.13926 2.2
      vertex -1.88223 -4.35919 2.2
    endloop
  endfacet
  facet normal 0 0 1
    outer loop
      vertex -0.660869 -5.6418 2.2
      vertex -2.23501 -5.17623 2.2
      vertex -0.699248 -5.76298 2.2
    endloop
  endfacet
  facet normal 0 0 1
    outer loop
      vertex -1.88223 -4.35919 2.2
      vertex -0.841162 -3.13926 2.2
      vertex -1.04468 -3.07752 2.2
    endloop
  endfacet
  facet normal -0 0 1
    outer loop
      vertex -2.27592 -5.34051 2.2
      vertex -0.699248 -5.76298 2.2
      vertex -2.23501 -5.17623 2.2
    endloop
  endfacet
  facet normal 0 0 1
    outer loop
      vertex -1.88223 -4.35919 2.2
      vertex -1.04468 -3.07752 2.2
      vertex -1.24372 -3.00261 2.2
    endloop
  endfacet
  facet normal 0 0 1
    outer loop
      vertex -1.88223 -4.35919 2.2
      vertex -1.24372 -3.00261 2.2
      vertex -1.43744 -2.91484 2.2
    endloop
  endfacet
  facet normal 0 0 1
    outer loop
      vertex -0.699248 -5.76298 2.2
      vertex -2.27592 -5.34051 2.2
      vertex -0.78693 -5.95585 2.2
    endloop
  endfacet
  facet normal 0 0 1
    outer loop
      vertex -2.10086 -4.26013 2.2
      vertex -1.43744 -2.91484 2.2
      vertex -1.625 -2.81458 2.2
    endloop
  endfacet
  facet normal 0 0 1
    outer loop
      vertex -2.37499 -4.11361 2.2
      vertex -1.625 -2.81458 2.2
      vertex -1.8056 -2.70228 2.2
    endloop
  endfacet
  facet normal -0 0 1
    outer loop
      vertex -2.29641 -5.55138 2.2
      vertex -0.78693 -5.95585 2.2
      vertex -2.27592 -5.34051 2.2
    endloop
  endfacet
  facet normal 0 0 1
    outer loop
      vertex -0.78693 -5.95585 2.2
      vertex -2.29641 -5.55138 2.2
      vertex -0.941478 -6.20899 2.2
    endloop
  endfacet
  facet normal 0 0 1
    outer loop
      vertex -1.51018 -6.83513 2.2
      vertex -2.23347 -6.22513 2.2
      vertex -2.1097 -6.67449 2.2
    endloop
  endfacet
  facet normal 0 0 1
    outer loop
      vertex -0.941478 -6.20899 2.2
      vertex -2.28914 -5.84789 2.2
      vertex -1.17832 -6.50786 2.2
    endloop
  endfacet
  facet normal 0 0 1
    outer loop
      vertex -2.27592 -5.34051 2.2
      vertex -2.23501 -5.17623 2.2
      vertex -2.24857 -5.21638 2.2
    endloop
  endfacet
  facet normal -0 -0 1
    outer loop
      vertex -2.28914 -5.84789 2.2
      vertex -0.941478 -6.20899 2.2
      vertex -2.29641 -5.55138 2.2
    endloop
  endfacet
  facet normal 0 0 1
    outer loop
      vertex -1.17832 -6.50786 2.2
      vertex -2.23347 -6.22513 2.2
      vertex -1.51018 -6.83513 2.2
    endloop
  endfacet
  facet normal -0 -0 1
    outer loop
      vertex -2.23347 -6.22513 2.2
      vertex -1.17832 -6.50786 2.2
      vertex -2.28914 -5.84789 2.2
    endloop
  endfacet
  facet normal 0 0 1
    outer loop
      vertex -3.13926 0.841162 2.2
      vertex -4.7163 0.549538 2.2
      vertex -3.18755 0.634043 2.2
    endloop
  endfacet
  facet normal 0 0 1
    outer loop
      vertex -3.25 0 2.2
      vertex -3.94948 -2.63894 2.2
      vertex -3.80966 -2.83406 2.2
    endloop
  endfacet
  facet normal 0 0 1
    outer loop
      vertex -3.25 0 2.2
      vertex -4.11361 -2.37499 2.2
      vertex -3.94948 -2.63894 2.2
    endloop
  endfacet
  facet normal 0 0 1
    outer loop
      vertex -3.18755 0.634043 2.2
      vertex -4.7163 0.549538 2.2
      vertex -3.2222 0.42421 2.2
    endloop
  endfacet
  facet normal 0 0 1
    outer loop
      vertex -3.2222 0.42421 2.2
      vertex -4.7163 0.549538 2.2
      vertex -3.24304 0.21256 2.2
    endloop
  endfacet
  facet normal 0 0 1
    outer loop
      vertex -3.25 0 2.2
      vertex -4.26014 -2.10086 2.2
      vertex -4.11361 -2.37499 2.2
    endloop
  endfacet
  facet normal -0 0 1
    outer loop
      vertex -4.73982 0.310655 2.2
      vertex -3.24304 0.21256 2.2
      vertex -4.7163 0.549538 2.2
    endloop
  endfacet
  facet normal 0 0 1
    outer loop
      vertex -3.25 0 2.2
      vertex -4.35919 -1.88223 2.2
      vertex -4.26014 -2.10086 2.2
    endloop
  endfacet
  facet normal 0 0 1
    outer loop
      vertex -3.25 0 2.2
      vertex -4.71629 -0.54954 2.2
      vertex -4.35919 -1.88223 2.2
    endloop
  endfacet
  facet normal 0 0 1
    outer loop
      vertex -3.24304 0.21256 2.2
      vertex -4.73982 0.310655 2.2
      vertex -3.25 0 2.2
    endloop
  endfacet
  facet normal 0 0 1
    outer loop
      vertex -5.17623 2.23501 2.2
      vertex -4.7163 0.549538 2.2
      vertex -4.35919 1.88223 2.2
    endloop
  endfacet
  facet normal 0 0 1
    outer loop
      vertex -5.60025 0.652525 2.2
      vertex -5.17623 2.23501 2.2
      vertex -5.21638 2.24857 2.2
    endloop
  endfacet
  facet normal 0 0 1
    outer loop
      vertex -5.60025 0.652525 2.2
      vertex -5.21638 2.24857 2.2
      vertex -5.34051 2.27592 2.2
    endloop
  endfacet
  facet normal 0 0 1
    outer loop
      vertex -5.76298 0.699248 2.2
      vertex -5.34051 2.27592 2.2
      vertex -5.55138 2.29641 2.2
    endloop
  endfacet
  facet normal 0 0 1
    outer loop
      vertex -5.17623 2.23501 2.2
      vertex -5.60025 0.652525 2.2
      vertex -4.7163 0.549538 2.2
    endloop
  endfacet
  facet normal 0 0 1
    outer loop
      vertex -5.34051 2.27592 2.2
      vertex -5.6418 0.660869 2.2
      vertex -5.60025 0.652525 2.2
    endloop
  endfacet
  facet normal 0 0 1
    outer loop
      vertex -5.34051 2.27592 2.2
      vertex -5.76298 0.699248 2.2
      vertex -5.6418 0.660869 2.2
    endloop
  endfacet
  facet normal 0 0 1
    outer loop
      vertex -5.95585 0.78693 2.2
      vertex -5.55138 2.29641 2.2
      vertex -5.84789 2.28914 2.2
    endloop
  endfacet
  facet normal 0 0 1
    outer loop
      vertex -5.55138 2.29641 2.2
      vertex -5.95585 0.78693 2.2
      vertex -5.76298 0.699248 2.2
    endloop
  endfacet
  facet normal 0 0 1
    outer loop
      vertex -5.84789 2.28914 2.2
      vertex -6.20899 0.941478 2.2
      vertex -5.95585 0.78693 2.2
    endloop
  endfacet
  facet normal -0 0 1
    outer loop
      vertex -6.22513 2.23347 2.2
      vertex -6.20899 0.941478 2.2
      vertex -5.84789 2.28914 2.2
    endloop
  endfacet
  facet normal 0 0 1
    outer loop
      vertex -6.22513 2.23347 2.2
      vertex -6.50786 1.17832 2.2
      vertex -6.20899 0.941478 2.2
    endloop
  endfacet
  facet normal -0 0 1
    outer loop
      vertex -6.67449 2.1097 2.2
      vertex -6.50786 1.17832 2.2
      vertex -6.22513 2.23347 2.2
    endloop
  endfacet
  facet normal 0 0 1
    outer loop
      vertex -6.50786 1.17832 2.2
      vertex -6.67449 2.1097 2.2
      vertex -6.83513 1.51018 2.2
    endloop
  endfacet
  facet normal 0 0 1
    outer loop
      vertex -3.36524 -4.52369 2.2
      vertex -4.52369 -3.36523 2.2
      vertex -3.48706 -4.64126 2.2
    endloop
  endfacet
  facet normal -0 0 1
    outer loop
      vertex -4.64126 -3.48706 2.2
      vertex -3.48706 -4.64126 2.2
      vertex -4.52369 -3.36523 2.2
    endloop
  endfacet
  facet normal 0 0 1
    outer loop
      vertex -3.48706 -4.64126 2.2
      vertex -4.64126 -3.48706 2.2
      vertex -3.65943 -4.76444 2.2
    endloop
  endfacet
  facet normal -0 0 1
    outer loop
      vertex -4.76445 -3.65943 2.2
      vertex -3.65943 -4.76444 2.2
      vertex -4.64126 -3.48706 2.2
    endloop
  endfacet
  facet normal 0 0 1
    outer loop
      vertex -4.64126 -3.48706 2.2
      vertex -4.52369 -3.36523 2.2
      vertex -4.55551 -3.39323 2.2
    endloop
  endfacet
  facet normal 0 0 1
    outer loop
      vertex -3.65943 -4.76444 2.2
      vertex -4.76445 -3.65943 2.2
      vertex -3.91985 -4.9064 2.2
    endloop
  endfacet
  facet normal -0 0 1
    outer loop
      vertex -4.90641 -3.91984 2.2
      vertex -3.91985 -4.9064 2.2
      vertex -4.76445 -3.65943 2.2
    endloop
  endfacet
  facet normal 0 0 1
    outer loop
      vertex -3.91985 -4.9064 2.2
      vertex -4.90641 -3.91984 2.2
      vertex -4.27439 -5.04681 2.2
    endloop
  endfacet
  facet normal -0 0 1
    outer loop
      vertex -5.04681 -4.27438 2.2
      vertex -4.27439 -5.04681 2.2
      vertex -4.90641 -3.91984 2.2
    endloop
  endfacet
  facet normal 0 0 1
    outer loop
      vertex -4.27439 -5.04681 2.2
      vertex -5.04681 -4.27438 2.2
      vertex -4.72543 -5.1643 2.2
    endloop
  endfacet
  facet normal 0 0 1
    outer loop
      vertex -4.72543 -5.1643 2.2
      vertex -5.04681 -4.27438 2.2
      vertex -5.16431 -4.72542 2.2
    endloop
  endfacet
  facet normal 0 0 1
    outer loop
      vertex -4.71629 -0.54954 2.2
      vertex -5.17623 -2.23502 2.2
      vertex -4.35919 -1.88223 2.2
    endloop
  endfacet
  facet normal -0 0 1
    outer loop
      vertex -5.60026 -0.652535 2.2
      vertex -5.17623 -2.23502 2.2
      vertex -4.71629 -0.54954 2.2
    endloop
  endfacet
  facet normal 0 0 1
    outer loop
      vertex -5.17623 -2.23502 2.2
      vertex -5.60026 -0.652535 2.2
      vertex -5.21639 -2.24857 2.2
    endloop
  endfacet
  facet normal 0 0 1
    outer loop
      vertex -5.21639 -2.24857 2.2
      vertex -5.60026 -0.652535 2.2
      vertex -5.34052 -2.27593 2.2
    endloop
  endfacet
  facet normal -0 0 1
    outer loop
      vertex -5.64181 -0.660873 2.2
      vertex -5.34052 -2.27593 2.2
      vertex -5.60026 -0.652535 2.2
    endloop
  endfacet
  facet normal -0 0 1
    outer loop
      vertex -5.76299 -0.699252 2.2
      vertex -5.34052 -2.27593 2.2
      vertex -5.64181 -0.660873 2.2
    endloop
  endfacet
  facet normal 0 0 1
    outer loop
      vertex -5.34052 -2.27593 2.2
      vertex -5.76299 -0.699252 2.2
      vertex -5.55139 -2.29643 2.2
    endloop
  endfacet
  facet normal -0 0 1
    outer loop
      vertex -5.95586 -0.786931 2.2
      vertex -5.55139 -2.29643 2.2
      vertex -5.76299 -0.699252 2.2
    endloop
  endfacet
  facet normal 0 0 1
    outer loop
      vertex -5.55139 -2.29643 2.2
      vertex -5.95586 -0.786931 2.2
      vertex -5.84789 -2.28915 2.2
    endloop
  endfacet
  facet normal -0 0 1
    outer loop
      vertex -6.209 -0.941485 2.2
      vertex -5.84789 -2.28915 2.2
      vertex -5.95586 -0.786931 2.2
    endloop
  endfacet
  facet normal 0 0 1
    outer loop
      vertex -6.209 -0.941485 2.2
      vertex -6.22514 -2.23348 2.2
      vertex -5.84789 -2.28915 2.2
    endloop
  endfacet
  facet normal -0 0 1
    outer loop
      vertex -6.50787 -1.17832 2.2
      vertex -6.22514 -2.23348 2.2
      vertex -6.209 -0.941485 2.2
    endloop
  endfacet
  facet normal 0 0 1
    outer loop
      vertex -6.50787 -1.17832 2.2
      vertex -6.6745 -2.10971 2.2
      vertex -6.22514 -2.23348 2.2
    endloop
  endfacet
  facet normal 0 -0 1
    outer loop
      vertex -6.6745 -2.10971 2.2
      vertex -6.50787 -1.17832 2.2
      vertex -6.83514 -1.51019 2.2
    endloop
  endfacet
  facet normal 0 0 1
    outer loop
      vertex -4.74999 -9.53674e-07 2.2
      vertex -3.25 0 2.2
      vertex -4.73982 0.310655 2.2
    endloop
  endfacet
  facet normal 0 0 1
    outer loop
      vertex -3.25 0 2.2
      vertex -4.73982 -0.310675 2.2
      vertex -4.71629 -0.54954 2.2
    endloop
  endfacet
  facet normal 0 0 1
    outer loop
      vertex -3.25 0 2.2
      vertex -4.74999 -9.53674e-07 2.2
      vertex -4.73982 -0.310675 2.2
    endloop
  endfacet
  facet normal 0 0 1
    outer loop
      vertex -2.83405 -3.80965 2.2
      vertex -1.8056 -2.70228 2.2
      vertex -1.97847 -2.5784 2.2
    endloop
  endfacet
  facet normal 0 0 1
    outer loop
      vertex -1.43744 -2.91484 2.2
      vertex -2.10086 -4.26013 2.2
      vertex -1.88223 -4.35919 2.2
    endloop
  endfacet
  facet normal 0 0 1
    outer loop
      vertex -2.83405 -3.80965 2.2
      vertex -1.97847 -2.5784 2.2
      vertex -2.14287 -2.44348 2.2
    endloop
  endfacet
  facet normal 0 0 1
    outer loop
      vertex -2.83405 -3.80965 2.2
      vertex -2.14287 -2.44348 2.2
      vertex -2.2981 -2.2981 2.2
    endloop
  endfacet
  facet normal 0 0 1
    outer loop
      vertex -1.625 -2.81458 2.2
      vertex -2.37499 -4.11361 2.2
      vertex -2.10086 -4.26013 2.2
    endloop
  endfacet
  facet normal 0 0 1
    outer loop
      vertex -3.80966 -2.83406 2.2
      vertex -2.2981 -2.2981 2.2
      vertex -2.44348 -2.14287 2.2
    endloop
  endfacet
  facet normal 0 0 1
    outer loop
      vertex -3.80966 -2.83406 2.2
      vertex -2.44348 -2.14287 2.2
      vertex -2.5784 -1.97847 2.2
    endloop
  endfacet
  facet normal 0 0 1
    outer loop
      vertex -1.8056 -2.70228 2.2
      vertex -2.63895 -3.94947 2.2
      vertex -2.37499 -4.11361 2.2
    endloop
  endfacet
  facet normal 0 0 1
    outer loop
      vertex -3.80966 -2.83406 2.2
      vertex -2.5784 -1.97847 2.2
      vertex -2.70228 -1.8056 2.2
    endloop
  endfacet
  facet normal 0 0 1
    outer loop
      vertex -3.80966 -2.83406 2.2
      vertex -2.70228 -1.8056 2.2
      vertex -2.81458 -1.625 2.2
    endloop
  endfacet
  facet normal 0 0 1
    outer loop
      vertex -1.8056 -2.70228 2.2
      vertex -2.83405 -3.80965 2.2
      vertex -2.63895 -3.94947 2.2
    endloop
  endfacet
  facet normal 0 0 1
    outer loop
      vertex -3.80966 -2.83406 2.2
      vertex -2.81458 -1.625 2.2
      vertex -2.91484 -1.43744 2.2
    endloop
  endfacet
  facet normal 0 0 1
    outer loop
      vertex -3.80966 -2.83406 2.2
      vertex -2.91484 -1.43744 2.2
      vertex -3.00261 -1.24372 2.2
    endloop
  endfacet
  facet normal 0 0 1
    outer loop
      vertex -3.80966 -2.83406 2.2
      vertex -3.00261 -1.24372 2.2
      vertex -3.07752 -1.04468 2.2
    endloop
  endfacet
  facet normal 0 0 1
    outer loop
      vertex -3.80966 -2.83406 2.2
      vertex -3.07752 -1.04468 2.2
      vertex -3.13926 -0.841162 2.2
    endloop
  endfacet
  facet normal 0 0 1
    outer loop
      vertex -3.80966 -2.83406 2.2
      vertex -3.13926 -0.841162 2.2
      vertex -3.18755 -0.634043 2.2
    endloop
  endfacet
  facet normal 0 0 1
    outer loop
      vertex -3.80966 -2.83406 2.2
      vertex -3.18755 -0.634043 2.2
      vertex -3.2222 -0.42421 2.2
    endloop
  endfacet
  facet normal 0 0 1
    outer loop
      vertex -2.2981 -2.2981 2.2
      vertex -3.80966 -2.83406 2.2
      vertex -2.83405 -3.80965 2.2
    endloop
  endfacet
  facet normal 0 0 1
    outer loop
      vertex -3.80966 -2.83406 2.2
      vertex -3.2222 -0.42421 2.2
      vertex -3.24304 -0.21256 2.2
    endloop
  endfacet
  facet normal 0 0 1
    outer loop
      vertex -4.7163 0.549538 2.2
      vertex -3.13926 0.841162 2.2
      vertex -4.35919 1.88223 2.2
    endloop
  endfacet
  facet normal 0 0 1
    outer loop
      vertex -3.07752 1.04468 2.2
      vertex -4.35919 1.88223 2.2
      vertex -3.13926 0.841162 2.2
    endloop
  endfacet
  facet normal 0 0 1
    outer loop
      vertex -4.52369 3.36524 2.2
      vertex -3.36523 4.52369 2.2
      vertex -3.39323 4.55551 2.2
    endloop
  endfacet
  facet normal 0 0 1
    outer loop
      vertex -3.25 0 2.2
      vertex -3.80966 -2.83406 2.2
      vertex -3.24304 -0.21256 2.2
    endloop
  endfacet
  facet normal 0 0 1
    outer loop
      vertex -4.52369 3.36524 2.2
      vertex -3.39323 4.55551 2.2
      vertex -3.48706 4.64126 2.2
    endloop
  endfacet
  facet normal 0 0 1
    outer loop
      vertex -3.80966 -2.83406 2.2
      vertex -3.36524 -4.52369 2.2
      vertex -2.83405 -3.80965 2.2
    endloop
  endfacet
  facet normal 0 0 1
    outer loop
      vertex -4.64126 3.48706 2.2
      vertex -3.48706 4.64126 2.2
      vertex -3.65943 4.76445 2.2
    endloop
  endfacet
  facet normal -0 0 1
    outer loop
      vertex -4.52369 -3.36523 2.2
      vertex -3.36524 -4.52369 2.2
      vertex -3.80966 -2.83406 2.2
    endloop
  endfacet
  facet normal 0 0 1
    outer loop
      vertex -3.36524 -4.52369 2.2
      vertex -3.48706 -4.64126 2.2
      vertex -3.39323 -4.55551 2.2
    endloop
  endfacet
  facet normal 0 0 1
    outer loop
      vertex -4.76444 3.65943 2.2
      vertex -3.65943 4.76445 2.2
      vertex -3.91984 4.90641 2.2
    endloop
  endfacet
  facet normal 0 0 1
    outer loop
      vertex -4.9064 3.91985 2.2
      vertex -3.91984 4.90641 2.2
      vertex -4.27438 5.04681 2.2
    endloop
  endfacet
  facet normal 0 0 1
    outer loop
      vertex -3.36523 4.52369 2.2
      vertex -4.52369 3.36524 2.2
      vertex -3.80965 2.83405 2.2
    endloop
  endfacet
  facet normal 0 0 1
    outer loop
      vertex -3.48706 4.64126 2.2
      vertex -4.64126 3.48706 2.2
      vertex -4.52369 3.36524 2.2
    endloop
  endfacet
  facet normal 0 0 1
    outer loop
      vertex -4.52369 3.36524 2.2
      vertex -4.64126 3.48706 2.2
      vertex -4.55551 3.39323 2.2
    endloop
  endfacet
  facet normal 0 0 1
    outer loop
      vertex -5.04681 4.27439 2.2
      vertex -4.27438 5.04681 2.2
      vertex -4.72542 5.16431 2.2
    endloop
  endfacet
  facet normal 0 0 1
    outer loop
      vertex -3.65943 4.76445 2.2
      vertex -4.76444 3.65943 2.2
      vertex -4.64126 3.48706 2.2
    endloop
  endfacet
  facet normal 0 0 1
    outer loop
      vertex -3.91984 4.90641 2.2
      vertex -4.9064 3.91985 2.2
      vertex -4.76444 3.65943 2.2
    endloop
  endfacet
  facet normal 0 0 1
    outer loop
      vertex -4.27438 5.04681 2.2
      vertex -5.04681 4.27439 2.2
      vertex -4.9064 3.91985 2.2
    endloop
  endfacet
  facet normal 0 -0 1
    outer loop
      vertex -5.04681 4.27439 2.2
      vertex -4.72542 5.16431 2.2
      vertex -5.1643 4.72543 2.2
    endloop
  endfacet
  facet normal -0 0 1
    outer loop
      vertex -2.37499 4.11361 2.2
      vertex -1.625 2.81458 2.2
      vertex -2.10086 4.26014 2.2
    endloop
  endfacet
  facet normal 0 0 1
    outer loop
      vertex -1.625 2.81458 2.2
      vertex -2.37499 4.11361 2.2
      vertex -1.8056 2.70228 2.2
    endloop
  endfacet
  facet normal -0 0 1
    outer loop
      vertex -2.63894 3.94948 2.2
      vertex -1.8056 2.70228 2.2
      vertex -2.37499 4.11361 2.2
    endloop
  endfacet
  facet normal -0 0 1
    outer loop
      vertex -2.83406 3.80966 2.2
      vertex -1.8056 2.70228 2.2
      vertex -2.63894 3.94948 2.2
    endloop
  endfacet
  facet normal 0 0 1
    outer loop
      vertex -1.8056 2.70228 2.2
      vertex -2.83406 3.80966 2.2
      vertex -1.97847 2.5784 2.2
    endloop
  endfacet
  facet normal 0 0 1
    outer loop
      vertex -1.97847 2.5784 2.2
      vertex -2.83406 3.80966 2.2
      vertex -2.14287 2.44348 2.2
    endloop
  endfacet
  facet normal 0 0 1
    outer loop
      vertex -2.14287 2.44348 2.2
      vertex -2.83406 3.80966 2.2
      vertex -2.2981 2.2981 2.2
    endloop
  endfacet
  facet normal -0 0 1
    outer loop
      vertex -3.80965 2.83405 2.2
      vertex -2.2981 2.2981 2.2
      vertex -2.83406 3.80966 2.2
    endloop
  endfacet
  facet normal 0 0 1
    outer loop
      vertex -2.2981 2.2981 2.2
      vertex -3.80965 2.83405 2.2
      vertex -2.44348 2.14287 2.2
    endloop
  endfacet
  facet normal 0 0 1
    outer loop
      vertex -2.44348 2.14287 2.2
      vertex -3.80965 2.83405 2.2
      vertex -2.5784 1.97847 2.2
    endloop
  endfacet
  facet normal 0 0 1
    outer loop
      vertex -2.5784 1.97847 2.2
      vertex -3.80965 2.83405 2.2
      vertex -2.70228 1.8056 2.2
    endloop
  endfacet
  facet normal -0 0 1
    outer loop
      vertex -3.94947 2.63895 2.2
      vertex -2.70228 1.8056 2.2
      vertex -3.80965 2.83405 2.2
    endloop
  endfacet
  facet normal 0 0 1
    outer loop
      vertex -3.80965 2.83405 2.2
      vertex -2.83406 3.80966 2.2
      vertex -3.36523 4.52369 2.2
    endloop
  endfacet
  facet normal 0 0 1
    outer loop
      vertex -2.70228 1.8056 2.2
      vertex -3.94947 2.63895 2.2
      vertex -2.81458 1.625 2.2
    endloop
  endfacet
  facet normal -0 0 1
    outer loop
      vertex -4.11361 2.37499 2.2
      vertex -2.81458 1.625 2.2
      vertex -3.94947 2.63895 2.2
    endloop
  endfacet
  facet normal 0 0 1
    outer loop
      vertex -2.81458 1.625 2.2
      vertex -4.11361 2.37499 2.2
      vertex -2.91484 1.43744 2.2
    endloop
  endfacet
  facet normal -0 0 1
    outer loop
      vertex -4.26013 2.10086 2.2
      vertex -2.91484 1.43744 2.2
      vertex -4.11361 2.37499 2.2
    endloop
  endfacet
  facet normal 0 0 1
    outer loop
      vertex -3.00261 1.24372 2.2
      vertex -4.35919 1.88223 2.2
      vertex -3.07752 1.04468 2.2
    endloop
  endfacet
  facet normal 0 0 1
    outer loop
      vertex -2.91484 1.43744 2.2
      vertex -4.35919 1.88223 2.2
      vertex -3.00261 1.24372 2.2
    endloop
  endfacet
  facet normal -0 0 1
    outer loop
      vertex -4.35919 1.88223 2.2
      vertex -2.91484 1.43744 2.2
      vertex -4.26013 2.10086 2.2
    endloop
  endfacet
  facet normal 0.989287 -0.145987 0
    outer loop
      vertex 2.23348 -6.22514 2.2
      vertex 2.28915 -5.84789 0
      vertex 2.28915 -5.84789 2.2
    endloop
  endfacet
  facet normal 0.989287 -0.145987 0
    outer loop
      vertex 2.28915 -5.84789 0
      vertex 2.23348 -6.22514 2.2
      vertex 2.23348 -6.22514 0
    endloop
  endfacet
  facet normal 0.999699 -0.0245457 0
    outer loop
      vertex 2.28915 -5.84789 2.2
      vertex 2.29643 -5.55139 0
      vertex 2.29643 -5.55139 2.2
    endloop
  endfacet
  facet normal 0.999699 -0.0245457 0
    outer loop
      vertex 2.29643 -5.55139 0
      vertex 2.28915 -5.84789 2.2
      vertex 2.28915 -5.84789 0
    endloop
  endfacet
  facet normal 0.995308 0.0967601 0
    outer loop
      vertex 2.29643 -5.55139 2.2
      vertex 2.27593 -5.34052 0
      vertex 2.27593 -5.34052 2.2
    endloop
  endfacet
  facet normal 0.995308 0.0967601 0
    outer loop
      vertex 2.27593 -5.34052 0
      vertex 2.29643 -5.55139 2.2
      vertex 2.29643 -5.55139 0
    endloop
  endfacet
  facet normal 0.97656 0.215247 0
    outer loop
      vertex 2.27593 -5.34052 2.2
      vertex 2.24857 -5.21639 0
      vertex 2.24857 -5.21639 2.2
    endloop
  endfacet
  facet normal 0.97656 0.215247 0
    outer loop
      vertex 2.24857 -5.21639 0
      vertex 2.27593 -5.34052 2.2
      vertex 2.27593 -5.34052 0
    endloop
  endfacet
  facet normal 0.947521 0.319694 0
    outer loop
      vertex 2.24857 -5.21639 2.2
      vertex 2.23502 -5.17623 0
      vertex 2.23502 -5.17623 2.2
    endloop
  endfacet
  facet normal 0.947521 0.319694 0
    outer loop
      vertex 2.23502 -5.17623 0
      vertex 2.24857 -5.21639 2.2
      vertex 2.24857 -5.21639 0
    endloop
  endfacet
  facet normal 0.918072 0.396414 0
    outer loop
      vertex 2.23502 -5.17623 2.2
      vertex 1.88223 -4.35919 0
      vertex 1.88223 -4.35919 2.2
    endloop
  endfacet
  facet normal 0.918072 0.396414 0
    outer loop
      vertex 1.88223 -4.35919 0
      vertex 2.23502 -5.17623 2.2
      vertex 2.23502 -5.17623 0
    endloop
  endfacet
  facet normal 0.412673 -0.910879 0
    outer loop
      vertex 1.88223 -4.35919 0
      vertex 2.10086 -4.26014 2.2
      vertex 1.88223 -4.35919 2.2
    endloop
  endfacet
  facet normal 0.412673 -0.910879 0
    outer loop
      vertex 2.10086 -4.26014 2.2
      vertex 1.88223 -4.35919 0
      vertex 2.10086 -4.26014 0
    endloop
  endfacet
  facet normal 0.471408 -0.881915 0
    outer loop
      vertex 2.10086 -4.26014 0
      vertex 2.37499 -4.11361 2.2
      vertex 2.10086 -4.26014 2.2
    endloop
  endfacet
  facet normal 0.471408 -0.881915 0
    outer loop
      vertex 2.37499 -4.11361 2.2
      vertex 2.10086 -4.26014 0
      vertex 2.37499 -4.11361 0
    endloop
  endfacet
  facet normal 0.528057 -0.849209 0
    outer loop
      vertex 2.37499 -4.11361 0
      vertex 2.63894 -3.94948 2.2
      vertex 2.37499 -4.11361 2.2
    endloop
  endfacet
  facet normal 0.528057 -0.849209 0
    outer loop
      vertex 2.63894 -3.94948 2.2
      vertex 2.37499 -4.11361 0
      vertex 2.63894 -3.94948 0
    endloop
  endfacet
  facet normal 0.582475 -0.812849 0
    outer loop
      vertex 2.63894 -3.94948 0
      vertex 2.83406 -3.80966 2.2
      vertex 2.63894 -3.94948 2.2
    endloop
  endfacet
  facet normal 0.582475 -0.812849 0
    outer loop
      vertex 2.83406 -3.80966 2.2
      vertex 2.63894 -3.94948 0
      vertex 2.83406 -3.80966 0
    endloop
  endfacet
  facet normal -0.802341 -0.596865 0
    outer loop
      vertex 3.36523 -4.52369 0
      vertex 2.83406 -3.80966 2.2
      vertex 2.83406 -3.80966 0
    endloop
  endfacet
  facet normal -0.802341 -0.596865 0
    outer loop
      vertex 2.83406 -3.80966 2.2
      vertex 3.36523 -4.52369 0
      vertex 3.36523 -4.52369 2.2
    endloop
  endfacet
  facet normal -0.750732 -0.660607 0
    outer loop
      vertex 3.39323 -4.55551 0
      vertex 3.36523 -4.52369 2.2
      vertex 3.36523 -4.52369 0
    endloop
  endfacet
  facet normal -0.750732 -0.660607 0
    outer loop
      vertex 3.36523 -4.52369 2.2
      vertex 3.39323 -4.55551 0
      vertex 3.39323 -4.55551 2.2
    endloop
  endfacet
  facet normal -0.674609 -0.738175 0
    outer loop
      vertex 3.39323 -4.55551 0
      vertex 3.48706 -4.64126 2.2
      vertex 3.39323 -4.55551 2.2
    endloop
  endfacet
  facet normal -0.674609 -0.738175 -0
    outer loop
      vertex 3.48706 -4.64126 2.2
      vertex 3.39323 -4.55551 0
      vertex 3.48706 -4.64126 0
    endloop
  endfacet
  facet normal -0.581452 -0.81358 0
    outer loop
      vertex 3.48706 -4.64126 0
      vertex 3.65943 -4.76445 2.2
      vertex 3.48706 -4.64126 2.2
    endloop
  endfacet
  facet normal -0.581452 -0.81358 -0
    outer loop
      vertex 3.65943 -4.76445 2.2
      vertex 3.48706 -4.64126 0
      vertex 3.65943 -4.76445 0
    endloop
  endfacet
  facet normal -0.47864 -0.878012 0
    outer loop
      vertex 3.65943 -4.76445 0
      vertex 3.91984 -4.90641 2.2
      vertex 3.65943 -4.76445 2.2
    endloop
  endfacet
  facet normal -0.47864 -0.878012 -0
    outer loop
      vertex 3.91984 -4.90641 2.2
      vertex 3.65943 -4.76445 0
      vertex 3.91984 -4.90641 0
    endloop
  endfacet
  facet normal -0.368187 -0.929752 0
    outer loop
      vertex 3.91984 -4.90641 0
      vertex 4.27438 -5.04681 2.2
      vertex 3.91984 -4.90641 2.2
    endloop
  endfacet
  facet normal -0.368187 -0.929752 -0
    outer loop
      vertex 4.27438 -5.04681 2.2
      vertex 3.91984 -4.90641 0
      vertex 4.27438 -5.04681 0
    endloop
  endfacet
  facet normal -0.252095 -0.967702 0
    outer loop
      vertex 4.27438 -5.04681 0
      vertex 4.72542 -5.16431 2.2
      vertex 4.27438 -5.04681 2.2
    endloop
  endfacet
  facet normal -0.252095 -0.967702 -0
    outer loop
      vertex 4.72542 -5.16431 2.2
      vertex 4.27438 -5.04681 0
      vertex 4.72542 -5.16431 0
    endloop
  endfacet
  facet normal 0.707107 -0.707107 0
    outer loop
      vertex 4.72542 -5.16431 0
      vertex 5.1643 -4.72543 2.2
      vertex 4.72542 -5.16431 2.2
    endloop
  endfacet
  facet normal 0.707107 -0.707107 0
    outer loop
      vertex 5.1643 -4.72543 2.2
      vertex 4.72542 -5.16431 0
      vertex 5.1643 -4.72543 0
    endloop
  endfacet
  facet normal 0.967708 0.252075 0
    outer loop
      vertex 5.1643 -4.72543 2.2
      vertex 5.04681 -4.27439 0
      vertex 5.04681 -4.27439 2.2
    endloop
  endfacet
  facet normal 0.967708 0.252075 0
    outer loop
      vertex 5.04681 -4.27439 0
      vertex 5.1643 -4.72543 2.2
      vertex 5.1643 -4.72543 0
    endloop
  endfacet
  facet normal 0.929743 0.36821 0
    outer loop
      vertex 5.04681 -4.27439 2.2
      vertex 4.9064 -3.91985 0
      vertex 4.9064 -3.91985 2.2
    endloop
  endfacet
  facet normal 0.929743 0.36821 0
    outer loop
      vertex 4.9064 -3.91985 0
      vertex 5.04681 -4.27439 2.2
      vertex 5.04681 -4.27439 0
    endloop
  endfacet
  facet normal 0.878019 0.478625 0
    outer loop
      vertex 4.9064 -3.91985 2.2
      vertex 4.76444 -3.65943 0
      vertex 4.76444 -3.65943 2.2
    endloop
  endfacet
  facet normal 0.878019 0.478625 0
    outer loop
      vertex 4.76444 -3.65943 0
      vertex 4.9064 -3.91985 2.2
      vertex 4.9064 -3.91985 0
    endloop
  endfacet
  facet normal 0.813603 0.581421 0
    outer loop
      vertex 4.76444 -3.65943 2.2
      vertex 4.64126 -3.48706 0
      vertex 4.64126 -3.48706 2.2
    endloop
  endfacet
  facet normal 0.813603 0.581421 0
    outer loop
      vertex 4.64126 -3.48706 0
      vertex 4.76444 -3.65943 2.2
      vertex 4.76444 -3.65943 0
    endloop
  endfacet
  facet normal 0.738175 0.674609 0
    outer loop
      vertex 4.64126 -3.48706 2.2
      vertex 4.55551 -3.39323 0
      vertex 4.55551 -3.39323 2.2
    endloop
  endfacet
  facet normal 0.738175 0.674609 0
    outer loop
      vertex 4.55551 -3.39323 0
      vertex 4.64126 -3.48706 2.2
      vertex 4.64126 -3.48706 0
    endloop
  endfacet
  facet normal 0.660474 0.750849 -0
    outer loop
      vertex 4.55551 -3.39323 0
      vertex 4.52369 -3.36524 2.2
      vertex 4.55551 -3.39323 2.2
    endloop
  endfacet
  facet normal 0.660474 0.750849 0
    outer loop
      vertex 4.52369 -3.36524 2.2
      vertex 4.55551 -3.39323 0
      vertex 4.52369 -3.36524 0
    endloop
  endfacet
  facet normal 0.596874 0.802335 -0
    outer loop
      vertex 4.52369 -3.36524 0
      vertex 3.80965 -2.83405 2.2
      vertex 4.52369 -3.36524 2.2
    endloop
  endfacet
  facet normal 0.596874 0.802335 0
    outer loop
      vertex 3.80965 -2.83405 2.2
      vertex 4.52369 -3.36524 0
      vertex 3.80965 -2.83405 0
    endloop
  endfacet
  facet normal 0.81282 -0.582514 0
    outer loop
      vertex 3.80965 -2.83405 2.2
      vertex 3.94947 -2.63895 0
      vertex 3.94947 -2.63895 2.2
    endloop
  endfacet
  facet normal 0.81282 -0.582514 0
    outer loop
      vertex 3.94947 -2.63895 0
      vertex 3.80965 -2.83405 2.2
      vertex 3.80965 -2.83405 0
    endloop
  endfacet
  facet normal 0.849203 -0.528066 0
    outer loop
      vertex 3.94947 -2.63895 2.2
      vertex 4.11361 -2.37499 0
      vertex 4.11361 -2.37499 2.2
    endloop
  endfacet
  facet normal 0.849203 -0.528066 0
    outer loop
      vertex 4.11361 -2.37499 0
      vertex 3.94947 -2.63895 2.2
      vertex 3.94947 -2.63895 0
    endloop
  endfacet
  facet normal 0.881929 -0.471383 0
    outer loop
      vertex 4.11361 -2.37499 2.2
      vertex 4.26013 -2.10086 0
      vertex 4.26013 -2.10086 2.2
    endloop
  endfacet
  facet normal 0.881929 -0.471383 0
    outer loop
      vertex 4.26013 -2.10086 0
      vertex 4.11361 -2.37499 2.2
      vertex 4.11361 -2.37499 0
    endloop
  endfacet
  facet normal 0.910864 -0.412707 0
    outer loop
      vertex 4.26013 -2.10086 2.2
      vertex 4.35919 -1.88223 0
      vertex 4.35919 -1.88223 2.2
    endloop
  endfacet
  facet normal 0.910864 -0.412707 0
    outer loop
      vertex 4.35919 -1.88223 0
      vertex 4.26013 -2.10086 2.2
      vertex 4.26013 -2.10086 0
    endloop
  endfacet
  facet normal -0.396405 -0.918076 0
    outer loop
      vertex 4.35919 -1.88223 0
      vertex 5.17623 -2.23501 2.2
      vertex 4.35919 -1.88223 2.2
    endloop
  endfacet
  facet normal -0.396405 -0.918076 -0
    outer loop
      vertex 5.17623 -2.23501 2.2
      vertex 4.35919 -1.88223 0
      vertex 5.17623 -2.23501 0
    endloop
  endfacet
  facet normal -0.319977 -0.947425 0
    outer loop
      vertex 5.17623 -2.23501 0
      vertex 5.21638 -2.24857 2.2
      vertex 5.17623 -2.23501 2.2
    endloop
  endfacet
  facet normal -0.319977 -0.947425 -0
    outer loop
      vertex 5.21638 -2.24857 2.2
      vertex 5.17623 -2.23501 0
      vertex 5.21638 -2.24857 0
    endloop
  endfacet
  facet normal -0.215172 -0.976576 0
    outer loop
      vertex 5.21638 -2.24857 0
      vertex 5.34051 -2.27592 2.2
      vertex 5.21638 -2.24857 2.2
    endloop
  endfacet
  facet normal -0.215172 -0.976576 -0
    outer loop
      vertex 5.34051 -2.27592 2.2
      vertex 5.21638 -2.24857 0
      vertex 5.34051 -2.27592 0
    endloop
  endfacet
  facet normal -0.0967134 -0.995312 0
    outer loop
      vertex 5.34051 -2.27592 0
      vertex 5.55138 -2.29641 2.2
      vertex 5.34051 -2.27592 2.2
    endloop
  endfacet
  facet normal -0.0967134 -0.995312 -0
    outer loop
      vertex 5.55138 -2.29641 2.2
      vertex 5.34051 -2.27592 0
      vertex 5.55138 -2.29641 0
    endloop
  endfacet
  facet normal 0.0245112 -0.9997 0
    outer loop
      vertex 5.55138 -2.29641 0
      vertex 5.84789 -2.28914 2.2
      vertex 5.55138 -2.29641 2.2
    endloop
  endfacet
  facet normal 0.0245112 -0.9997 0
    outer loop
      vertex 5.84789 -2.28914 2.2
      vertex 5.55138 -2.29641 0
      vertex 5.84789 -2.28914 0
    endloop
  endfacet
  facet normal 0.145991 -0.989286 0
    outer loop
      vertex 5.84789 -2.28914 0
      vertex 6.22513 -2.23347 2.2
      vertex 5.84789 -2.28914 2.2
    endloop
  endfacet
  facet normal 0.145991 -0.989286 0
    outer loop
      vertex 6.22513 -2.23347 2.2
      vertex 5.84789 -2.28914 0
      vertex 6.22513 -2.23347 0
    endloop
  endfacet
  facet normal 0.265547 -0.964098 0
    outer loop
      vertex 6.22513 -2.23347 0
      vertex 6.67449 -2.1097 2.2
      vertex 6.22513 -2.23347 2.2
    endloop
  endfacet
  facet normal 0.265547 -0.964098 0
    outer loop
      vertex 6.67449 -2.1097 2.2
      vertex 6.22513 -2.23347 0
      vertex 6.67449 -2.1097 0
    endloop
  endfacet
  facet normal 0.965926 -0.258818 0
    outer loop
      vertex 6.67449 -2.1097 2.2
      vertex 6.83513 -1.51018 0
      vertex 6.83513 -1.51018 2.2
    endloop
  endfacet
  facet normal 0.965926 -0.258818 0
    outer loop
      vertex 6.83513 -1.51018 0
      vertex 6.67449 -2.1097 2.2
      vertex 6.67449 -2.1097 0
    endloop
  endfacet
  facet normal 0.712014 0.702166 0
    outer loop
      vertex 6.83513 -1.51018 2.2
      vertex 6.50786 -1.17832 0
      vertex 6.50786 -1.17832 2.2
    endloop
  endfacet
  facet normal 0.712014 0.702166 0
    outer loop
      vertex 6.50786 -1.17832 0
      vertex 6.83513 -1.51018 2.2
      vertex 6.83513 -1.51018 0
    endloop
  endfacet
  facet normal 0.621084 0.783744 -0
    outer loop
      vertex 6.50786 -1.17832 0
      vertex 6.20899 -0.941478 2.2
      vertex 6.50786 -1.17832 2.2
    endloop
  endfacet
  facet normal 0.621084 0.783744 0
    outer loop
      vertex 6.20899 -0.941478 2.2
      vertex 6.50786 -1.17832 0
      vertex 6.20899 -0.941478 0
    endloop
  endfacet
  facet normal 0.521085 0.853505 -0
    outer loop
      vertex 6.20899 -0.941478 0
      vertex 5.95585 -0.78693 2.2
      vertex 6.20899 -0.941478 2.2
    endloop
  endfacet
  facet normal 0.521085 0.853505 0
    outer loop
      vertex 5.95585 -0.78693 2.2
      vertex 6.20899 -0.941478 0
      vertex 5.95585 -0.78693 0
    endloop
  endfacet
  facet normal 0.413857 0.910342 -0
    outer loop
      vertex 5.95585 -0.78693 0
      vertex 5.76298 -0.699248 2.2
      vertex 5.95585 -0.78693 2.2
    endloop
  endfacet
  facet normal 0.413857 0.910342 0
    outer loop
      vertex 5.76298 -0.699248 2.2
      vertex 5.95585 -0.78693 0
      vertex 5.76298 -0.699248 0
    endloop
  endfacet
  facet normal 0.30193 0.95333 -0
    outer loop
      vertex 5.76298 -0.699248 0
      vertex 5.6418 -0.660869 2.2
      vertex 5.76298 -0.699248 2.2
    endloop
  endfacet
  facet normal 0.30193 0.95333 0
    outer loop
      vertex 5.6418 -0.660869 2.2
      vertex 5.76298 -0.699248 0
      vertex 5.6418 -0.660869 0
    endloop
  endfacet
  facet normal 0.196887 0.980426 -0
    outer loop
      vertex 5.6418 -0.660869 0
      vertex 5.60025 -0.652525 2.2
      vertex 5.6418 -0.660869 2.2
    endloop
  endfacet
  facet normal 0.196887 0.980426 0
    outer loop
      vertex 5.60025 -0.652525 2.2
      vertex 5.6418 -0.660869 0
      vertex 5.60025 -0.652525 0
    endloop
  endfacet
  facet normal 0.115725 0.993281 -0
    outer loop
      vertex 5.60025 -0.652525 0
      vertex 4.7163 -0.549538 2.2
      vertex 5.60025 -0.652525 2.2
    endloop
  endfacet
  facet normal 0.115725 0.993281 0
    outer loop
      vertex 4.7163 -0.549538 2.2
      vertex 5.60025 -0.652525 0
      vertex 4.7163 -0.549538 0
    endloop
  endfacet
  facet normal 0.995188 -0.0979845 0
    outer loop
      vertex 4.7163 -0.549538 2.2
      vertex 4.73982 -0.310655 0
      vertex 4.73982 -0.310655 2.2
    endloop
  endfacet
  facet normal 0.995188 -0.0979845 0
    outer loop
      vertex 4.73982 -0.310655 0
      vertex 4.7163 -0.549538 2.2
      vertex 4.7163 -0.549538 0
    endloop
  endfacet
  facet normal 0.999465 -0.0327197 0
    outer loop
      vertex 4.73982 -0.310655 2.2
      vertex 4.74999 9.53674e-07 0
      vertex 4.74999 9.53674e-07 2.2
    endloop
  endfacet
  facet normal 0.999465 -0.0327197 0
    outer loop
      vertex 4.74999 9.53674e-07 0
      vertex 4.73982 -0.310655 2.2
      vertex 4.73982 -0.310655 0
    endloop
  endfacet
  facet normal 0.999465 0.0327177 0
    outer loop
      vertex 4.74999 9.53674e-07 2.2
      vertex 4.73982 0.310675 0
      vertex 4.73982 0.310675 2.2
    endloop
  endfacet
  facet normal 0.999465 0.0327177 0
    outer loop
      vertex 4.73982 0.310675 0
      vertex 4.74999 9.53674e-07 2.2
      vertex 4.74999 9.53674e-07 0
    endloop
  endfacet
  facet normal 0.995183 0.098033 0
    outer loop
      vertex 4.73982 0.310675 2.2
      vertex 4.71629 0.54954 0
      vertex 4.71629 0.54954 2.2
    endloop
  endfacet
  facet normal 0.995183 0.098033 0
    outer loop
      vertex 4.71629 0.54954 0
      vertex 4.73982 0.310675 2.2
      vertex 4.73982 0.310675 0
    endloop
  endfacet
  facet normal 0.115731 -0.993281 0
    outer loop
      vertex 4.71629 0.54954 0
      vertex 5.60026 0.652535 2.2
      vertex 4.71629 0.54954 2.2
    endloop
  endfacet
  facet normal 0.115731 -0.993281 0
    outer loop
      vertex 5.60026 0.652535 2.2
      vertex 4.71629 0.54954 0
      vertex 5.60026 0.652535 0
    endloop
  endfacet
  facet normal 0.196751 -0.980453 0
    outer loop
      vertex 5.60026 0.652535 0
      vertex 5.64181 0.660873 2.2
      vertex 5.60026 0.652535 2.2
    endloop
  endfacet
  facet normal 0.196751 -0.980453 0
    outer loop
      vertex 5.64181 0.660873 2.2
      vertex 5.60026 0.652535 0
      vertex 5.64181 0.660873 0
    endloop
  endfacet
  facet normal 0.30193 -0.95333 0
    outer loop
      vertex 5.64181 0.660873 0
      vertex 5.76299 0.699252 2.2
      vertex 5.64181 0.660873 2.2
    endloop
  endfacet
  facet normal 0.30193 -0.95333 0
    outer loop
      vertex 5.76299 0.699252 2.2
      vertex 5.64181 0.660873 0
      vertex 5.76299 0.699252 0
    endloop
  endfacet
  facet normal 0.413845 -0.910347 0
    outer loop
      vertex 5.76299 0.699252 0
      vertex 5.95586 0.786931 2.2
      vertex 5.76299 0.699252 2.2
    endloop
  endfacet
  facet normal 0.413845 -0.910347 0
    outer loop
      vertex 5.95586 0.786931 2.2
      vertex 5.76299 0.699252 0
      vertex 5.95586 0.786931 0
    endloop
  endfacet
  facet normal 0.5211 -0.853496 0
    outer loop
      vertex 5.95586 0.786931 0
      vertex 6.209 0.941485 2.2
      vertex 5.95586 0.786931 2.2
    endloop
  endfacet
  facet normal 0.5211 -0.853496 0
    outer loop
      vertex 6.209 0.941485 2.2
      vertex 5.95586 0.786931 0
      vertex 6.209 0.941485 0
    endloop
  endfacet
  facet normal 0.621073 -0.783753 0
    outer loop
      vertex 6.209 0.941485 0
      vertex 6.50787 1.17832 2.2
      vertex 6.209 0.941485 2.2
    endloop
  endfacet
  facet normal 0.621073 -0.783753 0
    outer loop
      vertex 6.50787 1.17832 2.2
      vertex 6.209 0.941485 0
      vertex 6.50787 1.17832 0
    endloop
  endfacet
  facet normal 0.712024 -0.702155 0
    outer loop
      vertex 6.50787 1.17832 2.2
      vertex 6.83514 1.51019 0
      vertex 6.83514 1.51019 2.2
    endloop
  endfacet
  facet normal 0.712024 -0.702155 0
    outer loop
      vertex 6.83514 1.51019 0
      vertex 6.50787 1.17832 2.2
      vertex 6.50787 1.17832 0
    endloop
  endfacet
  facet normal 0.965926 0.258818 0
    outer loop
      vertex 6.83514 1.51019 2.2
      vertex 6.6745 2.10971 0
      vertex 6.6745 2.10971 2.2
    endloop
  endfacet
  facet normal 0.965926 0.258818 0
    outer loop
      vertex 6.6745 2.10971 0
      vertex 6.83514 1.51019 2.2
      vertex 6.83514 1.51019 0
    endloop
  endfacet
  facet normal 0.265547 0.964098 -0
    outer loop
      vertex 6.6745 2.10971 0
      vertex 6.22514 2.23348 2.2
      vertex 6.6745 2.10971 2.2
    endloop
  endfacet
  facet normal 0.265547 0.964098 0
    outer loop
      vertex 6.22514 2.23348 2.2
      vertex 6.6745 2.10971 0
      vertex 6.22514 2.23348 0
    endloop
  endfacet
  facet normal 0.145987 0.989287 -0
    outer loop
      vertex 6.22514 2.23348 0
      vertex 5.84789 2.28915 2.2
      vertex 6.22514 2.23348 2.2
    endloop
  endfacet
  facet normal 0.145987 0.989287 0
    outer loop
      vertex 5.84789 2.28915 2.2
      vertex 6.22514 2.23348 0
      vertex 5.84789 2.28915 0
    endloop
  endfacet
  facet normal 0.0245457 0.999699 -0
    outer loop
      vertex 5.84789 2.28915 0
      vertex 5.55139 2.29643 2.2
      vertex 5.84789 2.28915 2.2
    endloop
  endfacet
  facet normal 0.0245457 0.999699 0
    outer loop
      vertex 5.55139 2.29643 2.2
      vertex 5.84789 2.28915 0
      vertex 5.55139 2.29643 0
    endloop
  endfacet
  facet normal -0.0967601 0.995308 0
    outer loop
      vertex 5.55139 2.29643 0
      vertex 5.34052 2.27593 2.2
      vertex 5.55139 2.29643 2.2
    endloop
  endfacet
  facet normal -0.0967601 0.995308 0
    outer loop
      vertex 5.34052 2.27593 2.2
      vertex 5.55139 2.29643 0
      vertex 5.34052 2.27593 0
    endloop
  endfacet
  facet normal -0.215247 0.97656 0
    outer loop
      vertex 5.34052 2.27593 0
      vertex 5.21639 2.24857 2.2
      vertex 5.34052 2.27593 2.2
    endloop
  endfacet
  facet normal -0.215247 0.97656 0
    outer loop
      vertex 5.21639 2.24857 2.2
      vertex 5.34052 2.27593 0
      vertex 5.21639 2.24857 0
    endloop
  endfacet
  facet normal -0.319694 0.947521 0
    outer loop
      vertex 5.21639 2.24857 0
      vertex 5.17623 2.23502 2.2
      vertex 5.21639 2.24857 2.2
    endloop
  endfacet
  facet normal -0.319694 0.947521 0
    outer loop
      vertex 5.17623 2.23502 2.2
      vertex 5.21639 2.24857 0
      vertex 5.17623 2.23502 0
    endloop
  endfacet
  facet normal -0.396414 0.918072 0
    outer loop
      vertex 5.17623 2.23502 0
      vertex 4.35919 1.88223 2.2
      vertex 5.17623 2.23502 2.2
    endloop
  endfacet
  facet normal -0.396414 0.918072 0
    outer loop
      vertex 4.35919 1.88223 2.2
      vertex 5.17623 2.23502 0
      vertex 4.35919 1.88223 0
    endloop
  endfacet
  facet normal 0.910879 0.412673 0
    outer loop
      vertex 4.35919 1.88223 2.2
      vertex 4.26014 2.10086 0
      vertex 4.26014 2.10086 2.2
    endloop
  endfacet
  facet normal 0.910879 0.412673 0
    outer loop
      vertex 4.26014 2.10086 0
      vertex 4.35919 1.88223 2.2
      vertex 4.35919 1.88223 0
    endloop
  endfacet
  facet normal 0.881915 0.471408 0
    outer loop
      vertex 4.26014 2.10086 2.2
      vertex 4.11361 2.37499 0
      vertex 4.11361 2.37499 2.2
    endloop
  endfacet
  facet normal 0.881915 0.471408 0
    outer loop
      vertex 4.11361 2.37499 0
      vertex 4.26014 2.10086 2.2
      vertex 4.26014 2.10086 0
    endloop
  endfacet
  facet normal 0.849209 0.528057 0
    outer loop
      vertex 4.11361 2.37499 2.2
      vertex 3.94948 2.63894 0
      vertex 3.94948 2.63894 2.2
    endloop
  endfacet
  facet normal 0.849209 0.528057 0
    outer loop
      vertex 3.94948 2.63894 0
      vertex 4.11361 2.37499 2.2
      vertex 4.11361 2.37499 0
    endloop
  endfacet
  facet normal 0.812849 0.582475 0
    outer loop
      vertex 3.94948 2.63894 2.2
      vertex 3.80966 2.83406 0
      vertex 3.80966 2.83406 2.2
    endloop
  endfacet
  facet normal 0.812849 0.582475 0
    outer loop
      vertex 3.80966 2.83406 0
      vertex 3.94948 2.63894 2.2
      vertex 3.94948 2.63894 0
    endloop
  endfacet
  facet normal 0.596865 -0.802341 0
    outer loop
      vertex 3.80966 2.83406 0
      vertex 4.52369 3.36523 2.2
      vertex 3.80966 2.83406 2.2
    endloop
  endfacet
  facet normal 0.596865 -0.802341 0
    outer loop
      vertex 4.52369 3.36523 2.2
      vertex 3.80966 2.83406 0
      vertex 4.52369 3.36523 0
    endloop
  endfacet
  facet normal 0.660607 -0.750732 0
    outer loop
      vertex 4.52369 3.36523 0
      vertex 4.55551 3.39323 2.2
      vertex 4.52369 3.36523 2.2
    endloop
  endfacet
  facet normal 0.660607 -0.750732 0
    outer loop
      vertex 4.55551 3.39323 2.2
      vertex 4.52369 3.36523 0
      vertex 4.55551 3.39323 0
    endloop
  endfacet
  facet normal 0.738175 -0.674609 0
    outer loop
      vertex 4.55551 3.39323 2.2
      vertex 4.64126 3.48706 0
      vertex 4.64126 3.48706 2.2
    endloop
  endfacet
  facet normal 0.738175 -0.674609 0
    outer loop
      vertex 4.64126 3.48706 0
      vertex 4.55551 3.39323 2.2
      vertex 4.55551 3.39323 0
    endloop
  endfacet
  facet normal 0.81358 -0.581452 0
    outer loop
      vertex 4.64126 3.48706 2.2
      vertex 4.76445 3.65943 0
      vertex 4.76445 3.65943 2.2
    endloop
  endfacet
  facet normal 0.81358 -0.581452 0
    outer loop
      vertex 4.76445 3.65943 0
      vertex 4.64126 3.48706 2.2
      vertex 4.64126 3.48706 0
    endloop
  endfacet
  facet normal 0.878012 -0.47864 0
    outer loop
      vertex 4.76445 3.65943 2.2
      vertex 4.90641 3.91984 0
      vertex 4.90641 3.91984 2.2
    endloop
  endfacet
  facet normal 0.878012 -0.47864 0
    outer loop
      vertex 4.90641 3.91984 0
      vertex 4.76445 3.65943 2.2
      vertex 4.76445 3.65943 0
    endloop
  endfacet
  facet normal 0.929752 -0.368187 0
    outer loop
      vertex 4.90641 3.91984 2.2
      vertex 5.04681 4.27438 0
      vertex 5.04681 4.27438 2.2
    endloop
  endfacet
  facet normal 0.929752 -0.368187 0
    outer loop
      vertex 5.04681 4.27438 0
      vertex 4.90641 3.91984 2.2
      vertex 4.90641 3.91984 0
    endloop
  endfacet
  facet normal 0.967702 -0.252095 0
    outer loop
      vertex 5.04681 4.27438 2.2
      vertex 5.16431 4.72542 0
      vertex 5.16431 4.72542 2.2
    endloop
  endfacet
  facet normal 0.967702 -0.252095 0
    outer loop
      vertex 5.16431 4.72542 0
      vertex 5.04681 4.27438 2.2
      vertex 5.04681 4.27438 0
    endloop
  endfacet
  facet normal 0.707107 0.707107 0
    outer loop
      vertex 5.16431 4.72542 2.2
      vertex 4.72543 5.1643 0
      vertex 4.72543 5.1643 2.2
    endloop
  endfacet
  facet normal 0.707107 0.707107 0
    outer loop
      vertex 4.72543 5.1643 0
      vertex 5.16431 4.72542 2.2
      vertex 5.16431 4.72542 0
    endloop
  endfacet
  facet normal -0.252075 0.967708 0
    outer loop
      vertex 4.72543 5.1643 0
      vertex 4.27439 5.04681 2.2
      vertex 4.72543 5.1643 2.2
    endloop
  endfacet
  facet normal -0.252075 0.967708 0
    outer loop
      vertex 4.27439 5.04681 2.2
      vertex 4.72543 5.1643 0
      vertex 4.27439 5.04681 0
    endloop
  endfacet
  facet normal -0.36821 0.929743 0
    outer loop
      vertex 4.27439 5.04681 0
      vertex 3.91985 4.9064 2.2
      vertex 4.27439 5.04681 2.2
    endloop
  endfacet
  facet normal -0.36821 0.929743 0
    outer loop
      vertex 3.91985 4.9064 2.2
      vertex 4.27439 5.04681 0
      vertex 3.91985 4.9064 0
    endloop
  endfacet
  facet normal -0.478625 0.878019 0
    outer loop
      vertex 3.91985 4.9064 0
      vertex 3.65943 4.76444 2.2
      vertex 3.91985 4.9064 2.2
    endloop
  endfacet
  facet normal -0.478625 0.878019 0
    outer loop
      vertex 3.65943 4.76444 2.2
      vertex 3.91985 4.9064 0
      vertex 3.65943 4.76444 0
    endloop
  endfacet
  facet normal -0.581421 0.813603 0
    outer loop
      vertex 3.65943 4.76444 0
      vertex 3.48706 4.64126 2.2
      vertex 3.65943 4.76444 2.2
    endloop
  endfacet
  facet normal -0.581421 0.813603 0
    outer loop
      vertex 3.48706 4.64126 2.2
      vertex 3.65943 4.76444 0
      vertex 3.48706 4.64126 0
    endloop
  endfacet
  facet normal -0.674609 0.738175 0
    outer loop
      vertex 3.48706 4.64126 0
      vertex 3.39323 4.55551 2.2
      vertex 3.48706 4.64126 2.2
    endloop
  endfacet
  facet normal -0.674609 0.738175 0
    outer loop
      vertex 3.39323 4.55551 2.2
      vertex 3.48706 4.64126 0
      vertex 3.39323 4.55551 0
    endloop
  endfacet
  facet normal -0.750849 0.660474 0
    outer loop
      vertex 3.36524 4.52369 0
      vertex 3.39323 4.55551 2.2
      vertex 3.39323 4.55551 0
    endloop
  endfacet
  facet normal -0.750849 0.660474 0
    outer loop
      vertex 3.39323 4.55551 2.2
      vertex 3.36524 4.52369 0
      vertex 3.36524 4.52369 2.2
    endloop
  endfacet
  facet normal -0.802335 0.596874 0
    outer loop
      vertex 2.83405 3.80965 0
      vertex 3.36524 4.52369 2.2
      vertex 3.36524 4.52369 0
    endloop
  endfacet
  facet normal -0.802335 0.596874 0
    outer loop
      vertex 3.36524 4.52369 2.2
      vertex 2.83405 3.80965 0
      vertex 2.83405 3.80965 2.2
    endloop
  endfacet
  facet normal 0.582514 0.81282 -0
    outer loop
      vertex 2.83405 3.80965 0
      vertex 2.63895 3.94947 2.2
      vertex 2.83405 3.80965 2.2
    endloop
  endfacet
  facet normal 0.582514 0.81282 0
    outer loop
      vertex 2.63895 3.94947 2.2
      vertex 2.83405 3.80965 0
      vertex 2.63895 3.94947 0
    endloop
  endfacet
  facet normal 0.528066 0.849203 -0
    outer loop
      vertex 2.63895 3.94947 0
      vertex 2.37499 4.11361 2.2
      vertex 2.63895 3.94947 2.2
    endloop
  endfacet
  facet normal 0.528066 0.849203 0
    outer loop
      vertex 2.37499 4.11361 2.2
      vertex 2.63895 3.94947 0
      vertex 2.37499 4.11361 0
    endloop
  endfacet
  facet normal 0.471383 0.881929 -0
    outer loop
      vertex 2.37499 4.11361 0
      vertex 2.10086 4.26013 2.2
      vertex 2.37499 4.11361 2.2
    endloop
  endfacet
  facet normal 0.471383 0.881929 0
    outer loop
      vertex 2.10086 4.26013 2.2
      vertex 2.37499 4.11361 0
      vertex 2.10086 4.26013 0
    endloop
  endfacet
  facet normal 0.412707 0.910864 -0
    outer loop
      vertex 2.10086 4.26013 0
      vertex 1.88223 4.35919 2.2
      vertex 2.10086 4.26013 2.2
    endloop
  endfacet
  facet normal 0.412707 0.910864 0
    outer loop
      vertex 1.88223 4.35919 2.2
      vertex 2.10086 4.26013 0
      vertex 1.88223 4.35919 0
    endloop
  endfacet
  facet normal 0.918076 -0.396405 0
    outer loop
      vertex 1.88223 4.35919 2.2
      vertex 2.23501 5.17623 0
      vertex 2.23501 5.17623 2.2
    endloop
  endfacet
  facet normal 0.918076 -0.396405 0
    outer loop
      vertex 2.23501 5.17623 0
      vertex 1.88223 4.35919 2.2
      vertex 1.88223 4.35919 0
    endloop
  endfacet
  facet normal 0.947425 -0.319977 0
    outer loop
      vertex 2.23501 5.17623 2.2
      vertex 2.24857 5.21638 0
      vertex 2.24857 5.21638 2.2
    endloop
  endfacet
  facet normal 0.947425 -0.319977 0
    outer loop
      vertex 2.24857 5.21638 0
      vertex 2.23501 5.17623 2.2
      vertex 2.23501 5.17623 0
    endloop
  endfacet
  facet normal 0.976576 -0.215172 0
    outer loop
      vertex 2.24857 5.21638 2.2
      vertex 2.27592 5.34051 0
      vertex 2.27592 5.34051 2.2
    endloop
  endfacet
  facet normal 0.976576 -0.215172 0
    outer loop
      vertex 2.27592 5.34051 0
      vertex 2.24857 5.21638 2.2
      vertex 2.24857 5.21638 0
    endloop
  endfacet
  facet normal 0.995312 -0.0967134 0
    outer loop
      vertex 2.27592 5.34051 2.2
      vertex 2.29641 5.55138 0
      vertex 2.29641 5.55138 2.2
    endloop
  endfacet
  facet normal 0.995312 -0.0967134 0
    outer loop
      vertex 2.29641 5.55138 0
      vertex 2.27592 5.34051 2.2
      vertex 2.27592 5.34051 0
    endloop
  endfacet
  facet normal 0.9997 0.0245112 0
    outer loop
      vertex 2.29641 5.55138 2.2
      vertex 2.28914 5.84789 0
      vertex 2.28914 5.84789 2.2
    endloop
  endfacet
  facet normal 0.9997 0.0245112 0
    outer loop
      vertex 2.28914 5.84789 0
      vertex 2.29641 5.55138 2.2
      vertex 2.29641 5.55138 0
    endloop
  endfacet
  facet normal 0.989286 0.145991 0
    outer loop
      vertex 2.28914 5.84789 2.2
      vertex 2.23347 6.22513 0
      vertex 2.23347 6.22513 2.2
    endloop
  endfacet
  facet normal 0.989286 0.145991 0
    outer loop
      vertex 2.23347 6.22513 0
      vertex 2.28914 5.84789 2.2
      vertex 2.28914 5.84789 0
    endloop
  endfacet
  facet normal 0.964098 0.265547 0
    outer loop
      vertex 2.23347 6.22513 2.2
      vertex 2.1097 6.67449 0
      vertex 2.1097 6.67449 2.2
    endloop
  endfacet
  facet normal 0.964098 0.265547 0
    outer loop
      vertex 2.1097 6.67449 0
      vertex 2.23347 6.22513 2.2
      vertex 2.23347 6.22513 0
    endloop
  endfacet
  facet normal 0.258818 0.965926 -0
    outer loop
      vertex 2.1097 6.67449 0
      vertex 1.51018 6.83513 2.2
      vertex 2.1097 6.67449 2.2
    endloop
  endfacet
  facet normal 0.258818 0.965926 0
    outer loop
      vertex 1.51018 6.83513 2.2
      vertex 2.1097 6.67449 0
      vertex 1.51018 6.83513 0
    endloop
  endfacet
  facet normal -0.702166 0.712014 0
    outer loop
      vertex 1.51018 6.83513 0
      vertex 1.17832 6.50786 2.2
      vertex 1.51018 6.83513 2.2
    endloop
  endfacet
  facet normal -0.702166 0.712014 0
    outer loop
      vertex 1.17832 6.50786 2.2
      vertex 1.51018 6.83513 0
      vertex 1.17832 6.50786 0
    endloop
  endfacet
  facet normal -0.783744 0.621084 0
    outer loop
      vertex 0.941478 6.20899 0
      vertex 1.17832 6.50786 2.2
      vertex 1.17832 6.50786 0
    endloop
  endfacet
  facet normal -0.783744 0.621084 0
    outer loop
      vertex 1.17832 6.50786 2.2
      vertex 0.941478 6.20899 0
      vertex 0.941478 6.20899 2.2
    endloop
  endfacet
  facet normal -0.853505 0.521085 0
    outer loop
      vertex 0.78693 5.95585 0
      vertex 0.941478 6.20899 2.2
      vertex 0.941478 6.20899 0
    endloop
  endfacet
  facet normal -0.853505 0.521085 0
    outer loop
      vertex 0.941478 6.20899 2.2
      vertex 0.78693 5.95585 0
      vertex 0.78693 5.95585 2.2
    endloop
  endfacet
  facet normal -0.910342 0.413857 0
    outer loop
      vertex 0.699248 5.76298 0
      vertex 0.78693 5.95585 2.2
      vertex 0.78693 5.95585 0
    endloop
  endfacet
  facet normal -0.910342 0.413857 0
    outer loop
      vertex 0.78693 5.95585 2.2
      vertex 0.699248 5.76298 0
      vertex 0.699248 5.76298 2.2
    endloop
  endfacet
  facet normal -0.95333 0.30193 0
    outer loop
      vertex 0.660869 5.6418 0
      vertex 0.699248 5.76298 2.2
      vertex 0.699248 5.76298 0
    endloop
  endfacet
  facet normal -0.95333 0.30193 0
    outer loop
      vertex 0.699248 5.76298 2.2
      vertex 0.660869 5.6418 0
      vertex 0.660869 5.6418 2.2
    endloop
  endfacet
  facet normal -0.980426 0.196887 0
    outer loop
      vertex 0.652525 5.60025 0
      vertex 0.660869 5.6418 2.2
      vertex 0.660869 5.6418 0
    endloop
  endfacet
  facet normal -0.980426 0.196887 0
    outer loop
      vertex 0.660869 5.6418 2.2
      vertex 0.652525 5.60025 0
      vertex 0.652525 5.60025 2.2
    endloop
  endfacet
  facet normal -0.993281 0.115725 0
    outer loop
      vertex 0.549538 4.7163 0
      vertex 0.652525 5.60025 2.2
      vertex 0.652525 5.60025 0
    endloop
  endfacet
  facet normal -0.993281 0.115725 0
    outer loop
      vertex 0.652525 5.60025 2.2
      vertex 0.549538 4.7163 0
      vertex 0.549538 4.7163 2.2
    endloop
  endfacet
  facet normal 0.0979845 0.995188 -0
    outer loop
      vertex 0.549538 4.7163 0
      vertex 0.310655 4.73982 2.2
      vertex 0.549538 4.7163 2.2
    endloop
  endfacet
  facet normal 0.0979845 0.995188 0
    outer loop
      vertex 0.310655 4.73982 2.2
      vertex 0.549538 4.7163 0
      vertex 0.310655 4.73982 0
    endloop
  endfacet
  facet normal 0.0327197 0.999465 -0
    outer loop
      vertex 0.310655 4.73982 0
      vertex -9.53674e-07 4.74999 2.2
      vertex 0.310655 4.73982 2.2
    endloop
  endfacet
  facet normal 0.0327197 0.999465 0
    outer loop
      vertex -9.53674e-07 4.74999 2.2
      vertex 0.310655 4.73982 0
      vertex -9.53674e-07 4.74999 0
    endloop
  endfacet
  facet normal -0.0327177 0.999465 0
    outer loop
      vertex -9.53674e-07 4.74999 0
      vertex -0.310675 4.73982 2.2
      vertex -9.53674e-07 4.74999 2.2
    endloop
  endfacet
  facet normal -0.0327177 0.999465 0
    outer loop
      vertex -0.310675 4.73982 2.2
      vertex -9.53674e-07 4.74999 0
      vertex -0.310675 4.73982 0
    endloop
  endfacet
  facet normal -0.098033 0.995183 0
    outer loop
      vertex -0.310675 4.73982 0
      vertex -0.54954 4.71629 2.2
      vertex -0.310675 4.73982 2.2
    endloop
  endfacet
  facet normal -0.098033 0.995183 0
    outer loop
      vertex -0.54954 4.71629 2.2
      vertex -0.310675 4.73982 0
      vertex -0.54954 4.71629 0
    endloop
  endfacet
  facet normal 0.993281 0.115731 0
    outer loop
      vertex -0.54954 4.71629 2.2
      vertex -0.652535 5.60026 0
      vertex -0.652535 5.60026 2.2
    endloop
  endfacet
  facet normal 0.993281 0.115731 0
    outer loop
      vertex -0.652535 5.60026 0
      vertex -0.54954 4.71629 2.2
      vertex -0.54954 4.71629 0
    endloop
  endfacet
  facet normal 0.980453 0.196751 0
    outer loop
      vertex -0.652535 5.60026 2.2
      vertex -0.660873 5.64181 0
      vertex -0.660873 5.64181 2.2
    endloop
  endfacet
  facet normal 0.980453 0.196751 0
    outer loop
      vertex -0.660873 5.64181 0
      vertex -0.652535 5.60026 2.2
      vertex -0.652535 5.60026 0
    endloop
  endfacet
  facet normal 0.95333 0.30193 0
    outer loop
      vertex -0.660873 5.64181 2.2
      vertex -0.699252 5.76299 0
      vertex -0.699252 5.76299 2.2
    endloop
  endfacet
  facet normal 0.95333 0.30193 0
    outer loop
      vertex -0.699252 5.76299 0
      vertex -0.660873 5.64181 2.2
      vertex -0.660873 5.64181 0
    endloop
  endfacet
  facet normal 0.910347 0.413845 0
    outer loop
      vertex -0.699252 5.76299 2.2
      vertex -0.786931 5.95586 0
      vertex -0.786931 5.95586 2.2
    endloop
  endfacet
  facet normal 0.910347 0.413845 0
    outer loop
      vertex -0.786931 5.95586 0
      vertex -0.699252 5.76299 2.2
      vertex -0.699252 5.76299 0
    endloop
  endfacet
  facet normal 0.853496 0.5211 0
    outer loop
      vertex -0.786931 5.95586 2.2
      vertex -0.941485 6.209 0
      vertex -0.941485 6.209 2.2
    endloop
  endfacet
  facet normal 0.853496 0.5211 0
    outer loop
      vertex -0.941485 6.209 0
      vertex -0.786931 5.95586 2.2
      vertex -0.786931 5.95586 0
    endloop
  endfacet
  facet normal 0.783753 0.621073 0
    outer loop
      vertex -0.941485 6.209 2.2
      vertex -1.17832 6.50787 0
      vertex -1.17832 6.50787 2.2
    endloop
  endfacet
  facet normal 0.783753 0.621073 0
    outer loop
      vertex -1.17832 6.50787 0
      vertex -0.941485 6.209 2.2
      vertex -0.941485 6.209 0
    endloop
  endfacet
  facet normal 0.702155 0.712024 -0
    outer loop
      vertex -1.17832 6.50787 0
      vertex -1.51019 6.83514 2.2
      vertex -1.17832 6.50787 2.2
    endloop
  endfacet
  facet normal 0.702155 0.712024 0
    outer loop
      vertex -1.51019 6.83514 2.2
      vertex -1.17832 6.50787 0
      vertex -1.51019 6.83514 0
    endloop
  endfacet
  facet normal -0.258818 0.965926 0
    outer loop
      vertex -1.51019 6.83514 0
      vertex -2.10971 6.6745 2.2
      vertex -1.51019 6.83514 2.2
    endloop
  endfacet
  facet normal -0.258818 0.965926 0
    outer loop
      vertex -2.10971 6.6745 2.2
      vertex -1.51019 6.83514 0
      vertex -2.10971 6.6745 0
    endloop
  endfacet
  facet normal -0.964098 0.265547 0
    outer loop
      vertex -2.23348 6.22514 0
      vertex -2.10971 6.6745 2.2
      vertex -2.10971 6.6745 0
    endloop
  endfacet
  facet normal -0.964098 0.265547 0
    outer loop
      vertex -2.10971 6.6745 2.2
      vertex -2.23348 6.22514 0
      vertex -2.23348 6.22514 2.2
    endloop
  endfacet
  facet normal -0.989287 0.145987 0
    outer loop
      vertex -2.28915 5.84789 0
      vertex -2.23348 6.22514 2.2
      vertex -2.23348 6.22514 0
    endloop
  endfacet
  facet normal -0.989287 0.145987 0
    outer loop
      vertex -2.23348 6.22514 2.2
      vertex -2.28915 5.84789 0
      vertex -2.28915 5.84789 2.2
    endloop
  endfacet
  facet normal -0.999699 0.0245457 0
    outer loop
      vertex -2.29643 5.55139 0
      vertex -2.28915 5.84789 2.2
      vertex -2.28915 5.84789 0
    endloop
  endfacet
  facet normal -0.999699 0.0245457 0
    outer loop
      vertex -2.28915 5.84789 2.2
      vertex -2.29643 5.55139 0
      vertex -2.29643 5.55139 2.2
    endloop
  endfacet
  facet normal -0.995308 -0.0967601 0
    outer loop
      vertex -2.27593 5.34052 0
      vertex -2.29643 5.55139 2.2
      vertex -2.29643 5.55139 0
    endloop
  endfacet
  facet normal -0.995308 -0.0967601 0
    outer loop
      vertex -2.29643 5.55139 2.2
      vertex -2.27593 5.34052 0
      vertex -2.27593 5.34052 2.2
    endloop
  endfacet
  facet normal -0.97656 -0.215247 0
    outer loop
      vertex -2.24857 5.21639 0
      vertex -2.27593 5.34052 2.2
      vertex -2.27593 5.34052 0
    endloop
  endfacet
  facet normal -0.97656 -0.215247 0
    outer loop
      vertex -2.27593 5.34052 2.2
      vertex -2.24857 5.21639 0
      vertex -2.24857 5.21639 2.2
    endloop
  endfacet
  facet normal -0.947521 -0.319694 0
    outer loop
      vertex -2.23502 5.17623 0
      vertex -2.24857 5.21639 2.2
      vertex -2.24857 5.21639 0
    endloop
  endfacet
  facet normal -0.947521 -0.319694 0
    outer loop
      vertex -2.24857 5.21639 2.2
      vertex -2.23502 5.17623 0
      vertex -2.23502 5.17623 2.2
    endloop
  endfacet
  facet normal -0.918072 -0.396414 0
    outer loop
      vertex -1.88223 4.35919 0
      vertex -2.23502 5.17623 2.2
      vertex -2.23502 5.17623 0
    endloop
  endfacet
  facet normal -0.918072 -0.396414 0
    outer loop
      vertex -2.23502 5.17623 2.2
      vertex -1.88223 4.35919 0
      vertex -1.88223 4.35919 2.2
    endloop
  endfacet
  facet normal -0.412673 0.910879 0
    outer loop
      vertex -1.88223 4.35919 0
      vertex -2.10086 4.26014 2.2
      vertex -1.88223 4.35919 2.2
    endloop
  endfacet
  facet normal -0.412673 0.910879 0
    outer loop
      vertex -2.10086 4.26014 2.2
      vertex -1.88223 4.35919 0
      vertex -2.10086 4.26014 0
    endloop
  endfacet
  facet normal -0.471408 0.881915 0
    outer loop
      vertex -2.10086 4.26014 0
      vertex -2.37499 4.11361 2.2
      vertex -2.10086 4.26014 2.2
    endloop
  endfacet
  facet normal -0.471408 0.881915 0
    outer loop
      vertex -2.37499 4.11361 2.2
      vertex -2.10086 4.26014 0
      vertex -2.37499 4.11361 0
    endloop
  endfacet
  facet normal -0.528057 0.849209 0
    outer loop
      vertex -2.37499 4.11361 0
      vertex -2.63894 3.94948 2.2
      vertex -2.37499 4.11361 2.2
    endloop
  endfacet
  facet normal -0.528057 0.849209 0
    outer loop
      vertex -2.63894 3.94948 2.2
      vertex -2.37499 4.11361 0
      vertex -2.63894 3.94948 0
    endloop
  endfacet
  facet normal -0.582475 0.812849 0
    outer loop
      vertex -2.63894 3.94948 0
      vertex -2.83406 3.80966 2.2
      vertex -2.63894 3.94948 2.2
    endloop
  endfacet
  facet normal -0.582475 0.812849 0
    outer loop
      vertex -2.83406 3.80966 2.2
      vertex -2.63894 3.94948 0
      vertex -2.83406 3.80966 0
    endloop
  endfacet
  facet normal 0.802341 0.596865 0
    outer loop
      vertex -2.83406 3.80966 2.2
      vertex -3.36523 4.52369 0
      vertex -3.36523 4.52369 2.2
    endloop
  endfacet
  facet normal 0.802341 0.596865 0
    outer loop
      vertex -3.36523 4.52369 0
      vertex -2.83406 3.80966 2.2
      vertex -2.83406 3.80966 0
    endloop
  endfacet
  facet normal 0.750732 0.660607 0
    outer loop
      vertex -3.36523 4.52369 2.2
      vertex -3.39323 4.55551 0
      vertex -3.39323 4.55551 2.2
    endloop
  endfacet
  facet normal 0.750732 0.660607 0
    outer loop
      vertex -3.39323 4.55551 0
      vertex -3.36523 4.52369 2.2
      vertex -3.36523 4.52369 0
    endloop
  endfacet
  facet normal 0.674609 0.738175 -0
    outer loop
      vertex -3.39323 4.55551 0
      vertex -3.48706 4.64126 2.2
      vertex -3.39323 4.55551 2.2
    endloop
  endfacet
  facet normal 0.674609 0.738175 0
    outer loop
      vertex -3.48706 4.64126 2.2
      vertex -3.39323 4.55551 0
      vertex -3.48706 4.64126 0
    endloop
  endfacet
  facet normal 0.581452 0.81358 -0
    outer loop
      vertex -3.48706 4.64126 0
      vertex -3.65943 4.76445 2.2
      vertex -3.48706 4.64126 2.2
    endloop
  endfacet
  facet normal 0.581452 0.81358 0
    outer loop
      vertex -3.65943 4.76445 2.2
      vertex -3.48706 4.64126 0
      vertex -3.65943 4.76445 0
    endloop
  endfacet
  facet normal 0.47864 0.878012 -0
    outer loop
      vertex -3.65943 4.76445 0
      vertex -3.91984 4.90641 2.2
      vertex -3.65943 4.76445 2.2
    endloop
  endfacet
  facet normal 0.47864 0.878012 0
    outer loop
      vertex -3.91984 4.90641 2.2
      vertex -3.65943 4.76445 0
      vertex -3.91984 4.90641 0
    endloop
  endfacet
  facet normal 0.368187 0.929752 -0
    outer loop
      vertex -3.91984 4.90641 0
      vertex -4.27438 5.04681 2.2
      vertex -3.91984 4.90641 2.2
    endloop
  endfacet
  facet normal 0.368187 0.929752 0
    outer loop
      vertex -4.27438 5.04681 2.2
      vertex -3.91984 4.90641 0
      vertex -4.27438 5.04681 0
    endloop
  endfacet
  facet normal 0.252095 0.967702 -0
    outer loop
      vertex -4.27438 5.04681 0
      vertex -4.72542 5.16431 2.2
      vertex -4.27438 5.04681 2.2
    endloop
  endfacet
  facet normal 0.252095 0.967702 0
    outer loop
      vertex -4.72542 5.16431 2.2
      vertex -4.27438 5.04681 0
      vertex -4.72542 5.16431 0
    endloop
  endfacet
  facet normal -0.707107 0.707107 0
    outer loop
      vertex -4.72542 5.16431 0
      vertex -5.1643 4.72543 2.2
      vertex -4.72542 5.16431 2.2
    endloop
  endfacet
  facet normal -0.707107 0.707107 0
    outer loop
      vertex -5.1643 4.72543 2.2
      vertex -4.72542 5.16431 0
      vertex -5.1643 4.72543 0
    endloop
  endfacet
  facet normal -0.967708 -0.252075 0
    outer loop
      vertex -5.04681 4.27439 0
      vertex -5.1643 4.72543 2.2
      vertex -5.1643 4.72543 0
    endloop
  endfacet
  facet normal -0.967708 -0.252075 0
    outer loop
      vertex -5.1643 4.72543 2.2
      vertex -5.04681 4.27439 0
      vertex -5.04681 4.27439 2.2
    endloop
  endfacet
  facet normal -0.929743 -0.36821 0
    outer loop
      vertex -4.9064 3.91985 0
      vertex -5.04681 4.27439 2.2
      vertex -5.04681 4.27439 0
    endloop
  endfacet
  facet normal -0.929743 -0.36821 0
    outer loop
      vertex -5.04681 4.27439 2.2
      vertex -4.9064 3.91985 0
      vertex -4.9064 3.91985 2.2
    endloop
  endfacet
  facet normal -0.878019 -0.478625 0
    outer loop
      vertex -4.76444 3.65943 0
      vertex -4.9064 3.91985 2.2
      vertex -4.9064 3.91985 0
    endloop
  endfacet
  facet normal -0.878019 -0.478625 0
    outer loop
      vertex -4.9064 3.91985 2.2
      vertex -4.76444 3.65943 0
      vertex -4.76444 3.65943 2.2
    endloop
  endfacet
  facet normal -0.813603 -0.581421 0
    outer loop
      vertex -4.64126 3.48706 0
      vertex -4.76444 3.65943 2.2
      vertex -4.76444 3.65943 0
    endloop
  endfacet
  facet normal -0.813603 -0.581421 0
    outer loop
      vertex -4.76444 3.65943 2.2
      vertex -4.64126 3.48706 0
      vertex -4.64126 3.48706 2.2
    endloop
  endfacet
  facet normal -0.738175 -0.674609 0
    outer loop
      vertex -4.55551 3.39323 0
      vertex -4.64126 3.48706 2.2
      vertex -4.64126 3.48706 0
    endloop
  endfacet
  facet normal -0.738175 -0.674609 0
    outer loop
      vertex -4.64126 3.48706 2.2
      vertex -4.55551 3.39323 0
      vertex -4.55551 3.39323 2.2
    endloop
  endfacet
  facet normal -0.660474 -0.750849 0
    outer loop
      vertex -4.55551 3.39323 0
      vertex -4.52369 3.36524 2.2
      vertex -4.55551 3.39323 2.2
    endloop
  endfacet
  facet normal -0.660474 -0.750849 -0
    outer loop
      vertex -4.52369 3.36524 2.2
      vertex -4.55551 3.39323 0
      vertex -4.52369 3.36524 0
    endloop
  endfacet
  facet normal -0.596874 -0.802335 0
    outer loop
      vertex -4.52369 3.36524 0
      vertex -3.80965 2.83405 2.2
      vertex -4.52369 3.36524 2.2
    endloop
  endfacet
  facet normal -0.596874 -0.802335 -0
    outer loop
      vertex -3.80965 2.83405 2.2
      vertex -4.52369 3.36524 0
      vertex -3.80965 2.83405 0
    endloop
  endfacet
  facet normal -0.81282 0.582514 0
    outer loop
      vertex -3.94947 2.63895 0
      vertex -3.80965 2.83405 2.2
      vertex -3.80965 2.83405 0
    endloop
  endfacet
  facet normal -0.81282 0.582514 0
    outer loop
      vertex -3.80965 2.83405 2.2
      vertex -3.94947 2.63895 0
      vertex -3.94947 2.63895 2.2
    endloop
  endfacet
  facet normal -0.849203 0.528066 0
    outer loop
      vertex -4.11361 2.37499 0
      vertex -3.94947 2.63895 2.2
      vertex -3.94947 2.63895 0
    endloop
  endfacet
  facet normal -0.849203 0.528066 0
    outer loop
      vertex -3.94947 2.63895 2.2
      vertex -4.11361 2.37499 0
      vertex -4.11361 2.37499 2.2
    endloop
  endfacet
  facet normal -0.881929 0.471383 0
    outer loop
      vertex -4.26013 2.10086 0
      vertex -4.11361 2.37499 2.2
      vertex -4.11361 2.37499 0
    endloop
  endfacet
  facet normal -0.881929 0.471383 0
    outer loop
      vertex -4.11361 2.37499 2.2
      vertex -4.26013 2.10086 0
      vertex -4.26013 2.10086 2.2
    endloop
  endfacet
  facet normal -0.910864 0.412707 0
    outer loop
      vertex -4.35919 1.88223 0
      vertex -4.26013 2.10086 2.2
      vertex -4.26013 2.10086 0
    endloop
  endfacet
  facet normal -0.910864 0.412707 0
    outer loop
      vertex -4.26013 2.10086 2.2
      vertex -4.35919 1.88223 0
      vertex -4.35919 1.88223 2.2
    endloop
  endfacet
  facet normal 0.396405 0.918076 -0
    outer loop
      vertex -4.35919 1.88223 0
      vertex -5.17623 2.23501 2.2
      vertex -4.35919 1.88223 2.2
    endloop
  endfacet
  facet normal 0.396405 0.918076 0
    outer loop
      vertex -5.17623 2.23501 2.2
      vertex -4.35919 1.88223 0
      vertex -5.17623 2.23501 0
    endloop
  endfacet
  facet normal 0.319977 0.947425 -0
    outer loop
      vertex -5.17623 2.23501 0
      vertex -5.21638 2.24857 2.2
      vertex -5.17623 2.23501 2.2
    endloop
  endfacet
  facet normal 0.319977 0.947425 0
    outer loop
      vertex -5.21638 2.24857 2.2
      vertex -5.17623 2.23501 0
      vertex -5.21638 2.24857 0
    endloop
  endfacet
  facet normal 0.215172 0.976576 -0
    outer loop
      vertex -5.21638 2.24857 0
      vertex -5.34051 2.27592 2.2
      vertex -5.21638 2.24857 2.2
    endloop
  endfacet
  facet normal 0.215172 0.976576 0
    outer loop
      vertex -5.34051 2.27592 2.2
      vertex -5.21638 2.24857 0
      vertex -5.34051 2.27592 0
    endloop
  endfacet
  facet normal 0.0967134 0.995312 -0
    outer loop
      vertex -5.34051 2.27592 0
      vertex -5.55138 2.29641 2.2
      vertex -5.34051 2.27592 2.2
    endloop
  endfacet
  facet normal 0.0967134 0.995312 0
    outer loop
      vertex -5.55138 2.29641 2.2
      vertex -5.34051 2.27592 0
      vertex -5.55138 2.29641 0
    endloop
  endfacet
  facet normal -0.0245112 0.9997 0
    outer loop
      vertex -5.55138 2.29641 0
      vertex -5.84789 2.28914 2.2
      vertex -5.55138 2.29641 2.2
    endloop
  endfacet
  facet normal -0.0245112 0.9997 0
    outer loop
      vertex -5.84789 2.28914 2.2
      vertex -5.55138 2.29641 0
      vertex -5.84789 2.28914 0
    endloop
  endfacet
  facet normal -0.145991 0.989286 0
    outer loop
      vertex -5.84789 2.28914 0
      vertex -6.22513 2.23347 2.2
      vertex -5.84789 2.28914 2.2
    endloop
  endfacet
  facet normal -0.145991 0.989286 0
    outer loop
      vertex -6.22513 2.23347 2.2
      vertex -5.84789 2.28914 0
      vertex -6.22513 2.23347 0
    endloop
  endfacet
  facet normal -0.265547 0.964098 0
    outer loop
      vertex -6.22513 2.23347 0
      vertex -6.67449 2.1097 2.2
      vertex -6.22513 2.23347 2.2
    endloop
  endfacet
  facet normal -0.265547 0.964098 0
    outer loop
      vertex -6.67449 2.1097 2.2
      vertex -6.22513 2.23347 0
      vertex -6.67449 2.1097 0
    endloop
  endfacet
  facet normal -0.965926 0.258818 0
    outer loop
      vertex -6.83513 1.51018 0
      vertex -6.67449 2.1097 2.2
      vertex -6.67449 2.1097 0
    endloop
  endfacet
  facet normal -0.965926 0.258818 0
    outer loop
      vertex -6.67449 2.1097 2.2
      vertex -6.83513 1.51018 0
      vertex -6.83513 1.51018 2.2
    endloop
  endfacet
  facet normal -0.712014 -0.702166 0
    outer loop
      vertex -6.50786 1.17832 0
      vertex -6.83513 1.51018 2.2
      vertex -6.83513 1.51018 0
    endloop
  endfacet
  facet normal -0.712014 -0.702166 0
    outer loop
      vertex -6.83513 1.51018 2.2
      vertex -6.50786 1.17832 0
      vertex -6.50786 1.17832 2.2
    endloop
  endfacet
  facet normal -0.621084 -0.783744 0
    outer loop
      vertex -6.50786 1.17832 0
      vertex -6.20899 0.941478 2.2
      vertex -6.50786 1.17832 2.2
    endloop
  endfacet
  facet normal -0.621084 -0.783744 -0
    outer loop
      vertex -6.20899 0.941478 2.2
      vertex -6.50786 1.17832 0
      vertex -6.20899 0.941478 0
    endloop
  endfacet
  facet normal -0.521085 -0.853505 0
    outer loop
      vertex -6.20899 0.941478 0
      vertex -5.95585 0.78693 2.2
      vertex -6.20899 0.941478 2.2
    endloop
  endfacet
  facet normal -0.521085 -0.853505 -0
    outer loop
      vertex -5.95585 0.78693 2.2
      vertex -6.20899 0.941478 0
      vertex -5.95585 0.78693 0
    endloop
  endfacet
  facet normal -0.413857 -0.910342 0
    outer loop
      vertex -5.95585 0.78693 0
      vertex -5.76298 0.699248 2.2
      vertex -5.95585 0.78693 2.2
    endloop
  endfacet
  facet normal -0.413857 -0.910342 -0
    outer loop
      vertex -5.76298 0.699248 2.2
      vertex -5.95585 0.78693 0
      vertex -5.76298 0.699248 0
    endloop
  endfacet
  facet normal -0.30193 -0.95333 0
    outer loop
      vertex -5.76298 0.699248 0
      vertex -5.6418 0.660869 2.2
      vertex -5.76298 0.699248 2.2
    endloop
  endfacet
  facet normal -0.30193 -0.95333 -0
    outer loop
      vertex -5.6418 0.660869 2.2
      vertex -5.76298 0.699248 0
      vertex -5.6418 0.660869 0
    endloop
  endfacet
  facet normal -0.196887 -0.980426 0
    outer loop
      vertex -5.6418 0.660869 0
      vertex -5.60025 0.652525 2.2
      vertex -5.6418 0.660869 2.2
    endloop
  endfacet
  facet normal -0.196887 -0.980426 -0
    outer loop
      vertex -5.60025 0.652525 2.2
      vertex -5.6418 0.660869 0
      vertex -5.60025 0.652525 0
    endloop
  endfacet
  facet normal -0.115725 -0.993281 0
    outer loop
      vertex -5.60025 0.652525 0
      vertex -4.7163 0.549538 2.2
      vertex -5.60025 0.652525 2.2
    endloop
  endfacet
  facet normal -0.115725 -0.993281 -0
    outer loop
      vertex -4.7163 0.549538 2.2
      vertex -5.60025 0.652525 0
      vertex -4.7163 0.549538 0
    endloop
  endfacet
  facet normal -0.995188 0.0979845 0
    outer loop
      vertex -4.73982 0.310655 0
      vertex -4.7163 0.549538 2.2
      vertex -4.7163 0.549538 0
    endloop
  endfacet
  facet normal -0.995188 0.0979845 0
    outer loop
      vertex -4.7163 0.549538 2.2
      vertex -4.73982 0.310655 0
      vertex -4.73982 0.310655 2.2
    endloop
  endfacet
  facet normal -0.999465 0.0327197 0
    outer loop
      vertex -4.74999 -9.53674e-07 0
      vertex -4.73982 0.310655 2.2
      vertex -4.73982 0.310655 0
    endloop
  endfacet
  facet normal -0.999465 0.0327197 0
    outer loop
      vertex -4.73982 0.310655 2.2
      vertex -4.74999 -9.53674e-07 0
      vertex -4.74999 -9.53674e-07 2.2
    endloop
  endfacet
  facet normal -0.999465 -0.0327177 0
    outer loop
      vertex -4.73982 -0.310675 0
      vertex -4.74999 -9.53674e-07 2.2
      vertex -4.74999 -9.53674e-07 0
    endloop
  endfacet
  facet normal -0.999465 -0.0327177 0
    outer loop
      vertex -4.74999 -9.53674e-07 2.2
      vertex -4.73982 -0.310675 0
      vertex -4.73982 -0.310675 2.2
    endloop
  endfacet
  facet normal -0.995183 -0.098033 0
    outer loop
      vertex -4.71629 -0.54954 0
      vertex -4.73982 -0.310675 2.2
      vertex -4.73982 -0.310675 0
    endloop
  endfacet
  facet normal -0.995183 -0.098033 0
    outer loop
      vertex -4.73982 -0.310675 2.2
      vertex -4.71629 -0.54954 0
      vertex -4.71629 -0.54954 2.2
    endloop
  endfacet
  facet normal -0.115731 0.993281 0
    outer loop
      vertex -4.71629 -0.54954 0
      vertex -5.60026 -0.652535 2.2
      vertex -4.71629 -0.54954 2.2
    endloop
  endfacet
  facet normal -0.115731 0.993281 0
    outer loop
      vertex -5.60026 -0.652535 2.2
      vertex -4.71629 -0.54954 0
      vertex -5.60026 -0.652535 0
    endloop
  endfacet
  facet normal -0.196751 0.980453 0
    outer loop
      vertex -5.60026 -0.652535 0
      vertex -5.64181 -0.660873 2.2
      vertex -5.60026 -0.652535 2.2
    endloop
  endfacet
  facet normal -0.196751 0.980453 0
    outer loop
      vertex -5.64181 -0.660873 2.2
      vertex -5.60026 -0.652535 0
      vertex -5.64181 -0.660873 0
    endloop
  endfacet
  facet normal -0.30193 0.95333 0
    outer loop
      vertex -5.64181 -0.660873 0
      vertex -5.76299 -0.699252 2.2
      vertex -5.64181 -0.660873 2.2
    endloop
  endfacet
  facet normal -0.30193 0.95333 0
    outer loop
      vertex -5.76299 -0.699252 2.2
      vertex -5.64181 -0.660873 0
      vertex -5.76299 -0.699252 0
    endloop
  endfacet
  facet normal -0.413845 0.910347 0
    outer loop
      vertex -5.76299 -0.699252 0
      vertex -5.95586 -0.786931 2.2
      vertex -5.76299 -0.699252 2.2
    endloop
  endfacet
  facet normal -0.413845 0.910347 0
    outer loop
      vertex -5.95586 -0.786931 2.2
      vertex -5.76299 -0.699252 0
      vertex -5.95586 -0.786931 0
    endloop
  endfacet
  facet normal -0.5211 0.853496 0
    outer loop
      vertex -5.95586 -0.786931 0
      vertex -6.209 -0.941485 2.2
      vertex -5.95586 -0.786931 2.2
    endloop
  endfacet
  facet normal -0.5211 0.853496 0
    outer loop
      vertex -6.209 -0.941485 2.2
      vertex -5.95586 -0.786931 0
      vertex -6.209 -0.941485 0
    endloop
  endfacet
  facet normal -0.621073 0.783753 0
    outer loop
      vertex -6.209 -0.941485 0
      vertex -6.50787 -1.17832 2.2
      vertex -6.209 -0.941485 2.2
    endloop
  endfacet
  facet normal -0.621073 0.783753 0
    outer loop
      vertex -6.50787 -1.17832 2.2
      vertex -6.209 -0.941485 0
      vertex -6.50787 -1.17832 0
    endloop
  endfacet
  facet normal -0.712024 0.702155 0
    outer loop
      vertex -6.83514 -1.51019 0
      vertex -6.50787 -1.17832 2.2
      vertex -6.50787 -1.17832 0
    endloop
  endfacet
  facet normal -0.712024 0.702155 0
    outer loop
      vertex -6.50787 -1.17832 2.2
      vertex -6.83514 -1.51019 0
      vertex -6.83514 -1.51019 2.2
    endloop
  endfacet
  facet normal -0.965926 -0.258818 0
    outer loop
      vertex -6.6745 -2.10971 0
      vertex -6.83514 -1.51019 2.2
      vertex -6.83514 -1.51019 0
    endloop
  endfacet
  facet normal -0.965926 -0.258818 0
    outer loop
      vertex -6.83514 -1.51019 2.2
      vertex -6.6745 -2.10971 0
      vertex -6.6745 -2.10971 2.2
    endloop
  endfacet
  facet normal -0.265547 -0.964098 0
    outer loop
      vertex -6.6745 -2.10971 0
      vertex -6.22514 -2.23348 2.2
      vertex -6.6745 -2.10971 2.2
    endloop
  endfacet
  facet normal -0.265547 -0.964098 -0
    outer loop
      vertex -6.22514 -2.23348 2.2
      vertex -6.6745 -2.10971 0
      vertex -6.22514 -2.23348 0
    endloop
  endfacet
  facet normal -0.145987 -0.989287 0
    outer loop
      vertex -6.22514 -2.23348 0
      vertex -5.84789 -2.28915 2.2
      vertex -6.22514 -2.23348 2.2
    endloop
  endfacet
  facet normal -0.145987 -0.989287 -0
    outer loop
      vertex -5.84789 -2.28915 2.2
      vertex -6.22514 -2.23348 0
      vertex -5.84789 -2.28915 0
    endloop
  endfacet
  facet normal -0.0245457 -0.999699 0
    outer loop
      vertex -5.84789 -2.28915 0
      vertex -5.55139 -2.29643 2.2
      vertex -5.84789 -2.28915 2.2
    endloop
  endfacet
  facet normal -0.0245457 -0.999699 -0
    outer loop
      vertex -5.55139 -2.29643 2.2
      vertex -5.84789 -2.28915 0
      vertex -5.55139 -2.29643 0
    endloop
  endfacet
  facet normal 0.0967601 -0.995308 0
    outer loop
      vertex -5.55139 -2.29643 0
      vertex -5.34052 -2.27593 2.2
      vertex -5.55139 -2.29643 2.2
    endloop
  endfacet
  facet normal 0.0967601 -0.995308 0
    outer loop
      vertex -5.34052 -2.27593 2.2
      vertex -5.55139 -2.29643 0
      vertex -5.34052 -2.27593 0
    endloop
  endfacet
  facet normal 0.215247 -0.97656 0
    outer loop
      vertex -5.34052 -2.27593 0
      vertex -5.21639 -2.24857 2.2
      vertex -5.34052 -2.27593 2.2
    endloop
  endfacet
  facet normal 0.215247 -0.97656 0
    outer loop
      vertex -5.21639 -2.24857 2.2
      vertex -5.34052 -2.27593 0
      vertex -5.21639 -2.24857 0
    endloop
  endfacet
  facet normal 0.319694 -0.947521 0
    outer loop
      vertex -5.21639 -2.24857 0
      vertex -5.17623 -2.23502 2.2
      vertex -5.21639 -2.24857 2.2
    endloop
  endfacet
  facet normal 0.319694 -0.947521 0
    outer loop
      vertex -5.17623 -2.23502 2.2
      vertex -5.21639 -2.24857 0
      vertex -5.17623 -2.23502 0
    endloop
  endfacet
  facet normal 0.396414 -0.918072 0
    outer loop
      vertex -5.17623 -2.23502 0
      vertex -4.35919 -1.88223 2.2
      vertex -5.17623 -2.23502 2.2
    endloop
  endfacet
  facet normal 0.396414 -0.918072 0
    outer loop
      vertex -4.35919 -1.88223 2.2
      vertex -5.17623 -2.23502 0
      vertex -4.35919 -1.88223 0
    endloop
  endfacet
  facet normal -0.910879 -0.412673 0
    outer loop
      vertex -4.26014 -2.10086 0
      vertex -4.35919 -1.88223 2.2
      vertex -4.35919 -1.88223 0
    endloop
  endfacet
  facet normal -0.910879 -0.412673 0
    outer loop
      vertex -4.35919 -1.88223 2.2
      vertex -4.26014 -2.10086 0
      vertex -4.26014 -2.10086 2.2
    endloop
  endfacet
  facet normal -0.881915 -0.471408 0
    outer loop
      vertex -4.11361 -2.37499 0
      vertex -4.26014 -2.10086 2.2
      vertex -4.26014 -2.10086 0
    endloop
  endfacet
  facet normal -0.881915 -0.471408 0
    outer loop
      vertex -4.26014 -2.10086 2.2
      vertex -4.11361 -2.37499 0
      vertex -4.11361 -2.37499 2.2
    endloop
  endfacet
  facet normal -0.849209 -0.528057 0
    outer loop
      vertex -3.94948 -2.63894 0
      vertex -4.11361 -2.37499 2.2
      vertex -4.11361 -2.37499 0
    endloop
  endfacet
  facet normal -0.849209 -0.528057 0
    outer loop
      vertex -4.11361 -2.37499 2.2
      vertex -3.94948 -2.63894 0
      vertex -3.94948 -2.63894 2.2
    endloop
  endfacet
  facet normal -0.812849 -0.582475 0
    outer loop
      vertex -3.80966 -2.83406 0
      vertex -3.94948 -2.63894 2.2
      vertex -3.94948 -2.63894 0
    endloop
  endfacet
  facet normal -0.812849 -0.582475 0
    outer loop
      vertex -3.94948 -2.63894 2.2
      vertex -3.80966 -2.83406 0
      vertex -3.80966 -2.83406 2.2
    endloop
  endfacet
  facet normal -0.596865 0.802341 0
    outer loop
      vertex -3.80966 -2.83406 0
      vertex -4.52369 -3.36523 2.2
      vertex -3.80966 -2.83406 2.2
    endloop
  endfacet
  facet normal -0.596865 0.802341 0
    outer loop
      vertex -4.52369 -3.36523 2.2
      vertex -3.80966 -2.83406 0
      vertex -4.52369 -3.36523 0
    endloop
  endfacet
  facet normal -0.660607 0.750732 0
    outer loop
      vertex -4.52369 -3.36523 0
      vertex -4.55551 -3.39323 2.2
      vertex -4.52369 -3.36523 2.2
    endloop
  endfacet
  facet normal -0.660607 0.750732 0
    outer loop
      vertex -4.55551 -3.39323 2.2
      vertex -4.52369 -3.36523 0
      vertex -4.55551 -3.39323 0
    endloop
  endfacet
  facet normal -0.738175 0.674609 0
    outer loop
      vertex -4.64126 -3.48706 0
      vertex -4.55551 -3.39323 2.2
      vertex -4.55551 -3.39323 0
    endloop
  endfacet
  facet normal -0.738175 0.674609 0
    outer loop
      vertex -4.55551 -3.39323 2.2
      vertex -4.64126 -3.48706 0
      vertex -4.64126 -3.48706 2.2
    endloop
  endfacet
  facet normal -0.81358 0.581452 0
    outer loop
      vertex -4.76445 -3.65943 0
      vertex -4.64126 -3.48706 2.2
      vertex -4.64126 -3.48706 0
    endloop
  endfacet
  facet normal -0.81358 0.581452 0
    outer loop
      vertex -4.64126 -3.48706 2.2
      vertex -4.76445 -3.65943 0
      vertex -4.76445 -3.65943 2.2
    endloop
  endfacet
  facet normal -0.878012 0.47864 0
    outer loop
      vertex -4.90641 -3.91984 0
      vertex -4.76445 -3.65943 2.2
      vertex -4.76445 -3.65943 0
    endloop
  endfacet
  facet normal -0.878012 0.47864 0
    outer loop
      vertex -4.76445 -3.65943 2.2
      vertex -4.90641 -3.91984 0
      vertex -4.90641 -3.91984 2.2
    endloop
  endfacet
  facet normal -0.929752 0.368187 0
    outer loop
      vertex -5.04681 -4.27438 0
      vertex -4.90641 -3.91984 2.2
      vertex -4.90641 -3.91984 0
    endloop
  endfacet
  facet normal -0.929752 0.368187 0
    outer loop
      vertex -4.90641 -3.91984 2.2
      vertex -5.04681 -4.27438 0
      vertex -5.04681 -4.27438 2.2
    endloop
  endfacet
  facet normal -0.967702 0.252095 0
    outer loop
      vertex -5.16431 -4.72542 0
      vertex -5.04681 -4.27438 2.2
      vertex -5.04681 -4.27438 0
    endloop
  endfacet
  facet normal -0.967702 0.252095 0
    outer loop
      vertex -5.04681 -4.27438 2.2
      vertex -5.16431 -4.72542 0
      vertex -5.16431 -4.72542 2.2
    endloop
  endfacet
  facet normal -0.707107 -0.707107 0
    outer loop
      vertex -4.72543 -5.1643 0
      vertex -5.16431 -4.72542 2.2
      vertex -5.16431 -4.72542 0
    endloop
  endfacet
  facet normal -0.707107 -0.707107 0
    outer loop
      vertex -5.16431 -4.72542 2.2
      vertex -4.72543 -5.1643 0
      vertex -4.72543 -5.1643 2.2
    endloop
  endfacet
  facet normal 0.252075 -0.967708 0
    outer loop
      vertex -4.72543 -5.1643 0
      vertex -4.27439 -5.04681 2.2
      vertex -4.72543 -5.1643 2.2
    endloop
  endfacet
  facet normal 0.252075 -0.967708 0
    outer loop
      vertex -4.27439 -5.04681 2.2
      vertex -4.72543 -5.1643 0
      vertex -4.27439 -5.04681 0
    endloop
  endfacet
  facet normal 0.36821 -0.929743 0
    outer loop
      vertex -4.27439 -5.04681 0
      vertex -3.91985 -4.9064 2.2
      vertex -4.27439 -5.04681 2.2
    endloop
  endfacet
  facet normal 0.36821 -0.929743 0
    outer loop
      vertex -3.91985 -4.9064 2.2
      vertex -4.27439 -5.04681 0
      vertex -3.91985 -4.9064 0
    endloop
  endfacet
  facet normal 0.478625 -0.878019 0
    outer loop
      vertex -3.91985 -4.9064 0
      vertex -3.65943 -4.76444 2.2
      vertex -3.91985 -4.9064 2.2
    endloop
  endfacet
  facet normal 0.478625 -0.878019 0
    outer loop
      vertex -3.65943 -4.76444 2.2
      vertex -3.91985 -4.9064 0
      vertex -3.65943 -4.76444 0
    endloop
  endfacet
  facet normal 0.581421 -0.813603 0
    outer loop
      vertex -3.65943 -4.76444 0
      vertex -3.48706 -4.64126 2.2
      vertex -3.65943 -4.76444 2.2
    endloop
  endfacet
  facet normal 0.581421 -0.813603 0
    outer loop
      vertex -3.48706 -4.64126 2.2
      vertex -3.65943 -4.76444 0
      vertex -3.48706 -4.64126 0
    endloop
  endfacet
  facet normal 0.674609 -0.738175 0
    outer loop
      vertex -3.48706 -4.64126 0
      vertex -3.39323 -4.55551 2.2
      vertex -3.48706 -4.64126 2.2
    endloop
  endfacet
  facet normal 0.674609 -0.738175 0
    outer loop
      vertex -3.39323 -4.55551 2.2
      vertex -3.48706 -4.64126 0
      vertex -3.39323 -4.55551 0
    endloop
  endfacet
  facet normal 0.750849 -0.660474 0
    outer loop
      vertex -3.39323 -4.55551 2.2
      vertex -3.36524 -4.52369 0
      vertex -3.36524 -4.52369 2.2
    endloop
  endfacet
  facet normal 0.750849 -0.660474 0
    outer loop
      vertex -3.36524 -4.52369 0
      vertex -3.39323 -4.55551 2.2
      vertex -3.39323 -4.55551 0
    endloop
  endfacet
  facet normal 0.802335 -0.596874 0
    outer loop
      vertex -3.36524 -4.52369 2.2
      vertex -2.83405 -3.80965 0
      vertex -2.83405 -3.80965 2.2
    endloop
  endfacet
  facet normal 0.802335 -0.596874 0
    outer loop
      vertex -2.83405 -3.80965 0
      vertex -3.36524 -4.52369 2.2
      vertex -3.36524 -4.52369 0
    endloop
  endfacet
  facet normal -0.582514 -0.81282 0
    outer loop
      vertex -2.83405 -3.80965 0
      vertex -2.63895 -3.94947 2.2
      vertex -2.83405 -3.80965 2.2
    endloop
  endfacet
  facet normal -0.582514 -0.81282 -0
    outer loop
      vertex -2.63895 -3.94947 2.2
      vertex -2.83405 -3.80965 0
      vertex -2.63895 -3.94947 0
    endloop
  endfacet
  facet normal -0.528066 -0.849203 0
    outer loop
      vertex -2.63895 -3.94947 0
      vertex -2.37499 -4.11361 2.2
      vertex -2.63895 -3.94947 2.2
    endloop
  endfacet
  facet normal -0.528066 -0.849203 -0
    outer loop
      vertex -2.37499 -4.11361 2.2
      vertex -2.63895 -3.94947 0
      vertex -2.37499 -4.11361 0
    endloop
  endfacet
  facet normal -0.471383 -0.881929 0
    outer loop
      vertex -2.37499 -4.11361 0
      vertex -2.10086 -4.26013 2.2
      vertex -2.37499 -4.11361 2.2
    endloop
  endfacet
  facet normal -0.471383 -0.881929 -0
    outer loop
      vertex -2.10086 -4.26013 2.2
      vertex -2.37499 -4.11361 0
      vertex -2.10086 -4.26013 0
    endloop
  endfacet
  facet normal -0.412707 -0.910864 0
    outer loop
      vertex -2.10086 -4.26013 0
      vertex -1.88223 -4.35919 2.2
      vertex -2.10086 -4.26013 2.2
    endloop
  endfacet
  facet normal -0.412707 -0.910864 -0
    outer loop
      vertex -1.88223 -4.35919 2.2
      vertex -2.10086 -4.26013 0
      vertex -1.88223 -4.35919 0
    endloop
  endfacet
  facet normal -0.918076 0.396405 0
    outer loop
      vertex -2.23501 -5.17623 0
      vertex -1.88223 -4.35919 2.2
      vertex -1.88223 -4.35919 0
    endloop
  endfacet
  facet normal -0.918076 0.396405 0
    outer loop
      vertex -1.88223 -4.35919 2.2
      vertex -2.23501 -5.17623 0
      vertex -2.23501 -5.17623 2.2
    endloop
  endfacet
  facet normal -0.947425 0.319977 0
    outer loop
      vertex -2.24857 -5.21638 0
      vertex -2.23501 -5.17623 2.2
      vertex -2.23501 -5.17623 0
    endloop
  endfacet
  facet normal -0.947425 0.319977 0
    outer loop
      vertex -2.23501 -5.17623 2.2
      vertex -2.24857 -5.21638 0
      vertex -2.24857 -5.21638 2.2
    endloop
  endfacet
  facet normal -0.976576 0.215172 0
    outer loop
      vertex -2.27592 -5.34051 0
      vertex -2.24857 -5.21638 2.2
      vertex -2.24857 -5.21638 0
    endloop
  endfacet
  facet normal -0.976576 0.215172 0
    outer loop
      vertex -2.24857 -5.21638 2.2
      vertex -2.27592 -5.34051 0
      vertex -2.27592 -5.34051 2.2
    endloop
  endfacet
  facet normal -0.995312 0.0967134 0
    outer loop
      vertex -2.29641 -5.55138 0
      vertex -2.27592 -5.34051 2.2
      vertex -2.27592 -5.34051 0
    endloop
  endfacet
  facet normal -0.995312 0.0967134 0
    outer loop
      vertex -2.27592 -5.34051 2.2
      vertex -2.29641 -5.55138 0
      vertex -2.29641 -5.55138 2.2
    endloop
  endfacet
  facet normal -0.9997 -0.0245112 0
    outer loop
      vertex -2.28914 -5.84789 0
      vertex -2.29641 -5.55138 2.2
      vertex -2.29641 -5.55138 0
    endloop
  endfacet
  facet normal -0.9997 -0.0245112 0
    outer loop
      vertex -2.29641 -5.55138 2.2
      vertex -2.28914 -5.84789 0
      vertex -2.28914 -5.84789 2.2
    endloop
  endfacet
  facet normal -0.989286 -0.145991 0
    outer loop
      vertex -2.23347 -6.22513 0
      vertex -2.28914 -5.84789 2.2
      vertex -2.28914 -5.84789 0
    endloop
  endfacet
  facet normal -0.989286 -0.145991 0
    outer loop
      vertex -2.28914 -5.84789 2.2
      vertex -2.23347 -6.22513 0
      vertex -2.23347 -6.22513 2.2
    endloop
  endfacet
  facet normal -0.964098 -0.265547 0
    outer loop
      vertex -2.1097 -6.67449 0
      vertex -2.23347 -6.22513 2.2
      vertex -2.23347 -6.22513 0
    endloop
  endfacet
  facet normal -0.964098 -0.265547 0
    outer loop
      vertex -2.23347 -6.22513 2.2
      vertex -2.1097 -6.67449 0
      vertex -2.1097 -6.67449 2.2
    endloop
  endfacet
  facet normal -0.258818 -0.965926 0
    outer loop
      vertex -2.1097 -6.67449 0
      vertex -1.51018 -6.83513 2.2
      vertex -2.1097 -6.67449 2.2
    endloop
  endfacet
  facet normal -0.258818 -0.965926 -0
    outer loop
      vertex -1.51018 -6.83513 2.2
      vertex -2.1097 -6.67449 0
      vertex -1.51018 -6.83513 0
    endloop
  endfacet
  facet normal 0.702166 -0.712014 0
    outer loop
      vertex -1.51018 -6.83513 0
      vertex -1.17832 -6.50786 2.2
      vertex -1.51018 -6.83513 2.2
    endloop
  endfacet
  facet normal 0.702166 -0.712014 0
    outer loop
      vertex -1.17832 -6.50786 2.2
      vertex -1.51018 -6.83513 0
      vertex -1.17832 -6.50786 0
    endloop
  endfacet
  facet normal 0.783744 -0.621084 0
    outer loop
      vertex -1.17832 -6.50786 2.2
      vertex -0.941478 -6.20899 0
      vertex -0.941478 -6.20899 2.2
    endloop
  endfacet
  facet normal 0.783744 -0.621084 0
    outer loop
      vertex -0.941478 -6.20899 0
      vertex -1.17832 -6.50786 2.2
      vertex -1.17832 -6.50786 0
    endloop
  endfacet
  facet normal 0.853505 -0.521085 0
    outer loop
      vertex -0.941478 -6.20899 2.2
      vertex -0.78693 -5.95585 0
      vertex -0.78693 -5.95585 2.2
    endloop
  endfacet
  facet normal 0.853505 -0.521085 0
    outer loop
      vertex -0.78693 -5.95585 0
      vertex -0.941478 -6.20899 2.2
      vertex -0.941478 -6.20899 0
    endloop
  endfacet
  facet normal 0.910342 -0.413857 0
    outer loop
      vertex -0.78693 -5.95585 2.2
      vertex -0.699248 -5.76298 0
      vertex -0.699248 -5.76298 2.2
    endloop
  endfacet
  facet normal 0.910342 -0.413857 0
    outer loop
      vertex -0.699248 -5.76298 0
      vertex -0.78693 -5.95585 2.2
      vertex -0.78693 -5.95585 0
    endloop
  endfacet
  facet normal 0.95333 -0.30193 0
    outer loop
      vertex -0.699248 -5.76298 2.2
      vertex -0.660869 -5.6418 0
      vertex -0.660869 -5.6418 2.2
    endloop
  endfacet
  facet normal 0.95333 -0.30193 0
    outer loop
      vertex -0.660869 -5.6418 0
      vertex -0.699248 -5.76298 2.2
      vertex -0.699248 -5.76298 0
    endloop
  endfacet
  facet normal 0.980426 -0.196887 0
    outer loop
      vertex -0.660869 -5.6418 2.2
      vertex -0.652525 -5.60025 0
      vertex -0.652525 -5.60025 2.2
    endloop
  endfacet
  facet normal 0.980426 -0.196887 0
    outer loop
      vertex -0.652525 -5.60025 0
      vertex -0.660869 -5.6418 2.2
      vertex -0.660869 -5.6418 0
    endloop
  endfacet
  facet normal 0.993281 -0.115725 0
    outer loop
      vertex -0.652525 -5.60025 2.2
      vertex -0.549538 -4.7163 0
      vertex -0.549538 -4.7163 2.2
    endloop
  endfacet
  facet normal 0.993281 -0.115725 0
    outer loop
      vertex -0.549538 -4.7163 0
      vertex -0.652525 -5.60025 2.2
      vertex -0.652525 -5.60025 0
    endloop
  endfacet
  facet normal -0.0979845 -0.995188 0
    outer loop
      vertex -0.549538 -4.7163 0
      vertex -0.310655 -4.73982 2.2
      vertex -0.549538 -4.7163 2.2
    endloop
  endfacet
  facet normal -0.0979845 -0.995188 -0
    outer loop
      vertex -0.310655 -4.73982 2.2
      vertex -0.549538 -4.7163 0
      vertex -0.310655 -4.73982 0
    endloop
  endfacet
  facet normal -0.0327197 -0.999465 0
    outer loop
      vertex -0.310655 -4.73982 0
      vertex 9.53674e-07 -4.74999 2.2
      vertex -0.310655 -4.73982 2.2
    endloop
  endfacet
  facet normal -0.0327197 -0.999465 -0
    outer loop
      vertex 9.53674e-07 -4.74999 2.2
      vertex -0.310655 -4.73982 0
      vertex 9.53674e-07 -4.74999 0
    endloop
  endfacet
  facet normal 0.0327177 -0.999465 0
    outer loop
      vertex 9.53674e-07 -4.74999 0
      vertex 0.310675 -4.73982 2.2
      vertex 9.53674e-07 -4.74999 2.2
    endloop
  endfacet
  facet normal 0.0327177 -0.999465 0
    outer loop
      vertex 0.310675 -4.73982 2.2
      vertex 9.53674e-07 -4.74999 0
      vertex 0.310675 -4.73982 0
    endloop
  endfacet
  facet normal 0.098033 -0.995183 0
    outer loop
      vertex 0.310675 -4.73982 0
      vertex 0.54954 -4.71629 2.2
      vertex 0.310675 -4.73982 2.2
    endloop
  endfacet
  facet normal 0.098033 -0.995183 0
    outer loop
      vertex 0.54954 -4.71629 2.2
      vertex 0.310675 -4.73982 0
      vertex 0.54954 -4.71629 0
    endloop
  endfacet
  facet normal -0.993281 -0.115731 0
    outer loop
      vertex 0.652535 -5.60026 0
      vertex 0.54954 -4.71629 2.2
      vertex 0.54954 -4.71629 0
    endloop
  endfacet
  facet normal -0.993281 -0.115731 0
    outer loop
      vertex 0.54954 -4.71629 2.2
      vertex 0.652535 -5.60026 0
      vertex 0.652535 -5.60026 2.2
    endloop
  endfacet
  facet normal -0.980453 -0.196751 0
    outer loop
      vertex 0.660873 -5.64181 0
      vertex 0.652535 -5.60026 2.2
      vertex 0.652535 -5.60026 0
    endloop
  endfacet
  facet normal -0.980453 -0.196751 0
    outer loop
      vertex 0.652535 -5.60026 2.2
      vertex 0.660873 -5.64181 0
      vertex 0.660873 -5.64181 2.2
    endloop
  endfacet
  facet normal -0.95333 -0.30193 0
    outer loop
      vertex 0.699252 -5.76299 0
      vertex 0.660873 -5.64181 2.2
      vertex 0.660873 -5.64181 0
    endloop
  endfacet
  facet normal -0.95333 -0.30193 0
    outer loop
      vertex 0.660873 -5.64181 2.2
      vertex 0.699252 -5.76299 0
      vertex 0.699252 -5.76299 2.2
    endloop
  endfacet
  facet normal -0.910347 -0.413845 0
    outer loop
      vertex 0.786931 -5.95586 0
      vertex 0.699252 -5.76299 2.2
      vertex 0.699252 -5.76299 0
    endloop
  endfacet
  facet normal -0.910347 -0.413845 0
    outer loop
      vertex 0.699252 -5.76299 2.2
      vertex 0.786931 -5.95586 0
      vertex 0.786931 -5.95586 2.2
    endloop
  endfacet
  facet normal -0.853496 -0.5211 0
    outer loop
      vertex 0.941485 -6.209 0
      vertex 0.786931 -5.95586 2.2
      vertex 0.786931 -5.95586 0
    endloop
  endfacet
  facet normal -0.853496 -0.5211 0
    outer loop
      vertex 0.786931 -5.95586 2.2
      vertex 0.941485 -6.209 0
      vertex 0.941485 -6.209 2.2
    endloop
  endfacet
  facet normal -0.783753 -0.621073 0
    outer loop
      vertex 1.17832 -6.50787 0
      vertex 0.941485 -6.209 2.2
      vertex 0.941485 -6.209 0
    endloop
  endfacet
  facet normal -0.783753 -0.621073 0
    outer loop
      vertex 0.941485 -6.209 2.2
      vertex 1.17832 -6.50787 0
      vertex 1.17832 -6.50787 2.2
    endloop
  endfacet
  facet normal -0.702155 -0.712024 0
    outer loop
      vertex 1.17832 -6.50787 0
      vertex 1.51019 -6.83514 2.2
      vertex 1.17832 -6.50787 2.2
    endloop
  endfacet
  facet normal -0.702155 -0.712024 -0
    outer loop
      vertex 1.51019 -6.83514 2.2
      vertex 1.17832 -6.50787 0
      vertex 1.51019 -6.83514 0
    endloop
  endfacet
  facet normal 0.258818 -0.965926 0
    outer loop
      vertex 1.51019 -6.83514 0
      vertex 2.10971 -6.6745 2.2
      vertex 1.51019 -6.83514 2.2
    endloop
  endfacet
  facet normal 0.258818 -0.965926 0
    outer loop
      vertex 2.10971 -6.6745 2.2
      vertex 1.51019 -6.83514 0
      vertex 2.10971 -6.6745 0
    endloop
  endfacet
  facet normal 0.964098 -0.265547 0
    outer loop
      vertex 2.10971 -6.6745 2.2
      vertex 2.23348 -6.22514 0
      vertex 2.23348 -6.22514 2.2
    endloop
  endfacet
  facet normal 0.964098 -0.265547 0
    outer loop
      vertex 2.23348 -6.22514 0
      vertex 2.10971 -6.6745 2.2
      vertex 2.10971 -6.6745 0
    endloop
  endfacet
  facet normal 0 0 -1
    outer loop
      vertex -1.06277 -4.78033 2.5
      vertex -0.0181885 -4.58026 2.5
      vertex 0.100464 -6.35202 2.5
    endloop
  endfacet
  facet normal 0 -0 -1
    outer loop
      vertex -0.42421 -3.2222 2.5
      vertex -0.0181885 -4.58026 2.5
      vertex -1.06277 -4.78033 2.5
    endloop
  endfacet
  facet normal 0 0 -1
    outer loop
      vertex -1.06277 -4.78033 2.5
      vertex 0.100464 -6.35202 2.5
      vertex -0.525055 -6.47066 2.5
    endloop
  endfacet
  facet normal 0 0 -1
    outer loop
      vertex -0.0181885 -4.58026 2.5
      vertex -0.42421 -3.2222 2.5
      vertex -0.21256 -3.24304 2.5
    endloop
  endfacet
  facet normal -0 0 -1
    outer loop
      vertex -0.42421 -3.2222 2.5
      vertex -1.06277 -4.78033 2.5
      vertex -0.634043 -3.18755 2.5
    endloop
  endfacet
  facet normal -0 0 -1
    outer loop
      vertex -0.634043 -3.18755 2.5
      vertex -1.06277 -4.78033 2.5
      vertex -0.841162 -3.13926 2.5
    endloop
  endfacet
  facet normal -0 0 -1
    outer loop
      vertex -0.841162 -3.13926 2.5
      vertex -1.06277 -4.78033 2.5
      vertex -1.04468 -3.07752 2.5
    endloop
  endfacet
  facet normal 0 0 -1
    outer loop
      vertex -1.19438 -4.79044 2.5
      vertex -1.04468 -3.07752 2.5
      vertex -1.06277 -4.78033 2.5
    endloop
  endfacet
  facet normal 0 0 -1
    outer loop
      vertex -1.37578 -4.79794 2.5
      vertex -1.04468 -3.07752 2.5
      vertex -1.19438 -4.79044 2.5
    endloop
  endfacet
  facet normal -0 0 -1
    outer loop
      vertex -1.04468 -3.07752 2.5
      vertex -1.37578 -4.79794 2.5
      vertex -1.24372 -3.00261 2.5
    endloop
  endfacet
  facet normal 0 0 -1
    outer loop
      vertex -1.55927 -4.79897 2.5
      vertex -1.24372 -3.00261 2.5
      vertex -1.37578 -4.79794 2.5
    endloop
  endfacet
  facet normal 0 0 -1
    outer loop
      vertex -1.74461 -4.7933 2.5
      vertex -1.24372 -3.00261 2.5
      vertex -1.55927 -4.79897 2.5
    endloop
  endfacet
  facet normal -0 0 -1
    outer loop
      vertex -1.24372 -3.00261 2.5
      vertex -1.74461 -4.7933 2.5
      vertex -1.43744 -2.91484 2.5
    endloop
  endfacet
  facet normal 0 0 -1
    outer loop
      vertex -1.93155 -4.78076 2.5
      vertex -1.43744 -2.91484 2.5
      vertex -1.74461 -4.7933 2.5
    endloop
  endfacet
  facet normal 0 0 -1
    outer loop
      vertex -1.93661 -4.78023 2.5
      vertex -1.43744 -2.91484 2.5
      vertex -1.93155 -4.78076 2.5
    endloop
  endfacet
  facet normal -0 0 -1
    outer loop
      vertex -1.43744 -2.91484 2.5
      vertex -1.93661 -4.78023 2.5
      vertex -1.625 -2.81458 2.5
    endloop
  endfacet
  facet normal 0 0 -1
    outer loop
      vertex -2.98128 -4.57745 2.5
      vertex -1.625 -2.81458 2.5
      vertex -1.93661 -4.78023 2.5
    endloop
  endfacet
  facet normal -0 0 -1
    outer loop
      vertex -1.625 -2.81458 2.5
      vertex -2.98128 -4.57745 2.5
      vertex -1.8056 -2.70228 2.5
    endloop
  endfacet
  facet normal -0 0 -1
    outer loop
      vertex -1.8056 -2.70228 2.5
      vertex -2.98128 -4.57745 2.5
      vertex -1.97847 -2.5784 2.5
    endloop
  endfacet
  facet normal 0 0 -1
    outer loop
      vertex -3.06949 -4.55072 2.5
      vertex -1.97847 -2.5784 2.5
      vertex -2.98128 -4.57745 2.5
    endloop
  endfacet
  facet normal 0 0 -1
    outer loop
      vertex -3.25865 -4.48515 2.5
      vertex -1.97847 -2.5784 2.5
      vertex -3.06949 -4.55072 2.5
    endloop
  endfacet
  facet normal 0 0 -1
    outer loop
      vertex -2.98128 -4.57745 2.5
      vertex -1.93661 -4.78023 2.5
      vertex -2.47426 -6.47075 2.5
    endloop
  endfacet
  facet normal -0 0 -1
    outer loop
      vertex -1.97847 -2.5784 2.5
      vertex -3.25865 -4.48515 2.5
      vertex -2.14287 -2.44348 2.5
    endloop
  endfacet
  facet normal 0 0 -1
    outer loop
      vertex -3.44662 -4.41148 2.5
      vertex -2.14287 -2.44348 2.5
      vertex -3.25865 -4.48515 2.5
    endloop
  endfacet
  facet normal -0 0 -1
    outer loop
      vertex -2.14287 -2.44348 2.5
      vertex -3.44662 -4.41148 2.5
      vertex -2.2981 -2.2981 2.5
    endloop
  endfacet
  facet normal 0 0 -1
    outer loop
      vertex -3.63303 -4.32967 2.5
      vertex -2.2981 -2.2981 2.5
      vertex -3.44662 -4.41148 2.5
    endloop
  endfacet
  facet normal 0 0 -1
    outer loop
      vertex -3.78363 -4.2561 2.5
      vertex -2.2981 -2.2981 2.5
      vertex -3.63303 -4.32967 2.5
    endloop
  endfacet
  facet normal 0 -0 -1
    outer loop
      vertex -2.98128 -4.57745 2.5
      vertex -2.47426 -6.47075 2.5
      vertex -3.09995 -6.35214 2.5
    endloop
  endfacet
  facet normal 0 0 -1
    outer loop
      vertex 1.916 -5.63411 2.5
      vertex 1.68097 -3.67937 2.5
      vertex 2.45309 -5.29204 2.5
    endloop
  endfacet
  facet normal 0 0 -1
    outer loop
      vertex 1.97499 -3.42079 2.5
      vertex 1.43744 -2.91484 2.5
      vertex 1.625 -2.81458 2.5
    endloop
  endfacet
  facet normal 0 0 -1
    outer loop
      vertex 0.785965 -4.25845 2.5
      vertex 1.68097 -3.67937 2.5
      vertex 1.916 -5.63411 2.5
    endloop
  endfacet
  facet normal 0 -0 -1
    outer loop
      vertex 0.841162 -3.13926 2.5
      vertex 1.68097 -3.67937 2.5
      vertex 0.785965 -4.25845 2.5
    endloop
  endfacet
  facet normal 0 0 -1
    outer loop
      vertex 1.76199 -3.61263 2.5
      vertex 1.24372 -3.00261 2.5
      vertex 1.43744 -2.91484 2.5
    endloop
  endfacet
  facet normal 0 0 -1
    outer loop
      vertex 1.68097 -3.67937 2.5
      vertex 1.04468 -3.07752 2.5
      vertex 1.24372 -3.00261 2.5
    endloop
  endfacet
  facet normal 0 0 -1
    outer loop
      vertex 1.68097 -3.67937 2.5
      vertex 0.841162 -3.13926 2.5
      vertex 1.04468 -3.07752 2.5
    endloop
  endfacet
  facet normal 0 0 -1
    outer loop
      vertex 0.42421 -3.2222 2.5
      vertex 0.785965 -4.25845 2.5
      vertex 0.753799 -4.27501 2.5
    endloop
  endfacet
  facet normal 0 0 -1
    outer loop
      vertex 0.785965 -4.25845 2.5
      vertex 0.634043 -3.18755 2.5
      vertex 0.841162 -3.13926 2.5
    endloop
  endfacet
  facet normal 0 0 -1
    outer loop
      vertex 0.42421 -3.2222 2.5
      vertex 0.753799 -4.27501 2.5
      vertex 0.610382 -4.34317 2.5
    endloop
  endfacet
  facet normal 0 0 -1
    outer loop
      vertex 0.21256 -3.24304 2.5
      vertex 0.610382 -4.34317 2.5
      vertex 0.463242 -4.40747 2.5
    endloop
  endfacet
  facet normal 0 0 -1
    outer loop
      vertex 0.785965 -4.25845 2.5
      vertex 0.42421 -3.2222 2.5
      vertex 0.634043 -3.18755 2.5
    endloop
  endfacet
  facet normal 0 0 -1
    outer loop
      vertex 0.21256 -3.24304 2.5
      vertex 0.463242 -4.40747 2.5
      vertex 0.312408 -4.46767 2.5
    endloop
  endfacet
  facet normal 0 0 -1
    outer loop
      vertex 0.610382 -4.34317 2.5
      vertex 0.21256 -3.24304 2.5
      vertex 0.42421 -3.2222 2.5
    endloop
  endfacet
  facet normal 0 0 -1
    outer loop
      vertex 0 -3.25 2.5
      vertex 0.312408 -4.46767 2.5
      vertex 0.157959 -4.52357 2.5
    endloop
  endfacet
  facet normal 0 0 -1
    outer loop
      vertex 0 -3.25 2.5
      vertex 0.157959 -4.52357 2.5
      vertex 0 -4.575 2.5
    endloop
  endfacet
  facet normal 0 0 -1
    outer loop
      vertex 0.312408 -4.46767 2.5
      vertex 0 -3.25 2.5
      vertex 0.21256 -3.24304 2.5
    endloop
  endfacet
  facet normal 0 0 -1
    outer loop
      vertex -0.21256 -3.24304 2.5
      vertex 0 -4.575 2.5
      vertex -0.0181885 -4.58026 2.5
    endloop
  endfacet
  facet normal 0 0 -1
    outer loop
      vertex 0 -4.575 2.5
      vertex -0.21256 -3.24304 2.5
      vertex 0 -3.25 2.5
    endloop
  endfacet
  facet normal 0 0 -1
    outer loop
      vertex 3.87138 -3.93823 2.5
      vertex 2.89456 -2.2108 2.5
      vertex 4.23686 -3.41695 2.5
    endloop
  endfacet
  facet normal 0 0 -1
    outer loop
      vertex 3.04536 -1.90295 2.5
      vertex 2.70228 -1.8056 2.5
      vertex 2.81458 -1.625 2.5
    endloop
  endfacet
  facet normal 0 0 -1
    outer loop
      vertex 2.93568 -2.13289 2.5
      vertex 2.5784 -1.97847 2.5
      vertex 2.70228 -1.8056 2.5
    endloop
  endfacet
  facet normal 0 0 -1
    outer loop
      vertex 2.28806 -3.09184 2.5
      vertex 2.89456 -2.2108 2.5
      vertex 3.87138 -3.93823 2.5
    endloop
  endfacet
  facet normal 0 -0 -1
    outer loop
      vertex 2.2981 -2.2981 2.5
      vertex 2.89456 -2.2108 2.5
      vertex 2.28806 -3.09184 2.5
    endloop
  endfacet
  facet normal 0 0 -1
    outer loop
      vertex 2.89456 -2.2108 2.5
      vertex 2.44348 -2.14287 2.5
      vertex 2.5784 -1.97847 2.5
    endloop
  endfacet
  facet normal -0 0 -1
    outer loop
      vertex 2.89456 -2.2108 2.5
      vertex 2.2981 -2.2981 2.5
      vertex 2.44348 -2.14287 2.5
    endloop
  endfacet
  facet normal 0 0 -1
    outer loop
      vertex 1.8056 -2.70228 2.5
      vertex 2.28806 -3.09184 2.5
      vertex 2.2655 -3.11821 2.5
    endloop
  endfacet
  facet normal 0 0 -1
    outer loop
      vertex 1.8056 -2.70228 2.5
      vertex 2.2655 -3.11821 2.5
      vertex 2.1725 -3.22087 2.5
    endloop
  endfacet
  facet normal 0 0 -1
    outer loop
      vertex 2.28806 -3.09184 2.5
      vertex 2.14287 -2.44348 2.5
      vertex 2.2981 -2.2981 2.5
    endloop
  endfacet
  facet normal 0 0 -1
    outer loop
      vertex 1.625 -2.81458 2.5
      vertex 2.1725 -3.22087 2.5
      vertex 2.07567 -3.32178 2.5
    endloop
  endfacet
  facet normal 0 0 -1
    outer loop
      vertex 2.28806 -3.09184 2.5
      vertex 1.97847 -2.5784 2.5
      vertex 2.14287 -2.44348 2.5
    endloop
  endfacet
  facet normal 0 0 -1
    outer loop
      vertex 1.625 -2.81458 2.5
      vertex 2.07567 -3.32178 2.5
      vertex 1.97499 -3.42079 2.5
    endloop
  endfacet
  facet normal 0 0 -1
    outer loop
      vertex 1.43744 -2.91484 2.5
      vertex 1.97499 -3.42079 2.5
      vertex 1.87044 -3.51779 2.5
    endloop
  endfacet
  facet normal 0 0 -1
    outer loop
      vertex 2.28806 -3.09184 2.5
      vertex 1.8056 -2.70228 2.5
      vertex 1.97847 -2.5784 2.5
    endloop
  endfacet
  facet normal 0 0 -1
    outer loop
      vertex 1.43744 -2.91484 2.5
      vertex 1.87044 -3.51779 2.5
      vertex 1.76199 -3.61263 2.5
    endloop
  endfacet
  facet normal 0 0 -1
    outer loop
      vertex 1.24372 -3.00261 2.5
      vertex 1.76199 -3.61263 2.5
      vertex 1.68097 -3.67937 2.5
    endloop
  endfacet
  facet normal 0 0 -1
    outer loop
      vertex 2.1725 -3.22087 2.5
      vertex 1.625 -2.81458 2.5
      vertex 1.8056 -2.70228 2.5
    endloop
  endfacet
  facet normal 0 0 -1
    outer loop
      vertex 5.02104 -1.61 2.5
      vertex 3.43202 -0.405075 2.5
      vertex 5.15111 -0.986847 2.5
    endloop
  endfacet
  facet normal -0 0 -1
    outer loop
      vertex 3.44377 0.240799 2.5
      vertex 3.24304 0.21256 2.5
      vertex 3.436 0.36113 2.5
    endloop
  endfacet
  facet normal 0 0 -1
    outer loop
      vertex 3.436 -0.36113 2.5
      vertex 3.24304 -0.21256 2.5
      vertex 3.25 0 2.5
    endloop
  endfacet
  facet normal -0 0 -1
    outer loop
      vertex 3.436 -0.36113 2.5
      vertex 3.2222 -0.42421 2.5
      vertex 3.24304 -0.21256 2.5
    endloop
  endfacet
  facet normal 0 0 -1
    outer loop
      vertex 3.21718 -1.45586 2.5
      vertex 3.43202 -0.405075 2.5
      vertex 5.02104 -1.61 2.5
    endloop
  endfacet
  facet normal 0 0 -1
    outer loop
      vertex 3.43202 -0.405075 2.5
      vertex 3.21718 -1.45586 2.5
      vertex 3.13926 -0.841162 2.5
    endloop
  endfacet
  facet normal 0 0 -1
    outer loop
      vertex 3.43202 -0.405075 2.5
      vertex 3.18755 -0.634043 2.5
      vertex 3.2222 -0.42421 2.5
    endloop
  endfacet
  facet normal 0 0 -1
    outer loop
      vertex 2.91484 -1.43744 2.5
      vertex 3.21718 -1.45586 2.5
      vertex 3.18439 -1.55313 2.5
    endloop
  endfacet
  facet normal 0 0 -1
    outer loop
      vertex 2.91484 -1.43744 2.5
      vertex 3.18439 -1.55313 2.5
      vertex 3.1414 -1.67032 2.5
    endloop
  endfacet
  facet normal 0 0 -1
    outer loop
      vertex 3.43202 -0.405075 2.5
      vertex 3.13926 -0.841162 2.5
      vertex 3.18755 -0.634043 2.5
    endloop
  endfacet
  facet normal 0 0 -1
    outer loop
      vertex 2.81458 -1.625 2.5
      vertex 3.1414 -1.67032 2.5
      vertex 3.09508 -1.78694 2.5
    endloop
  endfacet
  facet normal 0 0 -1
    outer loop
      vertex 3.21718 -1.45586 2.5
      vertex 3.07752 -1.04468 2.5
      vertex 3.13926 -0.841162 2.5
    endloop
  endfacet
  facet normal 0 0 -1
    outer loop
      vertex 2.81458 -1.625 2.5
      vertex 3.09508 -1.78694 2.5
      vertex 3.04536 -1.90295 2.5
    endloop
  endfacet
  facet normal 0 0 -1
    outer loop
      vertex 3.21718 -1.45586 2.5
      vertex 3.00261 -1.24372 2.5
      vertex 3.07752 -1.04468 2.5
    endloop
  endfacet
  facet normal 0 0 -1
    outer loop
      vertex 2.70228 -1.8056 2.5
      vertex 3.04536 -1.90295 2.5
      vertex 2.99225 -2.0183 2.5
    endloop
  endfacet
  facet normal 0 0 -1
    outer loop
      vertex 2.70228 -1.8056 2.5
      vertex 2.99225 -2.0183 2.5
      vertex 2.93568 -2.13289 2.5
    endloop
  endfacet
  facet normal 0 0 -1
    outer loop
      vertex 3.21718 -1.45586 2.5
      vertex 2.91484 -1.43744 2.5
      vertex 3.00261 -1.24372 2.5
    endloop
  endfacet
  facet normal 0 0 -1
    outer loop
      vertex 2.5784 -1.97847 2.5
      vertex 2.93568 -2.13289 2.5
      vertex 2.89456 -2.2108 2.5
    endloop
  endfacet
  facet normal 0 0 -1
    outer loop
      vertex 3.1414 -1.67032 2.5
      vertex 2.81458 -1.625 2.5
      vertex 2.91484 -1.43744 2.5
    endloop
  endfacet
  facet normal 0 0 -1
    outer loop
      vertex 3.25 0 2.5
      vertex 3.45 0 2.5
      vertex 3.44844 -0.120422 2.5
    endloop
  endfacet
  facet normal 0 0 -1
    outer loop
      vertex 3.25 0 2.5
      vertex 3.44844 -0.120422 2.5
      vertex 3.44377 -0.240799 2.5
    endloop
  endfacet
  facet normal 0 0 -1
    outer loop
      vertex 3.45 0 2.5
      vertex 3.25 0 2.5
      vertex 3.44844 0.120422 2.5
    endloop
  endfacet
  facet normal 0 0 -1
    outer loop
      vertex 3.25 0 2.5
      vertex 3.44377 -0.240799 2.5
      vertex 3.436 -0.36113 2.5
    endloop
  endfacet
  facet normal 0 0 -1
    outer loop
      vertex 3.24304 0.21256 2.5
      vertex 3.44844 0.120422 2.5
      vertex 3.25 0 2.5
    endloop
  endfacet
  facet normal 0 0 -1
    outer loop
      vertex 3.2222 -0.42421 2.5
      vertex 3.436 -0.36113 2.5
      vertex 3.43202 -0.405075 2.5
    endloop
  endfacet
  facet normal 0 0 -1
    outer loop
      vertex 3.44844 0.120422 2.5
      vertex 3.24304 0.21256 2.5
      vertex 3.44377 0.240799 2.5
    endloop
  endfacet
  facet normal 0 0 -1
    outer loop
      vertex 3.43202 0.405075 2.5
      vertex 5.02104 1.61 2.5
      vertex 5.15111 0.986847 2.5
    endloop
  endfacet
  facet normal 0 0 -1
    outer loop
      vertex 3.2222 0.42421 2.5
      vertex 3.436 0.36113 2.5
      vertex 3.24304 0.21256 2.5
    endloop
  endfacet
  facet normal 0 0 -1
    outer loop
      vertex 3.436 0.36113 2.5
      vertex 3.2222 0.42421 2.5
      vertex 3.43202 0.405075 2.5
    endloop
  endfacet
  facet normal 0 0 -1
    outer loop
      vertex 3.18755 0.634043 2.5
      vertex 3.43202 0.405075 2.5
      vertex 3.2222 0.42421 2.5
    endloop
  endfacet
  facet normal 0 0 -1
    outer loop
      vertex 3.13926 0.841162 2.5
      vertex 3.43202 0.405075 2.5
      vertex 3.18755 0.634043 2.5
    endloop
  endfacet
  facet normal 0 -0 -1
    outer loop
      vertex 3.21718 1.45586 2.5
      vertex 3.43202 0.405075 2.5
      vertex 3.13926 0.841162 2.5
    endloop
  endfacet
  facet normal 0 0 -1
    outer loop
      vertex 3.43202 0.405075 2.5
      vertex 3.21718 1.45586 2.5
      vertex 5.02104 1.61 2.5
    endloop
  endfacet
  facet normal 0 0 -1
    outer loop
      vertex 3.07752 1.04468 2.5
      vertex 3.21718 1.45586 2.5
      vertex 3.13926 0.841162 2.5
    endloop
  endfacet
  facet normal 0 0 -1
    outer loop
      vertex 3.00261 1.24372 2.5
      vertex 3.21718 1.45586 2.5
      vertex 3.07752 1.04468 2.5
    endloop
  endfacet
  facet normal 0 0 -1
    outer loop
      vertex 2.91484 1.43744 2.5
      vertex 3.21718 1.45586 2.5
      vertex 3.00261 1.24372 2.5
    endloop
  endfacet
  facet normal -0 0 -1
    outer loop
      vertex 3.21718 1.45586 2.5
      vertex 2.91484 1.43744 2.5
      vertex 3.18439 1.55313 2.5
    endloop
  endfacet
  facet normal -0 0 -1
    outer loop
      vertex 3.18439 1.55313 2.5
      vertex 2.91484 1.43744 2.5
      vertex 3.1414 1.67032 2.5
    endloop
  endfacet
  facet normal 0 0 -1
    outer loop
      vertex 2.81458 1.625 2.5
      vertex 3.1414 1.67032 2.5
      vertex 2.91484 1.43744 2.5
    endloop
  endfacet
  facet normal -0 0 -1
    outer loop
      vertex 3.1414 1.67032 2.5
      vertex 2.81458 1.625 2.5
      vertex 3.09508 1.78694 2.5
    endloop
  endfacet
  facet normal -0 0 -1
    outer loop
      vertex 3.09508 1.78694 2.5
      vertex 2.81458 1.625 2.5
      vertex 3.04536 1.90295 2.5
    endloop
  endfacet
  facet normal 0 0 -1
    outer loop
      vertex 2.70228 1.8056 2.5
      vertex 3.04536 1.90295 2.5
      vertex 2.81458 1.625 2.5
    endloop
  endfacet
  facet normal -0 0 -1
    outer loop
      vertex 3.04536 1.90295 2.5
      vertex 2.70228 1.8056 2.5
      vertex 2.99225 2.0183 2.5
    endloop
  endfacet
  facet normal -0 0 -1
    outer loop
      vertex 2.99225 2.0183 2.5
      vertex 2.70228 1.8056 2.5
      vertex 2.93568 2.13289 2.5
    endloop
  endfacet
  facet normal 0 0 -1
    outer loop
      vertex 2.89456 2.2108 2.5
      vertex 3.87138 3.93823 2.5
      vertex 4.23686 3.41695 2.5
    endloop
  endfacet
  facet normal 0 0 -1
    outer loop
      vertex 2.5784 1.97847 2.5
      vertex 2.93568 2.13289 2.5
      vertex 2.70228 1.8056 2.5
    endloop
  endfacet
  facet normal -0 0 -1
    outer loop
      vertex 2.93568 2.13289 2.5
      vertex 2.5784 1.97847 2.5
      vertex 2.89456 2.2108 2.5
    endloop
  endfacet
  facet normal 0 0 -1
    outer loop
      vertex 2.44348 2.14287 2.5
      vertex 2.89456 2.2108 2.5
      vertex 2.5784 1.97847 2.5
    endloop
  endfacet
  facet normal 0 0 -1
    outer loop
      vertex 2.2981 2.2981 2.5
      vertex 2.89456 2.2108 2.5
      vertex 2.44348 2.14287 2.5
    endloop
  endfacet
  facet normal 0 0 -1
    outer loop
      vertex 2.89456 2.2108 2.5
      vertex 2.2981 2.2981 2.5
      vertex 2.28806 3.09184 2.5
    endloop
  endfacet
  facet normal 0 0 -1
    outer loop
      vertex 2.89456 2.2108 2.5
      vertex 2.28806 3.09184 2.5
      vertex 3.87138 3.93823 2.5
    endloop
  endfacet
  facet normal 0 0 -1
    outer loop
      vertex 2.14287 2.44348 2.5
      vertex 2.28806 3.09184 2.5
      vertex 2.2981 2.2981 2.5
    endloop
  endfacet
  facet normal 0 0 -1
    outer loop
      vertex 1.97847 2.5784 2.5
      vertex 2.28806 3.09184 2.5
      vertex 2.14287 2.44348 2.5
    endloop
  endfacet
  facet normal 0 0 -1
    outer loop
      vertex 1.8056 2.70228 2.5
      vertex 2.28806 3.09184 2.5
      vertex 1.97847 2.5784 2.5
    endloop
  endfacet
  facet normal -0 0 -1
    outer loop
      vertex 2.28806 3.09184 2.5
      vertex 1.8056 2.70228 2.5
      vertex 2.2655 3.11821 2.5
    endloop
  endfacet
  facet normal -0 0 -1
    outer loop
      vertex 2.2655 3.11821 2.5
      vertex 1.8056 2.70228 2.5
      vertex 2.1725 3.22087 2.5
    endloop
  endfacet
  facet normal 0 0 -1
    outer loop
      vertex 1.625 2.81458 2.5
      vertex 2.1725 3.22087 2.5
      vertex 1.8056 2.70228 2.5
    endloop
  endfacet
  facet normal -0 0 -1
    outer loop
      vertex 2.1725 3.22087 2.5
      vertex 1.625 2.81458 2.5
      vertex 2.07567 3.32178 2.5
    endloop
  endfacet
  facet normal -0 0 -1
    outer loop
      vertex 2.07567 3.32178 2.5
      vertex 1.625 2.81458 2.5
      vertex 1.97499 3.42079 2.5
    endloop
  endfacet
  facet normal 0 0 -1
    outer loop
      vertex 1.43744 2.91484 2.5
      vertex 1.97499 3.42079 2.5
      vertex 1.625 2.81458 2.5
    endloop
  endfacet
  facet normal -0 0 -1
    outer loop
      vertex 1.97499 3.42079 2.5
      vertex 1.43744 2.91484 2.5
      vertex 1.87044 3.51779 2.5
    endloop
  endfacet
  facet normal -0 0 -1
    outer loop
      vertex 1.87044 3.51779 2.5
      vertex 1.43744 2.91484 2.5
      vertex 1.76199 3.61263 2.5
    endloop
  endfacet
  facet normal 0 0 -1
    outer loop
      vertex 1.68097 3.67937 2.5
      vertex 1.916 5.63411 2.5
      vertex 2.45309 5.29204 2.5
    endloop
  endfacet
  facet normal 0 0 -1
    outer loop
      vertex 1.24372 3.00261 2.5
      vertex 1.76199 3.61263 2.5
      vertex 1.43744 2.91484 2.5
    endloop
  endfacet
  facet normal -0 0 -1
    outer loop
      vertex 1.76199 3.61263 2.5
      vertex 1.24372 3.00261 2.5
      vertex 1.68097 3.67937 2.5
    endloop
  endfacet
  facet normal 0 0 -1
    outer loop
      vertex 1.04468 3.07752 2.5
      vertex 1.68097 3.67937 2.5
      vertex 1.24372 3.00261 2.5
    endloop
  endfacet
  facet normal 0 0 -1
    outer loop
      vertex 0.841162 3.13926 2.5
      vertex 1.68097 3.67937 2.5
      vertex 1.04468 3.07752 2.5
    endloop
  endfacet
  facet normal -0 0 -1
    outer loop
      vertex 1.68097 3.67937 2.5
      vertex 0.841162 3.13926 2.5
      vertex 0.785965 4.25845 2.5
    endloop
  endfacet
  facet normal 0 0 -1
    outer loop
      vertex 1.68097 3.67937 2.5
      vertex 0.785965 4.25845 2.5
      vertex 1.916 5.63411 2.5
    endloop
  endfacet
  facet normal 0 0 -1
    outer loop
      vertex 0.634043 3.18755 2.5
      vertex 0.785965 4.25845 2.5
      vertex 0.841162 3.13926 2.5
    endloop
  endfacet
  facet normal 0 0 -1
    outer loop
      vertex 0.42421 3.2222 2.5
      vertex 0.785965 4.25845 2.5
      vertex 0.634043 3.18755 2.5
    endloop
  endfacet
  facet normal -0 0 -1
    outer loop
      vertex 0.785965 4.25845 2.5
      vertex 0.42421 3.2222 2.5
      vertex 0.753799 4.27501 2.5
    endloop
  endfacet
  facet normal -0 0 -1
    outer loop
      vertex 0.753799 4.27501 2.5
      vertex 0.42421 3.2222 2.5
      vertex 0.610382 4.34317 2.5
    endloop
  endfacet
  facet normal 0 0 -1
    outer loop
      vertex 0.21256 3.24304 2.5
      vertex 0.610382 4.34317 2.5
      vertex 0.42421 3.2222 2.5
    endloop
  endfacet
  facet normal -0 0 -1
    outer loop
      vertex 0.610382 4.34317 2.5
      vertex 0.21256 3.24304 2.5
      vertex 0.463242 4.40747 2.5
    endloop
  endfacet
  facet normal -0 0 -1
    outer loop
      vertex 0.463242 4.40747 2.5
      vertex 0.21256 3.24304 2.5
      vertex 0.312408 4.46767 2.5
    endloop
  endfacet
  facet normal 0 0 -1
    outer loop
      vertex 0 3.25 2.5
      vertex 0.312408 4.46767 2.5
      vertex 0.21256 3.24304 2.5
    endloop
  endfacet
  facet normal -0 0 -1
    outer loop
      vertex 0.312408 4.46767 2.5
      vertex 0 3.25 2.5
      vertex 0.157959 4.52357 2.5
    endloop
  endfacet
  facet normal 0 0 -1
    outer loop
      vertex 0 3.25 2.5
      vertex 0 4.575 2.5
      vertex 0.157959 4.52357 2.5
    endloop
  endfacet
  facet normal 0 0 -1
    outer loop
      vertex -0.21256 3.24304 2.5
      vertex 0 4.575 2.5
      vertex 0 3.25 2.5
    endloop
  endfacet
  facet normal -0 0 -1
    outer loop
      vertex 0 4.575 2.5
      vertex -0.21256 3.24304 2.5
      vertex -0.0181885 4.58026 2.5
    endloop
  endfacet
  facet normal 0 0 -1
    outer loop
      vertex -0.42421 3.2222 2.5
      vertex -0.0181885 4.58026 2.5
      vertex -0.21256 3.24304 2.5
    endloop
  endfacet
  facet normal -0 0 -1
    outer loop
      vertex -0.0181885 4.58026 2.5
      vertex -0.42421 3.2222 2.5
      vertex -1.06277 4.78033 2.5
    endloop
  endfacet
  facet normal 0 0 -1
    outer loop
      vertex -0.0181885 4.58026 2.5
      vertex -1.06277 4.78033 2.5
      vertex 0.100464 6.35202 2.5
    endloop
  endfacet
  facet normal 0 0 -1
    outer loop
      vertex -1.06277 4.78033 2.5
      vertex -0.42421 3.2222 2.5
      vertex -0.634043 3.18755 2.5
    endloop
  endfacet
  facet normal 0 0 -1
    outer loop
      vertex -1.06277 4.78033 2.5
      vertex -0.634043 3.18755 2.5
      vertex -0.841162 3.13926 2.5
    endloop
  endfacet
  facet normal 0 0 -1
    outer loop
      vertex -1.06277 4.78033 2.5
      vertex -0.841162 3.13926 2.5
      vertex -1.04468 3.07752 2.5
    endloop
  endfacet
  facet normal -0 0 -1
    outer loop
      vertex 0.100464 6.35202 2.5
      vertex -1.06277 4.78033 2.5
      vertex -0.525055 6.47066 2.5
    endloop
  endfacet
  facet normal 0 0 -1
    outer loop
      vertex -1.04468 3.07752 2.5
      vertex -1.19438 4.79044 2.5
      vertex -1.06277 4.78033 2.5
    endloop
  endfacet
  facet normal 0 0 -1
    outer loop
      vertex -1.37578 4.79794 2.5
      vertex -1.04468 3.07752 2.5
      vertex -1.24372 3.00261 2.5
    endloop
  endfacet
  facet normal 0 0 -1
    outer loop
      vertex -1.04468 3.07752 2.5
      vertex -1.37578 4.79794 2.5
      vertex -1.19438 4.79044 2.5
    endloop
  endfacet
  facet normal 0 0 -1
    outer loop
      vertex -1.74461 4.7933 2.5
      vertex -1.24372 3.00261 2.5
      vertex -1.43744 2.91484 2.5
    endloop
  endfacet
  facet normal 0 0 -1
    outer loop
      vertex -1.24372 3.00261 2.5
      vertex -1.55927 4.79897 2.5
      vertex -1.37578 4.79794 2.5
    endloop
  endfacet
  facet normal 0 0 -1
    outer loop
      vertex -1.93661 4.78023 2.5
      vertex -1.43744 2.91484 2.5
      vertex -1.625 2.81458 2.5
    endloop
  endfacet
  facet normal 0 0 -1
    outer loop
      vertex -1.24372 3.00261 2.5
      vertex -1.74461 4.7933 2.5
      vertex -1.55927 4.79897 2.5
    endloop
  endfacet
  facet normal 0 0 -1
    outer loop
      vertex -2.98128 4.57745 2.5
      vertex -1.625 2.81458 2.5
      vertex -1.8056 2.70228 2.5
    endloop
  endfacet
  facet normal 0 0 -1
    outer loop
      vertex -1.43744 2.91484 2.5
      vertex -1.93155 4.78076 2.5
      vertex -1.74461 4.7933 2.5
    endloop
  endfacet
  facet normal 0 0 -1
    outer loop
      vertex -1.43744 2.91484 2.5
      vertex -1.93661 4.78023 2.5
      vertex -1.93155 4.78076 2.5
    endloop
  endfacet
  facet normal 0 0 -1
    outer loop
      vertex -2.98128 4.57745 2.5
      vertex -1.8056 2.70228 2.5
      vertex -1.97847 2.5784 2.5
    endloop
  endfacet
  facet normal 0 0 -1
    outer loop
      vertex -3.25865 4.48515 2.5
      vertex -1.97847 2.5784 2.5
      vertex -2.14287 2.44348 2.5
    endloop
  endfacet
  facet normal 0 0 -1
    outer loop
      vertex -3.44662 4.41148 2.5
      vertex -2.14287 2.44348 2.5
      vertex -2.2981 2.2981 2.5
    endloop
  endfacet
  facet normal 0 0 -1
    outer loop
      vertex -3.78363 4.2561 2.5
      vertex -2.2981 2.2981 2.5
      vertex -2.44348 2.14287 2.5
    endloop
  endfacet
  facet normal 0 0 -1
    outer loop
      vertex -1.625 2.81458 2.5
      vertex -2.98128 4.57745 2.5
      vertex -1.93661 4.78023 2.5
    endloop
  endfacet
  facet normal 0 0 -1
    outer loop
      vertex -3.78363 4.2561 2.5
      vertex -2.44348 2.14287 2.5
      vertex -2.5784 1.97847 2.5
    endloop
  endfacet
  facet normal 0 0 -1
    outer loop
      vertex -4.67918 3.67676 2.5
      vertex -2.5784 1.97847 2.5
      vertex -2.70228 1.8056 2.5
    endloop
  endfacet
  facet normal 0 0 -1
    outer loop
      vertex -4.67918 3.67676 2.5
      vertex -2.70228 1.8056 2.5
      vertex -2.81458 1.625 2.5
    endloop
  endfacet
  facet normal 0 0 -1
    outer loop
      vertex -4.67918 3.67676 2.5
      vertex -2.81458 1.625 2.5
      vertex -2.91484 1.43744 2.5
    endloop
  endfacet
  facet normal -0 0 -1
    outer loop
      vertex -1.93661 4.78023 2.5
      vertex -2.98128 4.57745 2.5
      vertex -2.47426 6.47075 2.5
    endloop
  endfacet
  facet normal 0 0 -1
    outer loop
      vertex -2.47426 6.47075 2.5
      vertex -2.98128 4.57745 2.5
      vertex -3.09995 6.35214 2.5
    endloop
  endfacet
  facet normal 0 0 -1
    outer loop
      vertex -6.45 0 2.5
      vertex -3.25 0 2.5
      vertex -6.44453 -0.225037 2.5
    endloop
  endfacet
  facet normal 0 0 -1
    outer loop
      vertex -3.25 0 2.5
      vertex -6.44453 0.225037 2.5
      vertex -6.43144 0.404922 2.5
    endloop
  endfacet
  facet normal 0 0 -1
    outer loop
      vertex -3.25 0 2.5
      vertex -6.45 0 2.5
      vertex -6.44453 0.225037 2.5
    endloop
  endfacet
  facet normal 0 0 -1
    outer loop
      vertex -6.21516 -1.45581 2.5
      vertex -3.18755 -0.634043 2.5
      vertex -6.18706 -1.5426 2.5
    endloop
  endfacet
  facet normal -0 0 -1
    outer loop
      vertex -3.18755 -0.634043 2.5
      vertex -6.21516 -1.45581 2.5
      vertex -3.2222 -0.42421 2.5
    endloop
  endfacet
  facet normal 0 -0 -1
    outer loop
      vertex -5.92212 2.15547 2.5
      vertex -3.25 0 2.5
      vertex -6.01981 1.95595 2.5
    endloop
  endfacet
  facet normal 0 0 -1
    outer loop
      vertex -3.25 0 2.5
      vertex -5.92212 2.15547 2.5
      vertex -5.89258 2.20929 2.5
    endloop
  endfacet
  facet normal 0 0 -1
    outer loop
      vertex -6.43144 -0.404922 2.5
      vertex -3.2222 -0.42421 2.5
      vertex -6.21516 -1.45581 2.5
    endloop
  endfacet
  facet normal 0 0 -1
    outer loop
      vertex -3.25 0 2.5
      vertex -6.10823 1.7515 2.5
      vertex -6.01981 1.95595 2.5
    endloop
  endfacet
  facet normal 0 0 -1
    outer loop
      vertex -3.2222 -0.42421 2.5
      vertex -6.43144 -0.404922 2.5
      vertex -3.24304 -0.21256 2.5
    endloop
  endfacet
  facet normal 0 0 -1
    outer loop
      vertex -6.44453 -0.225037 2.5
      vertex -3.24304 -0.21256 2.5
      vertex -6.43144 -0.404922 2.5
    endloop
  endfacet
  facet normal 0 -0 -1
    outer loop
      vertex -6.18706 1.5426 2.5
      vertex -3.25 0 2.5
      vertex -6.21516 1.45581 2.5
    endloop
  endfacet
  facet normal 0 0 -1
    outer loop
      vertex -3.25 0 2.5
      vertex -6.18706 1.5426 2.5
      vertex -6.10823 1.7515 2.5
    endloop
  endfacet
  facet normal -0 0 -1
    outer loop
      vertex -3.24304 -0.21256 2.5
      vertex -6.44453 -0.225037 2.5
      vertex -3.25 0 2.5
    endloop
  endfacet
  facet normal 0 0 -1
    outer loop
      vertex -8.021 -1.61014 2.5
      vertex -6.43144 -0.404922 2.5
      vertex -6.21516 -1.45581 2.5
    endloop
  endfacet
  facet normal 0 0 -1
    outer loop
      vertex -6.43144 -0.404922 2.5
      vertex -8.021 -1.61014 2.5
      vertex -8.15109 -0.986938 2.5
    endloop
  endfacet
  facet normal 0 0 -1
    outer loop
      vertex -5.92212 -2.15547 2.5
      vertex -3.07752 -1.04468 2.5
      vertex -5.89258 -2.20929 2.5
    endloop
  endfacet
  facet normal -0 0 -1
    outer loop
      vertex -3.07752 -1.04468 2.5
      vertex -5.92212 -2.15547 2.5
      vertex -3.13926 -0.841162 2.5
    endloop
  endfacet
  facet normal 0 -0 -1
    outer loop
      vertex -4.6926 3.66626 2.5
      vertex -3.25 0 2.5
      vertex -4.855 3.52736 2.5
    endloop
  endfacet
  facet normal 0 0 -1
    outer loop
      vertex -3.25 0 2.5
      vertex -4.6926 3.66626 2.5
      vertex -4.67918 3.67676 2.5
    endloop
  endfacet
  facet normal 0 0 -1
    outer loop
      vertex -6.01981 -1.95595 2.5
      vertex -3.13926 -0.841162 2.5
      vertex -5.92212 -2.15547 2.5
    endloop
  endfacet
  facet normal 0 0 -1
    outer loop
      vertex -3.25 0 2.5
      vertex -5.01205 3.38068 2.5
      vertex -4.855 3.52736 2.5
    endloop
  endfacet
  facet normal 0 0 -1
    outer loop
      vertex -6.10823 -1.7515 2.5
      vertex -3.13926 -0.841162 2.5
      vertex -6.01981 -1.95595 2.5
    endloop
  endfacet
  facet normal 0 0 -1
    outer loop
      vertex -3.25 0 2.5
      vertex -5.16328 3.22636 2.5
      vertex -5.01205 3.38068 2.5
    endloop
  endfacet
  facet normal -0 0 -1
    outer loop
      vertex -3.13926 -0.841162 2.5
      vertex -6.10823 -1.7515 2.5
      vertex -3.18755 -0.634043 2.5
    endloop
  endfacet
  facet normal 0 0 -1
    outer loop
      vertex -3.25 0 2.5
      vertex -5.28502 3.09055 2.5
      vertex -5.16328 3.22636 2.5
    endloop
  endfacet
  facet normal 0 0 -1
    outer loop
      vertex -6.18706 -1.5426 2.5
      vertex -3.18755 -0.634043 2.5
      vertex -6.10823 -1.7515 2.5
    endloop
  endfacet
  facet normal 0 0 -1
    outer loop
      vertex -6.87114 -3.93854 2.5
      vertex -5.89258 -2.20929 2.5
      vertex -5.28502 -3.09055 2.5
    endloop
  endfacet
  facet normal 0 0 -1
    outer loop
      vertex -5.89258 -2.20929 2.5
      vertex -6.87114 -3.93854 2.5
      vertex -7.23669 -3.41722 2.5
    endloop
  endfacet
  facet normal 0 0 -1
    outer loop
      vertex -2.5784 1.97847 2.5
      vertex -4.67918 3.67676 2.5
      vertex -3.78363 4.2561 2.5
    endloop
  endfacet
  facet normal 0 0 -1
    outer loop
      vertex -4.67918 3.67676 2.5
      vertex -4.91557 5.63435 2.5
      vertex -3.78363 4.2561 2.5
    endloop
  endfacet
  facet normal 0 -0 -1
    outer loop
      vertex -4.91557 5.63435 2.5
      vertex -4.67918 3.67676 2.5
      vertex -5.45262 5.29237 2.5
    endloop
  endfacet
  facet normal 0 0 -1
    outer loop
      vertex -3.25 0 2.5
      vertex -5.89258 2.20929 2.5
      vertex -5.28502 3.09055 2.5
    endloop
  endfacet
  facet normal 0 0 -1
    outer loop
      vertex -5.89258 2.20929 2.5
      vertex -6.87114 3.93854 2.5
      vertex -5.28502 3.09055 2.5
    endloop
  endfacet
  facet normal 0 -0 -1
    outer loop
      vertex -6.87114 3.93854 2.5
      vertex -5.89258 2.20929 2.5
      vertex -7.23669 3.41722 2.5
    endloop
  endfacet
  facet normal 0 0 -1
    outer loop
      vertex -3.25 0 2.5
      vertex -6.43144 0.404922 2.5
      vertex -6.21516 1.45581 2.5
    endloop
  endfacet
  facet normal 0 0 -1
    outer loop
      vertex -6.43144 0.404922 2.5
      vertex -8.021 1.61014 2.5
      vertex -6.21516 1.45581 2.5
    endloop
  endfacet
  facet normal 0 -0 -1
    outer loop
      vertex -8.021 1.61014 2.5
      vertex -6.43144 0.404922 2.5
      vertex -8.15109 0.986938 2.5
    endloop
  endfacet
  facet normal 0 0 -1
    outer loop
      vertex -4.67918 3.67676 2.5
      vertex -2.91484 1.43744 2.5
      vertex -3.00261 1.24372 2.5
    endloop
  endfacet
  facet normal 0 0 -1
    outer loop
      vertex -1.97847 2.5784 2.5
      vertex -3.06949 4.55072 2.5
      vertex -2.98128 4.57745 2.5
    endloop
  endfacet
  facet normal 0 0 -1
    outer loop
      vertex -4.67918 3.67676 2.5
      vertex -3.00261 1.24372 2.5
      vertex -3.07752 1.04468 2.5
    endloop
  endfacet
  facet normal 0 0 -1
    outer loop
      vertex -4.67918 3.67676 2.5
      vertex -3.07752 1.04468 2.5
      vertex -3.13926 0.841162 2.5
    endloop
  endfacet
  facet normal 0 0 -1
    outer loop
      vertex -4.67918 3.67676 2.5
      vertex -3.13926 0.841162 2.5
      vertex -3.18755 0.634043 2.5
    endloop
  endfacet
  facet normal 0 0 -1
    outer loop
      vertex -4.67918 3.67676 2.5
      vertex -3.18755 0.634043 2.5
      vertex -3.2222 0.42421 2.5
    endloop
  endfacet
  facet normal 0 0 -1
    outer loop
      vertex -4.67918 3.67676 2.5
      vertex -3.2222 0.42421 2.5
      vertex -3.24304 0.21256 2.5
    endloop
  endfacet
  facet normal 0 0 -1
    outer loop
      vertex -1.97847 2.5784 2.5
      vertex -3.25865 4.48515 2.5
      vertex -3.06949 4.55072 2.5
    endloop
  endfacet
  facet normal -0 0 -1
    outer loop
      vertex -3.00261 -1.24372 2.5
      vertex -5.89258 -2.20929 2.5
      vertex -3.07752 -1.04468 2.5
    endloop
  endfacet
  facet normal -0 0 -1
    outer loop
      vertex -2.81458 -1.625 2.5
      vertex -5.16328 -3.22636 2.5
      vertex -2.91484 -1.43744 2.5
    endloop
  endfacet
  facet normal 0 0 -1
    outer loop
      vertex -5.28502 -3.09055 2.5
      vertex -2.91484 -1.43744 2.5
      vertex -5.16328 -3.22636 2.5
    endloop
  endfacet
  facet normal 0 0 -1
    outer loop
      vertex -2.14287 2.44348 2.5
      vertex -3.44662 4.41148 2.5
      vertex -3.25865 4.48515 2.5
    endloop
  endfacet
  facet normal -0 0 -1
    outer loop
      vertex -2.91484 -1.43744 2.5
      vertex -5.28502 -3.09055 2.5
      vertex -3.00261 -1.24372 2.5
    endloop
  endfacet
  facet normal 0 0 -1
    outer loop
      vertex -2.2981 2.2981 2.5
      vertex -3.63303 4.32967 2.5
      vertex -3.44662 4.41148 2.5
    endloop
  endfacet
  facet normal 0 0 -1
    outer loop
      vertex -5.89258 -2.20929 2.5
      vertex -3.00261 -1.24372 2.5
      vertex -5.28502 -3.09055 2.5
    endloop
  endfacet
  facet normal 0 0 -1
    outer loop
      vertex -2.2981 2.2981 2.5
      vertex -3.78363 4.2561 2.5
      vertex -3.63303 4.32967 2.5
    endloop
  endfacet
  facet normal 0 0 -1
    outer loop
      vertex -3.25 0 2.5
      vertex -4.67918 3.67676 2.5
      vertex -3.24304 0.21256 2.5
    endloop
  endfacet
  facet normal 0 0 -1
    outer loop
      vertex -4.91557 -5.63435 2.5
      vertex -4.67918 -3.67676 2.5
      vertex -3.78363 -4.2561 2.5
    endloop
  endfacet
  facet normal 0 0 -1
    outer loop
      vertex -4.67918 -3.67676 2.5
      vertex -4.91557 -5.63435 2.5
      vertex -5.45262 -5.29237 2.5
    endloop
  endfacet
  facet normal -0 0 -1
    outer loop
      vertex -2.2981 -2.2981 2.5
      vertex -3.78363 -4.2561 2.5
      vertex -2.44348 -2.14287 2.5
    endloop
  endfacet
  facet normal -0 0 -1
    outer loop
      vertex -2.44348 -2.14287 2.5
      vertex -3.78363 -4.2561 2.5
      vertex -2.5784 -1.97847 2.5
    endloop
  endfacet
  facet normal 0 0 -1
    outer loop
      vertex -4.67918 -3.67676 2.5
      vertex -2.5784 -1.97847 2.5
      vertex -3.78363 -4.2561 2.5
    endloop
  endfacet
  facet normal -0 0 -1
    outer loop
      vertex -2.5784 -1.97847 2.5
      vertex -4.67918 -3.67676 2.5
      vertex -2.70228 -1.8056 2.5
    endloop
  endfacet
  facet normal 0 0 -1
    outer loop
      vertex -4.6926 -3.66626 2.5
      vertex -2.70228 -1.8056 2.5
      vertex -4.67918 -3.67676 2.5
    endloop
  endfacet
  facet normal 0 0 -1
    outer loop
      vertex -4.855 -3.52736 2.5
      vertex -2.70228 -1.8056 2.5
      vertex -4.6926 -3.66626 2.5
    endloop
  endfacet
  facet normal -0 0 -1
    outer loop
      vertex -2.70228 -1.8056 2.5
      vertex -4.855 -3.52736 2.5
      vertex -2.81458 -1.625 2.5
    endloop
  endfacet
  facet normal 0 0 -1
    outer loop
      vertex -5.16328 -3.22636 2.5
      vertex -2.81458 -1.625 2.5
      vertex -5.01205 -3.38068 2.5
    endloop
  endfacet
  facet normal 0 0 -1
    outer loop
      vertex -5.01205 -3.38068 2.5
      vertex -2.81458 -1.625 2.5
      vertex -4.855 -3.52736 2.5
    endloop
  endfacet
  facet normal -0.104173 -0.994559 0
    outer loop
      vertex -1.93661 -4.78023 2.5
      vertex -1.93155 -4.78076 4.7
      vertex -1.93661 -4.78023 4.7
    endloop
  endfacet
  facet normal -0.104173 -0.994559 -0
    outer loop
      vertex -1.93155 -4.78076 4.7
      vertex -1.93661 -4.78023 2.5
      vertex -1.93155 -4.78076 2.5
    endloop
  endfacet
  facet normal -0.0669299 -0.997758 0
    outer loop
      vertex -1.93155 -4.78076 2.5
      vertex -1.74461 -4.7933 4.7
      vertex -1.93155 -4.78076 4.7
    endloop
  endfacet
  facet normal -0.0669299 -0.997758 -0
    outer loop
      vertex -1.74461 -4.7933 4.7
      vertex -1.93155 -4.78076 2.5
      vertex -1.74461 -4.7933 2.5
    endloop
  endfacet
  facet normal -0.0305781 -0.999532 0
    outer loop
      vertex -1.74461 -4.7933 2.5
      vertex -1.55927 -4.79897 4.7
      vertex -1.74461 -4.7933 4.7
    endloop
  endfacet
  facet normal -0.0305781 -0.999532 -0
    outer loop
      vertex -1.55927 -4.79897 4.7
      vertex -1.74461 -4.7933 2.5
      vertex -1.55927 -4.79897 2.5
    endloop
  endfacet
  facet normal 0.0056133 -0.999984 0
    outer loop
      vertex -1.55927 -4.79897 2.5
      vertex -1.37578 -4.79794 4.7
      vertex -1.55927 -4.79897 4.7
    endloop
  endfacet
  facet normal 0.0056133 -0.999984 0
    outer loop
      vertex -1.37578 -4.79794 4.7
      vertex -1.55927 -4.79897 2.5
      vertex -1.37578 -4.79794 2.5
    endloop
  endfacet
  facet normal 0.0413098 -0.999146 0
    outer loop
      vertex -1.37578 -4.79794 2.5
      vertex -1.19438 -4.79044 4.7
      vertex -1.37578 -4.79794 4.7
    endloop
  endfacet
  facet normal 0.0413098 -0.999146 0
    outer loop
      vertex -1.19438 -4.79044 4.7
      vertex -1.37578 -4.79794 2.5
      vertex -1.19438 -4.79044 2.5
    endloop
  endfacet
  facet normal 0.0765922 -0.997063 0
    outer loop
      vertex -1.19438 -4.79044 2.5
      vertex -1.06277 -4.78033 4.7
      vertex -1.19438 -4.79044 4.7
    endloop
  endfacet
  facet normal 0.0765922 -0.997063 0
    outer loop
      vertex -1.06277 -4.78033 4.7
      vertex -1.19438 -4.79044 2.5
      vertex -1.06277 -4.78033 2.5
    endloop
  endfacet
  facet normal -0.952945 -0.303144 0
    outer loop
      vertex -0.525055 -6.47066 2.5
      vertex -1.06277 -4.78033 4.7
      vertex -1.06277 -4.78033 2.5
    endloop
  endfacet
  facet normal -0.952945 -0.303144 0
    outer loop
      vertex -1.06277 -4.78033 4.7
      vertex -0.525055 -6.47066 2.5
      vertex -0.525055 -6.47066 4.7
    endloop
  endfacet
  facet normal 0.186344 -0.982484 0
    outer loop
      vertex -0.525055 -6.47066 2.5
      vertex 0.100464 -6.35202 4.7
      vertex -0.525055 -6.47066 4.7
    endloop
  endfacet
  facet normal 0.186344 -0.982484 0
    outer loop
      vertex 0.100464 -6.35202 4.7
      vertex -0.525055 -6.47066 2.5
      vertex 0.100464 -6.35202 2.5
    endloop
  endfacet
  facet normal 0.997765 0.0668191 0
    outer loop
      vertex 0.100464 -6.35202 4.7
      vertex -0.0181885 -4.58026 2.5
      vertex -0.0181885 -4.58026 4.7
    endloop
  endfacet
  facet normal 0.997765 0.0668191 0
    outer loop
      vertex -0.0181885 -4.58026 2.5
      vertex 0.100464 -6.35202 4.7
      vertex 0.100464 -6.35202 2.5
    endloop
  endfacet
  facet normal 0.27781 -0.960636 0
    outer loop
      vertex -0.0181885 -4.58026 2.5
      vertex 0 -4.575 4.7
      vertex -0.0181885 -4.58026 4.7
    endloop
  endfacet
  facet normal 0.27781 -0.960636 0
    outer loop
      vertex 0 -4.575 4.7
      vertex -0.0181885 -4.58026 2.5
      vertex 0 -4.575 2.5
    endloop
  endfacet
  facet normal 0.309594 -0.950869 0
    outer loop
      vertex 0 -4.575 2.5
      vertex 0.157959 -4.52357 4.7
      vertex 0 -4.575 4.7
    endloop
  endfacet
  facet normal 0.309594 -0.950869 0
    outer loop
      vertex 0.157959 -4.52357 4.7
      vertex 0 -4.575 2.5
      vertex 0.157959 -4.52357 2.5
    endloop
  endfacet
  facet normal 0.340327 -0.940307 0
    outer loop
      vertex 0.157959 -4.52357 2.5
      vertex 0.312408 -4.46767 4.7
      vertex 0.157959 -4.52357 4.7
    endloop
  endfacet
  facet normal 0.340327 -0.940307 0
    outer loop
      vertex 0.312408 -4.46767 4.7
      vertex 0.157959 -4.52357 2.5
      vertex 0.312408 -4.46767 2.5
    endloop
  endfacet
  facet normal 0.370681 -0.92876 0
    outer loop
      vertex 0.312408 -4.46767 2.5
      vertex 0.463242 -4.40747 4.7
      vertex 0.312408 -4.46767 4.7
    endloop
  endfacet
  facet normal 0.370681 -0.92876 0
    outer loop
      vertex 0.463242 -4.40747 4.7
      vertex 0.312408 -4.46767 2.5
      vertex 0.463242 -4.40747 2.5
    endloop
  endfacet
  facet normal 0.400433 -0.916326 0
    outer loop
      vertex 0.463242 -4.40747 2.5
      vertex 0.610382 -4.34317 4.7
      vertex 0.463242 -4.40747 4.7
    endloop
  endfacet
  facet normal 0.400433 -0.916326 0
    outer loop
      vertex 0.610382 -4.34317 4.7
      vertex 0.463242 -4.40747 2.5
      vertex 0.610382 -4.34317 2.5
    endloop
  endfacet
  facet normal 0.429247 -0.903187 0
    outer loop
      vertex 0.610382 -4.34317 2.5
      vertex 0.753799 -4.27501 4.7
      vertex 0.610382 -4.34317 4.7
    endloop
  endfacet
  facet normal 0.429247 -0.903187 0
    outer loop
      vertex 0.753799 -4.27501 4.7
      vertex 0.610382 -4.34317 2.5
      vertex 0.753799 -4.27501 2.5
    endloop
  endfacet
  facet normal 0.45773 -0.889091 0
    outer loop
      vertex 0.753799 -4.27501 2.5
      vertex 0.785965 -4.25845 4.7
      vertex 0.753799 -4.27501 4.7
    endloop
  endfacet
  facet normal 0.45773 -0.889091 0
    outer loop
      vertex 0.785965 -4.25845 4.7
      vertex 0.753799 -4.27501 2.5
      vertex 0.785965 -4.25845 2.5
    endloop
  endfacet
  facet normal -0.772718 -0.634749 0
    outer loop
      vertex 1.916 -5.63411 2.5
      vertex 0.785965 -4.25845 4.7
      vertex 0.785965 -4.25845 2.5
    endloop
  endfacet
  facet normal -0.772718 -0.634749 0
    outer loop
      vertex 0.785965 -4.25845 4.7
      vertex 1.916 -5.63411 2.5
      vertex 1.916 -5.63411 4.7
    endloop
  endfacet
  facet normal 0.537195 -0.843458 0
    outer loop
      vertex 1.916 -5.63411 2.5
      vertex 2.45309 -5.29204 4.7
      vertex 1.916 -5.63411 4.7
    endloop
  endfacet
  facet normal 0.537195 -0.843458 0
    outer loop
      vertex 2.45309 -5.29204 4.7
      vertex 1.916 -5.63411 2.5
      vertex 2.45309 -5.29204 2.5
    endloop
  endfacet
  facet normal 0.901951 0.431839 0
    outer loop
      vertex 2.45309 -5.29204 4.7
      vertex 1.68097 -3.67937 2.5
      vertex 1.68097 -3.67937 4.7
    endloop
  endfacet
  facet normal 0.901951 0.431839 0
    outer loop
      vertex 1.68097 -3.67937 2.5
      vertex 2.45309 -5.29204 4.7
      vertex 2.45309 -5.29204 2.5
    endloop
  endfacet
  facet normal 0.635807 -0.771848 0
    outer loop
      vertex 1.68097 -3.67937 2.5
      vertex 1.76199 -3.61263 4.7
      vertex 1.68097 -3.67937 4.7
    endloop
  endfacet
  facet normal 0.635807 -0.771848 0
    outer loop
      vertex 1.76199 -3.61263 4.7
      vertex 1.68097 -3.67937 2.5
      vertex 1.76199 -3.61263 2.5
    endloop
  endfacet
  facet normal 0.658293 -0.752762 0
    outer loop
      vertex 1.76199 -3.61263 2.5
      vertex 1.87044 -3.51779 4.7
      vertex 1.76199 -3.61263 4.7
    endloop
  endfacet
  facet normal 0.658293 -0.752762 0
    outer loop
      vertex 1.87044 -3.51779 4.7
      vertex 1.76199 -3.61263 2.5
      vertex 1.87044 -3.51779 2.5
    endloop
  endfacet
  facet normal 0.680142 -0.733081 0
    outer loop
      vertex 1.87044 -3.51779 2.5
      vertex 1.97499 -3.42079 4.7
      vertex 1.87044 -3.51779 4.7
    endloop
  endfacet
  facet normal 0.680142 -0.733081 0
    outer loop
      vertex 1.97499 -3.42079 4.7
      vertex 1.87044 -3.51779 2.5
      vertex 1.97499 -3.42079 2.5
    endloop
  endfacet
  facet normal 0.701169 -0.712995 0
    outer loop
      vertex 1.97499 -3.42079 2.5
      vertex 2.07567 -3.32178 4.7
      vertex 1.97499 -3.42079 4.7
    endloop
  endfacet
  facet normal 0.701169 -0.712995 0
    outer loop
      vertex 2.07567 -3.32178 4.7
      vertex 1.97499 -3.42079 2.5
      vertex 2.07567 -3.32178 2.5
    endloop
  endfacet
  facet normal 0.721543 -0.69237 0
    outer loop
      vertex 2.07567 -3.32178 4.7
      vertex 2.1725 -3.22087 2.5
      vertex 2.1725 -3.22087 4.7
    endloop
  endfacet
  facet normal 0.721543 -0.69237 0
    outer loop
      vertex 2.1725 -3.22087 2.5
      vertex 2.07567 -3.32178 4.7
      vertex 2.07567 -3.32178 2.5
    endloop
  endfacet
  facet normal 0.741115 -0.671378 0
    outer loop
      vertex 2.1725 -3.22087 4.7
      vertex 2.2655 -3.11821 2.5
      vertex 2.2655 -3.11821 4.7
    endloop
  endfacet
  facet normal 0.741115 -0.671378 0
    outer loop
      vertex 2.2655 -3.11821 2.5
      vertex 2.1725 -3.22087 4.7
      vertex 2.1725 -3.22087 2.5
    endloop
  endfacet
  facet normal 0.759866 -0.650079 0
    outer loop
      vertex 2.2655 -3.11821 4.7
      vertex 2.28806 -3.09184 2.5
      vertex 2.28806 -3.09184 4.7
    endloop
  endfacet
  facet normal 0.759866 -0.650079 0
    outer loop
      vertex 2.28806 -3.09184 2.5
      vertex 2.2655 -3.11821 4.7
      vertex 2.2655 -3.11821 2.5
    endloop
  endfacet
  facet normal -0.471435 -0.881901 0
    outer loop
      vertex 2.28806 -3.09184 2.5
      vertex 3.87138 -3.93823 4.7
      vertex 2.28806 -3.09184 4.7
    endloop
  endfacet
  facet normal -0.471435 -0.881901 -0
    outer loop
      vertex 3.87138 -3.93823 4.7
      vertex 2.28806 -3.09184 2.5
      vertex 3.87138 -3.93823 2.5
    endloop
  endfacet
  facet normal 0.818801 -0.574078 0
    outer loop
      vertex 3.87138 -3.93823 4.7
      vertex 4.23686 -3.41695 2.5
      vertex 4.23686 -3.41695 4.7
    endloop
  endfacet
  facet normal 0.818801 -0.574078 0
    outer loop
      vertex 4.23686 -3.41695 2.5
      vertex 3.87138 -3.93823 4.7
      vertex 3.87138 -3.93823 2.5
    endloop
  endfacet
  facet normal 0.668377 0.743823 -0
    outer loop
      vertex 4.23686 -3.41695 2.5
      vertex 2.89456 -2.2108 4.7
      vertex 4.23686 -3.41695 4.7
    endloop
  endfacet
  facet normal 0.668377 0.743823 0
    outer loop
      vertex 2.89456 -2.2108 4.7
      vertex 4.23686 -3.41695 2.5
      vertex 2.89456 -2.2108 2.5
    endloop
  endfacet
  facet normal 0.884381 -0.466766 0
    outer loop
      vertex 2.89456 -2.2108 4.7
      vertex 2.93568 -2.13289 2.5
      vertex 2.93568 -2.13289 4.7
    endloop
  endfacet
  facet normal 0.884381 -0.466766 0
    outer loop
      vertex 2.93568 -2.13289 2.5
      vertex 2.89456 -2.2108 4.7
      vertex 2.89456 -2.2108 2.5
    endloop
  endfacet
  facet normal 0.896685 -0.442669 0
    outer loop
      vertex 2.93568 -2.13289 4.7
      vertex 2.99225 -2.0183 2.5
      vertex 2.99225 -2.0183 4.7
    endloop
  endfacet
  facet normal 0.896685 -0.442669 0
    outer loop
      vertex 2.99225 -2.0183 2.5
      vertex 2.93568 -2.13289 4.7
      vertex 2.93568 -2.13289 2.5
    endloop
  endfacet
  facet normal 0.908344 -0.418224 0
    outer loop
      vertex 2.99225 -2.0183 4.7
      vertex 3.04536 -1.90295 2.5
      vertex 3.04536 -1.90295 4.7
    endloop
  endfacet
  facet normal 0.908344 -0.418224 0
    outer loop
      vertex 3.04536 -1.90295 2.5
      vertex 2.99225 -2.0183 4.7
      vertex 2.99225 -2.0183 2.5
    endloop
  endfacet
  facet normal 0.919141 -0.393929 0
    outer loop
      vertex 3.04536 -1.90295 4.7
      vertex 3.09508 -1.78694 2.5
      vertex 3.09508 -1.78694 4.7
    endloop
  endfacet
  facet normal 0.919141 -0.393929 0
    outer loop
      vertex 3.09508 -1.78694 2.5
      vertex 3.04536 -1.90295 4.7
      vertex 3.04536 -1.90295 2.5
    endloop
  endfacet
  facet normal 0.929375 -0.369136 0
    outer loop
      vertex 3.09508 -1.78694 4.7
      vertex 3.1414 -1.67032 2.5
      vertex 3.1414 -1.67032 4.7
    endloop
  endfacet
  facet normal 0.929375 -0.369136 0
    outer loop
      vertex 3.1414 -1.67032 2.5
      vertex 3.09508 -1.78694 4.7
      vertex 3.09508 -1.78694 2.5
    endloop
  endfacet
  facet normal 0.938824 -0.344398 0
    outer loop
      vertex 3.1414 -1.67032 4.7
      vertex 3.18439 -1.55313 2.5
      vertex 3.18439 -1.55313 4.7
    endloop
  endfacet
  facet normal 0.938824 -0.344398 0
    outer loop
      vertex 3.18439 -1.55313 2.5
      vertex 3.1414 -1.67032 4.7
      vertex 3.1414 -1.67032 2.5
    endloop
  endfacet
  facet normal 0.947606 -0.319441 0
    outer loop
      vertex 3.18439 -1.55313 4.7
      vertex 3.21718 -1.45586 2.5
      vertex 3.21718 -1.45586 4.7
    endloop
  endfacet
  facet normal 0.947606 -0.319441 0
    outer loop
      vertex 3.21718 -1.45586 2.5
      vertex 3.18439 -1.55313 4.7
      vertex 3.18439 -1.55313 2.5
    endloop
  endfacet
  facet normal -0.0851398 -0.996369 0
    outer loop
      vertex 3.21718 -1.45586 2.5
      vertex 5.02104 -1.61 4.7
      vertex 3.21718 -1.45586 4.7
    endloop
  endfacet
  facet normal -0.0851398 -0.996369 -0
    outer loop
      vertex 5.02104 -1.61 4.7
      vertex 3.21718 -1.45586 2.5
      vertex 5.02104 -1.61 2.5
    endloop
  endfacet
  facet normal 0.978903 -0.204325 0
    outer loop
      vertex 5.02104 -1.61 4.7
      vertex 5.15111 -0.986847 2.5
      vertex 5.15111 -0.986847 4.7
    endloop
  endfacet
  facet normal 0.978903 -0.204325 0
    outer loop
      vertex 5.15111 -0.986847 2.5
      vertex 5.02104 -1.61 4.7
      vertex 5.02104 -1.61 2.5
    endloop
  endfacet
  facet normal 0.32056 0.947228 -0
    outer loop
      vertex 5.15111 -0.986847 2.5
      vertex 3.43202 -0.405075 4.7
      vertex 5.15111 -0.986847 4.7
    endloop
  endfacet
  facet normal 0.32056 0.947228 0
    outer loop
      vertex 3.43202 -0.405075 4.7
      vertex 5.15111 -0.986847 2.5
      vertex 3.43202 -0.405075 2.5
    endloop
  endfacet
  facet normal 0.995924 -0.0901986 0
    outer loop
      vertex 3.43202 -0.405075 4.7
      vertex 3.436 -0.36113 2.5
      vertex 3.436 -0.36113 4.7
    endloop
  endfacet
  facet normal 0.995924 -0.0901986 0
    outer loop
      vertex 3.436 -0.36113 2.5
      vertex 3.43202 -0.405075 4.7
      vertex 3.43202 -0.405075 2.5
    endloop
  endfacet
  facet normal 0.997922 -0.0644377 0
    outer loop
      vertex 3.436 -0.36113 4.7
      vertex 3.44377 -0.240799 2.5
      vertex 3.44377 -0.240799 4.7
    endloop
  endfacet
  facet normal 0.997922 -0.0644377 0
    outer loop
      vertex 3.44377 -0.240799 2.5
      vertex 3.436 -0.36113 4.7
      vertex 3.436 -0.36113 2.5
    endloop
  endfacet
  facet normal 0.999248 -0.0387656 0
    outer loop
      vertex 3.44377 -0.240799 4.7
      vertex 3.44844 -0.120422 2.5
      vertex 3.44844 -0.120422 4.7
    endloop
  endfacet
  facet normal 0.999248 -0.0387656 0
    outer loop
      vertex 3.44844 -0.120422 2.5
      vertex 3.44377 -0.240799 4.7
      vertex 3.44377 -0.240799 2.5
    endloop
  endfacet
  facet normal 0.999916 -0.0129534 0
    outer loop
      vertex 3.44844 -0.120422 4.7
      vertex 3.45 0 2.5
      vertex 3.45 0 4.7
    endloop
  endfacet
  facet normal 0.999916 -0.0129534 0
    outer loop
      vertex 3.45 0 2.5
      vertex 3.44844 -0.120422 4.7
      vertex 3.44844 -0.120422 2.5
    endloop
  endfacet
  facet normal 0.999916 0.0129534 0
    outer loop
      vertex 3.45 0 4.7
      vertex 3.44844 0.120422 2.5
      vertex 3.44844 0.120422 4.7
    endloop
  endfacet
  facet normal 0.999916 0.0129534 0
    outer loop
      vertex 3.44844 0.120422 2.5
      vertex 3.45 0 4.7
      vertex 3.45 0 2.5
    endloop
  endfacet
  facet normal 0.999248 0.0387656 0
    outer loop
      vertex 3.44844 0.120422 4.7
      vertex 3.44377 0.240799 2.5
      vertex 3.44377 0.240799 4.7
    endloop
  endfacet
  facet normal 0.999248 0.0387656 0
    outer loop
      vertex 3.44377 0.240799 2.5
      vertex 3.44844 0.120422 4.7
      vertex 3.44844 0.120422 2.5
    endloop
  endfacet
  facet normal 0.997922 0.0644377 0
    outer loop
      vertex 3.44377 0.240799 4.7
      vertex 3.436 0.36113 2.5
      vertex 3.436 0.36113 4.7
    endloop
  endfacet
  facet normal 0.997922 0.0644377 0
    outer loop
      vertex 3.436 0.36113 2.5
      vertex 3.44377 0.240799 4.7
      vertex 3.44377 0.240799 2.5
    endloop
  endfacet
  facet normal 0.995924 0.0901986 0
    outer loop
      vertex 3.436 0.36113 4.7
      vertex 3.43202 0.405075 2.5
      vertex 3.43202 0.405075 4.7
    endloop
  endfacet
  facet normal 0.995924 0.0901986 0
    outer loop
      vertex 3.43202 0.405075 2.5
      vertex 3.436 0.36113 4.7
      vertex 3.436 0.36113 2.5
    endloop
  endfacet
  facet normal 0.32056 -0.947228 0
    outer loop
      vertex 3.43202 0.405075 2.5
      vertex 5.15111 0.986847 4.7
      vertex 3.43202 0.405075 4.7
    endloop
  endfacet
  facet normal 0.32056 -0.947228 0
    outer loop
      vertex 5.15111 0.986847 4.7
      vertex 3.43202 0.405075 2.5
      vertex 5.15111 0.986847 2.5
    endloop
  endfacet
  facet normal 0.978903 0.204325 0
    outer loop
      vertex 5.15111 0.986847 4.7
      vertex 5.02104 1.61 2.5
      vertex 5.02104 1.61 4.7
    endloop
  endfacet
  facet normal 0.978903 0.204325 0
    outer loop
      vertex 5.02104 1.61 2.5
      vertex 5.15111 0.986847 4.7
      vertex 5.15111 0.986847 2.5
    endloop
  endfacet
  facet normal -0.0851398 0.996369 0
    outer loop
      vertex 5.02104 1.61 2.5
      vertex 3.21718 1.45586 4.7
      vertex 5.02104 1.61 4.7
    endloop
  endfacet
  facet normal -0.0851398 0.996369 0
    outer loop
      vertex 3.21718 1.45586 4.7
      vertex 5.02104 1.61 2.5
      vertex 3.21718 1.45586 2.5
    endloop
  endfacet
  facet normal 0.947606 0.319441 0
    outer loop
      vertex 3.21718 1.45586 4.7
      vertex 3.18439 1.55313 2.5
      vertex 3.18439 1.55313 4.7
    endloop
  endfacet
  facet normal 0.947606 0.319441 0
    outer loop
      vertex 3.18439 1.55313 2.5
      vertex 3.21718 1.45586 4.7
      vertex 3.21718 1.45586 2.5
    endloop
  endfacet
  facet normal 0.938824 0.344398 0
    outer loop
      vertex 3.18439 1.55313 4.7
      vertex 3.1414 1.67032 2.5
      vertex 3.1414 1.67032 4.7
    endloop
  endfacet
  facet normal 0.938824 0.344398 0
    outer loop
      vertex 3.1414 1.67032 2.5
      vertex 3.18439 1.55313 4.7
      vertex 3.18439 1.55313 2.5
    endloop
  endfacet
  facet normal 0.929375 0.369136 0
    outer loop
      vertex 3.1414 1.67032 4.7
      vertex 3.09508 1.78694 2.5
      vertex 3.09508 1.78694 4.7
    endloop
  endfacet
  facet normal 0.929375 0.369136 0
    outer loop
      vertex 3.09508 1.78694 2.5
      vertex 3.1414 1.67032 4.7
      vertex 3.1414 1.67032 2.5
    endloop
  endfacet
  facet normal 0.919141 0.393929 0
    outer loop
      vertex 3.09508 1.78694 4.7
      vertex 3.04536 1.90295 2.5
      vertex 3.04536 1.90295 4.7
    endloop
  endfacet
  facet normal 0.919141 0.393929 0
    outer loop
      vertex 3.04536 1.90295 2.5
      vertex 3.09508 1.78694 4.7
      vertex 3.09508 1.78694 2.5
    endloop
  endfacet
  facet normal 0.908344 0.418224 0
    outer loop
      vertex 3.04536 1.90295 4.7
      vertex 2.99225 2.0183 2.5
      vertex 2.99225 2.0183 4.7
    endloop
  endfacet
  facet normal 0.908344 0.418224 0
    outer loop
      vertex 2.99225 2.0183 2.5
      vertex 3.04536 1.90295 4.7
      vertex 3.04536 1.90295 2.5
    endloop
  endfacet
  facet normal 0.896685 0.442669 0
    outer loop
      vertex 2.99225 2.0183 4.7
      vertex 2.93568 2.13289 2.5
      vertex 2.93568 2.13289 4.7
    endloop
  endfacet
  facet normal 0.896685 0.442669 0
    outer loop
      vertex 2.93568 2.13289 2.5
      vertex 2.99225 2.0183 4.7
      vertex 2.99225 2.0183 2.5
    endloop
  endfacet
  facet normal 0.884381 0.466766 0
    outer loop
      vertex 2.93568 2.13289 4.7
      vertex 2.89456 2.2108 2.5
      vertex 2.89456 2.2108 4.7
    endloop
  endfacet
  facet normal 0.884381 0.466766 0
    outer loop
      vertex 2.89456 2.2108 2.5
      vertex 2.93568 2.13289 4.7
      vertex 2.93568 2.13289 2.5
    endloop
  endfacet
  facet normal 0.668377 -0.743823 0
    outer loop
      vertex 2.89456 2.2108 2.5
      vertex 4.23686 3.41695 4.7
      vertex 2.89456 2.2108 4.7
    endloop
  endfacet
  facet normal 0.668377 -0.743823 0
    outer loop
      vertex 4.23686 3.41695 4.7
      vertex 2.89456 2.2108 2.5
      vertex 4.23686 3.41695 2.5
    endloop
  endfacet
  facet normal 0.818801 0.574078 0
    outer loop
      vertex 4.23686 3.41695 4.7
      vertex 3.87138 3.93823 2.5
      vertex 3.87138 3.93823 4.7
    endloop
  endfacet
  facet normal 0.818801 0.574078 0
    outer loop
      vertex 3.87138 3.93823 2.5
      vertex 4.23686 3.41695 4.7
      vertex 4.23686 3.41695 2.5
    endloop
  endfacet
  facet normal -0.471435 0.881901 0
    outer loop
      vertex 3.87138 3.93823 2.5
      vertex 2.28806 3.09184 4.7
      vertex 3.87138 3.93823 4.7
    endloop
  endfacet
  facet normal -0.471435 0.881901 0
    outer loop
      vertex 2.28806 3.09184 4.7
      vertex 3.87138 3.93823 2.5
      vertex 2.28806 3.09184 2.5
    endloop
  endfacet
  facet normal 0.759866 0.650079 0
    outer loop
      vertex 2.28806 3.09184 4.7
      vertex 2.2655 3.11821 2.5
      vertex 2.2655 3.11821 4.7
    endloop
  endfacet
  facet normal 0.759866 0.650079 0
    outer loop
      vertex 2.2655 3.11821 2.5
      vertex 2.28806 3.09184 4.7
      vertex 2.28806 3.09184 2.5
    endloop
  endfacet
  facet normal 0.741115 0.671378 0
    outer loop
      vertex 2.2655 3.11821 4.7
      vertex 2.1725 3.22087 2.5
      vertex 2.1725 3.22087 4.7
    endloop
  endfacet
  facet normal 0.741115 0.671378 0
    outer loop
      vertex 2.1725 3.22087 2.5
      vertex 2.2655 3.11821 4.7
      vertex 2.2655 3.11821 2.5
    endloop
  endfacet
  facet normal 0.721543 0.69237 0
    outer loop
      vertex 2.1725 3.22087 4.7
      vertex 2.07567 3.32178 2.5
      vertex 2.07567 3.32178 4.7
    endloop
  endfacet
  facet normal 0.721543 0.69237 0
    outer loop
      vertex 2.07567 3.32178 2.5
      vertex 2.1725 3.22087 4.7
      vertex 2.1725 3.22087 2.5
    endloop
  endfacet
  facet normal 0.701169 0.712995 -0
    outer loop
      vertex 2.07567 3.32178 2.5
      vertex 1.97499 3.42079 4.7
      vertex 2.07567 3.32178 4.7
    endloop
  endfacet
  facet normal 0.701169 0.712995 0
    outer loop
      vertex 1.97499 3.42079 4.7
      vertex 2.07567 3.32178 2.5
      vertex 1.97499 3.42079 2.5
    endloop
  endfacet
  facet normal 0.680142 0.733081 -0
    outer loop
      vertex 1.97499 3.42079 2.5
      vertex 1.87044 3.51779 4.7
      vertex 1.97499 3.42079 4.7
    endloop
  endfacet
  facet normal 0.680142 0.733081 0
    outer loop
      vertex 1.87044 3.51779 4.7
      vertex 1.97499 3.42079 2.5
      vertex 1.87044 3.51779 2.5
    endloop
  endfacet
  facet normal 0.658293 0.752762 -0
    outer loop
      vertex 1.87044 3.51779 2.5
      vertex 1.76199 3.61263 4.7
      vertex 1.87044 3.51779 4.7
    endloop
  endfacet
  facet normal 0.658293 0.752762 0
    outer loop
      vertex 1.76199 3.61263 4.7
      vertex 1.87044 3.51779 2.5
      vertex 1.76199 3.61263 2.5
    endloop
  endfacet
  facet normal 0.635807 0.771848 -0
    outer loop
      vertex 1.76199 3.61263 2.5
      vertex 1.68097 3.67937 4.7
      vertex 1.76199 3.61263 4.7
    endloop
  endfacet
  facet normal 0.635807 0.771848 0
    outer loop
      vertex 1.68097 3.67937 4.7
      vertex 1.76199 3.61263 2.5
      vertex 1.68097 3.67937 2.5
    endloop
  endfacet
  facet normal 0.901951 -0.431839 0
    outer loop
      vertex 1.68097 3.67937 4.7
      vertex 2.45309 5.29204 2.5
      vertex 2.45309 5.29204 4.7
    endloop
  endfacet
  facet normal 0.901951 -0.431839 0
    outer loop
      vertex 2.45309 5.29204 2.5
      vertex 1.68097 3.67937 4.7
      vertex 1.68097 3.67937 2.5
    endloop
  endfacet
  facet normal 0.537195 0.843458 -0
    outer loop
      vertex 2.45309 5.29204 2.5
      vertex 1.916 5.63411 4.7
      vertex 2.45309 5.29204 4.7
    endloop
  endfacet
  facet normal 0.537195 0.843458 0
    outer loop
      vertex 1.916 5.63411 4.7
      vertex 2.45309 5.29204 2.5
      vertex 1.916 5.63411 2.5
    endloop
  endfacet
  facet normal -0.772718 0.634749 0
    outer loop
      vertex 0.785965 4.25845 2.5
      vertex 1.916 5.63411 4.7
      vertex 1.916 5.63411 2.5
    endloop
  endfacet
  facet normal -0.772718 0.634749 0
    outer loop
      vertex 1.916 5.63411 4.7
      vertex 0.785965 4.25845 2.5
      vertex 0.785965 4.25845 4.7
    endloop
  endfacet
  facet normal 0.45773 0.889091 -0
    outer loop
      vertex 0.785965 4.25845 2.5
      vertex 0.753799 4.27501 4.7
      vertex 0.785965 4.25845 4.7
    endloop
  endfacet
  facet normal 0.45773 0.889091 0
    outer loop
      vertex 0.753799 4.27501 4.7
      vertex 0.785965 4.25845 2.5
      vertex 0.753799 4.27501 2.5
    endloop
  endfacet
  facet normal 0.429247 0.903187 -0
    outer loop
      vertex 0.753799 4.27501 2.5
      vertex 0.610382 4.34317 4.7
      vertex 0.753799 4.27501 4.7
    endloop
  endfacet
  facet normal 0.429247 0.903187 0
    outer loop
      vertex 0.610382 4.34317 4.7
      vertex 0.753799 4.27501 2.5
      vertex 0.610382 4.34317 2.5
    endloop
  endfacet
  facet normal 0.400433 0.916326 -0
    outer loop
      vertex 0.610382 4.34317 2.5
      vertex 0.463242 4.40747 4.7
      vertex 0.610382 4.34317 4.7
    endloop
  endfacet
  facet normal 0.400433 0.916326 0
    outer loop
      vertex 0.463242 4.40747 4.7
      vertex 0.610382 4.34317 2.5
      vertex 0.463242 4.40747 2.5
    endloop
  endfacet
  facet normal 0.370681 0.92876 -0
    outer loop
      vertex 0.463242 4.40747 2.5
      vertex 0.312408 4.46767 4.7
      vertex 0.463242 4.40747 4.7
    endloop
  endfacet
  facet normal 0.370681 0.92876 0
    outer loop
      vertex 0.312408 4.46767 4.7
      vertex 0.463242 4.40747 2.5
      vertex 0.312408 4.46767 2.5
    endloop
  endfacet
  facet normal 0.340327 0.940307 -0
    outer loop
      vertex 0.312408 4.46767 2.5
      vertex 0.157959 4.52357 4.7
      vertex 0.312408 4.46767 4.7
    endloop
  endfacet
  facet normal 0.340327 0.940307 0
    outer loop
      vertex 0.157959 4.52357 4.7
      vertex 0.312408 4.46767 2.5
      vertex 0.157959 4.52357 2.5
    endloop
  endfacet
  facet normal 0.309594 0.950869 -0
    outer loop
      vertex 0.157959 4.52357 2.5
      vertex 0 4.575 4.7
      vertex 0.157959 4.52357 4.7
    endloop
  endfacet
  facet normal 0.309594 0.950869 0
    outer loop
      vertex 0 4.575 4.7
      vertex 0.157959 4.52357 2.5
      vertex 0 4.575 2.5
    endloop
  endfacet
  facet normal 0.27781 0.960636 -0
    outer loop
      vertex 0 4.575 2.5
      vertex -0.0181885 4.58026 4.7
      vertex 0 4.575 4.7
    endloop
  endfacet
  facet normal 0.27781 0.960636 0
    outer loop
      vertex -0.0181885 4.58026 4.7
      vertex 0 4.575 2.5
      vertex -0.0181885 4.58026 2.5
    endloop
  endfacet
  facet normal 0.997765 -0.0668191 0
    outer loop
      vertex -0.0181885 4.58026 4.7
      vertex 0.100464 6.35202 2.5
      vertex 0.100464 6.35202 4.7
    endloop
  endfacet
  facet normal 0.997765 -0.0668191 0
    outer loop
      vertex 0.100464 6.35202 2.5
      vertex -0.0181885 4.58026 4.7
      vertex -0.0181885 4.58026 2.5
    endloop
  endfacet
  facet normal 0.186344 0.982484 -0
    outer loop
      vertex 0.100464 6.35202 2.5
      vertex -0.525055 6.47066 4.7
      vertex 0.100464 6.35202 4.7
    endloop
  endfacet
  facet normal 0.186344 0.982484 0
    outer loop
      vertex -0.525055 6.47066 4.7
      vertex 0.100464 6.35202 2.5
      vertex -0.525055 6.47066 2.5
    endloop
  endfacet
  facet normal -0.952945 0.303144 0
    outer loop
      vertex -1.06277 4.78033 2.5
      vertex -0.525055 6.47066 4.7
      vertex -0.525055 6.47066 2.5
    endloop
  endfacet
  facet normal -0.952945 0.303144 0
    outer loop
      vertex -0.525055 6.47066 4.7
      vertex -1.06277 4.78033 2.5
      vertex -1.06277 4.78033 4.7
    endloop
  endfacet
  facet normal 0.0765922 0.997063 -0
    outer loop
      vertex -1.06277 4.78033 2.5
      vertex -1.19438 4.79044 4.7
      vertex -1.06277 4.78033 4.7
    endloop
  endfacet
  facet normal 0.0765922 0.997063 0
    outer loop
      vertex -1.19438 4.79044 4.7
      vertex -1.06277 4.78033 2.5
      vertex -1.19438 4.79044 2.5
    endloop
  endfacet
  facet normal 0.0413098 0.999146 -0
    outer loop
      vertex -1.19438 4.79044 2.5
      vertex -1.37578 4.79794 4.7
      vertex -1.19438 4.79044 4.7
    endloop
  endfacet
  facet normal 0.0413098 0.999146 0
    outer loop
      vertex -1.37578 4.79794 4.7
      vertex -1.19438 4.79044 2.5
      vertex -1.37578 4.79794 2.5
    endloop
  endfacet
  facet normal 0.0056133 0.999984 -0
    outer loop
      vertex -1.37578 4.79794 2.5
      vertex -1.55927 4.79897 4.7
      vertex -1.37578 4.79794 4.7
    endloop
  endfacet
  facet normal 0.0056133 0.999984 0
    outer loop
      vertex -1.55927 4.79897 4.7
      vertex -1.37578 4.79794 2.5
      vertex -1.55927 4.79897 2.5
    endloop
  endfacet
  facet normal -0.0305781 0.999532 0
    outer loop
      vertex -1.55927 4.79897 2.5
      vertex -1.74461 4.7933 4.7
      vertex -1.55927 4.79897 4.7
    endloop
  endfacet
  facet normal -0.0305781 0.999532 0
    outer loop
      vertex -1.74461 4.7933 4.7
      vertex -1.55927 4.79897 2.5
      vertex -1.74461 4.7933 2.5
    endloop
  endfacet
  facet normal -0.0669299 0.997758 0
    outer loop
      vertex -1.74461 4.7933 2.5
      vertex -1.93155 4.78076 4.7
      vertex -1.74461 4.7933 4.7
    endloop
  endfacet
  facet normal -0.0669299 0.997758 0
    outer loop
      vertex -1.93155 4.78076 4.7
      vertex -1.74461 4.7933 2.5
      vertex -1.93155 4.78076 2.5
    endloop
  endfacet
  facet normal -0.104173 0.994559 0
    outer loop
      vertex -1.93155 4.78076 2.5
      vertex -1.93661 4.78023 4.7
      vertex -1.93155 4.78076 4.7
    endloop
  endfacet
  facet normal -0.104173 0.994559 0
    outer loop
      vertex -1.93661 4.78023 4.7
      vertex -1.93155 4.78076 2.5
      vertex -1.93661 4.78023 2.5
    endloop
  endfacet
  facet normal 0.952965 0.303079 0
    outer loop
      vertex -1.93661 4.78023 4.7
      vertex -2.47426 6.47075 2.5
      vertex -2.47426 6.47075 4.7
    endloop
  endfacet
  facet normal 0.952965 0.303079 0
    outer loop
      vertex -2.47426 6.47075 2.5
      vertex -1.93661 4.78023 4.7
      vertex -1.93661 4.78023 2.5
    endloop
  endfacet
  facet normal -0.18625 0.982502 0
    outer loop
      vertex -2.47426 6.47075 2.5
      vertex -3.09995 6.35214 4.7
      vertex -2.47426 6.47075 4.7
    endloop
  endfacet
  facet normal -0.18625 0.982502 0
    outer loop
      vertex -3.09995 6.35214 4.7
      vertex -2.47426 6.47075 2.5
      vertex -3.09995 6.35214 2.5
    endloop
  endfacet
  facet normal -0.997772 -0.066719 0
    outer loop
      vertex -2.98128 4.57745 2.5
      vertex -3.09995 6.35214 4.7
      vertex -3.09995 6.35214 2.5
    endloop
  endfacet
  facet normal -0.997772 -0.066719 0
    outer loop
      vertex -3.09995 6.35214 4.7
      vertex -2.98128 4.57745 2.5
      vertex -2.98128 4.57745 4.7
    endloop
  endfacet
  facet normal -0.290004 0.957025 0
    outer loop
      vertex -2.98128 4.57745 2.5
      vertex -3.06949 4.55072 4.7
      vertex -2.98128 4.57745 4.7
    endloop
  endfacet
  facet normal -0.290004 0.957025 0
    outer loop
      vertex -3.06949 4.55072 4.7
      vertex -2.98128 4.57745 2.5
      vertex -3.06949 4.55072 2.5
    endloop
  endfacet
  facet normal -0.327519 0.944845 0
    outer loop
      vertex -3.06949 4.55072 2.5
      vertex -3.25865 4.48515 4.7
      vertex -3.06949 4.55072 4.7
    endloop
  endfacet
  facet normal -0.327519 0.944845 0
    outer loop
      vertex -3.25865 4.48515 4.7
      vertex -3.06949 4.55072 2.5
      vertex -3.25865 4.48515 2.5
    endloop
  endfacet
  facet normal -0.3649 0.931047 0
    outer loop
      vertex -3.25865 4.48515 2.5
      vertex -3.44662 4.41148 4.7
      vertex -3.25865 4.48515 4.7
    endloop
  endfacet
  facet normal -0.3649 0.931047 0
    outer loop
      vertex -3.44662 4.41148 4.7
      vertex -3.25865 4.48515 2.5
      vertex -3.44662 4.41148 2.5
    endloop
  endfacet
  facet normal -0.401873 0.915696 0
    outer loop
      vertex -3.44662 4.41148 2.5
      vertex -3.63303 4.32967 4.7
      vertex -3.44662 4.41148 4.7
    endloop
  endfacet
  facet normal -0.401873 0.915696 0
    outer loop
      vertex -3.63303 4.32967 4.7
      vertex -3.44662 4.41148 2.5
      vertex -3.63303 4.32967 2.5
    endloop
  endfacet
  facet normal -0.438937 0.898518 0
    outer loop
      vertex -3.63303 4.32967 2.5
      vertex -3.78363 4.2561 4.7
      vertex -3.63303 4.32967 4.7
    endloop
  endfacet
  facet normal -0.438937 0.898518 0
    outer loop
      vertex -3.78363 4.2561 4.7
      vertex -3.63303 4.32967 2.5
      vertex -3.78363 4.2561 2.5
    endloop
  endfacet
  facet normal 0.77278 0.634674 0
    outer loop
      vertex -3.78363 4.2561 4.7
      vertex -4.91557 5.63435 2.5
      vertex -4.91557 5.63435 4.7
    endloop
  endfacet
  facet normal 0.77278 0.634674 0
    outer loop
      vertex -4.91557 5.63435 2.5
      vertex -3.78363 4.2561 4.7
      vertex -3.78363 4.2561 2.5
    endloop
  endfacet
  facet normal -0.537122 0.843504 0
    outer loop
      vertex -4.91557 5.63435 2.5
      vertex -5.45262 5.29237 4.7
      vertex -4.91557 5.63435 4.7
    endloop
  endfacet
  facet normal -0.537122 0.843504 0
    outer loop
      vertex -5.45262 5.29237 4.7
      vertex -4.91557 5.63435 2.5
      vertex -5.45262 5.29237 2.5
    endloop
  endfacet
  facet normal -0.90197 -0.431799 0
    outer loop
      vertex -4.67918 3.67676 2.5
      vertex -5.45262 5.29237 4.7
      vertex -5.45262 5.29237 2.5
    endloop
  endfacet
  facet normal -0.90197 -0.431799 0
    outer loop
      vertex -5.45262 5.29237 4.7
      vertex -4.67918 3.67676 2.5
      vertex -4.67918 3.67676 4.7
    endloop
  endfacet
  facet normal -0.616213 0.787579 0
    outer loop
      vertex -4.67918 3.67676 2.5
      vertex -4.6926 3.66626 4.7
      vertex -4.67918 3.67676 4.7
    endloop
  endfacet
  facet normal -0.616213 0.787579 0
    outer loop
      vertex -4.6926 3.66626 4.7
      vertex -4.67918 3.67676 2.5
      vertex -4.6926 3.66626 2.5
    endloop
  endfacet
  facet normal -0.649982 0.75995 0
    outer loop
      vertex -4.6926 3.66626 2.5
      vertex -4.855 3.52736 4.7
      vertex -4.6926 3.66626 4.7
    endloop
  endfacet
  facet normal -0.649982 0.75995 0
    outer loop
      vertex -4.855 3.52736 4.7
      vertex -4.6926 3.66626 2.5
      vertex -4.855 3.52736 2.5
    endloop
  endfacet
  facet normal -0.682567 0.730823 0
    outer loop
      vertex -4.855 3.52736 2.5
      vertex -5.01205 3.38068 4.7
      vertex -4.855 3.52736 4.7
    endloop
  endfacet
  facet normal -0.682567 0.730823 0
    outer loop
      vertex -5.01205 3.38068 4.7
      vertex -4.855 3.52736 2.5
      vertex -5.01205 3.38068 2.5
    endloop
  endfacet
  facet normal -0.714221 0.69992 0
    outer loop
      vertex -5.16328 3.22636 2.5
      vertex -5.01205 3.38068 4.7
      vertex -5.01205 3.38068 2.5
    endloop
  endfacet
  facet normal -0.714221 0.69992 0
    outer loop
      vertex -5.01205 3.38068 4.7
      vertex -5.16328 3.22636 2.5
      vertex -5.16328 3.22636 4.7
    endloop
  endfacet
  facet normal -0.744626 0.667482 0
    outer loop
      vertex -5.28502 3.09055 2.5
      vertex -5.16328 3.22636 4.7
      vertex -5.16328 3.22636 2.5
    endloop
  endfacet
  facet normal -0.744626 0.667482 0
    outer loop
      vertex -5.16328 3.22636 4.7
      vertex -5.28502 3.09055 2.5
      vertex -5.28502 3.09055 4.7
    endloop
  endfacet
  facet normal 0.471479 0.881877 -0
    outer loop
      vertex -5.28502 3.09055 2.5
      vertex -6.87114 3.93854 4.7
      vertex -5.28502 3.09055 4.7
    endloop
  endfacet
  facet normal 0.471479 0.881877 0
    outer loop
      vertex -6.87114 3.93854 4.7
      vertex -5.28502 3.09055 2.5
      vertex -6.87114 3.93854 2.5
    endloop
  endfacet
  facet normal -0.81877 0.574122 0
    outer loop
      vertex -7.23669 3.41722 2.5
      vertex -6.87114 3.93854 4.7
      vertex -6.87114 3.93854 2.5
    endloop
  endfacet
  facet normal -0.81877 0.574122 0
    outer loop
      vertex -6.87114 3.93854 4.7
      vertex -7.23669 3.41722 2.5
      vertex -7.23669 3.41722 4.7
    endloop
  endfacet
  facet normal -0.668424 -0.743781 0
    outer loop
      vertex -7.23669 3.41722 2.5
      vertex -5.89258 2.20929 4.7
      vertex -7.23669 3.41722 4.7
    endloop
  endfacet
  facet normal -0.668424 -0.743781 -0
    outer loop
      vertex -5.89258 2.20929 4.7
      vertex -7.23669 3.41722 2.5
      vertex -5.89258 2.20929 2.5
    endloop
  endfacet
  facet normal -0.876635 0.481156 0
    outer loop
      vertex -5.92212 2.15547 2.5
      vertex -5.89258 2.20929 4.7
      vertex -5.89258 2.20929 2.5
    endloop
  endfacet
  facet normal -0.876635 0.481156 0
    outer loop
      vertex -5.89258 2.20929 4.7
      vertex -5.92212 2.15547 2.5
      vertex -5.92212 2.15547 4.7
    endloop
  endfacet
  facet normal -0.898123 0.439744 0
    outer loop
      vertex -6.01981 1.95595 2.5
      vertex -5.92212 2.15547 4.7
      vertex -5.92212 2.15547 2.5
    endloop
  endfacet
  facet normal -0.898123 0.439744 0
    outer loop
      vertex -5.92212 2.15547 4.7
      vertex -6.01981 1.95595 2.5
      vertex -6.01981 1.95595 4.7
    endloop
  endfacet
  facet normal -0.917842 0.396946 0
    outer loop
      vertex -6.10823 1.7515 2.5
      vertex -6.01981 1.95595 4.7
      vertex -6.01981 1.95595 2.5
    endloop
  endfacet
  facet normal -0.917842 0.396946 0
    outer loop
      vertex -6.01981 1.95595 4.7
      vertex -6.10823 1.7515 2.5
      vertex -6.10823 1.7515 4.7
    endloop
  endfacet
  facet normal -0.935602 0.353057 0
    outer loop
      vertex -6.18706 1.5426 2.5
      vertex -6.10823 1.7515 4.7
      vertex -6.10823 1.7515 2.5
    endloop
  endfacet
  facet normal -0.935602 0.353057 0
    outer loop
      vertex -6.10823 1.7515 4.7
      vertex -6.18706 1.5426 2.5
      vertex -6.18706 1.5426 4.7
    endloop
  endfacet
  facet normal -0.951377 0.308027 0
    outer loop
      vertex -6.21516 1.45581 2.5
      vertex -6.18706 1.5426 4.7
      vertex -6.18706 1.5426 2.5
    endloop
  endfacet
  facet normal -0.951377 0.308027 0
    outer loop
      vertex -6.18706 1.5426 4.7
      vertex -6.21516 1.45581 2.5
      vertex -6.21516 1.45581 4.7
    endloop
  endfacet
  facet normal 0.0851512 0.996368 -0
    outer loop
      vertex -6.21516 1.45581 2.5
      vertex -8.021 1.61014 4.7
      vertex -6.21516 1.45581 4.7
    endloop
  endfacet
  facet normal 0.0851512 0.996368 0
    outer loop
      vertex -8.021 1.61014 4.7
      vertex -6.21516 1.45581 2.5
      vertex -8.021 1.61014 2.5
    endloop
  endfacet
  facet normal -0.9789 0.20434 0
    outer loop
      vertex -8.15109 0.986938 2.5
      vertex -8.021 1.61014 4.7
      vertex -8.021 1.61014 2.5
    endloop
  endfacet
  facet normal -0.9789 0.20434 0
    outer loop
      vertex -8.021 1.61014 4.7
      vertex -8.15109 0.986938 2.5
      vertex -8.15109 0.986938 4.7
    endloop
  endfacet
  facet normal -0.320587 -0.947219 0
    outer loop
      vertex -8.15109 0.986938 2.5
      vertex -6.43144 0.404922 4.7
      vertex -8.15109 0.986938 4.7
    endloop
  endfacet
  facet normal -0.320587 -0.947219 -0
    outer loop
      vertex -6.43144 0.404922 4.7
      vertex -8.15109 0.986938 2.5
      vertex -6.43144 0.404922 2.5
    endloop
  endfacet
  facet normal -0.997363 0.0725768 0
    outer loop
      vertex -6.44453 0.225037 2.5
      vertex -6.43144 0.404922 4.7
      vertex -6.43144 0.404922 2.5
    endloop
  endfacet
  facet normal -0.997363 0.0725768 0
    outer loop
      vertex -6.43144 0.404922 4.7
      vertex -6.44453 0.225037 2.5
      vertex -6.44453 0.225037 4.7
    endloop
  endfacet
  facet normal -0.999705 0.0242999 0
    outer loop
      vertex -6.45 0 2.5
      vertex -6.44453 0.225037 4.7
      vertex -6.44453 0.225037 2.5
    endloop
  endfacet
  facet normal -0.999705 0.0242999 0
    outer loop
      vertex -6.44453 0.225037 4.7
      vertex -6.45 0 2.5
      vertex -6.45 0 4.7
    endloop
  endfacet
  facet normal -0.999705 -0.0242999 0
    outer loop
      vertex -6.44453 -0.225037 2.5
      vertex -6.45 0 4.7
      vertex -6.45 0 2.5
    endloop
  endfacet
  facet normal -0.999705 -0.0242999 0
    outer loop
      vertex -6.45 0 4.7
      vertex -6.44453 -0.225037 2.5
      vertex -6.44453 -0.225037 4.7
    endloop
  endfacet
  facet normal -0.997363 -0.0725768 0
    outer loop
      vertex -6.43144 -0.404922 2.5
      vertex -6.44453 -0.225037 4.7
      vertex -6.44453 -0.225037 2.5
    endloop
  endfacet
  facet normal -0.997363 -0.0725768 0
    outer loop
      vertex -6.44453 -0.225037 4.7
      vertex -6.43144 -0.404922 2.5
      vertex -6.43144 -0.404922 4.7
    endloop
  endfacet
  facet normal -0.320587 0.947219 0
    outer loop
      vertex -6.43144 -0.404922 2.5
      vertex -8.15109 -0.986938 4.7
      vertex -6.43144 -0.404922 4.7
    endloop
  endfacet
  facet normal -0.320587 0.947219 0
    outer loop
      vertex -8.15109 -0.986938 4.7
      vertex -6.43144 -0.404922 2.5
      vertex -8.15109 -0.986938 2.5
    endloop
  endfacet
  facet normal -0.9789 -0.20434 0
    outer loop
      vertex -8.021 -1.61014 2.5
      vertex -8.15109 -0.986938 4.7
      vertex -8.15109 -0.986938 2.5
    endloop
  endfacet
  facet normal -0.9789 -0.20434 0
    outer loop
      vertex -8.15109 -0.986938 4.7
      vertex -8.021 -1.61014 2.5
      vertex -8.021 -1.61014 4.7
    endloop
  endfacet
  facet normal 0.0851512 -0.996368 0
    outer loop
      vertex -8.021 -1.61014 2.5
      vertex -6.21516 -1.45581 4.7
      vertex -8.021 -1.61014 4.7
    endloop
  endfacet
  facet normal 0.0851512 -0.996368 0
    outer loop
      vertex -6.21516 -1.45581 4.7
      vertex -8.021 -1.61014 2.5
      vertex -6.21516 -1.45581 2.5
    endloop
  endfacet
  facet normal -0.951377 -0.308027 0
    outer loop
      vertex -6.18706 -1.5426 2.5
      vertex -6.21516 -1.45581 4.7
      vertex -6.21516 -1.45581 2.5
    endloop
  endfacet
  facet normal -0.951377 -0.308027 0
    outer loop
      vertex -6.21516 -1.45581 4.7
      vertex -6.18706 -1.5426 2.5
      vertex -6.18706 -1.5426 4.7
    endloop
  endfacet
  facet normal -0.935602 -0.353057 0
    outer loop
      vertex -6.10823 -1.7515 2.5
      vertex -6.18706 -1.5426 4.7
      vertex -6.18706 -1.5426 2.5
    endloop
  endfacet
  facet normal -0.935602 -0.353057 0
    outer loop
      vertex -6.18706 -1.5426 4.7
      vertex -6.10823 -1.7515 2.5
      vertex -6.10823 -1.7515 4.7
    endloop
  endfacet
  facet normal -0.917842 -0.396946 0
    outer loop
      vertex -6.01981 -1.95595 2.5
      vertex -6.10823 -1.7515 4.7
      vertex -6.10823 -1.7515 2.5
    endloop
  endfacet
  facet normal -0.917842 -0.396946 0
    outer loop
      vertex -6.10823 -1.7515 4.7
      vertex -6.01981 -1.95595 2.5
      vertex -6.01981 -1.95595 4.7
    endloop
  endfacet
  facet normal -0.898123 -0.439744 0
    outer loop
      vertex -5.92212 -2.15547 2.5
      vertex -6.01981 -1.95595 4.7
      vertex -6.01981 -1.95595 2.5
    endloop
  endfacet
  facet normal -0.898123 -0.439744 0
    outer loop
      vertex -6.01981 -1.95595 4.7
      vertex -5.92212 -2.15547 2.5
      vertex -5.92212 -2.15547 4.7
    endloop
  endfacet
  facet normal -0.876635 -0.481156 0
    outer loop
      vertex -5.89258 -2.20929 2.5
      vertex -5.92212 -2.15547 4.7
      vertex -5.92212 -2.15547 2.5
    endloop
  endfacet
  facet normal -0.876635 -0.481156 0
    outer loop
      vertex -5.92212 -2.15547 4.7
      vertex -5.89258 -2.20929 2.5
      vertex -5.89258 -2.20929 4.7
    endloop
  endfacet
  facet normal -0.668424 0.743781 0
    outer loop
      vertex -5.89258 -2.20929 2.5
      vertex -7.23669 -3.41722 4.7
      vertex -5.89258 -2.20929 4.7
    endloop
  endfacet
  facet normal -0.668424 0.743781 0
    outer loop
      vertex -7.23669 -3.41722 4.7
      vertex -5.89258 -2.20929 2.5
      vertex -7.23669 -3.41722 2.5
    endloop
  endfacet
  facet normal -0.81877 -0.574122 0
    outer loop
      vertex -6.87114 -3.93854 2.5
      vertex -7.23669 -3.41722 4.7
      vertex -7.23669 -3.41722 2.5
    endloop
  endfacet
  facet normal -0.81877 -0.574122 0
    outer loop
      vertex -7.23669 -3.41722 4.7
      vertex -6.87114 -3.93854 2.5
      vertex -6.87114 -3.93854 4.7
    endloop
  endfacet
  facet normal 0.471479 -0.881877 0
    outer loop
      vertex -6.87114 -3.93854 2.5
      vertex -5.28502 -3.09055 4.7
      vertex -6.87114 -3.93854 4.7
    endloop
  endfacet
  facet normal 0.471479 -0.881877 0
    outer loop
      vertex -5.28502 -3.09055 4.7
      vertex -6.87114 -3.93854 2.5
      vertex -5.28502 -3.09055 2.5
    endloop
  endfacet
  facet normal -0.744626 -0.667482 0
    outer loop
      vertex -5.16328 -3.22636 2.5
      vertex -5.28502 -3.09055 4.7
      vertex -5.28502 -3.09055 2.5
    endloop
  endfacet
  facet normal -0.744626 -0.667482 0
    outer loop
      vertex -5.28502 -3.09055 4.7
      vertex -5.16328 -3.22636 2.5
      vertex -5.16328 -3.22636 4.7
    endloop
  endfacet
  facet normal -0.714221 -0.69992 0
    outer loop
      vertex -5.01205 -3.38068 2.5
      vertex -5.16328 -3.22636 4.7
      vertex -5.16328 -3.22636 2.5
    endloop
  endfacet
  facet normal -0.714221 -0.69992 0
    outer loop
      vertex -5.16328 -3.22636 4.7
      vertex -5.01205 -3.38068 2.5
      vertex -5.01205 -3.38068 4.7
    endloop
  endfacet
  facet normal -0.682567 -0.730823 0
    outer loop
      vertex -5.01205 -3.38068 2.5
      vertex -4.855 -3.52736 4.7
      vertex -5.01205 -3.38068 4.7
    endloop
  endfacet
  facet normal -0.682567 -0.730823 -0
    outer loop
      vertex -4.855 -3.52736 4.7
      vertex -5.01205 -3.38068 2.5
      vertex -4.855 -3.52736 2.5
    endloop
  endfacet
  facet normal -0.649982 -0.75995 0
    outer loop
      vertex -4.855 -3.52736 2.5
      vertex -4.6926 -3.66626 4.7
      vertex -4.855 -3.52736 4.7
    endloop
  endfacet
  facet normal -0.649982 -0.75995 -0
    outer loop
      vertex -4.6926 -3.66626 4.7
      vertex -4.855 -3.52736 2.5
      vertex -4.6926 -3.66626 2.5
    endloop
  endfacet
  facet normal -0.616213 -0.787579 0
    outer loop
      vertex -4.6926 -3.66626 2.5
      vertex -4.67918 -3.67676 4.7
      vertex -4.6926 -3.66626 4.7
    endloop
  endfacet
  facet normal -0.616213 -0.787579 -0
    outer loop
      vertex -4.67918 -3.67676 4.7
      vertex -4.6926 -3.66626 2.5
      vertex -4.67918 -3.67676 2.5
    endloop
  endfacet
  facet normal -0.90197 0.431799 0
    outer loop
      vertex -5.45262 -5.29237 2.5
      vertex -4.67918 -3.67676 4.7
      vertex -4.67918 -3.67676 2.5
    endloop
  endfacet
  facet normal -0.90197 0.431799 0
    outer loop
      vertex -4.67918 -3.67676 4.7
      vertex -5.45262 -5.29237 2.5
      vertex -5.45262 -5.29237 4.7
    endloop
  endfacet
  facet normal -0.537122 -0.843504 0
    outer loop
      vertex -5.45262 -5.29237 2.5
      vertex -4.91557 -5.63435 4.7
      vertex -5.45262 -5.29237 4.7
    endloop
  endfacet
  facet normal -0.537122 -0.843504 -0
    outer loop
      vertex -4.91557 -5.63435 4.7
      vertex -5.45262 -5.29237 2.5
      vertex -4.91557 -5.63435 2.5
    endloop
  endfacet
  facet normal 0.77278 -0.634674 0
    outer loop
      vertex -4.91557 -5.63435 4.7
      vertex -3.78363 -4.2561 2.5
      vertex -3.78363 -4.2561 4.7
    endloop
  endfacet
  facet normal 0.77278 -0.634674 0
    outer loop
      vertex -3.78363 -4.2561 2.5
      vertex -4.91557 -5.63435 4.7
      vertex -4.91557 -5.63435 2.5
    endloop
  endfacet
  facet normal -0.438937 -0.898518 0
    outer loop
      vertex -3.78363 -4.2561 2.5
      vertex -3.63303 -4.32967 4.7
      vertex -3.78363 -4.2561 4.7
    endloop
  endfacet
  facet normal -0.438937 -0.898518 -0
    outer loop
      vertex -3.63303 -4.32967 4.7
      vertex -3.78363 -4.2561 2.5
      vertex -3.63303 -4.32967 2.5
    endloop
  endfacet
  facet normal -0.401873 -0.915696 0
    outer loop
      vertex -3.63303 -4.32967 2.5
      vertex -3.44662 -4.41148 4.7
      vertex -3.63303 -4.32967 4.7
    endloop
  endfacet
  facet normal -0.401873 -0.915696 -0
    outer loop
      vertex -3.44662 -4.41148 4.7
      vertex -3.63303 -4.32967 2.5
      vertex -3.44662 -4.41148 2.5
    endloop
  endfacet
  facet normal -0.3649 -0.931047 0
    outer loop
      vertex -3.44662 -4.41148 2.5
      vertex -3.25865 -4.48515 4.7
      vertex -3.44662 -4.41148 4.7
    endloop
  endfacet
  facet normal -0.3649 -0.931047 -0
    outer loop
      vertex -3.25865 -4.48515 4.7
      vertex -3.44662 -4.41148 2.5
      vertex -3.25865 -4.48515 2.5
    endloop
  endfacet
  facet normal -0.327519 -0.944845 0
    outer loop
      vertex -3.25865 -4.48515 2.5
      vertex -3.06949 -4.55072 4.7
      vertex -3.25865 -4.48515 4.7
    endloop
  endfacet
  facet normal -0.327519 -0.944845 -0
    outer loop
      vertex -3.06949 -4.55072 4.7
      vertex -3.25865 -4.48515 2.5
      vertex -3.06949 -4.55072 2.5
    endloop
  endfacet
  facet normal -0.290004 -0.957025 0
    outer loop
      vertex -3.06949 -4.55072 2.5
      vertex -2.98128 -4.57745 4.7
      vertex -3.06949 -4.55072 4.7
    endloop
  endfacet
  facet normal -0.290004 -0.957025 -0
    outer loop
      vertex -2.98128 -4.57745 4.7
      vertex -3.06949 -4.55072 2.5
      vertex -2.98128 -4.57745 2.5
    endloop
  endfacet
  facet normal -0.997772 0.066719 0
    outer loop
      vertex -3.09995 -6.35214 2.5
      vertex -2.98128 -4.57745 4.7
      vertex -2.98128 -4.57745 2.5
    endloop
  endfacet
  facet normal -0.997772 0.066719 0
    outer loop
      vertex -2.98128 -4.57745 4.7
      vertex -3.09995 -6.35214 2.5
      vertex -3.09995 -6.35214 4.7
    endloop
  endfacet
  facet normal -0.18625 -0.982502 0
    outer loop
      vertex -3.09995 -6.35214 2.5
      vertex -2.47426 -6.47075 4.7
      vertex -3.09995 -6.35214 4.7
    endloop
  endfacet
  facet normal -0.18625 -0.982502 -0
    outer loop
      vertex -2.47426 -6.47075 4.7
      vertex -3.09995 -6.35214 2.5
      vertex -2.47426 -6.47075 2.5
    endloop
  endfacet
  facet normal 0.952965 -0.303079 0
    outer loop
      vertex -2.47426 -6.47075 4.7
      vertex -1.93661 -4.78023 2.5
      vertex -1.93661 -4.78023 4.7
    endloop
  endfacet
  facet normal 0.952965 -0.303079 0
    outer loop
      vertex -1.93661 -4.78023 2.5
      vertex -2.47426 -6.47075 4.7
      vertex -2.47426 -6.47075 2.5
    endloop
  endfacet
  facet normal 0.582439 0.812874 -0
    outer loop
      vertex -0.888912 -1.33035 0
      vertex -0.974018 -1.26937 4.7
      vertex -0.888912 -1.33035 4.7
    endloop
  endfacet
  facet normal 0.582439 0.812874 0
    outer loop
      vertex -0.974018 -1.26937 4.7
      vertex -0.888912 -1.33035 0
      vertex -0.974018 -1.26937 0
    endloop
  endfacet
  facet normal -0.995187 -0.0979943 0
    outer loop
      vertex 1.59657 0.104645 0
      vertex 1.58631 0.208841 4.7
      vertex 1.58631 0.208841 0
    endloop
  endfacet
  facet normal -0.995187 -0.0979943 0
    outer loop
      vertex 1.58631 0.208841 4.7
      vertex 1.59657 0.104645 0
      vertex 1.59657 0.104645 4.7
    endloop
  endfacet
  facet normal -0.999463 -0.0327599 0
    outer loop
      vertex 1.6 0 0
      vertex 1.59657 0.104645 4.7
      vertex 1.59657 0.104645 0
    endloop
  endfacet
  facet normal -0.999463 -0.0327599 0
    outer loop
      vertex 1.59657 0.104645 4.7
      vertex 1.6 0 0
      vertex 1.6 0 4.7
    endloop
  endfacet
  facet normal -0.910868 0.412698 0
    outer loop
      vertex 1.435 -0.707662 0
      vertex 1.47821 -0.612293 4.7
      vertex 1.47821 -0.612293 0
    endloop
  endfacet
  facet normal -0.910868 0.412698 0
    outer loop
      vertex 1.47821 -0.612293 4.7
      vertex 1.435 -0.707662 0
      vertex 1.435 -0.707662 4.7
    endloop
  endfacet
  facet normal -0.973867 0.22712 0
    outer loop
      vertex 1.54548 -0.41411 0
      vertex 1.56926 -0.312144 4.7
      vertex 1.56926 -0.312144 0
    endloop
  endfacet
  facet normal -0.973867 0.22712 0
    outer loop
      vertex 1.56926 -0.312144 4.7
      vertex 1.54548 -0.41411 0
      vertex 1.54548 -0.41411 4.7
    endloop
  endfacet
  facet normal 0.634455 -0.77296 0
    outer loop
      vertex -1.05495 1.20294 0
      vertex -0.974018 1.26937 4.7
      vertex -1.05495 1.20294 4.7
    endloop
  endfacet
  facet normal 0.634455 -0.77296 0
    outer loop
      vertex -0.974018 1.26937 4.7
      vertex -1.05495 1.20294 0
      vertex -0.974018 1.26937 0
    endloop
  endfacet
  facet normal -0.22712 0.973867 0
    outer loop
      vertex 0.41411 -1.54548 0
      vertex 0.312144 -1.56926 4.7
      vertex 0.41411 -1.54548 4.7
    endloop
  endfacet
  facet normal -0.22712 0.973867 0
    outer loop
      vertex 0.312144 -1.56926 4.7
      vertex 0.41411 -1.54548 0
      vertex 0.312144 -1.56926 0
    endloop
  endfacet
  facet normal -0.812874 -0.582439 0
    outer loop
      vertex 1.33035 0.888912 0
      vertex 1.26937 0.974018 4.7
      vertex 1.26937 0.974018 0
    endloop
  endfacet
  facet normal -0.812874 -0.582439 0
    outer loop
      vertex 1.26937 0.974018 4.7
      vertex 1.33035 0.888912 0
      vertex 1.33035 0.888912 4.7
    endloop
  endfacet
  facet normal 0.729889 0.683566 0
    outer loop
      vertex -1.13137 -1.13137 4.7
      vertex -1.20294 -1.05495 0
      vertex -1.20294 -1.05495 4.7
    endloop
  endfacet
  facet normal 0.729889 0.683566 0
    outer loop
      vertex -1.20294 -1.05495 0
      vertex -1.13137 -1.13137 4.7
      vertex -1.13137 -1.13137 0
    endloop
  endfacet
  facet normal -0.35224 0.93591 0
    outer loop
      vertex 0.612293 -1.47821 0
      vertex 0.514302 -1.51509 4.7
      vertex 0.612293 -1.47821 4.7
    endloop
  endfacet
  facet normal -0.35224 0.93591 0
    outer loop
      vertex 0.514302 -1.51509 4.7
      vertex 0.612293 -1.47821 0
      vertex 0.514302 -1.51509 0
    endloop
  endfacet
  facet normal 0.0979943 -0.995187 0
    outer loop
      vertex -0.208841 1.58631 0
      vertex -0.104645 1.59657 4.7
      vertex -0.208841 1.58631 4.7
    endloop
  endfacet
  facet normal 0.0979943 -0.995187 0
    outer loop
      vertex -0.104645 1.59657 4.7
      vertex -0.208841 1.58631 0
      vertex -0.104645 1.59657 0
    endloop
  endfacet
  facet normal 0.162845 -0.986652 0
    outer loop
      vertex -0.312144 1.56926 0
      vertex -0.208841 1.58631 4.7
      vertex -0.312144 1.56926 4.7
    endloop
  endfacet
  facet normal 0.162845 -0.986652 0
    outer loop
      vertex -0.208841 1.58631 4.7
      vertex -0.312144 1.56926 0
      vertex -0.208841 1.58631 0
    endloop
  endfacet
  facet normal -0.812874 0.582439 0
    outer loop
      vertex 1.26937 -0.974018 0
      vertex 1.33035 -0.888912 4.7
      vertex 1.33035 -0.888912 0
    endloop
  endfacet
  facet normal -0.812874 0.582439 0
    outer loop
      vertex 1.33035 -0.888912 4.7
      vertex 1.26937 -0.974018 0
      vertex 1.26937 -0.974018 4.7
    endloop
  endfacet
  facet normal 0.956948 0.290259 0
    outer loop
      vertex -1.51509 -0.514302 4.7
      vertex -1.54548 -0.41411 0
      vertex -1.54548 -0.41411 4.7
    endloop
  endfacet
  facet normal 0.956948 0.290259 0
    outer loop
      vertex -1.54548 -0.41411 0
      vertex -1.51509 -0.514302 4.7
      vertex -1.51509 -0.514302 0
    endloop
  endfacet
  facet normal 0.881902 -0.471433 0
    outer loop
      vertex -1.435 0.707662 4.7
      vertex -1.38564 0.799999 0
      vertex -1.38564 0.799999 4.7
    endloop
  endfacet
  facet normal 0.881902 -0.471433 0
    outer loop
      vertex -1.38564 0.799999 0
      vertex -1.435 0.707662 4.7
      vertex -1.435 0.707662 0
    endloop
  endfacet
  facet normal -0.77296 -0.634455 0
    outer loop
      vertex 1.26937 0.974018 0
      vertex 1.20294 1.05495 4.7
      vertex 1.20294 1.05495 0
    endloop
  endfacet
  facet normal -0.77296 -0.634455 0
    outer loop
      vertex 1.20294 1.05495 4.7
      vertex 1.26937 0.974018 0
      vertex 1.26937 0.974018 4.7
    endloop
  endfacet
  facet normal -0.582439 -0.812874 0
    outer loop
      vertex 0.888912 1.33035 0
      vertex 0.974018 1.26937 4.7
      vertex 0.888912 1.33035 4.7
    endloop
  endfacet
  facet normal -0.582439 -0.812874 -0
    outer loop
      vertex 0.974018 1.26937 4.7
      vertex 0.888912 1.33035 0
      vertex 0.974018 1.26937 0
    endloop
  endfacet
  facet normal 0.0979943 0.995187 -0
    outer loop
      vertex -0.104645 -1.59657 0
      vertex -0.208841 -1.58631 4.7
      vertex -0.104645 -1.59657 4.7
    endloop
  endfacet
  facet normal 0.0979943 0.995187 0
    outer loop
      vertex -0.208841 -1.58631 4.7
      vertex -0.104645 -1.59657 0
      vertex -0.208841 -1.58631 0
    endloop
  endfacet
  facet normal 0.52807 0.849201 -0
    outer loop
      vertex -0.799999 -1.38564 0
      vertex -0.888912 -1.33035 4.7
      vertex -0.799999 -1.38564 4.7
    endloop
  endfacet
  facet normal 0.52807 0.849201 0
    outer loop
      vertex -0.888912 -1.33035 4.7
      vertex -0.799999 -1.38564 0
      vertex -0.888912 -1.33035 0
    endloop
  endfacet
  facet normal -0.0327599 0.999463 0
    outer loop
      vertex 0.104645 -1.59657 0
      vertex 0 -1.6 4.7
      vertex 0.104645 -1.59657 4.7
    endloop
  endfacet
  facet normal -0.0327599 0.999463 0
    outer loop
      vertex 0 -1.6 4.7
      vertex 0.104645 -1.59657 0
      vertex 0 -1.6 0
    endloop
  endfacet
  facet normal 0.471433 0.881902 -0
    outer loop
      vertex -0.707662 -1.435 0
      vertex -0.799999 -1.38564 4.7
      vertex -0.707662 -1.435 4.7
    endloop
  endfacet
  facet normal 0.471433 0.881902 0
    outer loop
      vertex -0.799999 -1.38564 4.7
      vertex -0.707662 -1.435 0
      vertex -0.799999 -1.38564 0
    endloop
  endfacet
  facet normal -0.0979943 -0.995187 0
    outer loop
      vertex 0.104645 1.59657 0
      vertex 0.208841 1.58631 4.7
      vertex 0.104645 1.59657 4.7
    endloop
  endfacet
  facet normal -0.0979943 -0.995187 -0
    outer loop
      vertex 0.208841 1.58631 4.7
      vertex 0.104645 1.59657 0
      vertex 0.208841 1.58631 0
    endloop
  endfacet
  facet normal 0.35224 -0.93591 0
    outer loop
      vertex -0.612293 1.47821 0
      vertex -0.514302 1.51509 4.7
      vertex -0.612293 1.47821 4.7
    endloop
  endfacet
  facet normal 0.35224 -0.93591 0
    outer loop
      vertex -0.514302 1.51509 4.7
      vertex -0.612293 1.47821 0
      vertex -0.514302 1.51509 0
    endloop
  endfacet
  facet normal 0.0327599 -0.999463 0
    outer loop
      vertex -0.104645 1.59657 0
      vertex 0 1.6 4.7
      vertex -0.104645 1.59657 4.7
    endloop
  endfacet
  facet normal 0.0327599 -0.999463 0
    outer loop
      vertex 0 1.6 4.7
      vertex -0.104645 1.59657 0
      vertex 0 1.6 0
    endloop
  endfacet
  facet normal -0.956948 -0.290259 0
    outer loop
      vertex 1.54548 0.41411 0
      vertex 1.51509 0.514302 4.7
      vertex 1.51509 0.514302 0
    endloop
  endfacet
  facet normal -0.956948 -0.290259 0
    outer loop
      vertex 1.51509 0.514302 4.7
      vertex 1.54548 0.41411 0
      vertex 1.54548 0.41411 4.7
    endloop
  endfacet
  facet normal -0.849201 -0.52807 0
    outer loop
      vertex 1.38564 0.799999 0
      vertex 1.33035 0.888912 4.7
      vertex 1.33035 0.888912 0
    endloop
  endfacet
  facet normal -0.849201 -0.52807 0
    outer loop
      vertex 1.33035 0.888912 4.7
      vertex 1.38564 0.799999 0
      vertex 1.38564 0.799999 4.7
    endloop
  endfacet
  facet normal 0.999463 0.0327599 0
    outer loop
      vertex -1.59657 -0.104645 4.7
      vertex -1.6 0 0
      vertex -1.6 0 4.7
    endloop
  endfacet
  facet normal 0.999463 0.0327599 0
    outer loop
      vertex -1.6 0 0
      vertex -1.59657 -0.104645 4.7
      vertex -1.59657 -0.104645 0
    endloop
  endfacet
  facet normal -0.973867 -0.22712 0
    outer loop
      vertex 1.56926 0.312144 0
      vertex 1.54548 0.41411 4.7
      vertex 1.54548 0.41411 0
    endloop
  endfacet
  facet normal -0.973867 -0.22712 0
    outer loop
      vertex 1.54548 0.41411 4.7
      vertex 1.56926 0.312144 0
      vertex 1.56926 0.312144 4.7
    endloop
  endfacet
  facet normal -0.52807 0.849201 0
    outer loop
      vertex 0.888912 -1.33035 0
      vertex 0.799999 -1.38564 4.7
      vertex 0.888912 -1.33035 4.7
    endloop
  endfacet
  facet normal -0.52807 0.849201 0
    outer loop
      vertex 0.799999 -1.38564 4.7
      vertex 0.888912 -1.33035 0
      vertex 0.799999 -1.38564 0
    endloop
  endfacet
  facet normal 0.812874 -0.582439 0
    outer loop
      vertex -1.33035 0.888912 4.7
      vertex -1.26937 0.974018 0
      vertex -1.26937 0.974018 4.7
    endloop
  endfacet
  facet normal 0.812874 -0.582439 0
    outer loop
      vertex -1.26937 0.974018 0
      vertex -1.33035 0.888912 4.7
      vertex -1.33035 0.888912 0
    endloop
  endfacet
  facet normal 0.93591 -0.35224 0
    outer loop
      vertex -1.51509 0.514302 4.7
      vertex -1.47821 0.612293 0
      vertex -1.47821 0.612293 4.7
    endloop
  endfacet
  facet normal 0.93591 -0.35224 0
    outer loop
      vertex -1.47821 0.612293 0
      vertex -1.51509 0.514302 4.7
      vertex -1.51509 0.514302 0
    endloop
  endfacet
  facet normal -0.729889 0.683566 0
    outer loop
      vertex 1.13137 -1.13137 0
      vertex 1.20294 -1.05495 4.7
      vertex 1.20294 -1.05495 0
    endloop
  endfacet
  facet normal -0.729889 0.683566 0
    outer loop
      vertex 1.20294 -1.05495 4.7
      vertex 1.13137 -1.13137 0
      vertex 1.13137 -1.13137 4.7
    endloop
  endfacet
  facet normal 0.582439 -0.812874 0
    outer loop
      vertex -0.974018 1.26937 0
      vertex -0.888912 1.33035 4.7
      vertex -0.974018 1.26937 4.7
    endloop
  endfacet
  facet normal 0.582439 -0.812874 0
    outer loop
      vertex -0.888912 1.33035 4.7
      vertex -0.974018 1.26937 0
      vertex -0.888912 1.33035 0
    endloop
  endfacet
  facet normal 0.683566 0.729889 -0
    outer loop
      vertex -1.05495 -1.20294 0
      vertex -1.13137 -1.13137 4.7
      vertex -1.05495 -1.20294 4.7
    endloop
  endfacet
  facet normal 0.683566 0.729889 0
    outer loop
      vertex -1.13137 -1.13137 4.7
      vertex -1.05495 -1.20294 0
      vertex -1.13137 -1.13137 0
    endloop
  endfacet
  facet normal 0.412698 -0.910868 0
    outer loop
      vertex -0.707662 1.435 0
      vertex -0.612293 1.47821 4.7
      vertex -0.707662 1.435 4.7
    endloop
  endfacet
  facet normal 0.412698 -0.910868 0
    outer loop
      vertex -0.612293 1.47821 4.7
      vertex -0.707662 1.435 0
      vertex -0.612293 1.47821 0
    endloop
  endfacet
  facet normal 0.683566 -0.729889 0
    outer loop
      vertex -1.13137 1.13137 0
      vertex -1.05495 1.20294 4.7
      vertex -1.13137 1.13137 4.7
    endloop
  endfacet
  facet normal 0.683566 -0.729889 0
    outer loop
      vertex -1.05495 1.20294 4.7
      vertex -1.13137 1.13137 0
      vertex -1.05495 1.20294 0
    endloop
  endfacet
  facet normal -0.0979943 0.995187 0
    outer loop
      vertex 0.208841 -1.58631 0
      vertex 0.104645 -1.59657 4.7
      vertex 0.208841 -1.58631 4.7
    endloop
  endfacet
  facet normal -0.0979943 0.995187 0
    outer loop
      vertex 0.104645 -1.59657 4.7
      vertex 0.208841 -1.58631 0
      vertex 0.104645 -1.59657 0
    endloop
  endfacet
  facet normal -0.881902 -0.471433 0
    outer loop
      vertex 1.435 0.707662 0
      vertex 1.38564 0.799999 4.7
      vertex 1.38564 0.799999 0
    endloop
  endfacet
  facet normal -0.881902 -0.471433 0
    outer loop
      vertex 1.38564 0.799999 4.7
      vertex 1.435 0.707662 0
      vertex 1.435 0.707662 4.7
    endloop
  endfacet
  facet normal 0.986652 -0.162845 0
    outer loop
      vertex -1.58631 0.208841 4.7
      vertex -1.56926 0.312144 0
      vertex -1.56926 0.312144 4.7
    endloop
  endfacet
  facet normal 0.986652 -0.162845 0
    outer loop
      vertex -1.56926 0.312144 0
      vertex -1.58631 0.208841 4.7
      vertex -1.58631 0.208841 0
    endloop
  endfacet
  facet normal 0.634455 0.77296 -0
    outer loop
      vertex -0.974018 -1.26937 0
      vertex -1.05495 -1.20294 4.7
      vertex -0.974018 -1.26937 4.7
    endloop
  endfacet
  facet normal 0.634455 0.77296 0
    outer loop
      vertex -1.05495 -1.20294 4.7
      vertex -0.974018 -1.26937 0
      vertex -1.05495 -1.20294 0
    endloop
  endfacet
  facet normal -0.986652 0.162845 0
    outer loop
      vertex 1.56926 -0.312144 0
      vertex 1.58631 -0.208841 4.7
      vertex 1.58631 -0.208841 0
    endloop
  endfacet
  facet normal -0.986652 0.162845 0
    outer loop
      vertex 1.58631 -0.208841 4.7
      vertex 1.56926 -0.312144 0
      vertex 1.56926 -0.312144 4.7
    endloop
  endfacet
  facet normal -0.683566 -0.729889 0
    outer loop
      vertex 1.05495 1.20294 0
      vertex 1.13137 1.13137 4.7
      vertex 1.05495 1.20294 4.7
    endloop
  endfacet
  facet normal -0.683566 -0.729889 -0
    outer loop
      vertex 1.13137 1.13137 4.7
      vertex 1.05495 1.20294 0
      vertex 1.13137 1.13137 0
    endloop
  endfacet
  facet normal -0.52807 -0.849201 0
    outer loop
      vertex 0.799999 1.38564 0
      vertex 0.888912 1.33035 4.7
      vertex 0.799999 1.38564 4.7
    endloop
  endfacet
  facet normal -0.52807 -0.849201 -0
    outer loop
      vertex 0.888912 1.33035 4.7
      vertex 0.799999 1.38564 0
      vertex 0.888912 1.33035 0
    endloop
  endfacet
  facet normal -0.77296 0.634455 0
    outer loop
      vertex 1.20294 -1.05495 0
      vertex 1.26937 -0.974018 4.7
      vertex 1.26937 -0.974018 0
    endloop
  endfacet
  facet normal -0.77296 0.634455 0
    outer loop
      vertex 1.26937 -0.974018 4.7
      vertex 1.20294 -1.05495 0
      vertex 1.20294 -1.05495 4.7
    endloop
  endfacet
  facet normal -0.162845 -0.986652 0
    outer loop
      vertex 0.208841 1.58631 0
      vertex 0.312144 1.56926 4.7
      vertex 0.208841 1.58631 4.7
    endloop
  endfacet
  facet normal -0.162845 -0.986652 -0
    outer loop
      vertex 0.312144 1.56926 4.7
      vertex 0.208841 1.58631 0
      vertex 0.312144 1.56926 0
    endloop
  endfacet
  facet normal -0.956948 0.290259 0
    outer loop
      vertex 1.51509 -0.514302 0
      vertex 1.54548 -0.41411 4.7
      vertex 1.54548 -0.41411 0
    endloop
  endfacet
  facet normal -0.956948 0.290259 0
    outer loop
      vertex 1.54548 -0.41411 4.7
      vertex 1.51509 -0.514302 0
      vertex 1.51509 -0.514302 4.7
    endloop
  endfacet
  facet normal -0.634455 -0.77296 0
    outer loop
      vertex 0.974018 1.26937 0
      vertex 1.05495 1.20294 4.7
      vertex 0.974018 1.26937 4.7
    endloop
  endfacet
  facet normal -0.634455 -0.77296 -0
    outer loop
      vertex 1.05495 1.20294 4.7
      vertex 0.974018 1.26937 0
      vertex 1.05495 1.20294 0
    endloop
  endfacet
  facet normal 0.290259 0.956948 -0
    outer loop
      vertex -0.41411 -1.54548 0
      vertex -0.514302 -1.51509 4.7
      vertex -0.41411 -1.54548 4.7
    endloop
  endfacet
  facet normal 0.290259 0.956948 0
    outer loop
      vertex -0.514302 -1.51509 4.7
      vertex -0.41411 -1.54548 0
      vertex -0.514302 -1.51509 0
    endloop
  endfacet
  facet normal 0.290259 -0.956948 0
    outer loop
      vertex -0.514302 1.51509 0
      vertex -0.41411 1.54548 4.7
      vertex -0.514302 1.51509 4.7
    endloop
  endfacet
  facet normal 0.290259 -0.956948 0
    outer loop
      vertex -0.41411 1.54548 4.7
      vertex -0.514302 1.51509 0
      vertex -0.41411 1.54548 0
    endloop
  endfacet
  facet normal -0.35224 -0.93591 0
    outer loop
      vertex 0.514302 1.51509 0
      vertex 0.612293 1.47821 4.7
      vertex 0.514302 1.51509 4.7
    endloop
  endfacet
  facet normal -0.35224 -0.93591 -0
    outer loop
      vertex 0.612293 1.47821 4.7
      vertex 0.514302 1.51509 0
      vertex 0.612293 1.47821 0
    endloop
  endfacet
  facet normal -0.412698 -0.910868 0
    outer loop
      vertex 0.612293 1.47821 0
      vertex 0.707662 1.435 4.7
      vertex 0.612293 1.47821 4.7
    endloop
  endfacet
  facet normal -0.412698 -0.910868 -0
    outer loop
      vertex 0.707662 1.435 4.7
      vertex 0.612293 1.47821 0
      vertex 0.707662 1.435 0
    endloop
  endfacet
  facet normal 0.849201 0.52807 0
    outer loop
      vertex -1.33035 -0.888912 4.7
      vertex -1.38564 -0.799999 0
      vertex -1.38564 -0.799999 4.7
    endloop
  endfacet
  facet normal 0.849201 0.52807 0
    outer loop
      vertex -1.38564 -0.799999 0
      vertex -1.33035 -0.888912 4.7
      vertex -1.33035 -0.888912 0
    endloop
  endfacet
  facet normal -0.995187 0.0979943 0
    outer loop
      vertex 1.58631 -0.208841 0
      vertex 1.59657 -0.104645 4.7
      vertex 1.59657 -0.104645 0
    endloop
  endfacet
  facet normal -0.995187 0.0979943 0
    outer loop
      vertex 1.59657 -0.104645 4.7
      vertex 1.58631 -0.208841 0
      vertex 1.58631 -0.208841 4.7
    endloop
  endfacet
  facet normal 0.22712 0.973867 -0
    outer loop
      vertex -0.312144 -1.56926 0
      vertex -0.41411 -1.54548 4.7
      vertex -0.312144 -1.56926 4.7
    endloop
  endfacet
  facet normal 0.22712 0.973867 0
    outer loop
      vertex -0.41411 -1.54548 4.7
      vertex -0.312144 -1.56926 0
      vertex -0.41411 -1.54548 0
    endloop
  endfacet
  facet normal 0.812874 0.582439 0
    outer loop
      vertex -1.26937 -0.974018 4.7
      vertex -1.33035 -0.888912 0
      vertex -1.33035 -0.888912 4.7
    endloop
  endfacet
  facet normal 0.812874 0.582439 0
    outer loop
      vertex -1.33035 -0.888912 0
      vertex -1.26937 -0.974018 4.7
      vertex -1.26937 -0.974018 0
    endloop
  endfacet
  facet normal -0.290259 -0.956948 0
    outer loop
      vertex 0.41411 1.54548 0
      vertex 0.514302 1.51509 4.7
      vertex 0.41411 1.54548 4.7
    endloop
  endfacet
  facet normal -0.290259 -0.956948 -0
    outer loop
      vertex 0.514302 1.51509 4.7
      vertex 0.41411 1.54548 0
      vertex 0.514302 1.51509 0
    endloop
  endfacet
  facet normal 0.973867 -0.22712 0
    outer loop
      vertex -1.56926 0.312144 4.7
      vertex -1.54548 0.41411 0
      vertex -1.54548 0.41411 4.7
    endloop
  endfacet
  facet normal 0.973867 -0.22712 0
    outer loop
      vertex -1.54548 0.41411 0
      vertex -1.56926 0.312144 4.7
      vertex -1.56926 0.312144 0
    endloop
  endfacet
  facet normal -0.999463 0.0327599 0
    outer loop
      vertex 1.59657 -0.104645 0
      vertex 1.6 0 4.7
      vertex 1.6 0 0
    endloop
  endfacet
  facet normal -0.999463 0.0327599 0
    outer loop
      vertex 1.6 0 4.7
      vertex 1.59657 -0.104645 0
      vertex 1.59657 -0.104645 4.7
    endloop
  endfacet
  facet normal 0.93591 0.35224 0
    outer loop
      vertex -1.47821 -0.612293 4.7
      vertex -1.51509 -0.514302 0
      vertex -1.51509 -0.514302 4.7
    endloop
  endfacet
  facet normal 0.93591 0.35224 0
    outer loop
      vertex -1.51509 -0.514302 0
      vertex -1.47821 -0.612293 4.7
      vertex -1.47821 -0.612293 0
    endloop
  endfacet
  facet normal 0.849201 -0.52807 0
    outer loop
      vertex -1.38564 0.799999 4.7
      vertex -1.33035 0.888912 0
      vertex -1.33035 0.888912 4.7
    endloop
  endfacet
  facet normal 0.849201 -0.52807 0
    outer loop
      vertex -1.33035 0.888912 0
      vertex -1.38564 0.799999 4.7
      vertex -1.38564 0.799999 0
    endloop
  endfacet
  facet normal -0.471433 -0.881902 0
    outer loop
      vertex 0.707662 1.435 0
      vertex 0.799999 1.38564 4.7
      vertex 0.707662 1.435 4.7
    endloop
  endfacet
  facet normal -0.471433 -0.881902 -0
    outer loop
      vertex 0.799999 1.38564 4.7
      vertex 0.707662 1.435 0
      vertex 0.799999 1.38564 0
    endloop
  endfacet
  facet normal 0.910868 -0.412698 0
    outer loop
      vertex -1.47821 0.612293 4.7
      vertex -1.435 0.707662 0
      vertex -1.435 0.707662 4.7
    endloop
  endfacet
  facet normal 0.910868 -0.412698 0
    outer loop
      vertex -1.435 0.707662 0
      vertex -1.47821 0.612293 4.7
      vertex -1.47821 0.612293 0
    endloop
  endfacet
  facet normal -0.93591 0.35224 0
    outer loop
      vertex 1.47821 -0.612293 0
      vertex 1.51509 -0.514302 4.7
      vertex 1.51509 -0.514302 0
    endloop
  endfacet
  facet normal -0.93591 0.35224 0
    outer loop
      vertex 1.51509 -0.514302 4.7
      vertex 1.47821 -0.612293 0
      vertex 1.47821 -0.612293 4.7
    endloop
  endfacet
  facet normal -0.412698 0.910868 0
    outer loop
      vertex 0.707662 -1.435 0
      vertex 0.612293 -1.47821 4.7
      vertex 0.707662 -1.435 4.7
    endloop
  endfacet
  facet normal -0.412698 0.910868 0
    outer loop
      vertex 0.612293 -1.47821 4.7
      vertex 0.707662 -1.435 0
      vertex 0.612293 -1.47821 0
    endloop
  endfacet
  facet normal -0.93591 -0.35224 0
    outer loop
      vertex 1.51509 0.514302 0
      vertex 1.47821 0.612293 4.7
      vertex 1.47821 0.612293 0
    endloop
  endfacet
  facet normal -0.93591 -0.35224 0
    outer loop
      vertex 1.47821 0.612293 4.7
      vertex 1.51509 0.514302 0
      vertex 1.51509 0.514302 4.7
    endloop
  endfacet
  facet normal 0.995187 0.0979943 0
    outer loop
      vertex -1.58631 -0.208841 4.7
      vertex -1.59657 -0.104645 0
      vertex -1.59657 -0.104645 4.7
    endloop
  endfacet
  facet normal 0.995187 0.0979943 0
    outer loop
      vertex -1.59657 -0.104645 0
      vertex -1.58631 -0.208841 4.7
      vertex -1.58631 -0.208841 0
    endloop
  endfacet
  facet normal -0.290259 0.956948 0
    outer loop
      vertex 0.514302 -1.51509 0
      vertex 0.41411 -1.54548 4.7
      vertex 0.514302 -1.51509 4.7
    endloop
  endfacet
  facet normal -0.290259 0.956948 0
    outer loop
      vertex 0.41411 -1.54548 4.7
      vertex 0.514302 -1.51509 0
      vertex 0.41411 -1.54548 0
    endloop
  endfacet
  facet normal 0.986652 0.162845 0
    outer loop
      vertex -1.56926 -0.312144 4.7
      vertex -1.58631 -0.208841 0
      vertex -1.58631 -0.208841 4.7
    endloop
  endfacet
  facet normal 0.986652 0.162845 0
    outer loop
      vertex -1.58631 -0.208841 0
      vertex -1.56926 -0.312144 4.7
      vertex -1.56926 -0.312144 0
    endloop
  endfacet
  facet normal -0.162845 0.986652 0
    outer loop
      vertex 0.312144 -1.56926 0
      vertex 0.208841 -1.58631 4.7
      vertex 0.312144 -1.56926 4.7
    endloop
  endfacet
  facet normal -0.162845 0.986652 0
    outer loop
      vertex 0.208841 -1.58631 4.7
      vertex 0.312144 -1.56926 0
      vertex 0.208841 -1.58631 0
    endloop
  endfacet
  facet normal -0.582439 0.812874 0
    outer loop
      vertex 0.974018 -1.26937 0
      vertex 0.888912 -1.33035 4.7
      vertex 0.974018 -1.26937 4.7
    endloop
  endfacet
  facet normal -0.582439 0.812874 0
    outer loop
      vertex 0.888912 -1.33035 4.7
      vertex 0.974018 -1.26937 0
      vertex 0.888912 -1.33035 0
    endloop
  endfacet
  facet normal -0.0327599 -0.999463 0
    outer loop
      vertex 0 1.6 0
      vertex 0.104645 1.59657 4.7
      vertex 0 1.6 4.7
    endloop
  endfacet
  facet normal -0.0327599 -0.999463 -0
    outer loop
      vertex 0.104645 1.59657 4.7
      vertex 0 1.6 0
      vertex 0.104645 1.59657 0
    endloop
  endfacet
  facet normal -0.471433 0.881902 0
    outer loop
      vertex 0.799999 -1.38564 0
      vertex 0.707662 -1.435 4.7
      vertex 0.799999 -1.38564 4.7
    endloop
  endfacet
  facet normal -0.471433 0.881902 0
    outer loop
      vertex 0.707662 -1.435 4.7
      vertex 0.799999 -1.38564 0
      vertex 0.707662 -1.435 0
    endloop
  endfacet
  facet normal -0.986652 -0.162845 0
    outer loop
      vertex 1.58631 0.208841 0
      vertex 1.56926 0.312144 4.7
      vertex 1.56926 0.312144 0
    endloop
  endfacet
  facet normal -0.986652 -0.162845 0
    outer loop
      vertex 1.56926 0.312144 4.7
      vertex 1.58631 0.208841 0
      vertex 1.58631 0.208841 4.7
    endloop
  endfacet
  facet normal 0.22712 -0.973867 0
    outer loop
      vertex -0.41411 1.54548 0
      vertex -0.312144 1.56926 4.7
      vertex -0.41411 1.54548 4.7
    endloop
  endfacet
  facet normal 0.22712 -0.973867 0
    outer loop
      vertex -0.312144 1.56926 4.7
      vertex -0.41411 1.54548 0
      vertex -0.312144 1.56926 0
    endloop
  endfacet
  facet normal -0.849201 0.52807 0
    outer loop
      vertex 1.33035 -0.888912 0
      vertex 1.38564 -0.799999 4.7
      vertex 1.38564 -0.799999 0
    endloop
  endfacet
  facet normal -0.849201 0.52807 0
    outer loop
      vertex 1.38564 -0.799999 4.7
      vertex 1.33035 -0.888912 0
      vertex 1.33035 -0.888912 4.7
    endloop
  endfacet
  facet normal 0.910868 0.412698 0
    outer loop
      vertex -1.435 -0.707662 4.7
      vertex -1.47821 -0.612293 0
      vertex -1.47821 -0.612293 4.7
    endloop
  endfacet
  facet normal 0.910868 0.412698 0
    outer loop
      vertex -1.47821 -0.612293 0
      vertex -1.435 -0.707662 4.7
      vertex -1.435 -0.707662 0
    endloop
  endfacet
  facet normal 0.52807 -0.849201 0
    outer loop
      vertex -0.888912 1.33035 0
      vertex -0.799999 1.38564 4.7
      vertex -0.888912 1.33035 4.7
    endloop
  endfacet
  facet normal 0.52807 -0.849201 0
    outer loop
      vertex -0.799999 1.38564 4.7
      vertex -0.888912 1.33035 0
      vertex -0.799999 1.38564 0
    endloop
  endfacet
  facet normal 0.77296 0.634455 0
    outer loop
      vertex -1.20294 -1.05495 4.7
      vertex -1.26937 -0.974018 0
      vertex -1.26937 -0.974018 4.7
    endloop
  endfacet
  facet normal 0.77296 0.634455 0
    outer loop
      vertex -1.26937 -0.974018 0
      vertex -1.20294 -1.05495 4.7
      vertex -1.20294 -1.05495 0
    endloop
  endfacet
  facet normal 0.999463 -0.0327599 0
    outer loop
      vertex -1.6 0 4.7
      vertex -1.59657 0.104645 0
      vertex -1.59657 0.104645 4.7
    endloop
  endfacet
  facet normal 0.999463 -0.0327599 0
    outer loop
      vertex -1.59657 0.104645 0
      vertex -1.6 0 4.7
      vertex -1.6 0 0
    endloop
  endfacet
  facet normal 0.471433 -0.881902 0
    outer loop
      vertex -0.799999 1.38564 0
      vertex -0.707662 1.435 4.7
      vertex -0.799999 1.38564 4.7
    endloop
  endfacet
  facet normal 0.471433 -0.881902 0
    outer loop
      vertex -0.707662 1.435 4.7
      vertex -0.799999 1.38564 0
      vertex -0.707662 1.435 0
    endloop
  endfacet
  facet normal 0.162845 0.986652 -0
    outer loop
      vertex -0.208841 -1.58631 0
      vertex -0.312144 -1.56926 4.7
      vertex -0.208841 -1.58631 4.7
    endloop
  endfacet
  facet normal 0.162845 0.986652 0
    outer loop
      vertex -0.312144 -1.56926 4.7
      vertex -0.208841 -1.58631 0
      vertex -0.312144 -1.56926 0
    endloop
  endfacet
  facet normal -0.910868 -0.412698 0
    outer loop
      vertex 1.47821 0.612293 0
      vertex 1.435 0.707662 4.7
      vertex 1.435 0.707662 0
    endloop
  endfacet
  facet normal -0.910868 -0.412698 0
    outer loop
      vertex 1.435 0.707662 4.7
      vertex 1.47821 0.612293 0
      vertex 1.47821 0.612293 4.7
    endloop
  endfacet
  facet normal 0.0327599 0.999463 -0
    outer loop
      vertex 0 -1.6 0
      vertex -0.104645 -1.59657 4.7
      vertex 0 -1.6 4.7
    endloop
  endfacet
  facet normal 0.0327599 0.999463 0
    outer loop
      vertex -0.104645 -1.59657 4.7
      vertex 0 -1.6 0
      vertex -0.104645 -1.59657 0
    endloop
  endfacet
  facet normal -0.683566 0.729889 0
    outer loop
      vertex 1.13137 -1.13137 0
      vertex 1.05495 -1.20294 4.7
      vertex 1.13137 -1.13137 4.7
    endloop
  endfacet
  facet normal -0.683566 0.729889 0
    outer loop
      vertex 1.05495 -1.20294 4.7
      vertex 1.13137 -1.13137 0
      vertex 1.05495 -1.20294 0
    endloop
  endfacet
  facet normal 0.956948 -0.290259 0
    outer loop
      vertex -1.54548 0.41411 4.7
      vertex -1.51509 0.514302 0
      vertex -1.51509 0.514302 4.7
    endloop
  endfacet
  facet normal 0.956948 -0.290259 0
    outer loop
      vertex -1.51509 0.514302 0
      vertex -1.54548 0.41411 4.7
      vertex -1.54548 0.41411 0
    endloop
  endfacet
  facet normal -0.729889 -0.683566 0
    outer loop
      vertex 1.20294 1.05495 0
      vertex 1.13137 1.13137 4.7
      vertex 1.13137 1.13137 0
    endloop
  endfacet
  facet normal -0.729889 -0.683566 0
    outer loop
      vertex 1.13137 1.13137 4.7
      vertex 1.20294 1.05495 0
      vertex 1.20294 1.05495 4.7
    endloop
  endfacet
  facet normal 0.35224 0.93591 -0
    outer loop
      vertex -0.514302 -1.51509 0
      vertex -0.612293 -1.47821 4.7
      vertex -0.514302 -1.51509 4.7
    endloop
  endfacet
  facet normal 0.35224 0.93591 0
    outer loop
      vertex -0.612293 -1.47821 4.7
      vertex -0.514302 -1.51509 0
      vertex -0.612293 -1.47821 0
    endloop
  endfacet
  facet normal -0.881902 0.471433 0
    outer loop
      vertex 1.38564 -0.799999 0
      vertex 1.435 -0.707662 4.7
      vertex 1.435 -0.707662 0
    endloop
  endfacet
  facet normal -0.881902 0.471433 0
    outer loop
      vertex 1.435 -0.707662 4.7
      vertex 1.38564 -0.799999 0
      vertex 1.38564 -0.799999 4.7
    endloop
  endfacet
  facet normal -0.634455 0.77296 0
    outer loop
      vertex 1.05495 -1.20294 0
      vertex 0.974018 -1.26937 4.7
      vertex 1.05495 -1.20294 4.7
    endloop
  endfacet
  facet normal -0.634455 0.77296 0
    outer loop
      vertex 0.974018 -1.26937 4.7
      vertex 1.05495 -1.20294 0
      vertex 0.974018 -1.26937 0
    endloop
  endfacet
  facet normal 0.412698 0.910868 -0
    outer loop
      vertex -0.612293 -1.47821 0
      vertex -0.707662 -1.435 4.7
      vertex -0.612293 -1.47821 4.7
    endloop
  endfacet
  facet normal 0.412698 0.910868 0
    outer loop
      vertex -0.707662 -1.435 4.7
      vertex -0.612293 -1.47821 0
      vertex -0.707662 -1.435 0
    endloop
  endfacet
  facet normal 0.77296 -0.634455 0
    outer loop
      vertex -1.26937 0.974018 4.7
      vertex -1.20294 1.05495 0
      vertex -1.20294 1.05495 4.7
    endloop
  endfacet
  facet normal 0.77296 -0.634455 0
    outer loop
      vertex -1.20294 1.05495 0
      vertex -1.26937 0.974018 4.7
      vertex -1.26937 0.974018 0
    endloop
  endfacet
  facet normal 0.729889 -0.683566 0
    outer loop
      vertex -1.20294 1.05495 4.7
      vertex -1.13137 1.13137 0
      vertex -1.13137 1.13137 4.7
    endloop
  endfacet
  facet normal 0.729889 -0.683566 0
    outer loop
      vertex -1.13137 1.13137 0
      vertex -1.20294 1.05495 4.7
      vertex -1.20294 1.05495 0
    endloop
  endfacet
  facet normal 0.973867 0.22712 0
    outer loop
      vertex -1.54548 -0.41411 4.7
      vertex -1.56926 -0.312144 0
      vertex -1.56926 -0.312144 4.7
    endloop
  endfacet
  facet normal 0.973867 0.22712 0
    outer loop
      vertex -1.56926 -0.312144 0
      vertex -1.54548 -0.41411 4.7
      vertex -1.54548 -0.41411 0
    endloop
  endfacet
  facet normal 0.995187 -0.0979943 0
    outer loop
      vertex -1.59657 0.104645 4.7
      vertex -1.58631 0.208841 0
      vertex -1.58631 0.208841 4.7
    endloop
  endfacet
  facet normal 0.995187 -0.0979943 0
    outer loop
      vertex -1.58631 0.208841 0
      vertex -1.59657 0.104645 4.7
      vertex -1.59657 0.104645 0
    endloop
  endfacet
  facet normal 0.881902 0.471433 0
    outer loop
      vertex -1.38564 -0.799999 4.7
      vertex -1.435 -0.707662 0
      vertex -1.435 -0.707662 4.7
    endloop
  endfacet
  facet normal 0.881902 0.471433 0
    outer loop
      vertex -1.435 -0.707662 0
      vertex -1.38564 -0.799999 4.7
      vertex -1.38564 -0.799999 0
    endloop
  endfacet
  facet normal -0.22712 -0.973867 0
    outer loop
      vertex 0.312144 1.56926 0
      vertex 0.41411 1.54548 4.7
      vertex 0.312144 1.56926 4.7
    endloop
  endfacet
  facet normal -0.22712 -0.973867 -0
    outer loop
      vertex 0.41411 1.54548 4.7
      vertex 0.312144 1.56926 0
      vertex 0.41411 1.54548 0
    endloop
  endfacet
endsolid OpenSCAD_Model
