solid OpenSCAD_Model
  facet normal -0.9108638249211751 -0.41270702980439633 0
    outer loop
      vertex -75.75812166592551 -31.380041453937363 -48
      vertex -73.54356480568043 -36.267672597958104 -48
      vertex -75.75812166592551 -31.380041453937363 -44
    endloop
  endfacet
  facet normal 0 0 -1
    outer loop
      vertex -81.29847863265245 -10.703147762044228 -48
      vertex -81.82443170556549 -5.363056596871731 -48
      vertex -81.29847863265245 10.703147762044228 -48
    endloop
  endfacet
  facet normal 0 0 -1
    outer loop
      vertex -80.4243929930649 -15.997406405322517 -48
      vertex -81.29847863265245 -10.703147762044228 -48
      vertex -80.4243929930649 15.997406405322517 -48
    endloop
  endfacet
  facet normal 0 0 -1
    outer loop
      vertex -80.4243929930649 -15.997406405322517 -48
      vertex -79.2059177557036 21.2231616984067 -48
      vertex -79.2059177557036 -21.2231616984067 -48
    endloop
  endfacet
  facet normal 0 0 -1
    outer loop
      vertex -79.2059177557036 -21.2231616984067 -48
      vertex -77.64827061859867 26.35803615485925 -48
      vertex -77.64827061859867 -26.35803615485925 -48
    endloop
  endfacet
  facet normal 0 0 -1
    outer loop
      vertex -75.75812166592551 -31.380041453937363 -48
      vertex -77.64827061859867 -26.35803615485925 -48
      vertex -75.75812166592551 31.380041453937363 -48
    endloop
  endfacet
  facet normal 0 0 -1
    outer loop
      vertex -75.75812166592551 -31.380041453937363 -48
      vertex -73.54356480568043 36.267672597958104 -48
      vertex -73.54356480568043 -36.267672597958104 -48
    endloop
  endfacet
  facet normal -0.9569403357322096 -0.29028467725446 0
    outer loop
      vertex -79.2059177557036 -21.2231616984067 -48
      vertex -77.64827061859867 -26.35803615485925 -48
      vertex -79.2059177557036 -21.2231616984067 -44
    endloop
  endfacet
  facet normal -0.9738769792773333 -0.22707626303437442 0
    outer loop
      vertex -80.4243929930649 -15.997406405322517 -48
      vertex -79.2059177557036 -21.2231616984067 -48
      vertex -80.4243929930649 -15.997406405322517 -44
    endloop
  endfacet
  facet normal -0.9866433320848793 -0.16289547339458715 -7.590127520527947e-18
    outer loop
      vertex -80.4243929930649 -15.997406405322517 -48
      vertex -81.29847863265245 -10.703147762044228 -44
      vertex -81.29847863265245 -10.703147762044228 -48
    endloop
  endfacet
  facet normal -0.9951847266721968 -0.09801714032956185 5.488976658741515e-18
    outer loop
      vertex -81.29847863265245 -10.703147762044228 -48
      vertex -81.82443170556549 -5.363056596871731 -44
      vertex -81.82443170556549 -5.363056596871731 -48
    endloop
  endfacet
  facet normal -0.9994645874763657 -0.03271908282177616 2.355339269224156e-18
    outer loop
      vertex -81.82443170556549 -5.363056596871731 -48
      vertex -82 0 -44
      vertex -82 0 -48
    endloop
  endfacet
  facet normal -0.9359059267573252 -0.3522500479212346 -1.3935649718377965e-17
    outer loop
      vertex -75.75812166592551 -31.380041453937363 -48
      vertex -77.64827061859867 -26.35803615485925 -44
      vertex -77.64827061859867 -26.35803615485925 -48
    endloop
  endfacet
  facet normal 0 0 -1
    outer loop
      vertex -73.54356480568043 -36.267672597958104 -48
      vertex -70.61654018903259 -14.046503185161233 -48
      vertex -71.01408311032397 -41 -48
    endloop
  endfacet
  facet normal 0 0 -1
    outer loop
      vertex -71.01408311032397 -41 -48
      vertex -68.1789693236476 -23.143641501827634 -48
      vertex -68.1805082088087 -45.55675910760738 -48
    endloop
  endfacet
  facet normal 0 0 -1
    outer loop
      vertex -68.1805082088087 -45.55675910760738 -48
      vertex -68.1789693236476 -23.143641501827634 -48
      vertex -66.51932634081264 -27.553207130286463 -48
    endloop
  endfacet
  facet normal -0.8819212643483556 -0.47139673682599675 0
    outer loop
      vertex -73.54356480568043 -36.267672597958104 -48
      vertex -71.01408311032397 -41 -48
      vertex -73.54356480568043 -36.267672597958104 -44
    endloop
  endfacet
  facet normal -0.8128466845916169 -0.5824776968677998 0
    outer loop
      vertex -68.1805082088087 -45.55675910760738 -48
      vertex -65.05497390388129 -49.918437178715095 -48
      vertex -68.1805082088087 -45.55675910760738 -44
    endloop
  endfacet
  facet normal -0.8492021815265783 -0.528067850650369 0
    outer loop
      vertex -71.01408311032397 -41 -48
      vertex -68.1805082088087 -45.55675910760738 -48
      vertex -71.01408311032397 -41 -44
    endloop
  endfacet
  facet normal 0 0 -1
    outer loop
      vertex -71.01408311032397 -41 -48
      vertex -70.61654018903259 -14.046503185161233 -48
      vertex -69.54665949281292 -18.634971247381493 -48
    endloop
  endfacet
  facet normal 0 0 -1
    outer loop
      vertex -73.54356480568043 -36.267672597958104 -48
      vertex -71.38403001891434 -9.397885839843713 -48
      vertex -70.61654018903259 -14.046503185161233 -48
    endloop
  endfacet
  facet normal 0 0 -1
    outer loop
      vertex -73.54356480568043 -36.267672597958104 -48
      vertex -71.84584247317945 -4.7090253045703 -48
      vertex -71.38403001891434 -9.397885839843713 -48
    endloop
  endfacet
  facet normal 0 0 -1
    outer loop
      vertex -73.54356480568043 -36.267672597958104 -48
      vertex -72 0 -48
      vertex -71.84584247317945 -4.7090253045703 -48
    endloop
  endfacet
  facet normal 0 0 -1
    outer loop
      vertex -71.01408311032397 -41 -48
      vertex -69.54665949281292 -18.634971247381493 -48
      vertex -68.1789693236476 -23.143641501827634 -48
    endloop
  endfacet
  facet normal -0.9359059267573252 -0.3522500479212346 0
    outer loop
      vertex -75.75812166592551 -31.380041453937363 -48
      vertex -75.75812166592551 -31.380041453937363 -44
      vertex -77.64827061859867 -26.35803615485925 -44
    endloop
  endfacet
  facet normal -0.9108638249211751 -0.41270702980439633 0
    outer loop
      vertex -73.54356480568043 -36.267672597958104 -48
      vertex -73.54356480568043 -36.267672597958104 -44
      vertex -75.75812166592551 -31.380041453937363 -44
    endloop
  endfacet
  facet normal 0 0 1
    outer loop
      vertex -75.75812166592551 -31.380041453937363 -44
      vertex -73.54356480568043 -36.267672597958104 -44
      vertex -75.03860160554241 -27.73748851436786 -44
    endloop
  endfacet
  facet normal -0.9569403357322096 -0.29028467725446 0
    outer loop
      vertex -77.64827061859867 -26.35803615485925 -48
      vertex -77.64827061859867 -26.35803615485925 -44
      vertex -79.2059177557036 -21.2231616984067 -44
    endloop
  endfacet
  facet normal -0.9738769792773333 -0.22707626303437442 0
    outer loop
      vertex -79.2059177557036 -21.2231616984067 -48
      vertex -79.2059177557036 -21.2231616984067 -44
      vertex -80.4243929930649 -15.997406405322517 -44
    endloop
  endfacet
  facet normal -0.9951847266721968 -0.09801714032956185 0
    outer loop
      vertex -81.29847863265245 -10.703147762044228 -48
      vertex -81.29847863265245 -10.703147762044228 -44
      vertex -81.82443170556549 -5.363056596871731 -44
    endloop
  endfacet
  facet normal -0.9866433320848793 -0.16289547339458715 0
    outer loop
      vertex -80.4243929930649 -15.997406405322517 -48
      vertex -80.4243929930649 -15.997406405322517 -44
      vertex -81.29847863265245 -10.703147762044228 -44
    endloop
  endfacet
  facet normal -0.9994645874763657 -0.03271908282177616 0
    outer loop
      vertex -81.82443170556549 -5.363056596871731 -48
      vertex -81.82443170556549 -5.363056596871731 -44
      vertex -82 0 -44
    endloop
  endfacet
  facet normal 0 0 1
    outer loop
      vertex -79.2059177557036 -21.2231616984067 -44
      vertex -77.64827061859867 -26.35803615485925 -44
      vertex -78.71516096990986 -14.28577731455931 -44
    endloop
  endfacet
  facet normal 0 0 1
    outer loop
      vertex -79.2059177557036 -21.2231616984067 -44
      vertex -78.71516096990986 -14.28577731455931 -44
      vertex -78.85407951204341 -13.497931112149542 -44
    endloop
  endfacet
  facet normal 0 0 1
    outer loop
      vertex -81.29847863265245 -10.703147762044228 -44
      vertex -81.82443170556549 5.363056596871731 -44
      vertex -81.82443170556549 -5.363056596871731 -44
    endloop
  endfacet
  facet normal 0 0 1
    outer loop
      vertex -80.4243929930649 -15.997406405322517 -44
      vertex -81.29847863265245 10.703147762044228 -44
      vertex -81.29847863265245 -10.703147762044228 -44
    endloop
  endfacet
  facet normal 0 0 1
    outer loop
      vertex -80.4243929930649 -15.997406405322517 -44
      vertex -80 -0.4 -44
      vertex -80 0.4 -44
    endloop
  endfacet
  facet normal 0 0 1
    outer loop
      vertex -80.4243929930649 -15.997406405322517 -44
      vertex -79.2059177557036 -21.2231616984067 -44
      vertex -80 -0.4 -44
    endloop
  endfacet
  facet normal 0 0 1
    outer loop
      vertex -79.2059177557036 -21.2231616984067 -44
      vertex -78.85407951204341 -13.497931112149542 -44
      vertex -80 -0.4 -44
    endloop
  endfacet
  facet normal 0 0 1
    outer loop
      vertex -75.75812166592551 -31.380041453937363 -44
      vertex -78.71516096990986 -14.28577731455931 -44
      vertex -77.64827061859867 -26.35803615485925 -44
    endloop
  endfacet
  facet normal 0 0 1
    outer loop
      vertex -75.75812166592551 -31.380041453937363 -44
      vertex -75.31221772020295 -26.98573441773913 -44
      vertex -78.71516096990986 -14.28577731455931 -44
    endloop
  endfacet
  facet normal 0 0 1
    outer loop
      vertex -75.75812166592551 -31.380041453937363 -44
      vertex -75.03860160554241 -27.73748851436786 -44
      vertex -75.31221772020295 -26.98573441773913 -44
    endloop
  endfacet
  facet normal 0 0 1
    outer loop
      vertex -78.71516096990986 -14.28577731455931 -44
      vertex -75.31221772020295 -26.98573441773913 -44
      vertex -71.36817934885187 -25.550221847763584 -44
    endloop
  endfacet
  facet normal 0 0 1
    outer loop
      vertex -78.71516096990986 -14.28577731455931 -44
      vertex -71.36817934885187 -25.550221847763584 -44
      vertex -72.80631445183661 -13.243888248557727 -44
    endloop
  endfacet
  facet normal 0 0 1
    outer loop
      vertex -78.85407951204341 -13.497931112149542 -44
      vertex -72.94523299397017 -12.45604204614796 -44
      vertex -80 -0.4 -44
    endloop
  endfacet
  facet normal 0 0 1
    outer loop
      vertex -80 -0.4 -44
      vertex -72.94523299397017 -12.45604204614796 -44
      vertex -74 -0.4 -44
    endloop
  endfacet
  facet normal -0.8819212643483556 -0.47139673682599675 0
    outer loop
      vertex -71.01408311032397 -41 -48
      vertex -71.01408311032397 -41 -44
      vertex -73.54356480568043 -36.267672597958104 -44
    endloop
  endfacet
  facet normal -0.8492021815265783 -0.528067850650369 0
    outer loop
      vertex -68.1805082088087 -45.55675910760738 -48
      vertex -68.1805082088087 -45.55675910760738 -44
      vertex -71.01408311032397 -41 -44
    endloop
  endfacet
  facet normal 0 0 1
    outer loop
      vertex -75.03860160554241 -27.73748851436786 -44
      vertex -73.54356480568043 -36.267672597958104 -44
      vertex -71.01408311032397 -41 -44
    endloop
  endfacet
  facet normal 0 0 1
    outer loop
      vertex -75.03860160554241 -27.73748851436786 -44
      vertex -71.01408311032397 -41 -44
      vertex -69.40044588082695 -25.68536765441385 -44
    endloop
  endfacet
  facet normal 0 0 1
    outer loop
      vertex -71.01408311032397 -41 -44
      vertex -68.1805082088087 -45.55675910760738 -44
      vertex -69.40044588082695 -25.68536765441385 -44
    endloop
  endfacet
  facet normal 0 0 1
    outer loop
      vertex -68.1805082088087 -45.55675910760738 -44
      vertex -68.33395609140177 -38.5 -44
      vertex -69.54665949281292 -18.634971247381493 -44
    endloop
  endfacet
  facet normal 0 0 1
    outer loop
      vertex -68.1805082088087 -45.55675910760738 -44
      vertex -69.54665949281292 -18.634971247381493 -44
      vertex -69.40044588082695 -25.68536765441385 -44
    endloop
  endfacet
  facet normal 0 0 1
    outer loop
      vertex -68.33395609140177 -38.5 -44
      vertex -68.33042331474546 -38.392084836770266 -44
      vertex -69.54665949281292 -18.634971247381493 -44
    endloop
  endfacet
  facet normal 0 0 1
    outer loop
      vertex -68.33042331474546 -38.392084836770266 -44
      vertex -68.31984011266856 -38.28463178283691 -44
      vertex -69.54665949281292 -18.634971247381493 -44
    endloop
  endfacet
  facet normal 0 0 1
    outer loop
      vertex -68.3022518040671 -38.178100968673384 -44
      vertex -68.27773370477874 -38.072948575580845 -44
      vertex -69.54665949281292 -18.634971247381493 -44
    endloop
  endfacet
  facet normal 0 0 1
    outer loop
      vertex -68.31984011266856 -38.28463178283691 -44
      vertex -68.3022518040671 -38.178100968673384 -44
      vertex -69.54665949281292 -18.634971247381493 -44
    endloop
  endfacet
  facet normal 0 0 1
    outer loop
      vertex -68.27773370477874 -38.072948575580845 -44
      vertex -68.2463908050687 -37.96962488224979 -44
      vertex -69.54665949281292 -18.634971247381493 -44
    endloop
  endfacet
  facet normal 0 0 1
    outer loop
      vertex -68.1805082088087 -45.55675910760738 -44
      vertex -68.33042331474546 -38.607915163229734 -44
      vertex -68.33395609140177 -38.5 -44
    endloop
  endfacet
  facet normal 0 0 1
    outer loop
      vertex -68.1805082088087 -45.55675910760738 -44
      vertex -68.2083573200454 -39.1314276634024 -44
      vertex -68.2463908050687 -39.03037511775022 -44
    endloop
  endfacet
  facet normal 0 0 1
    outer loop
      vertex -68.1805082088087 -45.55675910760738 -44
      vertex -68.1637961149307 -39.22977633886135 -44
      vertex -68.2083573200454 -39.1314276634024 -44
    endloop
  endfacet
  facet normal 0 0 1
    outer loop
      vertex -68.1805082088087 -45.55675910760738 -44
      vertex -68.27773370477873 -38.927051424419155 -44
      vertex -68.30225180406711 -38.821899031326616 -44
    endloop
  endfacet
  facet normal 0 0 1
    outer loop
      vertex -68.1805082088087 -45.55675910760738 -44
      vertex -68.30225180406711 -38.821899031326616 -44
      vertex -68.31984011266856 -38.71536821716309 -44
    endloop
  endfacet
  facet normal 0 0 1
    outer loop
      vertex -68.1805082088087 -45.55675910760738 -44
      vertex -68.2463908050687 -39.03037511775022 -44
      vertex -68.27773370477873 -38.927051424419155 -44
    endloop
  endfacet
  facet normal 0 0 1
    outer loop
      vertex -68.1805082088087 -45.55675910760738 -44
      vertex -68.31984011266856 -38.71536821716309 -44
      vertex -68.33042331474546 -38.607915163229734 -44
    endloop
  endfacet
  facet normal 0 0 1
    outer loop
      vertex -68.1805082088087 -45.55675910760738 -44
      vertex -68.1128980076461 -39.325 -44
      vertex -68.1637961149307 -39.22977633886135 -44
    endloop
  endfacet
  facet normal 0 0 1
    outer loop
      vertex -68.1805082088087 -45.55675910760738 -44
      vertex -68.05588095170097 -39.41669088448234 -44
      vertex -68.1128980076461 -39.325 -44
    endloop
  endfacet
  facet normal 0 0 1
    outer loop
      vertex -68.1805082088087 -45.55675910760738 -44
      vertex -67.99298910288232 -39.50445635786439 -44
      vertex -68.05588095170097 -39.41669088448234 -44
    endloop
  endfacet
  facet normal 0 0 1
    outer loop
      vertex -68.1805082088087 -45.55675910760738 -44
      vertex -67.92449177374209 -39.58792059491511 -44
      vertex -67.99298910288232 -39.50445635786439 -44
    endloop
  endfacet
  facet normal 0 0 1
    outer loop
      vertex -68.1805082088087 -45.55675910760738 -44
      vertex -67.85068228035958 -39.6667261889578 -44
      vertex -67.92449177374209 -39.58792059491511 -44
    endloop
  endfacet
  facet normal 0 0 1
    outer loop
      vertex -68.1805082088087 -45.55675910760738 -44
      vertex -67.77187668631689 -39.740535682340315 -44
      vertex -67.85068228035958 -39.6667261889578 -44
    endloop
  endfacet
  facet normal 0 0 1
    outer loop
      vertex -68.1805082088087 -45.55675910760738 -44
      vertex -67.68841244926615 -39.80903301148054 -44
      vertex -67.77187668631689 -39.740535682340315 -44
    endloop
  endfacet
  facet normal 0 0 1
    outer loop
      vertex -68.1805082088087 -45.55675910760738 -44
      vertex -67.60064697588412 -39.8719248602992 -44
      vertex -67.68841244926615 -39.80903301148054 -44
    endloop
  endfacet
  facet normal 0 0 1
    outer loop
      vertex -68.1805082088087 -45.55675910760738 -44
      vertex -67.50895609140179 -39.92894191624433 -44
      vertex -67.60064697588412 -39.8719248602992 -44
    endloop
  endfacet
  facet normal 0 0 1
    outer loop
      vertex -68.1805082088087 -45.55675910760738 -44
      vertex -67.41373243026312 -39.979840023528936 -44
      vertex -67.50895609140179 -39.92894191624433 -44
    endloop
  endfacet
  facet normal 0 0 1
    outer loop
      vertex -68.1805082088087 -45.55675910760738 -44
      vertex -67.31538375480416 -40.024401228643626 -44
      vertex -67.41373243026312 -39.979840023528936 -44
    endloop
  endfacet
  facet normal 0 0 1
    outer loop
      vertex -68.1805082088087 -45.55675910760738 -44
      vertex -67.21433120915198 -40.062434713666924 -44
      vertex -67.31538375480416 -40.024401228643626 -44
    endloop
  endfacet
  facet normal 0 0 1
    outer loop
      vertex -68.1805082088087 -45.55675910760738 -44
      vertex -67.11100751582094 -40.093777613376965 -44
      vertex -67.21433120915198 -40.062434713666924 -44
    endloop
  endfacet
  facet normal 0 0 1
    outer loop
      vertex -68.1805082088087 -45.55675910760738 -44
      vertex -67.00585512272838 -40.11829571266533 -44
      vertex -67.11100751582094 -40.093777613376965 -44
    endloop
  endfacet
  facet normal 0 0 1
    outer loop
      vertex -68.1805082088087 -45.55675910760738 -44
      vertex -66.89932430856484 -40.13588402126678 -44
      vertex -67.00585512272838 -40.11829571266533 -44
    endloop
  endfacet
  facet normal 0 0 1
    outer loop
      vertex -68.1805082088087 -45.55675910760738 -44
      vertex -66.79187125463152 -40.1464672233437 -44
      vertex -66.89932430856484 -40.13588402126678 -44
    endloop
  endfacet
  facet normal 0 0 1
    outer loop
      vertex -68.1805082088087 -45.55675910760738 -44
      vertex -66.68395609140177 -40.15 -44
      vertex -66.79187125463152 -40.1464672233437 -44
    endloop
  endfacet
  facet normal 0 0 1
    outer loop
      vertex -68.1805082088087 -45.55675910760738 -44
      vertex -66.57604092817203 -40.1464672233437 -44
      vertex -66.68395609140177 -40.15 -44
    endloop
  endfacet
  facet normal 0 0 1
    outer loop
      vertex -68.1805082088087 -45.55675910760738 -44
      vertex -66.46858787423868 -40.13588402126678 -44
      vertex -66.57604092817203 -40.1464672233437 -44
    endloop
  endfacet
  facet normal 0 0 1
    outer loop
      vertex -68.1805082088087 -45.55675910760738 -44
      vertex -66.36205706007514 -40.11829571266533 -44
      vertex -66.46858787423868 -40.13588402126678 -44
    endloop
  endfacet
  facet normal 0 0 1
    outer loop
      vertex -68.1805082088087 -45.55675910760738 -44
      vertex -66.2569046669826 -40.093777613376965 -44
      vertex -66.36205706007514 -40.11829571266533 -44
    endloop
  endfacet
  facet normal 0 0 1
    outer loop
      vertex -68.1805082088087 -45.55675910760738 -44
      vertex -66.15358097365154 -40.062434713666924 -44
      vertex -66.2569046669826 -40.093777613376965 -44
    endloop
  endfacet
  facet normal 0 0 1
    outer loop
      vertex -68.1805082088087 -45.55675910760738 -44
      vertex -66.05252842799938 -40.024401228643626 -44
      vertex -66.15358097365154 -40.062434713666924 -44
    endloop
  endfacet
  facet normal 0 0 1
    outer loop
      vertex -68.1805082088087 -45.55675910760738 -44
      vertex -65.95417975254041 -39.979840023528936 -44
      vertex -66.05252842799938 -40.024401228643626 -44
    endloop
  endfacet
  facet normal 0 0 1
    outer loop
      vertex -68.1805082088087 -45.55675910760738 -44
      vertex -65.85895609140177 -39.92894191624433 -44
      vertex -65.95417975254041 -39.979840023528936 -44
    endloop
  endfacet
  facet normal 0 0 1
    outer loop
      vertex -68.1805082088087 -45.55675910760738 -44
      vertex -65.76726520691942 -39.8719248602992 -44
      vertex -65.85895609140177 -39.92894191624433 -44
    endloop
  endfacet
  facet normal 0 0 1
    outer loop
      vertex -68.2463908050687 -37.96962488224979 -44
      vertex -68.2083573200454 -37.8685723365976 -44
      vertex -68.1789693236476 -23.143641501827634 -44
    endloop
  endfacet
  facet normal 0 0 1
    outer loop
      vertex -68.2083573200454 -37.8685723365976 -44
      vertex -68.16379611493072 -37.77022366113865 -44
      vertex -68.1789693236476 -23.143641501827634 -44
    endloop
  endfacet
  facet normal 0 0 1
    outer loop
      vertex -68.16379611493072 -37.77022366113865 -44
      vertex -68.1128980076461 -37.675000000000004 -44
      vertex -66.51932634081264 -27.553207130286463 -44
    endloop
  endfacet
  facet normal 0 0 1
    outer loop
      vertex -68.1128980076461 -37.675000000000004 -44
      vertex -68.05588095170097 -37.58330911551766 -44
      vertex -66.51932634081264 -27.553207130286463 -44
    endloop
  endfacet
  facet normal 0 0 1
    outer loop
      vertex -68.05588095170097 -37.58330911551766 -44
      vertex -67.9929891028823 -37.49554364213561 -44
      vertex -66.51932634081264 -27.553207130286463 -44
    endloop
  endfacet
  facet normal 0 0 1
    outer loop
      vertex -67.9929891028823 -37.49554364213561 -44
      vertex -67.92449177374208 -37.41207940508488 -44
      vertex -66.51932634081264 -27.553207130286463 -44
    endloop
  endfacet
  facet normal 0 0 1
    outer loop
      vertex -67.92449177374208 -37.41207940508488 -44
      vertex -67.85068228035958 -37.3332738110422 -44
      vertex -66.51932634081264 -27.553207130286463 -44
    endloop
  endfacet
  facet normal 0 0 1
    outer loop
      vertex -68.16379611493072 -37.77022366113865 -44
      vertex -66.51932634081264 -27.553207130286463 -44
      vertex -68.1789693236476 -23.143641501827634 -44
    endloop
  endfacet
  facet normal 0 0 1
    outer loop
      vertex -67.85068228035958 -37.3332738110422 -44
      vertex -67.77187668631689 -37.259464317659685 -44
      vertex -66.51932634081264 -27.553207130286463 -44
    endloop
  endfacet
  facet normal 0 0 1
    outer loop
      vertex -67.77187668631689 -37.259464317659685 -44
      vertex -67.68841244926615 -37.19096698851946 -44
      vertex -66.51932634081264 -27.553207130286463 -44
    endloop
  endfacet
  facet normal 0 0 1
    outer loop
      vertex -67.68841244926615 -37.19096698851946 -44
      vertex -67.60064697588412 -37.1280751397008 -44
      vertex -66.51932634081264 -27.553207130286463 -44
    endloop
  endfacet
  facet normal 0 0 1
    outer loop
      vertex -67.60064697588412 -37.1280751397008 -44
      vertex -67.50895609140177 -37.07105808375567 -44
      vertex -66.51932634081264 -27.553207130286463 -44
    endloop
  endfacet
  facet normal 0 0 1
    outer loop
      vertex -67.50895609140177 -37.07105808375567 -44
      vertex -67.41373243026312 -37.020159976471064 -44
      vertex -66.51932634081264 -27.553207130286463 -44
    endloop
  endfacet
  facet normal 0 0 1
    outer loop
      vertex -67.41373243026312 -37.020159976471064 -44
      vertex -67.31538375480416 -36.975598771356374 -44
      vertex -66.51932634081264 -27.553207130286463 -44
    endloop
  endfacet
  facet normal 0 0 1
    outer loop
      vertex -67.31538375480416 -36.975598771356374 -44
      vertex -67.214331209152 -36.937565286333076 -44
      vertex -66.51932634081264 -27.553207130286463 -44
    endloop
  endfacet
  facet normal 0 0 1
    outer loop
      vertex -67.214331209152 -36.937565286333076 -44
      vertex -67.11100751582093 -36.906222386623035 -44
      vertex -66.51932634081264 -27.553207130286463 -44
    endloop
  endfacet
  facet normal 0 0 1
    outer loop
      vertex -67.11100751582093 -36.906222386623035 -44
      vertex -67.00585512272839 -36.88170428733467 -44
      vertex -66.51932634081264 -27.553207130286463 -44
    endloop
  endfacet
  facet normal 0 0 1
    outer loop
      vertex -67.00585512272839 -36.88170428733467 -44
      vertex -66.89932430856487 -36.86411597873322 -44
      vertex -66.51932634081264 -27.553207130286463 -44
    endloop
  endfacet
  facet normal 0 0 1
    outer loop
      vertex -66.89932430856487 -36.86411597873322 -44
      vertex -66.7918712546315 -36.8535327766563 -44
      vertex -66.51932634081264 -27.553207130286463 -44
    endloop
  endfacet
  facet normal 0 0 1
    outer loop
      vertex -66.7918712546315 -36.8535327766563 -44
      vertex -66.68395609140177 -36.85 -44
      vertex -66.51932634081264 -27.553207130286463 -44
    endloop
  endfacet
  facet normal 0 0 1
    outer loop
      vertex -66.68395609140177 -36.85 -44
      vertex -66.57604092817203 -36.8535327766563 -44
      vertex -66.51932634081264 -27.553207130286463 -44
    endloop
  endfacet
  facet normal 0 0 1
    outer loop
      vertex -66.57604092817203 -36.8535327766563 -44
      vertex -66.4685878742387 -36.86411597873322 -44
      vertex -66.51932634081264 -27.553207130286463 -44
    endloop
  endfacet
  facet normal 0 0 1
    outer loop
      vertex -71.36817934885187 -25.550221847763584 -44
      vertex -69.67406199548749 -24.93361355778512 -44
      vertex -71.38403001891434 -9.397885839843713 -44
    endloop
  endfacet
  facet normal 0 0 1
    outer loop
      vertex -71.38403001891434 -9.397885839843713 -44
      vertex -69.67406199548749 -24.93361355778512 -44
      vertex -70.61654018903259 -14.046503185161233 -44
    endloop
  endfacet
  facet normal 0 0 1
    outer loop
      vertex -71.36817934885187 -25.550221847763584 -44
      vertex -72.80631445183661 13.243888248557727 -44
      vertex -72.80631445183661 -13.243888248557727 -44
    endloop
  endfacet
  facet normal 0 0 1
    outer loop
      vertex -72.94523299397017 -12.45604204614796 -44
      vertex -72.94523299397017 12.45604204614796 -44
      vertex -74 -0.4 -44
    endloop
  endfacet
  facet normal 0 0 1
    outer loop
      vertex -72.80631445183661 -13.243888248557727 -44
      vertex -72.94523299397017 12.45604204614796 -44
      vertex -72.94523299397017 -12.45604204614796 -44
    endloop
  endfacet
  facet normal 0 0 1
    outer loop
      vertex -71.36817934885187 -25.550221847763584 -44
      vertex -71.38403001891434 -9.397885839843713 -44
      vertex -71.84584247317945 -4.7090253045703 -44
    endloop
  endfacet
  facet normal 0 0 1
    outer loop
      vertex -71.36817934885187 -25.550221847763584 -44
      vertex -71.84584247317945 -4.7090253045703 -44
      vertex -72 0 -44
    endloop
  endfacet
  facet normal 0 0 1
    outer loop
      vertex -69.40044588082695 -25.68536765441385 -44
      vertex -69.54665949281292 -18.634971247381493 -44
      vertex -69.67406199548749 -24.93361355778512 -44
    endloop
  endfacet
  facet normal 0 0 1
    outer loop
      vertex -68.2463908050687 -37.96962488224979 -44
      vertex -68.1789693236476 -23.143641501827634 -44
      vertex -69.54665949281292 -18.634971247381493 -44
    endloop
  endfacet
  facet normal 0 0 1
    outer loop
      vertex -70.61654018903259 -14.046503185161233 -44
      vertex -69.67406199548749 -24.93361355778512 -44
      vertex -69.54665949281292 -18.634971247381493 -44
    endloop
  endfacet
  facet normal 0 0 -1
    outer loop
      vertex -81.82443170556549 -5.363056596871731 -48
      vertex -82 0 -48
      vertex -81.82443170556549 5.363056596871731 -48
    endloop
  endfacet
  facet normal 0 0 -1
    outer loop
      vertex -81.82443170556549 -5.363056596871731 -48
      vertex -81.82443170556549 5.363056596871731 -48
      vertex -81.29847863265245 10.703147762044228 -48
    endloop
  endfacet
  facet normal 0 0 -1
    outer loop
      vertex -81.29847863265245 -10.703147762044228 -48
      vertex -81.29847863265245 10.703147762044228 -48
      vertex -80.4243929930649 15.997406405322517 -48
    endloop
  endfacet
  facet normal 0 0 -1
    outer loop
      vertex -80.4243929930649 -15.997406405322517 -48
      vertex -80.4243929930649 15.997406405322517 -48
      vertex -79.2059177557036 21.2231616984067 -48
    endloop
  endfacet
  facet normal 0 0 -1
    outer loop
      vertex -79.2059177557036 -21.2231616984067 -48
      vertex -79.2059177557036 21.2231616984067 -48
      vertex -77.64827061859867 26.35803615485925 -48
    endloop
  endfacet
  facet normal 0 0 -1
    outer loop
      vertex -77.64827061859867 -26.35803615485925 -48
      vertex -77.64827061859867 26.35803615485925 -48
      vertex -75.75812166592551 31.380041453937363 -48
    endloop
  endfacet
  facet normal 0 0 -1
    outer loop
      vertex -75.75812166592551 -31.380041453937363 -48
      vertex -75.75812166592551 31.380041453937363 -48
      vertex -73.54356480568043 36.267672597958104 -48
    endloop
  endfacet
  facet normal -0.9994645874763657 0.03271908282177616 -2.355339269224156e-18
    outer loop
      vertex -82 0 -48
      vertex -81.82443170556549 5.363056596871731 -44
      vertex -81.82443170556549 5.363056596871731 -48
    endloop
  endfacet
  facet normal -0.9951847266721968 0.09801714032956185 -5.488976658741515e-18
    outer loop
      vertex -81.82443170556549 5.363056596871731 -48
      vertex -81.29847863265245 10.703147762044228 -44
      vertex -81.29847863265245 10.703147762044228 -48
    endloop
  endfacet
  facet normal -0.9866433320848793 0.16289547339458715 7.590127520527947e-18
    outer loop
      vertex -81.29847863265245 10.703147762044228 -48
      vertex -80.4243929930649 15.997406405322517 -44
      vertex -80.4243929930649 15.997406405322517 -48
    endloop
  endfacet
  facet normal -0.9738769792773333 0.22707626303437442 -5.894541866863903e-18
    outer loop
      vertex -80.4243929930649 15.997406405322517 -48
      vertex -79.2059177557036 21.2231616984067 -44
      vertex -79.2059177557036 21.2231616984067 -48
    endloop
  endfacet
  facet normal -0.9569403357322096 0.29028467725446 1.8692314375375794e-17
    outer loop
      vertex -79.2059177557036 21.2231616984067 -48
      vertex -77.64827061859867 26.35803615485925 -44
      vertex -77.64827061859867 26.35803615485925 -48
    endloop
  endfacet
  facet normal -0.9359059267573252 0.3522500479212346 1.3935649718377965e-17
    outer loop
      vertex -77.64827061859867 26.35803615485925 -48
      vertex -75.75812166592551 31.380041453937363 -44
      vertex -75.75812166592551 31.380041453937363 -48
    endloop
  endfacet
  facet normal -0.9108638249211751 0.41270702980439633 -2.8791162499170644e-17
    outer loop
      vertex -75.75812166592551 31.380041453937363 -48
      vertex -73.54356480568043 36.267672597958104 -44
      vertex -73.54356480568043 36.267672597958104 -48
    endloop
  endfacet
  facet normal 0 0 -1
    outer loop
      vertex -73.54356480568043 -36.267672597958104 -48
      vertex -73.54356480568043 36.267672597958104 -48
      vertex -71.01408311032397 41 -48
    endloop
  endfacet
  facet normal 0 0 -1
    outer loop
      vertex -73.54356480568043 -36.267672597958104 -48
      vertex -71.01408311032397 41 -48
      vertex -72 0 -48
    endloop
  endfacet
  facet normal 0 0 -1
    outer loop
      vertex -72 0 -48
      vertex -71.01408311032397 41 -48
      vertex -71.84584247317945 4.7090253045703 -48
    endloop
  endfacet
  facet normal 0 0 -1
    outer loop
      vertex -71.84584247317945 4.7090253045703 -48
      vertex -71.01408311032397 41 -48
      vertex -71.38403001891434 9.397885839843713 -48
    endloop
  endfacet
  facet normal 0 0 -1
    outer loop
      vertex -71.38403001891434 9.397885839843713 -48
      vertex -71.01408311032397 41 -48
      vertex -70.61654018903259 14.046503185161233 -48
    endloop
  endfacet
  facet normal 0 0 -1
    outer loop
      vertex -70.61654018903259 14.046503185161233 -48
      vertex -71.01408311032397 41 -48
      vertex -69.54665949281292 18.634971247381493 -48
    endloop
  endfacet
  facet normal 0 0 -1
    outer loop
      vertex -69.54665949281292 18.634971247381493 -48
      vertex -71.01408311032397 41 -48
      vertex -68.1805082088087 45.55675910760738 -48
    endloop
  endfacet
  facet normal 0 0 -1
    outer loop
      vertex -69.54665949281292 18.634971247381493 -48
      vertex -68.1805082088087 45.55675910760738 -48
      vertex -68.1789693236476 23.143641501827634 -48
    endloop
  endfacet
  facet normal 0 0 -1
    outer loop
      vertex -68.1789693236476 23.143641501827634 -48
      vertex -68.1805082088087 45.55675910760738 -48
      vertex -66.51932634081264 27.553207130286463 -48
    endloop
  endfacet
  facet normal 0 0 -1
    outer loop
      vertex -66.51932634081264 27.553207130286463 -48
      vertex -68.1805082088087 45.55675910760738 -48
      vertex -65.05497390388129 49.918437178715095 -48
    endloop
  endfacet
  facet normal -0.8819212643483556 0.47139673682599675 -1.8291652225451136e-17
    outer loop
      vertex -73.54356480568043 36.267672597958104 -48
      vertex -71.01408311032397 41 -44
      vertex -71.01408311032397 41 -48
    endloop
  endfacet
  facet normal -0.8492021815265783 0.528067850650369 -3.725932425497529e-17
    outer loop
      vertex -71.01408311032397 41 -48
      vertex -68.1805082088087 45.55675910760738 -44
      vertex -68.1805082088087 45.55675910760738 -48
    endloop
  endfacet
  facet normal -0.9994645874763657 0.03271908282177616 0
    outer loop
      vertex -82 0 -48
      vertex -82 0 -44
      vertex -81.82443170556549 5.363056596871731 -44
    endloop
  endfacet
  facet normal -0.9951847266721968 0.09801714032956185 0
    outer loop
      vertex -81.82443170556549 5.363056596871731 -48
      vertex -81.82443170556549 5.363056596871731 -44
      vertex -81.29847863265245 10.703147762044228 -44
    endloop
  endfacet
  facet normal -0.9866433320848793 0.16289547339458715 0
    outer loop
      vertex -81.29847863265245 10.703147762044228 -48
      vertex -81.29847863265245 10.703147762044228 -44
      vertex -80.4243929930649 15.997406405322517 -44
    endloop
  endfacet
  facet normal -0.9738769792773333 0.22707626303437442 0
    outer loop
      vertex -80.4243929930649 15.997406405322517 -48
      vertex -80.4243929930649 15.997406405322517 -44
      vertex -79.2059177557036 21.2231616984067 -44
    endloop
  endfacet
  facet normal -0.9569403357322096 0.29028467725446 0
    outer loop
      vertex -79.2059177557036 21.2231616984067 -48
      vertex -79.2059177557036 21.2231616984067 -44
      vertex -77.64827061859867 26.35803615485925 -44
    endloop
  endfacet
  facet normal -0.9359059267573252 0.3522500479212346 0
    outer loop
      vertex -77.64827061859867 26.35803615485925 -48
      vertex -77.64827061859867 26.35803615485925 -44
      vertex -75.75812166592551 31.380041453937363 -44
    endloop
  endfacet
  facet normal 0 0 1
    outer loop
      vertex -81.82443170556549 -5.363056596871731 -44
      vertex -81.82443170556549 5.363056596871731 -44
      vertex -82 0 -44
    endloop
  endfacet
  facet normal 0 0 1
    outer loop
      vertex -81.29847863265245 -10.703147762044228 -44
      vertex -81.29847863265245 10.703147762044228 -44
      vertex -81.82443170556549 5.363056596871731 -44
    endloop
  endfacet
  facet normal 0 0 1
    outer loop
      vertex -80.4243929930649 -15.997406405322517 -44
      vertex -80.4243929930649 15.997406405322517 -44
      vertex -81.29847863265245 10.703147762044228 -44
    endloop
  endfacet
  facet normal 0 0 1
    outer loop
      vertex -80.4243929930649 -15.997406405322517 -44
      vertex -80 0.4 -44
      vertex -80.4243929930649 15.997406405322517 -44
    endloop
  endfacet
  facet normal 0 0 1
    outer loop
      vertex -80 0.4 -44
      vertex -79.2059177557036 21.2231616984067 -44
      vertex -80.4243929930649 15.997406405322517 -44
    endloop
  endfacet
  facet normal 0 0 1
    outer loop
      vertex -80 0.4 -44
      vertex -78.85407951204341 13.497931112149542 -44
      vertex -79.2059177557036 21.2231616984067 -44
    endloop
  endfacet
  facet normal 0 0 1
    outer loop
      vertex -78.85407951204341 13.497931112149542 -44
      vertex -78.71516096990986 14.28577731455931 -44
      vertex -79.2059177557036 21.2231616984067 -44
    endloop
  endfacet
  facet normal 0 0 1
    outer loop
      vertex -78.71516096990986 14.28577731455931 -44
      vertex -77.64827061859867 26.35803615485925 -44
      vertex -79.2059177557036 21.2231616984067 -44
    endloop
  endfacet
  facet normal 0 0 1
    outer loop
      vertex -80 0.4 -44
      vertex -74 0.4 -44
      vertex -78.85407951204341 13.497931112149542 -44
    endloop
  endfacet
  facet normal 0 0 1
    outer loop
      vertex -78.85407951204341 13.497931112149542 -44
      vertex -74 0.4 -44
      vertex -72.94523299397017 12.45604204614796 -44
    endloop
  endfacet
  facet normal 0 0 1
    outer loop
      vertex -78.71516096990986 14.28577731455931 -44
      vertex -75.75812166592551 31.380041453937363 -44
      vertex -77.64827061859867 26.35803615485925 -44
    endloop
  endfacet
  facet normal 0 0 1
    outer loop
      vertex -78.71516096990986 14.28577731455931 -44
      vertex -75.31221772020295 26.98573441773913 -44
      vertex -75.75812166592551 31.380041453937363 -44
    endloop
  endfacet
  facet normal 0 0 1
    outer loop
      vertex -78.71516096990986 14.28577731455931 -44
      vertex -72.80631445183661 13.243888248557727 -44
      vertex -75.31221772020295 26.98573441773913 -44
    endloop
  endfacet
  facet normal 0 0 1
    outer loop
      vertex -75.31221772020295 26.98573441773913 -44
      vertex -75.03860160554241 27.73748851436786 -44
      vertex -75.75812166592551 31.380041453937363 -44
    endloop
  endfacet
  facet normal -0.9108638249211751 0.41270702980439633 0
    outer loop
      vertex -75.75812166592551 31.380041453937363 -48
      vertex -75.75812166592551 31.380041453937363 -44
      vertex -73.54356480568043 36.267672597958104 -44
    endloop
  endfacet
  facet normal 0 0 1
    outer loop
      vertex -74 -0.4 -44
      vertex -72.94523299397017 12.45604204614796 -44
      vertex -74 0.4 -44
    endloop
  endfacet
  facet normal 0 0 1
    outer loop
      vertex -72.80631445183661 -13.243888248557727 -44
      vertex -72.80631445183661 13.243888248557727 -44
      vertex -72.94523299397017 12.45604204614796 -44
    endloop
  endfacet
  facet normal 0 0 1
    outer loop
      vertex -71.36817934885187 -25.550221847763584 -44
      vertex -73.21471353086179 26.222305326570286 -44
      vertex -72.80631445183661 13.243888248557727 -44
    endloop
  endfacet
  facet normal 0 0 1
    outer loop
      vertex -72 0 -44
      vertex -71.84584247317945 4.7090253045703 -44
      vertex -73.21471353086179 26.222305326570286 -44
    endloop
  endfacet
  facet normal 0 0 1
    outer loop
      vertex -71.36817934885187 -25.550221847763584 -44
      vertex -72 0 -44
      vertex -73.21471353086179 26.222305326570286 -44
    endloop
  endfacet
  facet normal 0 0 1
    outer loop
      vertex -71.84584247317945 4.7090253045703 -44
      vertex -71.38403001891434 9.397885839843713 -44
      vertex -73.21471353086179 26.222305326570286 -44
    endloop
  endfacet
  facet normal 0 0 1
    outer loop
      vertex -75.31221772020295 26.98573441773913 -44
      vertex -72.80631445183661 13.243888248557727 -44
      vertex -73.21471353086179 26.222305326570286 -44
    endloop
  endfacet
  facet normal 0 0 1
    outer loop
      vertex -75.03860160554241 27.73748851436786 -44
      vertex -69.40044588082695 25.68536765441385 -44
      vertex -75.75812166592551 31.380041453937363 -44
    endloop
  endfacet
  facet normal 0 0 1
    outer loop
      vertex -71.38403001891434 9.397885839843713 -44
      vertex -70.61654018903259 14.046503185161233 -44
      vertex -73.21471353086179 26.222305326570286 -44
    endloop
  endfacet
  facet normal 0 0 1
    outer loop
      vertex -70.61654018903259 14.046503185161233 -44
      vertex -69.54665949281292 18.634971247381493 -44
      vertex -73.21471353086179 26.222305326570286 -44
    endloop
  endfacet
  facet normal 0 0 1
    outer loop
      vertex -73.21471353086179 26.222305326570286 -44
      vertex -68.1789693236476 23.143641501827634 -44
      vertex -69.67406199548749 24.93361355778512 -44
    endloop
  endfacet
  facet normal 0 0 1
    outer loop
      vertex -73.21471353086179 26.222305326570286 -44
      vertex -69.54665949281292 18.634971247381493 -44
      vertex -68.1789693236476 23.143641501827634 -44
    endloop
  endfacet
  facet normal 0 0 1
    outer loop
      vertex -69.67406199548749 24.93361355778512 -44
      vertex -68.1789693236476 23.143641501827634 -44
      vertex -69.40044588082695 25.68536765441385 -44
    endloop
  endfacet
  facet normal -0.8819212643483556 0.47139673682599675 0
    outer loop
      vertex -73.54356480568043 36.267672597958104 -48
      vertex -73.54356480568043 36.267672597958104 -44
      vertex -71.01408311032397 41 -44
    endloop
  endfacet
  facet normal -0.8492021815265783 0.528067850650369 0
    outer loop
      vertex -71.01408311032397 41 -48
      vertex -71.01408311032397 41 -44
      vertex -68.1805082088087 45.55675910760738 -44
    endloop
  endfacet
  facet normal -0.8128466845916169 0.5824776968677998 0
    outer loop
      vertex -68.1805082088087 45.55675910760738 -48
      vertex -68.1805082088087 45.55675910760738 -44
      vertex -65.05497390388129 49.918437178715095 -44
    endloop
  endfacet
  facet normal 0 0 1
    outer loop
      vertex -75.75812166592551 31.380041453937363 -44
      vertex -69.40044588082695 25.68536765441385 -44
      vertex -73.54356480568043 36.267672597958104 -44
    endloop
  endfacet
  facet normal 0 0 1
    outer loop
      vertex -69.40044588082695 25.68536765441385 -44
      vertex -71.01408311032397 41 -44
      vertex -73.54356480568043 36.267672597958104 -44
    endloop
  endfacet
  facet normal 0 0 1
    outer loop
      vertex -69.40044588082695 25.68536765441385 -44
      vertex -68.1789693236476 23.143641501827634 -44
      vertex -71.01408311032397 41 -44
    endloop
  endfacet
  facet normal 0 0 1
    outer loop
      vertex -68.1789693236476 23.143641501827634 -44
      vertex -69.48203230275509 39.653589838486226 -44
      vertex -71.01408311032397 41 -44
    endloop
  endfacet
  facet normal 0 0 1
    outer loop
      vertex -71.01408311032397 41 -44
      vertex -69.48203230275509 39.653589838486226 -44
      vertex -69.08203230275508 40.346410161513774 -44
    endloop
  endfacet
  facet normal 0 0 1
    outer loop
      vertex -71.01408311032397 41 -44
      vertex -69.08203230275508 40.346410161513774 -44
      vertex -68.1805082088087 45.55675910760738 -44
    endloop
  endfacet
  facet normal 0 0 1
    outer loop
      vertex -68.1789693236476 23.143641501827634 -44
      vertex -66.51932634081264 27.553207130286463 -44
      vertex -69.48203230275509 39.653589838486226 -44
    endloop
  endfacet
  facet normal 0 0 1
    outer loop
      vertex -66.51932634081264 27.553207130286463 -44
      vertex -64.57483739035355 31.844785695768095 -44
      vertex -69.48203230275509 39.653589838486226 -44
    endloop
  endfacet
  facet normal 0 0 1
    outer loop
      vertex -69.08203230275508 40.346410161513774 -44
      vertex -63.88587988004845 37.346410161513774 -44
      vertex -68.1805082088087 45.55675910760738 -44
    endloop
  endfacet
  facet normal 0 0 -1
    outer loop
      vertex -68.1805082088087 -45.55675910760738 -48
      vertex -64.57483739035355 -31.844785695768095 -48
      vertex -65.05497390388129 -49.918437178715095 -48
    endloop
  endfacet
  facet normal 0 0 -1
    outer loop
      vertex -68.1805082088087 -45.55675910760738 -48
      vertex -66.51932634081264 -27.553207130286463 -48
      vertex -64.57483739035355 -31.844785695768095 -48
    endloop
  endfacet
  facet normal 0 0 -1
    outer loop
      vertex -65.05497390388129 -49.918437178715095 -48
      vertex -64.57483739035355 -31.844785695768095 -48
      vertex -62.35382907247958 -36 -48
    endloop
  endfacet
  facet normal 0 0 -1
    outer loop
      vertex -65.05497390388129 -49.918437178715095 -48
      vertex -59.865812085783254 -40.00105677741136 -48
      vertex -61.65086421327616 -54.06635683820564 -48
    endloop
  endfacet
  facet normal 0 0 -1
    outer loop
      vertex -61.65086421327616 -54.06635683820564 -48
      vertex -57.12144050096893 -43.830822888627885 -48
      vertex -57.9827560572969 -57.9827560572969 -48
    endloop
  endfacet
  facet normal 0 0 -1
    outer loop
      vertex -61.65086421327616 -54.06635683820564 -48
      vertex -59.865812085783254 -40.00105677741136 -48
      vertex -57.12144050096893 -43.830822888627885 -48
    endloop
  endfacet
  facet normal 0 0 -1
    outer loop
      vertex -65.05497390388129 -49.918437178715095 -48
      vertex -62.35382907247958 -36 -48
      vertex -59.865812085783254 -40.00105677741136 -48
    endloop
  endfacet
  facet normal -0.7730104533627368 -0.6343932841636456 0
    outer loop
      vertex -65.05497390388129 -49.918437178715095 -48
      vertex -61.65086421327616 -54.06635683820564 -48
      vertex -65.05497390388129 -49.918437178715095 -44
    endloop
  endfacet
  facet normal -0.7298640726978363 -0.6835923020228708 0
    outer loop
      vertex -61.65086421327616 -54.06635683820564 -48
      vertex -57.9827560572969 -57.9827560572969 -48
      vertex -61.65086421327616 -54.06635683820564 -44
    endloop
  endfacet
  facet normal 0 0 -1
    outer loop
      vertex -57.9827560572969 -57.9827560572969 -48
      vertex -57.12144050096893 -43.830822888627885 -48
      vertex -54.13246613848638 -47.47289868720496 -48
    endloop
  endfacet
  facet normal 0 0 -1
    outer loop
      vertex -57.9827560572969 -57.9827560572969 -48
      vertex -54.13246613848638 -47.47289868720496 -48
      vertex -50.91168824543143 -50.91168824543143 -48
    endloop
  endfacet
  facet normal -0.8128466845916169 -0.5824776968677998 3.93463196088855e-17
    outer loop
      vertex -68.1805082088087 -45.55675910760738 -44
      vertex -65.05497390388129 -49.918437178715095 -48
      vertex -65.05497390388129 -49.918437178715095 -44
    endloop
  endfacet
  facet normal -0.7730104533627368 -0.6343932841636456 0
    outer loop
      vertex -61.65086421327616 -54.06635683820564 -48
      vertex -61.65086421327616 -54.06635683820564 -44
      vertex -65.05497390388129 -49.918437178715095 -44
    endloop
  endfacet
  facet normal -0.7298640726978363 -0.6835923020228708 0
    outer loop
      vertex -57.9827560572969 -57.9827560572969 -48
      vertex -57.9827560572969 -57.9827560572969 -44
      vertex -61.65086421327616 -54.06635683820564 -44
    endloop
  endfacet
  facet normal 0 0 1
    outer loop
      vertex -68.1805082088087 -45.55675910760738 -44
      vertex -65.05497390388129 -49.918437178715095 -44
      vertex -65.76726520691942 -39.8719248602992 -44
    endloop
  endfacet
  facet normal 0 0 1
    outer loop
      vertex -65.05497390388129 -49.918437178715095 -44
      vertex -61.65086421327616 -54.06635683820564 -44
      vertex -62.35382907247958 -36 -44
    endloop
  endfacet
  facet normal 0 0 1
    outer loop
      vertex -65.05497390388129 -49.918437178715095 -44
      vertex -65.67949973353738 -39.80903301148054 -44
      vertex -65.76726520691942 -39.8719248602992 -44
    endloop
  endfacet
  facet normal 0 0 1
    outer loop
      vertex -65.05497390388129 -49.918437178715095 -44
      vertex -65.59603549648665 -39.740535682340315 -44
      vertex -65.67949973353738 -39.80903301148054 -44
    endloop
  endfacet
  facet normal 0 0 1
    outer loop
      vertex -65.05497390388129 -49.918437178715095 -44
      vertex -65.51722990244396 -39.6667261889578 -44
      vertex -65.59603549648665 -39.740535682340315 -44
    endloop
  endfacet
  facet normal 0 0 1
    outer loop
      vertex -65.05497390388129 -49.918437178715095 -44
      vertex -65.44342040906146 -39.58792059491512 -44
      vertex -65.51722990244396 -39.6667261889578 -44
    endloop
  endfacet
  facet normal 0 0 1
    outer loop
      vertex -65.05497390388129 -49.918437178715095 -44
      vertex -65.37492307992125 -39.50445635786439 -44
      vertex -65.44342040906146 -39.58792059491512 -44
    endloop
  endfacet
  facet normal 0 0 1
    outer loop
      vertex -65.05497390388129 -49.918437178715095 -44
      vertex -65.31203123110257 -39.41669088448234 -44
      vertex -65.37492307992125 -39.50445635786439 -44
    endloop
  endfacet
  facet normal 0 0 1
    outer loop
      vertex -65.05497390388129 -49.918437178715095 -44
      vertex -65.25501417515744 -39.324999999999996 -44
      vertex -65.31203123110257 -39.41669088448234 -44
    endloop
  endfacet
  facet normal 0 0 1
    outer loop
      vertex -65.05497390388129 -49.918437178715095 -44
      vertex -65.20411606787283 -39.22977633886135 -44
      vertex -65.25501417515744 -39.324999999999996 -44
    endloop
  endfacet
  facet normal 0 0 1
    outer loop
      vertex -65.05497390388129 -49.918437178715095 -44
      vertex -65.15955486275814 -39.1314276634024 -44
      vertex -65.20411606787283 -39.22977633886135 -44
    endloop
  endfacet
  facet normal 0 0 1
    outer loop
      vertex -65.05497390388129 -49.918437178715095 -44
      vertex -65.12152137773484 -39.03037511775021 -44
      vertex -65.15955486275814 -39.1314276634024 -44
    endloop
  endfacet
  facet normal 0 0 1
    outer loop
      vertex -65.05497390388129 -49.918437178715095 -44
      vertex -65.09017847802481 -38.927051424419155 -44
      vertex -65.12152137773484 -39.03037511775021 -44
    endloop
  endfacet
  facet normal 0 0 1
    outer loop
      vertex -65.05497390388129 -49.918437178715095 -44
      vertex -65.06566037873644 -38.821899031326616 -44
      vertex -65.09017847802481 -38.927051424419155 -44
    endloop
  endfacet
  facet normal 0 0 1
    outer loop
      vertex -65.05497390388129 -49.918437178715095 -44
      vertex -65.04807207013498 -38.71536821716309 -44
      vertex -65.06566037873644 -38.821899031326616 -44
    endloop
  endfacet
  facet normal 0 0 1
    outer loop
      vertex -65.05497390388129 -49.918437178715095 -44
      vertex -65.03748886805808 -38.607915163229734 -44
      vertex -65.04807207013498 -38.71536821716309 -44
    endloop
  endfacet
  facet normal 0 0 1
    outer loop
      vertex -65.05497390388129 -49.918437178715095 -44
      vertex -65.03395609140178 -38.5 -44
      vertex -65.03748886805808 -38.607915163229734 -44
    endloop
  endfacet
  facet normal 0 0 1
    outer loop
      vertex -65.05497390388129 -49.918437178715095 -44
      vertex -64.57483739035355 -31.844785695768095 -44
      vertex -65.03395609140178 -38.5 -44
    endloop
  endfacet
  facet normal 0 0 1
    outer loop
      vertex -65.03395609140178 -38.5 -44
      vertex -64.57483739035355 -31.844785695768095 -44
      vertex -65.03748886805808 -38.392084836770266 -44
    endloop
  endfacet
  facet normal 0 0 1
    outer loop
      vertex -66.4685878742387 -36.86411597873322 -44
      vertex -66.36205706007516 -36.88170428733467 -44
      vertex -66.51932634081264 -27.553207130286463 -44
    endloop
  endfacet
  facet normal 0 0 1
    outer loop
      vertex -66.51932634081264 -27.553207130286463 -44
      vertex -66.36205706007516 -36.88170428733467 -44
      vertex -66.2569046669826 -36.906222386623035 -44
    endloop
  endfacet
  facet normal 0 0 1
    outer loop
      vertex -66.51932634081264 -27.553207130286463 -44
      vertex -66.2569046669826 -36.906222386623035 -44
      vertex -66.15358097365156 -36.937565286333076 -44
    endloop
  endfacet
  facet normal 0 0 1
    outer loop
      vertex -66.51932634081264 -27.553207130286463 -44
      vertex -66.15358097365156 -36.937565286333076 -44
      vertex -66.05252842799938 -36.975598771356374 -44
    endloop
  endfacet
  facet normal 0 0 1
    outer loop
      vertex -66.51932634081264 -27.553207130286463 -44
      vertex -66.05252842799938 -36.975598771356374 -44
      vertex -65.95417975254041 -37.020159976471064 -44
    endloop
  endfacet
  facet normal 0 0 1
    outer loop
      vertex -66.51932634081264 -27.553207130286463 -44
      vertex -65.95417975254041 -37.020159976471064 -44
      vertex -65.85895609140177 -37.07105808375567 -44
    endloop
  endfacet
  facet normal 0 0 1
    outer loop
      vertex -66.51932634081264 -27.553207130286463 -44
      vertex -65.85895609140177 -37.07105808375567 -44
      vertex -64.57483739035355 -31.844785695768095 -44
    endloop
  endfacet
  facet normal 0 0 1
    outer loop
      vertex -65.85895609140177 -37.07105808375567 -44
      vertex -65.76726520691942 -37.1280751397008 -44
      vertex -64.57483739035355 -31.844785695768095 -44
    endloop
  endfacet
  facet normal 0 0 1
    outer loop
      vertex -65.76726520691942 -37.1280751397008 -44
      vertex -65.67949973353738 -37.19096698851946 -44
      vertex -64.57483739035355 -31.844785695768095 -44
    endloop
  endfacet
  facet normal 0 0 1
    outer loop
      vertex -65.67949973353738 -37.19096698851946 -44
      vertex -65.59603549648665 -37.259464317659685 -44
      vertex -64.57483739035355 -31.844785695768095 -44
    endloop
  endfacet
  facet normal 0 0 1
    outer loop
      vertex -65.59603549648665 -37.259464317659685 -44
      vertex -65.51722990244397 -37.3332738110422 -44
      vertex -64.57483739035355 -31.844785695768095 -44
    endloop
  endfacet
  facet normal 0 0 1
    outer loop
      vertex -65.44342040906146 -37.41207940508489 -44
      vertex -65.37492307992123 -37.49554364213561 -44
      vertex -64.57483739035355 -31.844785695768095 -44
    endloop
  endfacet
  facet normal 0 0 1
    outer loop
      vertex -65.51722990244397 -37.3332738110422 -44
      vertex -65.44342040906146 -37.41207940508489 -44
      vertex -64.57483739035355 -31.844785695768095 -44
    endloop
  endfacet
  facet normal 0 0 1
    outer loop
      vertex -65.37492307992123 -37.49554364213561 -44
      vertex -65.31203123110258 -37.58330911551766 -44
      vertex -64.57483739035355 -31.844785695768095 -44
    endloop
  endfacet
  facet normal 0 0 1
    outer loop
      vertex -65.25501417515744 -37.675 -44
      vertex -64.57483739035355 -31.844785695768095 -44
      vertex -65.31203123110258 -37.58330911551766 -44
    endloop
  endfacet
  facet normal 0 0 1
    outer loop
      vertex -65.25501417515744 -37.675 -44
      vertex -65.20411606787285 -37.77022366113865 -44
      vertex -64.57483739035355 -31.844785695768095 -44
    endloop
  endfacet
  facet normal 0 0 1
    outer loop
      vertex -65.20411606787285 -37.77022366113865 -44
      vertex -65.15955486275816 -37.8685723365976 -44
      vertex -64.57483739035355 -31.844785695768095 -44
    endloop
  endfacet
  facet normal 0 0 1
    outer loop
      vertex -65.15955486275816 -37.8685723365976 -44
      vertex -65.12152137773485 -37.96962488224978 -44
      vertex -64.57483739035355 -31.844785695768095 -44
    endloop
  endfacet
  facet normal 0 0 1
    outer loop
      vertex -65.09017847802482 -38.072948575580845 -44
      vertex -65.06566037873642 -38.178100968673384 -44
      vertex -64.57483739035355 -31.844785695768095 -44
    endloop
  endfacet
  facet normal 0 0 1
    outer loop
      vertex -65.03748886805808 -38.392084836770266 -44
      vertex -64.57483739035355 -31.844785695768095 -44
      vertex -65.04807207013498 -38.28463178283691 -44
    endloop
  endfacet
  facet normal 0 0 1
    outer loop
      vertex -65.06566037873642 -38.178100968673384 -44
      vertex -65.04807207013498 -38.28463178283691 -44
      vertex -64.57483739035355 -31.844785695768095 -44
    endloop
  endfacet
  facet normal 0 0 1
    outer loop
      vertex -65.09017847802482 -38.072948575580845 -44
      vertex -64.57483739035355 -31.844785695768095 -44
      vertex -65.12152137773485 -37.96962488224978 -44
    endloop
  endfacet
  facet normal 0 0 1
    outer loop
      vertex -65.05497390388129 -49.918437178715095 -44
      vertex -62.35382907247958 -36 -44
      vertex -64.57483739035355 -31.844785695768095 -44
    endloop
  endfacet
  facet normal 0 0 1
    outer loop
      vertex -61.65086421327616 -54.06635683820564 -44
      vertex -61.026440405643626 -51.72942655217073 -44
      vertex -61.54067049339285 -51.11659099767555 -44
    endloop
  endfacet
  facet normal 0 0 1
    outer loop
      vertex -61.65086421327616 -54.06635683820564 -44
      vertex -61.54067049339285 -51.11659099767555 -44
      vertex -62.35382907247958 -36 -44
    endloop
  endfacet
  facet normal 0 0 1
    outer loop
      vertex -61.65086421327616 -54.06635683820564 -44
      vertex -57.9827560572969 -57.9827560572969 -44
      vertex -61.026440405643626 -51.72942655217073 -44
    endloop
  endfacet
  facet normal 0 0 1
    outer loop
      vertex -61.54067049339285 -51.11659099767555 -44
      vertex -56.94440383467899 -47.25986533955631 -44
      vertex -59.865812085783254 -40.00105677741136 -44
    endloop
  endfacet
  facet normal 0 0 1
    outer loop
      vertex -61.54067049339285 -51.11659099767555 -44
      vertex -59.865812085783254 -40.00105677741136 -44
      vertex -62.35382907247958 -36 -44
    endloop
  endfacet
  facet normal 0 0 1
    outer loop
      vertex -61.026440405643626 -51.72942655217073 -44
      vertex -57.9827560572969 -57.9827560572969 -44
      vertex -55.176352806405056 -55.176352806405056 -44
    endloop
  endfacet
  facet normal 0 0 1
    outer loop
      vertex -61.026440405643626 -51.72942655217073 -44
      vertex -55.176352806405056 -55.176352806405056 -44
      vertex -56.43017374692976 -47.87270089405149 -44
    endloop
  endfacet
  facet normal 0 0 1
    outer loop
      vertex -59.865812085783254 -40.00105677741136 -44
      vertex -56.94440383467899 -47.25986533955631 -44
      vertex -57.12144050096893 -43.830822888627885 -44
    endloop
  endfacet
  facet normal 0 0 1
    outer loop
      vertex -56.94440383467899 -47.25986533955631 -44
      vertex -56.43017374692976 -47.87270089405149 -44
      vertex -57.12144050096893 -43.830822888627885 -44
    endloop
  endfacet
  facet normal 0 0 1
    outer loop
      vertex -57.12144050096893 -43.830822888627885 -44
      vertex -56.43017374692976 -47.87270089405149 -44
      vertex -55.176352806405056 -55.176352806405056 -44
    endloop
  endfacet
  facet normal 0 0 1
    outer loop
      vertex -57.12144050096893 -43.830822888627885 -44
      vertex -55.176352806405056 -55.176352806405056 -44
      vertex -54.13246613848638 -47.47289868720496 -44
    endloop
  endfacet
  facet normal 0 0 1
    outer loop
      vertex -55.176352806405056 -55.176352806405056 -44
      vertex -50.91168824543143 -50.91168824543143 -44
      vertex -54.13246613848638 -47.47289868720496 -44
    endloop
  endfacet
  facet normal 0 0 -1
    outer loop
      vertex -66.51932634081264 27.553207130286463 -48
      vertex -65.05497390388129 49.918437178715095 -48
      vertex -64.57483739035355 31.844785695768095 -48
    endloop
  endfacet
  facet normal 0 0 -1
    outer loop
      vertex -64.57483739035355 31.844785695768095 -48
      vertex -65.05497390388129 49.918437178715095 -48
      vertex -62.35382907247958 36 -48
    endloop
  endfacet
  facet normal 0 0 -1
    outer loop
      vertex -65.05497390388129 49.918437178715095 -48
      vertex -61.65086421327616 54.06635683820564 -48
      vertex -62.35382907247958 36 -48
    endloop
  endfacet
  facet normal 0 0 -1
    outer loop
      vertex -62.35382907247958 36 -48
      vertex -61.65086421327616 54.06635683820564 -48
      vertex -59.865812085783254 40.00105677741136 -48
    endloop
  endfacet
  facet normal 0 0 -1
    outer loop
      vertex -59.865812085783254 40.00105677741136 -48
      vertex -61.65086421327616 54.06635683820564 -48
      vertex -57.9827560572969 57.9827560572969 -48
    endloop
  endfacet
  facet normal -0.8128466845916169 0.5824776968677998 -3.93463196088855e-17
    outer loop
      vertex -68.1805082088087 45.55675910760738 -48
      vertex -65.05497390388129 49.918437178715095 -44
      vertex -65.05497390388129 49.918437178715095 -48
    endloop
  endfacet
  facet normal -0.7730104533627368 0.6343932841636456 2.8211729396778444e-17
    outer loop
      vertex -65.05497390388129 49.918437178715095 -48
      vertex -61.65086421327616 54.06635683820564 -44
      vertex -61.65086421327616 54.06635683820564 -48
    endloop
  endfacet
  facet normal -0.7298640726978363 0.6835923020228708 -2.664622436840985e-18
    outer loop
      vertex -61.65086421327616 54.06635683820564 -48
      vertex -57.9827560572969 57.9827560572969 -44
      vertex -57.9827560572969 57.9827560572969 -48
    endloop
  endfacet
  facet normal 0 0 -1
    outer loop
      vertex -59.865812085783254 40.00105677741136 -48
      vertex -57.9827560572969 57.9827560572969 -48
      vertex -57.12144050096893 43.830822888627885 -48
    endloop
  endfacet
  facet normal 0 0 -1
    outer loop
      vertex -57.12144050096893 43.830822888627885 -48
      vertex -57.9827560572969 57.9827560572969 -48
      vertex -54.13246613848638 47.47289868720496 -48
    endloop
  endfacet
  facet normal 0 0 -1
    outer loop
      vertex -57.9827560572969 57.9827560572969 -48
      vertex -50.91168824543143 50.91168824543143 -48
      vertex -54.13246613848638 47.47289868720496 -48
    endloop
  endfacet
  facet normal -0.7730104533627368 0.6343932841636456 0
    outer loop
      vertex -65.05497390388129 49.918437178715095 -48
      vertex -65.05497390388129 49.918437178715095 -44
      vertex -61.65086421327616 54.06635683820564 -44
    endloop
  endfacet
  facet normal -0.7298640726978363 0.6835923020228708 0
    outer loop
      vertex -61.65086421327616 54.06635683820564 -48
      vertex -61.65086421327616 54.06635683820564 -44
      vertex -57.9827560572969 57.9827560572969 -44
    endloop
  endfacet
  facet normal 0 0 1
    outer loop
      vertex -69.48203230275509 39.653589838486226 -44
      vertex -64.57483739035355 31.844785695768095 -44
      vertex -64.28587988004845 36.653589838486226 -44
    endloop
  endfacet
  facet normal 0 0 1
    outer loop
      vertex -64.57483739035355 31.844785695768095 -44
      vertex -62.35382907247958 36 -44
      vertex -64.28587988004845 36.653589838486226 -44
    endloop
  endfacet
  facet normal 0 0 1
    outer loop
      vertex -63.88587988004845 37.346410161513774 -44
      vertex -62.35382907247958 36 -44
      vertex -65.05497390388129 49.918437178715095 -44
    endloop
  endfacet
  facet normal 0 0 1
    outer loop
      vertex -64.28587988004845 36.653589838486226 -44
      vertex -62.35382907247958 36 -44
      vertex -63.88587988004845 37.346410161513774 -44
    endloop
  endfacet
  facet normal 0 0 1
    outer loop
      vertex -68.1805082088087 45.55675910760738 -44
      vertex -63.88587988004845 37.346410161513774 -44
      vertex -65.05497390388129 49.918437178715095 -44
    endloop
  endfacet
  facet normal 0 0 1
    outer loop
      vertex -65.05497390388129 49.918437178715095 -44
      vertex -61.026440405643626 51.72942655217073 -44
      vertex -61.65086421327616 54.06635683820564 -44
    endloop
  endfacet
  facet normal 0 0 1
    outer loop
      vertex -65.05497390388129 49.918437178715095 -44
      vertex -62.35382907247958 36 -44
      vertex -59.865812085783254 40.00105677741136 -44
    endloop
  endfacet
  facet normal 0 0 1
    outer loop
      vertex -65.05497390388129 49.918437178715095 -44
      vertex -59.865812085783254 40.00105677741136 -44
      vertex -61.54067049339285 51.11659099767555 -44
    endloop
  endfacet
  facet normal 0 0 1
    outer loop
      vertex -65.05497390388129 49.918437178715095 -44
      vertex -61.54067049339285 51.11659099767555 -44
      vertex -61.026440405643626 51.72942655217073 -44
    endloop
  endfacet
  facet normal 0 0 1
    outer loop
      vertex -59.865812085783254 40.00105677741136 -44
      vertex -57.12144050096893 43.830822888627885 -44
      vertex -61.54067049339285 51.11659099767555 -44
    endloop
  endfacet
  facet normal 0 0 1
    outer loop
      vertex -61.65086421327616 54.06635683820564 -44
      vertex -61.026440405643626 51.72942655217073 -44
      vertex -56.43017374692976 47.87270089405149 -44
    endloop
  endfacet
  facet normal 0 0 1
    outer loop
      vertex -61.65086421327616 54.06635683820564 -44
      vertex -56.43017374692976 47.87270089405149 -44
      vertex -57.9827560572969 57.9827560572969 -44
    endloop
  endfacet
  facet normal 0 0 1
    outer loop
      vertex -61.54067049339285 51.11659099767555 -44
      vertex -57.12144050096893 43.830822888627885 -44
      vertex -56.94440383467899 47.25986533955631 -44
    endloop
  endfacet
  facet normal 0 0 1
    outer loop
      vertex -57.12144050096893 43.830822888627885 -44
      vertex -54.13246613848638 47.47289868720496 -44
      vertex -56.94440383467899 47.25986533955631 -44
    endloop
  endfacet
  facet normal 0 0 1
    outer loop
      vertex -56.94440383467899 47.25986533955631 -44
      vertex -54.13246613848638 47.47289868720496 -44
      vertex -56.43017374692976 47.87270089405149 -44
    endloop
  endfacet
  facet normal 0 0 1
    outer loop
      vertex -57.9827560572969 57.9827560572969 -44
      vertex -56.43017374692976 47.87270089405149 -44
      vertex -54.13246613848638 47.47289868720496 -44
    endloop
  endfacet
  facet normal 0 0 1
    outer loop
      vertex -57.9827560572969 57.9827560572969 -44
      vertex -54.13246613848638 47.47289868720496 -44
      vertex -50.91168824543143 50.91168824543143 -44
    endloop
  endfacet
  facet normal 0.9866433320848792 0.16289547339458807 0
    outer loop
      vertex -71.38403001891434 -9.397885839843713 -48
      vertex -71.38403001891434 -9.397885839843713 -44
      vertex -70.61654018903259 -14.046503185161233 -48
    endloop
  endfacet
  facet normal 0.9951847266721968 0.09801714032956006 1.0723126681244469e-17
    outer loop
      vertex -71.38403001891434 -9.397885839843713 -48
      vertex -71.84584247317945 -4.7090253045703 -48
      vertex -71.84584247317945 -4.7090253045703 -44
    endloop
  endfacet
  facet normal 0.9994645874763656 0.0327190828217777 1.873617648854447e-18
    outer loop
      vertex -71.84584247317945 -4.7090253045703 -48
      vertex -72 0 -48
      vertex -72 0 -44
    endloop
  endfacet
  facet normal 0.973876979277334 0.22707626303437203 0
    outer loop
      vertex -70.61654018903259 -14.046503185161233 -48
      vertex -70.61654018903259 -14.046503185161233 -44
      vertex -69.54665949281292 -18.634971247381493 -48
    endloop
  endfacet
  facet normal 0.9569403357322085 0.2902846772544633 0
    outer loop
      vertex -69.54665949281292 -18.634971247381493 -48
      vertex -69.54665949281292 -18.634971247381493 -44
      vertex -68.1789693236476 -23.143641501827634 -48
    endloop
  endfacet
  facet normal 0.9359059267573252 0.3522500479212346 0
    outer loop
      vertex -68.1789693236476 -23.143641501827634 -48
      vertex -68.1789693236476 -23.143641501827634 -44
      vertex -66.51932634081264 -27.553207130286463 -48
    endloop
  endfacet
  facet normal 0.9951847266721968 0.09801714032956006 0
    outer loop
      vertex -71.38403001891434 -9.397885839843713 -48
      vertex -71.84584247317945 -4.7090253045703 -44
      vertex -71.38403001891434 -9.397885839843713 -44
    endloop
  endfacet
  facet normal 0.9866433320848792 0.16289547339458807 0
    outer loop
      vertex -70.61654018903259 -14.046503185161233 -48
      vertex -71.38403001891434 -9.397885839843713 -44
      vertex -70.61654018903259 -14.046503185161233 -44
    endloop
  endfacet
  facet normal 0.9994645874763656 0.0327190828217777 0
    outer loop
      vertex -71.84584247317945 -4.7090253045703 -48
      vertex -72 0 -44
      vertex -71.84584247317945 -4.7090253045703 -44
    endloop
  endfacet
  facet normal 0.973876979277334 0.22707626303437203 0
    outer loop
      vertex -69.54665949281292 -18.634971247381493 -48
      vertex -70.61654018903259 -14.046503185161233 -44
      vertex -69.54665949281292 -18.634971247381493 -44
    endloop
  endfacet
  facet normal 0.9569403357322085 0.2902846772544633 0
    outer loop
      vertex -68.1789693236476 -23.143641501827634 -48
      vertex -69.54665949281292 -18.634971247381493 -44
      vertex -68.1789693236476 -23.143641501827634 -44
    endloop
  endfacet
  facet normal 0.9359059267573252 0.3522500479212346 0
    outer loop
      vertex -66.51932634081264 -27.553207130286463 -48
      vertex -68.1789693236476 -23.143641501827634 -44
      vertex -66.51932634081264 -27.553207130286463 -44
    endloop
  endfacet
  facet normal 0.9994645874763656 -0.0327190828217777 -1.873617648854447e-18
    outer loop
      vertex -72 0 -48
      vertex -71.84584247317945 4.7090253045703 -48
      vertex -71.84584247317945 4.7090253045703 -44
    endloop
  endfacet
  facet normal 0.9951847266721968 -0.09801714032956006 -1.0723126681244469e-17
    outer loop
      vertex -71.84584247317945 4.7090253045703 -48
      vertex -71.38403001891434 9.397885839843713 -48
      vertex -71.38403001891434 9.397885839843713 -44
    endloop
  endfacet
  facet normal 0.9866433320848792 -0.16289547339458807 4.652109329439282e-18
    outer loop
      vertex -71.38403001891434 9.397885839843713 -48
      vertex -70.61654018903259 14.046503185161233 -48
      vertex -70.61654018903259 14.046503185161233 -44
    endloop
  endfacet
  facet normal 0.973876979277334 -0.22707626303437203 1.512039231713123e-18
    outer loop
      vertex -70.61654018903259 14.046503185161233 -48
      vertex -69.54665949281292 18.634971247381493 -48
      vertex -69.54665949281292 18.634971247381493 -44
    endloop
  endfacet
  facet normal 0.9569403357322085 -0.2902846772544633 -8.138005182779247e-18
    outer loop
      vertex -69.54665949281292 18.634971247381493 -48
      vertex -68.1789693236476 23.143641501827634 -48
      vertex -68.1789693236476 23.143641501827634 -44
    endloop
  endfacet
  facet normal 0.9359059267573252 -0.3522500479212346 -2.0242111443374132e-17
    outer loop
      vertex -68.1789693236476 23.143641501827634 -48
      vertex -66.51932634081264 27.553207130286463 -48
      vertex -66.51932634081264 27.553207130286463 -44
    endloop
  endfacet
  facet normal 0.9994645874763656 -0.0327190828217777 0
    outer loop
      vertex -72 0 -48
      vertex -71.84584247317945 4.7090253045703 -44
      vertex -72 0 -44
    endloop
  endfacet
  facet normal 0.9951847266721968 -0.09801714032956006 0
    outer loop
      vertex -71.84584247317945 4.7090253045703 -48
      vertex -71.38403001891434 9.397885839843713 -44
      vertex -71.84584247317945 4.7090253045703 -44
    endloop
  endfacet
  facet normal 0.9866433320848792 -0.16289547339458807 0
    outer loop
      vertex -71.38403001891434 9.397885839843713 -48
      vertex -70.61654018903259 14.046503185161233 -44
      vertex -71.38403001891434 9.397885839843713 -44
    endloop
  endfacet
  facet normal 0.973876979277334 -0.22707626303437203 0
    outer loop
      vertex -70.61654018903259 14.046503185161233 -48
      vertex -69.54665949281292 18.634971247381493 -44
      vertex -70.61654018903259 14.046503185161233 -44
    endloop
  endfacet
  facet normal 0.9569403357322085 -0.2902846772544633 0
    outer loop
      vertex -69.54665949281292 18.634971247381493 -48
      vertex -68.1789693236476 23.143641501827634 -44
      vertex -69.54665949281292 18.634971247381493 -44
    endloop
  endfacet
  facet normal 0.9359059267573252 -0.3522500479212346 0
    outer loop
      vertex -68.1789693236476 23.143641501827634 -48
      vertex -66.51932634081264 27.553207130286463 -44
      vertex -68.1789693236476 23.143641501827634 -44
    endloop
  endfacet
  facet normal 0.8819212643483549 0.4713967368259976 0
    outer loop
      vertex -64.57483739035355 -31.844785695768095 -48
      vertex -64.57483739035355 -31.844785695768095 -44
      vertex -62.35382907247958 -36 -48
    endloop
  endfacet
  facet normal 0.8492021815265789 0.5280678506503679 0
    outer loop
      vertex -62.35382907247958 -36 -48
      vertex -62.35382907247958 -36 -44
      vertex -59.865812085783254 -40.00105677741136 -48
    endloop
  endfacet
  facet normal 0.8128466845916156 0.5824776968678018 0
    outer loop
      vertex -59.865812085783254 -40.00105677741136 -48
      vertex -59.865812085783254 -40.00105677741136 -44
      vertex -57.12144050096893 -43.830822888627885 -48
    endloop
  endfacet
  facet normal 0.9108638249211759 0.4127070298043945 0
    outer loop
      vertex -66.51932634081264 -27.553207130286463 -48
      vertex -66.51932634081264 -27.553207130286463 -44
      vertex -64.57483739035355 -31.844785695768095 -48
    endloop
  endfacet
  facet normal 0.773010453362738 0.6343932841636443 0
    outer loop
      vertex -57.12144050096893 -43.830822888627885 -48
      vertex -57.12144050096893 -43.830822888627885 -44
      vertex -54.13246613848638 -47.47289868720496 -48
    endloop
  endfacet
  facet normal 0.7298640726978362 0.6835923020228708 0
    outer loop
      vertex -54.13246613848638 -47.47289868720496 -48
      vertex -54.13246613848638 -47.47289868720496 -44
      vertex -50.91168824543143 -50.91168824543143 -48
    endloop
  endfacet
  facet normal 0.9108638249211759 0.4127070298043945 -4.6416915059394267e-17
    outer loop
      vertex -66.51932634081264 -27.553207130286463 -44
      vertex -64.57483739035355 -31.844785695768095 -44
      vertex -64.57483739035355 -31.844785695768095 -48
    endloop
  endfacet
  facet normal 0.8819212643483549 0.4713967368259976 0
    outer loop
      vertex -62.35382907247958 -36 -48
      vertex -64.57483739035355 -31.844785695768095 -44
      vertex -62.35382907247958 -36 -44
    endloop
  endfacet
  facet normal 0.8492021815265789 0.5280678506503679 0
    outer loop
      vertex -59.865812085783254 -40.00105677741136 -48
      vertex -62.35382907247958 -36 -44
      vertex -59.865812085783254 -40.00105677741136 -44
    endloop
  endfacet
  facet normal 0.773010453362738 0.6343932841636443 0
    outer loop
      vertex -54.13246613848638 -47.47289868720496 -48
      vertex -57.12144050096893 -43.830822888627885 -44
      vertex -54.13246613848638 -47.47289868720496 -44
    endloop
  endfacet
  facet normal 0.8128466845916156 0.5824776968678018 0
    outer loop
      vertex -57.12144050096893 -43.830822888627885 -48
      vertex -59.865812085783254 -40.00105677741136 -44
      vertex -57.12144050096893 -43.830822888627885 -44
    endloop
  endfacet
  facet normal 0.7298640726978362 0.6835923020228708 0
    outer loop
      vertex -50.91168824543143 -50.91168824543143 -48
      vertex -54.13246613848638 -47.47289868720496 -44
      vertex -50.91168824543143 -50.91168824543143 -44
    endloop
  endfacet
  facet normal 0.9108638249211759 -0.4127070298043945 4.6416915059394267e-17
    outer loop
      vertex -66.51932634081264 27.553207130286463 -48
      vertex -64.57483739035355 31.844785695768095 -48
      vertex -64.57483739035355 31.844785695768095 -44
    endloop
  endfacet
  facet normal 0.8819212643483549 -0.4713967368259976 -1.531699480829305e-17
    outer loop
      vertex -64.57483739035355 31.844785695768095 -48
      vertex -62.35382907247958 36 -48
      vertex -62.35382907247958 36 -44
    endloop
  endfacet
  facet normal 0.8492021815265789 -0.5280678506503679 -2.0016129743218303e-18
    outer loop
      vertex -62.35382907247958 36 -48
      vertex -59.865812085783254 40.00105677741136 -48
      vertex -59.865812085783254 40.00105677741136 -44
    endloop
  endfacet
  facet normal 0.8128466845916156 -0.5824776968678018 2.5381701290020896e-17
    outer loop
      vertex -59.865812085783254 40.00105677741136 -48
      vertex -57.12144050096893 43.830822888627885 -48
      vertex -57.12144050096893 43.830822888627885 -44
    endloop
  endfacet
  facet normal 0.773010453362738 -0.6343932841636443 -3.633654977187803e-17
    outer loop
      vertex -57.12144050096893 43.830822888627885 -48
      vertex -54.13246613848638 47.47289868720496 -48
      vertex -54.13246613848638 47.47289868720496 -44
    endloop
  endfacet
  facet normal 0.7298640726978362 -0.6835923020228708 -4.5989431419575506e-17
    outer loop
      vertex -54.13246613848638 47.47289868720496 -48
      vertex -50.91168824543143 50.91168824543143 -48
      vertex -50.91168824543143 50.91168824543143 -44
    endloop
  endfacet
  facet normal 0.9108638249211759 -0.4127070298043945 0
    outer loop
      vertex -66.51932634081264 27.553207130286463 -48
      vertex -64.57483739035355 31.844785695768095 -44
      vertex -66.51932634081264 27.553207130286463 -44
    endloop
  endfacet
  facet normal 0.8819212643483549 -0.4713967368259976 0
    outer loop
      vertex -64.57483739035355 31.844785695768095 -48
      vertex -62.35382907247958 36 -44
      vertex -64.57483739035355 31.844785695768095 -44
    endloop
  endfacet
  facet normal 0.8492021815265789 -0.5280678506503679 0
    outer loop
      vertex -62.35382907247958 36 -48
      vertex -59.865812085783254 40.00105677741136 -44
      vertex -62.35382907247958 36 -44
    endloop
  endfacet
  facet normal 0.8128466845916156 -0.5824776968678018 0
    outer loop
      vertex -59.865812085783254 40.00105677741136 -48
      vertex -57.12144050096893 43.830822888627885 -44
      vertex -59.865812085783254 40.00105677741136 -44
    endloop
  endfacet
  facet normal 0.773010453362738 -0.6343932841636443 0
    outer loop
      vertex -57.12144050096893 43.830822888627885 -48
      vertex -54.13246613848638 47.47289868720496 -44
      vertex -57.12144050096893 43.830822888627885 -44
    endloop
  endfacet
  facet normal 0.7298640726978362 -0.6835923020228708 0
    outer loop
      vertex -54.13246613848638 47.47289868720496 -48
      vertex -50.91168824543143 50.91168824543143 -44
      vertex -54.13246613848638 47.47289868720496 -44
    endloop
  endfacet
  facet normal 0.7660444431189788 -0.6427876096865386 -3.932941562186326e-17
    outer loop
      vertex -61.54067049339285 51.11659099767555 -44.5
      vertex -61.026440405643626 51.72942655217073 -44.5
      vertex -61.026440405643626 51.72942655217073 -44
    endloop
  endfacet
  facet normal 0.7660444431189788 -0.6427876096865386 0
    outer loop
      vertex -61.54067049339285 51.11659099767555 -44.5
      vertex -61.026440405643626 51.72942655217073 -44
      vertex -61.54067049339285 51.11659099767555 -44
    endloop
  endfacet
  facet normal 0 0 1
    outer loop
      vertex -61.54067049339285 51.11659099767555 -44.5
      vertex -56.94440383467899 47.25986533955631 -44.5
      vertex -61.026440405643626 51.72942655217073 -44.5
    endloop
  endfacet
  facet normal 0.6427876096865398 0.7660444431189777 0
    outer loop
      vertex -61.54067049339285 51.11659099767555 -44.5
      vertex -61.54067049339285 51.11659099767555 -44
      vertex -56.94440383467899 47.25986533955631 -44.5
    endloop
  endfacet
  facet normal -0.6427876096865398 -0.7660444431189777 0
    outer loop
      vertex -61.026440405643626 51.72942655217073 -44.5
      vertex -56.43017374692976 47.87270089405149 -44
      vertex -61.026440405643626 51.72942655217073 -44
    endloop
  endfacet
  facet normal 0 0 1
    outer loop
      vertex -61.026440405643626 51.72942655217073 -44.5
      vertex -56.94440383467899 47.25986533955631 -44.5
      vertex -56.43017374692976 47.87270089405149 -44.5
    endloop
  endfacet
  facet normal -0.6427876096865398 -0.7660444431189777 -2.5065246822544037e-16
    outer loop
      vertex -61.026440405643626 51.72942655217073 -44.5
      vertex -56.43017374692976 47.87270089405149 -44.5
      vertex -56.43017374692976 47.87270089405149 -44
    endloop
  endfacet
  facet normal -0.7660444431189788 0.6427876096865386 0
    outer loop
      vertex -56.94440383467899 47.25986533955631 -44.5
      vertex -56.94440383467899 47.25986533955631 -44
      vertex -56.43017374692976 47.87270089405149 -44.5
    endloop
  endfacet
  facet normal 0.6427876096865398 0.7660444431189777 -2.5065246822544037e-16
    outer loop
      vertex -61.54067049339285 51.11659099767555 -44
      vertex -56.94440383467899 47.25986533955631 -44
      vertex -56.94440383467899 47.25986533955631 -44.5
    endloop
  endfacet
  facet normal -0.7660444431189788 0.6427876096865386 -3.932941562186326e-17
    outer loop
      vertex -56.94440383467899 47.25986533955631 -44
      vertex -56.43017374692976 47.87270089405149 -44
      vertex -56.43017374692976 47.87270089405149 -44.5
    endloop
  endfacet
  facet normal 0.8660254037844344 -0.5000000000000073 -3.54159648800995e-17
    outer loop
      vertex -69.48203230275509 39.653589838486226 -44.5
      vertex -69.08203230275508 40.346410161513774 -44.5
      vertex -69.08203230275508 40.346410161513774 -44
    endloop
  endfacet
  facet normal 0.8660254037844344 -0.5000000000000073 0
    outer loop
      vertex -69.48203230275509 39.653589838486226 -44.5
      vertex -69.08203230275508 40.346410161513774 -44
      vertex -69.48203230275509 39.653589838486226 -44
    endloop
  endfacet
  facet normal 0 0 1
    outer loop
      vertex -69.48203230275509 39.653589838486226 -44.5
      vertex -64.28587988004845 36.653589838486226 -44.5
      vertex -69.08203230275508 40.346410161513774 -44.5
    endloop
  endfacet
  facet normal 0.5 0.8660254037844387 0
    outer loop
      vertex -69.48203230275509 39.653589838486226 -44.5
      vertex -69.48203230275509 39.653589838486226 -44
      vertex -64.28587988004845 36.653589838486226 -44.5
    endloop
  endfacet
  facet normal -0.5 -0.8660254037844387 0
    outer loop
      vertex -69.08203230275508 40.346410161513774 -44.5
      vertex -63.88587988004845 37.346410161513774 -44
      vertex -69.08203230275508 40.346410161513774 -44
    endloop
  endfacet
  facet normal 0 0 1
    outer loop
      vertex -69.08203230275508 40.346410161513774 -44.5
      vertex -64.28587988004845 36.653589838486226 -44.5
      vertex -63.88587988004845 37.346410161513774 -44.5
    endloop
  endfacet
  facet normal -0.5 -0.8660254037844387 0
    outer loop
      vertex -69.08203230275508 40.346410161513774 -44.5
      vertex -63.88587988004845 37.346410161513774 -44.5
      vertex -63.88587988004845 37.346410161513774 -44
    endloop
  endfacet
  facet normal 0.5 0.8660254037844387 0
    outer loop
      vertex -69.48203230275509 39.653589838486226 -44
      vertex -64.28587988004845 36.653589838486226 -44
      vertex -64.28587988004845 36.653589838486226 -44.5
    endloop
  endfacet
  facet normal -0.8660254037844344 0.5000000000000073 0
    outer loop
      vertex -64.28587988004845 36.653589838486226 -44.5
      vertex -64.28587988004845 36.653589838486226 -44
      vertex -63.88587988004845 37.346410161513774 -44.5
    endloop
  endfacet
  facet normal -0.8660254037844344 0.5000000000000073 0
    outer loop
      vertex -63.88587988004845 37.346410161513774 -44.5
      vertex -64.28587988004845 36.653589838486226 -44
      vertex -63.88587988004845 37.346410161513774 -44
    endloop
  endfacet
  facet normal 0.9396926207859063 -0.3420201433256742 -2.232328205770974e-17
    outer loop
      vertex -75.31221772020295 26.98573441773913 -44.5
      vertex -75.03860160554241 27.73748851436786 -44.5
      vertex -75.03860160554241 27.73748851436786 -44
    endloop
  endfacet
  facet normal 0.9396926207859063 -0.3420201433256742 0
    outer loop
      vertex -75.31221772020295 26.98573441773913 -44.5
      vertex -75.03860160554241 27.73748851436786 -44
      vertex -75.31221772020295 26.98573441773913 -44
    endloop
  endfacet
  facet normal 0.3420201433256689 0.9396926207859083 0
    outer loop
      vertex -75.31221772020295 26.98573441773913 -44.5
      vertex -75.31221772020295 26.98573441773913 -44
      vertex -73.21471353086179 26.222305326570286 -44
    endloop
  endfacet
  facet normal 0 0 1
    outer loop
      vertex -75.31221772020295 26.98573441773913 -44.5
      vertex -69.67406199548749 24.93361355778512 -44.5
      vertex -75.03860160554241 27.73748851436786 -44.5
    endloop
  endfacet
  facet normal 0.34202014332566816 0.9396926207859085 3.3198398030083336e-15
    outer loop
      vertex -75.31221772020295 26.98573441773913 -44.5
      vertex -73.21471353086179 26.222305326570286 -44
      vertex -69.67406199548749 24.93361355778512 -44.5
    endloop
  endfacet
  facet normal -0.34202014332566816 -0.9396926207859085 0
    outer loop
      vertex -75.03860160554241 27.73748851436786 -44.5
      vertex -69.40044588082695 25.68536765441385 -44
      vertex -75.03860160554241 27.73748851436786 -44
    endloop
  endfacet
  facet normal 0 0 1
    outer loop
      vertex -75.03860160554241 27.73748851436786 -44.5
      vertex -69.67406199548749 24.93361355778512 -44.5
      vertex -69.40044588082695 25.68536765441385 -44.5
    endloop
  endfacet
  facet normal -0.34202014332566816 -0.9396926207859085 1.103129502487508e-16
    outer loop
      vertex -75.03860160554241 27.73748851436786 -44.5
      vertex -69.40044588082695 25.68536765441385 -44.5
      vertex -69.40044588082695 25.68536765441385 -44
    endloop
  endfacet
  facet normal 0.3420201433256678 0.9396926207859088 1.6750714932629433e-16
    outer loop
      vertex -73.21471353086179 26.222305326570286 -44
      vertex -69.67406199548749 24.93361355778512 -44
      vertex -69.67406199548749 24.93361355778512 -44.5
    endloop
  endfacet
  facet normal -0.9396926207859063 0.3420201433256742 0
    outer loop
      vertex -69.67406199548749 24.93361355778512 -44.5
      vertex -69.67406199548749 24.93361355778512 -44
      vertex -69.40044588082695 25.68536765441385 -44.5
    endloop
  endfacet
  facet normal -0.9396926207859063 0.3420201433256742 0
    outer loop
      vertex -69.40044588082695 25.68536765441385 -44.5
      vertex -69.67406199548749 24.93361355778512 -44
      vertex -69.40044588082695 25.68536765441385 -44
    endloop
  endfacet
  facet normal 0.9848077530122064 -0.17364817766694027 -1.6003608296882005e-17
    outer loop
      vertex -78.85407951204341 13.497931112149542 -44.5
      vertex -78.71516096990986 14.28577731455931 -44.5
      vertex -78.71516096990986 14.28577731455931 -44
    endloop
  endfacet
  facet normal 0.9848077530122064 -0.17364817766694027 0
    outer loop
      vertex -78.85407951204341 13.497931112149542 -44.5
      vertex -78.71516096990986 14.28577731455931 -44
      vertex -78.85407951204341 13.497931112149542 -44
    endloop
  endfacet
  facet normal 0 0 1
    outer loop
      vertex -78.85407951204341 13.497931112149542 -44.5
      vertex -72.94523299397017 12.45604204614796 -44.5
      vertex -78.71516096990986 14.28577731455931 -44.5
    endloop
  endfacet
  facet normal 0.17364817766693041 0.984807753012208 0
    outer loop
      vertex -78.85407951204341 13.497931112149542 -44.5
      vertex -78.85407951204341 13.497931112149542 -44
      vertex -72.94523299397017 12.45604204614796 -44.5
    endloop
  endfacet
  facet normal -0.17364817766693041 -0.984807753012208 0
    outer loop
      vertex -78.71516096990986 14.28577731455931 -44.5
      vertex -72.80631445183661 13.243888248557727 -44.5
      vertex -78.71516096990986 14.28577731455931 -44
    endloop
  endfacet
  facet normal 0 0 1
    outer loop
      vertex -78.71516096990986 14.28577731455931 -44.5
      vertex -72.94523299397017 12.45604204614796 -44.5
      vertex -72.80631445183661 13.243888248557727 -44.5
    endloop
  endfacet
  facet normal 0.17364817766693041 0.984807753012208 1.1923881665126932e-16
    outer loop
      vertex -78.85407951204341 13.497931112149542 -44
      vertex -72.94523299397017 12.45604204614796 -44
      vertex -72.94523299397017 12.45604204614796 -44.5
    endloop
  endfacet
  facet normal -0.17364817766693041 -0.984807753012208 1.1923881665126932e-16
    outer loop
      vertex -78.71516096990986 14.28577731455931 -44
      vertex -72.80631445183661 13.243888248557727 -44.5
      vertex -72.80631445183661 13.243888248557727 -44
    endloop
  endfacet
  facet normal -0.9848077530122064 0.17364817766694027 0
    outer loop
      vertex -72.94523299397017 12.45604204614796 -44.5
      vertex -72.94523299397017 12.45604204614796 -44
      vertex -72.80631445183661 13.243888248557727 -44.5
    endloop
  endfacet
  facet normal -0.9848077530122064 0.17364817766694027 0
    outer loop
      vertex -72.80631445183661 13.243888248557727 -44.5
      vertex -72.94523299397017 12.45604204614796 -44
      vertex -72.80631445183661 13.243888248557727 -44
    endloop
  endfacet
  facet normal 1 0 0
    outer loop
      vertex -80 -0.4 -44.5
      vertex -80 0.4 -44
      vertex -80 -0.4 -44
    endloop
  endfacet
  facet normal 0 1 0
    outer loop
      vertex -80 -0.4 -44.5
      vertex -80 -0.4 -44
      vertex -74 -0.4 -44.5
    endloop
  endfacet
  facet normal 0 0 1
    outer loop
      vertex -80 -0.4 -44.5
      vertex -74 -0.4 -44.5
      vertex -74 0.4 -44.5
    endloop
  endfacet
  facet normal 0 1 0
    outer loop
      vertex -80 -0.4 -44
      vertex -74 -0.4 -44
      vertex -74 -0.4 -44.5
    endloop
  endfacet
  facet normal -1 0 0
    outer loop
      vertex -74 -0.4 -44.5
      vertex -74 -0.4 -44
      vertex -74 0.4 -44.5
    endloop
  endfacet
  facet normal 1 0 0
    outer loop
      vertex -80 -0.4 -44.5
      vertex -80 0.4 -44.5
      vertex -80 0.4 -44
    endloop
  endfacet
  facet normal 0 0 1
    outer loop
      vertex -80 -0.4 -44.5
      vertex -74 0.4 -44.5
      vertex -80 0.4 -44.5
    endloop
  endfacet
  facet normal 0 -1 0
    outer loop
      vertex -80 0.4 -44.5
      vertex -74 0.4 -44.5
      vertex -80 0.4 -44
    endloop
  endfacet
  facet normal 0 -1 0
    outer loop
      vertex -80 0.4 -44
      vertex -74 0.4 -44.5
      vertex -74 0.4 -44
    endloop
  endfacet
  facet normal -1 0 0
    outer loop
      vertex -74 -0.4 -44
      vertex -74 0.4 -44
      vertex -74 0.4 -44.5
    endloop
  endfacet
  facet normal 0.9848077530122064 0.17364817766694027 0
    outer loop
      vertex -78.85407951204341 -13.497931112149542 -44.5
      vertex -78.85407951204341 -13.497931112149542 -44
      vertex -78.71516096990986 -14.28577731455931 -44.5
    endloop
  endfacet
  facet normal 0.9848077530122064 0.17364817766694027 0
    outer loop
      vertex -78.71516096990986 -14.28577731455931 -44.5
      vertex -78.85407951204341 -13.497931112149542 -44
      vertex -78.71516096990986 -14.28577731455931 -44
    endloop
  endfacet
  facet normal 0 0 1
    outer loop
      vertex -78.85407951204341 -13.497931112149542 -44.5
      vertex -78.71516096990986 -14.28577731455931 -44.5
      vertex -72.94523299397017 -12.45604204614796 -44.5
    endloop
  endfacet
  facet normal -0.17364817766693041 0.984807753012208 0
    outer loop
      vertex -78.71516096990986 -14.28577731455931 -44.5
      vertex -78.71516096990986 -14.28577731455931 -44
      vertex -72.80631445183661 -13.243888248557727 -44.5
    endloop
  endfacet
  facet normal 0.17364817766693041 -0.984807753012208 0
    outer loop
      vertex -78.85407951204341 -13.497931112149542 -44.5
      vertex -72.94523299397017 -12.45604204614796 -44
      vertex -78.85407951204341 -13.497931112149542 -44
    endloop
  endfacet
  facet normal 0 0 1
    outer loop
      vertex -78.71516096990986 -14.28577731455931 -44.5
      vertex -72.80631445183661 -13.243888248557727 -44.5
      vertex -72.94523299397017 -12.45604204614796 -44.5
    endloop
  endfacet
  facet normal 0.17364817766693041 -0.984807753012208 -1.1923881665126932e-16
    outer loop
      vertex -78.85407951204341 -13.497931112149542 -44.5
      vertex -72.94523299397017 -12.45604204614796 -44.5
      vertex -72.94523299397017 -12.45604204614796 -44
    endloop
  endfacet
  facet normal -0.17364817766693041 0.984807753012208 -1.1923881665126932e-16
    outer loop
      vertex -78.71516096990986 -14.28577731455931 -44
      vertex -72.80631445183661 -13.243888248557727 -44
      vertex -72.80631445183661 -13.243888248557727 -44.5
    endloop
  endfacet
  facet normal -0.9848077530122064 -0.17364817766694027 0
    outer loop
      vertex -72.80631445183661 -13.243888248557727 -44.5
      vertex -72.80631445183661 -13.243888248557727 -44
      vertex -72.94523299397017 -12.45604204614796 -44.5
    endloop
  endfacet
  facet normal -0.9848077530122064 -0.17364817766694027 0
    outer loop
      vertex -72.94523299397017 -12.45604204614796 -44.5
      vertex -72.80631445183661 -13.243888248557727 -44
      vertex -72.94523299397017 -12.45604204614796 -44
    endloop
  endfacet
  facet normal 0.9396926207859063 0.3420201433256742 0
    outer loop
      vertex -75.31221772020295 -26.98573441773913 -44.5
      vertex -75.31221772020295 -26.98573441773913 -44
      vertex -75.03860160554241 -27.73748851436786 -44.5
    endloop
  endfacet
  facet normal 0.9396926207859063 0.3420201433256742 0
    outer loop
      vertex -75.03860160554241 -27.73748851436786 -44.5
      vertex -75.31221772020295 -26.98573441773913 -44
      vertex -75.03860160554241 -27.73748851436786 -44
    endloop
  endfacet
  facet normal 0 0 1
    outer loop
      vertex -75.31221772020295 -26.98573441773913 -44.5
      vertex -75.03860160554241 -27.73748851436786 -44.5
      vertex -69.67406199548749 -24.93361355778512 -44.5
    endloop
  endfacet
  facet normal -0.34202014332566816 0.9396926207859085 0
    outer loop
      vertex -75.03860160554241 -27.73748851436786 -44.5
      vertex -75.03860160554241 -27.73748851436786 -44
      vertex -69.40044588082695 -25.68536765441385 -44.5
    endloop
  endfacet
  facet normal 0.3420201433256691 -0.9396926207859083 0
    outer loop
      vertex -75.31221772020295 -26.98573441773913 -44.5
      vertex -71.36817934885187 -25.550221847763584 -44
      vertex -75.31221772020295 -26.98573441773913 -44
    endloop
  endfacet
  facet normal 0 0 1
    outer loop
      vertex -75.03860160554241 -27.73748851436786 -44.5
      vertex -69.40044588082695 -25.68536765441385 -44.5
      vertex -69.67406199548749 -24.93361355778512 -44.5
    endloop
  endfacet
  facet normal 0.34202014332566816 -0.9396926207859085 7.867101225526449e-15
    outer loop
      vertex -75.31221772020295 -26.98573441773913 -44.5
      vertex -69.67406199548749 -24.93361355778512 -44.5
      vertex -71.36817934885187 -25.550221847763584 -44
    endloop
  endfacet
  facet normal -0.34202014332566816 0.9396926207859085 -1.103129502487508e-16
    outer loop
      vertex -75.03860160554241 -27.73748851436786 -44
      vertex -69.40044588082695 -25.68536765441385 -44
      vertex -69.40044588082695 -25.68536765441385 -44.5
    endloop
  endfacet
  facet normal -0.9396926207859063 -0.3420201433256742 0
    outer loop
      vertex -69.40044588082695 -25.68536765441385 -44.5
      vertex -69.40044588082695 -25.68536765441385 -44
      vertex -69.67406199548749 -24.93361355778512 -44.5
    endloop
  endfacet
  facet normal 0.34202014332566616 -0.9396926207859093 1.8617304755688594e-17
    outer loop
      vertex -71.36817934885187 -25.550221847763584 -44
      vertex -69.67406199548749 -24.93361355778512 -44.5
      vertex -69.67406199548749 -24.93361355778512 -44
    endloop
  endfacet
  facet normal -0.9396926207859063 -0.3420201433256742 0
    outer loop
      vertex -69.67406199548749 -24.93361355778512 -44.5
      vertex -69.40044588082695 -25.68536765441385 -44
      vertex -69.67406199548749 -24.93361355778512 -44
    endloop
  endfacet
  facet normal 0.7660444431189788 0.6427876096865386 0
    outer loop
      vertex -61.54067049339285 -51.11659099767555 -44.5
      vertex -61.54067049339285 -51.11659099767555 -44
      vertex -61.026440405643626 -51.72942655217073 -44.5
    endloop
  endfacet
  facet normal 0.7660444431189788 0.6427876096865386 0
    outer loop
      vertex -61.026440405643626 -51.72942655217073 -44.5
      vertex -61.54067049339285 -51.11659099767555 -44
      vertex -61.026440405643626 -51.72942655217073 -44
    endloop
  endfacet
  facet normal 0 0 1
    outer loop
      vertex -61.54067049339285 -51.11659099767555 -44.5
      vertex -61.026440405643626 -51.72942655217073 -44.5
      vertex -56.94440383467899 -47.25986533955631 -44.5
    endloop
  endfacet
  facet normal -0.6427876096865398 0.7660444431189777 0
    outer loop
      vertex -61.026440405643626 -51.72942655217073 -44.5
      vertex -61.026440405643626 -51.72942655217073 -44
      vertex -56.43017374692976 -47.87270089405149 -44.5
    endloop
  endfacet
  facet normal 0.6427876096865398 -0.7660444431189777 0
    outer loop
      vertex -61.54067049339285 -51.11659099767555 -44.5
      vertex -56.94440383467899 -47.25986533955631 -44
      vertex -61.54067049339285 -51.11659099767555 -44
    endloop
  endfacet
  facet normal 0 0 1
    outer loop
      vertex -61.026440405643626 -51.72942655217073 -44.5
      vertex -56.43017374692976 -47.87270089405149 -44.5
      vertex -56.94440383467899 -47.25986533955631 -44.5
    endloop
  endfacet
  facet normal 0.6427876096865398 -0.7660444431189777 2.5065246822544037e-16
    outer loop
      vertex -61.54067049339285 -51.11659099767555 -44.5
      vertex -56.94440383467899 -47.25986533955631 -44.5
      vertex -56.94440383467899 -47.25986533955631 -44
    endloop
  endfacet
  facet normal -0.6427876096865398 0.7660444431189777 2.5065246822544037e-16
    outer loop
      vertex -61.026440405643626 -51.72942655217073 -44
      vertex -56.43017374692976 -47.87270089405149 -44
      vertex -56.43017374692976 -47.87270089405149 -44.5
    endloop
  endfacet
  facet normal -0.7660444431189788 -0.6427876096865386 0
    outer loop
      vertex -56.94440383467899 -47.25986533955631 -44.5
      vertex -56.43017374692976 -47.87270089405149 -44
      vertex -56.94440383467899 -47.25986533955631 -44
    endloop
  endfacet
  facet normal -0.7660444431189788 -0.6427876096865386 3.932941562186326e-17
    outer loop
      vertex -56.94440383467899 -47.25986533955631 -44.5
      vertex -56.43017374692976 -47.87270089405149 -44.5
      vertex -56.43017374692976 -47.87270089405149 -44
    endloop
  endfacet
  facet normal 0 0 1
    outer loop
      vertex -68.30225180406711 -38.821899031326616 -46.8
      vertex -68.3022518040671 -38.178100968673384 -46.8
      vertex -68.31984011266856 -38.71536821716309 -46.8
    endloop
  endfacet
  facet normal 0 0 1
    outer loop
      vertex -68.31984011266856 -38.71536821716309 -46.8
      vertex -68.31984011266856 -38.28463178283691 -46.8
      vertex -68.33042331474546 -38.607915163229734 -46.8
    endloop
  endfacet
  facet normal 0 0 1
    outer loop
      vertex -68.27773370477873 -38.927051424419155 -46.8
      vertex -68.27773370477874 -38.072948575580845 -46.8
      vertex -68.30225180406711 -38.821899031326616 -46.8
    endloop
  endfacet
  facet normal 0 0 1
    outer loop
      vertex -68.33042331474546 -38.607915163229734 -46.8
      vertex -68.33042331474546 -38.392084836770266 -46.8
      vertex -68.33395609140177 -38.5 -46.8
    endloop
  endfacet
  facet normal 0 0 1
    outer loop
      vertex -68.33042331474546 -38.607915163229734 -46.8
      vertex -68.31984011266856 -38.28463178283691 -46.8
      vertex -68.33042331474546 -38.392084836770266 -46.8
    endloop
  endfacet
  facet normal 0 0 1
    outer loop
      vertex -68.31984011266856 -38.71536821716309 -46.8
      vertex -68.3022518040671 -38.178100968673384 -46.8
      vertex -68.31984011266856 -38.28463178283691 -46.8
    endloop
  endfacet
  facet normal 0 0 1
    outer loop
      vertex -68.30225180406711 -38.821899031326616 -46.8
      vertex -68.27773370477874 -38.072948575580845 -46.8
      vertex -68.3022518040671 -38.178100968673384 -46.8
    endloop
  endfacet
  facet normal 0 0 1
    outer loop
      vertex -68.2463908050687 -39.03037511775022 -46.8
      vertex -68.2463908050687 -37.96962488224979 -46.8
      vertex -68.27773370477873 -38.927051424419155 -46.8
    endloop
  endfacet
  facet normal 0 0 1
    outer loop
      vertex -68.2463908050687 -39.03037511775022 -46.8
      vertex -68.2083573200454 -39.1314276634024 -46.8
      vertex -68.2083573200454 -37.8685723365976 -46.8
    endloop
  endfacet
  facet normal 0 0 1
    outer loop
      vertex -68.1637961149307 -39.22977633886135 -46.8
      vertex -68.16379611493072 -37.77022366113865 -46.8
      vertex -68.2083573200454 -39.1314276634024 -46.8
    endloop
  endfacet
  facet normal 0 0 1
    outer loop
      vertex -68.27773370477873 -38.927051424419155 -46.8
      vertex -68.2463908050687 -37.96962488224979 -46.8
      vertex -68.27773370477874 -38.072948575580845 -46.8
    endloop
  endfacet
  facet normal 0 0 1
    outer loop
      vertex -68.2463908050687 -39.03037511775022 -46.8
      vertex -68.2083573200454 -37.8685723365976 -46.8
      vertex -68.2463908050687 -37.96962488224979 -46.8
    endloop
  endfacet
  facet normal 0 0 1
    outer loop
      vertex -68.2083573200454 -39.1314276634024 -46.8
      vertex -68.16379611493072 -37.77022366113865 -46.8
      vertex -68.2083573200454 -37.8685723365976 -46.8
    endloop
  endfacet
  facet normal 0 0 1
    outer loop
      vertex -68.1637961149307 -39.22977633886135 -46.8
      vertex -68.1128980076461 -39.325 -46.8
      vertex -68.1128980076461 -37.675000000000004 -46.8
    endloop
  endfacet
  facet normal 0 0 1
    outer loop
      vertex -68.05588095170097 -39.41669088448234 -46.8
      vertex -68.05588095170097 -37.58330911551766 -46.8
      vertex -68.1128980076461 -39.325 -46.8
    endloop
  endfacet
  facet normal 0 0 1
    outer loop
      vertex -68.1637961149307 -39.22977633886135 -46.8
      vertex -68.1128980076461 -37.675000000000004 -46.8
      vertex -68.16379611493072 -37.77022366113865 -46.8
    endloop
  endfacet
  facet normal 0 0 1
    outer loop
      vertex -68.1128980076461 -39.325 -46.8
      vertex -68.05588095170097 -37.58330911551766 -46.8
      vertex -68.1128980076461 -37.675000000000004 -46.8
    endloop
  endfacet
  facet normal 0 0 1
    outer loop
      vertex -68.05588095170097 -39.41669088448234 -46.8
      vertex -67.9929891028823 -37.49554364213561 -46.8
      vertex -68.05588095170097 -37.58330911551766 -46.8
    endloop
  endfacet
  facet normal 0 0 1
    outer loop
      vertex -68.05588095170097 -39.41669088448234 -46.8
      vertex -67.99298910288232 -39.50445635786439 -46.8
      vertex -67.9929891028823 -37.49554364213561 -46.8
    endloop
  endfacet
  facet normal 0 0 1
    outer loop
      vertex -67.99298910288232 -39.50445635786439 -46.8
      vertex -67.92449177374209 -39.58792059491511 -46.8
      vertex -67.92449177374208 -37.41207940508488 -46.8
    endloop
  endfacet
  facet normal 0 0 1
    outer loop
      vertex -67.99298910288232 -39.50445635786439 -46.8
      vertex -67.92449177374208 -37.41207940508488 -46.8
      vertex -67.9929891028823 -37.49554364213561 -46.8
    endloop
  endfacet
  facet normal 0 0 1
    outer loop
      vertex -67.92449177374209 -39.58792059491511 -46.8
      vertex -67.85068228035958 -39.6667261889578 -46.8
      vertex -67.85068228035958 -37.3332738110422 -46.8
    endloop
  endfacet
  facet normal 0 0 1
    outer loop
      vertex -67.85068228035958 -39.6667261889578 -46.8
      vertex -67.77187668631689 -39.740535682340315 -46.8
      vertex -67.77187668631689 -37.259464317659685 -46.8
    endloop
  endfacet
  facet normal 0 0 1
    outer loop
      vertex -67.92449177374209 -39.58792059491511 -46.8
      vertex -67.85068228035958 -37.3332738110422 -46.8
      vertex -67.92449177374208 -37.41207940508488 -46.8
    endloop
  endfacet
  facet normal 0 0 1
    outer loop
      vertex -67.85068228035958 -39.6667261889578 -46.8
      vertex -67.77187668631689 -37.259464317659685 -46.8
      vertex -67.85068228035958 -37.3332738110422 -46.8
    endloop
  endfacet
  facet normal 0 0 1
    outer loop
      vertex -67.77187668631689 -39.740535682340315 -46.8
      vertex -67.68841244926615 -39.80903301148054 -46.8
      vertex -67.68841244926615 -37.19096698851946 -46.8
    endloop
  endfacet
  facet normal 0 0 1
    outer loop
      vertex -67.77187668631689 -39.740535682340315 -46.8
      vertex -67.68841244926615 -37.19096698851946 -46.8
      vertex -67.77187668631689 -37.259464317659685 -46.8
    endloop
  endfacet
  facet normal 0 0 1
    outer loop
      vertex -67.60064697588412 -39.8719248602992 -46.8
      vertex -67.50895609140179 -39.92894191624433 -46.8
      vertex -67.50895609140177 -37.07105808375567 -46.8
    endloop
  endfacet
  facet normal 0 0 1
    outer loop
      vertex -67.50895609140179 -39.92894191624433 -46.8
      vertex -67.41373243026312 -39.979840023528936 -46.8
      vertex -67.41373243026312 -37.020159976471064 -46.8
    endloop
  endfacet
  facet normal 0 0 1
    outer loop
      vertex -67.60064697588412 -39.8719248602992 -46.8
      vertex -67.60064697588412 -37.1280751397008 -46.8
      vertex -67.68841244926615 -39.80903301148054 -46.8
    endloop
  endfacet
  facet normal 0 0 1
    outer loop
      vertex -67.68841244926615 -39.80903301148054 -46.8
      vertex -67.60064697588412 -37.1280751397008 -46.8
      vertex -67.68841244926615 -37.19096698851946 -46.8
    endloop
  endfacet
  facet normal 0 0 1
    outer loop
      vertex -67.60064697588412 -39.8719248602992 -46.8
      vertex -67.50895609140177 -37.07105808375567 -46.8
      vertex -67.60064697588412 -37.1280751397008 -46.8
    endloop
  endfacet
  facet normal 0 0 1
    outer loop
      vertex -67.50895609140179 -39.92894191624433 -46.8
      vertex -67.41373243026312 -37.020159976471064 -46.8
      vertex -67.50895609140177 -37.07105808375567 -46.8
    endloop
  endfacet
  facet normal 0 0 1
    outer loop
      vertex -67.41373243026312 -39.979840023528936 -46.8
      vertex -67.31538375480416 -40.024401228643626 -46.8
      vertex -67.31538375480416 -36.975598771356374 -46.8
    endloop
  endfacet
  facet normal 0 0 1
    outer loop
      vertex -67.31538375480416 -40.024401228643626 -46.8
      vertex -67.21433120915198 -40.062434713666924 -46.8
      vertex -67.214331209152 -36.937565286333076 -46.8
    endloop
  endfacet
  facet normal 0 0 1
    outer loop
      vertex -67.21433120915198 -40.062434713666924 -46.8
      vertex -67.11100751582094 -40.093777613376965 -46.8
      vertex -67.11100751582093 -36.906222386623035 -46.8
    endloop
  endfacet
  facet normal 0 0 1
    outer loop
      vertex -67.11100751582094 -40.093777613376965 -46.8
      vertex -67.00585512272838 -40.11829571266533 -46.8
      vertex -67.00585512272839 -36.88170428733467 -46.8
    endloop
  endfacet
  facet normal 0 0 1
    outer loop
      vertex -67.41373243026312 -39.979840023528936 -46.8
      vertex -67.31538375480416 -36.975598771356374 -46.8
      vertex -67.41373243026312 -37.020159976471064 -46.8
    endloop
  endfacet
  facet normal 0 0 1
    outer loop
      vertex -67.31538375480416 -40.024401228643626 -46.8
      vertex -67.214331209152 -36.937565286333076 -46.8
      vertex -67.31538375480416 -36.975598771356374 -46.8
    endloop
  endfacet
  facet normal 0 0 1
    outer loop
      vertex -67.21433120915198 -40.062434713666924 -46.8
      vertex -67.11100751582093 -36.906222386623035 -46.8
      vertex -67.214331209152 -36.937565286333076 -46.8
    endloop
  endfacet
  facet normal 0 0 1
    outer loop
      vertex -67.11100751582094 -40.093777613376965 -46.8
      vertex -67.00585512272839 -36.88170428733467 -46.8
      vertex -67.11100751582093 -36.906222386623035 -46.8
    endloop
  endfacet
  facet normal 0 0 1
    outer loop
      vertex -67.00585512272838 -40.11829571266533 -46.8
      vertex -66.89932430856487 -36.86411597873322 -46.8
      vertex -67.00585512272839 -36.88170428733467 -46.8
    endloop
  endfacet
  facet normal 0 0 1
    outer loop
      vertex -67.00585512272838 -40.11829571266533 -46.8
      vertex -66.89932430856484 -40.13588402126678 -46.8
      vertex -66.89932430856487 -36.86411597873322 -46.8
    endloop
  endfacet
  facet normal 0 0 1
    outer loop
      vertex -66.89932430856484 -40.13588402126678 -46.8
      vertex -66.79187125463152 -40.1464672233437 -46.8
      vertex -66.7918712546315 -36.8535327766563 -46.8
    endloop
  endfacet
  facet normal 0 0 1
    outer loop
      vertex -66.79187125463152 -40.1464672233437 -46.8
      vertex -66.68395609140177 -40.15 -46.8
      vertex -66.68395609140177 -36.85 -46.8
    endloop
  endfacet
  facet normal 0 0 1
    outer loop
      vertex -66.68395609140177 -40.15 -46.8
      vertex -66.57604092817203 -40.1464672233437 -46.8
      vertex -66.57604092817203 -36.8535327766563 -46.8
    endloop
  endfacet
  facet normal 0 0 1
    outer loop
      vertex -66.57604092817203 -40.1464672233437 -46.8
      vertex -66.46858787423868 -40.13588402126678 -46.8
      vertex -66.4685878742387 -36.86411597873322 -46.8
    endloop
  endfacet
  facet normal 0 0 1
    outer loop
      vertex -66.89932430856484 -40.13588402126678 -46.8
      vertex -66.7918712546315 -36.8535327766563 -46.8
      vertex -66.89932430856487 -36.86411597873322 -46.8
    endloop
  endfacet
  facet normal 0 0 1
    outer loop
      vertex -66.79187125463152 -40.1464672233437 -46.8
      vertex -66.68395609140177 -36.85 -46.8
      vertex -66.7918712546315 -36.8535327766563 -46.8
    endloop
  endfacet
  facet normal 0 0 1
    outer loop
      vertex -66.68395609140177 -40.15 -46.8
      vertex -66.57604092817203 -36.8535327766563 -46.8
      vertex -66.68395609140177 -36.85 -46.8
    endloop
  endfacet
  facet normal 0 0 1
    outer loop
      vertex -66.57604092817203 -40.1464672233437 -46.8
      vertex -66.4685878742387 -36.86411597873322 -46.8
      vertex -66.57604092817203 -36.8535327766563 -46.8
    endloop
  endfacet
  facet normal 0.5280678506504146 0.8492021815265498 0
    outer loop
      vertex -67.60064697588412 -39.8719248602992 -46.8
      vertex -67.60064697588412 -39.8719248602992 -44
      vertex -67.50895609140179 -39.92894191624433 -46.8
    endloop
  endfacet
  facet normal 0.4713967368259314 0.8819212643483904 0
    outer loop
      vertex -67.50895609140179 -39.92894191624433 -46.8
      vertex -67.50895609140179 -39.92894191624433 -44
      vertex -67.41373243026312 -39.979840023528936 -46.8
    endloop
  endfacet
  facet normal 0.9569403357322452 0.2902846772543427 2.231087652757471e-19
    outer loop
      vertex -68.2463908050687 -39.03037511775022 -46.8
      vertex -68.27773370477873 -38.927051424419155 -46.8
      vertex -68.27773370477873 -38.927051424419155 -44
    endloop
  endfacet
  facet normal 0.9359059267573114 0.3522500479212716 0
    outer loop
      vertex -68.2463908050687 -39.03037511775022 -46.8
      vertex -68.2463908050687 -39.03037511775022 -44
      vertex -68.2083573200454 -39.1314276634024 -46.8
    endloop
  endfacet
  facet normal 0.9108638249211632 0.41270702980442237 1.1310913542444139e-18
    outer loop
      vertex -68.1637961149307 -39.22977633886135 -46.8
      vertex -68.2083573200454 -39.1314276634024 -46.8
      vertex -68.2083573200454 -39.1314276634024 -44
    endloop
  endfacet
  facet normal 0.9866433320848946 0.16289547339449434 -6.070425794981364e-20
    outer loop
      vertex -68.30225180406711 -38.821899031326616 -46.8
      vertex -68.31984011266856 -38.71536821716309 -46.8
      vertex -68.31984011266856 -38.71536821716309 -44
    endloop
  endfacet
  facet normal 0.9738769792772916 0.2270762630345539 1.9500331592057582e-19
    outer loop
      vertex -68.27773370477873 -38.927051424419155 -46.8
      vertex -68.30225180406711 -38.821899031326616 -46.8
      vertex -68.30225180406711 -38.821899031326616 -44
    endloop
  endfacet
  facet normal 0.9951847266722039 0.09801714032948941 1.519625357691912e-19
    outer loop
      vertex -68.31984011266856 -38.71536821716309 -46.8
      vertex -68.33042331474546 -38.607915163229734 -46.8
      vertex -68.33042331474546 -38.607915163229734 -44
    endloop
  endfacet
  facet normal 0.9994645874763626 0.03271908282186954 -7.550727643345251e-20
    outer loop
      vertex -68.33042331474546 -38.607915163229734 -46.8
      vertex -68.33395609140177 -38.5 -46.8
      vertex -68.33395609140177 -38.5 -44
    endloop
  endfacet
  facet normal 0.9994645874763626 -0.03271908282186954 7.550727643345251e-20
    outer loop
      vertex -68.33395609140177 -38.5 -46.8
      vertex -68.33042331474546 -38.392084836770266 -46.8
      vertex -68.33042331474546 -38.392084836770266 -44
    endloop
  endfacet
  facet normal 0.9951847266722039 -0.09801714032948941 -1.519625357691912e-19
    outer loop
      vertex -68.33042331474546 -38.392084836770266 -46.8
      vertex -68.31984011266856 -38.28463178283691 -46.8
      vertex -68.31984011266856 -38.28463178283691 -44
    endloop
  endfacet
  facet normal 0.9866433320848734 -0.16289547339462243 -2.237283248859788e-19
    outer loop
      vertex -68.31984011266856 -38.28463178283691 -46.8
      vertex -68.3022518040671 -38.178100968673384 -46.8
      vertex -68.3022518040671 -38.178100968673384 -44
    endloop
  endfacet
  facet normal 0.9738769792773496 -0.22707626303430423 -5.783470928383765e-19
    outer loop
      vertex -68.3022518040671 -38.178100968673384 -46.8
      vertex -68.27773370477874 -38.072948575580845 -46.8
      vertex -68.27773370477874 -38.072948575580845 -44
    endloop
  endfacet
  facet normal 0.812846684591672 0.5824776968677228 0
    outer loop
      vertex -68.05588095170097 -39.41669088448234 -46.8
      vertex -68.05588095170097 -39.41669088448234 -44
      vertex -67.99298910288232 -39.50445635786439 -46.8
    endloop
  endfacet
  facet normal 0.8819212643483757 0.47139673682595884 0
    outer loop
      vertex -68.1637961149307 -39.22977633886135 -46.8
      vertex -68.1637961149307 -39.22977633886135 -44
      vertex -68.1128980076461 -39.325 -46.8
    endloop
  endfacet
  facet normal 0.8492021815265682 0.5280678506503851 -6.576628428842288e-20
    outer loop
      vertex -68.05588095170097 -39.41669088448234 -46.8
      vertex -68.1128980076461 -39.325 -46.8
      vertex -68.1128980076461 -39.325 -44
    endloop
  endfacet
  facet normal 0.7730104533627036 0.6343932841636861 0
    outer loop
      vertex -67.99298910288232 -39.50445635786439 -46.8
      vertex -67.99298910288232 -39.50445635786439 -44
      vertex -67.92449177374209 -39.58792059491511 -46.8
    endloop
  endfacet
  facet normal 0.956940335732203 -0.29028467725448154 4.759968049905297e-20
    outer loop
      vertex -68.27773370477874 -38.072948575580845 -46.8
      vertex -68.2463908050687 -37.96962488224979 -46.8
      vertex -68.2463908050687 -37.96962488224979 -44
    endloop
  endfacet
  facet normal 0.9359059267573194 -0.35225004792124986 -2.897460798207915e-19
    outer loop
      vertex -68.2463908050687 -37.96962488224979 -46.8
      vertex -68.2083573200454 -37.8685723365976 -46.8
      vertex -68.2083573200454 -37.8685723365976 -44
    endloop
  endfacet
  facet normal 0.9108638249212128 -0.4127070298043132 7.489533860934196e-19
    outer loop
      vertex -68.2083573200454 -37.8685723365976 -46.8
      vertex -68.16379611493072 -37.77022366113865 -46.8
      vertex -68.16379611493072 -37.77022366113865 -44
    endloop
  endfacet
  facet normal 0.8819212643483064 -0.4713967368260885 1.3035669359503952e-18
    outer loop
      vertex -68.16379611493072 -37.77022366113865 -46.8
      vertex -68.1128980076461 -37.675000000000004 -46.8
      vertex -68.1128980076461 -37.675000000000004 -44
    endloop
  endfacet
  facet normal 0.8492021815265866 -0.5280678506503556 3.0596370043130966e-19
    outer loop
      vertex -68.1128980076461 -37.675000000000004 -46.8
      vertex -68.05588095170097 -37.58330911551766 -46.8
      vertex -68.05588095170097 -37.58330911551766 -44
    endloop
  endfacet
  facet normal 0.8128466845916098 -0.5824776968678098 3.7772511023240693e-19
    outer loop
      vertex -68.05588095170097 -37.58330911551766 -46.8
      vertex -67.9929891028823 -37.49554364213561 -46.8
      vertex -67.9929891028823 -37.49554364213561 -44
    endloop
  endfacet
  facet normal 0.7730104533627301 -0.6343932841636538 1.284207332692266e-18
    outer loop
      vertex -67.9929891028823 -37.49554364213561 -46.8
      vertex -67.92449177374208 -37.41207940508488 -46.8
      vertex -67.92449177374208 -37.41207940508488 -44
    endloop
  endfacet
  facet normal 0.7298640726978286 0.6835923020228788 0
    outer loop
      vertex -67.92449177374209 -39.58792059491511 -46.8
      vertex -67.92449177374209 -39.58792059491511 -44
      vertex -67.85068228035958 -39.6667261889578 -46.8
    endloop
  endfacet
  facet normal 0.6835923020228788 0.7298640726978286 0
    outer loop
      vertex -67.85068228035958 -39.6667261889578 -46.8
      vertex -67.85068228035958 -39.6667261889578 -44
      vertex -67.77187668631689 -39.740535682340315 -46.8
    endloop
  endfacet
  facet normal 0.6343932841635822 0.7730104533627888 0
    outer loop
      vertex -67.77187668631689 -39.740535682340315 -46.8
      vertex -67.77187668631689 -39.740535682340315 -44
      vertex -67.68841244926615 -39.80903301148054 -46.8
    endloop
  endfacet
  facet normal 0.5824776968678721 0.8128466845915652 8.273919577402813e-19
    outer loop
      vertex -67.60064697588412 -39.8719248602992 -46.8
      vertex -67.68841244926615 -39.80903301148054 -46.8
      vertex -67.68841244926615 -39.80903301148054 -44
    endloop
  endfacet
  facet normal 0.7298640726978635 -0.6835923020228414 6.817785132213679e-19
    outer loop
      vertex -67.92449177374208 -37.41207940508488 -46.8
      vertex -67.85068228035958 -37.3332738110422 -46.8
      vertex -67.85068228035958 -37.3332738110422 -44
    endloop
  endfacet
  facet normal 0.6835923020228788 -0.7298640726978286 1.0288361515199519e-19
    outer loop
      vertex -67.85068228035958 -37.3332738110422 -46.8
      vertex -67.77187668631689 -37.259464317659685 -46.8
      vertex -67.77187668631689 -37.259464317659685 -44
    endloop
  endfacet
  facet normal 0.6343932841635822 -0.7730104533627888 -4.627407203178738e-19
    outer loop
      vertex -67.77187668631689 -37.259464317659685 -46.8
      vertex -67.68841244926615 -37.19096698851946 -46.8
      vertex -67.68841244926615 -37.19096698851946 -44
    endloop
  endfacet
  facet normal 0.5824776968678721 -0.8128466845915652 -8.273919577402813e-19
    outer loop
      vertex -67.68841244926615 -37.19096698851946 -46.8
      vertex -67.60064697588412 -37.1280751397008 -46.8
      vertex -67.60064697588412 -37.1280751397008 -44
    endloop
  endfacet
  facet normal 0.5280678506503556 -0.8492021815265866 3.0596370043130966e-19
    outer loop
      vertex -67.60064697588412 -37.1280751397008 -46.8
      vertex -67.50895609140177 -37.07105808375567 -46.8
      vertex -67.50895609140177 -37.07105808375567 -44
    endloop
  endfacet
  facet normal 0.4713967368259862 -0.8819212643483612 8.89102671741609e-19
    outer loop
      vertex -67.50895609140177 -37.07105808375567 -46.8
      vertex -67.41373243026312 -37.020159976471064 -46.8
      vertex -67.41373243026312 -37.020159976471064 -44
    endloop
  endfacet
  facet normal 0.4127070298043729 0.9108638249211857 0
    outer loop
      vertex -67.41373243026312 -39.979840023528936 -46.8
      vertex -67.41373243026312 -39.979840023528936 -44
      vertex -67.31538375480416 -40.024401228643626 -46.8
    endloop
  endfacet
  facet normal 0.352250047921214 0.9359059267573331 0
    outer loop
      vertex -67.31538375480416 -40.024401228643626 -46.8
      vertex -67.31538375480416 -40.024401228643626 -44
      vertex -67.21433120915198 -40.062434713666924 -46.8
    endloop
  endfacet
  facet normal 0.2902846772545364 0.9569403357321865 0
    outer loop
      vertex -67.21433120915198 -40.062434713666924 -46.8
      vertex -67.21433120915198 -40.062434713666924 -44
      vertex -67.11100751582094 -40.093777613376965 -46.8
    endloop
  endfacet
  facet normal 0.22707626303430842 0.9738769792773486 0
    outer loop
      vertex -67.11100751582094 -40.093777613376965 -46.8
      vertex -67.11100751582094 -40.093777613376965 -44
      vertex -67.00585512272838 -40.11829571266533 -46.8
    endloop
  endfacet
  facet normal 0.16289547339454782 0.9866433320848856 0
    outer loop
      vertex -67.00585512272838 -40.11829571266533 -46.8
      vertex -67.00585512272838 -40.11829571266533 -44
      vertex -66.89932430856484 -40.13588402126678 -46.8
    endloop
  endfacet
  facet normal 0.09801714032964542 0.9951847266721886 0
    outer loop
      vertex -66.89932430856484 -40.13588402126678 -46.8
      vertex -66.89932430856484 -40.13588402126678 -44
      vertex -66.79187125463152 -40.1464672233437 -46.8
    endloop
  endfacet
  facet normal 0.032719082821733775 0.999464587476367 0
    outer loop
      vertex -66.79187125463152 -40.1464672233437 -46.8
      vertex -66.79187125463152 -40.1464672233437 -44
      vertex -66.68395609140177 -40.15 -46.8
    endloop
  endfacet
  facet normal -0.03271908282173807 0.9994645874763668 0
    outer loop
      vertex -66.68395609140177 -40.15 -46.8
      vertex -66.68395609140177 -40.15 -44
      vertex -66.57604092817203 -40.1464672233437 -46.8
    endloop
  endfacet
  facet normal -0.09801714032961976 0.995184726672191 0
    outer loop
      vertex -66.57604092817203 -40.1464672233437 -46.8
      vertex -66.57604092817203 -40.1464672233437 -44
      vertex -66.46858787423868 -40.13588402126678 -46.8
    endloop
  endfacet
  facet normal 0.4127070298043729 -0.9108638249211857 -8.7063236681887e-19
    outer loop
      vertex -67.41373243026312 -37.020159976471064 -46.8
      vertex -67.31538375480416 -36.975598771356374 -46.8
      vertex -67.31538375480416 -36.975598771356374 -44
    endloop
  endfacet
  facet normal 0.3522500479212574 -0.9359059267573168 -3.85518049369039e-19
    outer loop
      vertex -67.31538375480416 -36.975598771356374 -46.8
      vertex -67.214331209152 -36.937565286333076 -46.8
      vertex -67.214331209152 -36.937565286333076 -44
    endloop
  endfacet
  facet normal 0.2902846772544633 -0.9569403357322087 -6.379872188284911e-19
    outer loop
      vertex -67.214331209152 -36.937565286333076 -46.8
      vertex -67.11100751582093 -36.906222386623035 -46.8
      vertex -67.11100751582093 -36.906222386623035 -44
    endloop
  endfacet
  facet normal 0.22707626303436668 -0.9738769792773352 5.933554772464119e-19
    outer loop
      vertex -67.11100751582093 -36.906222386623035 -46.8
      vertex -67.00585512272839 -36.88170428733467 -46.8
      vertex -67.00585512272839 -36.88170428733467 -44
    endloop
  endfacet
  facet normal 0.162895473394569 -0.9866433320848823 -3.2085380757894294e-19
    outer loop
      vertex -67.00585512272839 -36.88170428733467 -46.8
      vertex -66.89932430856487 -36.86411597873322 -46.8
      vertex -66.89932430856487 -36.86411597873322 -44
    endloop
  endfacet
  facet normal 0.09801714032960691 -0.9951847266721923 2.9565097713566365e-19
    outer loop
      vertex -66.89932430856487 -36.86411597873322 -46.8
      vertex -66.7918712546315 -36.8535327766563 -46.8
      vertex -66.7918712546315 -36.8535327766563 -44
    endloop
  endfacet
  facet normal 0.03271908282173807 -0.9994645874763668 1.9463645404688035e-20
    outer loop
      vertex -66.7918712546315 -36.8535327766563 -46.8
      vertex -66.68395609140177 -36.85 -46.8
      vertex -66.68395609140177 -36.85 -44
    endloop
  endfacet
  facet normal -0.03271908282173807 -0.9994645874763668 -1.9463645404688035e-20
    outer loop
      vertex -66.68395609140177 -36.85 -46.8
      vertex -66.57604092817203 -36.8535327766563 -46.8
      vertex -66.57604092817203 -36.8535327766563 -44
    endloop
  endfacet
  facet normal -0.09801714032963257 -0.9951847266721897 -1.7984281041160654e-19
    outer loop
      vertex -66.57604092817203 -36.8535327766563 -46.8
      vertex -66.4685878742387 -36.86411597873322 -46.8
      vertex -66.4685878742387 -36.86411597873322 -44
    endloop
  endfacet
  facet normal 0.5280678506504146 0.8492021815265498 0
    outer loop
      vertex -67.50895609140179 -39.92894191624433 -46.8
      vertex -67.60064697588412 -39.8719248602992 -44
      vertex -67.50895609140179 -39.92894191624433 -44
    endloop
  endfacet
  facet normal 0.4713967368259314 0.8819212643483904 0
    outer loop
      vertex -67.41373243026312 -39.979840023528936 -46.8
      vertex -67.50895609140179 -39.92894191624433 -44
      vertex -67.41373243026312 -39.979840023528936 -44
    endloop
  endfacet
  facet normal 0.9569403357322452 0.2902846772543427 0
    outer loop
      vertex -68.2463908050687 -39.03037511775022 -46.8
      vertex -68.27773370477873 -38.927051424419155 -44
      vertex -68.2463908050687 -39.03037511775022 -44
    endloop
  endfacet
  facet normal 0.9359059267573114 0.3522500479212716 0
    outer loop
      vertex -68.2083573200454 -39.1314276634024 -46.8
      vertex -68.2463908050687 -39.03037511775022 -44
      vertex -68.2083573200454 -39.1314276634024 -44
    endloop
  endfacet
  facet normal 0.9108638249211632 0.41270702980442237 0
    outer loop
      vertex -68.1637961149307 -39.22977633886135 -46.8
      vertex -68.2083573200454 -39.1314276634024 -44
      vertex -68.1637961149307 -39.22977633886135 -44
    endloop
  endfacet
  facet normal 0.9866433320848946 0.16289547339449434 0
    outer loop
      vertex -68.30225180406711 -38.821899031326616 -46.8
      vertex -68.31984011266856 -38.71536821716309 -44
      vertex -68.30225180406711 -38.821899031326616 -44
    endloop
  endfacet
  facet normal 0.9738769792772916 0.2270762630345539 0
    outer loop
      vertex -68.27773370477873 -38.927051424419155 -46.8
      vertex -68.30225180406711 -38.821899031326616 -44
      vertex -68.27773370477873 -38.927051424419155 -44
    endloop
  endfacet
  facet normal 0.9951847266722039 0.09801714032948941 0
    outer loop
      vertex -68.31984011266856 -38.71536821716309 -46.8
      vertex -68.33042331474546 -38.607915163229734 -44
      vertex -68.31984011266856 -38.71536821716309 -44
    endloop
  endfacet
  facet normal 0.9994645874763626 0.03271908282186954 0
    outer loop
      vertex -68.33042331474546 -38.607915163229734 -46.8
      vertex -68.33395609140177 -38.5 -44
      vertex -68.33042331474546 -38.607915163229734 -44
    endloop
  endfacet
  facet normal 0.9994645874763626 -0.03271908282186954 0
    outer loop
      vertex -68.33395609140177 -38.5 -46.8
      vertex -68.33042331474546 -38.392084836770266 -44
      vertex -68.33395609140177 -38.5 -44
    endloop
  endfacet
  facet normal 0.9951847266722039 -0.09801714032948941 0
    outer loop
      vertex -68.33042331474546 -38.392084836770266 -46.8
      vertex -68.31984011266856 -38.28463178283691 -44
      vertex -68.33042331474546 -38.392084836770266 -44
    endloop
  endfacet
  facet normal 0.9866433320848734 -0.16289547339462243 0
    outer loop
      vertex -68.31984011266856 -38.28463178283691 -46.8
      vertex -68.3022518040671 -38.178100968673384 -44
      vertex -68.31984011266856 -38.28463178283691 -44
    endloop
  endfacet
  facet normal 0.9738769792773496 -0.22707626303430423 0
    outer loop
      vertex -68.3022518040671 -38.178100968673384 -46.8
      vertex -68.27773370477874 -38.072948575580845 -44
      vertex -68.3022518040671 -38.178100968673384 -44
    endloop
  endfacet
  facet normal 0.8819212643483757 0.47139673682595884 0
    outer loop
      vertex -68.1128980076461 -39.325 -46.8
      vertex -68.1637961149307 -39.22977633886135 -44
      vertex -68.1128980076461 -39.325 -44
    endloop
  endfacet
  facet normal 0.8492021815265682 0.5280678506503851 0
    outer loop
      vertex -68.05588095170097 -39.41669088448234 -46.8
      vertex -68.1128980076461 -39.325 -44
      vertex -68.05588095170097 -39.41669088448234 -44
    endloop
  endfacet
  facet normal 0.812846684591672 0.5824776968677228 0
    outer loop
      vertex -67.99298910288232 -39.50445635786439 -46.8
      vertex -68.05588095170097 -39.41669088448234 -44
      vertex -67.99298910288232 -39.50445635786439 -44
    endloop
  endfacet
  facet normal 0.7730104533627036 0.6343932841636861 0
    outer loop
      vertex -67.92449177374209 -39.58792059491511 -46.8
      vertex -67.99298910288232 -39.50445635786439 -44
      vertex -67.92449177374209 -39.58792059491511 -44
    endloop
  endfacet
  facet normal 0.956940335732203 -0.29028467725448154 0
    outer loop
      vertex -68.27773370477874 -38.072948575580845 -46.8
      vertex -68.2463908050687 -37.96962488224979 -44
      vertex -68.27773370477874 -38.072948575580845 -44
    endloop
  endfacet
  facet normal 0.9359059267573194 -0.35225004792124986 0
    outer loop
      vertex -68.2463908050687 -37.96962488224979 -46.8
      vertex -68.2083573200454 -37.8685723365976 -44
      vertex -68.2463908050687 -37.96962488224979 -44
    endloop
  endfacet
  facet normal 0.9108638249212128 -0.4127070298043132 0
    outer loop
      vertex -68.2083573200454 -37.8685723365976 -46.8
      vertex -68.16379611493072 -37.77022366113865 -44
      vertex -68.2083573200454 -37.8685723365976 -44
    endloop
  endfacet
  facet normal 0.8819212643483064 -0.4713967368260885 0
    outer loop
      vertex -68.16379611493072 -37.77022366113865 -46.8
      vertex -68.1128980076461 -37.675000000000004 -44
      vertex -68.16379611493072 -37.77022366113865 -44
    endloop
  endfacet
  facet normal 0.8492021815265866 -0.5280678506503556 0
    outer loop
      vertex -68.1128980076461 -37.675000000000004 -46.8
      vertex -68.05588095170097 -37.58330911551766 -44
      vertex -68.1128980076461 -37.675000000000004 -44
    endloop
  endfacet
  facet normal 0.8128466845916098 -0.5824776968678098 0
    outer loop
      vertex -68.05588095170097 -37.58330911551766 -46.8
      vertex -67.9929891028823 -37.49554364213561 -44
      vertex -68.05588095170097 -37.58330911551766 -44
    endloop
  endfacet
  facet normal 0.7730104533627301 -0.6343932841636538 0
    outer loop
      vertex -67.9929891028823 -37.49554364213561 -46.8
      vertex -67.92449177374208 -37.41207940508488 -44
      vertex -67.9929891028823 -37.49554364213561 -44
    endloop
  endfacet
  facet normal 0.7298640726978286 0.6835923020228788 0
    outer loop
      vertex -67.85068228035958 -39.6667261889578 -46.8
      vertex -67.92449177374209 -39.58792059491511 -44
      vertex -67.85068228035958 -39.6667261889578 -44
    endloop
  endfacet
  facet normal 0.6835923020228788 0.7298640726978286 0
    outer loop
      vertex -67.77187668631689 -39.740535682340315 -46.8
      vertex -67.85068228035958 -39.6667261889578 -44
      vertex -67.77187668631689 -39.740535682340315 -44
    endloop
  endfacet
  facet normal 0.6343932841635822 0.7730104533627888 0
    outer loop
      vertex -67.68841244926615 -39.80903301148054 -46.8
      vertex -67.77187668631689 -39.740535682340315 -44
      vertex -67.68841244926615 -39.80903301148054 -44
    endloop
  endfacet
  facet normal 0.5824776968678721 0.8128466845915652 0
    outer loop
      vertex -67.60064697588412 -39.8719248602992 -46.8
      vertex -67.68841244926615 -39.80903301148054 -44
      vertex -67.60064697588412 -39.8719248602992 -44
    endloop
  endfacet
  facet normal 0.7298640726978635 -0.6835923020228414 0
    outer loop
      vertex -67.92449177374208 -37.41207940508488 -46.8
      vertex -67.85068228035958 -37.3332738110422 -44
      vertex -67.92449177374208 -37.41207940508488 -44
    endloop
  endfacet
  facet normal 0.6835923020228788 -0.7298640726978286 0
    outer loop
      vertex -67.85068228035958 -37.3332738110422 -46.8
      vertex -67.77187668631689 -37.259464317659685 -44
      vertex -67.85068228035958 -37.3332738110422 -44
    endloop
  endfacet
  facet normal 0.6343932841635822 -0.7730104533627888 0
    outer loop
      vertex -67.77187668631689 -37.259464317659685 -46.8
      vertex -67.68841244926615 -37.19096698851946 -44
      vertex -67.77187668631689 -37.259464317659685 -44
    endloop
  endfacet
  facet normal 0.5824776968678721 -0.8128466845915652 0
    outer loop
      vertex -67.68841244926615 -37.19096698851946 -46.8
      vertex -67.60064697588412 -37.1280751397008 -44
      vertex -67.68841244926615 -37.19096698851946 -44
    endloop
  endfacet
  facet normal 0.5280678506503556 -0.8492021815265866 0
    outer loop
      vertex -67.60064697588412 -37.1280751397008 -46.8
      vertex -67.50895609140177 -37.07105808375567 -44
      vertex -67.60064697588412 -37.1280751397008 -44
    endloop
  endfacet
  facet normal 0.4713967368259862 -0.8819212643483612 0
    outer loop
      vertex -67.50895609140177 -37.07105808375567 -46.8
      vertex -67.41373243026312 -37.020159976471064 -44
      vertex -67.50895609140177 -37.07105808375567 -44
    endloop
  endfacet
  facet normal 0.4127070298043729 0.9108638249211857 0
    outer loop
      vertex -67.31538375480416 -40.024401228643626 -46.8
      vertex -67.41373243026312 -39.979840023528936 -44
      vertex -67.31538375480416 -40.024401228643626 -44
    endloop
  endfacet
  facet normal 0.352250047921214 0.9359059267573331 0
    outer loop
      vertex -67.21433120915198 -40.062434713666924 -46.8
      vertex -67.31538375480416 -40.024401228643626 -44
      vertex -67.21433120915198 -40.062434713666924 -44
    endloop
  endfacet
  facet normal 0.2902846772545364 0.9569403357321865 0
    outer loop
      vertex -67.11100751582094 -40.093777613376965 -46.8
      vertex -67.21433120915198 -40.062434713666924 -44
      vertex -67.11100751582094 -40.093777613376965 -44
    endloop
  endfacet
  facet normal 0.22707626303430842 0.9738769792773486 0
    outer loop
      vertex -67.00585512272838 -40.11829571266533 -46.8
      vertex -67.11100751582094 -40.093777613376965 -44
      vertex -67.00585512272838 -40.11829571266533 -44
    endloop
  endfacet
  facet normal 0.16289547339454782 0.9866433320848856 0
    outer loop
      vertex -66.89932430856484 -40.13588402126678 -46.8
      vertex -67.00585512272838 -40.11829571266533 -44
      vertex -66.89932430856484 -40.13588402126678 -44
    endloop
  endfacet
  facet normal 0.09801714032964542 0.9951847266721886 0
    outer loop
      vertex -66.79187125463152 -40.1464672233437 -46.8
      vertex -66.89932430856484 -40.13588402126678 -44
      vertex -66.79187125463152 -40.1464672233437 -44
    endloop
  endfacet
  facet normal 0.032719082821733775 0.999464587476367 0
    outer loop
      vertex -66.68395609140177 -40.15 -46.8
      vertex -66.79187125463152 -40.1464672233437 -44
      vertex -66.68395609140177 -40.15 -44
    endloop
  endfacet
  facet normal -0.03271908282173807 0.9994645874763668 0
    outer loop
      vertex -66.57604092817203 -40.1464672233437 -46.8
      vertex -66.68395609140177 -40.15 -44
      vertex -66.57604092817203 -40.1464672233437 -44
    endloop
  endfacet
  facet normal -0.09801714032961976 0.995184726672191 0
    outer loop
      vertex -66.46858787423868 -40.13588402126678 -46.8
      vertex -66.57604092817203 -40.1464672233437 -44
      vertex -66.46858787423868 -40.13588402126678 -44
    endloop
  endfacet
  facet normal 0.4127070298043729 -0.9108638249211857 0
    outer loop
      vertex -67.41373243026312 -37.020159976471064 -46.8
      vertex -67.31538375480416 -36.975598771356374 -44
      vertex -67.41373243026312 -37.020159976471064 -44
    endloop
  endfacet
  facet normal 0.3522500479212574 -0.9359059267573168 0
    outer loop
      vertex -67.31538375480416 -36.975598771356374 -46.8
      vertex -67.214331209152 -36.937565286333076 -44
      vertex -67.31538375480416 -36.975598771356374 -44
    endloop
  endfacet
  facet normal 0.2902846772544633 -0.9569403357322087 0
    outer loop
      vertex -67.214331209152 -36.937565286333076 -46.8
      vertex -67.11100751582093 -36.906222386623035 -44
      vertex -67.214331209152 -36.937565286333076 -44
    endloop
  endfacet
  facet normal 0.22707626303436668 -0.9738769792773352 0
    outer loop
      vertex -67.11100751582093 -36.906222386623035 -46.8
      vertex -67.00585512272839 -36.88170428733467 -44
      vertex -67.11100751582093 -36.906222386623035 -44
    endloop
  endfacet
  facet normal 0.162895473394569 -0.9866433320848823 0
    outer loop
      vertex -67.00585512272839 -36.88170428733467 -46.8
      vertex -66.89932430856487 -36.86411597873322 -44
      vertex -67.00585512272839 -36.88170428733467 -44
    endloop
  endfacet
  facet normal 0.09801714032960691 -0.9951847266721923 0
    outer loop
      vertex -66.89932430856487 -36.86411597873322 -46.8
      vertex -66.7918712546315 -36.8535327766563 -44
      vertex -66.89932430856487 -36.86411597873322 -44
    endloop
  endfacet
  facet normal 0.03271908282173807 -0.9994645874763668 0
    outer loop
      vertex -66.7918712546315 -36.8535327766563 -46.8
      vertex -66.68395609140177 -36.85 -44
      vertex -66.7918712546315 -36.8535327766563 -44
    endloop
  endfacet
  facet normal -0.03271908282173807 -0.9994645874763668 0
    outer loop
      vertex -66.68395609140177 -36.85 -46.8
      vertex -66.57604092817203 -36.8535327766563 -44
      vertex -66.68395609140177 -36.85 -44
    endloop
  endfacet
  facet normal -0.09801714032963257 -0.9951847266721897 0
    outer loop
      vertex -66.57604092817203 -36.8535327766563 -46.8
      vertex -66.4685878742387 -36.86411597873322 -44
      vertex -66.57604092817203 -36.8535327766563 -44
    endloop
  endfacet
  facet normal 0 0 1
    outer loop
      vertex -66.46858787423868 -40.13588402126678 -46.8
      vertex -66.36205706007514 -40.11829571266533 -46.8
      vertex -66.36205706007516 -36.88170428733467 -46.8
    endloop
  endfacet
  facet normal 0 0 1
    outer loop
      vertex -66.36205706007514 -40.11829571266533 -46.8
      vertex -66.2569046669826 -40.093777613376965 -46.8
      vertex -66.2569046669826 -36.906222386623035 -46.8
    endloop
  endfacet
  facet normal 0 0 1
    outer loop
      vertex -66.2569046669826 -40.093777613376965 -46.8
      vertex -66.15358097365154 -40.062434713666924 -46.8
      vertex -66.15358097365156 -36.937565286333076 -46.8
    endloop
  endfacet
  facet normal 0 0 1
    outer loop
      vertex -66.15358097365154 -40.062434713666924 -46.8
      vertex -66.05252842799938 -40.024401228643626 -46.8
      vertex -66.05252842799938 -36.975598771356374 -46.8
    endloop
  endfacet
  facet normal 0 0 1
    outer loop
      vertex -66.05252842799938 -40.024401228643626 -46.8
      vertex -65.95417975254041 -39.979840023528936 -46.8
      vertex -65.95417975254041 -37.020159976471064 -46.8
    endloop
  endfacet
  facet normal 0 0 1
    outer loop
      vertex -66.46858787423868 -40.13588402126678 -46.8
      vertex -66.36205706007516 -36.88170428733467 -46.8
      vertex -66.4685878742387 -36.86411597873322 -46.8
    endloop
  endfacet
  facet normal 0 0 1
    outer loop
      vertex -66.36205706007514 -40.11829571266533 -46.8
      vertex -66.2569046669826 -36.906222386623035 -46.8
      vertex -66.36205706007516 -36.88170428733467 -46.8
    endloop
  endfacet
  facet normal 0 0 1
    outer loop
      vertex -66.2569046669826 -40.093777613376965 -46.8
      vertex -66.15358097365156 -36.937565286333076 -46.8
      vertex -66.2569046669826 -36.906222386623035 -46.8
    endloop
  endfacet
  facet normal 0 0 1
    outer loop
      vertex -66.15358097365154 -40.062434713666924 -46.8
      vertex -66.05252842799938 -36.975598771356374 -46.8
      vertex -66.15358097365156 -36.937565286333076 -46.8
    endloop
  endfacet
  facet normal 0 0 1
    outer loop
      vertex -66.05252842799938 -40.024401228643626 -46.8
      vertex -65.95417975254041 -37.020159976471064 -46.8
      vertex -66.05252842799938 -36.975598771356374 -46.8
    endloop
  endfacet
  facet normal 0 0 1
    outer loop
      vertex -65.95417975254041 -39.979840023528936 -46.8
      vertex -65.85895609140177 -39.92894191624433 -46.8
      vertex -65.85895609140177 -37.07105808375567 -46.8
    endloop
  endfacet
  facet normal 0 0 1
    outer loop
      vertex -65.85895609140177 -39.92894191624433 -46.8
      vertex -65.76726520691942 -39.8719248602992 -46.8
      vertex -65.76726520691942 -37.1280751397008 -46.8
    endloop
  endfacet
  facet normal 0 0 1
    outer loop
      vertex -65.76726520691942 -39.8719248602992 -46.8
      vertex -65.67949973353738 -37.19096698851946 -46.8
      vertex -65.76726520691942 -37.1280751397008 -46.8
    endloop
  endfacet
  facet normal 0 0 1
    outer loop
      vertex -65.76726520691942 -39.8719248602992 -46.8
      vertex -65.67949973353738 -39.80903301148054 -46.8
      vertex -65.67949973353738 -37.19096698851946 -46.8
    endloop
  endfacet
  facet normal 0 0 1
    outer loop
      vertex -65.67949973353738 -39.80903301148054 -46.8
      vertex -65.59603549648665 -39.740535682340315 -46.8
      vertex -65.59603549648665 -37.259464317659685 -46.8
    endloop
  endfacet
  facet normal 0 0 1
    outer loop
      vertex -65.67949973353738 -39.80903301148054 -46.8
      vertex -65.59603549648665 -37.259464317659685 -46.8
      vertex -65.67949973353738 -37.19096698851946 -46.8
    endloop
  endfacet
  facet normal 0 0 1
    outer loop
      vertex -65.59603549648665 -39.740535682340315 -46.8
      vertex -65.51722990244396 -39.6667261889578 -46.8
      vertex -65.51722990244397 -37.3332738110422 -46.8
    endloop
  endfacet
  facet normal 0 0 1
    outer loop
      vertex -65.59603549648665 -39.740535682340315 -46.8
      vertex -65.51722990244397 -37.3332738110422 -46.8
      vertex -65.59603549648665 -37.259464317659685 -46.8
    endloop
  endfacet
  facet normal 0 0 1
    outer loop
      vertex -65.51722990244396 -39.6667261889578 -46.8
      vertex -65.44342040906146 -37.41207940508489 -46.8
      vertex -65.51722990244397 -37.3332738110422 -46.8
    endloop
  endfacet
  facet normal 0 0 1
    outer loop
      vertex -65.95417975254041 -39.979840023528936 -46.8
      vertex -65.85895609140177 -37.07105808375567 -46.8
      vertex -65.95417975254041 -37.020159976471064 -46.8
    endloop
  endfacet
  facet normal 0 0 1
    outer loop
      vertex -65.85895609140177 -39.92894191624433 -46.8
      vertex -65.76726520691942 -37.1280751397008 -46.8
      vertex -65.85895609140177 -37.07105808375567 -46.8
    endloop
  endfacet
  facet normal 0 0 1
    outer loop
      vertex -65.51722990244396 -39.6667261889578 -46.8
      vertex -65.44342040906146 -39.58792059491512 -46.8
      vertex -65.44342040906146 -37.41207940508489 -46.8
    endloop
  endfacet
  facet normal 0 0 1
    outer loop
      vertex -65.44342040906146 -39.58792059491512 -46.8
      vertex -65.37492307992125 -39.50445635786439 -46.8
      vertex -65.37492307992123 -37.49554364213561 -46.8
    endloop
  endfacet
  facet normal 0 0 1
    outer loop
      vertex -65.44342040906146 -39.58792059491512 -46.8
      vertex -65.37492307992123 -37.49554364213561 -46.8
      vertex -65.44342040906146 -37.41207940508489 -46.8
    endloop
  endfacet
  facet normal 0 0 1
    outer loop
      vertex -65.37492307992125 -39.50445635786439 -46.8
      vertex -65.31203123110257 -39.41669088448234 -46.8
      vertex -65.31203123110258 -37.58330911551766 -46.8
    endloop
  endfacet
  facet normal 0 0 1
    outer loop
      vertex -65.31203123110257 -39.41669088448234 -46.8
      vertex -65.25501417515744 -39.324999999999996 -46.8
      vertex -65.25501417515744 -37.675 -46.8
    endloop
  endfacet
  facet normal 0 0 1
    outer loop
      vertex -65.37492307992125 -39.50445635786439 -46.8
      vertex -65.31203123110258 -37.58330911551766 -46.8
      vertex -65.37492307992123 -37.49554364213561 -46.8
    endloop
  endfacet
  facet normal 0 0 1
    outer loop
      vertex -65.31203123110257 -39.41669088448234 -46.8
      vertex -65.25501417515744 -37.675 -46.8
      vertex -65.31203123110258 -37.58330911551766 -46.8
    endloop
  endfacet
  facet normal 0 0 1
    outer loop
      vertex -65.25501417515744 -39.324999999999996 -46.8
      vertex -65.20411606787283 -39.22977633886135 -46.8
      vertex -65.20411606787285 -37.77022366113865 -46.8
    endloop
  endfacet
  facet normal 0 0 1
    outer loop
      vertex -65.20411606787283 -39.22977633886135 -46.8
      vertex -65.15955486275814 -39.1314276634024 -46.8
      vertex -65.15955486275816 -37.8685723365976 -46.8
    endloop
  endfacet
  facet normal 0 0 1
    outer loop
      vertex -65.15955486275814 -39.1314276634024 -46.8
      vertex -65.12152137773484 -39.03037511775021 -46.8
      vertex -65.12152137773485 -37.96962488224978 -46.8
    endloop
  endfacet
  facet normal 0 0 1
    outer loop
      vertex -65.20411606787283 -39.22977633886135 -46.8
      vertex -65.15955486275816 -37.8685723365976 -46.8
      vertex -65.20411606787285 -37.77022366113865 -46.8
    endloop
  endfacet
  facet normal 0 0 1
    outer loop
      vertex -65.25501417515744 -39.324999999999996 -46.8
      vertex -65.20411606787285 -37.77022366113865 -46.8
      vertex -65.25501417515744 -37.675 -46.8
    endloop
  endfacet
  facet normal 0 0 1
    outer loop
      vertex -65.15955486275814 -39.1314276634024 -46.8
      vertex -65.12152137773485 -37.96962488224978 -46.8
      vertex -65.15955486275816 -37.8685723365976 -46.8
    endloop
  endfacet
  facet normal 0 0 1
    outer loop
      vertex -65.12152137773484 -39.03037511775021 -46.8
      vertex -65.09017847802481 -38.927051424419155 -46.8
      vertex -65.09017847802482 -38.072948575580845 -46.8
    endloop
  endfacet
  facet normal 0 0 1
    outer loop
      vertex -65.09017847802481 -38.927051424419155 -46.8
      vertex -65.06566037873644 -38.821899031326616 -46.8
      vertex -65.06566037873642 -38.178100968673384 -46.8
    endloop
  endfacet
  facet normal 0 0 1
    outer loop
      vertex -65.06566037873644 -38.821899031326616 -46.8
      vertex -65.04807207013498 -38.71536821716309 -46.8
      vertex -65.04807207013498 -38.28463178283691 -46.8
    endloop
  endfacet
  facet normal 0 0 1
    outer loop
      vertex -65.04807207013498 -38.71536821716309 -46.8
      vertex -65.03748886805808 -38.607915163229734 -46.8
      vertex -65.03748886805808 -38.392084836770266 -46.8
    endloop
  endfacet
  facet normal 0 0 1
    outer loop
      vertex -65.12152137773484 -39.03037511775021 -46.8
      vertex -65.09017847802482 -38.072948575580845 -46.8
      vertex -65.12152137773485 -37.96962488224978 -46.8
    endloop
  endfacet
  facet normal 0 0 1
    outer loop
      vertex -65.06566037873644 -38.821899031326616 -46.8
      vertex -65.04807207013498 -38.28463178283691 -46.8
      vertex -65.06566037873642 -38.178100968673384 -46.8
    endloop
  endfacet
  facet normal 0 0 1
    outer loop
      vertex -65.09017847802481 -38.927051424419155 -46.8
      vertex -65.06566037873642 -38.178100968673384 -46.8
      vertex -65.09017847802482 -38.072948575580845 -46.8
    endloop
  endfacet
  facet normal 0 0 1
    outer loop
      vertex -65.03748886805808 -38.607915163229734 -46.8
      vertex -65.03395609140178 -38.5 -46.8
      vertex -65.03748886805808 -38.392084836770266 -46.8
    endloop
  endfacet
  facet normal 0 0 1
    outer loop
      vertex -65.04807207013498 -38.71536821716309 -46.8
      vertex -65.03748886805808 -38.392084836770266 -46.8
      vertex -65.04807207013498 -38.28463178283691 -46.8
    endloop
  endfacet
  facet normal -0.16289547339454782 0.9866433320848856 0
    outer loop
      vertex -66.46858787423868 -40.13588402126678 -46.8
      vertex -66.46858787423868 -40.13588402126678 -44
      vertex -66.36205706007514 -40.11829571266533 -46.8
    endloop
  endfacet
  facet normal -0.22707626303436668 0.9738769792773352 0
    outer loop
      vertex -66.36205706007514 -40.11829571266533 -46.8
      vertex -66.36205706007514 -40.11829571266533 -44
      vertex -66.2569046669826 -40.093777613376965 -46.8
    endloop
  endfacet
  facet normal -0.2902846772544633 0.9569403357322087 0
    outer loop
      vertex -66.2569046669826 -40.093777613376965 -46.8
      vertex -66.2569046669826 -40.093777613376965 -44
      vertex -66.15358097365154 -40.062434713666924 -46.8
    endloop
  endfacet
  facet normal -0.3522500479212574 0.9359059267573168 0
    outer loop
      vertex -66.15358097365154 -40.062434713666924 -46.8
      vertex -66.15358097365154 -40.062434713666924 -44
      vertex -66.05252842799938 -40.024401228643626 -46.8
    endloop
  endfacet
  facet normal -0.4127070298043729 0.9108638249211857 0
    outer loop
      vertex -66.05252842799938 -40.024401228643626 -46.8
      vertex -66.05252842799938 -40.024401228643626 -44
      vertex -65.95417975254041 -39.979840023528936 -46.8
    endloop
  endfacet
  facet normal -0.4713967368259862 0.8819212643483612 0
    outer loop
      vertex -65.95417975254041 -39.979840023528936 -46.8
      vertex -65.95417975254041 -39.979840023528936 -44
      vertex -65.85895609140177 -39.92894191624433 -46.8
    endloop
  endfacet
  facet normal -0.5280678506503556 0.8492021815265866 0
    outer loop
      vertex -65.85895609140177 -39.92894191624433 -46.8
      vertex -65.85895609140177 -39.92894191624433 -44
      vertex -65.76726520691942 -39.8719248602992 -46.8
    endloop
  endfacet
  facet normal -0.16289547339454782 -0.9866433320848856 -1.578297406427436e-19
    outer loop
      vertex -66.4685878742387 -36.86411597873322 -46.8
      vertex -66.36205706007516 -36.88170428733467 -46.8
      vertex -66.36205706007516 -36.88170428733467 -44
    endloop
  endfacet
  facet normal -0.22707626303433756 -0.973876979277342 2.5431627810614933e-19
    outer loop
      vertex -66.36205706007516 -36.88170428733467 -46.8
      vertex -66.2569046669826 -36.906222386623035 -46.8
      vertex -66.2569046669826 -36.906222386623035 -44
    endloop
  endfacet
  facet normal -0.29028467725449975 -0.9569403357321974 7.013022546470656e-19
    outer loop
      vertex -66.2569046669826 -36.906222386623035 -46.8
      vertex -66.15358097365156 -36.937565286333076 -46.8
      vertex -66.15358097365156 -36.937565286333076 -44
    endloop
  endfacet
  facet normal -0.352250047921214 -0.9359059267573331 -1.7913636186519035e-20
    outer loop
      vertex -66.15358097365156 -36.937565286333076 -46.8
      vertex -66.05252842799938 -36.975598771356374 -46.8
      vertex -66.05252842799938 -36.975598771356374 -44
    endloop
  endfacet
  facet normal -0.4127070298043729 -0.9108638249211857 8.7063236681887e-19
    outer loop
      vertex -66.05252842799938 -36.975598771356374 -46.8
      vertex -65.95417975254041 -37.020159976471064 -46.8
      vertex -65.95417975254041 -37.020159976471064 -44
    endloop
  endfacet
  facet normal -0.5824776968678721 0.8128466845915652 0
    outer loop
      vertex -65.76726520691942 -39.8719248602992 -46.8
      vertex -65.76726520691942 -39.8719248602992 -44
      vertex -65.67949973353738 -39.80903301148054 -46.8
    endloop
  endfacet
  facet normal -0.6343932841635822 0.7730104533627888 0
    outer loop
      vertex -65.67949973353738 -39.80903301148054 -46.8
      vertex -65.67949973353738 -39.80903301148054 -44
      vertex -65.59603549648665 -39.740535682340315 -46.8
    endloop
  endfacet
  facet normal -0.6835923020228788 0.7298640726978286 0
    outer loop
      vertex -65.59603549648665 -39.740535682340315 -46.8
      vertex -65.59603549648665 -39.740535682340315 -44
      vertex -65.51722990244396 -39.6667261889578 -46.8
    endloop
  endfacet
  facet normal -0.7298640726978635 0.6835923020228414 0
    outer loop
      vertex -65.51722990244396 -39.6667261889578 -46.8
      vertex -65.51722990244396 -39.6667261889578 -44
      vertex -65.44342040906146 -39.58792059491512 -46.8
    endloop
  endfacet
  facet normal -0.4713967368259862 -0.8819212643483612 -8.89102671741609e-19
    outer loop
      vertex -65.95417975254041 -37.020159976471064 -46.8
      vertex -65.85895609140177 -37.07105808375567 -46.8
      vertex -65.85895609140177 -37.07105808375567 -44
    endloop
  endfacet
  facet normal -0.5280678506503556 -0.8492021815265866 -3.0596370043130966e-19
    outer loop
      vertex -65.85895609140177 -37.07105808375567 -46.8
      vertex -65.76726520691942 -37.1280751397008 -46.8
      vertex -65.76726520691942 -37.1280751397008 -44
    endloop
  endfacet
  facet normal -0.5824776968678721 -0.8128466845915652 8.273919577402813e-19
    outer loop
      vertex -65.76726520691942 -37.1280751397008 -46.8
      vertex -65.67949973353738 -37.19096698851946 -46.8
      vertex -65.67949973353738 -37.19096698851946 -44
    endloop
  endfacet
  facet normal -0.6343932841635822 -0.7730104533627888 4.627407203178738e-19
    outer loop
      vertex -65.67949973353738 -37.19096698851946 -46.8
      vertex -65.59603549648665 -37.259464317659685 -46.8
      vertex -65.59603549648665 -37.259464317659685 -44
    endloop
  endfacet
  facet normal -0.6835923020229445 -0.7298640726977671 7.427176553932457e-19
    outer loop
      vertex -65.59603549648665 -37.259464317659685 -46.8
      vertex -65.51722990244397 -37.3332738110422 -46.8
      vertex -65.51722990244397 -37.3332738110422 -44
    endloop
  endfacet
  facet normal -0.7730104533627946 0.6343932841635752 0
    outer loop
      vertex -65.44342040906146 -39.58792059491512 -46.8
      vertex -65.44342040906146 -39.58792059491512 -44
      vertex -65.37492307992125 -39.50445635786439 -46.8
    endloop
  endfacet
  facet normal -0.8128466845915474 0.5824776968678967 0
    outer loop
      vertex -65.37492307992125 -39.50445635786439 -46.8
      vertex -65.37492307992125 -39.50445635786439 -44
      vertex -65.31203123110257 -39.41669088448234 -46.8
    endloop
  endfacet
  facet normal -0.8492021815265866 0.5280678506503556 0
    outer loop
      vertex -65.31203123110257 -39.41669088448234 -46.8
      vertex -65.31203123110257 -39.41669088448234 -44
      vertex -65.25501417515744 -39.324999999999996 -46.8
    endloop
  endfacet
  facet normal -0.8819212643483612 0.4713967368259862 0
    outer loop
      vertex -65.25501417515744 -39.324999999999996 -46.8
      vertex -65.25501417515744 -39.324999999999996 -44
      vertex -65.20411606787283 -39.22977633886135 -46.8
    endloop
  endfacet
  facet normal -0.9108638249211632 0.41270702980442237 0
    outer loop
      vertex -65.20411606787283 -39.22977633886135 -46.8
      vertex -65.20411606787283 -39.22977633886135 -44
      vertex -65.15955486275814 -39.1314276634024 -46.8
    endloop
  endfacet
  facet normal -0.9359059267573194 0.35225004792124986 0
    outer loop
      vertex -65.15955486275814 -39.1314276634024 -46.8
      vertex -65.15955486275814 -39.1314276634024 -44
      vertex -65.12152137773484 -39.03037511775021 -46.8
    endloop
  endfacet
  facet normal -0.9569403357322396 0.290284677254361 0
    outer loop
      vertex -65.12152137773484 -39.03037511775021 -46.8
      vertex -65.12152137773484 -39.03037511775021 -44
      vertex -65.09017847802481 -38.927051424419155 -46.8
    endloop
  endfacet
  facet normal -0.9738769792773206 0.22707626303442907 0
    outer loop
      vertex -65.09017847802481 -38.927051424419155 -46.8
      vertex -65.09017847802481 -38.927051424419155 -44
      vertex -65.06566037873644 -38.821899031326616 -46.8
    endloop
  endfacet
  facet normal -0.9866433320848734 0.16289547339462243 0
    outer loop
      vertex -65.06566037873644 -38.821899031326616 -46.8
      vertex -65.06566037873644 -38.821899031326616 -44
      vertex -65.04807207013498 -38.71536821716309 -46.8
    endloop
  endfacet
  facet normal -0.9951847266722039 0.09801714032948941 0
    outer loop
      vertex -65.04807207013498 -38.71536821716309 -46.8
      vertex -65.04807207013498 -38.71536821716309 -44
      vertex -65.03748886805808 -38.607915163229734 -46.8
    endloop
  endfacet
  facet normal -0.9994645874763668 0.03271908282173807 0
    outer loop
      vertex -65.03748886805808 -38.607915163229734 -46.8
      vertex -65.03748886805808 -38.607915163229734 -44
      vertex -65.03395609140178 -38.5 -46.8
    endloop
  endfacet
  facet normal -0.9738769792772624 -0.22707626303467873 -7.13912989775143e-19
    outer loop
      vertex -65.09017847802482 -38.072948575580845 -46.8
      vertex -65.06566037873642 -38.178100968673384 -46.8
      vertex -65.06566037873642 -38.178100968673384 -44
    endloop
  endfacet
  facet normal -0.9994645874763668 -0.03271908282173807 0
    outer loop
      vertex -65.03395609140178 -38.5 -46.8
      vertex -65.03395609140178 -38.5 -44
      vertex -65.03748886805808 -38.392084836770266 -46.8
    endloop
  endfacet
  facet normal -0.9951847266722039 -0.09801714032948941 0
    outer loop
      vertex -65.03748886805808 -38.392084836770266 -46.8
      vertex -65.03748886805808 -38.392084836770266 -44
      vertex -65.04807207013498 -38.28463178283691 -46.8
    endloop
  endfacet
  facet normal -0.9866433320848946 -0.16289547339449434 -6.070425794981364e-20
    outer loop
      vertex -65.06566037873642 -38.178100968673384 -46.8
      vertex -65.04807207013498 -38.28463178283691 -46.8
      vertex -65.04807207013498 -38.28463178283691 -44
    endloop
  endfacet
  facet normal -0.7298640726978286 -0.6835923020228788 -1.0288361515199519e-19
    outer loop
      vertex -65.51722990244397 -37.3332738110422 -46.8
      vertex -65.44342040906146 -37.41207940508489 -46.8
      vertex -65.44342040906146 -37.41207940508489 -44
    endloop
  endfacet
  facet normal -0.7730104533627036 -0.6343932841636861 -9.108950496511488e-19
    outer loop
      vertex -65.44342040906146 -37.41207940508489 -46.8
      vertex -65.37492307992123 -37.49554364213561 -46.8
      vertex -65.37492307992123 -37.49554364213561 -44
    endloop
  endfacet
  facet normal -0.8492021815265093 -0.52806785065048 0
    outer loop
      vertex -65.25501417515744 -37.675 -46.8
      vertex -65.25501417515744 -37.675 -44
      vertex -65.31203123110258 -37.58330911551766 -46.8
    endloop
  endfacet
  facet normal -0.812846684591672 -0.5824776968677228 -5.22562890172208e-19
    outer loop
      vertex -65.37492307992123 -37.49554364213561 -46.8
      vertex -65.31203123110258 -37.58330911551766 -46.8
      vertex -65.31203123110258 -37.58330911551766 -44
    endloop
  endfacet
  facet normal -0.8819212643484304 -0.4713967368258565 -3.521183587248364e-19
    outer loop
      vertex -65.25501417515744 -37.675 -46.8
      vertex -65.20411606787285 -37.77022366113865 -46.8
      vertex -65.20411606787285 -37.77022366113865 -44
    endloop
  endfacet
  facet normal -0.9108638249211632 -0.41270702980442237 1.1310913542444139e-18
    outer loop
      vertex -65.20411606787285 -37.77022366113865 -46.8
      vertex -65.15955486275816 -37.8685723365976 -46.8
      vertex -65.15955486275816 -37.8685723365976 -44
    endloop
  endfacet
  facet normal -0.9359059267573114 -0.3522500479212716 4.914619227655564e-19
    outer loop
      vertex -65.15955486275816 -37.8685723365976 -46.8
      vertex -65.12152137773485 -37.96962488224978 -46.8
      vertex -65.12152137773485 -37.96962488224978 -44
    endloop
  endfacet
  facet normal -0.9569403357322452 -0.2902846772543427 0
    outer loop
      vertex -65.09017847802482 -38.072948575580845 -46.8
      vertex -65.09017847802482 -38.072948575580845 -44
      vertex -65.12152137773485 -37.96962488224978 -46.8
    endloop
  endfacet
  facet normal -0.16289547339454782 0.9866433320848856 1.578297406427436e-19
    outer loop
      vertex -66.46858787423868 -40.13588402126678 -44
      vertex -66.36205706007514 -40.11829571266533 -44
      vertex -66.36205706007514 -40.11829571266533 -46.8
    endloop
  endfacet
  facet normal -0.22707626303436668 0.9738769792773352 0
    outer loop
      vertex -66.2569046669826 -40.093777613376965 -46.8
      vertex -66.36205706007514 -40.11829571266533 -44
      vertex -66.2569046669826 -40.093777613376965 -44
    endloop
  endfacet
  facet normal -0.2902846772544633 0.9569403357322087 0
    outer loop
      vertex -66.15358097365154 -40.062434713666924 -46.8
      vertex -66.2569046669826 -40.093777613376965 -44
      vertex -66.15358097365154 -40.062434713666924 -44
    endloop
  endfacet
  facet normal -0.3522500479212574 0.9359059267573168 0
    outer loop
      vertex -66.05252842799938 -40.024401228643626 -46.8
      vertex -66.15358097365154 -40.062434713666924 -44
      vertex -66.05252842799938 -40.024401228643626 -44
    endloop
  endfacet
  facet normal -0.4127070298043729 0.9108638249211857 0
    outer loop
      vertex -65.95417975254041 -39.979840023528936 -46.8
      vertex -66.05252842799938 -40.024401228643626 -44
      vertex -65.95417975254041 -39.979840023528936 -44
    endloop
  endfacet
  facet normal -0.4713967368259862 0.8819212643483612 0
    outer loop
      vertex -65.85895609140177 -39.92894191624433 -46.8
      vertex -65.95417975254041 -39.979840023528936 -44
      vertex -65.85895609140177 -39.92894191624433 -44
    endloop
  endfacet
  facet normal -0.5280678506503556 0.8492021815265866 0
    outer loop
      vertex -65.76726520691942 -39.8719248602992 -46.8
      vertex -65.85895609140177 -39.92894191624433 -44
      vertex -65.76726520691942 -39.8719248602992 -44
    endloop
  endfacet
  facet normal -0.16289547339454782 -0.9866433320848856 0
    outer loop
      vertex -66.4685878742387 -36.86411597873322 -46.8
      vertex -66.36205706007516 -36.88170428733467 -44
      vertex -66.4685878742387 -36.86411597873322 -44
    endloop
  endfacet
  facet normal -0.22707626303433756 -0.973876979277342 0
    outer loop
      vertex -66.36205706007516 -36.88170428733467 -46.8
      vertex -66.2569046669826 -36.906222386623035 -44
      vertex -66.36205706007516 -36.88170428733467 -44
    endloop
  endfacet
  facet normal -0.29028467725449975 -0.9569403357321974 0
    outer loop
      vertex -66.2569046669826 -36.906222386623035 -46.8
      vertex -66.15358097365156 -36.937565286333076 -44
      vertex -66.2569046669826 -36.906222386623035 -44
    endloop
  endfacet
  facet normal -0.352250047921214 -0.9359059267573331 0
    outer loop
      vertex -66.15358097365156 -36.937565286333076 -46.8
      vertex -66.05252842799938 -36.975598771356374 -44
      vertex -66.15358097365156 -36.937565286333076 -44
    endloop
  endfacet
  facet normal -0.4127070298043729 -0.9108638249211857 0
    outer loop
      vertex -66.05252842799938 -36.975598771356374 -46.8
      vertex -65.95417975254041 -37.020159976471064 -44
      vertex -66.05252842799938 -36.975598771356374 -44
    endloop
  endfacet
  facet normal -0.5824776968678721 0.8128466845915652 0
    outer loop
      vertex -65.67949973353738 -39.80903301148054 -46.8
      vertex -65.76726520691942 -39.8719248602992 -44
      vertex -65.67949973353738 -39.80903301148054 -44
    endloop
  endfacet
  facet normal -0.6343932841635822 0.7730104533627888 0
    outer loop
      vertex -65.59603549648665 -39.740535682340315 -46.8
      vertex -65.67949973353738 -39.80903301148054 -44
      vertex -65.59603549648665 -39.740535682340315 -44
    endloop
  endfacet
  facet normal -0.6835923020228788 0.7298640726978286 0
    outer loop
      vertex -65.51722990244396 -39.6667261889578 -46.8
      vertex -65.59603549648665 -39.740535682340315 -44
      vertex -65.51722990244396 -39.6667261889578 -44
    endloop
  endfacet
  facet normal -0.5824776968678721 -0.8128466845915652 0
    outer loop
      vertex -65.76726520691942 -37.1280751397008 -46.8
      vertex -65.67949973353738 -37.19096698851946 -44
      vertex -65.76726520691942 -37.1280751397008 -44
    endloop
  endfacet
  facet normal -0.4713967368259862 -0.8819212643483612 0
    outer loop
      vertex -65.95417975254041 -37.020159976471064 -46.8
      vertex -65.85895609140177 -37.07105808375567 -44
      vertex -65.95417975254041 -37.020159976471064 -44
    endloop
  endfacet
  facet normal -0.5280678506503556 -0.8492021815265866 0
    outer loop
      vertex -65.85895609140177 -37.07105808375567 -46.8
      vertex -65.76726520691942 -37.1280751397008 -44
      vertex -65.85895609140177 -37.07105808375567 -44
    endloop
  endfacet
  facet normal -0.6343932841635822 -0.7730104533627888 0
    outer loop
      vertex -65.67949973353738 -37.19096698851946 -46.8
      vertex -65.59603549648665 -37.259464317659685 -44
      vertex -65.67949973353738 -37.19096698851946 -44
    endloop
  endfacet
  facet normal -0.6835923020229445 -0.7298640726977671 0
    outer loop
      vertex -65.59603549648665 -37.259464317659685 -46.8
      vertex -65.51722990244397 -37.3332738110422 -44
      vertex -65.59603549648665 -37.259464317659685 -44
    endloop
  endfacet
  facet normal -0.7298640726978286 -0.6835923020228788 0
    outer loop
      vertex -65.51722990244397 -37.3332738110422 -46.8
      vertex -65.44342040906146 -37.41207940508489 -44
      vertex -65.51722990244397 -37.3332738110422 -44
    endloop
  endfacet
  facet normal -0.7298640726978635 0.6835923020228414 0
    outer loop
      vertex -65.44342040906146 -39.58792059491512 -46.8
      vertex -65.51722990244396 -39.6667261889578 -44
      vertex -65.44342040906146 -39.58792059491512 -44
    endloop
  endfacet
  facet normal -0.7730104533627946 0.6343932841635752 0
    outer loop
      vertex -65.37492307992125 -39.50445635786439 -46.8
      vertex -65.44342040906146 -39.58792059491512 -44
      vertex -65.37492307992125 -39.50445635786439 -44
    endloop
  endfacet
  facet normal -0.8128466845915474 0.5824776968678967 0
    outer loop
      vertex -65.31203123110257 -39.41669088448234 -46.8
      vertex -65.37492307992125 -39.50445635786439 -44
      vertex -65.31203123110257 -39.41669088448234 -44
    endloop
  endfacet
  facet normal -0.8492021815265866 0.5280678506503556 0
    outer loop
      vertex -65.25501417515744 -39.324999999999996 -46.8
      vertex -65.31203123110257 -39.41669088448234 -44
      vertex -65.25501417515744 -39.324999999999996 -44
    endloop
  endfacet
  facet normal -0.8819212643483612 0.4713967368259862 0
    outer loop
      vertex -65.20411606787283 -39.22977633886135 -46.8
      vertex -65.25501417515744 -39.324999999999996 -44
      vertex -65.20411606787283 -39.22977633886135 -44
    endloop
  endfacet
  facet normal -0.9108638249211632 0.41270702980442237 0
    outer loop
      vertex -65.15955486275814 -39.1314276634024 -46.8
      vertex -65.20411606787283 -39.22977633886135 -44
      vertex -65.15955486275814 -39.1314276634024 -44
    endloop
  endfacet
  facet normal -0.9359059267573194 0.35225004792124986 0
    outer loop
      vertex -65.12152137773484 -39.03037511775021 -46.8
      vertex -65.15955486275814 -39.1314276634024 -44
      vertex -65.12152137773484 -39.03037511775021 -44
    endloop
  endfacet
  facet normal -0.9569403357322396 0.290284677254361 0
    outer loop
      vertex -65.09017847802481 -38.927051424419155 -46.8
      vertex -65.12152137773484 -39.03037511775021 -44
      vertex -65.09017847802481 -38.927051424419155 -44
    endloop
  endfacet
  facet normal -0.9738769792773206 0.22707626303442907 0
    outer loop
      vertex -65.06566037873644 -38.821899031326616 -46.8
      vertex -65.09017847802481 -38.927051424419155 -44
      vertex -65.06566037873644 -38.821899031326616 -44
    endloop
  endfacet
  facet normal -0.9866433320848734 0.16289547339462243 0
    outer loop
      vertex -65.04807207013498 -38.71536821716309 -46.8
      vertex -65.06566037873644 -38.821899031326616 -44
      vertex -65.04807207013498 -38.71536821716309 -44
    endloop
  endfacet
  facet normal -0.9951847266722039 0.09801714032948941 0
    outer loop
      vertex -65.03748886805808 -38.607915163229734 -46.8
      vertex -65.04807207013498 -38.71536821716309 -44
      vertex -65.03748886805808 -38.607915163229734 -44
    endloop
  endfacet
  facet normal -0.9994645874763668 0.03271908282173807 0
    outer loop
      vertex -65.03395609140178 -38.5 -46.8
      vertex -65.03748886805808 -38.607915163229734 -44
      vertex -65.03395609140178 -38.5 -44
    endloop
  endfacet
  facet normal -0.9866433320848946 -0.16289547339449434 0
    outer loop
      vertex -65.06566037873642 -38.178100968673384 -46.8
      vertex -65.04807207013498 -38.28463178283691 -44
      vertex -65.06566037873642 -38.178100968673384 -44
    endloop
  endfacet
  facet normal -0.9738769792772624 -0.22707626303467873 0
    outer loop
      vertex -65.09017847802482 -38.072948575580845 -46.8
      vertex -65.06566037873642 -38.178100968673384 -44
      vertex -65.09017847802482 -38.072948575580845 -44
    endloop
  endfacet
  facet normal -0.9994645874763668 -0.03271908282173807 0
    outer loop
      vertex -65.03748886805808 -38.392084836770266 -46.8
      vertex -65.03395609140178 -38.5 -44
      vertex -65.03748886805808 -38.392084836770266 -44
    endloop
  endfacet
  facet normal -0.9951847266722039 -0.09801714032948941 0
    outer loop
      vertex -65.04807207013498 -38.28463178283691 -46.8
      vertex -65.03748886805808 -38.392084836770266 -44
      vertex -65.04807207013498 -38.28463178283691 -44
    endloop
  endfacet
  facet normal -0.7730104533627036 -0.6343932841636861 0
    outer loop
      vertex -65.44342040906146 -37.41207940508489 -46.8
      vertex -65.37492307992123 -37.49554364213561 -44
      vertex -65.44342040906146 -37.41207940508489 -44
    endloop
  endfacet
  facet normal -0.8492021815265093 -0.52806785065048 0
    outer loop
      vertex -65.31203123110258 -37.58330911551766 -46.8
      vertex -65.25501417515744 -37.675 -44
      vertex -65.31203123110258 -37.58330911551766 -44
    endloop
  endfacet
  facet normal -0.812846684591672 -0.5824776968677228 0
    outer loop
      vertex -65.37492307992123 -37.49554364213561 -46.8
      vertex -65.31203123110258 -37.58330911551766 -44
      vertex -65.37492307992123 -37.49554364213561 -44
    endloop
  endfacet
  facet normal -0.8819212643484304 -0.4713967368258565 0
    outer loop
      vertex -65.25501417515744 -37.675 -46.8
      vertex -65.20411606787285 -37.77022366113865 -44
      vertex -65.25501417515744 -37.675 -44
    endloop
  endfacet
  facet normal -0.9108638249211632 -0.41270702980442237 0
    outer loop
      vertex -65.20411606787285 -37.77022366113865 -46.8
      vertex -65.15955486275816 -37.8685723365976 -44
      vertex -65.20411606787285 -37.77022366113865 -44
    endloop
  endfacet
  facet normal -0.9359059267573114 -0.3522500479212716 0
    outer loop
      vertex -65.15955486275816 -37.8685723365976 -46.8
      vertex -65.12152137773485 -37.96962488224978 -44
      vertex -65.15955486275816 -37.8685723365976 -44
    endloop
  endfacet
  facet normal -0.9569403357322452 -0.2902846772543427 0
    outer loop
      vertex -65.12152137773485 -37.96962488224978 -46.8
      vertex -65.09017847802482 -38.072948575580845 -44
      vertex -65.12152137773485 -37.96962488224978 -44
    endloop
  endfacet
  facet normal 0.7071067811865485 -0.7071067811865466 -1.1356949016430438e-16
    outer loop
      vertex -57.9827560572969 -57.9827560572969 -48
      vertex -54.669029509234434 -54.669029509234434 -46.739103626009026
      vertex -54.702750621851585 -54.702750621851585 -46.71749819322615
    endloop
  endfacet
  facet normal 0.7071067811865467 -0.7071067811865482 4.017880443572022e-15
    outer loop
      vertex -57.9827560572969 -57.9827560572969 -48
      vertex -54.702750621851585 -54.702750621851585 -46.71749819322615
      vertex -54.735400251204396 -54.735400251204396 -46.692820323027554
    endloop
  endfacet
  facet normal 0.7071067811865477 -0.7071067811865474 -1.794870677737952e-15
    outer loop
      vertex -57.9827560572969 -57.9827560572969 -48
      vertex -54.735400251204396 -54.735400251204396 -46.692820323027554
      vertex -54.7668385865675 -54.7668385865675 -46.66517568984204
    endloop
  endfacet
  facet normal 0.7071067811865492 -0.7071067811865459 -4.496953238070158e-15
    outer loop
      vertex -57.9827560572969 -57.9827560572969 -48
      vertex -54.7668385865675 -54.7668385865675 -46.66517568984204
      vertex -54.79693100416238 -54.79693100416238 -46.63468267223299
    endloop
  endfacet
  facet normal 0.7071067811865464 -0.7071067811865487 3.992754056190385e-15
    outer loop
      vertex -57.9827560572969 -57.9827560572969 -48
      vertex -54.79693100416238 -54.79693100416238 -46.63468267223299
      vertex -54.82554864363702 -54.82554864363702 -46.601471845983184
    endloop
  endfacet
  facet normal 0.707106781186548 -0.707106781186547 -1.1503820496303905e-15
    outer loop
      vertex -57.9827560572969 -57.9827560572969 -48
      vertex -54.82554864363702 -54.82554864363702 -46.601471845983184
      vertex -54.85256895986573 -54.85256895986573 -46.56568542494924
    endloop
  endfacet
  facet normal 0.7071067811865485 -0.7071067811865466 -3.4628061224930658e-15
    outer loop
      vertex -57.9827560572969 -57.9827560572969 -48
      vertex -54.85256895986573 -54.85256895986573 -46.56568542494924
      vertex -54.87787624770618 -54.87787624770618 -46.527476652080054
    endloop
  endfacet
  facet normal 0.7071067811865477 -0.7071067811865475 -2.825364024802997e-15
    outer loop
      vertex -57.9827560572969 -57.9827560572969 -48
      vertex -54.87787624770618 -54.87787624770618 -46.527476652080054
      vertex -54.9013621374666 -54.9013621374666 -46.487009143206976
    endloop
  endfacet
  facet normal 0.7071067811865477 -0.7071067811865471 -3.4989307740124807e-15
    outer loop
      vertex -57.9827560572969 -57.9827560572969 -48
      vertex -54.59895440004903 -54.59895440004903 -46.77274066103126
      vertex -54.63438131233411 -54.63438131233411 -46.75754410359608
    endloop
  endfacet
  facet normal 0.707106781186549 -0.707106781186546 1.844884370101204e-15
    outer loop
      vertex -57.9827560572969 -57.9827560572969 -48
      vertex -54.63438131233411 -54.63438131233411 -46.75754410359608
      vertex -54.669029509234434 -54.669029509234434 -46.739103626009026
    endloop
  endfacet
  facet normal 0.7071067811865475 -0.7071067811865475 4.826469933443886e-17
    outer loop
      vertex -57.9827560572969 -57.9827560572969 -48
      vertex -50.91168824543143 -50.91168824543143 -48
      vertex -54.59895440004903 -54.59895440004903 -46.77274066103126
    endloop
  endfacet
  facet normal 0.7071067811865027 -0.7071067811865922 -3.586230769034603e-13
    outer loop
      vertex -50.91168824543143 -50.91168824543143 -48
      vertex -54.56290047585646 -54.56290047585646 -46.78462822432258
      vertex -54.59895440004903 -54.59895440004903 -46.77274066103126
    endloop
  endfacet
  facet normal 0.7071067811865495 -0.7071067811865456 -7.991119600032567e-15
    outer loop
      vertex -50.91168824543143 -50.91168824543143 -48
      vertex -54.452529965668454 -54.452529965668454 -46.8
      vertex -54.48953116934901 -54.48953116934901 -46.79828713859088
    endloop
  endfacet
  facet normal 0.7071067811865408 -0.7071067811865541 1.4989377375123883e-14
    outer loop
      vertex -50.91168824543143 -50.91168824543143 -48
      vertex -54.48953116934901 -54.48953116934901 -46.79828713859088
      vertex -54.52637392819487 -54.52637392819487 -46.79315588909905
    endloop
  endfacet
  facet normal 0.7071067811865334 -0.7071067811865617 -2.8314170822382825e-14
    outer loop
      vertex -50.91168824543143 -50.91168824543143 -48
      vertex -54.52637392819487 -54.52637392819487 -46.79315588909905
      vertex -54.56290047585646 -54.56290047585646 -46.78462822432258
    endloop
  endfacet
  facet normal 0.7071067811865506 -0.7071067811865446 -9.901478169108054e-15
    outer loop
      vertex -50.91168824543143 -50.91168824543143 -48
      vertex -54.4155287619879 -54.4155287619879 -46.79828713859088
      vertex -54.452529965668454 -54.452529965668454 -46.8
    endloop
  endfacet
  facet normal 0.7071067811865477 -0.7071067811865475 9.410513140716104e-15
    outer loop
      vertex -50.91168824543143 -50.91168824543143 -48
      vertex -54.37868600314204 -54.37868600314204 -46.79315588909905
      vertex -54.4155287619879 -54.4155287619879 -46.79828713859088
    endloop
  endfacet
  facet normal 0.7071067811865444 -0.7071067811865506 -3.595630546507456e-15
    outer loop
      vertex -50.91168824543143 -50.91168824543143 -48
      vertex -54.34215945548045 -54.34215945548045 -46.78462822432258
      vertex -54.37868600314204 -54.37868600314204 -46.79315588909905
    endloop
  endfacet
  facet normal 0.7071067811865472 -0.7071067811865477 -1.467863358962209e-15
    outer loop
      vertex -50.91168824543143 -50.91168824543143 -48
      vertex -54.306105531287876 -54.306105531287876 -46.77274066103126
      vertex -54.34215945548045 -54.34215945548045 -46.78462822432258
    endloop
  endfacet
  facet normal 0.7071067811865472 -0.7071067811865479 -2.362785936838617e-15
    outer loop
      vertex -50.91168824543143 -50.91168824543143 -48
      vertex -54.2706786190028 -54.2706786190028 -46.75754410359608
      vertex -54.306105531287876 -54.306105531287876 -46.77274066103126
    endloop
  endfacet
  facet normal 0.7071067811865466 -0.7071067811865485 2.5960852165349786e-15
    outer loop
      vertex -50.91168824543143 -50.91168824543143 -48
      vertex -54.23603042210248 -54.23603042210248 -46.739103626009026
      vertex -54.2706786190028 -54.2706786190028 -46.75754410359608
    endloop
  endfacet
  facet normal 0.7071067811865486 -0.7071067811865465 3.823902829286721e-15
    outer loop
      vertex -50.91168824543143 -50.91168824543143 -48
      vertex -54.20230930948532 -54.20230930948532 -46.71749819322615
      vertex -54.23603042210248 -54.23603042210248 -46.739103626009026
    endloop
  endfacet
  facet normal 0.7071067811865477 -0.7071067811865474 -3.280625317075064e-16
    outer loop
      vertex -50.91168824543143 -50.91168824543143 -48
      vertex -54.16965968013251 -54.16965968013251 -46.692820323027554
      vertex -54.20230930948532 -54.20230930948532 -46.71749819322615
    endloop
  endfacet
  facet normal 0.7071067811865489 -0.7071067811865464 -1.157577511844923e-15
    outer loop
      vertex -50.91168824543143 -50.91168824543143 -48
      vertex -54.13822134476941 -54.13822134476941 -46.66517568984204
      vertex -54.16965968013251 -54.16965968013251 -46.692820323027554
    endloop
  endfacet
  facet normal 0.7071067811865465 -0.7071067811865486 2.689112099658675e-15
    outer loop
      vertex -50.91168824543143 -50.91168824543143 -48
      vertex -54.108128927174526 -54.108128927174526 -46.63468267223299
      vertex -54.13822134476941 -54.13822134476941 -46.66517568984204
    endloop
  endfacet
  facet normal 0.7071067811865476 -0.7071067811865477 -2.995923390950741e-15
    outer loop
      vertex -50.91168824543143 -50.91168824543143 -48
      vertex -54.07951128769989 -54.07951128769989 -46.601471845983184
      vertex -54.108128927174526 -54.108128927174526 -46.63468267223299
    endloop
  endfacet
  facet normal 0.7071067811865486 -0.7071067811865464 -3.1708741256934276e-16
    outer loop
      vertex -50.91168824543143 -50.91168824543143 -48
      vertex -54.05249097147118 -54.05249097147118 -46.56568542494924
      vertex -54.07951128769989 -54.07951128769989 -46.601471845983184
    endloop
  endfacet
  facet normal 0.707106781186546 -0.7071067811865489 -1.8072495907208138e-16
    outer loop
      vertex -50.91168824543143 -50.91168824543143 -48
      vertex -54.027183683630724 -54.027183683630724 -46.527476652080054
      vertex -54.05249097147118 -54.05249097147118 -46.56568542494924
    endloop
  endfacet
  facet normal 0.7071067811865486 -0.7071067811865465 -2.1087252633381437e-15
    outer loop
      vertex -50.91168824543143 -50.91168824543143 -48
      vertex -54.00369779387031 -54.00369779387031 -46.487009143206976
      vertex -54.027183683630724 -54.027183683630724 -46.527476652080054
    endloop
  endfacet
  facet normal 0.7071067811865461 -0.7071067811865488 -3.753476625340673e-16
    outer loop
      vertex -57.9827560572969 -57.9827560572969 -48
      vertex -54.9013621374666 -54.9013621374666 -46.487009143206976
      vertex -54.92292605896141 -54.92292605896141 -46.44445618641568
    endloop
  endfacet
  facet normal 0.7071067811865476 -0.7071067811865474 -1.5997932272847482e-15
    outer loop
      vertex -57.9827560572969 -57.9827560572969 -48
      vertex -54.92292605896141 -54.92292605896141 -46.44445618641568
      vertex -54.942475672168214 -54.942475672168214 -46.4
    endloop
  endfacet
  facet normal 0.7071067811865465 -0.7071067811865486 3.513805176150727e-15
    outer loop
      vertex -57.9827560572969 -57.9827560572969 -48
      vertex -54.942475672168214 -54.942475672168214 -46.4
      vertex -54.95992726264196 -54.95992726264196 -46.3538309521752
    endloop
  endfacet
  facet normal 0.7071067811865477 -0.7071067811865476 1.3713001375949082e-15
    outer loop
      vertex -57.9827560572969 -57.9827560572969 -48
      vertex -54.95992726264196 -54.95992726264196 -46.3538309521752
      vertex -54.97520609999301 -54.97520609999301 -46.30614674589207
    endloop
  endfacet
  facet normal 0.7071067811865469 -0.7071067811865481 -1.800833160352193e-15
    outer loop
      vertex -57.9827560572969 -57.9827560572969 -48
      vertex -54.97520609999301 -54.97520609999301 -46.30614674589207
      vertex -54.98824675789419 -54.98824675789419 -46.25715157224253
    endloop
  endfacet
  facet normal 0.7071067811865476 -0.7071067811865476 -8.798014368085428e-17
    outer loop
      vertex -57.9827560572969 -57.9827560572969 -48
      vertex -54.98824675789419 -54.98824675789419 -46.25715157224253
      vertex -54.99899339424631 -54.99899339424631 -46.20705523608201
    endloop
  endfacet
  facet normal 0.7071067811865468 -0.7071067811865483 2.3502953338349633e-15
    outer loop
      vertex -57.9827560572969 -57.9827560572969 -48
      vertex -54.99899339424631 -54.99899339424631 -46.20705523608201
      vertex -55.00739999030268 -55.00739999030268 -46.156072257612905
    endloop
  endfacet
  facet normal 0.7071067811865467 -0.7071067811865483 -1.2552239324482091e-15
    outer loop
      vertex -57.9827560572969 -57.9827560572969 -48
      vertex -55.00739999030268 -55.00739999030268 -46.156072257612905
      vertex -55.01343054772836 -55.01343054772836 -46.10442095377604
    endloop
  endfacet
  facet normal 0.7071067811865461 -0.7071067811865488 1.7243633884043072e-15
    outer loop
      vertex -57.9827560572969 -57.9827560572969 -48
      vertex -55.01343054772836 -55.01343054772836 -46.10442095377604
      vertex -55.01705924275063 -55.01705924275063 -46.05232250338411
    endloop
  endfacet
  facet normal 0.7071067811865472 -0.7071067811865479 -1.2542256434274555e-16
    outer loop
      vertex -57.9827560572969 -57.9827560572969 -48
      vertex -55.01705924275063 -55.01705924275063 -46.05232250338411
      vertex -55.01827053674033 -55.01827053674033 -46
    endloop
  endfacet
  facet normal 0.7071067811865479 -0.7071067811865472 -1.2940257262735136e-16
    outer loop
      vertex -57.9827560572969 -57.9827560572969 -48
      vertex -55.01827053674033 -55.01827053674033 -46
      vertex -55.01705924275063 -55.01705924275063 -45.94767749661589
    endloop
  endfacet
  facet normal 0.707106781186549 -0.707106781186546 1.8945564571227884e-15
    outer loop
      vertex -57.9827560572969 -57.9827560572969 -48
      vertex -55.01705924275063 -55.01705924275063 -45.94767749661589
      vertex -55.01343054772836 -55.01343054772836 -45.89557904622396
    endloop
  endfacet
  facet normal 0.7071067811865485 -0.7071067811865466 -1.4704576490731873e-15
    outer loop
      vertex -57.9827560572969 -57.9827560572969 -48
      vertex -55.01343054772836 -55.01343054772836 -45.89557904622396
      vertex -55.00739999030268 -55.00739999030268 -45.843927742387095
    endloop
  endfacet
  facet normal 0.7071067811865486 -0.7071067811865466 2.9419966137341483e-15
    outer loop
      vertex -57.9827560572969 -57.9827560572969 -48
      vertex -55.00739999030268 -55.00739999030268 -45.843927742387095
      vertex -54.99899339424631 -54.99899339424631 -45.79294476391799
    endloop
  endfacet
  facet normal 0.7071067811865476 -0.7071067811865476 -1.1805368001685844e-16
    outer loop
      vertex -57.9827560572969 -57.9827560572969 -48
      vertex -54.99899339424631 -54.99899339424631 -45.79294476391799
      vertex -54.98824675789419 -54.98824675789419 -45.74284842775747
    endloop
  endfacet
  facet normal 0.7071067811865485 -0.7071067811865466 -2.6017777864876945e-15
    outer loop
      vertex -57.9827560572969 -57.9827560572969 -48
      vertex -54.98824675789419 -54.98824675789419 -45.74284842775747
      vertex -54.97520609999301 -54.97520609999301 -45.69385325410793
    endloop
  endfacet
  facet normal 0.7071067811865475 -0.7071067811865476 2.146022894907316e-15
    outer loop
      vertex -57.9827560572969 -57.9827560572969 -48
      vertex -54.97520609999301 -54.97520609999301 -45.69385325410793
      vertex -54.95992726264196 -54.95992726264196 -45.6461690478248
    endloop
  endfacet
  facet normal 0.7071067811865493 -0.7071067811865456 6.004446938232395e-15
    outer loop
      vertex -57.9827560572969 -57.9827560572969 -48
      vertex -54.95992726264196 -54.95992726264196 -45.6461690478248
      vertex -54.942475672168214 -54.942475672168214 -45.6
    endloop
  endfacet
  facet normal 0.7071067811865475 -0.7071067811865478 -3.0175297624962643e-15
    outer loop
      vertex -57.9827560572969 -57.9827560572969 -48
      vertex -54.942475672168214 -54.942475672168214 -45.6
      vertex -54.92292605896141 -54.92292605896141 -45.55554381358432
    endloop
  endfacet
  facet normal 0.7071067811865503 -0.7071067811865447 -7.931398960934156e-16
    outer loop
      vertex -57.9827560572969 -57.9827560572969 -48
      vertex -54.92292605896141 -54.92292605896141 -45.55554381358432
      vertex -54.9013621374666 -54.9013621374666 -45.512990856793024
    endloop
  endfacet
  facet normal 0.7071067811865472 -0.7071067811865477 -6.829556406323365e-15
    outer loop
      vertex -57.9827560572969 -57.9827560572969 -48
      vertex -54.9013621374666 -54.9013621374666 -45.512990856793024
      vertex -54.87787624770618 -54.87787624770618 -45.472523347919946
    endloop
  endfacet
  facet normal 0.7071067811865448 -0.7071067811865501 -9.87466797115975e-15
    outer loop
      vertex -57.9827560572969 -57.9827560572969 -48
      vertex -54.87787624770618 -54.87787624770618 -45.472523347919946
      vertex -54.85256895986573 -54.85256895986573 -45.43431457505076
    endloop
  endfacet
  facet normal 0.7071067811865529 -0.7071067811865421 -4.062710137890182e-15
    outer loop
      vertex -57.9827560572969 -57.9827560572969 -48
      vertex -54.85256895986573 -54.85256895986573 -45.43431457505076
      vertex -54.82554864363702 -54.82554864363702 -45.398528154016816
    endloop
  endfacet
  facet normal 0.7071067811865424 -0.7071067811865526 1.9024673709657817e-14
    outer loop
      vertex -57.9827560572969 -57.9827560572969 -48
      vertex -54.82554864363702 -54.82554864363702 -45.398528154016816
      vertex -54.79693100416238 -54.79693100416238 -45.36531732776701
    endloop
  endfacet
  facet normal 0.7071067811865523 -0.7071067811865427 -3.4802266203314525e-14
    outer loop
      vertex -57.9827560572969 -57.9827560572969 -48
      vertex -54.79693100416238 -54.79693100416238 -45.36531732776701
      vertex -54.7668385865675 -54.7668385865675 -45.33482431015796
    endloop
  endfacet
  facet normal 0.7071067811865479 -0.707106781186547 -5.866976990081852e-16
    outer loop
      vertex -50.91168824543143 -50.91168824543143 -48
      vertex -53.9821338723755 -53.9821338723755 -46.44445618641568
      vertex -54.00369779387031 -54.00369779387031 -46.487009143206976
    endloop
  endfacet
  facet normal 0.7071067811865474 -0.7071067811865476 2.2121655036256507e-15
    outer loop
      vertex -50.91168824543143 -50.91168824543143 -48
      vertex -53.96258425916869 -53.96258425916869 -46.4
      vertex -53.9821338723755 -53.9821338723755 -46.44445618641568
    endloop
  endfacet
  facet normal 0.7071067811865476 -0.7071067811865475 -3.3076896846939377e-15
    outer loop
      vertex -50.91168824543143 -50.91168824543143 -48
      vertex -53.94513266869495 -53.94513266869495 -46.3538309521752
      vertex -53.96258425916869 -53.96258425916869 -46.4
    endloop
  endfacet
  facet normal 0.707106781186548 -0.7071067811865471 2.7644543438052664e-15
    outer loop
      vertex -50.91168824543143 -50.91168824543143 -48
      vertex -53.929853831343905 -53.929853831343905 -46.30614674589207
      vertex -53.94513266869495 -53.94513266869495 -46.3538309521752
    endloop
  endfacet
  facet normal 0.7071067811865472 -0.7071067811865478 1.0872364508972819e-15
    outer loop
      vertex -50.91168824543143 -50.91168824543143 -48
      vertex -53.91681317344272 -53.91681317344272 -46.25715157224253
      vertex -53.929853831343905 -53.929853831343905 -46.30614674589207
    endloop
  endfacet
  facet normal 0.7071067811865478 -0.7071067811865471 3.1265251166913786e-15
    outer loop
      vertex -50.91168824543143 -50.91168824543143 -48
      vertex -53.9060665370906 -53.9060665370906 -46.20705523608201
      vertex -53.91681317344272 -53.91681317344272 -46.25715157224253
    endloop
  endfacet
  facet normal 0.707106781186548 -0.707106781186547 2.213474423930186e-15
    outer loop
      vertex -50.91168824543143 -50.91168824543143 -48
      vertex -53.897659941034235 -53.897659941034235 -46.156072257612905
      vertex -53.9060665370906 -53.9060665370906 -46.20705523608201
    endloop
  endfacet
  facet normal 0.7071067811865483 -0.7071067811865467 -2.143728857719617e-15
    outer loop
      vertex -50.91168824543143 -50.91168824543143 -48
      vertex -53.89162938360855 -53.89162938360855 -46.10442095377604
      vertex -53.897659941034235 -53.897659941034235 -46.156072257612905
    endloop
  endfacet
  facet normal 0.7071067811865491 -0.7071067811865459 -1.979260932000862e-15
    outer loop
      vertex -50.91168824543143 -50.91168824543143 -48
      vertex -53.88800068858628 -53.88800068858628 -46.05232250338411
      vertex -53.89162938360855 -53.89162938360855 -46.10442095377604
    endloop
  endfacet
  facet normal 0.7071067811865472 -0.7071067811865477 2.572758188470496e-16
    outer loop
      vertex -50.91168824543143 -50.91168824543143 -48
      vertex -53.886789394596576 -53.886789394596576 -46
      vertex -53.88800068858628 -53.88800068858628 -46.05232250338411
    endloop
  endfacet
  facet normal 0.7071067811865477 -0.7071067811865474 2.654103079303228e-16
    outer loop
      vertex -50.91168824543143 -50.91168824543143 -48
      vertex -53.88800068858628 -53.88800068858628 -45.94767749661589
      vertex -53.886789394596576 -53.886789394596576 -46
    endloop
  endfacet
  facet normal 0.7071067811865457 -0.7071067811865492 -2.173880239770014e-15
    outer loop
      vertex -50.91168824543143 -50.91168824543143 -48
      vertex -53.89162938360855 -53.89162938360855 -45.89557904622396
      vertex -53.88800068858628 -53.88800068858628 -45.94767749661589
    endloop
  endfacet
  facet normal 0.7071067811865465 -0.7071067811865485 -2.5098877005563535e-15
    outer loop
      vertex -50.91168824543143 -50.91168824543143 -48
      vertex -53.897659941034235 -53.897659941034235 -45.843927742387095
      vertex -53.89162938360855 -53.89162938360855 -45.89557904622396
    endloop
  endfacet
  facet normal 0.7071067811865469 -0.7071067811865482 2.7684813047108136e-15
    outer loop
      vertex -50.91168824543143 -50.91168824543143 -48
      vertex -53.9060665370906 -53.9060665370906 -45.79294476391799
      vertex -53.897659941034235 -53.897659941034235 -45.843927742387095
    endloop
  endfacet
  facet normal 0.707106781186547 -0.7071067811865479 4.190739378540964e-15
    outer loop
      vertex -50.91168824543143 -50.91168824543143 -48
      vertex -53.91681317344272 -53.91681317344272 -45.74284842775747
      vertex -53.9060665370906 -53.9060665370906 -45.79294476391799
    endloop
  endfacet
  facet normal 0.7071067811865476 -0.7071067811865476 1.0494047173108036e-16
    outer loop
      vertex -57.9827560572969 -57.9827560572969 -48
      vertex -54.7668385865675 -54.7668385865675 -45.33482431015796
      vertex -55.176352806405056 -55.176352806405056 -44
    endloop
  endfacet
  facet normal 0.7071067811865475 -0.7071067811865475 0
    outer loop
      vertex -57.9827560572969 -57.9827560572969 -48
      vertex -55.176352806405056 -55.176352806405056 -44
      vertex -57.9827560572969 -57.9827560572969 -44
    endloop
  endfacet
  facet normal 0.7071067811865476 -0.7071067811865476 0
    outer loop
      vertex -50.91168824543143 -50.91168824543143 -48
      vertex -50.91168824543143 -50.91168824543143 -44
      vertex -53.91681317344272 -53.91681317344272 -45.74284842775747
    endloop
  endfacet
  facet normal 0.7071067811865476 -0.7071067811865475 -1.2972464163725067e-17
    outer loop
      vertex -53.91681317344272 -53.91681317344272 -45.74284842775747
      vertex -50.91168824543143 -50.91168824543143 -44
      vertex -53.929853831343905 -53.929853831343905 -45.69385325410793
    endloop
  endfacet
  facet normal 0.7071067811865476 -0.7071067811865476 -9.787789736337998e-18
    outer loop
      vertex -53.929853831343905 -53.929853831343905 -45.69385325410793
      vertex -50.91168824543143 -50.91168824543143 -44
      vertex -53.94513266869495 -53.94513266869495 -45.6461690478248
    endloop
  endfacet
  facet normal 0.7071067811865476 -0.7071067811865476 -1.1971082618921363e-17
    outer loop
      vertex -53.94513266869495 -53.94513266869495 -45.6461690478248
      vertex -50.91168824543143 -50.91168824543143 -44
      vertex -53.96258425916869 -53.96258425916869 -45.6
    endloop
  endfacet
  facet normal 0.7071067811865475 -0.7071067811865475 1.2667443960234634e-17
    outer loop
      vertex -53.96258425916869 -53.96258425916869 -45.6
      vertex -50.91168824543143 -50.91168824543143 -44
      vertex -53.9821338723755 -53.9821338723755 -45.55554381358432
    endloop
  endfacet
  facet normal 0.7071067811865475 -0.7071067811865475 -2.4863207051473e-17
    outer loop
      vertex -53.9821338723755 -53.9821338723755 -45.55554381358432
      vertex -50.91168824543143 -50.91168824543143 -44
      vertex -54.00369779387031 -54.00369779387031 -45.512990856793024
    endloop
  endfacet
  facet normal 0.7071067811865475 -0.7071067811865476 -4.292842457550609e-18
    outer loop
      vertex -54.7668385865675 -54.7668385865675 -45.33482431015796
      vertex -54.735400251204396 -54.735400251204396 -45.307179676972446
      vertex -55.176352806405056 -55.176352806405056 -44
    endloop
  endfacet
  facet normal 0.7071067811865476 -0.7071067811865476 9.418997439436943e-18
    outer loop
      vertex -54.735400251204396 -54.735400251204396 -45.307179676972446
      vertex -54.702750621851585 -54.702750621851585 -45.28250180677385
      vertex -55.176352806405056 -55.176352806405056 -44
    endloop
  endfacet
  facet normal 0.7071067811865476 -0.7071067811865476 -1.3625220905215102e-17
    outer loop
      vertex -54.702750621851585 -54.702750621851585 -45.28250180677385
      vertex -54.669029509234434 -54.669029509234434 -45.260896373990974
      vertex -55.176352806405056 -55.176352806405056 -44
    endloop
  endfacet
  facet normal 0.7071067811865475 -0.7071067811865476 -2.276009107848593e-17
    outer loop
      vertex -54.669029509234434 -54.669029509234434 -45.260896373990974
      vertex -54.63438131233411 -54.63438131233411 -45.24245589640392
      vertex -55.176352806405056 -55.176352806405056 -44
    endloop
  endfacet
  facet normal 0.7071067811865475 -0.7071067811865475 -9.159644883140179e-18
    outer loop
      vertex -54.63438131233411 -54.63438131233411 -45.24245589640392
      vertex -54.59895440004903 -54.59895440004903 -45.22725933896874
      vertex -55.176352806405056 -55.176352806405056 -44
    endloop
  endfacet
  facet normal 0.7071067811865476 -0.7071067811865475 3.2232626417451454e-18
    outer loop
      vertex -54.59895440004903 -54.59895440004903 -45.22725933896874
      vertex -54.56290047585646 -54.56290047585646 -45.21537177567742
      vertex -55.176352806405056 -55.176352806405056 -44
    endloop
  endfacet
  facet normal 0.7071067811865477 -0.7071067811865476 6.094462006751813e-17
    outer loop
      vertex -54.23603042210248 -54.23603042210248 -45.260896373990974
      vertex -55.176352806405056 -55.176352806405056 -44
      vertex -54.2706786190028 -54.2706786190028 -45.24245589640392
    endloop
  endfacet
  facet normal 0.7071067811865476 -0.7071067811865476 4.740389924461381e-18
    outer loop
      vertex -54.34215945548045 -54.34215945548045 -45.21537177567742
      vertex -54.306105531287876 -54.306105531287876 -45.22725933896874
      vertex -55.176352806405056 -55.176352806405056 -44
    endloop
  endfacet
  facet normal 0.7071067811865476 -0.7071067811865475 5.728995824632629e-17
    outer loop
      vertex -54.2706786190028 -54.2706786190028 -45.24245589640392
      vertex -55.176352806405056 -55.176352806405056 -44
      vertex -54.306105531287876 -54.306105531287876 -45.22725933896874
    endloop
  endfacet
  facet normal 0.7071067811865477 -0.7071067811865475 -3.715658107944411e-17
    outer loop
      vertex -54.20230930948532 -54.20230930948532 -45.28250180677385
      vertex -54.16965968013251 -54.16965968013251 -45.307179676972446
      vertex -55.176352806405056 -55.176352806405056 -44
    endloop
  endfacet
  facet normal 0.7071067811865476 -0.7071067811865476 -6.137407077361589e-17
    outer loop
      vertex -54.20230930948532 -54.20230930948532 -45.28250180677385
      vertex -55.176352806405056 -55.176352806405056 -44
      vertex -54.23603042210248 -54.23603042210248 -45.260896373990974
    endloop
  endfacet
  facet normal 0.7071067811865475 -0.7071067811865476 1.9961064596512803e-17
    outer loop
      vertex -54.56290047585646 -54.56290047585646 -45.21537177567742
      vertex -54.52637392819487 -54.52637392819487 -45.20684411090095
      vertex -55.176352806405056 -55.176352806405056 -44
    endloop
  endfacet
  facet normal 0.7071067811865475 -0.7071067811865475 -1.7447854625840105e-17
    outer loop
      vertex -54.52637392819487 -54.52637392819487 -45.20684411090095
      vertex -54.48953116934901 -54.48953116934901 -45.20171286140912
      vertex -55.176352806405056 -55.176352806405056 -44
    endloop
  endfacet
  facet normal 0.7071067811865476 -0.7071067811865476 4.7914772705967055e-18
    outer loop
      vertex -54.48953116934901 -54.48953116934901 -45.20171286140912
      vertex -54.452529965668454 -54.452529965668454 -45.2
      vertex -55.176352806405056 -55.176352806405056 -44
    endloop
  endfacet
  facet normal 0.7071067811865476 -0.7071067811865476 -1.2104791591509394e-17
    outer loop
      vertex -54.452529965668454 -54.452529965668454 -45.2
      vertex -54.4155287619879 -54.4155287619879 -45.20171286140912
      vertex -55.176352806405056 -55.176352806405056 -44
    endloop
  endfacet
  facet normal 0.7071067811865476 -0.7071067811865476 2.8709363090443387e-17
    outer loop
      vertex -54.37868600314204 -54.37868600314204 -45.20684411090095
      vertex -54.34215945548045 -54.34215945548045 -45.21537177567742
      vertex -55.176352806405056 -55.176352806405056 -44
    endloop
  endfacet
  facet normal 0.7071067811865476 -0.7071067811865476 2.22702561161875e-17
    outer loop
      vertex -54.37868600314204 -54.37868600314204 -45.20684411090095
      vertex -55.176352806405056 -55.176352806405056 -44
      vertex -54.4155287619879 -54.4155287619879 -45.20171286140912
    endloop
  endfacet
  facet normal 0.7071067811865475 -0.7071067811865475 -1.865433286569183e-18
    outer loop
      vertex -54.00369779387031 -54.00369779387031 -45.512990856793024
      vertex -50.91168824543143 -50.91168824543143 -44
      vertex -54.027183683630724 -54.027183683630724 -45.472523347919946
    endloop
  endfacet
  facet normal 0.7071067811865476 -0.7071067811865476 -2.918101039380151e-17
    outer loop
      vertex -54.027183683630724 -54.027183683630724 -45.472523347919946
      vertex -50.91168824543143 -50.91168824543143 -44
      vertex -54.05249097147118 -54.05249097147118 -45.43431457505076
    endloop
  endfacet
  facet normal 0.7071067811865476 -0.7071067811865476 2.0644766168453004e-17
    outer loop
      vertex -54.07951128769989 -54.07951128769989 -45.398528154016816
      vertex -54.05249097147118 -54.05249097147118 -45.43431457505076
      vertex -50.91168824543143 -50.91168824543143 -44
    endloop
  endfacet
  facet normal 0.7071067811865476 -0.7071067811865476 -1.5408665308988497e-17
    outer loop
      vertex -54.07951128769989 -54.07951128769989 -45.398528154016816
      vertex -50.91168824543143 -50.91168824543143 -44
      vertex -54.108128927174526 -54.108128927174526 -45.36531732776701
    endloop
  endfacet
  facet normal 0.7071067811865476 -0.7071067811865476 -2.0271465244759203e-17
    outer loop
      vertex -54.108128927174526 -54.108128927174526 -45.36531732776701
      vertex -50.91168824543143 -50.91168824543143 -44
      vertex -54.13822134476941 -54.13822134476941 -45.33482431015796
    endloop
  endfacet
  facet normal 0.7071067811865476 -0.7071067811865476 3.2597902033698246e-17
    outer loop
      vertex -54.13822134476941 -54.13822134476941 -45.33482431015796
      vertex -50.91168824543143 -50.91168824543143 -44
      vertex -54.16965968013251 -54.16965968013251 -45.307179676972446
    endloop
  endfacet
  facet normal 0.7071067811865475 -0.7071067811865475 2.0398614716684417e-18
    outer loop
      vertex -54.16965968013251 -54.16965968013251 -45.307179676972446
      vertex -50.91168824543143 -50.91168824543143 -44
      vertex -55.176352806405056 -55.176352806405056 -44
    endloop
  endfacet
  facet normal 0.7071067811865471 0.707106781186548 -3.711890554566492e-15
    outer loop
      vertex -57.9827560572969 57.9827560572969 -48
      vertex -54.72615525995543 54.72615525995543 -46.923879532511286
      vertex -54.68284263881719 54.68284263881719 -46.94693012949511
    endloop
  endfacet
  facet normal 0.7071067811865474 0.7071067811865476 2.031305103456698e-15
    outer loop
      vertex -57.9827560572969 57.9827560572969 -48
      vertex -54.768308962191334 54.768308962191334 -46.89687274153269
      vertex -54.72615525995543 54.72615525995543 -46.923879532511286
    endloop
  endfacet
  facet normal 0.7071067811865477 0.7071067811865474 1.111079354238975e-15
    outer loop
      vertex -57.9827560572969 57.9827560572969 -48
      vertex -54.80912323690036 54.80912323690036 -46.86602540378444
      vertex -54.768308962191334 54.768308962191334 -46.89687274153269
    endloop
  endfacet
  facet normal 0.7071067811865471 0.707106781186548 -6.172534968316972e-15
    outer loop
      vertex -57.9827560572969 57.9827560572969 -48
      vertex -54.638556570069795 54.638556570069795 -46.965925826289066
      vertex -54.59348669345854 54.59348669345854 -46.98078528040323
    endloop
  endfacet
  facet normal 0.7071067811865475 0.7071067811865476 3.968456587933149e-15
    outer loop
      vertex -57.9827560572969 57.9827560572969 -48
      vertex -54.68284263881719 54.68284263881719 -46.94693012949511
      vertex -54.638556570069795 54.638556570069795 -46.965925826289066
    endloop
  endfacet
  facet normal 0.7071067811865476 0.7071067811865477 3.1389480551534575e-16
    outer loop
      vertex -57.9827560572969 57.9827560572969 -48
      vertex -54.8484233110923 54.8484233110923 -46.83146961230255
      vertex -54.80912323690036 54.80912323690036 -46.86602540378444
    endloop
  endfacet
  facet normal 0.7071067811865475 0.7071067811865475 -3.5078136531122312e-15
    outer loop
      vertex -57.9827560572969 57.9827560572969 -48
      vertex -54.88604089581598 54.88604089581598 -46.79335334029123
      vertex -54.8484233110923 54.8484233110923 -46.83146961230255
    endloop
  endfacet
  facet normal 0.7071067811865467 0.7071067811865483 2.3336827313257947e-16
    outer loop
      vertex -57.9827560572969 57.9827560572969 -48
      vertex -54.92181490679848 54.92181490679848 -46.75183980747898
      vertex -54.88604089581598 54.88604089581598 -46.79335334029123
    endloop
  endfacet
  facet normal 0.7071067811865477 0.7071067811865472 -3.1868956337434946e-15
    outer loop
      vertex -57.9827560572969 57.9827560572969 -48
      vertex -54.95559215423264 54.95559215423264 -46.707106781186546
      vertex -54.92181490679848 54.92181490679848 -46.75183980747898
    endloop
  endfacet
  facet normal 0.707106781186547 0.707106781186548 7.439810310586019e-16
    outer loop
      vertex -57.9827560572969 57.9827560572969 -48
      vertex -54.98722799875936 54.98722799875936 -46.65934581510007
      vertex -54.95559215423264 54.95559215423264 -46.707106781186546
    endloop
  endfacet
  facet normal 0.707106781186548 0.7071067811865468 5.925033248764753e-16
    outer loop
      vertex -57.9827560572969 57.9827560572969 -48
      vertex -55.016586970835576 55.016586970835576 -46.60876142900872
      vertex -54.98722799875936 54.98722799875936 -46.65934581510007
    endloop
  endfacet
  facet normal 0.7071067811865471 0.7071067811865478 -4.0865248008313863e-16
    outer loop
      vertex -57.9827560572969 57.9827560572969 -48
      vertex -55.043543350835556 55.043543350835556 -46.5555702330196
      vertex -55.016586970835576 55.016586970835576 -46.60876142900872
    endloop
  endfacet
  facet normal 0.7071067811865479 0.7071067811865472 1.8826833632303505e-15
    outer loop
      vertex -57.9827560572969 57.9827560572969 -48
      vertex -55.06798170740175 55.06798170740175 -46.5
      vertex -55.043543350835556 55.043543350835556 -46.5555702330196
    endloop
  endfacet
  facet normal 0.7071067811865475 0.7071067811865475 -1.043734004474993e-16
    outer loop
      vertex -57.9827560572969 57.9827560572969 -48
      vertex -54.59348669345854 54.59348669345854 -46.98078528040323
      vertex -50.91168824543143 50.91168824543143 -48
    endloop
  endfacet
  facet normal 0.7071067811865629 0.707106781186532 -2.6402175018709524e-14
    outer loop
      vertex -50.91168824543143 50.91168824543143 -48
      vertex -54.59348669345854 54.59348669345854 -46.98078528040323
      vertex -54.547826005114324 54.547826005114324 -46.99144486137381
    endloop
  endfacet
  facet normal 0.7071067811865459 0.7071067811865489 1.084504057799782e-14
    outer loop
      vertex -50.91168824543143 50.91168824543143 -48
      vertex -54.547826005114324 54.547826005114324 -46.99144486137381
      vertex -54.50177003111461 54.50177003111461 -46.9978589232386
    endloop
  endfacet
  facet normal 0.7071067811865495 0.7071067811865456 1.4851507762792834e-14
    outer loop
      vertex -50.91168824543143 50.91168824543143 -48
      vertex -54.50177003111461 54.50177003111461 -46.9978589232386
      vertex -54.455515990210685 54.455515990210685 -47
    endloop
  endfacet
  facet normal 0.7071067811865489 0.7071067811865461 -1.164631886900731e-14
    outer loop
      vertex -50.91168824543143 50.91168824543143 -48
      vertex -54.455515990210685 54.455515990210685 -47
      vertex -54.40926194930676 54.40926194930676 -46.9978589232386
    endloop
  endfacet
  facet normal 0.7071067811865468 0.7071067811865482 -5.690994101198704e-18
    outer loop
      vertex -50.91168824543143 50.91168824543143 -48
      vertex -54.40926194930676 54.40926194930676 -46.9978589232386
      vertex -54.36320597530705 54.36320597530705 -46.99144486137381
    endloop
  endfacet
  facet normal 0.7071067811865481 0.7071067811865469 -2.356692975745557e-15
    outer loop
      vertex -50.91168824543143 50.91168824543143 -48
      vertex -54.36320597530705 54.36320597530705 -46.99144486137381
      vertex -54.31754528696283 54.31754528696283 -46.98078528040323
    endloop
  endfacet
  facet normal 0.7071067811865472 0.7071067811865478 6.356819942091719e-15
    outer loop
      vertex -50.91168824543143 50.91168824543143 -48
      vertex -54.31754528696283 54.31754528696283 -46.98078528040323
      vertex -54.27247541035157 54.27247541035157 -46.965925826289066
    endloop
  endfacet
  facet normal 0.7071067811865477 0.7071067811865475 3.8360522377189796e-15
    outer loop
      vertex -50.91168824543143 50.91168824543143 -48
      vertex -54.27247541035157 54.27247541035157 -46.965925826289066
      vertex -54.22818934160418 54.22818934160418 -46.94693012949511
    endloop
  endfacet
  facet normal 0.7071067811865479 0.7071067811865471 -4.19343783631875e-15
    outer loop
      vertex -50.91168824543143 50.91168824543143 -48
      vertex -54.22818934160418 54.22818934160418 -46.94693012949511
      vertex -54.18487672046594 54.18487672046594 -46.923879532511286
    endloop
  endfacet
  facet normal 0.7071067811865476 0.7071067811865475 6.66598032289363e-16
    outer loop
      vertex -50.91168824543143 50.91168824543143 -48
      vertex -54.18487672046594 54.18487672046594 -46.923879532511286
      vertex -54.142723018230036 54.142723018230036 -46.89687274153269
    endloop
  endfacet
  facet normal 0.7071067811865468 0.7071067811865483 -2.5544580670485582e-15
    outer loop
      vertex -50.91168824543143 50.91168824543143 -48
      vertex -54.142723018230036 54.142723018230036 -46.89687274153269
      vertex -54.101908743521 54.101908743521 -46.86602540378444
    endloop
  endfacet
  facet normal 0.7071067811865475 0.7071067811865475 -3.8724187811532414e-15
    outer loop
      vertex -50.91168824543143 50.91168824543143 -48
      vertex -54.101908743521 54.101908743521 -46.86602540378444
      vertex -54.062608669329066 54.062608669329066 -46.83146961230255
    endloop
  endfacet
  facet normal 0.7071067811865479 0.707106781186547 2.363313250071211e-15
    outer loop
      vertex -50.91168824543143 50.91168824543143 -48
      vertex -54.062608669329066 54.062608669329066 -46.83146961230255
      vertex -54.02499108460538 54.02499108460538 -46.79335334029123
    endloop
  endfacet
  facet normal 0.7071067811865478 0.7071067811865474 -3.1835308054685717e-15
    outer loop
      vertex -50.91168824543143 50.91168824543143 -48
      vertex -54.02499108460538 54.02499108460538 -46.79335334029123
      vertex -53.98921707362289 53.98921707362289 -46.75183980747898
    endloop
  endfacet
  facet normal 0.7071067811865472 0.7071067811865477 -1.6690505162271165e-16
    outer loop
      vertex -50.91168824543143 50.91168824543143 -48
      vertex -53.98921707362289 53.98921707362289 -46.75183980747898
      vertex -53.95543982618872 53.95543982618872 -46.707106781186546
    endloop
  endfacet
  facet normal 0.7071067811865485 0.7071067811865466 8.924957275529061e-16
    outer loop
      vertex -50.91168824543143 50.91168824543143 -48
      vertex -53.95543982618872 53.95543982618872 -46.707106781186546
      vertex -53.923803981662005 53.923803981662005 -46.65934581510007
    endloop
  endfacet
  facet normal 0.707106781186547 0.707106781186548 -2.1416739849182153e-15
    outer loop
      vertex -50.91168824543143 50.91168824543143 -48
      vertex -53.923803981662005 53.923803981662005 -46.65934581510007
      vertex -53.894445009585795 53.894445009585795 -46.60876142900872
    endloop
  endfacet
  facet normal 0.7071067811865474 0.7071067811865476 -8.133461817916686e-16
    outer loop
      vertex -50.91168824543143 50.91168824543143 -48
      vertex -53.894445009585795 53.894445009585795 -46.60876142900872
      vertex -53.867488629585814 53.867488629585814 -46.5555702330196
    endloop
  endfacet
  facet normal 0.7071067811865476 0.7071067811865475 2.7563134192572368e-15
    outer loop
      vertex -50.91168824543143 50.91168824543143 -48
      vertex -53.867488629585814 53.867488629585814 -46.5555702330196
      vertex -53.84305027301962 53.84305027301962 -46.5
    endloop
  endfacet
  facet normal 0.707106781186547 0.707106781186548 -1.109526056436663e-15
    outer loop
      vertex -57.9827560572969 57.9827560572969 -48
      vertex -55.08979739173948 55.08979739173948 -46.442288690219
      vertex -55.06798170740175 55.06798170740175 -46.5
    endloop
  endfacet
  facet normal 0.7071067811865471 0.7071067811865479 -6.1910662664358305e-16
    outer loop
      vertex -57.9827560572969 57.9827560572969 -48
      vertex -55.108896985739214 55.108896985739214 -46.38268343236509
      vertex -55.08979739173948 55.08979739173948 -46.442288690219
    endloop
  endfacet
  facet normal 0.7071067811865464 0.7071067811865488 2.763313389782988e-15
    outer loop
      vertex -57.9827560572969 57.9827560572969 -48
      vertex -55.12519870200721 55.12519870200721 -46.321439465303165
      vertex -55.108896985739214 55.108896985739214 -46.38268343236509
    endloop
  endfacet
  facet normal 0.7071067811865476 0.7071067811865476 0
    outer loop
      vertex -57.9827560572969 57.9827560572969 -48
      vertex -57.9827560572969 57.9827560572969 -44
      vertex -55.12519870200721 55.12519870200721 -46.321439465303165
    endloop
  endfacet
  facet normal 0.7071067811865475 0.7071067811865476 6.99609521544012e-16
    outer loop
      vertex -50.91168824543143 50.91168824543143 -48
      vertex -53.84305027301962 53.84305027301962 -46.5
      vertex -53.82123458868188 53.82123458868188 -46.442288690219
    endloop
  endfacet
  facet normal 0.707106781186548 0.707106781186547 2.8156546056460584e-15
    outer loop
      vertex -50.91168824543143 50.91168824543143 -48
      vertex -53.82123458868188 53.82123458868188 -46.442288690219
      vertex -53.80213499468215 53.80213499468215 -46.38268343236509
    endloop
  endfacet
  facet normal 0.7071067811865478 0.7071067811865472 2.836725899559613e-15
    outer loop
      vertex -50.91168824543143 50.91168824543143 -48
      vertex -53.80213499468215 53.80213499468215 -46.38268343236509
      vertex -53.78583327841415 53.78583327841415 -46.321439465303165
    endloop
  endfacet
  facet normal 0.7071067811865488 0.7071067811865464 -7.594962468721695e-16
    outer loop
      vertex -50.91168824543143 50.91168824543143 -48
      vertex -53.78583327841415 53.78583327841415 -46.321439465303165
      vertex -53.77239924632962 53.77239924632962 -46.25881904510252
    endloop
  endfacet
  facet normal 0.707106781186548 0.7071067811865471 2.1431049811879783e-15
    outer loop
      vertex -50.91168824543143 50.91168824543143 -48
      vertex -53.77239924632962 53.77239924632962 -46.25881904510252
      vertex -53.76189042501638 53.76189042501638 -46.19509032201613
    endloop
  endfacet
  facet normal 0.7071067811865488 0.7071067811865465 -2.1286573762677202e-15
    outer loop
      vertex -50.91168824543143 50.91168824543143 -48
      vertex -53.76189042501638 53.76189042501638 -46.19509032201613
      vertex -53.75435181486064 53.75435181486064 -46.13052619222005
    endloop
  endfacet
  facet normal 0.7071067811865479 0.707106781186547 -3.2388849310512757e-15
    outer loop
      vertex -50.91168824543143 50.91168824543143 -48
      vertex -53.75435181486064 53.75435181486064 -46.13052619222005
      vertex -53.74981569734842 53.74981569734842 -46.06540312923014
    endloop
  endfacet
  facet normal 0.7071067811865476 0.7071067811865475 5.213028809969894e-16
    outer loop
      vertex -50.91168824543143 50.91168824543143 -48
      vertex -53.74981569734842 53.74981569734842 -46.06540312923014
      vertex -53.748301496831324 53.748301496831324 -46
    endloop
  endfacet
  facet normal 0.7071067811865476 0.7071067811865477 5.386043340718575e-16
    outer loop
      vertex -50.91168824543143 50.91168824543143 -48
      vertex -53.748301496831324 53.748301496831324 -46
      vertex -53.74981569734842 53.74981569734842 -45.93459687076986
    endloop
  endfacet
  facet normal 0.7071067811865471 0.707106781186548 -3.5738234106500935e-15
    outer loop
      vertex -50.91168824543143 50.91168824543143 -48
      vertex -53.74981569734842 53.74981569734842 -45.93459687076986
      vertex -53.75435181486064 53.75435181486064 -45.86947380777995
    endloop
  endfacet
  facet normal 0.7071067811865462 0.7071067811865489 -2.5119341633624023e-15
    outer loop
      vertex -50.91168824543143 50.91168824543143 -48
      vertex -53.75435181486064 53.75435181486064 -45.86947380777995
      vertex -53.76189042501638 53.76189042501638 -45.80490967798387
    endloop
  endfacet
  facet normal 0.707106781186547 0.7071067811865481 2.711213266385804e-15
    outer loop
      vertex -50.91168824543143 50.91168824543143 -48
      vertex -53.76189042501638 53.76189042501638 -45.80490967798387
      vertex -53.77239924632962 53.77239924632962 -45.74118095489748
    endloop
  endfacet
  facet normal 0.7071067811865458 0.7071067811865492 -1.0337843325170512e-15
    outer loop
      vertex -50.91168824543143 50.91168824543143 -48
      vertex -53.77239924632962 53.77239924632962 -45.74118095489748
      vertex -53.78583327841415 53.78583327841415 -45.678560534696835
    endloop
  endfacet
  facet normal 0.7071067811865485 0.7071067811865465 -1.2896583161633687e-15
    outer loop
      vertex -57.9827560572969 57.9827560572969 -44
      vertex -55.13863273409174 55.13863273409174 -46.25881904510252
      vertex -55.12519870200721 55.12519870200721 -46.321439465303165
    endloop
  endfacet
  facet normal 0.7071067811865471 0.7071067811865478 -1.8438160178060224e-15
    outer loop
      vertex -57.9827560572969 57.9827560572969 -44
      vertex -55.14914155540498 55.14914155540498 -46.19509032201613
      vertex -55.13863273409174 55.13863273409174 -46.25881904510252
    endloop
  endfacet
  facet normal 0.7071067811865486 0.7071067811865464 1.2753264818105227e-15
    outer loop
      vertex -57.9827560572969 57.9827560572969 -44
      vertex -55.15668016556073 55.15668016556073 -46.13052619222005
      vertex -55.14914155540498 55.14914155540498 -46.19509032201613
    endloop
  endfacet
  facet normal 0.7071067811865466 0.7071067811865486 -1.0653197795788853e-15
    outer loop
      vertex -57.9827560572969 57.9827560572969 -44
      vertex -55.16121628307295 55.16121628307295 -46.06540312923014
      vertex -55.15668016556073 55.15668016556073 -46.13052619222005
    endloop
  endfacet
  facet normal 0.7071067811865477 0.7071067811865474 1.0600941869764171e-15
    outer loop
      vertex -57.9827560572969 57.9827560572969 -44
      vertex -55.162730483590046 55.162730483590046 -46
      vertex -55.16121628307295 55.16121628307295 -46.06540312923014
    endloop
  endfacet
  facet normal 0.7071067811865474 0.7071067811865478 1.0258439767757446e-15
    outer loop
      vertex -57.9827560572969 57.9827560572969 -44
      vertex -55.16121628307295 55.16121628307295 -45.93459687076986
      vertex -55.162730483590046 55.162730483590046 -46
    endloop
  endfacet
  facet normal 0.7071067811865485 0.7071067811865467 -9.64917875568237e-16
    outer loop
      vertex -57.9827560572969 57.9827560572969 -44
      vertex -55.15668016556073 55.15668016556073 -45.86947380777995
      vertex -55.16121628307295 55.16121628307295 -45.93459687076986
    endloop
  endfacet
  facet normal 0.7071067811865466 0.7071067811865485 1.0796739183019688e-15
    outer loop
      vertex -57.9827560572969 57.9827560572969 -44
      vertex -55.14914155540498 55.14914155540498 -45.80490967798387
      vertex -55.15668016556073 55.15668016556073 -45.86947380777995
    endloop
  endfacet
  facet normal 0.7071067811865478 0.7071067811865472 -1.4554156639134258e-15
    outer loop
      vertex -57.9827560572969 57.9827560572969 -44
      vertex -55.13863273409174 55.13863273409174 -45.74118095489748
      vertex -55.14914155540498 55.14914155540498 -45.80490967798387
    endloop
  endfacet
  facet normal 0.7071067811865468 0.7071067811865482 -9.457166560827644e-16
    outer loop
      vertex -57.9827560572969 57.9827560572969 -44
      vertex -55.12519870200721 55.12519870200721 -45.678560534696835
      vertex -55.13863273409174 55.13863273409174 -45.74118095489748
    endloop
  endfacet
  facet normal 0.7071067811865488 0.7071067811865464 2.763313389782988e-15
    outer loop
      vertex -57.9827560572969 57.9827560572969 -44
      vertex -55.108896985739214 55.108896985739214 -45.61731656763491
      vertex -55.12519870200721 55.12519870200721 -45.678560534696835
    endloop
  endfacet
  facet normal 0.7071067811865479 0.7071067811865471 -6.1910662664358305e-16
    outer loop
      vertex -57.9827560572969 57.9827560572969 -44
      vertex -55.08979739173948 55.08979739173948 -45.557711309781
      vertex -55.108896985739214 55.108896985739214 -45.61731656763491
    endloop
  endfacet
  facet normal 0.707106781186548 0.707106781186547 -1.109526056436663e-15
    outer loop
      vertex -57.9827560572969 57.9827560572969 -44
      vertex -55.06798170740175 55.06798170740175 -45.5
      vertex -55.08979739173948 55.08979739173948 -45.557711309781
    endloop
  endfacet
  facet normal 0.7071067811865475 0.7071067811865475 0
    outer loop
      vertex -50.91168824543143 50.91168824543143 -48
      vertex -53.78583327841415 53.78583327841415 -45.678560534696835
      vertex -50.91168824543143 50.91168824543143 -44
    endloop
  endfacet
  facet normal 0.7071067811865476 0.7071067811865475 6.99609521544012e-16
    outer loop
      vertex -50.91168824543143 50.91168824543143 -44
      vertex -53.82123458868188 53.82123458868188 -45.557711309781
      vertex -53.84305027301962 53.84305027301962 -45.5
    endloop
  endfacet
  facet normal 0.7071067811865472 0.7071067811865478 2.836725899559613e-15
    outer loop
      vertex -50.91168824543143 50.91168824543143 -44
      vertex -53.78583327841415 53.78583327841415 -45.678560534696835
      vertex -53.80213499468215 53.80213499468215 -45.61731656763491
    endloop
  endfacet
  facet normal 0.707106781186547 0.707106781186548 2.8156546056460584e-15
    outer loop
      vertex -50.91168824543143 50.91168824543143 -44
      vertex -53.80213499468215 53.80213499468215 -45.61731656763491
      vertex -53.82123458868188 53.82123458868188 -45.557711309781
    endloop
  endfacet
  facet normal 0.7071067811865472 0.7071067811865479 1.8826833632303505e-15
    outer loop
      vertex -57.9827560572969 57.9827560572969 -44
      vertex -55.043543350835556 55.043543350835556 -45.4444297669804
      vertex -55.06798170740175 55.06798170740175 -45.5
    endloop
  endfacet
  facet normal 0.7071067811865478 0.7071067811865471 -4.0865248008313863e-16
    outer loop
      vertex -57.9827560572969 57.9827560572969 -44
      vertex -55.016586970835576 55.016586970835576 -45.39123857099128
      vertex -55.043543350835556 55.043543350835556 -45.4444297669804
    endloop
  endfacet
  facet normal 0.7071067811865468 0.707106781186548 5.925033248764753e-16
    outer loop
      vertex -57.9827560572969 57.9827560572969 -44
      vertex -54.98722799875936 54.98722799875936 -45.34065418489993
      vertex -55.016586970835576 55.016586970835576 -45.39123857099128
    endloop
  endfacet
  facet normal 0.707106781186548 0.707106781186547 7.439810310586019e-16
    outer loop
      vertex -57.9827560572969 57.9827560572969 -44
      vertex -54.95559215423264 54.95559215423264 -45.292893218813454
      vertex -54.98722799875936 54.98722799875936 -45.34065418489993
    endloop
  endfacet
  facet normal 0.7071067811865472 0.7071067811865477 -3.1868956337434946e-15
    outer loop
      vertex -57.9827560572969 57.9827560572969 -44
      vertex -54.92181490679848 54.92181490679848 -45.24816019252102
      vertex -54.95559215423264 54.95559215423264 -45.292893218813454
    endloop
  endfacet
  facet normal 0.7071067811865483 0.7071067811865467 2.3336827313257947e-16
    outer loop
      vertex -57.9827560572969 57.9827560572969 -44
      vertex -54.88604089581598 54.88604089581598 -45.20664665970877
      vertex -54.92181490679848 54.92181490679848 -45.24816019252102
    endloop
  endfacet
  facet normal 0.7071067811865475 0.7071067811865475 -3.5078136531122312e-15
    outer loop
      vertex -57.9827560572969 57.9827560572969 -44
      vertex -54.8484233110923 54.8484233110923 -45.16853038769745
      vertex -54.88604089581598 54.88604089581598 -45.20664665970877
    endloop
  endfacet
  facet normal 0.7071067811865477 0.7071067811865476 3.1389480551534575e-16
    outer loop
      vertex -57.9827560572969 57.9827560572969 -44
      vertex -54.80912323690036 54.80912323690036 -45.13397459621556
      vertex -54.8484233110923 54.8484233110923 -45.16853038769745
    endloop
  endfacet
  facet normal 0.7071067811865474 0.7071067811865477 1.111079354238975e-15
    outer loop
      vertex -57.9827560572969 57.9827560572969 -44
      vertex -54.768308962191334 54.768308962191334 -45.10312725846731
      vertex -54.80912323690036 54.80912323690036 -45.13397459621556
    endloop
  endfacet
  facet normal 0.7071067811865476 0.7071067811865474 2.031305103456698e-15
    outer loop
      vertex -57.9827560572969 57.9827560572969 -44
      vertex -54.72615525995543 54.72615525995543 -45.076120467488714
      vertex -54.768308962191334 54.768308962191334 -45.10312725846731
    endloop
  endfacet
  facet normal 0.707106781186548 0.7071067811865471 -3.711890554566492e-15
    outer loop
      vertex -57.9827560572969 57.9827560572969 -44
      vertex -54.68284263881719 54.68284263881719 -45.05306987050489
      vertex -54.72615525995543 54.72615525995543 -45.076120467488714
    endloop
  endfacet
  facet normal 0.7071067811865476 0.7071067811865475 3.968456587933149e-15
    outer loop
      vertex -57.9827560572969 57.9827560572969 -44
      vertex -54.638556570069795 54.638556570069795 -45.034074173710934
      vertex -54.68284263881719 54.68284263881719 -45.05306987050489
    endloop
  endfacet
  facet normal 0.707106781186548 0.7071067811865471 -6.172534968316972e-15
    outer loop
      vertex -57.9827560572969 57.9827560572969 -44
      vertex -54.59348669345854 54.59348669345854 -45.01921471959677
      vertex -54.638556570069795 54.638556570069795 -45.034074173710934
    endloop
  endfacet
  facet normal 0.7071067811865475 0.7071067811865476 2.7563134192572368e-15
    outer loop
      vertex -50.91168824543143 50.91168824543143 -44
      vertex -53.84305027301962 53.84305027301962 -45.5
      vertex -53.867488629585814 53.867488629585814 -45.4444297669804
    endloop
  endfacet
  facet normal 0.7071067811865476 0.7071067811865474 -8.133461817916686e-16
    outer loop
      vertex -50.91168824543143 50.91168824543143 -44
      vertex -53.867488629585814 53.867488629585814 -45.4444297669804
      vertex -53.894445009585795 53.894445009585795 -45.39123857099128
    endloop
  endfacet
  facet normal 0.707106781186548 0.707106781186547 -2.1416739849182153e-15
    outer loop
      vertex -50.91168824543143 50.91168824543143 -44
      vertex -53.894445009585795 53.894445009585795 -45.39123857099128
      vertex -53.923803981662005 53.923803981662005 -45.34065418489993
    endloop
  endfacet
  facet normal 0.7071067811865466 0.7071067811865485 8.924957275529061e-16
    outer loop
      vertex -50.91168824543143 50.91168824543143 -44
      vertex -53.923803981662005 53.923803981662005 -45.34065418489993
      vertex -53.95543982618872 53.95543982618872 -45.292893218813454
    endloop
  endfacet
  facet normal 0.7071067811865477 0.7071067811865472 -1.6690505162271165e-16
    outer loop
      vertex -50.91168824543143 50.91168824543143 -44
      vertex -53.95543982618872 53.95543982618872 -45.292893218813454
      vertex -53.98921707362289 53.98921707362289 -45.24816019252102
    endloop
  endfacet
  facet normal 0.7071067811865474 0.7071067811865478 -3.1835308054685717e-15
    outer loop
      vertex -50.91168824543143 50.91168824543143 -44
      vertex -53.98921707362289 53.98921707362289 -45.24816019252102
      vertex -54.02499108460538 54.02499108460538 -45.20664665970877
    endloop
  endfacet
  facet normal 0.707106781186547 0.7071067811865479 2.363313250071211e-15
    outer loop
      vertex -50.91168824543143 50.91168824543143 -44
      vertex -54.02499108460538 54.02499108460538 -45.20664665970877
      vertex -54.062608669329066 54.062608669329066 -45.16853038769745
    endloop
  endfacet
  facet normal 0.7071067811865475 0.7071067811865475 -3.8724187811532414e-15
    outer loop
      vertex -50.91168824543143 50.91168824543143 -44
      vertex -54.062608669329066 54.062608669329066 -45.16853038769745
      vertex -54.101908743521 54.101908743521 -45.13397459621556
    endloop
  endfacet
  facet normal 0.707106781186532 0.7071067811865629 -2.6402175018709524e-14
    outer loop
      vertex -50.91168824543143 50.91168824543143 -44
      vertex -54.547826005114324 54.547826005114324 -45.00855513862619
      vertex -54.59348669345854 54.59348669345854 -45.01921471959677
    endloop
  endfacet
  facet normal 0.7071067811865471 0.7071067811865479 -4.19343783631875e-15
    outer loop
      vertex -50.91168824543143 50.91168824543143 -44
      vertex -54.18487672046594 54.18487672046594 -45.076120467488714
      vertex -54.22818934160418 54.22818934160418 -45.05306987050489
    endloop
  endfacet
  facet normal 0.7071067811865475 0.7071067811865477 3.8360522377189796e-15
    outer loop
      vertex -50.91168824543143 50.91168824543143 -44
      vertex -54.22818934160418 54.22818934160418 -45.05306987050489
      vertex -54.27247541035157 54.27247541035157 -45.034074173710934
    endloop
  endfacet
  facet normal 0.7071067811865483 0.7071067811865468 -2.5544580670485582e-15
    outer loop
      vertex -50.91168824543143 50.91168824543143 -44
      vertex -54.101908743521 54.101908743521 -45.13397459621556
      vertex -54.142723018230036 54.142723018230036 -45.10312725846731
    endloop
  endfacet
  facet normal 0.7071067811865475 0.7071067811865476 6.66598032289363e-16
    outer loop
      vertex -50.91168824543143 50.91168824543143 -44
      vertex -54.142723018230036 54.142723018230036 -45.10312725846731
      vertex -54.18487672046594 54.18487672046594 -45.076120467488714
    endloop
  endfacet
  facet normal 0.7071067811865489 0.7071067811865459 1.084504057799782e-14
    outer loop
      vertex -50.91168824543143 50.91168824543143 -44
      vertex -54.50177003111461 54.50177003111461 -45.0021410767614
      vertex -54.547826005114324 54.547826005114324 -45.00855513862619
    endloop
  endfacet
  facet normal 0.7071067811865456 0.7071067811865495 1.4851507762792834e-14
    outer loop
      vertex -50.91168824543143 50.91168824543143 -44
      vertex -54.455515990210685 54.455515990210685 -45
      vertex -54.50177003111461 54.50177003111461 -45.0021410767614
    endloop
  endfacet
  facet normal 0.7071067811865461 0.7071067811865489 -1.164631886900731e-14
    outer loop
      vertex -50.91168824543143 50.91168824543143 -44
      vertex -54.40926194930676 54.40926194930676 -45.0021410767614
      vertex -54.455515990210685 54.455515990210685 -45
    endloop
  endfacet
  facet normal 0.7071067811865482 0.7071067811865468 -5.690994101198704e-18
    outer loop
      vertex -50.91168824543143 50.91168824543143 -44
      vertex -54.36320597530705 54.36320597530705 -45.00855513862619
      vertex -54.40926194930676 54.40926194930676 -45.0021410767614
    endloop
  endfacet
  facet normal 0.7071067811865478 0.7071067811865472 6.356819942091719e-15
    outer loop
      vertex -50.91168824543143 50.91168824543143 -44
      vertex -54.27247541035157 54.27247541035157 -45.034074173710934
      vertex -54.31754528696283 54.31754528696283 -45.01921471959677
    endloop
  endfacet
  facet normal 0.7071067811865469 0.7071067811865481 -2.356692975745557e-15
    outer loop
      vertex -50.91168824543143 50.91168824543143 -44
      vertex -54.31754528696283 54.31754528696283 -45.01921471959677
      vertex -54.36320597530705 54.36320597530705 -45.00855513862619
    endloop
  endfacet
  facet normal 0.7071067811865475 0.7071067811865475 -1.043734004474993e-16
    outer loop
      vertex -57.9827560572969 57.9827560572969 -44
      vertex -50.91168824543143 50.91168824543143 -44
      vertex -54.59348669345854 54.59348669345854 -45.01921471959677
    endloop
  endfacet
  facet normal -0.11678149281486452 -0.11356503946371757 -0.9866433320848705
    outer loop
      vertex -54.56290047585646 -54.56290047585646 -46.78462822432258
      vertex -54.52637392819487 -54.52637392819487 -46.79315588909905
      vertex -53.185481969946515 -55.90524338773236 -46.79315588909905
    endloop
  endfacet
  facet normal -0.2525317959001473 -0.2455764408895563 -0.9359059267573128
    outer loop
      vertex -54.63438131233411 -54.63438131233411 -46.75754410359608
      vertex -53.29497617043816 -56.01172184506459 -46.75754410359608
      vertex -54.669029509234434 -54.669029509234434 -46.739103626009026
    endloop
  endfacet
  facet normal -0.20810816436212404 -0.2023763468752134 -0.9569403357322077
    outer loop
      vertex -54.59895440004903 -54.59895440004903 -46.77274066103126
      vertex -53.25906157564026 -55.97679642771261 -46.77274066103126
      vertex -54.63438131233411 -54.63438131233411 -46.75754410359608
    endloop
  endfacet
  facet normal -0.16279338171492755 -0.15830964627414398 -0.9738769792773486
    outer loop
      vertex -54.56290047585646 -54.56290047585646 -46.78462822432258
      vertex -53.22251133756614 -55.94125287428436 -46.78462822432258
      vertex -54.59895440004903 -54.59895440004903 -46.77274066103126
    endloop
  endfacet
  facet normal -0.02345665754753091 -0.022810602740755324 -0.9994645874763655
    outer loop
      vertex -54.48953116934901 -54.48953116934901 -46.79828713859088
      vertex -54.452529965668454 -54.452529965668454 -46.8
      vertex -53.110621480523484 -55.83244474275291 -46.8
    endloop
  endfacet
  facet normal 0.023456657547530943 0.022810602740755297 -0.9994645874763655
    outer loop
      vertex -54.452529965668454 -54.452529965668454 -46.8
      vertex -54.4155287619879 -54.4155287619879 -46.79828713859088
      vertex -53.07311092282858 -55.795967319299514 -46.79828713859088
    endloop
  endfacet
  facet normal -0.07026952763378885 -0.06833412971933016 -0.9951847266722023
    outer loop
      vertex -54.48953116934901 -54.48953116934901 -46.79828713859088
      vertex -53.14813203821839 -55.86892216620631 -46.79828713859088
      vertex -54.52637392819487 -54.52637392819487 -46.79315588909905
    endloop
  endfacet
  facet normal 0.0702695276338023 0.06833412971934318 -0.9951847266722004
    outer loop
      vertex -54.4155287619879 -54.4155287619879 -46.79828713859088
      vertex -54.37868600314204 -54.37868600314204 -46.79315588909905
      vertex -53.03576099110046 -55.75964609777347 -46.79315588909905
    endloop
  endfacet
  facet normal 0.1167814928148428 0.11356503946369564 -0.9866433320848755
    outer loop
      vertex -54.37868600314204 -54.37868600314204 -46.79315588909905
      vertex -54.34215945548045 -54.34215945548045 -46.78462822432258
      vertex -52.998731623480836 -55.723636611221465 -46.78462822432258
    endloop
  endfacet
  facet normal 0.16279338171492755 0.158309646274144 -0.9738769792773486
    outer loop
      vertex -54.34215945548045 -54.34215945548045 -46.78462822432258
      vertex -54.306105531287876 -54.306105531287876 -46.77274066103126
      vertex -52.962181385406716 -55.68809305779322 -46.77274066103126
    endloop
  endfacet
  facet normal 0.20810816436216176 0.20237634687525105 -0.9569403357321915
    outer loop
      vertex -54.306105531287876 -54.306105531287876 -46.77274066103126
      vertex -54.2706786190028 -54.2706786190028 -46.75754410359608
      vertex -52.926266790608814 -55.65316764044123 -46.75754410359608
    endloop
  endfacet
  facet normal -0.11678149281485395 -0.11356503946370669 -0.986643332084873
    outer loop
      vertex -54.56290047585646 -54.56290047585646 -46.78462822432258
      vertex -53.185481969946515 -55.90524338773236 -46.79315588909905
      vertex -53.22251133756614 -55.94125287428436 -46.78462822432258
    endloop
  endfacet
  facet normal -0.0702695276337964 -0.06833412971933792 -0.9951847266722013
    outer loop
      vertex -54.52637392819487 -54.52637392819487 -46.79315588909905
      vertex -53.14813203821839 -55.86892216620631 -46.79828713859088
      vertex -53.185481969946515 -55.90524338773236 -46.79315588909905
    endloop
  endfacet
  facet normal -0.20810816436215313 -0.20237634687524336 -0.9569403357321951
    outer loop
      vertex -54.63438131233411 -54.63438131233411 -46.75754410359608
      vertex -53.25906157564026 -55.97679642771261 -46.77274066103126
      vertex -53.29497617043816 -56.01172184506459 -46.75754410359608
    endloop
  endfacet
  facet normal -0.1627933817149216 -0.15830964627413788 -0.9738769792773505
    outer loop
      vertex -54.59895440004903 -54.59895440004903 -46.77274066103126
      vertex -53.22251133756614 -55.94125287428436 -46.78462822432258
      vertex -53.25906157564026 -55.97679642771261 -46.77274066103126
    endloop
  endfacet
  facet normal -0.023456657547529826 -0.02281060274075421 -0.9994645874763656
    outer loop
      vertex -54.48953116934901 -54.48953116934901 -46.79828713859088
      vertex -53.110621480523484 -55.83244474275291 -46.8
      vertex -53.14813203821839 -55.86892216620631 -46.79828713859088
    endloop
  endfacet
  facet normal 0.023456657547532095 0.022810602740756476 -0.9994645874763654
    outer loop
      vertex -54.452529965668454 -54.452529965668454 -46.8
      vertex -53.07311092282858 -55.795967319299514 -46.79828713859088
      vertex -53.110621480523484 -55.83244474275291 -46.8
    endloop
  endfacet
  facet normal 0.0702695276338033 0.06833412971934419 -0.9951847266722003
    outer loop
      vertex -54.4155287619879 -54.4155287619879 -46.79828713859088
      vertex -53.03576099110046 -55.75964609777347 -46.79315588909905
      vertex -53.07311092282858 -55.795967319299514 -46.79828713859088
    endloop
  endfacet
  facet normal 0.11678149281484312 0.11356503946369598 -0.9866433320848755
    outer loop
      vertex -54.37868600314204 -54.37868600314204 -46.79315588909905
      vertex -52.998731623480836 -55.723636611221465 -46.78462822432258
      vertex -53.03576099110046 -55.75964609777347 -46.79315588909905
    endloop
  endfacet
  facet normal 0.1627933817149214 0.15830964627413768 -0.9738769792773506
    outer loop
      vertex -54.34215945548045 -54.34215945548045 -46.78462822432258
      vertex -52.962181385406716 -55.68809305779322 -46.77274066103126
      vertex -52.998731623480836 -55.723636611221465 -46.78462822432258
    endloop
  endfacet
  facet normal 0.20810816436215354 0.20237634687524259 -0.9569403357321952
    outer loop
      vertex -54.306105531287876 -54.306105531287876 -46.77274066103126
      vertex -52.926266790608814 -55.65316764044123 -46.75754410359608
      vertex -52.962181385406716 -55.68809305779322 -46.77274066103126
    endloop
  endfacet
  facet normal 0.25253179590013136 0.24557644088953998 -0.9359059267573214
    outer loop
      vertex -54.2706786190028 -54.2706786190028 -46.75754410359608
      vertex -52.89114163089578 -55.61900991516447 -46.739103626009026
      vertex -52.926266790608814 -55.65316764044123 -46.75754410359608
    endloop
  endfacet
  facet normal 0.6971651028545567 -0.7169106076504905 1.446812831810927e-12
    outer loop
      vertex -53.14813203821839 -55.86892216620631 -46.79828713859088
      vertex -53.110621480523484 -55.83244474275291 -46.8
      vertex -53.07311092282858 -55.795967319299514 -46.79828713859088
    endloop
  endfacet
  facet normal 0.6971651028545552 -0.7169106076504919 -4.766851834847476e-13
    outer loop
      vertex -53.14813203821839 -55.86892216620631 -46.79828713859088
      vertex -53.03576099110046 -55.75964609777347 -46.79315588909905
      vertex -53.185481969946515 -55.90524338773236 -46.79315588909905
    endloop
  endfacet
  facet normal 0.6971651028545667 -0.7169106076504808 1.0280771503277561e-13
    outer loop
      vertex -53.22251133756614 -55.94125287428436 -46.78462822432258
      vertex -53.185481969946515 -55.90524338773236 -46.79315588909905
      vertex -52.998731623480836 -55.723636611221465 -46.78462822432258
    endloop
  endfacet
  facet normal 0.6971651028545643 -0.7169106076504831 4.306819927128021e-14
    outer loop
      vertex -53.22251133756614 -55.94125287428436 -46.78462822432258
      vertex -52.962181385406716 -55.68809305779322 -46.77274066103126
      vertex -53.25906157564026 -55.97679642771261 -46.77274066103126
    endloop
  endfacet
  facet normal 0.6971651028545627 -0.7169106076504845 3.0446395702465614e-14
    outer loop
      vertex -53.25906157564026 -55.97679642771261 -46.77274066103126
      vertex -52.926266790608814 -55.65316764044123 -46.75754410359608
      vertex -53.29497617043816 -56.01172184506459 -46.75754410359608
    endloop
  endfacet
  facet normal 0.6971651028545566 -0.7169106076504905 -5.342999392466108e-13
    outer loop
      vertex -53.14813203821839 -55.86892216620631 -46.79828713859088
      vertex -53.07311092282858 -55.795967319299514 -46.79828713859088
      vertex -53.03576099110046 -55.75964609777347 -46.79315588909905
    endloop
  endfacet
  facet normal 0.6971651028545551 -0.7169106076504919 5.909872559373695e-13
    outer loop
      vertex -53.185481969946515 -55.90524338773236 -46.79315588909905
      vertex -53.03576099110046 -55.75964609777347 -46.79315588909905
      vertex -52.998731623480836 -55.723636611221465 -46.78462822432258
    endloop
  endfacet
  facet normal 0.6971651028545667 -0.7169106076504808 -5.624941420154768e-14
    outer loop
      vertex -53.22251133756614 -55.94125287428436 -46.78462822432258
      vertex -52.998731623480836 -55.723636611221465 -46.78462822432258
      vertex -52.962181385406716 -55.68809305779322 -46.77274066103126
    endloop
  endfacet
  facet normal 0.6971651028545643 -0.716910607650483 -3.807431480736699e-14
    outer loop
      vertex -53.25906157564026 -55.97679642771261 -46.77274066103126
      vertex -52.962181385406716 -55.68809305779322 -46.77274066103126
      vertex -52.926266790608814 -55.65316764044123 -46.75754410359608
    endloop
  endfacet
  facet normal 0.6971651028545628 -0.7169106076504845 1.8203859172326732e-13
    outer loop
      vertex -53.29497617043816 -56.01172184506459 -46.75754410359608
      vertex -52.926266790608814 -55.65316764044123 -46.75754410359608
      vertex -52.89114163089578 -55.61900991516447 -46.739103626009026
    endloop
  endfacet
  facet normal -0.41758443960434366 -0.4060831234473247 -0.8128466845916217
    outer loop
      vertex -54.7668385865675 -54.7668385865675 -46.66517568984204
      vertex -53.42925683520077 -56.14230408566975 -46.66517568984204
      vertex -54.79693100416238 -54.79693100416238 -46.63468267223299
    endloop
  endfacet
  facet normal -0.2958740475187313 -0.28772493888241835 -0.9108638249211525
    outer loop
      vertex -54.669029509234434 -54.669029509234434 -46.739103626009026
      vertex -53.330101330151194 -56.045879570341356 -46.739103626009026
      vertex -54.702750621851585 -54.702750621851585 -46.71749819322615
    endloop
  endfacet
  facet normal -0.337949321042306 -0.3286413545145293 -0.8819212643484111
    outer loop
      vertex -54.702750621851585 -54.702750621851585 -46.71749819322615
      vertex -53.36428664345296 -56.07912333491927 -46.71749819322615
      vertex -54.735400251204396 -54.735400251204396 -46.692820323027554
    endloop
  endfacet
  facet normal -0.3379493210422914 -0.3286413545145142 -0.8819212643484222
    outer loop
      vertex -54.735400251204396 -54.735400251204396 -46.692820323027554
      vertex -53.36428664345296 -56.07912333491927 -46.71749819322615
      vertex -53.39738572358368 -56.111310783894744 -46.692820323027554
    endloop
  endfacet
  facet normal -0.3785774436904744 -0.3681504774128844 -0.8492021815265497
    outer loop
      vertex -54.735400251204396 -54.735400251204396 -46.692820323027554
      vertex -53.39738572358368 -56.111310783894744 -46.692820323027554
      vertex -54.7668385865675 -54.7668385865675 -46.66517568984204
    endloop
  endfacet
  facet normal -0.3785774436904985 -0.3681504774129094 -0.8492021815265282
    outer loop
      vertex -54.7668385865675 -54.7668385865675 -46.66517568984204
      vertex -53.39738572358368 -56.111310783894744 -46.692820323027554
      vertex -53.42925683520077 -56.14230408566975 -46.66517568984204
    endloop
  endfacet
  facet normal -0.41758443960432373 -0.40608312344730413 -0.8128466845916421
    outer loop
      vertex -54.79693100416238 -54.79693100416238 -46.63468267223299
      vertex -53.42925683520077 -56.14230408566975 -46.66517568984204
      vertex -53.45976350131134 -56.17197052216792 -46.63468267223299
    endloop
  endfacet
  facet normal -0.45480327483915634 -0.4422768592042025 -0.7730104533627246
    outer loop
      vertex -54.82554864363702 -54.82554864363702 -46.601471845983184
      vertex -54.79693100416238 -54.79693100416238 -46.63468267223299
      vertex -53.45976350131134 -56.17197052216792 -46.63468267223299
    endloop
  endfacet
  facet normal -0.49007457262844994 -0.4765766975504006 -0.729864072697784
    outer loop
      vertex -54.82554864363702 -54.82554864363702 -46.601471845983184
      vertex -53.48877508768764 -56.20018305715369 -46.601471845983184
      vertex -54.85256895986573 -54.85256895986573 -46.56568542494924
    endloop
  endfacet
  facet normal -0.523247295860038 -0.5088357613122131 -0.6835923020229078
    outer loop
      vertex -54.85256895986573 -54.85256895986573 -46.56568542494924
      vertex -53.51616736226286 -56.22682088022098 -46.56568542494924
      vertex -54.87787624770618 -54.87787624770618 -46.527476652080054
    endloop
  endfacet
  facet normal -0.5541793938404782 -0.5389159122263053 -0.6343932841636087
    outer loop
      vertex -54.87787624770618 -54.87787624770618 -46.527476652080054
      vertex -53.54182302711195 -56.2517699241219 -46.527476652080054
      vertex -54.9013621374666 -54.9013621374666 -46.487009143206976
    endloop
  endfacet
  facet normal -0.4548032748391472 -0.4422768592041929 -0.7730104533627353
    outer loop
      vertex -54.82554864363702 -54.82554864363702 -46.601471845983184
      vertex -53.45976350131134 -56.17197052216792 -46.63468267223299
      vertex -53.48877508768764 -56.20018305715369 -46.601471845983184
    endloop
  endfacet
  facet normal -0.4900745726284614 -0.47657669755041254 -0.7298640726977685
    outer loop
      vertex -54.85256895986573 -54.85256895986573 -46.56568542494924
      vertex -53.48877508768764 -56.20018305715369 -46.601471845983184
      vertex -53.51616736226286 -56.22682088022098 -46.56568542494924
    endloop
  endfacet
  facet normal -0.5232472958600238 -0.5088357613121981 -0.6835923020229299
    outer loop
      vertex -54.87787624770618 -54.87787624770618 -46.527476652080054
      vertex -53.51616736226286 -56.22682088022098 -46.56568542494924
      vertex -53.54182302711195 -56.2517699241219 -46.527476652080054
    endloop
  endfacet
  facet normal -0.5541793938405034 -0.538915912226332 -0.6343932841635643
    outer loop
      vertex -54.9013621374666 -54.9013621374666 -46.487009143206976
      vertex -53.54182302711195 -56.2517699241219 -46.527476652080054
      vertex -53.56563222073927 -56.27492335322023 -46.487009143206976
    endloop
  endfacet
  facet normal -0.25253179590013125 -0.2455764408895398 -0.9359059267573215
    outer loop
      vertex -53.29497617043816 -56.01172184506459 -46.75754410359608
      vertex -53.330101330151194 -56.045879570341356 -46.739103626009026
      vertex -54.669029509234434 -54.669029509234434 -46.739103626009026
    endloop
  endfacet
  facet normal -0.29587404751872115 -0.28772493888240785 -0.9108638249211591
    outer loop
      vertex -54.702750621851585 -54.702750621851585 -46.71749819322615
      vertex -53.330101330151194 -56.045879570341356 -46.739103626009026
      vertex -53.36428664345296 -56.07912333491927 -46.71749819322615
    endloop
  endfacet
  facet normal 0.25253179590014724 0.24557644088955632 -0.9359059267573128
    outer loop
      vertex -54.2706786190028 -54.2706786190028 -46.75754410359608
      vertex -54.23603042210248 -54.23603042210248 -46.739103626009026
      vertex -52.89114163089578 -55.61900991516447 -46.739103626009026
    endloop
  endfacet
  facet normal 0.2958740475186795 0.2877249388823683 -0.9108638249211852
    outer loop
      vertex -54.23603042210248 -54.23603042210248 -46.739103626009026
      vertex -54.20230930948532 -54.20230930948532 -46.71749819322615
      vertex -52.85695631759401 -55.58576615058656 -46.71749819322615
    endloop
  endfacet
  facet normal 0.3379493210423051 0.32864135451453025 -0.881921264348411
    outer loop
      vertex -54.20230930948532 -54.20230930948532 -46.71749819322615
      vertex -54.16965968013251 -54.16965968013251 -46.692820323027554
      vertex -52.82385723746329 -55.55357870161108 -46.692820323027554
    endloop
  endfacet
  facet normal 0.3785774436905353 0.36815047741294527 -0.8492021815264962
    outer loop
      vertex -54.16965968013251 -54.16965968013251 -46.692820323027554
      vertex -54.13822134476941 -54.13822134476941 -46.66517568984204
      vertex -52.79198612584621 -55.52258539983608 -46.66517568984204
    endloop
  endfacet
  facet normal 0.4175844396042788 0.40608312344726105 -0.8128466845916866
    outer loop
      vertex -54.13822134476941 -54.13822134476941 -46.66517568984204
      vertex -54.108128927174526 -54.108128927174526 -46.63468267223299
      vertex -52.76147945973563 -55.49291896333791 -46.63468267223299
    endloop
  endfacet
  facet normal 0.6971651028545706 -0.7169106076504769 -1.525635113626813e-13
    outer loop
      vertex -53.29497617043816 -56.01172184506459 -46.75754410359608
      vertex -52.89114163089578 -55.61900991516447 -46.739103626009026
      vertex -53.330101330151194 -56.045879570341356 -46.739103626009026
    endloop
  endfacet
  facet normal 0.697165102854567 -0.7169106076504803 -4.4264930758162965e-14
    outer loop
      vertex -53.36428664345296 -56.07912333491927 -46.71749819322615
      vertex -53.330101330151194 -56.045879570341356 -46.739103626009026
      vertex -52.85695631759401 -55.58576615058656 -46.71749819322615
    endloop
  endfacet
  facet normal 0.697165102854567 -0.7169106076504805 1.5702106892208667e-15
    outer loop
      vertex -53.36428664345296 -56.07912333491927 -46.71749819322615
      vertex -52.82385723746329 -55.55357870161108 -46.692820323027554
      vertex -53.39738572358368 -56.111310783894744 -46.692820323027554
    endloop
  endfacet
  facet normal 0.29587404751869395 0.28772493888238315 -0.9108638249211759
    outer loop
      vertex -54.23603042210248 -54.23603042210248 -46.739103626009026
      vertex -52.85695631759401 -55.58576615058656 -46.71749819322615
      vertex -52.89114163089578 -55.61900991516447 -46.739103626009026
    endloop
  endfacet
  facet normal 0.3379493210422906 0.3286413545145153 -0.8819212643484222
    outer loop
      vertex -54.20230930948532 -54.20230930948532 -46.71749819322615
      vertex -52.82385723746329 -55.55357870161108 -46.692820323027554
      vertex -52.85695631759401 -55.58576615058656 -46.71749819322615
    endloop
  endfacet
  facet normal 0.6971651028545706 -0.7169106076504769 -1.9536631718425704e-13
    outer loop
      vertex -53.330101330151194 -56.045879570341356 -46.739103626009026
      vertex -52.89114163089578 -55.61900991516447 -46.739103626009026
      vertex -52.85695631759401 -55.58576615058656 -46.71749819322615
    endloop
  endfacet
  facet normal 0.697165102854567 -0.7169106076504803 -2.3826144488296435e-15
    outer loop
      vertex -53.36428664345296 -56.07912333491927 -46.71749819322615
      vertex -52.85695631759401 -55.58576615058656 -46.71749819322615
      vertex -52.82385723746329 -55.55357870161108 -46.692820323027554
    endloop
  endfacet
  facet normal 0.6971651028545647 -0.7169106076504824 4.0581538095907535e-14
    outer loop
      vertex -53.39738572358368 -56.111310783894744 -46.692820323027554
      vertex -52.79198612584621 -55.52258539983608 -46.66517568984204
      vertex -53.42925683520077 -56.14230408566975 -46.66517568984204
    endloop
  endfacet
  facet normal 0.6971651028545639 -0.7169106076504834 1.0156474177215769e-13
    outer loop
      vertex -53.45976350131134 -56.17197052216792 -46.63468267223299
      vertex -53.42925683520077 -56.14230408566975 -46.66517568984204
      vertex -52.76147945973563 -55.49291896333791 -46.63468267223299
    endloop
  endfacet
  facet normal 0.37857744369055973 0.3681504774129706 -0.8492021815264742
    outer loop
      vertex -54.16965968013251 -54.16965968013251 -46.692820323027554
      vertex -52.79198612584621 -55.52258539983608 -46.66517568984204
      vertex -52.82385723746329 -55.55357870161108 -46.692820323027554
    endloop
  endfacet
  facet normal 0.41758443960429104 0.4060831234472737 -0.8128466845916742
    outer loop
      vertex -54.13822134476941 -54.13822134476941 -46.66517568984204
      vertex -52.76147945973563 -55.49291896333791 -46.63468267223299
      vertex -52.79198612584621 -55.52258539983608 -46.66517568984204
    endloop
  endfacet
  facet normal 0.697165102854567 -0.7169106076504804 -5.08397505972333e-14
    outer loop
      vertex -53.39738572358368 -56.111310783894744 -46.692820323027554
      vertex -52.82385723746329 -55.55357870161108 -46.692820323027554
      vertex -52.79198612584621 -55.52258539983608 -46.66517568984204
    endloop
  endfacet
  facet normal 0.6971651028545648 -0.7169106076504825 6.420669321275261e-14
    outer loop
      vertex -53.42925683520077 -56.14230408566975 -46.66517568984204
      vertex -52.79198612584621 -55.52258539983608 -46.66517568984204
      vertex -52.76147945973563 -55.49291896333791 -46.63468267223299
    endloop
  endfacet
  facet normal 0.4548032748391557 0.44227685920420323 -0.7730104533627246
    outer loop
      vertex -54.108128927174526 -54.108128927174526 -46.63468267223299
      vertex -54.07951128769989 -54.07951128769989 -46.601471845983184
      vertex -52.73246787335933 -55.46470642835214 -46.601471845983184
    endloop
  endfacet
  facet normal 0.49007457262844795 0.4765766975504025 -0.7298640726977841
    outer loop
      vertex -54.07951128769989 -54.07951128769989 -46.601471845983184
      vertex -54.05249097147118 -54.05249097147118 -46.56568542494924
      vertex -52.705075598784106 -55.43806860528485 -46.56568542494924
    endloop
  endfacet
  facet normal 0.5232472958600373 0.5088357613122139 -0.6835923020229078
    outer loop
      vertex -54.05249097147118 -54.05249097147118 -46.56568542494924
      vertex -54.027183683630724 -54.027183683630724 -46.527476652080054
      vertex -52.67941993393502 -55.41311956138392 -46.527476652080054
    endloop
  endfacet
  facet normal 0.5541793938404779 0.5389159122263056 -0.6343932841636089
    outer loop
      vertex -54.027183683630724 -54.027183683630724 -46.527476652080054
      vertex -54.00369779387031 -54.00369779387031 -46.487009143206976
      vertex -52.65561074030771 -55.38996613228559 -46.487009143206976
    endloop
  endfacet
  facet normal 0.6971651028545662 -0.716910607650481 -4.849770784052671e-14
    outer loop
      vertex -53.45976350131134 -56.17197052216792 -46.63468267223299
      vertex -52.73246787335933 -55.46470642835214 -46.601471845983184
      vertex -53.48877508768764 -56.20018305715369 -46.601471845983184
    endloop
  endfacet
  facet normal 0.6971651028545667 -0.7169106076504805 -8.006629471990547e-14
    outer loop
      vertex -53.48877508768764 -56.20018305715369 -46.601471845983184
      vertex -52.705075598784106 -55.43806860528485 -46.56568542494924
      vertex -53.51616736226286 -56.22682088022098 -46.56568542494924
    endloop
  endfacet
  facet normal 0.4548032748391467 0.44227685920419374 -0.7730104533627351
    outer loop
      vertex -54.108128927174526 -54.108128927174526 -46.63468267223299
      vertex -52.73246787335933 -55.46470642835214 -46.601471845983184
      vertex -52.76147945973563 -55.49291896333791 -46.63468267223299
    endloop
  endfacet
  facet normal 0.49007457262842596 0.47657669755037946 -0.729864072697814
    outer loop
      vertex -54.07951128769989 -54.07951128769989 -46.601471845983184
      vertex -52.705075598784106 -55.43806860528485 -46.56568542494924
      vertex -52.73246787335933 -55.46470642835214 -46.601471845983184
    endloop
  endfacet
  facet normal 0.6971651028545639 -0.7169106076504833 5.2577094462192804e-14
    outer loop
      vertex -53.45976350131134 -56.17197052216792 -46.63468267223299
      vertex -52.76147945973563 -55.49291896333791 -46.63468267223299
      vertex -52.73246787335933 -55.46470642835214 -46.601471845983184
    endloop
  endfacet
  facet normal 0.6971651028545663 -0.7169106076504811 -5.738849664735737e-14
    outer loop
      vertex -53.48877508768764 -56.20018305715369 -46.601471845983184
      vertex -52.73246787335933 -55.46470642835214 -46.601471845983184
      vertex -52.705075598784106 -55.43806860528485 -46.56568542494924
    endloop
  endfacet
  facet normal 0.6971651028545609 -0.7169106076504864 1.873087890324463e-13
    outer loop
      vertex -53.51616736226286 -56.22682088022098 -46.56568542494924
      vertex -52.67941993393502 -55.41311956138392 -46.527476652080054
      vertex -53.54182302711195 -56.2517699241219 -46.527476652080054
    endloop
  endfacet
  facet normal 0.6971651028545659 -0.7169106076504816 -1.0068679023143308e-13
    outer loop
      vertex -53.54182302711195 -56.2517699241219 -46.527476652080054
      vertex -52.65561074030771 -55.38996613228559 -46.487009143206976
      vertex -53.56563222073927 -56.27492335322023 -46.487009143206976
    endloop
  endfacet
  facet normal 0.5232472958600562 0.508835761312234 -0.6835923020228781
    outer loop
      vertex -54.05249097147118 -54.05249097147118 -46.56568542494924
      vertex -52.67941993393502 -55.41311956138392 -46.527476652080054
      vertex -52.705075598784106 -55.43806860528485 -46.56568542494924
    endloop
  endfacet
  facet normal 0.554179393840503 0.5389159122263323 -0.6343932841635644
    outer loop
      vertex -54.027183683630724 -54.027183683630724 -46.527476652080054
      vertex -52.65561074030771 -55.38996613228559 -46.487009143206976
      vertex -52.67941993393502 -55.41311956138392 -46.527476652080054
    endloop
  endfacet
  facet normal 0.6971651028545669 -0.7169106076504805 -6.632403461475354e-14
    outer loop
      vertex -53.51616736226286 -56.22682088022098 -46.56568542494924
      vertex -52.705075598784106 -55.43806860528485 -46.56568542494924
      vertex -52.67941993393502 -55.41311956138392 -46.527476652080054
    endloop
  endfacet
  facet normal 0.6971651028545608 -0.7169106076504863 1.067414430966523e-13
    outer loop
      vertex -53.54182302711195 -56.2517699241219 -46.527476652080054
      vertex -52.67941993393502 -55.41311956138392 -46.527476652080054
      vertex -52.65561074030771 -55.38996613228559 -46.487009143206976
    endloop
  endfacet
  facet normal -0.5827384105772674 -0.5666883424683159 -0.5824776968677796
    outer loop
      vertex -54.9013621374666 -54.9013621374666 -46.487009143206976
      vertex -53.56563222073927 -56.27492335322023 -46.487009143206976
      vertex -54.92292605896141 -54.92292605896141 -46.44445618641568
    endloop
  endfacet
  facet normal -0.6088020519763382 -0.5920341262283022 -0.52806785065036
    outer loop
      vertex -54.92292605896141 -54.92292605896141 -46.44445618641568
      vertex -53.58749298852246 -56.29618202097799 -46.44445618641568
      vertex -54.942475672168214 -54.942475672168214 -46.4
    endloop
  endfacet
  facet normal -0.6322587095238118 -0.6148447289689988 -0.47139673682612887
    outer loop
      vertex -54.942475672168214 -54.942475672168214 -46.4
      vertex -53.60731171929777 -56.315454894516144 -46.4
      vertex -54.95992726264196 -54.95992726264196 -46.3538309521752
    endloop
  endfacet
  facet normal -0.582738410577294 -0.5666883424683443 -0.5824776968677252
    outer loop
      vertex -54.92292605896141 -54.92292605896141 -46.44445618641568
      vertex -53.56563222073927 -56.27492335322023 -46.487009143206976
      vertex -53.58749298852246 -56.29618202097799 -46.44445618641568
    endloop
  endfacet
  facet normal -0.6088020519763095 -0.5920341262282712 -0.5280678506504275
    outer loop
      vertex -54.942475672168214 -54.942475672168214 -46.4
      vertex -53.58749298852246 -56.29618202097799 -46.44445618641568
      vertex -53.60731171929777 -56.315454894516144 -46.4
    endloop
  endfacet
  facet normal -0.6530079382111107 -0.6350224721877002 -0.4127070298043101
    outer loop
      vertex -54.95992726264196 -54.95992726264196 -46.3538309521752
      vertex -53.62500354621737 -56.332659444431386 -46.3538309521752
      vertex -54.97520609999301 -54.97520609999301 -46.30614674589207
    endloop
  endfacet
  facet normal -0.6709608866552493 -0.652480951689936 -0.35225004792135484
    outer loop
      vertex -54.97520609999301 -54.97520609999301 -46.30614674589207
      vertex -53.64049271016229 -56.347721998199674 -46.30614674589207
      vertex -54.98824675789419 -54.98824675789419 -46.25715157224253
    endloop
  endfacet
  facet normal -0.6530079382111182 -0.6350224721877085 -0.4127070298042858
    outer loop
      vertex -54.97520609999301 -54.97520609999301 -46.30614674589207
      vertex -53.62500354621737 -56.332659444431386 -46.3538309521752
      vertex -53.64049271016229 -56.347721998199674 -46.30614674589207
    endloop
  endfacet
  facet normal -0.632258709523825 -0.6148447289690131 -0.4713967368260923
    outer loop
      vertex -54.95992726264196 -54.95992726264196 -46.3538309521752
      vertex -53.60731171929777 -56.315454894516144 -46.4
      vertex -53.62500354621737 -56.332659444431386 -46.3538309521752
    endloop
  endfacet
  facet normal -0.6709608866552333 -0.6524809516899179 -0.352250047921419
    outer loop
      vertex -54.98824675789419 -54.98824675789419 -46.25715157224253
      vertex -53.64049271016229 -56.347721998199674 -46.30614674589207
      vertex -53.6537128841546 -56.36057805565335 -46.25715157224253
    endloop
  endfacet
  facet normal 0.582738410577268 0.5666883424683152 -0.5824776968677795
    outer loop
      vertex -54.00369779387031 -54.00369779387031 -46.487009143206976
      vertex -53.9821338723755 -53.9821338723755 -46.44445618641568
      vertex -52.633749972524505 -55.36870746452784 -46.44445618641568
    endloop
  endfacet
  facet normal 0.6088020519763401 0.5920341262283001 -0.5280678506503599
    outer loop
      vertex -53.9821338723755 -53.9821338723755 -46.44445618641568
      vertex -53.96258425916869 -53.96258425916869 -46.4
      vertex -52.613931241749206 -55.34943459098968 -46.4
    endloop
  endfacet
  facet normal 0.6971651028545647 -0.7169106076504826 -3.545100552800911e-14
    outer loop
      vertex -53.58749298852246 -56.29618202097799 -46.44445618641568
      vertex -53.56563222073927 -56.27492335322023 -46.487009143206976
      vertex -52.633749972524505 -55.36870746452784 -46.44445618641568
    endloop
  endfacet
  facet normal 0.5827384105772637 0.5666883424683107 -0.5824776968677884
    outer loop
      vertex -54.00369779387031 -54.00369779387031 -46.487009143206976
      vertex -52.633749972524505 -55.36870746452784 -46.44445618641568
      vertex -52.65561074030771 -55.38996613228559 -46.487009143206976
    endloop
  endfacet
  facet normal 0.6971651028545658 -0.7169106076504816 -8.269722088472332e-14
    outer loop
      vertex -53.56563222073927 -56.27492335322023 -46.487009143206976
      vertex -52.65561074030771 -55.38996613228559 -46.487009143206976
      vertex -52.633749972524505 -55.36870746452784 -46.44445618641568
    endloop
  endfacet
  facet normal 0.6971651028545646 -0.7169106076504828 5.524057508802528e-14
    outer loop
      vertex -53.58749298852246 -56.29618202097799 -46.44445618641568
      vertex -52.613931241749206 -55.34943459098968 -46.4
      vertex -53.60731171929777 -56.315454894516144 -46.4
    endloop
  endfacet
  facet normal 0.6971651028545647 -0.7169106076504826 5.699581566652264e-14
    outer loop
      vertex -53.58749298852246 -56.29618202097799 -46.44445618641568
      vertex -52.633749972524505 -55.36870746452784 -46.44445618641568
      vertex -52.613931241749206 -55.34943459098968 -46.4
    endloop
  endfacet
  facet normal 0.6971651028545647 -0.7169106076504826 -1.2689107824097202e-14
    outer loop
      vertex -53.60731171929777 -56.315454894516144 -46.4
      vertex -52.613931241749206 -55.34943459098968 -46.4
      vertex -52.596239414829604 -55.33223004107444 -46.3538309521752
    endloop
  endfacet
  facet normal 0.6088020519763407 0.5920341262283008 -0.5280678506503587
    outer loop
      vertex -53.9821338723755 -53.9821338723755 -46.44445618641568
      vertex -52.613931241749206 -55.34943459098968 -46.4
      vertex -52.633749972524505 -55.36870746452784 -46.44445618641568
    endloop
  endfacet
  facet normal 0.6322587095238261 0.6148447289690117 -0.47139673682609307
    outer loop
      vertex -53.96258425916869 -53.96258425916869 -46.4
      vertex -52.596239414829604 -55.33223004107444 -46.3538309521752
      vertex -52.613931241749206 -55.34943459098968 -46.4
    endloop
  endfacet
  facet normal 0.6322587095238671 0.6148447289690564 -0.47139673682597955
    outer loop
      vertex -53.96258425916869 -53.96258425916869 -46.4
      vertex -53.94513266869495 -53.94513266869495 -46.3538309521752
      vertex -52.596239414829604 -55.33223004107444 -46.3538309521752
    endloop
  endfacet
  facet normal 0.65300793821111 0.6350224721877009 -0.4127070298043102
    outer loop
      vertex -53.94513266869495 -53.94513266869495 -46.3538309521752
      vertex -53.929853831343905 -53.929853831343905 -46.30614674589207
      vertex -52.580750250884684 -55.31716748730615 -46.30614674589207
    endloop
  endfacet
  facet normal 0.670960886655206 0.65248095168989 -0.3522500479215229
    outer loop
      vertex -53.929853831343905 -53.929853831343905 -46.30614674589207
      vertex -53.91681317344272 -53.91681317344272 -46.25715157224253
      vertex -52.567530076892375 -55.304311429852476 -46.25715157224253
    endloop
  endfacet
  facet normal 0.697165102854564 -0.7169106076504833 1.2766405417085679e-14
    outer loop
      vertex -53.60731171929777 -56.315454894516144 -46.4
      vertex -52.596239414829604 -55.33223004107444 -46.3538309521752
      vertex -53.62500354621737 -56.332659444431386 -46.3538309521752
    endloop
  endfacet
  facet normal 0.6971651028545642 -0.7169106076504832 -2.676340584606351e-15
    outer loop
      vertex -53.62500354621737 -56.332659444431386 -46.3538309521752
      vertex -52.580750250884684 -55.31716748730615 -46.30614674589207
      vertex -53.64049271016229 -56.347721998199674 -46.30614674589207
    endloop
  endfacet
  facet normal 0.6971651028545641 -0.7169106076504832 2.9615051276787326e-15
    outer loop
      vertex -53.62500354621737 -56.332659444431386 -46.3538309521752
      vertex -52.596239414829604 -55.33223004107444 -46.3538309521752
      vertex -52.580750250884684 -55.31716748730615 -46.30614674589207
    endloop
  endfacet
  facet normal 0.653007938211117 0.6350224721877088 -0.41270702980428664
    outer loop
      vertex -53.94513266869495 -53.94513266869495 -46.3538309521752
      vertex -52.580750250884684 -55.31716748730615 -46.30614674589207
      vertex -52.596239414829604 -55.33223004107444 -46.3538309521752
    endloop
  endfacet
  facet normal 0.6971651028545645 -0.7169106076504829 -5.0226249547208366e-15
    outer loop
      vertex -53.64049271016229 -56.347721998199674 -46.30614674589207
      vertex -52.567530076892375 -55.304311429852476 -46.25715157224253
      vertex -53.6537128841546 -56.36057805565335 -46.25715157224253
    endloop
  endfacet
  facet normal 0.6971651028545641 -0.7169106076504831 6.163734159873479e-15
    outer loop
      vertex -53.64049271016229 -56.347721998199674 -46.30614674589207
      vertex -52.580750250884684 -55.31716748730615 -46.30614674589207
      vertex -52.567530076892375 -55.304311429852476 -46.25715157224253
    endloop
  endfacet
  facet normal 0.670960886655232 0.6524809516899196 -0.3522500479214186
    outer loop
      vertex -53.929853831343905 -53.929853831343905 -46.30614674589207
      vertex -52.567530076892375 -55.304311429852476 -46.25715157224253
      vertex -52.580750250884684 -55.31716748730615 -46.30614674589207
    endloop
  endfacet
  facet normal -0.6981827369905022 -0.6789530444255498 -0.22707626303453332
    outer loop
      vertex -54.99899339424631 -54.99899339424631 -46.20705523608201
      vertex -53.66460745737964 -56.37117256518067 -46.20705523608201
      vertex -55.00739999030268 -55.00739999030268 -46.156072257612905
    endloop
  endfacet
  facet normal -0.6860406775750414 -0.6671454075864316 -0.29028467725443635
    outer loop
      vertex -54.98824675789419 -54.98824675789419 -46.25715157224253
      vertex -53.6537128841546 -56.36057805565335 -46.25715157224253
      vertex -54.99899339424631 -54.99899339424631 -46.20705523608201
    endloop
  endfacet
  facet normal -0.7073350707392708 -0.6878533000937307 -0.16289547339455082
    outer loop
      vertex -55.00739999030268 -55.00739999030268 -46.156072257612905
      vertex -53.67312977760231 -56.37946015946537 -46.156072257612905
      vertex -55.01343054772836 -55.01343054772836 -46.10442095377604
    endloop
  endfacet
  facet normal -0.686040677575059 -0.6671454075864522 -0.2902846772543473
    outer loop
      vertex -54.99899339424631 -54.99899339424631 -46.20705523608201
      vertex -53.6537128841546 -56.36057805565335 -46.25715157224253
      vertex -53.66460745737964 -56.37117256518067 -46.20705523608201
    endloop
  endfacet
  facet normal -0.6981827369905055 -0.6789530444255537 -0.22707626303451173
    outer loop
      vertex -55.00739999030268 -55.00739999030268 -46.156072257612905
      vertex -53.66460745737964 -56.37117256518067 -46.20705523608201
      vertex -53.67312977760231 -56.37946015946537 -46.156072257612905
    endloop
  endfacet
  facet normal -0.713458487123057 -0.6938080623297272 -0.0980171403293735
    outer loop
      vertex -55.01343054772836 -55.01343054772836 -46.10442095377604
      vertex -53.679243350939046 -56.38540534975636 -46.10442095377604
      vertex -55.01705924275063 -55.01705924275063 -46.05232250338411
    endloop
  endfacet
  facet normal -0.7165267647328215 -0.6967918319274583 -0.0327190828216919
    outer loop
      vertex -55.01705924275063 -55.01705924275063 -46.05232250338411
      vertex -53.68292199813024 -56.3889826778361 -46.05232250338411
      vertex -55.01827053674033 -55.01827053674033 -46
    endloop
  endfacet
  facet normal -0.7073350707392668 -0.687853300093725 -0.16289547339459215
    outer loop
      vertex -55.01343054772836 -55.01343054772836 -46.10442095377604
      vertex -53.67312977760231 -56.37946015946537 -46.156072257612905
      vertex -53.679243350939046 -56.38540534975636 -46.10442095377604
    endloop
  endfacet
  facet normal -0.7134584871230579 -0.6938080623297289 -0.0980171403293557
    outer loop
      vertex -55.01705924275063 -55.01705924275063 -46.05232250338411
      vertex -53.679243350939046 -56.38540534975636 -46.10442095377604
      vertex -53.68292199813024 -56.3889826778361 -46.05232250338411
    endloop
  endfacet
  facet normal -0.716526764732821 -0.6967918319274529 -0.03271908282181878
    outer loop
      vertex -53.68292199813024 -56.3889826778361 -46.05232250338411
      vertex -53.68414996664387 -56.39017682503656 -46
      vertex -55.01827053674033 -55.01827053674033 -46
    endloop
  endfacet
  facet normal 0.6860406775750802 0.6671454075864681 -0.2902846772542606
    outer loop
      vertex -53.91681317344272 -53.91681317344272 -46.25715157224253
      vertex -53.9060665370906 -53.9060665370906 -46.20705523608201
      vertex -52.55663550366734 -55.29371692032516 -46.20705523608201
    endloop
  endfacet
  facet normal 0.6981827369905033 0.6789530444255487 -0.22707626303453335
    outer loop
      vertex -53.9060665370906 -53.9060665370906 -46.20705523608201
      vertex -53.897659941034235 -53.897659941034235 -46.156072257612905
      vertex -52.54811318344466 -55.28542932604046 -46.156072257612905
    endloop
  endfacet
  facet normal 0.6971651028545638 -0.7169106076504835 -3.746044518958318e-14
    outer loop
      vertex -53.6537128841546 -56.36057805565335 -46.25715157224253
      vertex -52.55663550366734 -55.29371692032516 -46.20705523608201
      vertex -53.66460745737964 -56.37117256518067 -46.20705523608201
    endloop
  endfacet
  facet normal 0.6971651028545643 -0.7169106076504829 -6.434832581975234e-14
    outer loop
      vertex -53.6537128841546 -56.36057805565335 -46.25715157224253
      vertex -52.567530076892375 -55.304311429852476 -46.25715157224253
      vertex -52.55663550366734 -55.29371692032516 -46.20705523608201
    endloop
  endfacet
  facet normal 0.6971651028545638 -0.7169106076504835 1.2839971783684317e-13
    outer loop
      vertex -53.66460745737964 -56.37117256518067 -46.20705523608201
      vertex -52.55663550366734 -55.29371692032516 -46.20705523608201
      vertex -52.54811318344466 -55.28542932604046 -46.156072257612905
    endloop
  endfacet
  facet normal 0.6860406775750804 0.6671454075864681 -0.2902846772542598
    outer loop
      vertex -53.91681317344272 -53.91681317344272 -46.25715157224253
      vertex -52.55663550366734 -55.29371692032516 -46.20705523608201
      vertex -52.567530076892375 -55.304311429852476 -46.25715157224253
    endloop
  endfacet
  facet normal 0.698182736990493 0.6789530444255362 -0.227076263034603
    outer loop
      vertex -53.9060665370906 -53.9060665370906 -46.20705523608201
      vertex -52.54811318344466 -55.28542932604046 -46.156072257612905
      vertex -52.55663550366734 -55.29371692032516 -46.20705523608201
    endloop
  endfacet
  facet normal 0.6971651028545675 -0.7169106076504801 -2.6091578152879267e-14
    outer loop
      vertex -53.66460745737964 -56.37117256518067 -46.20705523608201
      vertex -52.54811318344466 -55.28542932604046 -46.156072257612905
      vertex -53.67312977760231 -56.37946015946537 -46.156072257612905
    endloop
  endfacet
  facet normal 0.6971651028545673 -0.71691060765048 -1.6557955846303737e-13
    outer loop
      vertex -53.67312977760231 -56.37946015946537 -46.156072257612905
      vertex -52.54811318344466 -55.28542932604046 -46.156072257612905
      vertex -52.54199961010792 -55.27948413574947 -46.10442095377604
    endloop
  endfacet
  facet normal 0.7073350707392673 0.6878533000937241 -0.16289547339459448
    outer loop
      vertex -53.897659941034235 -53.897659941034235 -46.156072257612905
      vertex -52.54199961010792 -55.27948413574947 -46.10442095377604
      vertex -52.54811318344466 -55.28542932604046 -46.156072257612905
    endloop
  endfacet
  facet normal 0.6971651028545642 -0.7169106076504831 -2.9432925043305565e-14
    outer loop
      vertex -53.67312977760231 -56.37946015946537 -46.156072257612905
      vertex -52.54199961010792 -55.27948413574947 -46.10442095377604
      vertex -53.679243350939046 -56.38540534975636 -46.10442095377604
    endloop
  endfacet
  facet normal 0.6971651028545635 -0.7169106076504838 1.1102460766123317e-13
    outer loop
      vertex -53.679243350939046 -56.38540534975636 -46.10442095377604
      vertex -52.538320962916735 -55.27590680766973 -46.05232250338411
      vertex -53.68292199813024 -56.3889826778361 -46.05232250338411
    endloop
  endfacet
  facet normal 0.6971651028545641 -0.7169106076504831 8.263239604996124e-14
    outer loop
      vertex -53.679243350939046 -56.38540534975636 -46.10442095377604
      vertex -52.54199961010792 -55.27948413574947 -46.10442095377604
      vertex -52.538320962916735 -55.27590680766973 -46.05232250338411
    endloop
  endfacet
  facet normal 0.7134584871230585 0.6938080623297289 -0.09801714032935165
    outer loop
      vertex -53.89162938360855 -53.89162938360855 -46.10442095377604
      vertex -52.538320962916735 -55.27590680766973 -46.05232250338411
      vertex -52.54199961010792 -55.27948413574947 -46.10442095377604
    endloop
  endfacet
  facet normal 0.6971651028545645 -0.7169106076504829 -2.0644816660295225e-14
    outer loop
      vertex -53.68292199813024 -56.3889826778361 -46.05232250338411
      vertex -52.5370929944031 -55.27471266046926 -46
      vertex -53.68414996664387 -56.39017682503656 -46
    endloop
  endfacet
  facet normal 0.6971651028545636 -0.7169106076504838 2.0861480406606676e-14
    outer loop
      vertex -53.68292199813024 -56.3889826778361 -46.05232250338411
      vertex -52.538320962916735 -55.27590680766973 -46.05232250338411
      vertex -52.5370929944031 -55.27471266046926 -46
    endloop
  endfacet
  facet normal 0.7165267647328191 0.6967918319274545 -0.032719082821819394
    outer loop
      vertex -53.88800068858628 -53.88800068858628 -46.05232250338411
      vertex -52.5370929944031 -55.27471266046926 -46
      vertex -52.538320962916735 -55.27590680766973 -46.05232250338411
    endloop
  endfacet
  facet normal 0.7073350707392715 0.6878533000937299 -0.16289547339455085
    outer loop
      vertex -53.897659941034235 -53.897659941034235 -46.156072257612905
      vertex -53.89162938360855 -53.89162938360855 -46.10442095377604
      vertex -52.54199961010792 -55.27948413574947 -46.10442095377604
    endloop
  endfacet
  facet normal 0.7134584871230572 0.6938080623297269 -0.09801714032937349
    outer loop
      vertex -53.89162938360855 -53.89162938360855 -46.10442095377604
      vertex -53.88800068858628 -53.88800068858628 -46.05232250338411
      vertex -52.538320962916735 -55.27590680766973 -46.05232250338411
    endloop
  endfacet
  facet normal 0.7165267647328188 0.696791831927452 -0.03271908282188361
    outer loop
      vertex -53.88800068858628 -53.88800068858628 -46.05232250338411
      vertex -53.886789394596576 -53.886789394596576 -46
      vertex -52.5370929944031 -55.27471266046926 -46
    endloop
  endfacet
  facet normal -0.716526764732824 -0.6967918319274558 0.03271908282169189
    outer loop
      vertex -55.01827053674033 -55.01827053674033 -46
      vertex -53.68414996664387 -56.39017682503656 -46
      vertex -55.01705924275063 -55.01705924275063 -45.94767749661589
    endloop
  endfacet
  facet normal -0.7134584871230566 -0.6938080623297276 0.0980171403293735
    outer loop
      vertex -55.01705924275063 -55.01705924275063 -45.94767749661589
      vertex -53.68292199813024 -56.3889826778361 -45.94767749661589
      vertex -55.01343054772836 -55.01343054772836 -45.89557904622396
    endloop
  endfacet
  facet normal -0.7073350707392717 -0.6878533000937298 0.16289547339455085
    outer loop
      vertex -55.01343054772836 -55.01343054772836 -45.89557904622396
      vertex -53.679243350939046 -56.38540534975636 -45.89557904622396
      vertex -55.00739999030268 -55.00739999030268 -45.843927742387095
    endloop
  endfacet
  facet normal -0.7165267647328185 -0.6967918319274554 0.03271908282181868
    outer loop
      vertex -55.01705924275063 -55.01705924275063 -45.94767749661589
      vertex -53.68414996664387 -56.39017682503656 -46
      vertex -53.68292199813024 -56.3889826778361 -45.94767749661589
    endloop
  endfacet
  facet normal -0.7134584871230583 -0.6938080623297285 0.09801714032935403
    outer loop
      vertex -55.01343054772836 -55.01343054772836 -45.89557904622396
      vertex -53.68292199813024 -56.3889826778361 -45.94767749661589
      vertex -53.679243350939046 -56.38540534975636 -45.89557904622396
    endloop
  endfacet
  facet normal -0.6981827369905018 -0.6789530444255502 0.22707626303453335
    outer loop
      vertex -55.00739999030268 -55.00739999030268 -45.843927742387095
      vertex -53.67312977760231 -56.37946015946537 -45.843927742387095
      vertex -54.99899339424631 -54.99899339424631 -45.79294476391799
    endloop
  endfacet
  facet normal -0.6860406775750397 -0.6671454075864334 0.29028467725443635
    outer loop
      vertex -54.99899339424631 -54.99899339424631 -45.79294476391799
      vertex -53.66460745737964 -56.37117256518067 -45.79294476391799
      vertex -54.98824675789419 -54.98824675789419 -45.74284842775747
    endloop
  endfacet
  facet normal -0.7073350707392658 -0.6878533000937258 0.16289547339459295
    outer loop
      vertex -55.00739999030268 -55.00739999030268 -45.843927742387095
      vertex -53.679243350939046 -56.38540534975636 -45.89557904622396
      vertex -53.67312977760231 -56.37946015946537 -45.843927742387095
    endloop
  endfacet
  facet normal -0.6981827369905057 -0.6789530444255533 0.2270762630345121
    outer loop
      vertex -54.99899339424631 -54.99899339424631 -45.79294476391799
      vertex -53.67312977760231 -56.37946015946537 -45.843927742387095
      vertex -53.66460745737964 -56.37117256518067 -45.79294476391799
    endloop
  endfacet
  facet normal -0.6860406775750608 -0.6671454075864504 0.2902846772543474
    outer loop
      vertex -54.98824675789419 -54.98824675789419 -45.74284842775747
      vertex -53.66460745737964 -56.37117256518067 -45.79294476391799
      vertex -53.6537128841546 -56.36057805565335 -45.74284842775747
    endloop
  endfacet
  facet normal 0.6971651028545636 -0.7169106076504838 2.0689113640725326e-14
    outer loop
      vertex -53.68414996664387 -56.39017682503656 -46
      vertex -52.538320962916735 -55.27590680766973 -45.94767749661589
      vertex -53.68292199813024 -56.3889826778361 -45.94767749661589
    endloop
  endfacet
  facet normal 0.6971651028545645 -0.7169106076504829 -2.019645994304365e-14
    outer loop
      vertex -53.68414996664387 -56.39017682503656 -46
      vertex -52.5370929944031 -55.27471266046926 -46
      vertex -52.538320962916735 -55.27590680766973 -45.94767749661589
    endloop
  endfacet
  facet normal 0.7165267647328204 0.6967918319274534 0.032719082821819616
    outer loop
      vertex -53.886789394596576 -53.886789394596576 -46
      vertex -52.538320962916735 -55.27590680766973 -45.94767749661589
      vertex -52.5370929944031 -55.27471266046926 -46
    endloop
  endfacet
  facet normal 0.6971651028545641 -0.7169106076504831 -1.111204538872589e-13
    outer loop
      vertex -53.68292199813024 -56.3889826778361 -45.94767749661589
      vertex -52.54199961010792 -55.27948413574947 -45.89557904622396
      vertex -53.679243350939046 -56.38540534975636 -45.89557904622396
    endloop
  endfacet
  facet normal 0.6971651028545636 -0.7169106076504838 -8.10696791470815e-14
    outer loop
      vertex -53.68292199813024 -56.3889826778361 -45.94767749661589
      vertex -52.538320962916735 -55.27590680766973 -45.94767749661589
      vertex -52.54199961010792 -55.27948413574947 -45.89557904622396
    endloop
  endfacet
  facet normal 0.6971651028545642 -0.7169106076504831 1.6575093651162556e-13
    outer loop
      vertex -53.679243350939046 -56.38540534975636 -45.89557904622396
      vertex -52.54199961010792 -55.27948413574947 -45.89557904622396
      vertex -52.54811318344466 -55.28542932604046 -45.843927742387095
    endloop
  endfacet
  facet normal 0.7134584871230588 0.6938080623297285 0.09801714032935191
    outer loop
      vertex -53.88800068858628 -53.88800068858628 -45.94767749661589
      vertex -52.54199961010792 -55.27948413574947 -45.89557904622396
      vertex -52.538320962916735 -55.27590680766973 -45.94767749661589
    endloop
  endfacet
  facet normal 0.7073350707392663 0.6878533000937248 0.16289547339459534
    outer loop
      vertex -53.89162938360855 -53.89162938360855 -45.89557904622396
      vertex -52.54811318344466 -55.28542932604046 -45.843927742387095
      vertex -52.54199961010792 -55.27948413574947 -45.89557904622396
    endloop
  endfacet
  facet normal 0.6981827369905046 0.6789530444255474 0.22707626303453338
    outer loop
      vertex -53.897659941034235 -53.897659941034235 -45.843927742387095
      vertex -53.9060665370906 -53.9060665370906 -45.79294476391799
      vertex -52.55663550366734 -55.29371692032516 -45.79294476391799
    endloop
  endfacet
  facet normal 0.6860406775750802 0.6671454075864681 0.2902846772542606
    outer loop
      vertex -53.9060665370906 -53.9060665370906 -45.79294476391799
      vertex -53.91681317344272 -53.91681317344272 -45.74284842775747
      vertex -52.567530076892375 -55.304311429852476 -45.74284842775747
    endloop
  endfacet
  facet normal 0.6971651028545673 -0.71691060765048 2.869659181560708e-14
    outer loop
      vertex -53.679243350939046 -56.38540534975636 -45.89557904622396
      vertex -52.54811318344466 -55.28542932604046 -45.843927742387095
      vertex -53.67312977760231 -56.37946015946537 -45.843927742387095
    endloop
  endfacet
  facet normal 0.6971651028545675 -0.71691060765048 -1.2486009750482043e-13
    outer loop
      vertex -53.67312977760231 -56.37946015946537 -45.843927742387095
      vertex -52.54811318344466 -55.28542932604046 -45.843927742387095
      vertex -52.55663550366734 -55.29371692032516 -45.79294476391799
    endloop
  endfacet
  facet normal 0.6981827369904917 0.6789530444255375 0.22707626303460274
    outer loop
      vertex -53.897659941034235 -53.897659941034235 -45.843927742387095
      vertex -52.55663550366734 -55.29371692032516 -45.79294476391799
      vertex -52.54811318344466 -55.28542932604046 -45.843927742387095
    endloop
  endfacet
  facet normal 0.6971651028545638 -0.7169106076504835 2.7263526670155715e-14
    outer loop
      vertex -53.67312977760231 -56.37946015946537 -45.843927742387095
      vertex -52.55663550366734 -55.29371692032516 -45.79294476391799
      vertex -53.66460745737964 -56.37117256518067 -45.79294476391799
    endloop
  endfacet
  facet normal 0.6971651028545643 -0.7169106076504829 3.718342554248373e-14
    outer loop
      vertex -53.66460745737964 -56.37117256518067 -45.79294476391799
      vertex -52.567530076892375 -55.304311429852476 -45.74284842775747
      vertex -53.6537128841546 -56.36057805565335 -45.74284842775747
    endloop
  endfacet
  facet normal 0.6971651028545638 -0.7169106076504835 6.406180202804256e-14
    outer loop
      vertex -53.66460745737964 -56.37117256518067 -45.79294476391799
      vertex -52.55663550366734 -55.29371692032516 -45.79294476391799
      vertex -52.567530076892375 -55.304311429852476 -45.74284842775747
    endloop
  endfacet
  facet normal 0.6860406775750805 0.6671454075864681 0.2902846772542602
    outer loop
      vertex -53.9060665370906 -53.9060665370906 -45.79294476391799
      vertex -52.567530076892375 -55.304311429852476 -45.74284842775747
      vertex -52.55663550366734 -55.29371692032516 -45.79294476391799
    endloop
  endfacet
  facet normal 0.7165267647328176 0.6967918319274532 0.03271908282188361
    outer loop
      vertex -53.886789394596576 -53.886789394596576 -46
      vertex -53.88800068858628 -53.88800068858628 -45.94767749661589
      vertex -52.538320962916735 -55.27590680766973 -45.94767749661589
    endloop
  endfacet
  facet normal 0.7134584871230569 0.6938080623297274 0.09801714032937349
    outer loop
      vertex -53.88800068858628 -53.88800068858628 -45.94767749661589
      vertex -53.89162938360855 -53.89162938360855 -45.89557904622396
      vertex -52.54199961010792 -55.27948413574947 -45.89557904622396
    endloop
  endfacet
  facet normal 0.7073350707392723 0.6878533000937291 0.16289547339455082
    outer loop
      vertex -53.89162938360855 -53.89162938360855 -45.89557904622396
      vertex -53.897659941034235 -53.897659941034235 -45.843927742387095
      vertex -52.54811318344466 -55.28542932604046 -45.843927742387095
    endloop
  endfacet
  facet normal -0.6709608866552508 -0.6524809516899348 0.3522500479213548
    outer loop
      vertex -54.98824675789419 -54.98824675789419 -45.74284842775747
      vertex -53.6537128841546 -56.36057805565335 -45.74284842775747
      vertex -54.97520609999301 -54.97520609999301 -45.69385325410793
    endloop
  endfacet
  facet normal -0.6530079382111103 -0.6350224721877007 0.4127070298043102
    outer loop
      vertex -54.97520609999301 -54.97520609999301 -45.69385325410793
      vertex -53.64049271016229 -56.347721998199674 -45.69385325410793
      vertex -54.95992726264196 -54.95992726264196 -45.6461690478248
    endloop
  endfacet
  facet normal -0.6322587095238111 -0.6148447289689996 0.4713967368261288
    outer loop
      vertex -54.95992726264196 -54.95992726264196 -45.6461690478248
      vertex -53.62500354621737 -56.332659444431386 -45.6461690478248
      vertex -54.942475672168214 -54.942475672168214 -45.6
    endloop
  endfacet
  facet normal -0.6709608866552319 -0.652480951689919 0.35225004792141973
    outer loop
      vertex -54.97520609999301 -54.97520609999301 -45.69385325410793
      vertex -53.6537128841546 -56.36057805565335 -45.74284842775747
      vertex -53.64049271016229 -56.347721998199674 -45.69385325410793
    endloop
  endfacet
  facet normal -0.6530079382111186 -0.6350224721877078 0.4127070298042859
    outer loop
      vertex -54.95992726264196 -54.95992726264196 -45.6461690478248
      vertex -53.64049271016229 -56.347721998199674 -45.69385325410793
      vertex -53.62500354621737 -56.332659444431386 -45.6461690478248
    endloop
  endfacet
  facet normal -0.6088020519763397 -0.5920341262283007 0.5280678506503599
    outer loop
      vertex -54.942475672168214 -54.942475672168214 -45.6
      vertex -53.60731171929777 -56.315454894516144 -45.6
      vertex -54.92292605896141 -54.92292605896141 -45.55554381358432
    endloop
  endfacet
  facet normal -0.5827384105772662 -0.5666883424683172 0.5824776968677796
    outer loop
      vertex -54.92292605896141 -54.92292605896141 -45.55554381358432
      vertex -53.58749298852246 -56.29618202097799 -45.55554381358432
      vertex -54.9013621374666 -54.9013621374666 -45.512990856793024
    endloop
  endfacet
  facet normal -0.6322587095238257 -0.6148447289690123 0.4713967368260929
    outer loop
      vertex -54.942475672168214 -54.942475672168214 -45.6
      vertex -53.62500354621737 -56.332659444431386 -45.6461690478248
      vertex -53.60731171929777 -56.315454894516144 -45.6
    endloop
  endfacet
  facet normal -0.6088020519763077 -0.5920341262282725 0.5280678506504284
    outer loop
      vertex -54.92292605896141 -54.92292605896141 -45.55554381358432
      vertex -53.60731171929777 -56.315454894516144 -45.6
      vertex -53.58749298852246 -56.29618202097799 -45.55554381358432
    endloop
  endfacet
  facet normal -0.5827384105772956 -0.5666883424683433 0.5824776968677247
    outer loop
      vertex -54.9013621374666 -54.9013621374666 -45.512990856793024
      vertex -53.58749298852246 -56.29618202097799 -45.55554381358432
      vertex -53.56563222073927 -56.27492335322023 -45.512990856793024
    endloop
  endfacet
  facet normal 0.6709608866552059 0.6524809516898901 0.352250047921523
    outer loop
      vertex -53.91681317344272 -53.91681317344272 -45.74284842775747
      vertex -53.929853831343905 -53.929853831343905 -45.69385325410793
      vertex -52.567530076892375 -55.304311429852476 -45.74284842775747
    endloop
  endfacet
  facet normal 0.6530079382111095 0.6350224721877015 0.4127070298043101
    outer loop
      vertex -53.929853831343905 -53.929853831343905 -45.69385325410793
      vertex -53.94513266869495 -53.94513266869495 -45.6461690478248
      vertex -52.596239414829604 -55.33223004107444 -45.6461690478248
    endloop
  endfacet
  facet normal 0.6971651028545642 -0.7169106076504831 5.14793837444507e-15
    outer loop
      vertex -53.6537128841546 -56.36057805565335 -45.74284842775747
      vertex -52.580750250884684 -55.31716748730615 -45.69385325410793
      vertex -53.64049271016229 -56.347721998199674 -45.69385325410793
    endloop
  endfacet
  facet normal 0.6971651028545645 -0.7169106076504829 -5.4686139485699076e-15
    outer loop
      vertex -53.6537128841546 -56.36057805565335 -45.74284842775747
      vertex -52.567530076892375 -55.304311429852476 -45.74284842775747
      vertex -52.580750250884684 -55.31716748730615 -45.69385325410793
    endloop
  endfacet
  facet normal 0.6709608866552318 0.6524809516899195 0.3522500479214191
    outer loop
      vertex -53.929853831343905 -53.929853831343905 -45.69385325410793
      vertex -52.580750250884684 -55.31716748730615 -45.69385325410793
      vertex -52.567530076892375 -55.304311429852476 -45.74284842775747
    endloop
  endfacet
  facet normal 0.6971651028545641 -0.7169106076504832 2.7569310267157423e-15
    outer loop
      vertex -53.64049271016229 -56.347721998199674 -45.69385325410793
      vertex -52.596239414829604 -55.33223004107444 -45.6461690478248
      vertex -53.62500354621737 -56.332659444431386 -45.6461690478248
    endloop
  endfacet
  facet normal 0.6971651028545642 -0.7169106076504831 -2.004218018315229e-15
    outer loop
      vertex -53.64049271016229 -56.347721998199674 -45.69385325410793
      vertex -52.580750250884684 -55.31716748730615 -45.69385325410793
      vertex -52.596239414829604 -55.33223004107444 -45.6461690478248
    endloop
  endfacet
  facet normal 0.697165102854564 -0.7169106076504832 1.3526237408582782e-14
    outer loop
      vertex -53.62500354621737 -56.332659444431386 -45.6461690478248
      vertex -52.596239414829604 -55.33223004107444 -45.6461690478248
      vertex -52.613931241749206 -55.34943459098968 -45.6
    endloop
  endfacet
  facet normal 0.6530079382111175 0.6350224721877081 0.41270702980428703
    outer loop
      vertex -53.929853831343905 -53.929853831343905 -45.69385325410793
      vertex -52.596239414829604 -55.33223004107444 -45.6461690478248
      vertex -52.580750250884684 -55.31716748730615 -45.69385325410793
    endloop
  endfacet
  facet normal 0.6322587095238237 0.6148447289690142 0.47139673682609307
    outer loop
      vertex -53.94513266869495 -53.94513266869495 -45.6461690478248
      vertex -52.613931241749206 -55.34943459098968 -45.6
      vertex -52.596239414829604 -55.33223004107444 -45.6461690478248
    endloop
  endfacet
  facet normal 0.6322587095238695 0.614844728969054 0.4713967368259796
    outer loop
      vertex -53.94513266869495 -53.94513266869495 -45.6461690478248
      vertex -53.96258425916869 -53.96258425916869 -45.6
      vertex -52.613931241749206 -55.34943459098968 -45.6
    endloop
  endfacet
  facet normal 0.6088020519763401 0.5920341262283002 0.5280678506503599
    outer loop
      vertex -53.96258425916869 -53.96258425916869 -45.6
      vertex -53.9821338723755 -53.9821338723755 -45.55554381358432
      vertex -52.633749972524505 -55.36870746452784 -45.55554381358432
    endloop
  endfacet
  facet normal 0.5827384105772682 0.566688342468315 0.5824776968677795
    outer loop
      vertex -53.9821338723755 -53.9821338723755 -45.55554381358432
      vertex -54.00369779387031 -54.00369779387031 -45.512990856793024
      vertex -52.65561074030771 -55.38996613228559 -45.512990856793024
    endloop
  endfacet
  facet normal 0.6971651028545647 -0.7169106076504826 -1.3221137597009168e-14
    outer loop
      vertex -53.62500354621737 -56.332659444431386 -45.6461690478248
      vertex -52.613931241749206 -55.34943459098968 -45.6
      vertex -53.60731171929777 -56.315454894516144 -45.6
    endloop
  endfacet
  facet normal 0.6971651028545647 -0.7169106076504826 -5.5220903311278674e-14
    outer loop
      vertex -53.60731171929777 -56.315454894516144 -45.6
      vertex -52.633749972524505 -55.36870746452784 -45.55554381358432
      vertex -53.58749298852246 -56.29618202097799 -45.55554381358432
    endloop
  endfacet
  facet normal 0.6971651028545647 -0.7169106076504826 -5.643515674618112e-14
    outer loop
      vertex -53.60731171929777 -56.315454894516144 -45.6
      vertex -52.613931241749206 -55.34943459098968 -45.6
      vertex -52.633749972524505 -55.36870746452784 -45.55554381358432
    endloop
  endfacet
  facet normal 0.6088020519763411 0.5920341262283011 0.5280678506503577
    outer loop
      vertex -53.96258425916869 -53.96258425916869 -45.6
      vertex -52.633749972524505 -55.36870746452784 -45.55554381358432
      vertex -52.613931241749206 -55.34943459098968 -45.6
    endloop
  endfacet
  facet normal 0.6971651028545658 -0.7169106076504816 3.4311918764044713e-14
    outer loop
      vertex -53.58749298852246 -56.29618202097799 -45.55554381358432
      vertex -52.65561074030771 -55.38996613228559 -45.512990856793024
      vertex -53.56563222073927 -56.27492335322023 -45.512990856793024
    endloop
  endfacet
  facet normal 0.6971651028545647 -0.7169106076504826 8.001762554290424e-14
    outer loop
      vertex -53.58749298852246 -56.29618202097799 -45.55554381358432
      vertex -52.633749972524505 -55.36870746452784 -45.55554381358432
      vertex -52.65561074030771 -55.38996613228559 -45.512990856793024
    endloop
  endfacet
  facet normal 0.5827384105772635 0.5666883424683108 0.5824776968677884
    outer loop
      vertex -53.9821338723755 -53.9821338723755 -45.55554381358432
      vertex -52.65561074030771 -55.38996613228559 -45.512990856793024
      vertex -52.633749972524505 -55.36870746452784 -45.55554381358432
    endloop
  endfacet
  facet normal -0.5541793938404771 -0.5389159122263064 0.6343932841636087
    outer loop
      vertex -54.9013621374666 -54.9013621374666 -45.512990856793024
      vertex -53.56563222073927 -56.27492335322023 -45.512990856793024
      vertex -54.87787624770618 -54.87787624770618 -45.472523347919946
    endloop
  endfacet
  facet normal -0.5232472958600386 -0.5088357613122125 0.6835923020229078
    outer loop
      vertex -54.87787624770618 -54.87787624770618 -45.472523347919946
      vertex -53.54182302711195 -56.2517699241219 -45.472523347919946
      vertex -54.85256895986573 -54.85256895986573 -45.43431457505076
    endloop
  endfacet
  facet normal -0.4900745726284495 -0.476576697550401 0.729864072697784
    outer loop
      vertex -54.85256895986573 -54.85256895986573 -45.43431457505076
      vertex -53.51616736226286 -56.22682088022098 -45.43431457505076
      vertex -54.82554864363702 -54.82554864363702 -45.398528154016816
    endloop
  endfacet
  facet normal -0.45480327483915667 -0.4422768592042022 0.7730104533627244
    outer loop
      vertex -54.82554864363702 -54.82554864363702 -45.398528154016816
      vertex -53.48877508768764 -56.20018305715369 -45.398528154016816
      vertex -54.79693100416238 -54.79693100416238 -45.36531732776701
    endloop
  endfacet
  facet normal -0.554179393840505 -0.5389159122263314 0.6343932841635631
    outer loop
      vertex -54.87787624770618 -54.87787624770618 -45.472523347919946
      vertex -53.56563222073927 -56.27492335322023 -45.512990856793024
      vertex -53.54182302711195 -56.2517699241219 -45.472523347919946
    endloop
  endfacet
  facet normal -0.5232472958600226 -0.5088357613121981 0.6835923020229305
    outer loop
      vertex -54.85256895986573 -54.85256895986573 -45.43431457505076
      vertex -53.54182302711195 -56.2517699241219 -45.472523347919946
      vertex -53.51616736226286 -56.22682088022098 -45.43431457505076
    endloop
  endfacet
  facet normal -0.49007457262846194 -0.47657669755041226 0.7298640726977683
    outer loop
      vertex -54.82554864363702 -54.82554864363702 -45.398528154016816
      vertex -53.51616736226286 -56.22682088022098 -45.43431457505076
      vertex -53.48877508768764 -56.20018305715369 -45.398528154016816
    endloop
  endfacet
  facet normal -0.45480327483914673 -0.4422768592041931 0.7730104533627356
    outer loop
      vertex -54.79693100416238 -54.79693100416238 -45.36531732776701
      vertex -53.48877508768764 -56.20018305715369 -45.398528154016816
      vertex -53.45976350131134 -56.17197052216792 -45.36531732776701
    endloop
  endfacet
  facet normal -0.41758443960434427 -0.4060831234473241 0.8128466845916216
    outer loop
      vertex -54.79693100416238 -54.79693100416238 -45.36531732776701
      vertex -53.45976350131134 -56.17197052216792 -45.36531732776701
      vertex -54.7668385865675 -54.7668385865675 -45.33482431015796
    endloop
  endfacet
  facet normal -0.37857744369047364 -0.3681504774128852 0.8492021815265497
    outer loop
      vertex -54.7668385865675 -54.7668385865675 -45.33482431015796
      vertex -53.42925683520077 -56.14230408566975 -45.33482431015796
      vertex -54.735400251204396 -54.735400251204396 -45.307179676972446
    endloop
  endfacet
  facet normal -0.41758443960432307 -0.40608312344730474 0.8128466845916422
    outer loop
      vertex -54.7668385865675 -54.7668385865675 -45.33482431015796
      vertex -53.45976350131134 -56.17197052216792 -45.36531732776701
      vertex -53.42925683520077 -56.14230408566975 -45.33482431015796
    endloop
  endfacet
  facet normal -0.37857744369049945 -0.3681504774129088 0.849202181526528
    outer loop
      vertex -54.735400251204396 -54.735400251204396 -45.307179676972446
      vertex -53.42925683520077 -56.14230408566975 -45.33482431015796
      vertex -53.39738572358368 -56.111310783894744 -45.307179676972446
    endloop
  endfacet
  facet normal -0.33794932104230646 -0.32864135451452886 0.881921264348411
    outer loop
      vertex -54.735400251204396 -54.735400251204396 -45.307179676972446
      vertex -53.39738572358368 -56.111310783894744 -45.307179676972446
      vertex -54.702750621851585 -54.702750621851585 -45.28250180677385
    endloop
  endfacet
  facet normal -0.29587404751873175 -0.2877249388824181 0.9108638249211527
    outer loop
      vertex -54.702750621851585 -54.702750621851585 -45.28250180677385
      vertex -53.36428664345296 -56.07912333491927 -45.28250180677385
      vertex -54.669029509234434 -54.669029509234434 -45.260896373990974
    endloop
  endfacet
  facet normal -0.25253179590014774 -0.2455764408895558 0.9359059267573128
    outer loop
      vertex -54.669029509234434 -54.669029509234434 -45.260896373990974
      vertex -53.330101330151194 -56.045879570341356 -45.260896373990974
      vertex -54.63438131233411 -54.63438131233411 -45.24245589640392
    endloop
  endfacet
  facet normal 0.5232472958600365 0.5088357613122148 0.6835923020229079
    outer loop
      vertex -54.027183683630724 -54.027183683630724 -45.472523347919946
      vertex -54.05249097147118 -54.05249097147118 -45.43431457505076
      vertex -52.705075598784106 -55.43806860528485 -45.43431457505076
    endloop
  endfacet
  facet normal 0.5541793938404768 0.5389159122263069 0.6343932841636089
    outer loop
      vertex -54.00369779387031 -54.00369779387031 -45.512990856793024
      vertex -54.027183683630724 -54.027183683630724 -45.472523347919946
      vertex -52.67941993393502 -55.41311956138392 -45.472523347919946
    endloop
  endfacet
  facet normal 0.49007457262844883 0.4765766975504017 0.7298640726977841
    outer loop
      vertex -54.07951128769989 -54.07951128769989 -45.398528154016816
      vertex -52.73246787335933 -55.46470642835214 -45.398528154016816
      vertex -54.05249097147118 -54.05249097147118 -45.43431457505076
    endloop
  endfacet
  facet normal 0.45480327483915606 0.4422768592042028 0.7730104533627246
    outer loop
      vertex -54.07951128769989 -54.07951128769989 -45.398528154016816
      vertex -54.108128927174526 -54.108128927174526 -45.36531732776701
      vertex -52.76147945973563 -55.49291896333791 -45.36531732776701
    endloop
  endfacet
  facet normal 0.6971651028545608 -0.7169106076504863 1.0624630480947625e-13
    outer loop
      vertex -53.56563222073927 -56.27492335322023 -45.512990856793024
      vertex -52.67941993393502 -55.41311956138392 -45.472523347919946
      vertex -53.54182302711195 -56.2517699241219 -45.472523347919946
    endloop
  endfacet
  facet normal 0.6971651028545668 -0.7169106076504805 -1.9505745714951055e-13
    outer loop
      vertex -53.54182302711195 -56.2517699241219 -45.472523347919946
      vertex -52.705075598784106 -55.43806860528485 -45.43431457505076
      vertex -53.51616736226286 -56.22682088022098 -45.43431457505076
    endloop
  endfacet
  facet normal 0.5541793938405045 0.5389159122263315 0.6343932841635634
    outer loop
      vertex -54.00369779387031 -54.00369779387031 -45.512990856793024
      vertex -52.67941993393502 -55.41311956138392 -45.472523347919946
      vertex -52.65561074030771 -55.38996613228559 -45.512990856793024
    endloop
  endfacet
  facet normal 0.523247295860057 0.5088357613122331 0.6835923020228785
    outer loop
      vertex -54.027183683630724 -54.027183683630724 -45.472523347919946
      vertex -52.705075598784106 -55.43806860528485 -45.43431457505076
      vertex -52.67941993393502 -55.41311956138392 -45.472523347919946
    endloop
  endfacet
  facet normal 0.6971651028545658 -0.7169106076504816 -1.0069103471645461e-13
    outer loop
      vertex -53.56563222073927 -56.27492335322023 -45.512990856793024
      vertex -52.65561074030771 -55.38996613228559 -45.512990856793024
      vertex -52.67941993393502 -55.41311956138392 -45.472523347919946
    endloop
  endfacet
  facet normal 0.6971651028545609 -0.7169106076504864 5.767462207655676e-14
    outer loop
      vertex -53.54182302711195 -56.2517699241219 -45.472523347919946
      vertex -52.67941993393502 -55.41311956138392 -45.472523347919946
      vertex -52.705075598784106 -55.43806860528485 -45.43431457505076
    endloop
  endfacet
  facet normal 0.6971651028545663 -0.7169106076504811 8.085259024451676e-14
    outer loop
      vertex -53.51616736226286 -56.22682088022098 -45.43431457505076
      vertex -52.73246787335933 -55.46470642835214 -45.398528154016816
      vertex -53.48877508768764 -56.20018305715369 -45.398528154016816
    endloop
  endfacet
  facet normal 0.6971651028545639 -0.7169106076504834 5.252757350061847e-14
    outer loop
      vertex -53.48877508768764 -56.20018305715369 -45.398528154016816
      vertex -52.76147945973563 -55.49291896333791 -45.36531732776701
      vertex -53.45976350131134 -56.17197052216792 -45.36531732776701
    endloop
  endfacet
  facet normal 0.4900745726284254 0.4765766975503805 0.7298640726978135
    outer loop
      vertex -54.05249097147118 -54.05249097147118 -45.43431457505076
      vertex -52.73246787335933 -55.46470642835214 -45.398528154016816
      vertex -52.705075598784106 -55.43806860528485 -45.43431457505076
    endloop
  endfacet
  facet normal 0.4548032748391466 0.44227685920419435 0.7730104533627348
    outer loop
      vertex -54.07951128769989 -54.07951128769989 -45.398528154016816
      vertex -52.76147945973563 -55.49291896333791 -45.36531732776701
      vertex -52.73246787335933 -55.46470642835214 -45.398528154016816
    endloop
  endfacet
  facet normal 0.6971651028545668 -0.7169106076504805 5.935357167095572e-14
    outer loop
      vertex -53.51616736226286 -56.22682088022098 -45.43431457505076
      vertex -52.705075598784106 -55.43806860528485 -45.43431457505076
      vertex -52.73246787335933 -55.46470642835214 -45.398528154016816
    endloop
  endfacet
  facet normal 0.6971651028545662 -0.716910607650481 -4.997980135664304e-14
    outer loop
      vertex -53.48877508768764 -56.20018305715369 -45.398528154016816
      vertex -52.73246787335933 -55.46470642835214 -45.398528154016816
      vertex -52.76147945973563 -55.49291896333791 -45.36531732776701
    endloop
  endfacet
  facet normal 0.41758443960427843 0.4060831234472614 0.8128466845916867
    outer loop
      vertex -54.108128927174526 -54.108128927174526 -45.36531732776701
      vertex -54.13822134476941 -54.13822134476941 -45.33482431015796
      vertex -52.79198612584621 -55.52258539983608 -45.33482431015796
    endloop
  endfacet
  facet normal 0.37857744369053453 0.36815047741294604 0.8492021815264961
    outer loop
      vertex -54.13822134476941 -54.13822134476941 -45.33482431015796
      vertex -54.16965968013251 -54.16965968013251 -45.307179676972446
      vertex -52.82385723746329 -55.55357870161108 -45.307179676972446
    endloop
  endfacet
  facet normal -0.3379493210422916 -0.32864135451451526 0.8819212643484217
    outer loop
      vertex -54.702750621851585 -54.702750621851585 -45.28250180677385
      vertex -53.39738572358368 -56.111310783894744 -45.307179676972446
      vertex -53.36428664345296 -56.07912333491927 -45.28250180677385
    endloop
  endfacet
  facet normal -0.2958740475187206 -0.2877249388824079 0.9108638249211592
    outer loop
      vertex -54.669029509234434 -54.669029509234434 -45.260896373990974
      vertex -53.36428664345296 -56.07912333491927 -45.28250180677385
      vertex -53.330101330151194 -56.045879570341356 -45.260896373990974
    endloop
  endfacet
  facet normal 0.3379493210423056 0.3286413545145299 0.8819212643484111
    outer loop
      vertex -54.20230930948532 -54.20230930948532 -45.28250180677385
      vertex -52.85695631759401 -55.58576615058656 -45.28250180677385
      vertex -54.16965968013251 -54.16965968013251 -45.307179676972446
    endloop
  endfacet
  facet normal 0.2958740475186791 0.28772493888236866 0.9108638249211852
    outer loop
      vertex -54.20230930948532 -54.20230930948532 -45.28250180677385
      vertex -54.23603042210248 -54.23603042210248 -45.260896373990974
      vertex -52.89114163089578 -55.61900991516447 -45.260896373990974
    endloop
  endfacet
  facet normal 0.2525317959001307 0.24557644088954017 0.9359059267573214
    outer loop
      vertex -54.23603042210248 -54.23603042210248 -45.260896373990974
      vertex -52.926266790608814 -55.65316764044123 -45.24245589640392
      vertex -52.89114163089578 -55.61900991516447 -45.260896373990974
    endloop
  endfacet
  facet normal 0.6971651028545648 -0.7169106076504825 -1.0327996505807093e-13
    outer loop
      vertex -53.45976350131134 -56.17197052216792 -45.36531732776701
      vertex -52.79198612584621 -55.52258539983608 -45.33482431015796
      vertex -53.42925683520077 -56.14230408566975 -45.33482431015796
    endloop
  endfacet
  facet normal 0.697165102854567 -0.7169106076504804 -4.533113929626761e-14
    outer loop
      vertex -53.42925683520077 -56.14230408566975 -45.33482431015796
      vertex -52.82385723746329 -55.55357870161108 -45.307179676972446
      vertex -53.39738572358368 -56.111310783894744 -45.307179676972446
    endloop
  endfacet
  facet normal 0.4175844396042912 0.40608312344727304 0.8128466845916743
    outer loop
      vertex -54.108128927174526 -54.108128927174526 -45.36531732776701
      vertex -52.79198612584621 -55.52258539983608 -45.33482431015796
      vertex -52.76147945973563 -55.49291896333791 -45.36531732776701
    endloop
  endfacet
  facet normal 0.3785774436905601 0.3681504774129694 0.8492021815264746
    outer loop
      vertex -54.13822134476941 -54.13822134476941 -45.33482431015796
      vertex -52.82385723746329 -55.55357870161108 -45.307179676972446
      vertex -52.79198612584621 -55.52258539983608 -45.33482431015796
    endloop
  endfacet
  facet normal 0.6971651028545639 -0.7169106076504834 -6.556650336665156e-14
    outer loop
      vertex -53.45976350131134 -56.17197052216792 -45.36531732776701
      vertex -52.76147945973563 -55.49291896333791 -45.36531732776701
      vertex -52.79198612584621 -55.52258539983608 -45.33482431015796
    endloop
  endfacet
  facet normal 0.6971651028545647 -0.7169106076504824 4.5108263970524755e-14
    outer loop
      vertex -53.42925683520077 -56.14230408566975 -45.33482431015796
      vertex -52.79198612584621 -55.52258539983608 -45.33482431015796
      vertex -52.82385723746329 -55.55357870161108 -45.307179676972446
    endloop
  endfacet
  facet normal 0.697165102854567 -0.7169106076504803 -1.7750970394962994e-15
    outer loop
      vertex -53.39738572358368 -56.111310783894744 -45.307179676972446
      vertex -52.85695631759401 -55.58576615058656 -45.28250180677385
      vertex -53.36428664345296 -56.07912333491927 -45.28250180677385
    endloop
  endfacet
  facet normal 0.6971651028545707 -0.7169106076504769 3.327506403966311e-14
    outer loop
      vertex -53.36428664345296 -56.07912333491927 -45.28250180677385
      vertex -52.89114163089578 -55.61900991516447 -45.260896373990974
      vertex -53.330101330151194 -56.045879570341356 -45.260896373990974
    endloop
  endfacet
  facet normal 0.3379493210422903 0.32864135451451587 0.8819212643484221
    outer loop
      vertex -54.16965968013251 -54.16965968013251 -45.307179676972446
      vertex -52.85695631759401 -55.58576615058656 -45.28250180677385
      vertex -52.82385723746329 -55.55357870161108 -45.307179676972446
    endloop
  endfacet
  facet normal 0.2958740475186944 0.2877249388823827 0.9108638249211758
    outer loop
      vertex -54.20230930948532 -54.20230930948532 -45.28250180677385
      vertex -52.89114163089578 -55.61900991516447 -45.260896373990974
      vertex -52.85695631759401 -55.58576615058656 -45.28250180677385
    endloop
  endfacet
  facet normal 0.697165102854567 -0.7169106076504804 2.217590065710539e-15
    outer loop
      vertex -53.39738572358368 -56.111310783894744 -45.307179676972446
      vertex -52.82385723746329 -55.55357870161108 -45.307179676972446
      vertex -52.85695631759401 -55.58576615058656 -45.28250180677385
    endloop
  endfacet
  facet normal 0.697165102854567 -0.7169106076504803 1.849290443896114e-13
    outer loop
      vertex -53.36428664345296 -56.07912333491927 -45.28250180677385
      vertex -52.85695631759401 -55.58576615058656 -45.28250180677385
      vertex -52.89114163089578 -55.61900991516447 -45.260896373990974
    endloop
  endfacet
  facet normal 0.6971651028545706 -0.7169106076504769 -1.5323840060102494e-13
    outer loop
      vertex -53.330101330151194 -56.045879570341356 -45.260896373990974
      vertex -52.89114163089578 -55.61900991516447 -45.260896373990974
      vertex -52.926266790608814 -55.65316764044123 -45.24245589640392
    endloop
  endfacet
  facet normal -0.2081081643621232 -0.20237634687521425 0.9569403357322078
    outer loop
      vertex -54.63438131233411 -54.63438131233411 -45.24245589640392
      vertex -53.29497617043816 -56.01172184506459 -45.24245589640392
      vertex -54.59895440004903 -54.59895440004903 -45.22725933896874
    endloop
  endfacet
  facet normal -0.16279338171492772 -0.15830964627414382 0.9738769792773485
    outer loop
      vertex -54.59895440004903 -54.59895440004903 -45.22725933896874
      vertex -53.25906157564026 -55.97679642771261 -45.22725933896874
      vertex -54.56290047585646 -54.56290047585646 -45.21537177567742
    endloop
  endfacet
  facet normal -0.1167814928148648 -0.11356503946371725 0.9866433320848704
    outer loop
      vertex -54.56290047585646 -54.56290047585646 -45.21537177567742
      vertex -53.22251133756614 -55.94125287428436 -45.21537177567742
      vertex -54.52637392819487 -54.52637392819487 -45.20684411090095
    endloop
  endfacet
  facet normal 0.208108164362162 0.2023763468752508 0.9569403357321916
    outer loop
      vertex -54.2706786190028 -54.2706786190028 -45.24245589640392
      vertex -54.306105531287876 -54.306105531287876 -45.22725933896874
      vertex -52.962181385406716 -55.68809305779322 -45.22725933896874
    endloop
  endfacet
  facet normal 0.16279338171492772 0.15830964627414384 0.9738769792773486
    outer loop
      vertex -54.34215945548045 -54.34215945548045 -45.21537177567742
      vertex -52.998731623480836 -55.723636611221465 -45.21537177567742
      vertex -54.306105531287876 -54.306105531287876 -45.22725933896874
    endloop
  endfacet
  facet normal -0.07026952763378864 -0.06833412971933037 0.9951847266722024
    outer loop
      vertex -54.52637392819487 -54.52637392819487 -45.20684411090095
      vertex -53.185481969946515 -55.90524338773236 -45.20684411090095
      vertex -54.48953116934901 -54.48953116934901 -45.20171286140912
    endloop
  endfacet
  facet normal 0.07026952763380226 0.0683341297193432 0.9951847266722004
    outer loop
      vertex -54.37868600314204 -54.37868600314204 -45.20684411090095
      vertex -54.4155287619879 -54.4155287619879 -45.20171286140912
      vertex -53.07311092282858 -55.795967319299514 -45.20171286140912
    endloop
  endfacet
  facet normal -0.023456657547530936 -0.022810602740755293 0.9994645874763654
    outer loop
      vertex -54.48953116934901 -54.48953116934901 -45.20171286140912
      vertex -53.14813203821839 -55.86892216620631 -45.20171286140912
      vertex -54.452529965668454 -54.452529965668454 -45.2
    endloop
  endfacet
  facet normal 0.023456657547530912 0.022810602740755324 0.9994645874763655
    outer loop
      vertex -54.452529965668454 -54.452529965668454 -45.2
      vertex -53.110621480523484 -55.83244474275291 -45.2
      vertex -54.4155287619879 -54.4155287619879 -45.20171286140912
    endloop
  endfacet
  facet normal 0.11678149281484278 0.11356503946369564 0.9866433320848755
    outer loop
      vertex -54.37868600314204 -54.37868600314204 -45.20684411090095
      vertex -53.03576099110046 -55.75964609777347 -45.20684411090095
      vertex -54.34215945548045 -54.34215945548045 -45.21537177567742
    endloop
  endfacet
  facet normal -0.2525317959001308 -0.2455764408895403 0.9359059267573215
    outer loop
      vertex -53.330101330151194 -56.045879570341356 -45.260896373990974
      vertex -53.29497617043816 -56.01172184506459 -45.24245589640392
      vertex -54.63438131233411 -54.63438131233411 -45.24245589640392
    endloop
  endfacet
  facet normal -0.20810816436215382 -0.20237634687524236 0.9569403357321952
    outer loop
      vertex -54.59895440004903 -54.59895440004903 -45.22725933896874
      vertex -53.29497617043816 -56.01172184506459 -45.24245589640392
      vertex -53.25906157564026 -55.97679642771261 -45.22725933896874
    endloop
  endfacet
  facet normal -0.16279338171492122 -0.15830964627413785 0.9738769792773507
    outer loop
      vertex -54.56290047585646 -54.56290047585646 -45.21537177567742
      vertex -53.25906157564026 -55.97679642771261 -45.22725933896874
      vertex -53.22251133756614 -55.94125287428436 -45.21537177567742
    endloop
  endfacet
  facet normal -0.11678149281485364 -0.11356503946370698 0.986643332084873
    outer loop
      vertex -54.52637392819487 -54.52637392819487 -45.20684411090095
      vertex -53.22251133756614 -55.94125287428436 -45.21537177567742
      vertex -53.185481969946515 -55.90524338773236 -45.20684411090095
    endloop
  endfacet
  facet normal -0.07026952763379664 -0.06833412971933774 0.9951847266722013
    outer loop
      vertex -54.48953116934901 -54.48953116934901 -45.20171286140912
      vertex -53.185481969946515 -55.90524338773236 -45.20684411090095
      vertex -53.14813203821839 -55.86892216620631 -45.20171286140912
    endloop
  endfacet
  facet normal 0.2525317959001477 0.24557644088955582 0.9359059267573129
    outer loop
      vertex -54.23603042210248 -54.23603042210248 -45.260896373990974
      vertex -54.2706786190028 -54.2706786190028 -45.24245589640392
      vertex -52.926266790608814 -55.65316764044123 -45.24245589640392
    endloop
  endfacet
  facet normal 0.07026952763380333 0.06833412971934417 0.9951847266722003
    outer loop
      vertex -54.37868600314204 -54.37868600314204 -45.20684411090095
      vertex -53.07311092282858 -55.795967319299514 -45.20171286140912
      vertex -53.03576099110046 -55.75964609777347 -45.20684411090095
    endloop
  endfacet
  facet normal -0.023456657547529774 -0.022810602740754218 0.9994645874763655
    outer loop
      vertex -54.452529965668454 -54.452529965668454 -45.2
      vertex -53.14813203821839 -55.86892216620631 -45.20171286140912
      vertex -53.110621480523484 -55.83244474275291 -45.2
    endloop
  endfacet
  facet normal 0.0234566575475321 0.02281060274075642 0.9994645874763654
    outer loop
      vertex -54.4155287619879 -54.4155287619879 -45.20171286140912
      vertex -53.110621480523484 -55.83244474275291 -45.2
      vertex -53.07311092282858 -55.795967319299514 -45.20171286140912
    endloop
  endfacet
  facet normal 0.11678149281484296 0.1135650394636958 0.9866433320848755
    outer loop
      vertex -54.34215945548045 -54.34215945548045 -45.21537177567742
      vertex -53.03576099110046 -55.75964609777347 -45.20684411090095
      vertex -52.998731623480836 -55.723636611221465 -45.21537177567742
    endloop
  endfacet
  facet normal 0.2081081643621534 0.20237634687524295 0.9569403357321952
    outer loop
      vertex -54.2706786190028 -54.2706786190028 -45.24245589640392
      vertex -52.962181385406716 -55.68809305779322 -45.22725933896874
      vertex -52.926266790608814 -55.65316764044123 -45.24245589640392
    endloop
  endfacet
  facet normal 0.16279338171492122 0.15830964627413785 0.9738769792773506
    outer loop
      vertex -54.306105531287876 -54.306105531287876 -45.22725933896874
      vertex -52.998731623480836 -55.723636611221465 -45.21537177567742
      vertex -52.962181385406716 -55.68809305779322 -45.22725933896874
    endloop
  endfacet
  facet normal 0.6971651028545628 -0.7169106076504845 1.8163148736847705e-13
    outer loop
      vertex -53.330101330151194 -56.045879570341356 -45.260896373990974
      vertex -52.926266790608814 -55.65316764044123 -45.24245589640392
      vertex -53.29497617043816 -56.01172184506459 -45.24245589640392
    endloop
  endfacet
  facet normal 0.6971651028545643 -0.716910607650483 -3.781280141549364e-14
    outer loop
      vertex -53.29497617043816 -56.01172184506459 -45.24245589640392
      vertex -52.962181385406716 -55.68809305779322 -45.22725933896874
      vertex -53.25906157564026 -55.97679642771261 -45.22725933896874
    endloop
  endfacet
  facet normal 0.6971651028545667 -0.7169106076504808 -5.713697170870391e-14
    outer loop
      vertex -53.25906157564026 -55.97679642771261 -45.22725933896874
      vertex -52.998731623480836 -55.723636611221465 -45.21537177567742
      vertex -53.22251133756614 -55.94125287428436 -45.21537177567742
    endloop
  endfacet
  facet normal 0.6971651028545551 -0.7169106076504919 -5.662257979162571e-15
    outer loop
      vertex -53.22251133756614 -55.94125287428436 -45.21537177567742
      vertex -53.03576099110046 -55.75964609777347 -45.20684411090095
      vertex -53.185481969946515 -55.90524338773236 -45.20684411090095
    endloop
  endfacet
  facet normal 0.6971651028545566 -0.7169106076504904 4.570411532071001e-13
    outer loop
      vertex -53.185481969946515 -55.90524338773236 -45.20684411090095
      vertex -53.07311092282858 -55.795967319299514 -45.20171286140912
      vertex -53.14813203821839 -55.86892216620631 -45.20171286140912
    endloop
  endfacet
  facet normal 0.6971651028545552 -0.716910607650492 5.161929437697834e-13
    outer loop
      vertex -53.185481969946515 -55.90524338773236 -45.20684411090095
      vertex -53.03576099110046 -55.75964609777347 -45.20684411090095
      vertex -53.07311092282858 -55.795967319299514 -45.20171286140912
    endloop
  endfacet
  facet normal 0.6971651028545567 -0.7169106076504905 -1.4460789185737e-12
    outer loop
      vertex -53.14813203821839 -55.86892216620631 -45.20171286140912
      vertex -53.07311092282858 -55.795967319299514 -45.20171286140912
      vertex -53.110621480523484 -55.83244474275291 -45.2
    endloop
  endfacet
  facet normal 0.6971651028545627 -0.7169106076504845 3.072833203111854e-14
    outer loop
      vertex -53.29497617043816 -56.01172184506459 -45.24245589640392
      vertex -52.926266790608814 -55.65316764044123 -45.24245589640392
      vertex -52.962181385406716 -55.68809305779322 -45.22725933896874
    endloop
  endfacet
  facet normal 0.6971651028545643 -0.716910607650483 4.292852641524014e-14
    outer loop
      vertex -53.25906157564026 -55.97679642771261 -45.22725933896874
      vertex -52.962181385406716 -55.68809305779322 -45.22725933896874
      vertex -52.998731623480836 -55.723636611221465 -45.21537177567742
    endloop
  endfacet
  facet normal 0.6971651028545667 -0.7169106076504808 -4.955738743052576e-13
    outer loop
      vertex -53.22251133756614 -55.94125287428436 -45.21537177567742
      vertex -52.998731623480836 -55.723636611221465 -45.21537177567742
      vertex -53.03576099110046 -55.75964609777347 -45.20684411090095
    endloop
  endfacet
  facet normal 0.7193398003386628 0.6946583704589849 -2.093978712823124e-13
    outer loop
      vertex -56.861244752050766 52.40353819229774 -46.98078528040323
      vertex -56.90551444298139 52.44938079923855 -46.965925826289066
      vertex -56.459889377338335 51.987922535180246 -46.923879532511286
    endloop
  endfacet
  facet normal 0.7193398003386478 0.6946583704590008 1.2362724092468593e-13
    outer loop
      vertex -56.949014242035425 52.49442615980279 -46.94693012949511
      vertex -56.459889377338335 51.987922535180246 -46.923879532511286
      vertex -56.90551444298139 52.44938079923855 -46.965925826289066
    endloop
  endfacet
  facet normal 0.7193398003386496 0.6946583704589987 3.9423426322837526e-14
    outer loop
      vertex -56.991557876395106 52.53848138284106 -46.923879532511286
      vertex -56.459889377338335 51.987922535180246 -46.923879532511286
      vertex -56.949014242035425 52.49442615980279 -46.94693012949511
    endloop
  endfacet
  facet normal 0.7193398003386501 0.6946583704589984 -8.798913792168589e-15
    outer loop
      vertex -56.991557876395106 52.53848138284106 -46.923879532511286
      vertex -57.032963167686695 52.58135781712483 -46.89687274153269
      vertex -56.418484086046746 51.94504610089648 -46.89687274153269
    endloop
  endfacet
  facet normal 0.7193398003386524 0.6946583704589959 -1.3015978697061655e-13
    outer loop
      vertex -57.032963167686695 52.58135781712483 -46.89687274153269
      vertex -57.073052812096215 52.62287185917998 -46.86602540378444
      vertex -56.37839444163722 51.90353205884133 -46.86602540378444
    endloop
  endfacet
  facet normal 0.719339800338655 0.6946583704589933 -5.20461526138181e-14
    outer loop
      vertex -57.073052812096215 52.62287185917998 -46.86602540378444
      vertex -57.11165513961164 52.66284573950508 -46.83146961230255
      vertex -56.33979211412179 51.86355817851623 -46.83146961230255
    endloop
  endfacet
  facet normal 0.7193398003386537 0.6946583704589945 2.437562747098544e-14
    outer loop
      vertex -57.11165513961164 52.66284573950508 -46.83146961230255
      vertex -57.148604849140206 52.70110828380766 -46.79335334029123
      vertex -56.30284240459323 51.825295634213646 -46.79335334029123
    endloop
  endfacet
  facet normal 0.7193398003386519 0.6946583704589967 1.0270226443385392e-13
    outer loop
      vertex -56.26770353738035 51.78890827202245 -46.75183980747898
      vertex -57.148604849140206 52.70110828380766 -46.79335334029123
      vertex -57.18374371635309 52.73749564599886 -46.75183980747898
    endloop
  endfacet
  facet normal 0.7193398003386504 0.6946583704589981 -2.5610866632694415e-14
    outer loop
      vertex -57.18374371635309 52.73749564599886 -46.75183980747898
      vertex -57.216921271226276 52.771852009807496 -46.707106781186546
      vertex -56.23452598250716 51.75455190821381 -46.707106781186546
    endloop
  endfacet
  facet normal 0.7193398003386513 0.6946583704589971 -2.0287160154233384e-14
    outer loop
      vertex -57.216921271226276 52.771852009807496 -46.707106781186546
      vertex -57.247995442376265 52.80403025600923 -46.65934581510007
      vertex -56.20345181135717 51.72237366201208 -46.65934581510007
    endloop
  endfacet
  facet normal 0.7193398003386513 0.6946583704589971 4.97489209366599e-14
    outer loop
      vertex -57.247995442376265 52.80403025600923 -46.65934581510007
      vertex -57.27683316543163 52.833892592413754 -46.60876142900872
      vertex -56.17461408830181 51.692511325607555 -46.60876142900872
    endloop
  endfacet
  facet normal 0.7193398003386512 0.6946583704589971 2.6486673065851337e-15
    outer loop
      vertex -57.27683316543163 52.833892592413754 -46.60876142900872
      vertex -57.30331095283498 52.86131114391202 -46.5555702330196
      vertex -56.148136300898464 51.66509277410929 -46.5555702330196
    endloop
  endfacet
  facet normal 0.7193398003386516 0.6946583704589968 -9.955026810188529e-14
    outer loop
      vertex -57.30331095283498 52.86131114391202 -46.5555702330196
      vertex -57.32731542263571 52.88616850005715 -46.5
      vertex -56.12413183109773 51.64023541796416 -46.5
    endloop
  endfacet
  facet normal 0.719339800338604 0.694658370459046 4.77506734189234e-13
    outer loop
      vertex -56.459889377338335 51.987922535180246 -46.923879532511286
      vertex -56.77115645804065 52.310249032932596 -46.9978589232386
      vertex -56.816394738856516 52.357094644061185 -46.99144486137381
    endloop
  endfacet
  facet normal 0.7193398003386584 0.6946583704589896 1.4577786003849e-15
    outer loop
      vertex -56.459889377338335 51.987922535180246 -46.923879532511286
      vertex -56.72572362686672 52.26320195901066 -47
      vertex -56.77115645804065 52.310249032932596 -46.9978589232386
    endloop
  endfacet
  facet normal 0.7193398003386587 0.6946583704589894 2.2418945566719846e-15
    outer loop
      vertex -56.459889377338335 51.987922535180246 -46.923879532511286
      vertex -56.680290795692784 52.21615488508872 -46.9978589232386
      vertex -56.72572362686672 52.26320195901066 -47
    endloop
  endfacet
  facet normal 0.719339800338693 0.6946583704589538 -2.097117448826107e-13
    outer loop
      vertex -56.459889377338335 51.987922535180246 -46.923879532511286
      vertex -56.635052514876925 52.169309273960124 -46.99144486137381
      vertex -56.680290795692784 52.21615488508872 -46.9978589232386
    endloop
  endfacet
  facet normal 0.7193398003386514 0.6946583704589969 -4.0662106814804237e-14
    outer loop
      vertex -56.861244752050766 52.40353819229774 -46.98078528040323
      vertex -56.459889377338335 51.987922535180246 -46.923879532511286
      vertex -56.816394738856516 52.357094644061185 -46.99144486137381
    endloop
  endfacet
  facet normal 0.7193398003386596 0.6946583704589886 -3.1060748635958085e-14
    outer loop
      vertex -56.459889377338335 51.987922535180246 -46.923879532511286
      vertex -56.590202501682676 52.12286572572357 -46.98078528040323
      vertex -56.635052514876925 52.169309273960124 -46.99144486137381
    endloop
  endfacet
  facet normal 0.7193398003385171 0.6946583704591363 7.64511163126416e-13
    outer loop
      vertex -56.50243301169802 52.03197775821852 -46.94693012949511
      vertex -56.54593281075204 52.07702311878276 -46.965925826289066
      vertex -56.590202501682676 52.12286572572357 -46.98078528040323
    endloop
  endfacet
  facet normal 0.7193398003387096 0.6946583704589367 -2.686968586558836e-13
    outer loop
      vertex -56.50243301169802 52.03197775821852 -46.94693012949511
      vertex -56.590202501682676 52.12286572572357 -46.98078528040323
      vertex -56.459889377338335 51.987922535180246 -46.923879532511286
    endloop
  endfacet
  facet normal 0.7193398003386496 0.6946583704589987 1.1241929602918617e-14
    outer loop
      vertex -56.991557876395106 52.53848138284106 -46.923879532511286
      vertex -56.418484086046746 51.94504610089648 -46.89687274153269
      vertex -56.459889377338335 51.987922535180246 -46.923879532511286
    endloop
  endfacet
  facet normal 0.7193398003386502 0.6946583704589983 -2.941572244150932e-14
    outer loop
      vertex -57.032963167686695 52.58135781712483 -46.89687274153269
      vertex -56.37839444163722 51.90353205884133 -46.86602540378444
      vertex -56.418484086046746 51.94504610089648 -46.89687274153269
    endloop
  endfacet
  facet normal 0.32745968904322975 -0.33909443454869825 0.8819212643483599
    outer loop
      vertex -57.032963167686695 52.58135781712483 -46.89687274153269
      vertex -54.768308962191334 54.768308962191334 -46.89687274153269
      vertex -57.073052812096215 52.62287185917998 -46.86602540378444
    endloop
  endfacet
  facet normal 0.11315670410337277 -0.11717719730767191 0.9866433320848932
    outer loop
      vertex -56.861244752050766 52.40353819229774 -46.98078528040323
      vertex -56.816394738856516 52.357094644061185 -46.99144486137381
      vertex -54.547826005114324 54.547826005114324 -46.99144486137381
    endloop
  endfacet
  facet normal 0.06808842697841973 -0.07050763015446916 0.9951847266721918
    outer loop
      vertex -56.77115645804065 52.310249032932596 -46.9978589232386
      vertex -54.50177003111461 54.50177003111461 -46.9978589232386
      vertex -56.816394738856516 52.357094644061185 -46.99144486137381
    endloop
  endfacet
  facet normal 0.15774042684940615 -0.1633449937128238 0.9738769792773238
    outer loop
      vertex -56.861244752050766 52.40353819229774 -46.98078528040323
      vertex -54.59348669345854 54.59348669345854 -46.98078528040323
      vertex -56.90551444298139 52.44938079923855 -46.965925826289066
    endloop
  endfacet
  facet normal 0.20164868087077356 -0.20881332177756678 0.9569403357322207
    outer loop
      vertex -56.949014242035425 52.49442615980279 -46.94693012949511
      vertex -56.90551444298139 52.44938079923855 -46.965925826289066
      vertex -54.638556570069795 54.638556570069795 -46.965925826289066
    endloop
  endfacet
  facet normal 0.24469344428311043 -0.25338747914098436 0.9359059267573027
    outer loop
      vertex -56.991557876395106 52.53848138284106 -46.923879532511286
      vertex -56.949014242035425 52.49442615980279 -46.94693012949511
      vertex -54.68284263881719 54.68284263881719 -46.94693012949511
    endloop
  endfacet
  facet normal -0.022728584755893705 0.023536138504286187 0.9994645874763655
    outer loop
      vertex -56.72572362686672 52.26320195901066 -47
      vertex -56.680290795692784 52.21615488508872 -46.9978589232386
      vertex -54.40926194930676 54.40926194930676 -46.9978589232386
    endloop
  endfacet
  facet normal -0.06808842697841942 0.07050763015446909 0.9951847266721918
    outer loop
      vertex -56.635052514876925 52.169309273960124 -46.99144486137381
      vertex -54.36320597530705 54.36320597530705 -46.99144486137381
      vertex -56.680290795692784 52.21615488508872 -46.9978589232386
    endloop
  endfacet
  facet normal 0.022728584755893715 -0.023536138504286173 0.9994645874763655
    outer loop
      vertex -56.77115645804065 52.310249032932596 -46.9978589232386
      vertex -56.72572362686672 52.26320195901066 -47
      vertex -54.455515990210685 54.455515990210685 -47
    endloop
  endfacet
  facet normal -0.11315670410337261 0.11717719730767207 0.9866433320848932
    outer loop
      vertex -56.635052514876925 52.169309273960124 -46.99144486137381
      vertex -56.590202501682676 52.12286572572357 -46.98078528040323
      vertex -54.31754528696283 54.31754528696283 -46.98078528040323
    endloop
  endfacet
  facet normal -0.15774042684939435 0.16334499371281197 0.9738769792773275
    outer loop
      vertex -56.54593281075204 52.07702311878276 -46.965925826289066
      vertex -54.27247541035157 54.27247541035157 -46.965925826289066
      vertex -56.590202501682676 52.12286572572357 -46.98078528040323
    endloop
  endfacet
  facet normal 0.2866903928008605 -0.2968765924178163 0.9108638249211976
    outer loop
      vertex -56.991557876395106 52.53848138284106 -46.923879532511286
      vertex -54.72615525995543 54.72615525995543 -46.923879532511286
      vertex -57.032963167686695 52.58135781712483 -46.89687274153269
    endloop
  endfacet
  facet normal 0.7193398003386524 0.6946583704589959 5.701272860865978e-14
    outer loop
      vertex -57.073052812096215 52.62287185917998 -46.86602540378444
      vertex -56.33979211412179 51.86355817851623 -46.83146961230255
      vertex -56.37839444163722 51.90353205884133 -46.86602540378444
    endloop
  endfacet
  facet normal 0.719339800338655 0.6946583704589934 -2.768475212361677e-14
    outer loop
      vertex -57.11165513961164 52.66284573950508 -46.83146961230255
      vertex -56.30284240459323 51.825295634213646 -46.79335334029123
      vertex -56.33979211412179 51.86355817851623 -46.83146961230255
    endloop
  endfacet
  facet normal 0.7193398003386539 0.6946583704589945 1.6654893131266047e-14
    outer loop
      vertex -56.30284240459323 51.825295634213646 -46.79335334029123
      vertex -57.148604849140206 52.70110828380766 -46.79335334029123
      vertex -56.26770353738035 51.78890827202245 -46.75183980747898
    endloop
  endfacet
  facet normal 0.36682675262452835 -0.3798602222520536 0.849202181526616
    outer loop
      vertex -57.073052812096215 52.62287185917998 -46.86602540378444
      vertex -54.80912323690036 54.80912323690036 -46.86602540378444
      vertex -57.11165513961164 52.66284573950508 -46.83146961230255
    endloop
  endfacet
  facet normal 0.40462300773495435 -0.4189993901666619 0.812846684591556
    outer loop
      vertex -57.11165513961164 52.66284573950508 -46.83146961230255
      vertex -54.8484233110923 54.8484233110923 -46.83146961230255
      vertex -57.148604849140206 52.70110828380766 -46.79335334029123
    endloop
  endfacet
  facet normal 0.44068660500723095 -0.4563443383664393 0.7730104533627586
    outer loop
      vertex -57.148604849140206 52.70110828380766 -46.79335334029123
      vertex -54.88604089581598 54.88604089581598 -46.79335334029123
      vertex -57.18374371635309 52.73749564599886 -46.75183980747898
    endloop
  endfacet
  facet normal -0.20164868087078816 0.20881332177758175 0.9569403357322144
    outer loop
      vertex -56.50243301169802 52.03197775821852 -46.94693012949511
      vertex -54.22818934160418 54.22818934160418 -46.94693012949511
      vertex -56.54593281075204 52.07702311878276 -46.965925826289066
    endloop
  endfacet
  facet normal 0.06808842697841772 -0.070507630154467 0.995184726672192
    outer loop
      vertex -56.816394738856516 52.357094644061185 -46.99144486137381
      vertex -54.50177003111461 54.50177003111461 -46.9978589232386
      vertex -54.547826005114324 54.547826005114324 -46.99144486137381
    endloop
  endfacet
  facet normal 0.1577404268494125 -0.1633449937128307 0.9738769792773214
    outer loop
      vertex -56.90551444298139 52.44938079923855 -46.965925826289066
      vertex -54.59348669345854 54.59348669345854 -46.98078528040323
      vertex -54.638556570069795 54.638556570069795 -46.965925826289066
    endloop
  endfacet
  facet normal 0.11315670410337787 -0.11717719730767744 0.9866433320848917
    outer loop
      vertex -56.861244752050766 52.40353819229774 -46.98078528040323
      vertex -54.547826005114324 54.547826005114324 -46.99144486137381
      vertex -54.59348669345854 54.59348669345854 -46.98078528040323
    endloop
  endfacet
  facet normal 0.2016486808707645 -0.20881332177755701 0.9569403357322247
    outer loop
      vertex -56.949014242035425 52.49442615980279 -46.94693012949511
      vertex -54.638556570069795 54.638556570069795 -46.965925826289066
      vertex -54.68284263881719 54.68284263881719 -46.94693012949511
    endloop
  endfacet
  facet normal -0.2446934442831102 0.2533874791409846 0.9359059267573027
    outer loop
      vertex -56.50243301169802 52.03197775821852 -46.94693012949511
      vertex -56.459889377338335 51.987922535180246 -46.923879532511286
      vertex -54.18487672046594 54.18487672046594 -46.923879532511286
    endloop
  endfacet
  facet normal -0.28669039280086045 0.2968765924178163 0.9108638249211976
    outer loop
      vertex -56.418484086046746 51.94504610089648 -46.89687274153269
      vertex -54.142723018230036 54.142723018230036 -46.89687274153269
      vertex -56.459889377338335 51.987922535180246 -46.923879532511286
    endloop
  endfacet
  facet normal -0.32745968904320777 0.339094434548676 0.8819212643483768
    outer loop
      vertex -56.418484086046746 51.94504610089648 -46.89687274153269
      vertex -56.37839444163722 51.90353205884133 -46.86602540378444
      vertex -54.101908743521 54.101908743521 -46.86602540378444
    endloop
  endfacet
  facet normal 0.32745968904322875 -0.33909443454869714 0.8819212643483607
    outer loop
      vertex -57.073052812096215 52.62287185917998 -46.86602540378444
      vertex -54.768308962191334 54.768308962191334 -46.89687274153269
      vertex -54.80912323690036 54.80912323690036 -46.86602540378444
    endloop
  endfacet
  facet normal 0.24469344428310688 -0.2533874791409805 0.9359059267573047
    outer loop
      vertex -56.991557876395106 52.53848138284106 -46.923879532511286
      vertex -54.68284263881719 54.68284263881719 -46.94693012949511
      vertex -54.72615525995543 54.72615525995543 -46.923879532511286
    endloop
  endfacet
  facet normal 0.2866903928008743 -0.29687659241783126 0.9108638249211883
    outer loop
      vertex -57.032963167686695 52.58135781712483 -46.89687274153269
      vertex -54.72615525995543 54.72615525995543 -46.923879532511286
      vertex -54.768308962191334 54.768308962191334 -46.89687274153269
    endloop
  endfacet
  facet normal 0.02272858475589312 -0.023536138504285525 0.9994645874763655
    outer loop
      vertex -56.77115645804065 52.310249032932596 -46.9978589232386
      vertex -54.455515990210685 54.455515990210685 -47
      vertex -54.50177003111461 54.50177003111461 -46.9978589232386
    endloop
  endfacet
  facet normal -0.022728584755893122 0.023536138504285552 0.9994645874763655
    outer loop
      vertex -56.72572362686672 52.26320195901066 -47
      vertex -54.40926194930676 54.40926194930676 -46.9978589232386
      vertex -54.455515990210685 54.455515990210685 -47
    endloop
  endfacet
  facet normal -0.06808842697841744 0.07050763015446695 0.9951847266721922
    outer loop
      vertex -56.680290795692784 52.21615488508872 -46.9978589232386
      vertex -54.36320597530705 54.36320597530705 -46.99144486137381
      vertex -54.40926194930676 54.40926194930676 -46.9978589232386
    endloop
  endfacet
  facet normal -0.11315670410337779 0.11717719730767766 0.9866433320848919
    outer loop
      vertex -56.635052514876925 52.169309273960124 -46.99144486137381
      vertex -54.31754528696283 54.31754528696283 -46.98078528040323
      vertex -54.36320597530705 54.36320597530705 -46.99144486137381
    endloop
  endfacet
  facet normal -0.15774042684938858 0.16334499371280572 0.9738769792773296
    outer loop
      vertex -56.590202501682676 52.12286572572357 -46.98078528040323
      vertex -54.27247541035157 54.27247541035157 -46.965925826289066
      vertex -54.31754528696283 54.31754528696283 -46.98078528040323
    endloop
  endfacet
  facet normal -0.20164868087079352 0.2088133217775876 0.9569403357322119
    outer loop
      vertex -56.54593281075204 52.07702311878276 -46.965925826289066
      vertex -54.22818934160418 54.22818934160418 -46.94693012949511
      vertex -54.27247541035157 54.27247541035157 -46.965925826289066
    endloop
  endfacet
  facet normal -0.24469344428310724 0.25338747914098136 0.9359059267573042
    outer loop
      vertex -56.50243301169802 52.03197775821852 -46.94693012949511
      vertex -54.18487672046594 54.18487672046594 -46.923879532511286
      vertex -54.22818934160418 54.22818934160418 -46.94693012949511
    endloop
  endfacet
  facet normal -0.28669039280087494 0.29687659241783193 0.9108638249211879
    outer loop
      vertex -56.459889377338335 51.987922535180246 -46.923879532511286
      vertex -54.142723018230036 54.142723018230036 -46.89687274153269
      vertex -54.18487672046594 54.18487672046594 -46.923879532511286
    endloop
  endfacet
  facet normal -0.32745968904318373 0.3390944345486499 0.8819212643483957
    outer loop
      vertex -56.418484086046746 51.94504610089648 -46.89687274153269
      vertex -54.101908743521 54.101908743521 -46.86602540378444
      vertex -54.142723018230036 54.142723018230036 -46.89687274153269
    endloop
  endfacet
  facet normal -0.4406866050072568 0.4563443383664657 0.7730104533627283
    outer loop
      vertex -56.30284240459323 51.825295634213646 -46.79335334029123
      vertex -56.26770353738035 51.78890827202245 -46.75183980747898
      vertex -53.98921707362289 53.98921707362289 -46.75183980747898
    endloop
  endfacet
  facet normal -0.3668267526245282 0.3798602222520538 0.849202181526616
    outer loop
      vertex -56.33979211412179 51.86355817851623 -46.83146961230255
      vertex -54.062608669329066 54.062608669329066 -46.83146961230255
      vertex -56.37839444163722 51.90353205884133 -46.86602540378444
    endloop
  endfacet
  facet normal 0.3668267526245353 -0.3798602222520611 0.8492021815266095
    outer loop
      vertex -57.11165513961164 52.66284573950508 -46.83146961230255
      vertex -54.80912323690036 54.80912323690036 -46.86602540378444
      vertex -54.8484233110923 54.8484233110923 -46.83146961230255
    endloop
  endfacet
  facet normal -0.4046230077349543 0.4189993901666618 0.8128466845915561
    outer loop
      vertex -56.30284240459323 51.825295634213646 -46.79335334029123
      vertex -54.02499108460538 54.02499108460538 -46.79335334029123
      vertex -56.33979211412179 51.86355817851623 -46.83146961230255
    endloop
  endfacet
  facet normal 0.4046230077349539 -0.4189993901666615 0.8128466845915565
    outer loop
      vertex -57.148604849140206 52.70110828380766 -46.79335334029123
      vertex -54.8484233110923 54.8484233110923 -46.83146961230255
      vertex -54.88604089581598 54.88604089581598 -46.79335334029123
    endloop
  endfacet
  facet normal 0.4406866050072093 -0.4563443383664156 0.773010453362785
    outer loop
      vertex -57.18374371635309 52.73749564599886 -46.75183980747898
      vertex -54.88604089581598 54.88604089581598 -46.79335334029123
      vertex -54.92181490679848 54.92181490679848 -46.75183980747898
    endloop
  endfacet
  facet normal -0.3668267526245343 0.37986022225206045 0.8492021815266102
    outer loop
      vertex -56.37839444163722 51.90353205884133 -46.86602540378444
      vertex -54.062608669329066 54.062608669329066 -46.83146961230255
      vertex -54.101908743521 54.101908743521 -46.86602540378444
    endloop
  endfacet
  facet normal -0.4046230077349542 0.41899939016666166 0.8128466845915562
    outer loop
      vertex -56.33979211412179 51.86355817851623 -46.83146961230255
      vertex -54.02499108460538 54.02499108460538 -46.79335334029123
      vertex -54.062608669329066 54.062608669329066 -46.83146961230255
    endloop
  endfacet
  facet normal 0.7193398003386519 0.6946583704589966 -9.088351711006127e-14
    outer loop
      vertex -56.26770353738035 51.78890827202245 -46.75183980747898
      vertex -57.18374371635309 52.73749564599886 -46.75183980747898
      vertex -56.23452598250716 51.75455190821381 -46.707106781186546
    endloop
  endfacet
  facet normal 0.7193398003386504 0.6946583704589981 2.0256906059992508e-14
    outer loop
      vertex -57.216921271226276 52.771852009807496 -46.707106781186546
      vertex -56.20345181135717 51.72237366201208 -46.65934581510007
      vertex -56.23452598250716 51.75455190821381 -46.707106781186546
    endloop
  endfacet
  facet normal 0.7193398003386513 0.6946583704589971 5.2067556360852384e-14
    outer loop
      vertex -57.247995442376265 52.80403025600923 -46.65934581510007
      vertex -56.17461408830181 51.692511325607555 -46.60876142900872
      vertex -56.20345181135717 51.72237366201208 -46.65934581510007
    endloop
  endfacet
  facet normal 0.4748631145815139 -0.4917351500501616 0.7298640726978476
    outer loop
      vertex -57.18374371635309 52.73749564599886 -46.75183980747898
      vertex -54.92181490679848 54.92181490679848 -46.75183980747898
      vertex -57.216921271226276 52.771852009807496 -46.707106781186546
    endloop
  endfacet
  facet normal 0.507006187396917 -0.5250202763288905 0.683592302022761
    outer loop
      vertex -57.216921271226276 52.771852009807496 -46.707106781186546
      vertex -54.95559215423264 54.95559215423264 -46.707106781186546
      vertex -57.247995442376265 52.80403025600923 -46.65934581510007
    endloop
  endfacet
  facet normal 0.5369781818806616 -0.5560571851815709 0.634393284163765
    outer loop
      vertex -57.247995442376265 52.80403025600923 -46.65934581510007
      vertex -54.98722799875936 54.98722799875936 -46.65934581510007
      vertex -57.27683316543163 52.833892592413754 -46.60876142900872
    endloop
  endfacet
  facet normal 0.7193398003386513 0.6946583704589971 -2.8557987670614267e-15
    outer loop
      vertex -57.27683316543163 52.833892592413754 -46.60876142900872
      vertex -56.148136300898464 51.66509277410929 -46.5555702330196
      vertex -56.17461408830181 51.692511325607555 -46.60876142900872
    endloop
  endfacet
  facet normal 0.7193398003386512 0.6946583704589974 -8.155499928400225e-14
    outer loop
      vertex -57.30331095283498 52.86131114391202 -46.5555702330196
      vertex -56.12413183109773 51.64023541796416 -46.5
      vertex -56.148136300898464 51.66509277410929 -46.5555702330196
    endloop
  endfacet
  facet normal 0.5646507533514551 -0.5847129718001127 0.5824776968677126
    outer loop
      vertex -57.27683316543163 52.833892592413754 -46.60876142900872
      vertex -55.016586970835576 55.016586970835576 -46.60876142900872
      vertex -57.30331095283498 52.86131114391202 -46.5555702330196
    endloop
  endfacet
  facet normal 0.5899054036094716 -0.6108649277064697 0.5280678506503838
    outer loop
      vertex -57.30331095283498 52.86131114391202 -46.5555702330196
      vertex -55.043543350835556 55.043543350835556 -46.5555702330196
      vertex -57.32731542263571 52.88616850005715 -46.5
    endloop
  endfacet
  facet normal 0.5646507533514815 -0.5847129718001421 0.5824776968676576
    outer loop
      vertex -57.30331095283498 52.86131114391202 -46.5555702330196
      vertex -55.016586970835576 55.016586970835576 -46.60876142900872
      vertex -55.043543350835556 55.043543350835556 -46.5555702330196
    endloop
  endfacet
  facet normal 0.5899054036094536 -0.6108649277064496 0.5280678506504269
    outer loop
      vertex -57.32731542263571 52.88616850005715 -46.5
      vertex -55.043543350835556 55.043543350835556 -46.5555702330196
      vertex -55.06798170740175 55.06798170740175 -46.5
    endloop
  endfacet
  facet normal -0.4748631145814871 0.49173515005013524 0.7298640726978829
    outer loop
      vertex -56.26770353738035 51.78890827202245 -46.75183980747898
      vertex -56.23452598250716 51.75455190821381 -46.707106781186546
      vertex -53.95543982618872 53.95543982618872 -46.707106781186546
    endloop
  endfacet
  facet normal -0.5070061873969167 0.5250202763288909 0.6835923020227609
    outer loop
      vertex -56.23452598250716 51.75455190821381 -46.707106781186546
      vertex -56.20345181135717 51.72237366201208 -46.65934581510007
      vertex -53.923803981662005 53.923803981662005 -46.65934581510007
    endloop
  endfacet
  facet normal -0.5369781818806869 0.5560571851815979 0.6343932841637198
    outer loop
      vertex -56.20345181135717 51.72237366201208 -46.65934581510007
      vertex -56.17461408830181 51.692511325607555 -46.60876142900872
      vertex -53.894445009585795 53.894445009585795 -46.60876142900872
    endloop
  endfacet
  facet normal 0.4748631145815356 -0.49173515005018525 0.7298640726978176
    outer loop
      vertex -57.216921271226276 52.771852009807496 -46.707106781186546
      vertex -54.92181490679848 54.92181490679848 -46.75183980747898
      vertex -54.95559215423264 54.95559215423264 -46.707106781186546
    endloop
  endfacet
  facet normal 0.5070061873969044 -0.5250202763288766 0.683592302022781
    outer loop
      vertex -57.247995442376265 52.80403025600923 -46.65934581510007
      vertex -54.95559215423264 54.95559215423264 -46.707106781186546
      vertex -54.98722799875936 54.98722799875936 -46.65934581510007
    endloop
  endfacet
  facet normal 0.5369781818806498 -0.5560571851815578 0.6343932841637864
    outer loop
      vertex -57.27683316543163 52.833892592413754 -46.60876142900872
      vertex -54.98722799875936 54.98722799875936 -46.65934581510007
      vertex -55.016586970835576 55.016586970835576 -46.60876142900872
    endloop
  endfacet
  facet normal -0.5646507533514552 0.5847129718001126 0.5824776968677127
    outer loop
      vertex -56.148136300898464 51.66509277410929 -46.5555702330196
      vertex -53.867488629585814 53.867488629585814 -46.5555702330196
      vertex -56.17461408830181 51.692511325607555 -46.60876142900872
    endloop
  endfacet
  facet normal -0.5899054036094727 0.6108649277064702 0.5280678506503818
    outer loop
      vertex -56.148136300898464 51.66509277410929 -46.5555702330196
      vertex -56.12413183109773 51.64023541796416 -46.5
      vertex -53.84305027301962 53.84305027301962 -46.5
    endloop
  endfacet
  facet normal 0.7193398003386497 0.6946583704589988 8.317017110647093e-14
    outer loop
      vertex -57.34874378400891 52.90835821783396 -46.442288690219
      vertex -56.102703469724524 51.61804570018735 -46.442288690219
      vertex -57.32731542263571 52.88616850005715 -46.5
    endloop
  endfacet
  facet normal 0.7193398003386517 0.6946583704589967 -4.2208985841032736e-14
    outer loop
      vertex -57.34874378400891 52.90835821783396 -46.442288690219
      vertex -57.36750427742143 52.927785277464295 -46.38268343236509
      vertex -56.083942976312 51.598618640557014 -46.38268343236509
    endloop
  endfacet
  facet normal 0.7193398003386521 0.6946583704589963 3.275140482276131e-14
    outer loop
      vertex -57.36750427742143 52.927785277464295 -46.38268343236509
      vertex -57.383516567560314 52.944366489296314 -46.321439465303165
      vertex -56.06793068617313 51.582037428724995 -46.321439465303165
    endloop
  endfacet
  facet normal 0.7193398003386511 0.6946583704589974 2.4623201420294486e-14
    outer loop
      vertex -57.383516567560314 52.944366489296314 -46.321439465303165
      vertex -57.396712087340944 52.95803085003538 -46.25881904510252
      vertex -56.0547351663925 51.56837306798593 -46.25881904510252
    endloop
  endfacet
  facet normal 0.71933980033865 0.6946583704589984 -1.9159714716048644e-14
    outer loop
      vertex -57.396712087340944 52.95803085003538 -46.25881904510252
      vertex -57.40703433152179 52.968719846791 -46.19509032201613
      vertex -56.04441292221164 51.55768407123031 -46.19509032201613
    endloop
  endfacet
  facet normal 0.7193398003386505 0.694658370458998 2.955753294984096e-14
    outer loop
      vertex -57.40703433152179 52.968719846791 -46.19509032201613
      vertex -57.414439098668595 52.97638770763807 -46.13052619222005
      vertex -56.03700815506485 51.55001621038324 -46.13052619222005
    endloop
  endfacet
  facet normal 0.719339800338651 0.6946583704589974 -8.929887870714944e-14
    outer loop
      vertex -57.414439098668595 52.97638770763807 -46.13052619222005
      vertex -57.41889468043162 52.98100159761926 -46.06540312923014
      vertex -56.032552573301814 51.545402320402054 -46.06540312923014
    endloop
  endfacet
  facet normal 0.719339800338649 0.6946583704589995 1.226303696218697e-13
    outer loop
      vertex -57.41889468043162 52.98100159761926 -46.06540312923014
      vertex -57.42038199732572 52.9825417593493 -46
      vertex -56.03106525640772 51.543862158672006 -46
    endloop
  endfacet
  facet normal 0.7193398003386517 0.6946583704589968 1.0430146408470965e-15
    outer loop
      vertex -57.32731542263571 52.88616850005715 -46.5
      vertex -56.102703469724524 51.61804570018735 -46.442288690219
      vertex -56.12413183109773 51.64023541796416 -46.5
    endloop
  endfacet
  facet normal 0.7193398003386497 0.6946583704589987 4.3291085199368714e-14
    outer loop
      vertex -57.34874378400891 52.90835821783396 -46.442288690219
      vertex -56.083942976312 51.598618640557014 -46.38268343236509
      vertex -56.102703469724524 51.61804570018735 -46.442288690219
    endloop
  endfacet
  facet normal 0.6126339883653497 -0.634401066210738 0.47139673682604477
    outer loop
      vertex -57.34874378400891 52.90835821783396 -46.442288690219
      vertex -57.32731542263571 52.88616850005715 -46.5
      vertex -55.06798170740175 55.06798170740175 -46.5
    endloop
  endfacet
  facet normal 0.6327391803297694 -0.6552206019544741 0.41270702980447044
    outer loop
      vertex -57.34874378400891 52.90835821783396 -46.442288690219
      vertex -55.08979739173948 55.08979739173948 -46.442288690219
      vertex -57.36750427742143 52.927785277464295 -46.38268343236509
    endloop
  endfacet
  facet normal 0.6126339883653594 -0.6344010662107491 0.47139673682601724
    outer loop
      vertex -57.34874378400891 52.90835821783396 -46.442288690219
      vertex -55.06798170740175 55.06798170740175 -46.5
      vertex -55.08979739173948 55.08979739173948 -46.442288690219
    endloop
  endfacet
  facet normal 0.7193398003386516 0.6946583704589967 5.164674889360839e-14
    outer loop
      vertex -57.36750427742143 52.927785277464295 -46.38268343236509
      vertex -56.06793068617313 51.582037428724995 -46.321439465303165
      vertex -56.083942976312 51.598618640557014 -46.38268343236509
    endloop
  endfacet
  facet normal 0.7193398003386521 0.6946583704589963 -2.496049078529707e-14
    outer loop
      vertex -57.383516567560314 52.944366489296314 -46.321439465303165
      vertex -56.0547351663925 51.56837306798593 -46.25881904510252
      vertex -56.06793068617313 51.582037428724995 -46.321439465303165
    endloop
  endfacet
  facet normal 0.6501348859841911 -0.6732343824894073 0.3522500479211174
    outer loop
      vertex -57.36750427742143 52.927785277464295 -46.38268343236509
      vertex -55.108896985739214 55.108896985739214 -46.38268343236509
      vertex -57.383516567560314 52.944366489296314 -46.321439465303165
    endloop
  endfacet
  facet normal 0.6647466142462153 -0.6883652700416039 0.29028467725449
    outer loop
      vertex -57.383516567560314 52.944366489296314 -46.321439465303165
      vertex -55.12519870200721 55.12519870200721 -46.321439465303165
      vertex -57.396712087340944 52.95803085003538 -46.25881904510252
    endloop
  endfacet
  facet normal 0.6327391803297794 -0.6552206019544857 0.4127070298044368
    outer loop
      vertex -57.36750427742143 52.927785277464295 -46.38268343236509
      vertex -55.08979739173948 55.08979739173948 -46.442288690219
      vertex -55.108896985739214 55.108896985739214 -46.38268343236509
    endloop
  endfacet
  facet normal 0.6501348859841928 -0.673234382489409 0.3522500479211104
    outer loop
      vertex -57.383516567560314 52.944366489296314 -46.321439465303165
      vertex -55.108896985739214 55.108896985739214 -46.38268343236509
      vertex -55.12519870200721 55.12519870200721 -46.321439465303165
    endloop
  endfacet
  facet normal 0.6647466142462145 -0.688365270041603 0.29028467725449325
    outer loop
      vertex -57.396712087340944 52.95803085003538 -46.25881904510252
      vertex -55.12519870200721 55.12519870200721 -46.321439465303165
      vertex -55.13863273409174 55.13863273409174 -46.25881904510252
    endloop
  endfacet
  facet normal -0.6126339883653261 0.6344010662107156 0.4713967368261055
    outer loop
      vertex -56.12413183109773 51.64023541796416 -46.5
      vertex -56.102703469724524 51.61804570018735 -46.442288690219
      vertex -53.82123458868188 53.82123458868188 -46.442288690219
    endloop
  endfacet
  facet normal -0.6327391803297694 0.6552206019544742 0.41270702980447044
    outer loop
      vertex -56.102703469724524 51.61804570018735 -46.442288690219
      vertex -56.083942976312 51.598618640557014 -46.38268343236509
      vertex -53.80213499468215 53.80213499468215 -46.38268343236509
    endloop
  endfacet
  facet normal -0.6501348859842081 0.6732343824894254 0.35225004792105136
    outer loop
      vertex -56.083942976312 51.598618640557014 -46.38268343236509
      vertex -56.06793068617313 51.582037428724995 -46.321439465303165
      vertex -53.78583327841415 53.78583327841415 -46.321439465303165
    endloop
  endfacet
  facet normal -0.6647466142462151 0.688365270041604 0.29028467725449
    outer loop
      vertex -56.06793068617313 51.582037428724995 -46.321439465303165
      vertex -56.0547351663925 51.56837306798593 -46.25881904510252
      vertex -53.77239924632962 53.77239924632962 -46.25881904510252
    endloop
  endfacet
  facet normal 0.719339800338651 0.6946583704589975 -6.198372112374001e-14
    outer loop
      vertex -57.396712087340944 52.95803085003538 -46.25881904510252
      vertex -56.04441292221164 51.55768407123031 -46.19509032201613
      vertex -56.0547351663925 51.56837306798593 -46.25881904510252
    endloop
  endfacet
  facet normal 0.71933980033865 0.6946583704589984 4.943665364210923e-14
    outer loop
      vertex -57.40703433152179 52.968719846791 -46.19509032201613
      vertex -56.03700815506485 51.55001621038324 -46.13052619222005
      vertex -56.04441292221164 51.55768407123031 -46.19509032201613
    endloop
  endfacet
  facet normal 0.6765117954523385 -0.7005484718277835 0.22707626303427308
    outer loop
      vertex -57.396712087340944 52.95803085003538 -46.25881904510252
      vertex -55.13863273409174 55.13863273409174 -46.25881904510252
      vertex -57.40703433152179 52.968719846791 -46.19509032201613
    endloop
  endfacet
  facet normal 0.6853800492903114 -0.709731817507393 0.16289547339463722
    outer loop
      vertex -57.40703433152179 52.968719846791 -46.19509032201613
      vertex -55.14914155540498 55.14914155540498 -46.19509032201613
      vertex -57.414439098668595 52.97638770763807 -46.13052619222005
    endloop
  endfacet
  facet normal 0.7193398003386504 0.6946583704589979 -6.487389562129955e-14
    outer loop
      vertex -57.414439098668595 52.97638770763807 -46.13052619222005
      vertex -56.032552573301814 51.545402320402054 -46.06540312923014
      vertex -56.03700815506485 51.55001621038324 -46.13052619222005
    endloop
  endfacet
  facet normal 0.719339800338651 0.6946583704589974 3.1601249228147354e-14
    outer loop
      vertex -57.41889468043162 52.98100159761926 -46.06540312923014
      vertex -56.03106525640772 51.543862158672006 -46
      vertex -56.032552573301814 51.545402320402054 -46.06540312923014
    endloop
  endfacet
  facet normal 0.6913134005357774 -0.7158759825844393 0.09801714032975664
    outer loop
      vertex -57.414439098668595 52.97638770763807 -46.13052619222005
      vertex -55.15668016556073 55.15668016556073 -46.13052619222005
      vertex -57.41889468043162 52.98100159761926 -46.06540312923014
    endloop
  endfacet
  facet normal 0.6942864416678092 -0.7189546568008037 0.032719082821652555
    outer loop
      vertex -57.41889468043162 52.98100159761926 -46.06540312923014
      vertex -55.16121628307295 55.16121628307295 -46.06540312923014
      vertex -57.42038199732572 52.9825417593493 -46
    endloop
  endfacet
  facet normal 0.6765117954523338 -0.7005484718277777 0.22707626303430553
    outer loop
      vertex -57.40703433152179 52.968719846791 -46.19509032201613
      vertex -55.13863273409174 55.13863273409174 -46.25881904510252
      vertex -55.14914155540498 55.14914155540498 -46.19509032201613
    endloop
  endfacet
  facet normal 0.6853800492903086 -0.7097318175073893 0.16289547339466456
    outer loop
      vertex -57.414439098668595 52.97638770763807 -46.13052619222005
      vertex -55.14914155540498 55.14914155540498 -46.19509032201613
      vertex -55.15668016556073 55.15668016556073 -46.13052619222005
    endloop
  endfacet
  facet normal 0.6913134005357763 -0.7158759825844375 0.0980171403297776
    outer loop
      vertex -57.41889468043162 52.98100159761926 -46.06540312923014
      vertex -55.15668016556073 55.15668016556073 -46.13052619222005
      vertex -55.16121628307295 55.16121628307295 -46.06540312923014
    endloop
  endfacet
  facet normal 0.694286441667809 -0.7189546568008026 0.03271908282168309
    outer loop
      vertex -57.42038199732572 52.9825417593493 -46
      vertex -55.16121628307295 55.16121628307295 -46.06540312923014
      vertex -55.162730483590046 55.162730483590046 -46
    endloop
  endfacet
  facet normal -0.6765117954523274 0.7005484718277712 0.22707626303434467
    outer loop
      vertex -56.0547351663925 51.56837306798593 -46.25881904510252
      vertex -56.04441292221164 51.55768407123031 -46.19509032201613
      vertex -53.76189042501638 53.76189042501638 -46.19509032201613
    endloop
  endfacet
  facet normal -0.6853800492903204 0.7097318175074011 0.16289547339456376
    outer loop
      vertex -56.04441292221164 51.55768407123031 -46.19509032201613
      vertex -56.03700815506485 51.55001621038324 -46.13052619222005
      vertex -53.75435181486064 53.75435181486064 -46.13052619222005
    endloop
  endfacet
  facet normal -0.6913134005357776 0.7158759825844396 0.09801714032975399
    outer loop
      vertex -56.03700815506485 51.55001621038324 -46.13052619222005
      vertex -56.032552573301814 51.545402320402054 -46.06540312923014
      vertex -53.74981569734842 53.74981569734842 -46.06540312923014
    endloop
  endfacet
  facet normal -0.6942864416678084 0.7189546568008045 0.03271908282165523
    outer loop
      vertex -56.032552573301814 51.545402320402054 -46.06540312923014
      vertex -56.03106525640772 51.543862158672006 -46
      vertex -53.748301496831324 53.748301496831324 -46
    endloop
  endfacet
  facet normal -0.44068660500726076 0.4563443383664701 0.7730104533627233
    outer loop
      vertex -56.30284240459323 51.825295634213646 -46.79335334029123
      vertex -53.98921707362289 53.98921707362289 -46.75183980747898
      vertex -54.02499108460538 54.02499108460538 -46.79335334029123
    endloop
  endfacet
  facet normal -0.4748631145814817 0.4917351500501293 0.7298640726978904
    outer loop
      vertex -56.26770353738035 51.78890827202245 -46.75183980747898
      vertex -53.95543982618872 53.95543982618872 -46.707106781186546
      vertex -53.98921707362289 53.98921707362289 -46.75183980747898
    endloop
  endfacet
  facet normal -0.5070061873969042 0.5250202763288772 0.6835923020227807
    outer loop
      vertex -56.23452598250716 51.75455190821381 -46.707106781186546
      vertex -53.923803981662005 53.923803981662005 -46.65934581510007
      vertex -53.95543982618872 53.95543982618872 -46.707106781186546
    endloop
  endfacet
  facet normal -0.5369781818806995 0.5560571851816118 0.6343932841636969
    outer loop
      vertex -56.20345181135717 51.72237366201208 -46.65934581510007
      vertex -53.894445009585795 53.894445009585795 -46.60876142900872
      vertex -53.923803981662005 53.923803981662005 -46.65934581510007
    endloop
  endfacet
  facet normal -0.5646507533514811 0.5847129718001415 0.5824776968676584
    outer loop
      vertex -56.17461408830181 51.692511325607555 -46.60876142900872
      vertex -53.867488629585814 53.867488629585814 -46.5555702330196
      vertex -53.894445009585795 53.894445009585795 -46.60876142900872
    endloop
  endfacet
  facet normal -0.5899054036094535 0.6108649277064487 0.528067850650428
    outer loop
      vertex -56.148136300898464 51.66509277410929 -46.5555702330196
      vertex -53.84305027301962 53.84305027301962 -46.5
      vertex -53.867488629585814 53.867488629585814 -46.5555702330196
    endloop
  endfacet
  facet normal -0.6126339883653145 0.6344010662107026 0.47139673682613836
    outer loop
      vertex -56.12413183109773 51.64023541796416 -46.5
      vertex -53.82123458868188 53.82123458868188 -46.442288690219
      vertex -53.84305027301962 53.84305027301962 -46.5
    endloop
  endfacet
  facet normal -0.63273918032978 0.6552206019544862 0.4127070298044352
    outer loop
      vertex -56.102703469724524 51.61804570018735 -46.442288690219
      vertex -53.80213499468215 53.80213499468215 -46.38268343236509
      vertex -53.82123458868188 53.82123458868188 -46.442288690219
    endloop
  endfacet
  facet normal -0.6501348859841932 0.673234382489408 0.3522500479211118
    outer loop
      vertex -56.083942976312 51.598618640557014 -46.38268343236509
      vertex -53.78583327841415 53.78583327841415 -46.321439465303165
      vertex -53.80213499468215 53.80213499468215 -46.38268343236509
    endloop
  endfacet
  facet normal -0.6647466142462147 0.6883652700416035 0.29028467725449214
    outer loop
      vertex -56.06793068617313 51.582037428724995 -46.321439465303165
      vertex -53.77239924632962 53.77239924632962 -46.25881904510252
      vertex -53.78583327841415 53.78583327841415 -46.321439465303165
    endloop
  endfacet
  facet normal -0.676511795452333 0.7005484718277782 0.22707626303430645
    outer loop
      vertex -56.0547351663925 51.56837306798593 -46.25881904510252
      vertex -53.76189042501638 53.76189042501638 -46.19509032201613
      vertex -53.77239924632962 53.77239924632962 -46.25881904510252
    endloop
  endfacet
  facet normal -0.685380049290325 0.7097318175074073 0.16289547339451776
    outer loop
      vertex -56.04441292221164 51.55768407123031 -46.19509032201613
      vertex -53.75435181486064 53.75435181486064 -46.13052619222005
      vertex -53.76189042501638 53.76189042501638 -46.19509032201613
    endloop
  endfacet
  facet normal -0.6913134005357765 0.7158759825844377 0.0980171403297757
    outer loop
      vertex -56.03700815506485 51.55001621038324 -46.13052619222005
      vertex -53.74981569734842 53.74981569734842 -46.06540312923014
      vertex -53.75435181486064 53.75435181486064 -46.13052619222005
    endloop
  endfacet
  facet normal -0.6942864416678082 0.7189546568008035 0.03271908282168126
    outer loop
      vertex -56.032552573301814 51.545402320402054 -46.06540312923014
      vertex -53.748301496831324 53.748301496831324 -46
      vertex -53.74981569734842 53.74981569734842 -46.06540312923014
    endloop
  endfacet
  facet normal 0.719339800338649 0.6946583704589995 -1.2263177402991037e-13
    outer loop
      vertex -57.42038199732572 52.9825417593493 -46
      vertex -57.41889468043162 52.98100159761926 -45.93459687076986
      vertex -56.03106525640772 51.543862158672006 -46
    endloop
  endfacet
  facet normal 0.719339800338651 0.6946583704589974 8.929761661139023e-14
    outer loop
      vertex -57.41889468043162 52.98100159761926 -45.93459687076986
      vertex -57.414439098668595 52.97638770763807 -45.86947380777995
      vertex -56.032552573301814 51.545402320402054 -45.93459687076986
    endloop
  endfacet
  facet normal 0.7193398003386505 0.694658370458998 -2.9548478720475986e-14
    outer loop
      vertex -57.40703433152179 52.968719846791 -45.80490967798387
      vertex -56.03700815506485 51.55001621038324 -45.86947380777995
      vertex -57.414439098668595 52.97638770763807 -45.86947380777995
    endloop
  endfacet
  facet normal 0.71933980033865 0.6946583704589984 1.9165107276170436e-14
    outer loop
      vertex -57.40703433152179 52.968719846791 -45.80490967798387
      vertex -57.396712087340944 52.95803085003538 -45.74118095489748
      vertex -56.04441292221164 51.55768407123031 -45.80490967798387
    endloop
  endfacet
  facet normal 0.719339800338651 0.6946583704589975 -2.4612202349358396e-14
    outer loop
      vertex -57.396712087340944 52.95803085003538 -45.74118095489748
      vertex -57.383516567560314 52.944366489296314 -45.678560534696835
      vertex -56.0547351663925 51.56837306798593 -45.74118095489748
    endloop
  endfacet
  facet normal 0.7193398003386521 0.6946583704589963 -3.2753069301204684e-14
    outer loop
      vertex -57.383516567560314 52.944366489296314 -45.678560534696835
      vertex -57.36750427742143 52.927785277464295 -45.61731656763491
      vertex -56.06793068617313 51.582037428724995 -45.678560534696835
    endloop
  endfacet
  facet normal 0.7193398003386517 0.6946583704589967 4.2223985834755486e-14
    outer loop
      vertex -57.36750427742143 52.927785277464295 -45.61731656763491
      vertex -57.34874378400891 52.90835821783396 -45.557711309781
      vertex -56.083942976312 51.598618640557014 -45.61731656763491
    endloop
  endfacet
  facet normal 0.7193398003386497 0.6946583704589988 -8.318904200200112e-14
    outer loop
      vertex -57.34874378400891 52.90835821783396 -45.557711309781
      vertex -57.32731542263571 52.88616850005715 -45.5
      vertex -56.102703469724524 51.61804570018735 -45.557711309781
    endloop
  endfacet
  facet normal 0.719339800338651 0.6946583704589974 -3.1608708814543625e-14
    outer loop
      vertex -57.41889468043162 52.98100159761926 -45.93459687076986
      vertex -56.032552573301814 51.545402320402054 -45.93459687076986
      vertex -56.03106525640772 51.543862158672006 -46
    endloop
  endfacet
  facet normal 0.7193398003386504 0.6946583704589979 6.537150758296839e-14
    outer loop
      vertex -57.414439098668595 52.97638770763807 -45.86947380777995
      vertex -56.03700815506485 51.55001621038324 -45.86947380777995
      vertex -56.032552573301814 51.545402320402054 -45.93459687076986
    endloop
  endfacet
  facet normal 0.6942864416678096 -0.7189546568008034 -0.032719082821652555
    outer loop
      vertex -57.42038199732572 52.9825417593493 -46
      vertex -55.162730483590046 55.162730483590046 -46
      vertex -57.41889468043162 52.98100159761926 -45.93459687076986
    endloop
  endfacet
  facet normal 0.6913134005357777 -0.715875982584439 -0.09801714032975664
    outer loop
      vertex -57.41889468043162 52.98100159761926 -45.93459687076986
      vertex -55.16121628307295 55.16121628307295 -45.93459687076986
      vertex -57.414439098668595 52.97638770763807 -45.86947380777995
    endloop
  endfacet
  facet normal 0.71933980033865 0.6946583704589984 -4.937504776378202e-14
    outer loop
      vertex -57.40703433152179 52.968719846791 -45.80490967798387
      vertex -56.04441292221164 51.55768407123031 -45.80490967798387
      vertex -56.03700815506485 51.55001621038324 -45.86947380777995
    endloop
  endfacet
  facet normal 0.719339800338651 0.6946583704589975 6.070402892669384e-14
    outer loop
      vertex -57.396712087340944 52.95803085003538 -45.74118095489748
      vertex -56.0547351663925 51.56837306798593 -45.74118095489748
      vertex -56.04441292221164 51.55768407123031 -45.80490967798387
    endloop
  endfacet
  facet normal 0.6853800492903117 -0.7097318175073926 -0.16289547339463717
    outer loop
      vertex -57.40703433152179 52.968719846791 -45.80490967798387
      vertex -57.414439098668595 52.97638770763807 -45.86947380777995
      vertex -55.15668016556073 55.15668016556073 -45.86947380777995
    endloop
  endfacet
  facet normal 0.676511795452339 -0.700548471827783 -0.2270762630342731
    outer loop
      vertex -57.40703433152179 52.968719846791 -45.80490967798387
      vertex -55.14914155540498 55.14914155540498 -45.80490967798387
      vertex -57.396712087340944 52.95803085003538 -45.74118095489748
    endloop
  endfacet
  facet normal 0.6942864416678086 -0.7189546568008032 -0.03271908282168128
    outer loop
      vertex -57.41889468043162 52.98100159761926 -45.93459687076986
      vertex -55.162730483590046 55.162730483590046 -46
      vertex -55.16121628307295 55.16121628307295 -45.93459687076986
    endloop
  endfacet
  facet normal 0.6913134005357762 -0.7158759825844381 -0.0980171403297742
    outer loop
      vertex -57.414439098668595 52.97638770763807 -45.86947380777995
      vertex -55.16121628307295 55.16121628307295 -45.93459687076986
      vertex -55.15668016556073 55.15668016556073 -45.86947380777995
    endloop
  endfacet
  facet normal 0.6853800492903079 -0.7097318175073895 -0.16289547339466692
    outer loop
      vertex -57.40703433152179 52.968719846791 -45.80490967798387
      vertex -55.15668016556073 55.15668016556073 -45.86947380777995
      vertex -55.14914155540498 55.14914155540498 -45.80490967798387
    endloop
  endfacet
  facet normal 0.6765117954523334 -0.7005484718277781 -0.2270762630343053
    outer loop
      vertex -57.396712087340944 52.95803085003538 -45.74118095489748
      vertex -55.14914155540498 55.14914155540498 -45.80490967798387
      vertex -55.13863273409174 55.13863273409174 -45.74118095489748
    endloop
  endfacet
  facet normal -0.6942864416678087 0.7189546568008041 -0.03271908282165523
    outer loop
      vertex -56.03106525640772 51.543862158672006 -46
      vertex -56.032552573301814 51.545402320402054 -45.93459687076986
      vertex -53.74981569734842 53.74981569734842 -45.93459687076986
    endloop
  endfacet
  facet normal -0.6913134005357778 0.7158759825844392 -0.09801714032975398
    outer loop
      vertex -56.032552573301814 51.545402320402054 -45.93459687076986
      vertex -56.03700815506485 51.55001621038324 -45.86947380777995
      vertex -53.75435181486064 53.75435181486064 -45.86947380777995
    endloop
  endfacet
  facet normal -0.6765117954523268 0.7005484718277718 -0.22707626303434467
    outer loop
      vertex -56.04441292221164 51.55768407123031 -45.80490967798387
      vertex -56.0547351663925 51.56837306798593 -45.74118095489748
      vertex -53.77239924632962 53.77239924632962 -45.74118095489748
    endloop
  endfacet
  facet normal -0.6853800492903197 0.7097318175074018 -0.16289547339456378
    outer loop
      vertex -56.03700815506485 51.55001621038324 -45.86947380777995
      vertex -56.04441292221164 51.55768407123031 -45.80490967798387
      vertex -53.76189042501638 53.76189042501638 -45.80490967798387
    endloop
  endfacet
  facet normal 0.7193398003386521 0.6946583704589963 2.4485611630082497e-14
    outer loop
      vertex -57.383516567560314 52.944366489296314 -45.678560534696835
      vertex -56.06793068617313 51.582037428724995 -45.678560534696835
      vertex -56.0547351663925 51.56837306798593 -45.74118095489748
    endloop
  endfacet
  facet normal 0.7193398003386516 0.6946583704589967 -5.031161445553462e-14
    outer loop
      vertex -57.36750427742143 52.927785277464295 -45.61731656763491
      vertex -56.083942976312 51.598618640557014 -45.61731656763491
      vertex -56.06793068617313 51.582037428724995 -45.678560534696835
    endloop
  endfacet
  facet normal 0.6647466142462152 -0.6883652700416037 -0.29028467725449
    outer loop
      vertex -57.396712087340944 52.95803085003538 -45.74118095489748
      vertex -55.13863273409174 55.13863273409174 -45.74118095489748
      vertex -57.383516567560314 52.944366489296314 -45.678560534696835
    endloop
  endfacet
  facet normal 0.650134885984191 -0.6732343824894073 -0.3522500479211174
    outer loop
      vertex -57.383516567560314 52.944366489296314 -45.678560534696835
      vertex -55.12519870200721 55.12519870200721 -45.678560534696835
      vertex -57.36750427742143 52.927785277464295 -45.61731656763491
    endloop
  endfacet
  facet normal 0.7193398003386497 0.6946583704589987 -4.380434685222613e-14
    outer loop
      vertex -57.34874378400891 52.90835821783396 -45.557711309781
      vertex -56.102703469724524 51.61804570018735 -45.557711309781
      vertex -56.083942976312 51.598618640557014 -45.61731656763491
    endloop
  endfacet
  facet normal 0.7193398003386517 0.6946583704589968 1.3111528487577983e-16
    outer loop
      vertex -57.32731542263571 52.88616850005715 -45.5
      vertex -56.12413183109773 51.64023541796416 -45.5
      vertex -56.102703469724524 51.61804570018735 -45.557711309781
    endloop
  endfacet
  facet normal 0.6327391803297687 -0.6552206019544748 -0.4127070298044705
    outer loop
      vertex -57.36750427742143 52.927785277464295 -45.61731656763491
      vertex -55.108896985739214 55.108896985739214 -45.61731656763491
      vertex -57.34874378400891 52.90835821783396 -45.557711309781
    endloop
  endfacet
  facet normal 0.6126339883653493 -0.6344010662107386 -0.4713967368260448
    outer loop
      vertex -57.34874378400891 52.90835821783396 -45.557711309781
      vertex -55.08979739173948 55.08979739173948 -45.557711309781
      vertex -57.32731542263571 52.88616850005715 -45.5
    endloop
  endfacet
  facet normal 0.6126339883653591 -0.6344010662107478 -0.4713967368260195
    outer loop
      vertex -57.32731542263571 52.88616850005715 -45.5
      vertex -55.08979739173948 55.08979739173948 -45.557711309781
      vertex -55.06798170740175 55.06798170740175 -45.5
    endloop
  endfacet
  facet normal 0.6647466142462147 -0.6883652700416033 -0.2902846772544921
    outer loop
      vertex -57.383516567560314 52.944366489296314 -45.678560534696835
      vertex -55.13863273409174 55.13863273409174 -45.74118095489748
      vertex -55.12519870200721 55.12519870200721 -45.678560534696835
    endloop
  endfacet
  facet normal 0.6501348859841933 -0.6732343824894096 -0.35225004792110876
    outer loop
      vertex -57.36750427742143 52.927785277464295 -45.61731656763491
      vertex -55.12519870200721 55.12519870200721 -45.678560534696835
      vertex -55.108896985739214 55.108896985739214 -45.61731656763491
    endloop
  endfacet
  facet normal 0.6327391803297805 -0.6552206019544856 -0.4127070298044351
    outer loop
      vertex -57.34874378400891 52.90835821783396 -45.557711309781
      vertex -55.108896985739214 55.108896985739214 -45.61731656763491
      vertex -55.08979739173948 55.08979739173948 -45.557711309781
    endloop
  endfacet
  facet normal -0.6647466142462152 0.6883652700416039 -0.29028467725449
    outer loop
      vertex -56.0547351663925 51.56837306798593 -45.74118095489748
      vertex -56.06793068617313 51.582037428724995 -45.678560534696835
      vertex -53.78583327841415 53.78583327841415 -45.678560534696835
    endloop
  endfacet
  facet normal -0.6501348859842091 0.6732343824894242 -0.3522500479210513
    outer loop
      vertex -56.06793068617313 51.582037428724995 -45.678560534696835
      vertex -56.083942976312 51.598618640557014 -45.61731656763491
      vertex -53.80213499468215 53.80213499468215 -45.61731656763491
    endloop
  endfacet
  facet normal -0.632739180329769 0.6552206019544747 -0.41270702980447055
    outer loop
      vertex -56.083942976312 51.598618640557014 -45.61731656763491
      vertex -56.102703469724524 51.61804570018735 -45.557711309781
      vertex -53.82123458868188 53.82123458868188 -45.557711309781
    endloop
  endfacet
  facet normal -0.6126339883653267 0.6344010662107152 -0.4713967368261056
    outer loop
      vertex -56.102703469724524 51.61804570018735 -45.557711309781
      vertex -56.12413183109773 51.64023541796416 -45.5
      vertex -53.84305027301962 53.84305027301962 -45.5
    endloop
  endfacet
  facet normal 0.7193398003386515 0.6946583704589968 9.954783704771938e-14
    outer loop
      vertex -57.32731542263571 52.88616850005715 -45.5
      vertex -57.30331095283498 52.86131114391202 -45.4444297669804
      vertex -56.12413183109773 51.64023541796416 -45.5
    endloop
  endfacet
  facet normal 0.7193398003386512 0.6946583704589971 -2.6665319883280306e-15
    outer loop
      vertex -57.30331095283498 52.86131114391202 -45.4444297669804
      vertex -57.27683316543163 52.833892592413754 -45.39123857099128
      vertex -56.148136300898464 51.66509277410929 -45.4444297669804
    endloop
  endfacet
  facet normal 0.7193398003386513 0.6946583704589971 -4.975077440894573e-14
    outer loop
      vertex -57.27683316543163 52.833892592413754 -45.39123857099128
      vertex -57.247995442376265 52.80403025600923 -45.34065418489993
      vertex -56.17461408830181 51.692511325607555 -45.39123857099128
    endloop
  endfacet
  facet normal 0.7193398003386513 0.6946583704589971 2.0293952695314705e-14
    outer loop
      vertex -57.247995442376265 52.80403025600923 -45.34065418489993
      vertex -57.216921271226276 52.771852009807496 -45.292893218813454
      vertex -56.20345181135717 51.72237366201208 -45.34065418489993
    endloop
  endfacet
  facet normal 0.7193398003386504 0.6946583704589981 2.556932977058824e-14
    outer loop
      vertex -57.216921271226276 52.771852009807496 -45.292893218813454
      vertex -57.18374371635309 52.73749564599886 -45.24816019252102
      vertex -56.23452598250716 51.75455190821381 -45.292893218813454
    endloop
  endfacet
  facet normal 0.7193398003386519 0.6946583704589967 -1.0373581599623991e-13
    outer loop
      vertex -56.26770353738035 51.78890827202245 -45.24816019252102
      vertex -57.18374371635309 52.73749564599886 -45.24816019252102
      vertex -57.148604849140206 52.70110828380766 -45.20664665970877
    endloop
  endfacet
  facet normal 0.7193398003386537 0.6946583704589945 -2.4357868624679152e-14
    outer loop
      vertex -57.11165513961164 52.66284573950508 -45.16853038769745
      vertex -56.30284240459323 51.825295634213646 -45.20664665970877
      vertex -57.148604849140206 52.70110828380766 -45.20664665970877
    endloop
  endfacet
  facet normal 0.719339800338655 0.6946583704589933 5.211025546981516e-14
    outer loop
      vertex -57.11165513961164 52.66284573950508 -45.16853038769745
      vertex -57.073052812096215 52.62287185917998 -45.13397459621556
      vertex -56.33979211412179 51.86355817851623 -45.16853038769745
    endloop
  endfacet
  facet normal 0.7193398003386524 0.6946583704589959 1.301258968690513e-13
    outer loop
      vertex -57.073052812096215 52.62287185917998 -45.13397459621556
      vertex -57.032963167686695 52.58135781712483 -45.10312725846731
      vertex -56.37839444163722 51.90353205884133 -45.13397459621556
    endloop
  endfacet
  facet normal 0.7193398003386502 0.6946583704589984 8.837533964107618e-15
    outer loop
      vertex -56.991557876395106 52.53848138284106 -45.076120467488714
      vertex -56.418484086046746 51.94504610089648 -45.10312725846731
      vertex -57.032963167686695 52.58135781712483 -45.10312725846731
    endloop
  endfacet
  facet normal 0.7193398003386496 0.6946583704589987 -3.932444023660356e-14
    outer loop
      vertex -56.991557876395106 52.53848138284106 -45.076120467488714
      vertex -56.949014242035425 52.49442615980279 -45.05306987050489
      vertex -56.459889377338335 51.987922535180246 -45.076120467488714
    endloop
  endfacet
  facet normal 0.7193398003386478 0.6946583704590007 -1.2361344446934543e-13
    outer loop
      vertex -56.949014242035425 52.49442615980279 -45.05306987050489
      vertex -56.90551444298139 52.44938079923855 -45.034074173710934
      vertex -56.459889377338335 51.987922535180246 -45.076120467488714
    endloop
  endfacet
  facet normal 0.7193398003386628 0.6946583704589849 2.0918417172886987e-13
    outer loop
      vertex -56.90551444298139 52.44938079923855 -45.034074173710934
      vertex -56.861244752050766 52.40353819229774 -45.01921471959677
      vertex -56.459889377338335 51.987922535180246 -45.076120467488714
    endloop
  endfacet
  facet normal 0.7193398003386512 0.6946583704589974 8.101582624419351e-14
    outer loop
      vertex -57.30331095283498 52.86131114391202 -45.4444297669804
      vertex -56.148136300898464 51.66509277410929 -45.4444297669804
      vertex -56.12413183109773 51.64023541796416 -45.5
    endloop
  endfacet
  facet normal 0.7193398003386513 0.6946583704589971 2.538758410797594e-15
    outer loop
      vertex -57.27683316543163 52.833892592413754 -45.39123857099128
      vertex -56.17461408830181 51.692511325607555 -45.39123857099128
      vertex -56.148136300898464 51.66509277410929 -45.4444297669804
    endloop
  endfacet
  facet normal 0.5899054036094723 -0.6108649277064689 -0.5280678506503836
    outer loop
      vertex -57.32731542263571 52.88616850005715 -45.5
      vertex -55.06798170740175 55.06798170740175 -45.5
      vertex -57.30331095283498 52.86131114391202 -45.4444297669804
    endloop
  endfacet
  facet normal 0.5646507533514541 -0.5847129718001137 -0.5824776968677127
    outer loop
      vertex -57.30331095283498 52.86131114391202 -45.4444297669804
      vertex -55.043543350835556 55.043543350835556 -45.4444297669804
      vertex -57.27683316543163 52.833892592413754 -45.39123857099128
    endloop
  endfacet
  facet normal 0.5899054036094528 -0.6108649277064503 -0.5280678506504274
    outer loop
      vertex -57.30331095283498 52.86131114391202 -45.4444297669804
      vertex -55.06798170740175 55.06798170740175 -45.5
      vertex -55.043543350835556 55.043543350835556 -45.4444297669804
    endloop
  endfacet
  facet normal 0.5646507533514817 -0.5847129718001403 -0.5824776968676592
    outer loop
      vertex -57.27683316543163 52.833892592413754 -45.39123857099128
      vertex -55.043543350835556 55.043543350835556 -45.4444297669804
      vertex -55.016586970835576 55.016586970835576 -45.39123857099128
    endloop
  endfacet
  facet normal 0.7193398003386513 0.6946583704589971 -5.18377413829385e-14
    outer loop
      vertex -57.247995442376265 52.80403025600923 -45.34065418489993
      vertex -56.20345181135717 51.72237366201208 -45.34065418489993
      vertex -56.17461408830181 51.692511325607555 -45.39123857099128
    endloop
  endfacet
  facet normal 0.7193398003386504 0.6946583704589981 -2.10719689026395e-14
    outer loop
      vertex -57.216921271226276 52.771852009807496 -45.292893218813454
      vertex -56.23452598250716 51.75455190821381 -45.292893218813454
      vertex -56.20345181135717 51.72237366201208 -45.34065418489993
    endloop
  endfacet
  facet normal 0.7193398003386519 0.6946583704589966 9.09845739650061e-14
    outer loop
      vertex -56.26770353738035 51.78890827202245 -45.24816019252102
      vertex -56.23452598250716 51.75455190821381 -45.292893218813454
      vertex -57.18374371635309 52.73749564599886 -45.24816019252102
    endloop
  endfacet
  facet normal 0.536978181880662 -0.5560571851815704 -0.634393284163765
    outer loop
      vertex -57.27683316543163 52.833892592413754 -45.39123857099128
      vertex -55.016586970835576 55.016586970835576 -45.39123857099128
      vertex -57.247995442376265 52.80403025600923 -45.34065418489993
    endloop
  endfacet
  facet normal 0.5070061873969175 -0.5250202763288901 -0.6835923020227609
    outer loop
      vertex -57.247995442376265 52.80403025600923 -45.34065418489993
      vertex -54.98722799875936 54.98722799875936 -45.34065418489993
      vertex -57.216921271226276 52.771852009807496 -45.292893218813454
    endloop
  endfacet
  facet normal 0.4748631145815133 -0.4917351500501622 -0.7298640726978477
    outer loop
      vertex -57.216921271226276 52.771852009807496 -45.292893218813454
      vertex -54.95559215423264 54.95559215423264 -45.292893218813454
      vertex -57.18374371635309 52.73749564599886 -45.24816019252102
    endloop
  endfacet
  facet normal -0.5899054036094735 0.6108649277064694 -0.5280678506503818
    outer loop
      vertex -56.12413183109773 51.64023541796416 -45.5
      vertex -56.148136300898464 51.66509277410929 -45.4444297669804
      vertex -53.867488629585814 53.867488629585814 -45.4444297669804
    endloop
  endfacet
  facet normal -0.5646507533514543 0.5847129718001136 -0.5824776968677126
    outer loop
      vertex -56.148136300898464 51.66509277410929 -45.4444297669804
      vertex -56.17461408830181 51.692511325607555 -45.39123857099128
      vertex -53.894445009585795 53.894445009585795 -45.39123857099128
    endloop
  endfacet
  facet normal -0.5369781818806864 0.5560571851815983 -0.6343932841637198
    outer loop
      vertex -56.17461408830181 51.692511325607555 -45.39123857099128
      vertex -56.20345181135717 51.72237366201208 -45.34065418489993
      vertex -53.923803981662005 53.923803981662005 -45.34065418489993
    endloop
  endfacet
  facet normal -0.507006187396917 0.5250202763288906 -0.683592302022761
    outer loop
      vertex -56.20345181135717 51.72237366201208 -45.34065418489993
      vertex -56.23452598250716 51.75455190821381 -45.292893218813454
      vertex -53.95543982618872 53.95543982618872 -45.292893218813454
    endloop
  endfacet
  facet normal -0.4748631145814873 0.4917351500501351 -0.7298640726978829
    outer loop
      vertex -56.26770353738035 51.78890827202245 -45.24816019252102
      vertex -53.98921707362289 53.98921707362289 -45.24816019252102
      vertex -56.23452598250716 51.75455190821381 -45.292893218813454
    endloop
  endfacet
  facet normal 0.5369781818806486 -0.5560571851815576 -0.6343932841637875
    outer loop
      vertex -57.247995442376265 52.80403025600923 -45.34065418489993
      vertex -55.016586970835576 55.016586970835576 -45.39123857099128
      vertex -54.98722799875936 54.98722799875936 -45.34065418489993
    endloop
  endfacet
  facet normal 0.5070061873969041 -0.525020276328877 -0.683592302022781
    outer loop
      vertex -57.216921271226276 52.771852009807496 -45.292893218813454
      vertex -54.98722799875936 54.98722799875936 -45.34065418489993
      vertex -54.95559215423264 54.95559215423264 -45.292893218813454
    endloop
  endfacet
  facet normal 0.47486311458153596 -0.4917351500501844 -0.729864072697818
    outer loop
      vertex -57.18374371635309 52.73749564599886 -45.24816019252102
      vertex -54.95559215423264 54.95559215423264 -45.292893218813454
      vertex -54.92181490679848 54.92181490679848 -45.24816019252102
    endloop
  endfacet
  facet normal 0.7193398003386537 0.6946583704589946 -1.6688393191865072e-14
    outer loop
      vertex -56.26770353738035 51.78890827202245 -45.24816019252102
      vertex -57.148604849140206 52.70110828380766 -45.20664665970877
      vertex -56.30284240459323 51.825295634213646 -45.20664665970877
    endloop
  endfacet
  facet normal 0.719339800338655 0.6946583704589934 2.7844443498288395e-14
    outer loop
      vertex -57.11165513961164 52.66284573950508 -45.16853038769745
      vertex -56.33979211412179 51.86355817851623 -45.16853038769745
      vertex -56.30284240459323 51.825295634213646 -45.20664665970877
    endloop
  endfacet
  facet normal 0.7193398003386524 0.6946583704589959 -5.867616166817589e-14
    outer loop
      vertex -57.073052812096215 52.62287185917998 -45.13397459621556
      vertex -56.37839444163722 51.90353205884133 -45.13397459621556
      vertex -56.33979211412179 51.86355817851623 -45.16853038769745
    endloop
  endfacet
  facet normal 0.4046230077349543 -0.4189993901666619 -0.8128466845915561
    outer loop
      vertex -57.11165513961164 52.66284573950508 -45.16853038769745
      vertex -57.148604849140206 52.70110828380766 -45.20664665970877
      vertex -54.88604089581598 54.88604089581598 -45.20664665970877
    endloop
  endfacet
  facet normal 0.44068660500723145 -0.45634433836643856 -0.7730104533627586
    outer loop
      vertex -57.18374371635309 52.73749564599886 -45.24816019252102
      vertex -54.92181490679848 54.92181490679848 -45.24816019252102
      vertex -57.148604849140206 52.70110828380766 -45.20664665970877
    endloop
  endfacet
  facet normal 0.3668267526245282 -0.37986022225205374 -0.849202181526616
    outer loop
      vertex -57.11165513961164 52.66284573950508 -45.16853038769745
      vertex -54.8484233110923 54.8484233110923 -45.16853038769745
      vertex -57.073052812096215 52.62287185917998 -45.13397459621556
    endloop
  endfacet
  facet normal 0.7193398003386502 0.6946583704589983 2.842253449879927e-14
    outer loop
      vertex -57.032963167686695 52.58135781712483 -45.10312725846731
      vertex -56.418484086046746 51.94504610089648 -45.10312725846731
      vertex -56.37839444163722 51.90353205884133 -45.13397459621556
    endloop
  endfacet
  facet normal 0.7193398003386496 0.6946583704589987 -9.64504717215632e-15
    outer loop
      vertex -56.991557876395106 52.53848138284106 -45.076120467488714
      vertex -56.459889377338335 51.987922535180246 -45.076120467488714
      vertex -56.418484086046746 51.94504610089648 -45.10312725846731
    endloop
  endfacet
  facet normal 0.7193398003386514 0.694658370458997 4.050224986150769e-14
    outer loop
      vertex -56.861244752050766 52.40353819229774 -45.01921471959677
      vertex -56.816394738856516 52.357094644061185 -45.00855513862619
      vertex -56.459889377338335 51.987922535180246 -45.076120467488714
    endloop
  endfacet
  facet normal 0.7193398003387097 0.6946583704589366 2.683370884203568e-13
    outer loop
      vertex -56.459889377338335 51.987922535180246 -45.076120467488714
      vertex -56.590202501682676 52.12286572572357 -45.01921471959677
      vertex -56.50243301169802 52.03197775821852 -45.05306987050489
    endloop
  endfacet
  facet normal 0.7193398003386599 0.6946583704589883 3.1659409478233305e-14
    outer loop
      vertex -56.459889377338335 51.987922535180246 -45.076120467488714
      vertex -56.635052514876925 52.169309273960124 -45.00855513862619
      vertex -56.590202501682676 52.12286572572357 -45.01921471959677
    endloop
  endfacet
  facet normal 0.7193398003385173 0.6946583704591358 -7.656269374759114e-13
    outer loop
      vertex -56.50243301169802 52.03197775821852 -45.05306987050489
      vertex -56.590202501682676 52.12286572572357 -45.01921471959677
      vertex -56.54593281075204 52.07702311878276 -45.034074173710934
    endloop
  endfacet
  facet normal 0.7193398003386039 0.6946583704590462 -4.776076769146614e-13
    outer loop
      vertex -56.459889377338335 51.987922535180246 -45.076120467488714
      vertex -56.816394738856516 52.357094644061185 -45.00855513862619
      vertex -56.77115645804065 52.310249032932596 -45.0021410767614
    endloop
  endfacet
  facet normal 0.7193398003386583 0.6946583704589898 -2.9654904843479634e-15
    outer loop
      vertex -56.459889377338335 51.987922535180246 -45.076120467488714
      vertex -56.77115645804065 52.310249032932596 -45.0021410767614
      vertex -56.72572362686672 52.26320195901066 -45
    endloop
  endfacet
  facet normal 0.7193398003386584 0.6946583704589897 -2.255802468656211e-15
    outer loop
      vertex -56.459889377338335 51.987922535180246 -45.076120467488714
      vertex -56.72572362686672 52.26320195901066 -45
      vertex -56.680290795692784 52.21615488508872 -45.0021410767614
    endloop
  endfacet
  facet normal 0.7193398003386929 0.6946583704589541 2.1048135866829282e-13
    outer loop
      vertex -56.459889377338335 51.987922535180246 -45.076120467488714
      vertex -56.680290795692784 52.21615488508872 -45.0021410767614
      vertex -56.635052514876925 52.169309273960124 -45.00855513862619
    endloop
  endfacet
  facet normal 0.3274596890432298 -0.33909443454869825 -0.8819212643483599
    outer loop
      vertex -57.073052812096215 52.62287185917998 -45.13397459621556
      vertex -54.80912323690036 54.80912323690036 -45.13397459621556
      vertex -57.032963167686695 52.58135781712483 -45.10312725846731
    endloop
  endfacet
  facet normal 0.28669039280086017 -0.2968765924178166 -0.9108638249211977
    outer loop
      vertex -56.991557876395106 52.53848138284106 -45.076120467488714
      vertex -57.032963167686695 52.58135781712483 -45.10312725846731
      vertex -54.768308962191334 54.768308962191334 -45.10312725846731
    endloop
  endfacet
  facet normal 0.24469344428311052 -0.2533874791409843 -0.9359059267573026
    outer loop
      vertex -56.991557876395106 52.53848138284106 -45.076120467488714
      vertex -54.72615525995543 54.72615525995543 -45.076120467488714
      vertex -56.949014242035425 52.49442615980279 -45.05306987050489
    endloop
  endfacet
  facet normal 0.20164868087077376 -0.20881332177756656 -0.9569403357322207
    outer loop
      vertex -56.949014242035425 52.49442615980279 -45.05306987050489
      vertex -54.68284263881719 54.68284263881719 -45.05306987050489
      vertex -56.90551444298139 52.44938079923855 -45.034074173710934
    endloop
  endfacet
  facet normal 0.15774042684940595 -0.1633449937128239 -0.9738769792773236
    outer loop
      vertex -56.90551444298139 52.44938079923855 -45.034074173710934
      vertex -54.638556570069795 54.638556570069795 -45.034074173710934
      vertex -56.861244752050766 52.40353819229774 -45.01921471959677
    endloop
  endfacet
  facet normal 0.11315670410337261 -0.117177197307672 -0.9866433320848931
    outer loop
      vertex -56.861244752050766 52.40353819229774 -45.01921471959677
      vertex -54.59348669345854 54.59348669345854 -45.01921471959677
      vertex -56.816394738856516 52.357094644061185 -45.00855513862619
    endloop
  endfacet
  facet normal 0.06808842697841977 -0.0705076301544691 -0.9951847266721917
    outer loop
      vertex -56.77115645804065 52.310249032932596 -45.0021410767614
      vertex -56.816394738856516 52.357094644061185 -45.00855513862619
      vertex -54.547826005114324 54.547826005114324 -45.00855513862619
    endloop
  endfacet
  facet normal -0.20164868087078802 0.20881332177758188 -0.9569403357322143
    outer loop
      vertex -56.50243301169802 52.03197775821852 -45.05306987050489
      vertex -56.54593281075204 52.07702311878276 -45.034074173710934
      vertex -54.27247541035157 54.27247541035157 -45.034074173710934
    endloop
  endfacet
  facet normal -0.02272858475589372 0.023536138504286173 -0.9994645874763655
    outer loop
      vertex -56.72572362686672 52.26320195901066 -45
      vertex -54.455515990210685 54.455515990210685 -45
      vertex -56.680290795692784 52.21615488508872 -45.0021410767614
    endloop
  endfacet
  facet normal -0.06808842697841946 0.07050763015446905 -0.9951847266721918
    outer loop
      vertex -56.635052514876925 52.169309273960124 -45.00855513862619
      vertex -56.680290795692784 52.21615488508872 -45.0021410767614
      vertex -54.40926194930676 54.40926194930676 -45.0021410767614
    endloop
  endfacet
  facet normal 0.022728584755893733 -0.023536138504286163 -0.9994645874763655
    outer loop
      vertex -56.77115645804065 52.310249032932596 -45.0021410767614
      vertex -54.50177003111461 54.50177003111461 -45.0021410767614
      vertex -56.72572362686672 52.26320195901066 -45
    endloop
  endfacet
  facet normal -0.15774042684939446 0.16334499371281186 -0.9738769792773275
    outer loop
      vertex -56.54593281075204 52.07702311878276 -45.034074173710934
      vertex -56.590202501682676 52.12286572572357 -45.01921471959677
      vertex -54.31754528696283 54.31754528696283 -45.01921471959677
    endloop
  endfacet
  facet normal -0.11315670410337249 0.11717719730767218 -0.9866433320848932
    outer loop
      vertex -56.635052514876925 52.169309273960124 -45.00855513862619
      vertex -54.36320597530705 54.36320597530705 -45.00855513862619
      vertex -56.590202501682676 52.12286572572357 -45.01921471959677
    endloop
  endfacet
  facet normal -0.4406866050072566 0.4563443383664658 -0.7730104533627283
    outer loop
      vertex -56.26770353738035 51.78890827202245 -45.24816019252102
      vertex -56.30284240459323 51.825295634213646 -45.20664665970877
      vertex -54.02499108460538 54.02499108460538 -45.20664665970877
    endloop
  endfacet
  facet normal 0.4406866050072084 -0.4563443383664159 -0.7730104533627852
    outer loop
      vertex -57.148604849140206 52.70110828380766 -45.20664665970877
      vertex -54.92181490679848 54.92181490679848 -45.24816019252102
      vertex -54.88604089581598 54.88604089581598 -45.20664665970877
    endloop
  endfacet
  facet normal -0.40462300773495435 0.4189993901666618 -0.8128466845915561
    outer loop
      vertex -56.30284240459323 51.825295634213646 -45.20664665970877
      vertex -56.33979211412179 51.86355817851623 -45.16853038769745
      vertex -54.062608669329066 54.062608669329066 -45.16853038769745
    endloop
  endfacet
  facet normal -0.36682675262452796 0.37986022225205396 -0.8492021815266159
    outer loop
      vertex -56.33979211412179 51.86355817851623 -45.16853038769745
      vertex -56.37839444163722 51.90353205884133 -45.13397459621556
      vertex -54.101908743521 54.101908743521 -45.13397459621556
    endloop
  endfacet
  facet normal 0.40462300773495463 -0.4189993901666622 -0.8128466845915557
    outer loop
      vertex -57.11165513961164 52.66284573950508 -45.16853038769745
      vertex -54.88604089581598 54.88604089581598 -45.20664665970877
      vertex -54.8484233110923 54.8484233110923 -45.16853038769745
    endloop
  endfacet
  facet normal 0.3668267526245357 -0.37986022225206123 -0.8492021815266094
    outer loop
      vertex -57.073052812096215 52.62287185917998 -45.13397459621556
      vertex -54.8484233110923 54.8484233110923 -45.16853038769745
      vertex -54.80912323690036 54.80912323690036 -45.13397459621556
    endloop
  endfacet
  facet normal -0.3668267526245348 0.3798602222520606 -0.84920218152661
    outer loop
      vertex -56.33979211412179 51.86355817851623 -45.16853038769745
      vertex -54.101908743521 54.101908743521 -45.13397459621556
      vertex -54.062608669329066 54.062608669329066 -45.16853038769745
    endloop
  endfacet
  facet normal -0.3274596890432084 0.33909443454867544 -0.8819212643483767
    outer loop
      vertex -56.37839444163722 51.90353205884133 -45.13397459621556
      vertex -56.418484086046746 51.94504610089648 -45.10312725846731
      vertex -54.142723018230036 54.142723018230036 -45.10312725846731
    endloop
  endfacet
  facet normal -0.2866903928008601 0.2968765924178166 -0.9108638249211977
    outer loop
      vertex -56.418484086046746 51.94504610089648 -45.10312725846731
      vertex -56.459889377338335 51.987922535180246 -45.076120467488714
      vertex -54.18487672046594 54.18487672046594 -45.076120467488714
    endloop
  endfacet
  facet normal 0.3274596890432282 -0.33909443454869664 -0.8819212643483612
    outer loop
      vertex -57.032963167686695 52.58135781712483 -45.10312725846731
      vertex -54.80912323690036 54.80912323690036 -45.13397459621556
      vertex -54.768308962191334 54.768308962191334 -45.10312725846731
    endloop
  endfacet
  facet normal 0.28669039280087505 -0.2968765924178313 -0.9108638249211881
    outer loop
      vertex -56.991557876395106 52.53848138284106 -45.076120467488714
      vertex -54.768308962191334 54.768308962191334 -45.10312725846731
      vertex -54.72615525995543 54.72615525995543 -45.076120467488714
    endloop
  endfacet
  facet normal -0.24469344428311027 0.2533874791409845 -0.9359059267573027
    outer loop
      vertex -56.459889377338335 51.987922535180246 -45.076120467488714
      vertex -56.50243301169802 52.03197775821852 -45.05306987050489
      vertex -54.22818934160418 54.22818934160418 -45.05306987050489
    endloop
  endfacet
  facet normal 0.24469344428310671 -0.2533874791409805 -0.9359059267573046
    outer loop
      vertex -56.949014242035425 52.49442615980279 -45.05306987050489
      vertex -54.72615525995543 54.72615525995543 -45.076120467488714
      vertex -54.68284263881719 54.68284263881719 -45.05306987050489
    endloop
  endfacet
  facet normal 0.2016486808707639 -0.2088133217775568 -0.9569403357322249
    outer loop
      vertex -56.90551444298139 52.44938079923855 -45.034074173710934
      vertex -54.68284263881719 54.68284263881719 -45.05306987050489
      vertex -54.638556570069795 54.638556570069795 -45.034074173710934
    endloop
  endfacet
  facet normal 0.15774042684941267 -0.16334499371283057 -0.9738769792773214
    outer loop
      vertex -56.861244752050766 52.40353819229774 -45.01921471959677
      vertex -54.638556570069795 54.638556570069795 -45.034074173710934
      vertex -54.59348669345854 54.59348669345854 -45.01921471959677
    endloop
  endfacet
  facet normal 0.11315670410337804 -0.11717719730767738 -0.9866433320848919
    outer loop
      vertex -56.816394738856516 52.357094644061185 -45.00855513862619
      vertex -54.59348669345854 54.59348669345854 -45.01921471959677
      vertex -54.547826005114324 54.547826005114324 -45.00855513862619
    endloop
  endfacet
  facet normal -0.3274596890431842 0.33909443454865157 -0.8819212643483949
    outer loop
      vertex -56.37839444163722 51.90353205884133 -45.13397459621556
      vertex -54.142723018230036 54.142723018230036 -45.10312725846731
      vertex -54.101908743521 54.101908743521 -45.13397459621556
    endloop
  endfacet
  facet normal -0.2866903928008749 0.2968765924178312 -0.9108638249211881
    outer loop
      vertex -56.418484086046746 51.94504610089648 -45.10312725846731
      vertex -54.18487672046594 54.18487672046594 -45.076120467488714
      vertex -54.142723018230036 54.142723018230036 -45.10312725846731
    endloop
  endfacet
  facet normal -0.24469344428310652 0.2533874791409808 -0.9359059267573048
    outer loop
      vertex -56.459889377338335 51.987922535180246 -45.076120467488714
      vertex -54.22818934160418 54.22818934160418 -45.05306987050489
      vertex -54.18487672046594 54.18487672046594 -45.076120467488714
    endloop
  endfacet
  facet normal 0.06808842697841759 -0.07050763015446694 -0.995184726672192
    outer loop
      vertex -56.77115645804065 52.310249032932596 -45.0021410767614
      vertex -54.547826005114324 54.547826005114324 -45.00855513862619
      vertex -54.50177003111461 54.50177003111461 -45.0021410767614
    endloop
  endfacet
  facet normal 0.022728584755893164 -0.023536138504285598 -0.9994645874763655
    outer loop
      vertex -56.72572362686672 52.26320195901066 -45
      vertex -54.50177003111461 54.50177003111461 -45.0021410767614
      vertex -54.455515990210685 54.455515990210685 -45
    endloop
  endfacet
  facet normal -0.02272858475589315 0.023536138504285608 -0.9994645874763655
    outer loop
      vertex -56.680290795692784 52.21615488508872 -45.0021410767614
      vertex -54.455515990210685 54.455515990210685 -45
      vertex -54.40926194930676 54.40926194930676 -45.0021410767614
    endloop
  endfacet
  facet normal -0.15774042684938885 0.1633449937128063 -0.9738769792773293
    outer loop
      vertex -56.54593281075204 52.07702311878276 -45.034074173710934
      vertex -54.31754528696283 54.31754528696283 -45.01921471959677
      vertex -54.27247541035157 54.27247541035157 -45.034074173710934
    endloop
  endfacet
  facet normal -0.1131567041033781 0.11717719730767774 -0.9866433320848919
    outer loop
      vertex -56.590202501682676 52.12286572572357 -45.01921471959677
      vertex -54.36320597530705 54.36320597530705 -45.00855513862619
      vertex -54.31754528696283 54.31754528696283 -45.01921471959677
    endloop
  endfacet
  facet normal -0.06808842697841759 0.07050763015446719 -0.995184726672192
    outer loop
      vertex -56.635052514876925 52.169309273960124 -45.00855513862619
      vertex -54.40926194930676 54.40926194930676 -45.0021410767614
      vertex -54.36320597530705 54.36320597530705 -45.00855513862619
    endloop
  endfacet
  facet normal -0.2016486808707939 0.20881332177758768 -0.9569403357322119
    outer loop
      vertex -56.50243301169802 52.03197775821852 -45.05306987050489
      vertex -54.27247541035157 54.27247541035157 -45.034074173710934
      vertex -54.22818934160418 54.22818934160418 -45.05306987050489
    endloop
  endfacet
  facet normal -0.6942864416678078 0.718954656800804 -0.032719082821681844
    outer loop
      vertex -56.03106525640772 51.543862158672006 -46
      vertex -53.74981569734842 53.74981569734842 -45.93459687076986
      vertex -53.748301496831324 53.748301496831324 -46
    endloop
  endfacet
  facet normal -0.691313400535776 0.715875982584438 -0.09801714032977699
    outer loop
      vertex -56.032552573301814 51.545402320402054 -45.93459687076986
      vertex -53.75435181486064 53.75435181486064 -45.86947380777995
      vertex -53.74981569734842 53.74981569734842 -45.93459687076986
    endloop
  endfacet
  facet normal -0.6853800492903261 0.709731817507407 -0.16289547339451368
    outer loop
      vertex -56.03700815506485 51.55001621038324 -45.86947380777995
      vertex -53.76189042501638 53.76189042501638 -45.80490967798387
      vertex -53.75435181486064 53.75435181486064 -45.86947380777995
    endloop
  endfacet
  facet normal -0.6765117954523341 0.700548471827778 -0.22707626303430364
    outer loop
      vertex -56.04441292221164 51.55768407123031 -45.80490967798387
      vertex -53.77239924632962 53.77239924632962 -45.74118095489748
      vertex -53.76189042501638 53.76189042501638 -45.80490967798387
    endloop
  endfacet
  facet normal -0.6647466142462145 0.6883652700416034 -0.29028467725449264
    outer loop
      vertex -56.0547351663925 51.56837306798593 -45.74118095489748
      vertex -53.78583327841415 53.78583327841415 -45.678560534696835
      vertex -53.77239924632962 53.77239924632962 -45.74118095489748
    endloop
  endfacet
  facet normal -0.6501348859841932 0.6732343824894098 -0.35225004792110837
    outer loop
      vertex -56.06793068617313 51.582037428724995 -45.678560534696835
      vertex -53.80213499468215 53.80213499468215 -45.61731656763491
      vertex -53.78583327841415 53.78583327841415 -45.678560534696835
    endloop
  endfacet
  facet normal -0.6327391803297807 0.6552206019544858 -0.41270702980443424
    outer loop
      vertex -56.083942976312 51.598618640557014 -45.61731656763491
      vertex -53.82123458868188 53.82123458868188 -45.557711309781
      vertex -53.80213499468215 53.80213499468215 -45.61731656763491
    endloop
  endfacet
  facet normal -0.6126339883653136 0.6344010662107027 -0.47139673682613914
    outer loop
      vertex -56.102703469724524 51.61804570018735 -45.557711309781
      vertex -53.84305027301962 53.84305027301962 -45.5
      vertex -53.82123458868188 53.82123458868188 -45.557711309781
    endloop
  endfacet
  facet normal -0.5899054036094533 0.61086492770645 -0.5280678506504269
    outer loop
      vertex -56.12413183109773 51.64023541796416 -45.5
      vertex -53.867488629585814 53.867488629585814 -45.4444297669804
      vertex -53.84305027301962 53.84305027301962 -45.5
    endloop
  endfacet
  facet normal -0.5646507533514823 0.5847129718001406 -0.5824776968676582
    outer loop
      vertex -56.148136300898464 51.66509277410929 -45.4444297669804
      vertex -53.894445009585795 53.894445009585795 -45.39123857099128
      vertex -53.867488629585814 53.867488629585814 -45.4444297669804
    endloop
  endfacet
  facet normal -0.5369781818807008 0.5560571851816123 -0.6343932841636952
    outer loop
      vertex -56.17461408830181 51.692511325607555 -45.39123857099128
      vertex -53.923803981662005 53.923803981662005 -45.34065418489993
      vertex -53.894445009585795 53.894445009585795 -45.39123857099128
    endloop
  endfacet
  facet normal -0.5070061873969047 0.5250202763288786 -0.6835923020227793
    outer loop
      vertex -56.20345181135717 51.72237366201208 -45.34065418489993
      vertex -53.95543982618872 53.95543982618872 -45.292893218813454
      vertex -53.923803981662005 53.923803981662005 -45.34065418489993
    endloop
  endfacet
  facet normal -0.47486311458148195 0.4917351500501299 -0.7298640726978898
    outer loop
      vertex -56.23452598250716 51.75455190821381 -45.292893218813454
      vertex -53.98921707362289 53.98921707362289 -45.24816019252102
      vertex -53.95543982618872 53.95543982618872 -45.292893218813454
    endloop
  endfacet
  facet normal -0.44068660500726103 0.4563443383664701 -0.7730104533627232
    outer loop
      vertex -56.26770353738035 51.78890827202245 -45.24816019252102
      vertex -54.02499108460538 54.02499108460538 -45.20664665970877
      vertex -53.98921707362289 53.98921707362289 -45.24816019252102
    endloop
  endfacet
  facet normal -0.40462300773495385 0.4189993901666614 -0.8128466845915564
    outer loop
      vertex -56.30284240459323 51.825295634213646 -45.20664665970877
      vertex -54.062608669329066 54.062608669329066 -45.16853038769745
      vertex -54.02499108460538 54.02499108460538 -45.20664665970877
    endloop
  endfacet
endsolid OpenSCAD_Model
