solid OpenSCAD_Model
  facet normal 0 -0.881926 -0.471389
    outer loop
      vertex 13 -12.9904 -7.5
      vertex 16 -13.4531 -6.63433
      vertex 13 -13.4531 -6.63433
    endloop
  endfacet
  facet normal 0 -0.881926 -0.471389
    outer loop
      vertex 16 -13.4531 -6.63433
      vertex 13 -12.9904 -7.5
      vertex 16 -12.9904 -7.5
    endloop
  endfacet
  facet normal 0 -0.0327026 -0.999465
    outer loop
      vertex 13 -0.981047 -14.9679
      vertex 16 0 -15
      vertex 16 -0.981047 -14.9679
    endloop
  endfacet
  facet normal -0 -0.0327026 -0.999465
    outer loop
      vertex 16 0 -15
      vertex 13 -0.981047 -14.9679
      vertex 13 0 -15
    endloop
  endfacet
  facet normal 0 0.0980064 -0.995186
    outer loop
      vertex 13 0.981047 -14.9679
      vertex 16 1.95789 -14.8717
      vertex 16 0.981047 -14.9679
    endloop
  endfacet
  facet normal 0 0.0980064 -0.995186
    outer loop
      vertex 16 1.95789 -14.8717
      vertex 13 0.981047 -14.9679
      vertex 13 1.95789 -14.8717
    endloop
  endfacet
  facet normal 0 0.0327026 -0.999465
    outer loop
      vertex 13 0 -15
      vertex 16 0.981047 -14.9679
      vertex 16 0 -15
    endloop
  endfacet
  facet normal 0 0.0327026 -0.999465
    outer loop
      vertex 16 0.981047 -14.9679
      vertex 13 0 -15
      vertex 13 0.981047 -14.9679
    endloop
  endfacet
  facet normal 0 -0.910865 -0.412705
    outer loop
      vertex 13 -13.4531 -6.63433
      vertex 16 -13.8582 -5.74025
      vertex 13 -13.8582 -5.74025
    endloop
  endfacet
  facet normal 0 -0.910865 -0.412705
    outer loop
      vertex 16 -13.8582 -5.74025
      vertex 13 -13.4531 -6.63433
      vertex 16 -13.4531 -6.63433
    endloop
  endfacet
  facet normal 0 -0.352287 0.935892
    outer loop
      vertex 13 -4.82159 14.204
      vertex 16 -5.74025 13.8582
      vertex 16 -4.82159 14.204
    endloop
  endfacet
  facet normal 0 -0.352287 0.935892
    outer loop
      vertex 16 -5.74025 13.8582
      vertex 13 -4.82159 14.204
      vertex 13 -5.74025 13.8582
    endloop
  endfacet
  facet normal 0 -0.95695 -0.290253
    outer loop
      vertex 13 -14.204 -4.82159
      vertex 16 -14.4889 -3.88229
      vertex 13 -14.4889 -3.88229
    endloop
  endfacet
  facet normal 0 -0.95695 -0.290253
    outer loop
      vertex 16 -14.4889 -3.88229
      vertex 13 -14.204 -4.82159
      vertex 16 -14.204 -4.82159
    endloop
  endfacet
  facet normal 0 -0.352287 -0.935892
    outer loop
      vertex 13 -5.74025 -13.8582
      vertex 16 -4.82159 -14.204
      vertex 16 -5.74025 -13.8582
    endloop
  endfacet
  facet normal -0 -0.352287 -0.935892
    outer loop
      vertex 16 -4.82159 -14.204
      vertex 13 -5.74025 -13.8582
      vertex 13 -4.82159 -14.204
    endloop
  endfacet
  facet normal 0 -0.999465 -0.0327026
    outer loop
      vertex 13 -14.9679 -0.981047
      vertex 16 -15 0
      vertex 13 -15 0
    endloop
  endfacet
  facet normal 0 -0.999465 -0.0327026
    outer loop
      vertex 16 -15 0
      vertex 13 -14.9679 -0.981047
      vertex 16 -14.9679 -0.981047
    endloop
  endfacet
  facet normal 0 -0.986642 -0.162902
    outer loop
      vertex 13 -14.7118 -2.92635
      vertex 16 -14.8717 -1.95789
      vertex 13 -14.8717 -1.95789
    endloop
  endfacet
  facet normal 0 -0.986642 -0.162902
    outer loop
      vertex 16 -14.8717 -1.95789
      vertex 13 -14.7118 -2.92635
      vertex 16 -14.7118 -2.92635
    endloop
  endfacet
  facet normal -0 0.352287 0.935892
    outer loop
      vertex 13 5.74025 13.8582
      vertex 16 4.82159 14.204
      vertex 16 5.74025 13.8582
    endloop
  endfacet
  facet normal 0 0.352287 0.935892
    outer loop
      vertex 16 4.82159 14.204
      vertex 13 5.74025 13.8582
      vertex 13 4.82159 14.204
    endloop
  endfacet
  facet normal 0 -0.773014 0.634389
    outer loop
      vertex 13 -11.9003 9.13142
      vertex 16 -11.2776 9.89019
      vertex 13 -11.2776 9.89019
    endloop
  endfacet
  facet normal 0 -0.773014 0.634389
    outer loop
      vertex 16 -11.2776 9.89019
      vertex 13 -11.9003 9.13142
      vertex 16 -11.9003 9.13142
    endloop
  endfacet
  facet normal 0 0.812869 -0.582447
    outer loop
      vertex 16 11.9003 -9.13142
      vertex 13 12.472 -8.33355
      vertex 16 12.472 -8.33355
    endloop
  endfacet
  facet normal 0 0.812869 -0.582447
    outer loop
      vertex 13 12.472 -8.33355
      vertex 16 11.9003 -9.13142
      vertex 13 11.9003 -9.13142
    endloop
  endfacet
  facet normal 0 -0.812869 0.582447
    outer loop
      vertex 13 -12.472 8.33355
      vertex 16 -11.9003 9.13142
      vertex 13 -11.9003 9.13142
    endloop
  endfacet
  facet normal 0 -0.812869 0.582447
    outer loop
      vertex 16 -11.9003 9.13142
      vertex 13 -12.472 8.33355
      vertex 16 -12.472 8.33355
    endloop
  endfacet
  facet normal 0 -0.995186 0.0980064
    outer loop
      vertex 13 -14.9679 0.981047
      vertex 16 -14.8717 1.95789
      vertex 13 -14.8717 1.95789
    endloop
  endfacet
  facet normal 0 -0.995186 0.0980064
    outer loop
      vertex 16 -14.8717 1.95789
      vertex 13 -14.9679 0.981047
      vertex 16 -14.9679 0.981047
    endloop
  endfacet
  facet normal -0 0.683597 0.72986
    outer loop
      vertex 13 10.6066 10.6066
      vertex 16 9.89019 11.2776
      vertex 16 10.6066 10.6066
    endloop
  endfacet
  facet normal 0 0.683597 0.72986
    outer loop
      vertex 16 9.89019 11.2776
      vertex 13 10.6066 10.6066
      vertex 13 9.89019 11.2776
    endloop
  endfacet
  facet normal 0 0.910865 -0.412705
    outer loop
      vertex 16 13.4531 -6.63433
      vertex 13 13.8582 -5.74025
      vertex 16 13.8582 -5.74025
    endloop
  endfacet
  facet normal 0 0.910865 -0.412705
    outer loop
      vertex 13 13.8582 -5.74025
      vertex 16 13.4531 -6.63433
      vertex 13 13.4531 -6.63433
    endloop
  endfacet
  facet normal 0 0.935892 0.352287
    outer loop
      vertex 16 14.204 4.82159
      vertex 13 13.8582 5.74025
      vertex 16 13.8582 5.74025
    endloop
  endfacet
  facet normal 0 0.935892 0.352287
    outer loop
      vertex 13 13.8582 5.74025
      vertex 16 14.204 4.82159
      vertex 13 14.204 4.82159
    endloop
  endfacet
  facet normal 0 -0.528116 0.849172
    outer loop
      vertex 13 -7.5 12.9904
      vertex 16 -8.33355 12.472
      vertex 16 -7.5 12.9904
    endloop
  endfacet
  facet normal 0 -0.528116 0.849172
    outer loop
      vertex 16 -8.33355 12.472
      vertex 13 -7.5 12.9904
      vertex 13 -8.33355 12.472
    endloop
  endfacet
  facet normal 0 0.973876 0.227082
    outer loop
      vertex 16 14.7118 2.92635
      vertex 13 14.4889 3.88229
      vertex 16 14.4889 3.88229
    endloop
  endfacet
  facet normal 0 0.973876 0.227082
    outer loop
      vertex 13 14.4889 3.88229
      vertex 16 14.7118 2.92635
      vertex 13 14.7118 2.92635
    endloop
  endfacet
  facet normal -0 0.290253 0.95695
    outer loop
      vertex 13 4.82159 14.204
      vertex 16 3.88229 14.4889
      vertex 16 4.82159 14.204
    endloop
  endfacet
  facet normal 0 0.290253 0.95695
    outer loop
      vertex 16 3.88229 14.4889
      vertex 13 4.82159 14.204
      vertex 13 3.88229 14.4889
    endloop
  endfacet
  facet normal 0 -0.849172 -0.528116
    outer loop
      vertex 13 -12.472 -8.33355
      vertex 16 -12.9904 -7.5
      vertex 13 -12.9904 -7.5
    endloop
  endfacet
  facet normal 0 -0.849172 -0.528116
    outer loop
      vertex 16 -12.9904 -7.5
      vertex 13 -12.472 -8.33355
      vertex 16 -12.472 -8.33355
    endloop
  endfacet
  facet normal 0 -0.412705 0.910865
    outer loop
      vertex 13 -5.74025 13.8582
      vertex 16 -6.63433 13.4531
      vertex 16 -5.74025 13.8582
    endloop
  endfacet
  facet normal 0 -0.412705 0.910865
    outer loop
      vertex 16 -6.63433 13.4531
      vertex 13 -5.74025 13.8582
      vertex 13 -6.63433 13.4531
    endloop
  endfacet
  facet normal 0 0.773014 -0.634389
    outer loop
      vertex 16 11.2776 -9.89019
      vertex 13 11.9003 -9.13142
      vertex 16 11.9003 -9.13142
    endloop
  endfacet
  facet normal 0 0.773014 -0.634389
    outer loop
      vertex 13 11.9003 -9.13142
      vertex 16 11.2776 -9.89019
      vertex 13 11.2776 -9.89019
    endloop
  endfacet
  facet normal 0 0.528116 -0.849172
    outer loop
      vertex 13 7.5 -12.9904
      vertex 16 8.33355 -12.472
      vertex 16 7.5 -12.9904
    endloop
  endfacet
  facet normal 0 0.528116 -0.849172
    outer loop
      vertex 16 8.33355 -12.472
      vertex 13 7.5 -12.9904
      vertex 13 8.33355 -12.472
    endloop
  endfacet
  facet normal 0 0.162902 -0.986642
    outer loop
      vertex 13 1.95789 -14.8717
      vertex 16 2.92635 -14.7118
      vertex 16 1.95789 -14.8717
    endloop
  endfacet
  facet normal 0 0.162902 -0.986642
    outer loop
      vertex 16 2.92635 -14.7118
      vertex 13 1.95789 -14.8717
      vertex 13 2.92635 -14.7118
    endloop
  endfacet
  facet normal 0 0.986642 0.162902
    outer loop
      vertex 16 14.8717 1.95789
      vertex 13 14.7118 2.92635
      vertex 16 14.7118 2.92635
    endloop
  endfacet
  facet normal 0 0.986642 0.162902
    outer loop
      vertex 13 14.7118 2.92635
      vertex 16 14.8717 1.95789
      vertex 13 14.8717 1.95789
    endloop
  endfacet
  facet normal 0 -0.72986 -0.683597
    outer loop
      vertex 13 -10.6066 -10.6066
      vertex 16 -11.2776 -9.89019
      vertex 13 -11.2776 -9.89019
    endloop
  endfacet
  facet normal 0 -0.72986 -0.683597
    outer loop
      vertex 16 -11.2776 -9.89019
      vertex 13 -10.6066 -10.6066
      vertex 16 -10.6066 -10.6066
    endloop
  endfacet
  facet normal 0 -0.973876 -0.227082
    outer loop
      vertex 13 -14.4889 -3.88229
      vertex 16 -14.7118 -2.92635
      vertex 13 -14.7118 -2.92635
    endloop
  endfacet
  facet normal 0 -0.973876 -0.227082
    outer loop
      vertex 16 -14.7118 -2.92635
      vertex 13 -14.4889 -3.88229
      vertex 16 -14.4889 -3.88229
    endloop
  endfacet
  facet normal 0 -0.162902 -0.986642
    outer loop
      vertex 13 -2.92635 -14.7118
      vertex 16 -1.95789 -14.8717
      vertex 16 -2.92635 -14.7118
    endloop
  endfacet
  facet normal -0 -0.162902 -0.986642
    outer loop
      vertex 16 -1.95789 -14.8717
      vertex 13 -2.92635 -14.7118
      vertex 13 -1.95789 -14.8717
    endloop
  endfacet
  facet normal 0 0.881926 -0.471389
    outer loop
      vertex 16 12.9904 -7.5
      vertex 13 13.4531 -6.63433
      vertex 16 13.4531 -6.63433
    endloop
  endfacet
  facet normal 0 0.881926 -0.471389
    outer loop
      vertex 13 13.4531 -6.63433
      vertex 16 12.9904 -7.5
      vertex 13 12.9904 -7.5
    endloop
  endfacet
  facet normal 0 -0.999465 0.0327026
    outer loop
      vertex 13 -15 0
      vertex 16 -14.9679 0.981047
      vertex 13 -14.9679 0.981047
    endloop
  endfacet
  facet normal 0 -0.999465 0.0327026
    outer loop
      vertex 16 -14.9679 0.981047
      vertex 13 -15 0
      vertex 16 -15 0
    endloop
  endfacet
  facet normal 0 -0.72986 0.683597
    outer loop
      vertex 13 -11.2776 9.89019
      vertex 16 -10.6066 10.6066
      vertex 13 -10.6066 10.6066
    endloop
  endfacet
  facet normal 0 -0.72986 0.683597
    outer loop
      vertex 16 -10.6066 10.6066
      vertex 13 -11.2776 9.89019
      vertex 16 -11.2776 9.89019
    endloop
  endfacet
  facet normal 0 -0.0980064 -0.995186
    outer loop
      vertex 13 -1.95789 -14.8717
      vertex 16 -0.981047 -14.9679
      vertex 16 -1.95789 -14.8717
    endloop
  endfacet
  facet normal -0 -0.0980064 -0.995186
    outer loop
      vertex 16 -0.981047 -14.9679
      vertex 13 -1.95789 -14.8717
      vertex 13 -0.981047 -14.9679
    endloop
  endfacet
  facet normal 0 0.290253 -0.95695
    outer loop
      vertex 13 3.88229 -14.4889
      vertex 16 4.82159 -14.204
      vertex 16 3.88229 -14.4889
    endloop
  endfacet
  facet normal 0 0.290253 -0.95695
    outer loop
      vertex 16 4.82159 -14.204
      vertex 13 3.88229 -14.4889
      vertex 13 4.82159 -14.204
    endloop
  endfacet
  facet normal 0 -0.582447 -0.812869
    outer loop
      vertex 13 -9.13142 -11.9003
      vertex 16 -8.33355 -12.472
      vertex 16 -9.13142 -11.9003
    endloop
  endfacet
  facet normal -0 -0.582447 -0.812869
    outer loop
      vertex 16 -8.33355 -12.472
      vertex 13 -9.13142 -11.9003
      vertex 13 -8.33355 -12.472
    endloop
  endfacet
  facet normal -0 0.0980064 0.995186
    outer loop
      vertex 13 1.95789 14.8717
      vertex 16 0.981047 14.9679
      vertex 16 1.95789 14.8717
    endloop
  endfacet
  facet normal 0 0.0980064 0.995186
    outer loop
      vertex 16 0.981047 14.9679
      vertex 13 1.95789 14.8717
      vertex 13 0.981047 14.9679
    endloop
  endfacet
  facet normal 0 0.352287 -0.935892
    outer loop
      vertex 13 4.82159 -14.204
      vertex 16 5.74025 -13.8582
      vertex 16 4.82159 -14.204
    endloop
  endfacet
  facet normal 0 0.352287 -0.935892
    outer loop
      vertex 16 5.74025 -13.8582
      vertex 13 4.82159 -14.204
      vertex 13 5.74025 -13.8582
    endloop
  endfacet
  facet normal 0 0.72986 -0.683597
    outer loop
      vertex 16 10.6066 -10.6066
      vertex 13 11.2776 -9.89019
      vertex 16 11.2776 -9.89019
    endloop
  endfacet
  facet normal 0 0.72986 -0.683597
    outer loop
      vertex 13 11.2776 -9.89019
      vertex 16 10.6066 -10.6066
      vertex 13 10.6066 -10.6066
    endloop
  endfacet
  facet normal 0 0.910865 0.412705
    outer loop
      vertex 16 13.8582 5.74025
      vertex 13 13.4531 6.63433
      vertex 16 13.4531 6.63433
    endloop
  endfacet
  facet normal 0 0.910865 0.412705
    outer loop
      vertex 13 13.4531 6.63433
      vertex 16 13.8582 5.74025
      vertex 13 13.8582 5.74025
    endloop
  endfacet
  facet normal 0 0.812869 0.582447
    outer loop
      vertex 16 12.472 8.33355
      vertex 13 11.9003 9.13142
      vertex 16 11.9003 9.13142
    endloop
  endfacet
  facet normal 0 0.812869 0.582447
    outer loop
      vertex 13 11.9003 9.13142
      vertex 16 12.472 8.33355
      vertex 13 12.472 8.33355
    endloop
  endfacet
  facet normal 0 -0.290253 -0.95695
    outer loop
      vertex 13 -4.82159 -14.204
      vertex 16 -3.88229 -14.4889
      vertex 16 -4.82159 -14.204
    endloop
  endfacet
  facet normal -0 -0.290253 -0.95695
    outer loop
      vertex 16 -3.88229 -14.4889
      vertex 13 -4.82159 -14.204
      vertex 13 -3.88229 -14.4889
    endloop
  endfacet
  facet normal 0 -0.773014 -0.634389
    outer loop
      vertex 13 -11.2776 -9.89019
      vertex 16 -11.9003 -9.13142
      vertex 13 -11.9003 -9.13142
    endloop
  endfacet
  facet normal 0 -0.773014 -0.634389
    outer loop
      vertex 16 -11.9003 -9.13142
      vertex 13 -11.2776 -9.89019
      vertex 16 -11.2776 -9.89019
    endloop
  endfacet
  facet normal 0 0.986642 -0.162902
    outer loop
      vertex 16 14.7118 -2.92635
      vertex 13 14.8717 -1.95789
      vertex 16 14.8717 -1.95789
    endloop
  endfacet
  facet normal 0 0.986642 -0.162902
    outer loop
      vertex 13 14.8717 -1.95789
      vertex 16 14.7118 -2.92635
      vertex 13 14.7118 -2.92635
    endloop
  endfacet
  facet normal 0 0.412705 -0.910865
    outer loop
      vertex 13 5.74025 -13.8582
      vertex 16 6.63433 -13.4531
      vertex 16 5.74025 -13.8582
    endloop
  endfacet
  facet normal 0 0.412705 -0.910865
    outer loop
      vertex 16 6.63433 -13.4531
      vertex 13 5.74025 -13.8582
      vertex 13 6.63433 -13.4531
    endloop
  endfacet
  facet normal 0 -0.881926 0.471389
    outer loop
      vertex 13 -13.4531 6.63433
      vertex 16 -12.9904 7.5
      vertex 13 -12.9904 7.5
    endloop
  endfacet
  facet normal 0 -0.881926 0.471389
    outer loop
      vertex 16 -12.9904 7.5
      vertex 13 -13.4531 6.63433
      vertex 16 -13.4531 6.63433
    endloop
  endfacet
  facet normal 0 -0.162902 0.986642
    outer loop
      vertex 13 -1.95789 14.8717
      vertex 16 -2.92635 14.7118
      vertex 16 -1.95789 14.8717
    endloop
  endfacet
  facet normal 0 -0.162902 0.986642
    outer loop
      vertex 16 -2.92635 14.7118
      vertex 13 -1.95789 14.8717
      vertex 13 -2.92635 14.7118
    endloop
  endfacet
  facet normal 0 0.471389 -0.881926
    outer loop
      vertex 13 6.63433 -13.4531
      vertex 16 7.5 -12.9904
      vertex 16 6.63433 -13.4531
    endloop
  endfacet
  facet normal 0 0.471389 -0.881926
    outer loop
      vertex 16 7.5 -12.9904
      vertex 13 6.63433 -13.4531
      vertex 13 7.5 -12.9904
    endloop
  endfacet
  facet normal 0 -0.471389 0.881926
    outer loop
      vertex 13 -6.63433 13.4531
      vertex 16 -7.5 12.9904
      vertex 16 -6.63433 13.4531
    endloop
  endfacet
  facet normal 0 -0.471389 0.881926
    outer loop
      vertex 16 -7.5 12.9904
      vertex 13 -6.63433 13.4531
      vertex 13 -7.5 12.9904
    endloop
  endfacet
  facet normal 0 -0.986642 0.162902
    outer loop
      vertex 13 -14.8717 1.95789
      vertex 16 -14.7118 2.92635
      vertex 13 -14.7118 2.92635
    endloop
  endfacet
  facet normal 0 -0.986642 0.162902
    outer loop
      vertex 16 -14.7118 2.92635
      vertex 13 -14.8717 1.95789
      vertex 16 -14.8717 1.95789
    endloop
  endfacet
  facet normal 0 0.773014 0.634389
    outer loop
      vertex 16 11.9003 9.13142
      vertex 13 11.2776 9.89019
      vertex 16 11.2776 9.89019
    endloop
  endfacet
  facet normal 0 0.773014 0.634389
    outer loop
      vertex 13 11.2776 9.89019
      vertex 16 11.9003 9.13142
      vertex 13 11.9003 9.13142
    endloop
  endfacet
  facet normal 0 -0.683597 -0.72986
    outer loop
      vertex 13 -10.6066 -10.6066
      vertex 16 -9.89019 -11.2776
      vertex 16 -10.6066 -10.6066
    endloop
  endfacet
  facet normal -0 -0.683597 -0.72986
    outer loop
      vertex 16 -9.89019 -11.2776
      vertex 13 -10.6066 -10.6066
      vertex 13 -9.89019 -11.2776
    endloop
  endfacet
  facet normal 0 0.935892 -0.352287
    outer loop
      vertex 16 13.8582 -5.74025
      vertex 13 14.204 -4.82159
      vertex 16 14.204 -4.82159
    endloop
  endfacet
  facet normal 0 0.935892 -0.352287
    outer loop
      vertex 13 14.204 -4.82159
      vertex 16 13.8582 -5.74025
      vertex 13 13.8582 -5.74025
    endloop
  endfacet
  facet normal 0 0.582447 -0.812869
    outer loop
      vertex 13 8.33355 -12.472
      vertex 16 9.13142 -11.9003
      vertex 16 8.33355 -12.472
    endloop
  endfacet
  facet normal 0 0.582447 -0.812869
    outer loop
      vertex 16 9.13142 -11.9003
      vertex 13 8.33355 -12.472
      vertex 13 9.13142 -11.9003
    endloop
  endfacet
  facet normal 0 -0.634389 -0.773014
    outer loop
      vertex 13 -9.89019 -11.2776
      vertex 16 -9.13142 -11.9003
      vertex 16 -9.89019 -11.2776
    endloop
  endfacet
  facet normal -0 -0.634389 -0.773014
    outer loop
      vertex 16 -9.13142 -11.9003
      vertex 13 -9.89019 -11.2776
      vertex 13 -9.13142 -11.9003
    endloop
  endfacet
  facet normal 0 -0.471389 -0.881926
    outer loop
      vertex 13 -7.5 -12.9904
      vertex 16 -6.63433 -13.4531
      vertex 16 -7.5 -12.9904
    endloop
  endfacet
  facet normal -0 -0.471389 -0.881926
    outer loop
      vertex 16 -6.63433 -13.4531
      vertex 13 -7.5 -12.9904
      vertex 13 -6.63433 -13.4531
    endloop
  endfacet
  facet normal 0 -0.582447 0.812869
    outer loop
      vertex 13 -8.33355 12.472
      vertex 16 -9.13142 11.9003
      vertex 16 -8.33355 12.472
    endloop
  endfacet
  facet normal 0 -0.582447 0.812869
    outer loop
      vertex 16 -9.13142 11.9003
      vertex 13 -8.33355 12.472
      vertex 13 -9.13142 11.9003
    endloop
  endfacet
  facet normal 1 0 0
    outer loop
      vertex 13 -1.5 -4.76717
      vertex 13 -1.56631 -11.8973
      vertex 13 -1.5 -11.9039
    endloop
  endfacet
  facet normal 1 0 0
    outer loop
      vertex 13 -3.85727 -11.3632
      vertex 13 -1.5 -4.76717
      vertex 13 -1.6072 -4.73465
    endloop
  endfacet
  facet normal 1 0 0
    outer loop
      vertex 13 -3.85727 -11.3632
      vertex 13 -1.6072 -4.73465
      vertex 13 -1.91342 -4.6194
    endloop
  endfacet
  facet normal 1 0 0
    outer loop
      vertex 13 -4.5922 -11.0866
      vertex 13 -1.91342 -4.6194
      vertex 13 -2.21144 -4.48436
    endloop
  endfacet
  facet normal 1 0 0
    outer loop
      vertex 13 -1.5 -4.76717
      vertex 13 -2.34108 -11.7694
      vertex 13 -1.56631 -11.8973
    endloop
  endfacet
  facet normal 1 0 0
    outer loop
      vertex 13 -5.30746 -10.7625
      vertex 13 -2.21144 -4.48436
      vertex 13 -2.5 -4.33013
    endloop
  endfacet
  facet normal 1 0 0
    outer loop
      vertex 13 -6 -10.3923
      vertex 13 -2.5 -4.33013
      vertex 13 -2.77785 -4.15735
    endloop
  endfacet
  facet normal 1 0 0
    outer loop
      vertex 13 -6.66684 -9.97763
      vertex 13 -2.77785 -4.15735
      vertex 13 -3.04381 -3.96677
    endloop
  endfacet
  facet normal 1 0 0
    outer loop
      vertex 13 -1.5 -4.76717
      vertex 13 -3.10583 -11.5911
      vertex 13 -2.34108 -11.7694
    endloop
  endfacet
  facet normal 1 0 0
    outer loop
      vertex 13 -7.30514 -9.52024
      vertex 13 -3.04381 -3.96677
      vertex 13 -3.29673 -3.7592
    endloop
  endfacet
  facet normal 1 0 0
    outer loop
      vertex 13 -7.91215 -9.02208
      vertex 13 -3.29673 -3.7592
      vertex 13 -3.53553 -3.53553
    endloop
  endfacet
  facet normal 1 0 0
    outer loop
      vertex 13 -8.48528 -8.48528
      vertex 13 -3.53553 -3.53553
      vertex 13 -3.7592 -3.29673
    endloop
  endfacet
  facet normal 1 0 0
    outer loop
      vertex 13 -1.5 -4.76717
      vertex 13 -3.85727 -11.3632
      vertex 13 -3.10583 -11.5911
    endloop
  endfacet
  facet normal 1 0 0
    outer loop
      vertex 13 -9.02208 -7.91215
      vertex 13 -3.7592 -3.29673
      vertex 13 -3.96677 -3.04381
    endloop
  endfacet
  facet normal 1 0 0
    outer loop
      vertex 13 -9.52024 -7.30514
      vertex 13 -3.96677 -3.04381
      vertex 13 -4.15735 -2.77785
    endloop
  endfacet
  facet normal 1 0 0
    outer loop
      vertex 13 -9.97763 -6.66684
      vertex 13 -4.15735 -2.77785
      vertex 13 -4.33013 -2.5
    endloop
  endfacet
  facet normal 1 0 0
    outer loop
      vertex 13 -10.3923 -6
      vertex 13 -4.33013 -2.5
      vertex 13 -4.48436 -2.21144
    endloop
  endfacet
  facet normal 1 0 0
    outer loop
      vertex 13 -1.91342 -4.6194
      vertex 13 -4.5922 -11.0866
      vertex 13 -3.85727 -11.3632
    endloop
  endfacet
  facet normal 1 0 0
    outer loop
      vertex 13 -10.7625 -5.30746
      vertex 13 -4.48436 -2.21144
      vertex 13 -4.6194 -1.91342
    endloop
  endfacet
  facet normal 1 0 0
    outer loop
      vertex 13 -11.0866 -4.5922
      vertex 13 -4.6194 -1.91342
      vertex 13 -4.73465 -1.6072
    endloop
  endfacet
  facet normal 1 0 0
    outer loop
      vertex 13 -11.3632 -3.85727
      vertex 13 -4.73465 -1.6072
      vertex 13 -4.76717 -1.5
    endloop
  endfacet
  facet normal 1 0 0
    outer loop
      vertex 13 -2.21144 -4.48436
      vertex 13 -5.30746 -10.7625
      vertex 13 -4.5922 -11.0866
    endloop
  endfacet
  facet normal 1 0 0
    outer loop
      vertex 13 -2.5 -4.33013
      vertex 13 -6 -10.3923
      vertex 13 -5.30746 -10.7625
    endloop
  endfacet
  facet normal 1 0 0
    outer loop
      vertex 13 -2.77785 -4.15735
      vertex 13 -6.66684 -9.97763
      vertex 13 -6 -10.3923
    endloop
  endfacet
  facet normal 1 0 0
    outer loop
      vertex 13 -3.04381 -3.96677
      vertex 13 -7.30514 -9.52024
      vertex 13 -6.66684 -9.97763
    endloop
  endfacet
  facet normal 1 0 0
    outer loop
      vertex 13 -3.29673 -3.7592
      vertex 13 -7.91215 -9.02208
      vertex 13 -7.30514 -9.52024
    endloop
  endfacet
  facet normal 1 0 0
    outer loop
      vertex 13 -3.53553 -3.53553
      vertex 13 -8.48528 -8.48528
      vertex 13 -7.91215 -9.02208
    endloop
  endfacet
  facet normal 1 0 0
    outer loop
      vertex 13 -3.7592 -3.29673
      vertex 13 -9.02208 -7.91215
      vertex 13 -8.48528 -8.48528
    endloop
  endfacet
  facet normal 1 0 0
    outer loop
      vertex 13 -3.96677 -3.04381
      vertex 13 -9.52024 -7.30514
      vertex 13 -9.02208 -7.91215
    endloop
  endfacet
  facet normal 1 0 0
    outer loop
      vertex 13 -4.15735 -2.77785
      vertex 13 -9.97763 -6.66684
      vertex 13 -9.52024 -7.30514
    endloop
  endfacet
  facet normal 1 0 0
    outer loop
      vertex 13 -4.33013 -2.5
      vertex 13 -10.3923 -6
      vertex 13 -9.97763 -6.66684
    endloop
  endfacet
  facet normal 1 0 0
    outer loop
      vertex 13 -4.48436 -2.21144
      vertex 13 -10.7625 -5.30746
      vertex 13 -10.3923 -6
    endloop
  endfacet
  facet normal 1 0 0
    outer loop
      vertex 13 -4.6194 -1.91342
      vertex 13 -11.0866 -4.5922
      vertex 13 -10.7625 -5.30746
    endloop
  endfacet
  facet normal 1 0 0
    outer loop
      vertex 13 -4.73465 -1.6072
      vertex 13 -11.3632 -3.85727
      vertex 13 -11.0866 -4.5922
    endloop
  endfacet
  facet normal 1 0 0
    outer loop
      vertex 13 -4.76717 -1.5
      vertex 13 -11.5911 -3.10583
      vertex 13 -11.3632 -3.85727
    endloop
  endfacet
  facet normal 1 0 0
    outer loop
      vertex 13 -4.76717 -1.5
      vertex 13 -11.7694 -2.34108
      vertex 13 -11.5911 -3.10583
    endloop
  endfacet
  facet normal 1 0 0
    outer loop
      vertex 13 -4.76717 -1.5
      vertex 13 -11.8973 -1.56631
      vertex 13 -11.7694 -2.34108
    endloop
  endfacet
  facet normal 1 0 -0
    outer loop
      vertex 13 -11.8973 -1.56631
      vertex 13 -4.76717 -1.5
      vertex 13 -11.9039 -1.5
    endloop
  endfacet
  facet normal 1 0 0
    outer loop
      vertex 13 4.76717 1.5
      vertex 13 11.8973 1.56631
      vertex 13 11.7694 2.34108
    endloop
  endfacet
  facet normal 1 0 0
    outer loop
      vertex 13 4.76717 1.5
      vertex 13 11.7694 2.34108
      vertex 13 11.5911 3.10583
    endloop
  endfacet
  facet normal 1 0 0
    outer loop
      vertex 13 4.76717 1.5
      vertex 13 11.5911 3.10583
      vertex 13 11.3632 3.85727
    endloop
  endfacet
  facet normal 1 0 0
    outer loop
      vertex 13 4.73465 1.6072
      vertex 13 11.3632 3.85727
      vertex 13 11.0866 4.5922
    endloop
  endfacet
  facet normal 1 0 0
    outer loop
      vertex 13 4.6194 1.91342
      vertex 13 11.0866 4.5922
      vertex 13 10.7625 5.30746
    endloop
  endfacet
  facet normal 1 0 0
    outer loop
      vertex 13 4.48436 2.21144
      vertex 13 10.7625 5.30746
      vertex 13 10.3923 6
    endloop
  endfacet
  facet normal 1 0 0
    outer loop
      vertex 13 4.33013 2.5
      vertex 13 10.3923 6
      vertex 13 9.97763 6.66684
    endloop
  endfacet
  facet normal 1 0 0
    outer loop
      vertex 13 4.15735 2.77785
      vertex 13 9.97763 6.66684
      vertex 13 9.52024 7.30514
    endloop
  endfacet
  facet normal 1 0 0
    outer loop
      vertex 13 3.96677 3.04381
      vertex 13 9.52024 7.30514
      vertex 13 9.02208 7.91215
    endloop
  endfacet
  facet normal 1 0 0
    outer loop
      vertex 13 3.7592 3.29673
      vertex 13 9.02208 7.91215
      vertex 13 8.48528 8.48528
    endloop
  endfacet
  facet normal 1 0 0
    outer loop
      vertex 13 3.53553 3.53553
      vertex 13 8.48528 8.48528
      vertex 13 7.91215 9.02208
    endloop
  endfacet
  facet normal 1 0 0
    outer loop
      vertex 13 3.29673 3.7592
      vertex 13 7.91215 9.02208
      vertex 13 7.30514 9.52024
    endloop
  endfacet
  facet normal 1 0 0
    outer loop
      vertex 13 3.04381 3.96677
      vertex 13 7.30514 9.52024
      vertex 13 6.66684 9.97763
    endloop
  endfacet
  facet normal 1 0 0
    outer loop
      vertex 13 2.77785 4.15735
      vertex 13 6.66684 9.97763
      vertex 13 6 10.3923
    endloop
  endfacet
  facet normal 1 0 0
    outer loop
      vertex 13 2.5 4.33013
      vertex 13 6 10.3923
      vertex 13 5.30746 10.7625
    endloop
  endfacet
  facet normal 1 0 0
    outer loop
      vertex 13 9.97763 6.66684
      vertex 13 4.15735 2.77785
      vertex 13 4.33013 2.5
    endloop
  endfacet
  facet normal 1 0 0
    outer loop
      vertex 13 11.8973 1.56631
      vertex 13 4.76717 1.5
      vertex 13 11.9039 1.5
    endloop
  endfacet
  facet normal 1 0 0
    outer loop
      vertex 13 11.3632 3.85727
      vertex 13 4.73465 1.6072
      vertex 13 4.76717 1.5
    endloop
  endfacet
  facet normal 1 0 0
    outer loop
      vertex 13 2.21144 4.48436
      vertex 13 5.30746 10.7625
      vertex 13 4.5922 11.0866
    endloop
  endfacet
  facet normal 1 0 0
    outer loop
      vertex 13 11.0866 4.5922
      vertex 13 4.6194 1.91342
      vertex 13 4.73465 1.6072
    endloop
  endfacet
  facet normal 1 0 0
    outer loop
      vertex 13 10.7625 5.30746
      vertex 13 4.48436 2.21144
      vertex 13 4.6194 1.91342
    endloop
  endfacet
  facet normal 1 0 0
    outer loop
      vertex 13 10.3923 6
      vertex 13 4.33013 2.5
      vertex 13 4.48436 2.21144
    endloop
  endfacet
  facet normal 1 0 0
    outer loop
      vertex 13 9.52024 7.30514
      vertex 13 3.96677 3.04381
      vertex 13 4.15735 2.77785
    endloop
  endfacet
  facet normal 1 0 0
    outer loop
      vertex 13 1.91342 4.6194
      vertex 13 4.5922 11.0866
      vertex 13 3.85727 11.3632
    endloop
  endfacet
  facet normal 1 0 0
    outer loop
      vertex 13 9.02208 7.91215
      vertex 13 3.7592 3.29673
      vertex 13 3.96677 3.04381
    endloop
  endfacet
  facet normal 1 0 0
    outer loop
      vertex 13 8.48528 8.48528
      vertex 13 3.53553 3.53553
      vertex 13 3.7592 3.29673
    endloop
  endfacet
  facet normal 1 0 0
    outer loop
      vertex 13 7.91215 9.02208
      vertex 13 3.29673 3.7592
      vertex 13 3.53553 3.53553
    endloop
  endfacet
  facet normal 1 0 0
    outer loop
      vertex 13 1.5 4.76717
      vertex 13 3.85727 11.3632
      vertex 13 3.10583 11.5911
    endloop
  endfacet
  facet normal 1 0 0
    outer loop
      vertex 13 7.30514 9.52024
      vertex 13 3.04381 3.96677
      vertex 13 3.29673 3.7592
    endloop
  endfacet
  facet normal 1 0 0
    outer loop
      vertex 13 6.66684 9.97763
      vertex 13 2.77785 4.15735
      vertex 13 3.04381 3.96677
    endloop
  endfacet
  facet normal 1 0 0
    outer loop
      vertex 13 6 10.3923
      vertex 13 2.5 4.33013
      vertex 13 2.77785 4.15735
    endloop
  endfacet
  facet normal 1 0 0
    outer loop
      vertex 13 1.5 4.76717
      vertex 13 3.10583 11.5911
      vertex 13 2.34108 11.7694
    endloop
  endfacet
  facet normal 1 0 0
    outer loop
      vertex 13 5.30746 10.7625
      vertex 13 2.21144 4.48436
      vertex 13 2.5 4.33013
    endloop
  endfacet
  facet normal 1 0 0
    outer loop
      vertex 13 4.5922 11.0866
      vertex 13 1.91342 4.6194
      vertex 13 2.21144 4.48436
    endloop
  endfacet
  facet normal 1 0 0
    outer loop
      vertex 13 3.85727 11.3632
      vertex 13 1.6072 4.73465
      vertex 13 1.91342 4.6194
    endloop
  endfacet
  facet normal 1 0 0
    outer loop
      vertex 13 1.5 4.76717
      vertex 13 2.34108 11.7694
      vertex 13 1.56631 11.8973
    endloop
  endfacet
  facet normal 1 0 0
    outer loop
      vertex 13 1.5 4.76717
      vertex 13 1.56631 11.8973
      vertex 13 1.5 11.9039
    endloop
  endfacet
  facet normal 1 0 0
    outer loop
      vertex 13 3.85727 11.3632
      vertex 13 1.5 4.76717
      vertex 13 1.6072 4.73465
    endloop
  endfacet
  facet normal 1 -0 0
    outer loop
      vertex 13 -1.56631 11.8973
      vertex 13 -1.5 4.76717
      vertex 13 -1.5 11.9039
    endloop
  endfacet
  facet normal 1 -0 0
    outer loop
      vertex 13 -2.34108 11.7694
      vertex 13 -1.5 4.76717
      vertex 13 -1.56631 11.8973
    endloop
  endfacet
  facet normal 1 -0 0
    outer loop
      vertex 13 -3.10583 11.5911
      vertex 13 -1.5 4.76717
      vertex 13 -2.34108 11.7694
    endloop
  endfacet
  facet normal 1 -0 0
    outer loop
      vertex 13 -3.85727 11.3632
      vertex 13 -1.5 4.76717
      vertex 13 -3.10583 11.5911
    endloop
  endfacet
  facet normal 1 0 0
    outer loop
      vertex 13 -1.5 4.76717
      vertex 13 -3.85727 11.3632
      vertex 13 -1.6072 4.73465
    endloop
  endfacet
  facet normal 1 0 0
    outer loop
      vertex 13 -1.6072 4.73465
      vertex 13 -3.85727 11.3632
      vertex 13 -1.91342 4.6194
    endloop
  endfacet
  facet normal 1 -0 0
    outer loop
      vertex 13 -4.5922 11.0866
      vertex 13 -1.91342 4.6194
      vertex 13 -3.85727 11.3632
    endloop
  endfacet
  facet normal 1 0 0
    outer loop
      vertex 13 -1.91342 4.6194
      vertex 13 -4.5922 11.0866
      vertex 13 -2.21144 4.48436
    endloop
  endfacet
  facet normal 1 -0 0
    outer loop
      vertex 13 -5.30746 10.7625
      vertex 13 -2.21144 4.48436
      vertex 13 -4.5922 11.0866
    endloop
  endfacet
  facet normal 1 0 0
    outer loop
      vertex 13 -2.21144 4.48436
      vertex 13 -5.30746 10.7625
      vertex 13 -2.5 4.33013
    endloop
  endfacet
  facet normal 1 -0 0
    outer loop
      vertex 13 -6 10.3923
      vertex 13 -2.5 4.33013
      vertex 13 -5.30746 10.7625
    endloop
  endfacet
  facet normal 1 0 0
    outer loop
      vertex 13 -2.5 4.33013
      vertex 13 -6 10.3923
      vertex 13 -2.77785 4.15735
    endloop
  endfacet
  facet normal 1 -0 0
    outer loop
      vertex 13 -6.66684 9.97763
      vertex 13 -2.77785 4.15735
      vertex 13 -6 10.3923
    endloop
  endfacet
  facet normal 1 0 0
    outer loop
      vertex 13 -2.77785 4.15735
      vertex 13 -6.66684 9.97763
      vertex 13 -3.04381 3.96677
    endloop
  endfacet
  facet normal 1 -0 0
    outer loop
      vertex 13 -7.30514 9.52024
      vertex 13 -3.04381 3.96677
      vertex 13 -6.66684 9.97763
    endloop
  endfacet
  facet normal 1 0 0
    outer loop
      vertex 13 -3.04381 3.96677
      vertex 13 -7.30514 9.52024
      vertex 13 -3.29673 3.7592
    endloop
  endfacet
  facet normal 1 -0 0
    outer loop
      vertex 13 -7.91215 9.02208
      vertex 13 -3.29673 3.7592
      vertex 13 -7.30514 9.52024
    endloop
  endfacet
  facet normal 1 0 0
    outer loop
      vertex 13 -3.29673 3.7592
      vertex 13 -7.91215 9.02208
      vertex 13 -3.53553 3.53553
    endloop
  endfacet
  facet normal 1 -0 0
    outer loop
      vertex 13 -8.48528 8.48528
      vertex 13 -3.53553 3.53553
      vertex 13 -7.91215 9.02208
    endloop
  endfacet
  facet normal 1 0 0
    outer loop
      vertex 13 -3.53553 3.53553
      vertex 13 -8.48528 8.48528
      vertex 13 -3.7592 3.29673
    endloop
  endfacet
  facet normal 1 -0 0
    outer loop
      vertex 13 -9.02208 7.91215
      vertex 13 -3.7592 3.29673
      vertex 13 -8.48528 8.48528
    endloop
  endfacet
  facet normal 1 0 0
    outer loop
      vertex 13 -3.7592 3.29673
      vertex 13 -9.02208 7.91215
      vertex 13 -3.96677 3.04381
    endloop
  endfacet
  facet normal 1 -0 0
    outer loop
      vertex 13 -9.52024 7.30514
      vertex 13 -3.96677 3.04381
      vertex 13 -9.02208 7.91215
    endloop
  endfacet
  facet normal 1 0 0
    outer loop
      vertex 13 -3.96677 3.04381
      vertex 13 -9.52024 7.30514
      vertex 13 -4.15735 2.77785
    endloop
  endfacet
  facet normal 1 -0 0
    outer loop
      vertex 13 -9.97763 6.66684
      vertex 13 -4.15735 2.77785
      vertex 13 -9.52024 7.30514
    endloop
  endfacet
  facet normal 1 0 0
    outer loop
      vertex 13 -4.15735 2.77785
      vertex 13 -9.97763 6.66684
      vertex 13 -4.33013 2.5
    endloop
  endfacet
  facet normal 1 -0 0
    outer loop
      vertex 13 -10.3923 6
      vertex 13 -4.33013 2.5
      vertex 13 -9.97763 6.66684
    endloop
  endfacet
  facet normal 1 0 0
    outer loop
      vertex 13 -4.33013 2.5
      vertex 13 -10.3923 6
      vertex 13 -4.48436 2.21144
    endloop
  endfacet
  facet normal 1 -0 0
    outer loop
      vertex 13 -10.7625 5.30746
      vertex 13 -4.48436 2.21144
      vertex 13 -10.3923 6
    endloop
  endfacet
  facet normal 1 0 0
    outer loop
      vertex 13 -4.48436 2.21144
      vertex 13 -10.7625 5.30746
      vertex 13 -4.6194 1.91342
    endloop
  endfacet
  facet normal 1 -0 0
    outer loop
      vertex 13 -11.0866 4.5922
      vertex 13 -4.6194 1.91342
      vertex 13 -10.7625 5.30746
    endloop
  endfacet
  facet normal 1 0 0
    outer loop
      vertex 13 -4.6194 1.91342
      vertex 13 -11.0866 4.5922
      vertex 13 -4.73465 1.6072
    endloop
  endfacet
  facet normal 1 -0 0
    outer loop
      vertex 13 -11.3632 3.85727
      vertex 13 -4.73465 1.6072
      vertex 13 -11.0866 4.5922
    endloop
  endfacet
  facet normal 1 0 0
    outer loop
      vertex 13 -4.73465 1.6072
      vertex 13 -11.3632 3.85727
      vertex 13 -4.76717 1.5
    endloop
  endfacet
  facet normal 1 -0 0
    outer loop
      vertex 13 -11.5911 3.10583
      vertex 13 -4.76717 1.5
      vertex 13 -11.3632 3.85727
    endloop
  endfacet
  facet normal 1 -0 0
    outer loop
      vertex 13 -11.7694 2.34108
      vertex 13 -4.76717 1.5
      vertex 13 -11.5911 3.10583
    endloop
  endfacet
  facet normal 1 -0 0
    outer loop
      vertex 13 -11.8973 1.56631
      vertex 13 -4.76717 1.5
      vertex 13 -11.7694 2.34108
    endloop
  endfacet
  facet normal 1 0 0
    outer loop
      vertex 13 -4.76717 1.5
      vertex 13 -11.8973 1.56631
      vertex 13 -11.9039 1.5
    endloop
  endfacet
  facet normal 1 -0 0
    outer loop
      vertex 13 4.76717 -1.5
      vertex 13 11.8973 -1.56631
      vertex 13 11.9039 -1.5
    endloop
  endfacet
  facet normal 1 0 0
    outer loop
      vertex 13 11.8973 -1.56631
      vertex 13 4.76717 -1.5
      vertex 13 11.7694 -2.34108
    endloop
  endfacet
  facet normal 1 0 0
    outer loop
      vertex 13 11.7694 -2.34108
      vertex 13 4.76717 -1.5
      vertex 13 11.5911 -3.10583
    endloop
  endfacet
  facet normal 1 0 0
    outer loop
      vertex 13 11.5911 -3.10583
      vertex 13 4.76717 -1.5
      vertex 13 11.3632 -3.85727
    endloop
  endfacet
  facet normal 1 -0 0
    outer loop
      vertex 13 4.73465 -1.6072
      vertex 13 11.3632 -3.85727
      vertex 13 4.76717 -1.5
    endloop
  endfacet
  facet normal 1 0 0
    outer loop
      vertex 13 11.3632 -3.85727
      vertex 13 4.73465 -1.6072
      vertex 13 11.0866 -4.5922
    endloop
  endfacet
  facet normal 1 0 0
    outer loop
      vertex 13 11.0866 -4.5922
      vertex 13 4.6194 -1.91342
      vertex 13 10.7625 -5.30746
    endloop
  endfacet
  facet normal 1 0 0
    outer loop
      vertex 13 10.7625 -5.30746
      vertex 13 4.48436 -2.21144
      vertex 13 10.3923 -6
    endloop
  endfacet
  facet normal 1 -0 0
    outer loop
      vertex 13 4.33013 -2.5
      vertex 13 10.3923 -6
      vertex 13 4.48436 -2.21144
    endloop
  endfacet
  facet normal 1 -0 0
    outer loop
      vertex 13 4.15735 -2.77785
      vertex 13 9.97763 -6.66684
      vertex 13 4.33013 -2.5
    endloop
  endfacet
  facet normal 1 0 0
    outer loop
      vertex 13 9.97763 -6.66684
      vertex 13 4.15735 -2.77785
      vertex 13 9.52024 -7.30514
    endloop
  endfacet
  facet normal 1 0 0
    outer loop
      vertex 13 9.52024 -7.30514
      vertex 13 3.96677 -3.04381
      vertex 13 9.02208 -7.91215
    endloop
  endfacet
  facet normal 1 -0 0
    outer loop
      vertex 13 3.7592 -3.29673
      vertex 13 9.02208 -7.91215
      vertex 13 3.96677 -3.04381
    endloop
  endfacet
  facet normal 1 -0 0
    outer loop
      vertex 13 3.53553 -3.53553
      vertex 13 8.48528 -8.48528
      vertex 13 3.7592 -3.29673
    endloop
  endfacet
  facet normal 1 0 0
    outer loop
      vertex 13 8.48528 -8.48528
      vertex 13 3.53553 -3.53553
      vertex 13 7.91215 -9.02208
    endloop
  endfacet
  facet normal 1 -0 0
    outer loop
      vertex 13 4.6194 -1.91342
      vertex 13 11.0866 -4.5922
      vertex 13 4.73465 -1.6072
    endloop
  endfacet
  facet normal 1 -0 0
    outer loop
      vertex 13 4.48436 -2.21144
      vertex 13 10.7625 -5.30746
      vertex 13 4.6194 -1.91342
    endloop
  endfacet
  facet normal 1 0 0
    outer loop
      vertex 13 10.3923 -6
      vertex 13 4.33013 -2.5
      vertex 13 9.97763 -6.66684
    endloop
  endfacet
  facet normal 1 -0 0
    outer loop
      vertex 13 3.96677 -3.04381
      vertex 13 9.52024 -7.30514
      vertex 13 4.15735 -2.77785
    endloop
  endfacet
  facet normal 1 0 0
    outer loop
      vertex 13 9.02208 -7.91215
      vertex 13 3.7592 -3.29673
      vertex 13 8.48528 -8.48528
    endloop
  endfacet
  facet normal 1 -0 0
    outer loop
      vertex 13 3.29673 -3.7592
      vertex 13 7.91215 -9.02208
      vertex 13 3.53553 -3.53553
    endloop
  endfacet
  facet normal 1 0 0
    outer loop
      vertex 13 7.91215 -9.02208
      vertex 13 3.29673 -3.7592
      vertex 13 7.30514 -9.52024
    endloop
  endfacet
  facet normal 1 -0 0
    outer loop
      vertex 13 3.04381 -3.96677
      vertex 13 7.30514 -9.52024
      vertex 13 3.29673 -3.7592
    endloop
  endfacet
  facet normal 1 0 0
    outer loop
      vertex 13 7.30514 -9.52024
      vertex 13 3.04381 -3.96677
      vertex 13 6.66684 -9.97763
    endloop
  endfacet
  facet normal 1 -0 0
    outer loop
      vertex 13 2.77785 -4.15735
      vertex 13 6.66684 -9.97763
      vertex 13 3.04381 -3.96677
    endloop
  endfacet
  facet normal 1 0 0
    outer loop
      vertex 13 6.66684 -9.97763
      vertex 13 2.77785 -4.15735
      vertex 13 6 -10.3923
    endloop
  endfacet
  facet normal 1 -0 0
    outer loop
      vertex 13 2.5 -4.33013
      vertex 13 6 -10.3923
      vertex 13 2.77785 -4.15735
    endloop
  endfacet
  facet normal 1 0 0
    outer loop
      vertex 13 6 -10.3923
      vertex 13 2.5 -4.33013
      vertex 13 5.30746 -10.7625
    endloop
  endfacet
  facet normal 1 -0 0
    outer loop
      vertex 13 2.21144 -4.48436
      vertex 13 5.30746 -10.7625
      vertex 13 2.5 -4.33013
    endloop
  endfacet
  facet normal 1 0 0
    outer loop
      vertex 13 5.30746 -10.7625
      vertex 13 2.21144 -4.48436
      vertex 13 4.5922 -11.0866
    endloop
  endfacet
  facet normal 1 -0 0
    outer loop
      vertex 13 1.91342 -4.6194
      vertex 13 4.5922 -11.0866
      vertex 13 2.21144 -4.48436
    endloop
  endfacet
  facet normal 1 0 0
    outer loop
      vertex 13 4.5922 -11.0866
      vertex 13 1.91342 -4.6194
      vertex 13 3.85727 -11.3632
    endloop
  endfacet
  facet normal 1 -0 0
    outer loop
      vertex 13 1.6072 -4.73465
      vertex 13 3.85727 -11.3632
      vertex 13 1.91342 -4.6194
    endloop
  endfacet
  facet normal 1 -0 0
    outer loop
      vertex 13 1.5 -4.76717
      vertex 13 3.85727 -11.3632
      vertex 13 1.6072 -4.73465
    endloop
  endfacet
  facet normal 1 0 0
    outer loop
      vertex 13 3.85727 -11.3632
      vertex 13 1.5 -4.76717
      vertex 13 3.10583 -11.5911
    endloop
  endfacet
  facet normal 1 0 0
    outer loop
      vertex 13 3.10583 -11.5911
      vertex 13 1.5 -4.76717
      vertex 13 2.34108 -11.7694
    endloop
  endfacet
  facet normal 1 0 0
    outer loop
      vertex 13 2.34108 -11.7694
      vertex 13 1.5 -4.76717
      vertex 13 1.56631 -11.8973
    endloop
  endfacet
  facet normal 1 0 0
    outer loop
      vertex 13 1.56631 -11.8973
      vertex 13 1.5 -4.76717
      vertex 13 1.5 -11.9039
    endloop
  endfacet
  facet normal -1 0 0
    outer loop
      vertex 13 12.5 0
      vertex 13 15 0
      vertex 13 14.9679 -0.981047
    endloop
  endfacet
  facet normal -1 0 0
    outer loop
      vertex 13 12.4732 -0.817538
      vertex 13 14.9679 -0.981047
      vertex 13 14.8717 -1.95789
    endloop
  endfacet
  facet normal -1 0 0
    outer loop
      vertex 13 15 0
      vertex 13 12.5 0
      vertex 13 14.9679 0.981047
    endloop
  endfacet
  facet normal -1 0 0
    outer loop
      vertex 13 12.3931 -1.63158
      vertex 13 14.8717 -1.95789
      vertex 13 14.7118 -2.92635
    endloop
  endfacet
  facet normal -1 0 0
    outer loop
      vertex 13 12.4732 0.817538
      vertex 13 14.9679 0.981047
      vertex 13 12.5 0
    endloop
  endfacet
  facet normal -1 0 0
    outer loop
      vertex 13 12.2598 -2.43863
      vertex 13 14.7118 -2.92635
      vertex 13 14.4889 -3.88229
    endloop
  endfacet
  facet normal -1 -0 0
    outer loop
      vertex 13 14.9679 0.981047
      vertex 13 12.4732 0.817538
      vertex 13 14.8717 1.95789
    endloop
  endfacet
  facet normal -1 0 0
    outer loop
      vertex 13 12.0741 -3.23524
      vertex 13 14.4889 -3.88229
      vertex 13 14.204 -4.82159
    endloop
  endfacet
  facet normal -1 0 0
    outer loop
      vertex 13 12.3931 1.63158
      vertex 13 14.8717 1.95789
      vertex 13 12.4732 0.817538
    endloop
  endfacet
  facet normal -1 0 0
    outer loop
      vertex 13 11.8366 -4.01799
      vertex 13 14.204 -4.82159
      vertex 13 13.8582 -5.74025
    endloop
  endfacet
  facet normal -1 -0 0
    outer loop
      vertex 13 14.8717 1.95789
      vertex 13 12.3931 1.63158
      vertex 13 14.7118 2.92635
    endloop
  endfacet
  facet normal -1 0 0
    outer loop
      vertex 13 11.5485 -4.78354
      vertex 13 13.8582 -5.74025
      vertex 13 13.4531 -6.63433
    endloop
  endfacet
  facet normal -1 0 0
    outer loop
      vertex 13 12.2598 2.43863
      vertex 13 14.7118 2.92635
      vertex 13 12.3931 1.63158
    endloop
  endfacet
  facet normal -1 0 0
    outer loop
      vertex 13 11.2109 -5.52861
      vertex 13 13.4531 -6.63433
      vertex 13 12.9904 -7.5
    endloop
  endfacet
  facet normal -1 -0 0
    outer loop
      vertex 13 14.7118 2.92635
      vertex 13 12.2598 2.43863
      vertex 13 14.4889 3.88229
    endloop
  endfacet
  facet normal -1 0 0
    outer loop
      vertex 13 12.0741 3.23524
      vertex 13 14.4889 3.88229
      vertex 13 12.2598 2.43863
    endloop
  endfacet
  facet normal -1 0 0
    outer loop
      vertex 13 14.9679 -0.981047
      vertex 13 12.4732 -0.817538
      vertex 13 12.5 0
    endloop
  endfacet
  facet normal -1 0 0
    outer loop
      vertex 13 10.8253 -6.25
      vertex 13 12.9904 -7.5
      vertex 13 12.472 -8.33355
    endloop
  endfacet
  facet normal -1 0 0
    outer loop
      vertex 13 14.8717 -1.95789
      vertex 13 12.3931 -1.63158
      vertex 13 12.4732 -0.817538
    endloop
  endfacet
  facet normal -1 0 0
    outer loop
      vertex 13 14.7118 -2.92635
      vertex 13 12.2598 -2.43863
      vertex 13 12.3931 -1.63158
    endloop
  endfacet
  facet normal -1 0 0
    outer loop
      vertex 13 14.4889 -3.88229
      vertex 13 12.0741 -3.23524
      vertex 13 12.2598 -2.43863
    endloop
  endfacet
  facet normal -1 0 0
    outer loop
      vertex 13 10.3934 -6.94463
      vertex 13 12.472 -8.33355
      vertex 13 11.9003 -9.13142
    endloop
  endfacet
  facet normal -1 0 0
    outer loop
      vertex 13 14.204 -4.82159
      vertex 13 11.8366 -4.01799
      vertex 13 12.0741 -3.23524
    endloop
  endfacet
  facet normal -1 0 0
    outer loop
      vertex 13 13.8582 -5.74025
      vertex 13 11.5485 -4.78354
      vertex 13 11.8366 -4.01799
    endloop
  endfacet
  facet normal -1 0 0
    outer loop
      vertex 13 9.91692 -7.60952
      vertex 13 11.9003 -9.13142
      vertex 13 11.2776 -9.89019
    endloop
  endfacet
  facet normal -1 0 0
    outer loop
      vertex 13 13.4531 -6.63433
      vertex 13 11.2109 -5.52861
      vertex 13 11.5485 -4.78354
    endloop
  endfacet
  facet normal -1 0 0
    outer loop
      vertex 13 12.9904 -7.5
      vertex 13 10.8253 -6.25
      vertex 13 11.2109 -5.52861
    endloop
  endfacet
  facet normal -1 0 0
    outer loop
      vertex 13 9.398 -8.24182
      vertex 13 11.2776 -9.89019
      vertex 13 10.6066 -10.6066
    endloop
  endfacet
  facet normal -1 0 0
    outer loop
      vertex 13 12.472 -8.33355
      vertex 13 10.3934 -6.94463
      vertex 13 10.8253 -6.25
    endloop
  endfacet
  facet normal -1 0 0
    outer loop
      vertex 13 11.9003 -9.13142
      vertex 13 9.91692 -7.60952
      vertex 13 10.3934 -6.94463
    endloop
  endfacet
  facet normal -1 0 0
    outer loop
      vertex 13 8.83883 -8.83883
      vertex 13 10.6066 -10.6066
      vertex 13 9.89019 -11.2776
    endloop
  endfacet
  facet normal -1 0 0
    outer loop
      vertex 13 11.2776 -9.89019
      vertex 13 9.398 -8.24182
      vertex 13 9.91692 -7.60952
    endloop
  endfacet
  facet normal -1 0 0
    outer loop
      vertex 13 8.24182 -9.398
      vertex 13 9.89019 -11.2776
      vertex 13 9.13142 -11.9003
    endloop
  endfacet
  facet normal -1 0 0
    outer loop
      vertex 13 10.6066 -10.6066
      vertex 13 8.83883 -8.83883
      vertex 13 9.398 -8.24182
    endloop
  endfacet
  facet normal -1 0 0
    outer loop
      vertex 13 7.60952 -9.91692
      vertex 13 9.13142 -11.9003
      vertex 13 8.33355 -12.472
    endloop
  endfacet
  facet normal -1 0 0
    outer loop
      vertex 13 9.89019 -11.2776
      vertex 13 8.24182 -9.398
      vertex 13 8.83883 -8.83883
    endloop
  endfacet
  facet normal -1 0 0
    outer loop
      vertex 13 9.13142 -11.9003
      vertex 13 7.60952 -9.91692
      vertex 13 8.24182 -9.398
    endloop
  endfacet
  facet normal -1 0 0
    outer loop
      vertex 13 6.94463 -10.3934
      vertex 13 8.33355 -12.472
      vertex 13 7.5 -12.9904
    endloop
  endfacet
  facet normal -1 0 0
    outer loop
      vertex 13 8.33355 -12.472
      vertex 13 6.94463 -10.3934
      vertex 13 7.60952 -9.91692
    endloop
  endfacet
  facet normal -1 0 0
    outer loop
      vertex 13 6.25 -10.8253
      vertex 13 7.5 -12.9904
      vertex 13 6.63433 -13.4531
    endloop
  endfacet
  facet normal -1 0 0
    outer loop
      vertex 13 7.5 -12.9904
      vertex 13 6.25 -10.8253
      vertex 13 6.94463 -10.3934
    endloop
  endfacet
  facet normal -1 0 0
    outer loop
      vertex 13 5.52861 -11.2109
      vertex 13 6.63433 -13.4531
      vertex 13 5.74025 -13.8582
    endloop
  endfacet
  facet normal -1 0 0
    outer loop
      vertex 13 6.63433 -13.4531
      vertex 13 5.52861 -11.2109
      vertex 13 6.25 -10.8253
    endloop
  endfacet
  facet normal -1 0 0
    outer loop
      vertex 13 4.78354 -11.5485
      vertex 13 5.74025 -13.8582
      vertex 13 4.82159 -14.204
    endloop
  endfacet
  facet normal -1 0 0
    outer loop
      vertex 13 5.74025 -13.8582
      vertex 13 4.78354 -11.5485
      vertex 13 5.52861 -11.2109
    endloop
  endfacet
  facet normal -1 0 0
    outer loop
      vertex 13 4.82159 -14.204
      vertex 13 4.01799 -11.8366
      vertex 13 4.78354 -11.5485
    endloop
  endfacet
  facet normal -1 0 0
    outer loop
      vertex 13 3.88229 -14.4889
      vertex 13 4.01799 -11.8366
      vertex 13 4.82159 -14.204
    endloop
  endfacet
  facet normal -1 0 0
    outer loop
      vertex 13 3.88229 -14.4889
      vertex 13 3.23524 -12.0741
      vertex 13 4.01799 -11.8366
    endloop
  endfacet
  facet normal -1 0 0
    outer loop
      vertex 13 2.92635 -14.7118
      vertex 13 3.23524 -12.0741
      vertex 13 3.88229 -14.4889
    endloop
  endfacet
  facet normal -1 0 0
    outer loop
      vertex 13 2.92635 -14.7118
      vertex 13 2.43863 -12.2598
      vertex 13 3.23524 -12.0741
    endloop
  endfacet
  facet normal -1 0 0
    outer loop
      vertex 13 1.95789 -14.8717
      vertex 13 2.43863 -12.2598
      vertex 13 2.92635 -14.7118
    endloop
  endfacet
  facet normal -1 0 0
    outer loop
      vertex 13 1.95789 -14.8717
      vertex 13 1.63158 -12.3931
      vertex 13 2.43863 -12.2598
    endloop
  endfacet
  facet normal -1 0 0
    outer loop
      vertex 13 0.981047 -14.9679
      vertex 13 1.63158 -12.3931
      vertex 13 1.95789 -14.8717
    endloop
  endfacet
  facet normal -1 0 0
    outer loop
      vertex 13 0.981047 -14.9679
      vertex 13 0.817538 -12.4732
      vertex 13 1.63158 -12.3931
    endloop
  endfacet
  facet normal -1 0 0
    outer loop
      vertex 13 0 -15
      vertex 13 0.817538 -12.4732
      vertex 13 0.981047 -14.9679
    endloop
  endfacet
  facet normal -1 0 0
    outer loop
      vertex 13 0 -15
      vertex 13 0 -12.5
      vertex 13 0.817538 -12.4732
    endloop
  endfacet
  facet normal -1 0 0
    outer loop
      vertex 13 0 -15
      vertex 13 -0.817538 -12.4732
      vertex 13 0 -12.5
    endloop
  endfacet
  facet normal -1 0 0
    outer loop
      vertex 13 -0.981047 -14.9679
      vertex 13 -0.817538 -12.4732
      vertex 13 0 -15
    endloop
  endfacet
  facet normal -1 0 0
    outer loop
      vertex 13 -0.981047 -14.9679
      vertex 13 -1.63158 -12.3931
      vertex 13 -0.817538 -12.4732
    endloop
  endfacet
  facet normal -1 0 0
    outer loop
      vertex 13 -1.95789 -14.8717
      vertex 13 -1.63158 -12.3931
      vertex 13 -0.981047 -14.9679
    endloop
  endfacet
  facet normal -1 0 0
    outer loop
      vertex 13 -1.95789 -14.8717
      vertex 13 -2.43863 -12.2598
      vertex 13 -1.63158 -12.3931
    endloop
  endfacet
  facet normal -1 0 0
    outer loop
      vertex 13 -2.92635 -14.7118
      vertex 13 -2.43863 -12.2598
      vertex 13 -1.95789 -14.8717
    endloop
  endfacet
  facet normal -1 0 0
    outer loop
      vertex 13 -2.92635 -14.7118
      vertex 13 -3.23524 -12.0741
      vertex 13 -2.43863 -12.2598
    endloop
  endfacet
  facet normal -1 0 0
    outer loop
      vertex 13 -3.88229 -14.4889
      vertex 13 -3.23524 -12.0741
      vertex 13 -2.92635 -14.7118
    endloop
  endfacet
  facet normal -1 0 0
    outer loop
      vertex 13 -3.88229 -14.4889
      vertex 13 -4.01799 -11.8366
      vertex 13 -3.23524 -12.0741
    endloop
  endfacet
  facet normal -1 0 0
    outer loop
      vertex 13 -4.82159 -14.204
      vertex 13 -4.01799 -11.8366
      vertex 13 -3.88229 -14.4889
    endloop
  endfacet
  facet normal -1 -0 0
    outer loop
      vertex 13 -4.01799 -11.8366
      vertex 13 -4.82159 -14.204
      vertex 13 -4.78354 -11.5485
    endloop
  endfacet
  facet normal -1 0 0
    outer loop
      vertex 13 -5.74025 -13.8582
      vertex 13 -4.78354 -11.5485
      vertex 13 -4.82159 -14.204
    endloop
  endfacet
  facet normal -1 -0 0
    outer loop
      vertex 13 -4.78354 -11.5485
      vertex 13 -5.74025 -13.8582
      vertex 13 -5.52861 -11.2109
    endloop
  endfacet
  facet normal -1 0 0
    outer loop
      vertex 13 -6.63433 -13.4531
      vertex 13 -5.52861 -11.2109
      vertex 13 -5.74025 -13.8582
    endloop
  endfacet
  facet normal -1 -0 0
    outer loop
      vertex 13 -5.52861 -11.2109
      vertex 13 -6.63433 -13.4531
      vertex 13 -6.25 -10.8253
    endloop
  endfacet
  facet normal -1 0 0
    outer loop
      vertex 13 -7.5 -12.9904
      vertex 13 -6.25 -10.8253
      vertex 13 -6.63433 -13.4531
    endloop
  endfacet
  facet normal -1 -0 0
    outer loop
      vertex 13 -6.25 -10.8253
      vertex 13 -7.5 -12.9904
      vertex 13 -6.94463 -10.3934
    endloop
  endfacet
  facet normal -1 0 0
    outer loop
      vertex 13 -8.33355 -12.472
      vertex 13 -6.94463 -10.3934
      vertex 13 -7.5 -12.9904
    endloop
  endfacet
  facet normal -1 -0 0
    outer loop
      vertex 13 -6.94463 -10.3934
      vertex 13 -8.33355 -12.472
      vertex 13 -7.60952 -9.91692
    endloop
  endfacet
  facet normal -1 0 0
    outer loop
      vertex 13 -9.13142 -11.9003
      vertex 13 -7.60952 -9.91692
      vertex 13 -8.33355 -12.472
    endloop
  endfacet
  facet normal -1 -0 0
    outer loop
      vertex 13 -7.60952 -9.91692
      vertex 13 -9.13142 -11.9003
      vertex 13 -8.24182 -9.398
    endloop
  endfacet
  facet normal -1 0 0
    outer loop
      vertex 13 -9.89019 -11.2776
      vertex 13 -8.24182 -9.398
      vertex 13 -9.13142 -11.9003
    endloop
  endfacet
  facet normal -1 -0 0
    outer loop
      vertex 13 -8.24182 -9.398
      vertex 13 -9.89019 -11.2776
      vertex 13 -8.83883 -8.83883
    endloop
  endfacet
  facet normal -1 0 0
    outer loop
      vertex 13 -10.6066 -10.6066
      vertex 13 -8.83883 -8.83883
      vertex 13 -9.89019 -11.2776
    endloop
  endfacet
  facet normal -1 -0 0
    outer loop
      vertex 13 -8.83883 -8.83883
      vertex 13 -10.6066 -10.6066
      vertex 13 -9.398 -8.24182
    endloop
  endfacet
  facet normal -1 0 0
    outer loop
      vertex 13 -11.2776 -9.89019
      vertex 13 -9.398 -8.24182
      vertex 13 -10.6066 -10.6066
    endloop
  endfacet
  facet normal -1 -0 0
    outer loop
      vertex 13 -9.398 -8.24182
      vertex 13 -11.2776 -9.89019
      vertex 13 -9.91692 -7.60952
    endloop
  endfacet
  facet normal -1 0 0
    outer loop
      vertex 13 -11.9003 -9.13142
      vertex 13 -9.91692 -7.60952
      vertex 13 -11.2776 -9.89019
    endloop
  endfacet
  facet normal -1 -0 0
    outer loop
      vertex 13 -9.91692 -7.60952
      vertex 13 -11.9003 -9.13142
      vertex 13 -10.3934 -6.94463
    endloop
  endfacet
  facet normal -1 0 0
    outer loop
      vertex 13 -12.472 -8.33355
      vertex 13 -10.3934 -6.94463
      vertex 13 -11.9003 -9.13142
    endloop
  endfacet
  facet normal -1 -0 0
    outer loop
      vertex 13 -10.3934 -6.94463
      vertex 13 -12.472 -8.33355
      vertex 13 -10.8253 -6.25
    endloop
  endfacet
  facet normal -1 0 0
    outer loop
      vertex 13 -12.9904 -7.5
      vertex 13 -10.8253 -6.25
      vertex 13 -12.472 -8.33355
    endloop
  endfacet
  facet normal -1 -0 0
    outer loop
      vertex 13 -10.8253 -6.25
      vertex 13 -12.9904 -7.5
      vertex 13 -11.2109 -5.52861
    endloop
  endfacet
  facet normal -1 0 0
    outer loop
      vertex 13 -13.4531 -6.63433
      vertex 13 -11.2109 -5.52861
      vertex 13 -12.9904 -7.5
    endloop
  endfacet
  facet normal -1 -0 0
    outer loop
      vertex 13 -11.2109 -5.52861
      vertex 13 -13.4531 -6.63433
      vertex 13 -11.5485 -4.78354
    endloop
  endfacet
  facet normal -1 0 0
    outer loop
      vertex 13 -13.8582 -5.74025
      vertex 13 -11.5485 -4.78354
      vertex 13 -13.4531 -6.63433
    endloop
  endfacet
  facet normal -1 -0 0
    outer loop
      vertex 13 -11.5485 -4.78354
      vertex 13 -13.8582 -5.74025
      vertex 13 -11.8366 -4.01799
    endloop
  endfacet
  facet normal -1 0 0
    outer loop
      vertex 13 -14.204 -4.82159
      vertex 13 -11.8366 -4.01799
      vertex 13 -13.8582 -5.74025
    endloop
  endfacet
  facet normal -1 -0 0
    outer loop
      vertex 13 -11.8366 -4.01799
      vertex 13 -14.204 -4.82159
      vertex 13 -12.0741 -3.23524
    endloop
  endfacet
  facet normal -1 0 0
    outer loop
      vertex 13 -14.4889 -3.88229
      vertex 13 -12.0741 -3.23524
      vertex 13 -14.204 -4.82159
    endloop
  endfacet
  facet normal -1 -0 0
    outer loop
      vertex 13 14.4889 3.88229
      vertex 13 12.0741 3.23524
      vertex 13 14.204 4.82159
    endloop
  endfacet
  facet normal -1 0 0
    outer loop
      vertex 13 11.8366 4.01799
      vertex 13 14.204 4.82159
      vertex 13 12.0741 3.23524
    endloop
  endfacet
  facet normal -1 -0 0
    outer loop
      vertex 13 14.204 4.82159
      vertex 13 11.8366 4.01799
      vertex 13 13.8582 5.74025
    endloop
  endfacet
  facet normal -1 0 0
    outer loop
      vertex 13 11.5485 4.78354
      vertex 13 13.8582 5.74025
      vertex 13 11.8366 4.01799
    endloop
  endfacet
  facet normal -1 -0 0
    outer loop
      vertex 13 13.8582 5.74025
      vertex 13 11.5485 4.78354
      vertex 13 13.4531 6.63433
    endloop
  endfacet
  facet normal -1 0 0
    outer loop
      vertex 13 11.2109 5.52861
      vertex 13 13.4531 6.63433
      vertex 13 11.5485 4.78354
    endloop
  endfacet
  facet normal -1 -0 0
    outer loop
      vertex 13 13.4531 6.63433
      vertex 13 11.2109 5.52861
      vertex 13 12.9904 7.5
    endloop
  endfacet
  facet normal -1 0 0
    outer loop
      vertex 13 10.8253 6.25
      vertex 13 12.9904 7.5
      vertex 13 11.2109 5.52861
    endloop
  endfacet
  facet normal -1 -0 0
    outer loop
      vertex 13 12.9904 7.5
      vertex 13 10.8253 6.25
      vertex 13 12.472 8.33355
    endloop
  endfacet
  facet normal -1 0 0
    outer loop
      vertex 13 10.3934 6.94463
      vertex 13 12.472 8.33355
      vertex 13 10.8253 6.25
    endloop
  endfacet
  facet normal -1 -0 0
    outer loop
      vertex 13 12.472 8.33355
      vertex 13 10.3934 6.94463
      vertex 13 11.9003 9.13142
    endloop
  endfacet
  facet normal -1 0 0
    outer loop
      vertex 13 9.91692 7.60952
      vertex 13 11.9003 9.13142
      vertex 13 10.3934 6.94463
    endloop
  endfacet
  facet normal -1 -0 0
    outer loop
      vertex 13 11.9003 9.13142
      vertex 13 9.91692 7.60952
      vertex 13 11.2776 9.89019
    endloop
  endfacet
  facet normal -1 0 0
    outer loop
      vertex 13 9.398 8.24182
      vertex 13 11.2776 9.89019
      vertex 13 9.91692 7.60952
    endloop
  endfacet
  facet normal -1 -0 0
    outer loop
      vertex 13 11.2776 9.89019
      vertex 13 9.398 8.24182
      vertex 13 10.6066 10.6066
    endloop
  endfacet
  facet normal -1 0 0
    outer loop
      vertex 13 8.83883 8.83883
      vertex 13 10.6066 10.6066
      vertex 13 9.398 8.24182
    endloop
  endfacet
  facet normal -1 -0 0
    outer loop
      vertex 13 10.6066 10.6066
      vertex 13 8.83883 8.83883
      vertex 13 9.89019 11.2776
    endloop
  endfacet
  facet normal -1 0 0
    outer loop
      vertex 13 8.24182 9.398
      vertex 13 9.89019 11.2776
      vertex 13 8.83883 8.83883
    endloop
  endfacet
  facet normal -1 -0 0
    outer loop
      vertex 13 9.89019 11.2776
      vertex 13 8.24182 9.398
      vertex 13 9.13142 11.9003
    endloop
  endfacet
  facet normal -1 0 0
    outer loop
      vertex 13 7.60952 9.91692
      vertex 13 9.13142 11.9003
      vertex 13 8.24182 9.398
    endloop
  endfacet
  facet normal -1 -0 0
    outer loop
      vertex 13 9.13142 11.9003
      vertex 13 7.60952 9.91692
      vertex 13 8.33355 12.472
    endloop
  endfacet
  facet normal -1 0 0
    outer loop
      vertex 13 6.94463 10.3934
      vertex 13 8.33355 12.472
      vertex 13 7.60952 9.91692
    endloop
  endfacet
  facet normal -1 -0 0
    outer loop
      vertex 13 8.33355 12.472
      vertex 13 6.94463 10.3934
      vertex 13 7.5 12.9904
    endloop
  endfacet
  facet normal -1 0 0
    outer loop
      vertex 13 6.25 10.8253
      vertex 13 7.5 12.9904
      vertex 13 6.94463 10.3934
    endloop
  endfacet
  facet normal -1 -0 0
    outer loop
      vertex 13 7.5 12.9904
      vertex 13 6.25 10.8253
      vertex 13 6.63433 13.4531
    endloop
  endfacet
  facet normal -1 0 0
    outer loop
      vertex 13 5.52861 11.2109
      vertex 13 6.63433 13.4531
      vertex 13 6.25 10.8253
    endloop
  endfacet
  facet normal -1 -0 0
    outer loop
      vertex 13 6.63433 13.4531
      vertex 13 5.52861 11.2109
      vertex 13 5.74025 13.8582
    endloop
  endfacet
  facet normal -1 0 0
    outer loop
      vertex 13 4.78354 11.5485
      vertex 13 5.74025 13.8582
      vertex 13 5.52861 11.2109
    endloop
  endfacet
  facet normal -1 -0 0
    outer loop
      vertex 13 5.74025 13.8582
      vertex 13 4.78354 11.5485
      vertex 13 4.82159 14.204
    endloop
  endfacet
  facet normal -1 0 0
    outer loop
      vertex 13 4.01799 11.8366
      vertex 13 4.82159 14.204
      vertex 13 4.78354 11.5485
    endloop
  endfacet
  facet normal -1 0 0
    outer loop
      vertex 13 4.01799 11.8366
      vertex 13 3.88229 14.4889
      vertex 13 4.82159 14.204
    endloop
  endfacet
  facet normal -1 0 0
    outer loop
      vertex 13 3.23524 12.0741
      vertex 13 3.88229 14.4889
      vertex 13 4.01799 11.8366
    endloop
  endfacet
  facet normal -1 0 0
    outer loop
      vertex 13 3.23524 12.0741
      vertex 13 2.92635 14.7118
      vertex 13 3.88229 14.4889
    endloop
  endfacet
  facet normal -1 0 0
    outer loop
      vertex 13 2.43863 12.2598
      vertex 13 2.92635 14.7118
      vertex 13 3.23524 12.0741
    endloop
  endfacet
  facet normal -1 0 0
    outer loop
      vertex 13 2.43863 12.2598
      vertex 13 1.95789 14.8717
      vertex 13 2.92635 14.7118
    endloop
  endfacet
  facet normal -1 0 0
    outer loop
      vertex 13 1.63158 12.3931
      vertex 13 1.95789 14.8717
      vertex 13 2.43863 12.2598
    endloop
  endfacet
  facet normal -1 0 0
    outer loop
      vertex 13 1.63158 12.3931
      vertex 13 0.981047 14.9679
      vertex 13 1.95789 14.8717
    endloop
  endfacet
  facet normal -1 0 0
    outer loop
      vertex 13 0.817538 12.4732
      vertex 13 0.981047 14.9679
      vertex 13 1.63158 12.3931
    endloop
  endfacet
  facet normal -1 0 0
    outer loop
      vertex 13 0 12.5
      vertex 13 0.981047 14.9679
      vertex 13 0.817538 12.4732
    endloop
  endfacet
  facet normal -1 0 0
    outer loop
      vertex 13 0 12.5
      vertex 13 0 15
      vertex 13 0.981047 14.9679
    endloop
  endfacet
  facet normal -1 0 0
    outer loop
      vertex 13 -0.817538 12.4732
      vertex 13 0 15
      vertex 13 0 12.5
    endloop
  endfacet
  facet normal -1 0 0
    outer loop
      vertex 13 -0.817538 12.4732
      vertex 13 -0.981047 14.9679
      vertex 13 0 15
    endloop
  endfacet
  facet normal -1 0 0
    outer loop
      vertex 13 -1.63158 12.3931
      vertex 13 -0.981047 14.9679
      vertex 13 -0.817538 12.4732
    endloop
  endfacet
  facet normal -1 0 0
    outer loop
      vertex 13 -1.63158 12.3931
      vertex 13 -1.95789 14.8717
      vertex 13 -0.981047 14.9679
    endloop
  endfacet
  facet normal -1 0 0
    outer loop
      vertex 13 -2.43863 12.2598
      vertex 13 -1.95789 14.8717
      vertex 13 -1.63158 12.3931
    endloop
  endfacet
  facet normal -1 0 0
    outer loop
      vertex 13 -2.43863 12.2598
      vertex 13 -2.92635 14.7118
      vertex 13 -1.95789 14.8717
    endloop
  endfacet
  facet normal -1 0 0
    outer loop
      vertex 13 -3.23524 12.0741
      vertex 13 -2.92635 14.7118
      vertex 13 -2.43863 12.2598
    endloop
  endfacet
  facet normal -1 0 0
    outer loop
      vertex 13 -3.23524 12.0741
      vertex 13 -3.88229 14.4889
      vertex 13 -2.92635 14.7118
    endloop
  endfacet
  facet normal -1 0 0
    outer loop
      vertex 13 -4.01799 11.8366
      vertex 13 -3.88229 14.4889
      vertex 13 -3.23524 12.0741
    endloop
  endfacet
  facet normal -1 0 0
    outer loop
      vertex 13 -4.82159 14.204
      vertex 13 -4.01799 11.8366
      vertex 13 -4.78354 11.5485
    endloop
  endfacet
  facet normal -1 0 0
    outer loop
      vertex 13 -4.01799 11.8366
      vertex 13 -4.82159 14.204
      vertex 13 -3.88229 14.4889
    endloop
  endfacet
  facet normal -1 0 0
    outer loop
      vertex 13 -5.74025 13.8582
      vertex 13 -4.78354 11.5485
      vertex 13 -5.52861 11.2109
    endloop
  endfacet
  facet normal -1 0 0
    outer loop
      vertex 13 -4.78354 11.5485
      vertex 13 -5.74025 13.8582
      vertex 13 -4.82159 14.204
    endloop
  endfacet
  facet normal -1 0 0
    outer loop
      vertex 13 -6.63433 13.4531
      vertex 13 -5.52861 11.2109
      vertex 13 -6.25 10.8253
    endloop
  endfacet
  facet normal -1 0 0
    outer loop
      vertex 13 -5.52861 11.2109
      vertex 13 -6.63433 13.4531
      vertex 13 -5.74025 13.8582
    endloop
  endfacet
  facet normal -1 0 0
    outer loop
      vertex 13 -7.5 12.9904
      vertex 13 -6.25 10.8253
      vertex 13 -6.94463 10.3934
    endloop
  endfacet
  facet normal -1 0 0
    outer loop
      vertex 13 -6.25 10.8253
      vertex 13 -7.5 12.9904
      vertex 13 -6.63433 13.4531
    endloop
  endfacet
  facet normal -1 0 0
    outer loop
      vertex 13 -8.33355 12.472
      vertex 13 -6.94463 10.3934
      vertex 13 -7.60952 9.91692
    endloop
  endfacet
  facet normal -1 0 0
    outer loop
      vertex 13 -9.13142 11.9003
      vertex 13 -7.60952 9.91692
      vertex 13 -8.24182 9.398
    endloop
  endfacet
  facet normal -1 0 0
    outer loop
      vertex 13 -6.94463 10.3934
      vertex 13 -8.33355 12.472
      vertex 13 -7.5 12.9904
    endloop
  endfacet
  facet normal -1 0 0
    outer loop
      vertex 13 -9.89019 11.2776
      vertex 13 -8.24182 9.398
      vertex 13 -8.83883 8.83883
    endloop
  endfacet
  facet normal -1 0 0
    outer loop
      vertex 13 -7.60952 9.91692
      vertex 13 -9.13142 11.9003
      vertex 13 -8.33355 12.472
    endloop
  endfacet
  facet normal -1 0 0
    outer loop
      vertex 13 -10.6066 10.6066
      vertex 13 -8.83883 8.83883
      vertex 13 -9.398 8.24182
    endloop
  endfacet
  facet normal -1 0 0
    outer loop
      vertex 13 -8.24182 9.398
      vertex 13 -9.89019 11.2776
      vertex 13 -9.13142 11.9003
    endloop
  endfacet
  facet normal -1 0 0
    outer loop
      vertex 13 -11.2776 9.89019
      vertex 13 -9.398 8.24182
      vertex 13 -9.91692 7.60952
    endloop
  endfacet
  facet normal -1 0 0
    outer loop
      vertex 13 -11.9003 9.13142
      vertex 13 -9.91692 7.60952
      vertex 13 -10.3934 6.94463
    endloop
  endfacet
  facet normal -1 0 0
    outer loop
      vertex 13 -8.83883 8.83883
      vertex 13 -10.6066 10.6066
      vertex 13 -9.89019 11.2776
    endloop
  endfacet
  facet normal -1 0 0
    outer loop
      vertex 13 -12.472 8.33355
      vertex 13 -10.3934 6.94463
      vertex 13 -10.8253 6.25
    endloop
  endfacet
  facet normal -1 0 0
    outer loop
      vertex 13 -12.9904 7.5
      vertex 13 -10.8253 6.25
      vertex 13 -11.2109 5.52861
    endloop
  endfacet
  facet normal -1 0 0
    outer loop
      vertex 13 -9.398 8.24182
      vertex 13 -11.2776 9.89019
      vertex 13 -10.6066 10.6066
    endloop
  endfacet
  facet normal -1 0 0
    outer loop
      vertex 13 -13.4531 6.63433
      vertex 13 -11.2109 5.52861
      vertex 13 -11.5485 4.78354
    endloop
  endfacet
  facet normal -1 0 0
    outer loop
      vertex 13 -13.8582 5.74025
      vertex 13 -11.5485 4.78354
      vertex 13 -11.8366 4.01799
    endloop
  endfacet
  facet normal -1 0 0
    outer loop
      vertex 13 -9.91692 7.60952
      vertex 13 -11.9003 9.13142
      vertex 13 -11.2776 9.89019
    endloop
  endfacet
  facet normal -1 0 0
    outer loop
      vertex 13 -14.204 4.82159
      vertex 13 -11.8366 4.01799
      vertex 13 -12.0741 3.23524
    endloop
  endfacet
  facet normal -1 0 0
    outer loop
      vertex 13 -14.4889 3.88229
      vertex 13 -12.0741 3.23524
      vertex 13 -12.2598 2.43863
    endloop
  endfacet
  facet normal -1 0 0
    outer loop
      vertex 13 -14.7118 2.92635
      vertex 13 -12.2598 2.43863
      vertex 13 -12.3931 1.63158
    endloop
  endfacet
  facet normal -1 0 0
    outer loop
      vertex 13 -10.3934 6.94463
      vertex 13 -12.472 8.33355
      vertex 13 -11.9003 9.13142
    endloop
  endfacet
  facet normal -1 0 0
    outer loop
      vertex 13 -14.8717 1.95789
      vertex 13 -12.3931 1.63158
      vertex 13 -12.4732 0.817538
    endloop
  endfacet
  facet normal -1 0 0
    outer loop
      vertex 13 -14.9679 0.981047
      vertex 13 -12.4732 0.817538
      vertex 13 -12.5 0
    endloop
  endfacet
  facet normal -1 -0 0
    outer loop
      vertex 13 -12.0741 -3.23524
      vertex 13 -14.4889 -3.88229
      vertex 13 -12.2598 -2.43863
    endloop
  endfacet
  facet normal -1 0 0
    outer loop
      vertex 13 -10.8253 6.25
      vertex 13 -12.9904 7.5
      vertex 13 -12.472 8.33355
    endloop
  endfacet
  facet normal -1 0 0
    outer loop
      vertex 13 -14.7118 -2.92635
      vertex 13 -12.2598 -2.43863
      vertex 13 -14.4889 -3.88229
    endloop
  endfacet
  facet normal -1 0 0
    outer loop
      vertex 13 -11.2109 5.52861
      vertex 13 -13.4531 6.63433
      vertex 13 -12.9904 7.5
    endloop
  endfacet
  facet normal -1 -0 0
    outer loop
      vertex 13 -12.2598 -2.43863
      vertex 13 -14.7118 -2.92635
      vertex 13 -12.3931 -1.63158
    endloop
  endfacet
  facet normal -1 0 0
    outer loop
      vertex 13 -11.5485 4.78354
      vertex 13 -13.8582 5.74025
      vertex 13 -13.4531 6.63433
    endloop
  endfacet
  facet normal -1 0 0
    outer loop
      vertex 13 -14.8717 -1.95789
      vertex 13 -12.3931 -1.63158
      vertex 13 -14.7118 -2.92635
    endloop
  endfacet
  facet normal -1 0 0
    outer loop
      vertex 13 -11.8366 4.01799
      vertex 13 -14.204 4.82159
      vertex 13 -13.8582 5.74025
    endloop
  endfacet
  facet normal -1 -0 0
    outer loop
      vertex 13 -12.3931 -1.63158
      vertex 13 -14.8717 -1.95789
      vertex 13 -12.4732 -0.817538
    endloop
  endfacet
  facet normal -1 0 0
    outer loop
      vertex 13 -12.0741 3.23524
      vertex 13 -14.4889 3.88229
      vertex 13 -14.204 4.82159
    endloop
  endfacet
  facet normal -1 0 0
    outer loop
      vertex 13 -14.9679 -0.981047
      vertex 13 -12.4732 -0.817538
      vertex 13 -14.8717 -1.95789
    endloop
  endfacet
  facet normal -1 0 0
    outer loop
      vertex 13 -12.2598 2.43863
      vertex 13 -14.7118 2.92635
      vertex 13 -14.4889 3.88229
    endloop
  endfacet
  facet normal -1 -0 0
    outer loop
      vertex 13 -12.4732 -0.817538
      vertex 13 -14.9679 -0.981047
      vertex 13 -12.5 0
    endloop
  endfacet
  facet normal -1 0 0
    outer loop
      vertex 13 -12.3931 1.63158
      vertex 13 -14.8717 1.95789
      vertex 13 -14.7118 2.92635
    endloop
  endfacet
  facet normal -1 0 0
    outer loop
      vertex 13 -15 0
      vertex 13 -12.5 0
      vertex 13 -14.9679 -0.981047
    endloop
  endfacet
  facet normal -1 0 0
    outer loop
      vertex 13 -12.4732 0.817538
      vertex 13 -14.9679 0.981047
      vertex 13 -14.8717 1.95789
    endloop
  endfacet
  facet normal -1 0 0
    outer loop
      vertex 13 -12.5 0
      vertex 13 -15 0
      vertex 13 -14.9679 0.981047
    endloop
  endfacet
  facet normal 0 -0.290253 0.95695
    outer loop
      vertex 13 -3.88229 14.4889
      vertex 16 -4.82159 14.204
      vertex 16 -3.88229 14.4889
    endloop
  endfacet
  facet normal 0 -0.290253 0.95695
    outer loop
      vertex 16 -4.82159 14.204
      vertex 13 -3.88229 14.4889
      vertex 13 -4.82159 14.204
    endloop
  endfacet
  facet normal 0 0.849172 -0.528116
    outer loop
      vertex 16 12.472 -8.33355
      vertex 13 12.9904 -7.5
      vertex 16 12.9904 -7.5
    endloop
  endfacet
  facet normal 0 0.849172 -0.528116
    outer loop
      vertex 13 12.9904 -7.5
      vertex 16 12.472 -8.33355
      vertex 13 12.472 -8.33355
    endloop
  endfacet
  facet normal 0 -0.995186 -0.0980064
    outer loop
      vertex 13 -14.8717 -1.95789
      vertex 16 -14.9679 -0.981047
      vertex 13 -14.9679 -0.981047
    endloop
  endfacet
  facet normal 0 -0.995186 -0.0980064
    outer loop
      vertex 16 -14.9679 -0.981047
      vertex 13 -14.8717 -1.95789
      vertex 16 -14.8717 -1.95789
    endloop
  endfacet
  facet normal 0 -0.935892 0.352287
    outer loop
      vertex 13 -14.204 4.82159
      vertex 16 -13.8582 5.74025
      vertex 13 -13.8582 5.74025
    endloop
  endfacet
  facet normal 0 -0.935892 0.352287
    outer loop
      vertex 16 -13.8582 5.74025
      vertex 13 -14.204 4.82159
      vertex 16 -14.204 4.82159
    endloop
  endfacet
  facet normal 0 -0.0980064 0.995186
    outer loop
      vertex 13 -0.981047 14.9679
      vertex 16 -1.95789 14.8717
      vertex 16 -0.981047 14.9679
    endloop
  endfacet
  facet normal 0 -0.0980064 0.995186
    outer loop
      vertex 16 -1.95789 14.8717
      vertex 13 -0.981047 14.9679
      vertex 13 -1.95789 14.8717
    endloop
  endfacet
  facet normal 0 -0.935892 -0.352287
    outer loop
      vertex 13 -13.8582 -5.74025
      vertex 16 -14.204 -4.82159
      vertex 13 -14.204 -4.82159
    endloop
  endfacet
  facet normal 0 -0.935892 -0.352287
    outer loop
      vertex 16 -14.204 -4.82159
      vertex 13 -13.8582 -5.74025
      vertex 16 -13.8582 -5.74025
    endloop
  endfacet
  facet normal 0 0.995186 0.0980064
    outer loop
      vertex 16 14.9679 0.981047
      vertex 13 14.8717 1.95789
      vertex 16 14.8717 1.95789
    endloop
  endfacet
  facet normal 0 0.995186 0.0980064
    outer loop
      vertex 13 14.8717 1.95789
      vertex 16 14.9679 0.981047
      vertex 13 14.9679 0.981047
    endloop
  endfacet
  facet normal 0 -0.227082 -0.973876
    outer loop
      vertex 13 -3.88229 -14.4889
      vertex 16 -2.92635 -14.7118
      vertex 16 -3.88229 -14.4889
    endloop
  endfacet
  facet normal -0 -0.227082 -0.973876
    outer loop
      vertex 16 -2.92635 -14.7118
      vertex 13 -3.88229 -14.4889
      vertex 13 -2.92635 -14.7118
    endloop
  endfacet
  facet normal 0 -0.412705 -0.910865
    outer loop
      vertex 13 -6.63433 -13.4531
      vertex 16 -5.74025 -13.8582
      vertex 16 -6.63433 -13.4531
    endloop
  endfacet
  facet normal -0 -0.412705 -0.910865
    outer loop
      vertex 16 -5.74025 -13.8582
      vertex 13 -6.63433 -13.4531
      vertex 13 -5.74025 -13.8582
    endloop
  endfacet
  facet normal 0 0.72986 0.683597
    outer loop
      vertex 16 11.2776 9.89019
      vertex 13 10.6066 10.6066
      vertex 16 10.6066 10.6066
    endloop
  endfacet
  facet normal 0 0.72986 0.683597
    outer loop
      vertex 13 10.6066 10.6066
      vertex 16 11.2776 9.89019
      vertex 13 11.2776 9.89019
    endloop
  endfacet
  facet normal 0 0.881926 0.471389
    outer loop
      vertex 16 13.4531 6.63433
      vertex 13 12.9904 7.5
      vertex 16 12.9904 7.5
    endloop
  endfacet
  facet normal 0 0.881926 0.471389
    outer loop
      vertex 13 12.9904 7.5
      vertex 16 13.4531 6.63433
      vertex 13 13.4531 6.63433
    endloop
  endfacet
  facet normal 0 0.227082 -0.973876
    outer loop
      vertex 13 2.92635 -14.7118
      vertex 16 3.88229 -14.4889
      vertex 16 2.92635 -14.7118
    endloop
  endfacet
  facet normal 0 0.227082 -0.973876
    outer loop
      vertex 16 3.88229 -14.4889
      vertex 13 2.92635 -14.7118
      vertex 13 3.88229 -14.4889
    endloop
  endfacet
  facet normal 0 0.683597 -0.72986
    outer loop
      vertex 13 9.89019 -11.2776
      vertex 16 10.6066 -10.6066
      vertex 16 9.89019 -11.2776
    endloop
  endfacet
  facet normal 0 0.683597 -0.72986
    outer loop
      vertex 16 10.6066 -10.6066
      vertex 13 9.89019 -11.2776
      vertex 13 10.6066 -10.6066
    endloop
  endfacet
  facet normal 0 -0.634389 0.773014
    outer loop
      vertex 13 -9.13142 11.9003
      vertex 16 -9.89019 11.2776
      vertex 16 -9.13142 11.9003
    endloop
  endfacet
  facet normal 0 -0.634389 0.773014
    outer loop
      vertex 16 -9.89019 11.2776
      vertex 13 -9.13142 11.9003
      vertex 13 -9.89019 11.2776
    endloop
  endfacet
  facet normal -0 0.528116 0.849172
    outer loop
      vertex 13 8.33355 12.472
      vertex 16 7.5 12.9904
      vertex 16 8.33355 12.472
    endloop
  endfacet
  facet normal 0 0.528116 0.849172
    outer loop
      vertex 16 7.5 12.9904
      vertex 13 8.33355 12.472
      vertex 13 7.5 12.9904
    endloop
  endfacet
  facet normal -0 0.162902 0.986642
    outer loop
      vertex 13 2.92635 14.7118
      vertex 16 1.95789 14.8717
      vertex 16 2.92635 14.7118
    endloop
  endfacet
  facet normal 0 0.162902 0.986642
    outer loop
      vertex 16 1.95789 14.8717
      vertex 13 2.92635 14.7118
      vertex 13 1.95789 14.8717
    endloop
  endfacet
  facet normal 0 -0.0327026 0.999465
    outer loop
      vertex 13 0 15
      vertex 16 -0.981047 14.9679
      vertex 16 0 15
    endloop
  endfacet
  facet normal 0 -0.0327026 0.999465
    outer loop
      vertex 16 -0.981047 14.9679
      vertex 13 0 15
      vertex 13 -0.981047 14.9679
    endloop
  endfacet
  facet normal -0 0.227082 0.973876
    outer loop
      vertex 13 3.88229 14.4889
      vertex 16 2.92635 14.7118
      vertex 16 3.88229 14.4889
    endloop
  endfacet
  facet normal 0 0.227082 0.973876
    outer loop
      vertex 16 2.92635 14.7118
      vertex 13 3.88229 14.4889
      vertex 13 2.92635 14.7118
    endloop
  endfacet
  facet normal 0 0.95695 -0.290253
    outer loop
      vertex 16 14.204 -4.82159
      vertex 13 14.4889 -3.88229
      vertex 16 14.4889 -3.88229
    endloop
  endfacet
  facet normal 0 0.95695 -0.290253
    outer loop
      vertex 13 14.4889 -3.88229
      vertex 16 14.204 -4.82159
      vertex 13 14.204 -4.82159
    endloop
  endfacet
  facet normal 0 0.95695 0.290253
    outer loop
      vertex 16 14.4889 3.88229
      vertex 13 14.204 4.82159
      vertex 16 14.204 4.82159
    endloop
  endfacet
  facet normal 0 0.95695 0.290253
    outer loop
      vertex 13 14.204 4.82159
      vertex 16 14.4889 3.88229
      vertex 13 14.4889 3.88229
    endloop
  endfacet
  facet normal 0 0.995186 -0.0980064
    outer loop
      vertex 16 14.8717 -1.95789
      vertex 13 14.9679 -0.981047
      vertex 16 14.9679 -0.981047
    endloop
  endfacet
  facet normal 0 0.995186 -0.0980064
    outer loop
      vertex 13 14.9679 -0.981047
      vertex 16 14.8717 -1.95789
      vertex 13 14.8717 -1.95789
    endloop
  endfacet
  facet normal 0 0.999465 0.0327026
    outer loop
      vertex 16 15 0
      vertex 13 14.9679 0.981047
      vertex 16 14.9679 0.981047
    endloop
  endfacet
  facet normal 0 0.999465 0.0327026
    outer loop
      vertex 13 14.9679 0.981047
      vertex 16 15 0
      vertex 13 15 0
    endloop
  endfacet
  facet normal 0 -0.683597 0.72986
    outer loop
      vertex 13 -9.89019 11.2776
      vertex 16 -10.6066 10.6066
      vertex 16 -9.89019 11.2776
    endloop
  endfacet
  facet normal 0 -0.683597 0.72986
    outer loop
      vertex 16 -10.6066 10.6066
      vertex 13 -9.89019 11.2776
      vertex 13 -10.6066 10.6066
    endloop
  endfacet
  facet normal 0 0.999465 -0.0327026
    outer loop
      vertex 16 14.9679 -0.981047
      vertex 13 15 0
      vertex 16 15 0
    endloop
  endfacet
  facet normal 0 0.999465 -0.0327026
    outer loop
      vertex 13 15 0
      vertex 16 14.9679 -0.981047
      vertex 13 14.9679 -0.981047
    endloop
  endfacet
  facet normal -0 0.582447 0.812869
    outer loop
      vertex 13 9.13142 11.9003
      vertex 16 8.33355 12.472
      vertex 16 9.13142 11.9003
    endloop
  endfacet
  facet normal 0 0.582447 0.812869
    outer loop
      vertex 16 8.33355 12.472
      vertex 13 9.13142 11.9003
      vertex 13 8.33355 12.472
    endloop
  endfacet
  facet normal 0 -0.812869 -0.582447
    outer loop
      vertex 13 -11.9003 -9.13142
      vertex 16 -12.472 -8.33355
      vertex 13 -12.472 -8.33355
    endloop
  endfacet
  facet normal 0 -0.812869 -0.582447
    outer loop
      vertex 16 -12.472 -8.33355
      vertex 13 -11.9003 -9.13142
      vertex 16 -11.9003 -9.13142
    endloop
  endfacet
  facet normal 1 0 0
    outer loop
      vertex 16 -2.99358 11.8038
      vertex 16 -3.10583 11.5911
      vertex 16 -2.97562 11.6215
    endloop
  endfacet
  facet normal 1 0 0
    outer loop
      vertex 16 -3.10583 11.5911
      vertex 16 -2.99358 11.8038
      vertex 16 -3 12
    endloop
  endfacet
  facet normal 1 0 0
    outer loop
      vertex 16 -4.6194 -1.91342
      vertex 16 -1.47821 -0.612293
      vertex 16 -1.51509 -0.514302
    endloop
  endfacet
  facet normal 1 0 0
    outer loop
      vertex 16 -4.76717 -1.5
      vertex 16 -1.51509 -0.514302
      vertex 16 -1.54548 -0.41411
    endloop
  endfacet
  facet normal 1 0 0
    outer loop
      vertex 16 -4.76717 -1.5
      vertex 16 -1.54548 -0.41411
      vertex 16 -1.56926 -0.312144
    endloop
  endfacet
  facet normal 1 0 0
    outer loop
      vertex 16 -4.76717 -1.5
      vertex 16 -1.56926 -0.312144
      vertex 16 -1.58631 -0.208841
    endloop
  endfacet
  facet normal 1 0 0
    outer loop
      vertex 16 -4.76717 -1.5
      vertex 16 -1.58631 -0.208841
      vertex 16 -1.59657 -0.104645
    endloop
  endfacet
  facet normal 1 0 0
    outer loop
      vertex 16 -4.76717 -1.5
      vertex 16 -1.59657 -0.104645
      vertex 16 -1.6 0
    endloop
  endfacet
  facet normal 1 0 0
    outer loop
      vertex 16 -1.47821 -0.612293
      vertex 16 -1.6072 -4.73465
      vertex 16 -1.5 -4.76717
    endloop
  endfacet
  facet normal 1 -0 0
    outer loop
      vertex 16 -4.15735 2.77785
      vertex 16 -1.33035 0.888912
      vertex 16 -3.96677 3.04381
    endloop
  endfacet
  facet normal 1 0 0
    outer loop
      vertex 16 -1.33035 0.888912
      vertex 16 -4.15735 2.77785
      vertex 16 -1.38564 0.799999
    endloop
  endfacet
  facet normal 1 0 0
    outer loop
      vertex 16 -1.47821 -0.612293
      vertex 16 -1.91342 -4.6194
      vertex 16 -1.6072 -4.73465
    endloop
  endfacet
  facet normal 1 -0 0
    outer loop
      vertex 16 -4.33013 2.5
      vertex 16 -1.38564 0.799999
      vertex 16 -4.15735 2.77785
    endloop
  endfacet
  facet normal 1 0 0
    outer loop
      vertex 16 -1.47821 -0.612293
      vertex 16 -2.21144 -4.48436
      vertex 16 -1.91342 -4.6194
    endloop
  endfacet
  facet normal 1 0 0
    outer loop
      vertex 16 -1.38564 0.799999
      vertex 16 -4.33013 2.5
      vertex 16 -1.435 0.707662
    endloop
  endfacet
  facet normal 1 0 0
    outer loop
      vertex 16 -1.47821 -0.612293
      vertex 16 -2.5 -4.33013
      vertex 16 -2.21144 -4.48436
    endloop
  endfacet
  facet normal 1 -0 0
    outer loop
      vertex 16 -4.48436 2.21144
      vertex 16 -1.435 0.707662
      vertex 16 -4.33013 2.5
    endloop
  endfacet
  facet normal 1 0 0
    outer loop
      vertex 16 -1.47821 -0.612293
      vertex 16 -2.77785 -4.15735
      vertex 16 -2.5 -4.33013
    endloop
  endfacet
  facet normal 1 0 0
    outer loop
      vertex 16 -1.435 0.707662
      vertex 16 -4.48436 2.21144
      vertex 16 -1.47821 0.612293
    endloop
  endfacet
  facet normal 1 0 0
    outer loop
      vertex 16 -1.47821 -0.612293
      vertex 16 -3.04381 -3.96677
      vertex 16 -2.77785 -4.15735
    endloop
  endfacet
  facet normal 1 -0 0
    outer loop
      vertex 16 -4.6194 1.91342
      vertex 16 -1.47821 0.612293
      vertex 16 -4.48436 2.21144
    endloop
  endfacet
  facet normal 1 0 0
    outer loop
      vertex 16 -1.47821 -0.612293
      vertex 16 -3.29673 -3.7592
      vertex 16 -3.04381 -3.96677
    endloop
  endfacet
  facet normal 1 0 0
    outer loop
      vertex 16 -1.47821 0.612293
      vertex 16 -4.6194 1.91342
      vertex 16 -1.51509 0.514302
    endloop
  endfacet
  facet normal 1 0 0
    outer loop
      vertex 16 -1.47821 -0.612293
      vertex 16 -3.53553 -3.53553
      vertex 16 -3.29673 -3.7592
    endloop
  endfacet
  facet normal 1 -0 0
    outer loop
      vertex 16 -4.73465 1.6072
      vertex 16 -1.51509 0.514302
      vertex 16 -4.6194 1.91342
    endloop
  endfacet
  facet normal 1 0 0
    outer loop
      vertex 16 -1.47821 -0.612293
      vertex 16 -3.7592 -3.29673
      vertex 16 -3.53553 -3.53553
    endloop
  endfacet
  facet normal 1 -0 0
    outer loop
      vertex 16 -4.76717 1.5
      vertex 16 -1.51509 0.514302
      vertex 16 -4.73465 1.6072
    endloop
  endfacet
  facet normal 1 0 0
    outer loop
      vertex 16 -1.47821 -0.612293
      vertex 16 -3.96677 -3.04381
      vertex 16 -3.7592 -3.29673
    endloop
  endfacet
  facet normal 1 0 0
    outer loop
      vertex 16 -1.51509 0.514302
      vertex 16 -4.76717 1.5
      vertex 16 -1.54548 0.41411
    endloop
  endfacet
  facet normal 1 0 0
    outer loop
      vertex 16 -1.47821 -0.612293
      vertex 16 -4.15735 -2.77785
      vertex 16 -3.96677 -3.04381
    endloop
  endfacet
  facet normal 1 0 0
    outer loop
      vertex 16 -1.54548 0.41411
      vertex 16 -4.76717 1.5
      vertex 16 -1.56926 0.312144
    endloop
  endfacet
  facet normal 1 0 0
    outer loop
      vertex 16 -1.47821 -0.612293
      vertex 16 -4.33013 -2.5
      vertex 16 -4.15735 -2.77785
    endloop
  endfacet
  facet normal 1 0 0
    outer loop
      vertex 16 -1.56926 0.312144
      vertex 16 -4.76717 1.5
      vertex 16 -1.58631 0.208841
    endloop
  endfacet
  facet normal 1 0 0
    outer loop
      vertex 16 -1.47821 -0.612293
      vertex 16 -4.48436 -2.21144
      vertex 16 -4.33013 -2.5
    endloop
  endfacet
  facet normal 1 0 0
    outer loop
      vertex 16 -1.58631 0.208841
      vertex 16 -4.76717 1.5
      vertex 16 -1.59657 0.104645
    endloop
  endfacet
  facet normal 1 0 0
    outer loop
      vertex 16 -1.47821 -0.612293
      vertex 16 -4.6194 -1.91342
      vertex 16 -4.48436 -2.21144
    endloop
  endfacet
  facet normal 1 0 0
    outer loop
      vertex 16 -1.59657 0.104645
      vertex 16 -4.76717 1.5
      vertex 16 -1.6 0
    endloop
  endfacet
  facet normal 1 0 0
    outer loop
      vertex 16 -4.76717 -1.5
      vertex 16 -1.6 0
      vertex 16 -4.76717 1.5
    endloop
  endfacet
  facet normal 1 0 0
    outer loop
      vertex 16 -1.51509 -0.514302
      vertex 16 -4.76717 -1.5
      vertex 16 -4.73465 -1.6072
    endloop
  endfacet
  facet normal 1 0 0
    outer loop
      vertex 16 -1.51509 -0.514302
      vertex 16 -4.73465 -1.6072
      vertex 16 -4.6194 -1.91342
    endloop
  endfacet
  facet normal 1 -0 0
    outer loop
      vertex 16 -11.9039 1.5
      vertex 16 -4.76717 -1.5
      vertex 16 -4.76717 1.5
    endloop
  endfacet
  facet normal 1 0 0
    outer loop
      vertex 16 -4.76717 -1.5
      vertex 16 -11.9039 1.5
      vertex 16 -11.9039 -1.5
    endloop
  endfacet
  facet normal -1 0 0
    outer loop
      vertex 16 -0.981047 14.9679
      vertex 16 -0.196209 14.9936
      vertex 16 0 15
    endloop
  endfacet
  facet normal 1 0 0
    outer loop
      vertex 16 -0.981047 14.9679
      vertex 16 -0.391578 14.9743
      vertex 16 -0.196209 14.9936
    endloop
  endfacet
  facet normal 1 -0 0
    outer loop
      vertex 16 -0.981047 14.9679
      vertex 16 -0.585271 14.9424
      vertex 16 -0.391578 14.9743
    endloop
  endfacet
  facet normal 1 0 0
    outer loop
      vertex 16 -0.981047 14.9679
      vertex 16 -0.776457 14.8978
      vertex 16 -0.585271 14.9424
    endloop
  endfacet
  facet normal 1 0 0
    outer loop
      vertex 16 -0.981047 14.9679
      vertex 16 -0.964318 14.8408
      vertex 16 -0.776457 14.8978
    endloop
  endfacet
  facet normal 1 0 0
    outer loop
      vertex 16 -0.981047 14.9679
      vertex 16 -1.14805 14.7716
      vertex 16 -0.964318 14.8408
    endloop
  endfacet
  facet normal 1 0 0
    outer loop
      vertex 16 -0.981047 14.9679
      vertex 16 -1.32687 14.6906
      vertex 16 -1.14805 14.7716
    endloop
  endfacet
  facet normal 1 -0 0
    outer loop
      vertex 16 -1.95789 14.8717
      vertex 16 -1.32687 14.6906
      vertex 16 -0.981047 14.9679
    endloop
  endfacet
  facet normal 1 0 0
    outer loop
      vertex 16 -1.32687 14.6906
      vertex 16 -1.95789 14.8717
      vertex 16 -1.5 14.5981
    endloop
  endfacet
  facet normal 1 0 0
    outer loop
      vertex 16 -1.5 14.5981
      vertex 16 -1.95789 14.8717
      vertex 16 -1.66671 14.4944
    endloop
  endfacet
  facet normal 1 0 0
    outer loop
      vertex 16 -1.95789 14.8717
      vertex 16 -1.82628 14.3801
      vertex 16 -1.66671 14.4944
    endloop
  endfacet
  facet normal 1 0 0
    outer loop
      vertex 16 -1.95789 14.8717
      vertex 16 -1.97804 14.2555
      vertex 16 -1.82628 14.3801
    endloop
  endfacet
  facet normal 1 -0 0
    outer loop
      vertex 16 -2.92635 14.7118
      vertex 16 -1.97804 14.2555
      vertex 16 -1.95789 14.8717
    endloop
  endfacet
  facet normal 1 0 0
    outer loop
      vertex 16 -1.97804 14.2555
      vertex 16 -2.92635 14.7118
      vertex 16 -2.12132 14.1213
    endloop
  endfacet
  facet normal 1 0 0
    outer loop
      vertex 16 -2.12132 14.1213
      vertex 16 -2.92635 14.7118
      vertex 16 -2.25552 13.978
    endloop
  endfacet
  facet normal 1 0 0
    outer loop
      vertex 16 -2.25552 13.978
      vertex 16 -2.92635 14.7118
      vertex 16 -2.38006 13.8263
    endloop
  endfacet
  facet normal 1 0 0
    outer loop
      vertex 16 -2.38006 13.8263
      vertex 16 -2.92635 14.7118
      vertex 16 -2.49441 13.6667
    endloop
  endfacet
  facet normal 1 0 0
    outer loop
      vertex 16 -2.49441 13.6667
      vertex 16 -2.92635 14.7118
      vertex 16 -2.59808 13.5
    endloop
  endfacet
  facet normal 1 -0 0
    outer loop
      vertex 16 -3.88229 14.4889
      vertex 16 -2.59808 13.5
      vertex 16 -2.92635 14.7118
    endloop
  endfacet
  facet normal 1 0 0
    outer loop
      vertex 16 -2.59808 13.5
      vertex 16 -3.88229 14.4889
      vertex 16 -2.69062 13.3269
    endloop
  endfacet
  facet normal 1 0 0
    outer loop
      vertex 16 -2.69062 13.3269
      vertex 16 -3.88229 14.4889
      vertex 16 -2.77164 13.148
    endloop
  endfacet
  facet normal 1 0 0
    outer loop
      vertex 16 -2.77164 13.148
      vertex 16 -3.88229 14.4889
      vertex 16 -2.84079 12.9643
    endloop
  endfacet
  facet normal 1 -0 0
    outer loop
      vertex 16 -4.82159 14.204
      vertex 16 -2.84079 12.9643
      vertex 16 -3.88229 14.4889
    endloop
  endfacet
  facet normal 1 0 0
    outer loop
      vertex 16 -2.84079 12.9643
      vertex 16 -4.82159 14.204
      vertex 16 -2.89778 12.7765
    endloop
  endfacet
  facet normal 1 0 0
    outer loop
      vertex 16 -2.89778 12.7765
      vertex 16 -4.82159 14.204
      vertex 16 -2.94236 12.5853
    endloop
  endfacet
  facet normal 1 0 -0
    outer loop
      vertex 16 -3.85727 11.3632
      vertex 16 -2.94236 12.5853
      vertex 16 -4.82159 14.204
    endloop
  endfacet
  facet normal 1 0 0
    outer loop
      vertex 16 -2.94236 12.5853
      vertex 16 -3.85727 11.3632
      vertex 16 -2.97433 12.3916
    endloop
  endfacet
  facet normal 1 0 0
    outer loop
      vertex 16 -2.97433 12.3916
      vertex 16 -3.85727 11.3632
      vertex 16 -2.99358 12.1962
    endloop
  endfacet
  facet normal 1 0 0
    outer loop
      vertex 16 -3 12
      vertex 16 -3.85727 11.3632
      vertex 16 -3.10583 11.5911
    endloop
  endfacet
  facet normal 1 0 0
    outer loop
      vertex 16 -2.99358 12.1962
      vertex 16 -3.85727 11.3632
      vertex 16 -3 12
    endloop
  endfacet
  facet normal 1 0 0
    outer loop
      vertex 16 -3.85727 11.3632
      vertex 16 -4.82159 14.204
      vertex 16 -4.5922 11.0866
    endloop
  endfacet
  facet normal 1 -0 0
    outer loop
      vertex 16 -5.74025 13.8582
      vertex 16 -4.5922 11.0866
      vertex 16 -4.82159 14.204
    endloop
  endfacet
  facet normal 1 0 0
    outer loop
      vertex 16 -4.5922 11.0866
      vertex 16 -5.74025 13.8582
      vertex 16 -5.30746 10.7625
    endloop
  endfacet
  facet normal 1 -0 0
    outer loop
      vertex 16 -6.63433 13.4531
      vertex 16 -5.30746 10.7625
      vertex 16 -5.74025 13.8582
    endloop
  endfacet
  facet normal 1 0 0
    outer loop
      vertex 16 -5.30746 10.7625
      vertex 16 -6.63433 13.4531
      vertex 16 -6 10.3923
    endloop
  endfacet
  facet normal 1 -0 0
    outer loop
      vertex 16 -7.5 12.9904
      vertex 16 -6 10.3923
      vertex 16 -6.63433 13.4531
    endloop
  endfacet
  facet normal 1 0 0
    outer loop
      vertex 16 -6 10.3923
      vertex 16 -7.5 12.9904
      vertex 16 -6.66684 9.97763
    endloop
  endfacet
  facet normal 1 -0 0
    outer loop
      vertex 16 -8.33355 12.472
      vertex 16 -6.66684 9.97763
      vertex 16 -7.5 12.9904
    endloop
  endfacet
  facet normal 1 0 0
    outer loop
      vertex 16 -6.66684 9.97763
      vertex 16 -8.33355 12.472
      vertex 16 -7.30514 9.52024
    endloop
  endfacet
  facet normal 1 -0 0
    outer loop
      vertex 16 -9.13142 11.9003
      vertex 16 -7.30514 9.52024
      vertex 16 -8.33355 12.472
    endloop
  endfacet
  facet normal 1 0 0
    outer loop
      vertex 16 -7.30514 9.52024
      vertex 16 -9.13142 11.9003
      vertex 16 -7.91215 9.02208
    endloop
  endfacet
  facet normal 1 -0 0
    outer loop
      vertex 16 -9.89019 11.2776
      vertex 16 -7.91215 9.02208
      vertex 16 -9.13142 11.9003
    endloop
  endfacet
  facet normal 1 0 0
    outer loop
      vertex 16 -7.91215 9.02208
      vertex 16 -9.89019 11.2776
      vertex 16 -8.48528 8.48528
    endloop
  endfacet
  facet normal 1 -0 0
    outer loop
      vertex 16 -10.6066 10.6066
      vertex 16 -8.48528 8.48528
      vertex 16 -9.89019 11.2776
    endloop
  endfacet
  facet normal 1 0 0
    outer loop
      vertex 16 -8.48528 8.48528
      vertex 16 -10.6066 10.6066
      vertex 16 -9.02208 7.91215
    endloop
  endfacet
  facet normal 1 -0 0
    outer loop
      vertex 16 -11.2776 9.89019
      vertex 16 -9.02208 7.91215
      vertex 16 -10.6066 10.6066
    endloop
  endfacet
  facet normal 1 0 0
    outer loop
      vertex 16 -9.02208 7.91215
      vertex 16 -11.2776 9.89019
      vertex 16 -9.52024 7.30514
    endloop
  endfacet
  facet normal 1 -0 0
    outer loop
      vertex 16 -11.9003 9.13142
      vertex 16 -9.52024 7.30514
      vertex 16 -11.2776 9.89019
    endloop
  endfacet
  facet normal 1 0 0
    outer loop
      vertex 16 -9.52024 7.30514
      vertex 16 -11.9003 9.13142
      vertex 16 -9.97763 6.66684
    endloop
  endfacet
  facet normal 1 -0 0
    outer loop
      vertex 16 -12.472 8.33355
      vertex 16 -9.97763 6.66684
      vertex 16 -11.9003 9.13142
    endloop
  endfacet
  facet normal 1 0 0
    outer loop
      vertex 16 -9.97763 6.66684
      vertex 16 -12.472 8.33355
      vertex 16 -10.3923 6
    endloop
  endfacet
  facet normal 1 -0 0
    outer loop
      vertex 16 -12.9904 7.5
      vertex 16 -10.3923 6
      vertex 16 -12.472 8.33355
    endloop
  endfacet
  facet normal 1 0 0
    outer loop
      vertex 16 -10.3923 6
      vertex 16 -12.9904 7.5
      vertex 16 -10.7625 5.30746
    endloop
  endfacet
  facet normal 1 -0 0
    outer loop
      vertex 16 -13.4531 6.63433
      vertex 16 -10.7625 5.30746
      vertex 16 -12.9904 7.5
    endloop
  endfacet
  facet normal 1 0 0
    outer loop
      vertex 16 -10.7625 5.30746
      vertex 16 -13.4531 6.63433
      vertex 16 -11.0866 4.5922
    endloop
  endfacet
  facet normal 1 -0 0
    outer loop
      vertex 16 -13.8582 5.74025
      vertex 16 -11.0866 4.5922
      vertex 16 -13.4531 6.63433
    endloop
  endfacet
  facet normal 1 0 0
    outer loop
      vertex 16 -11.0866 4.5922
      vertex 16 -13.8582 5.74025
      vertex 16 -11.3632 3.85727
    endloop
  endfacet
  facet normal 1 0 0
    outer loop
      vertex 16 -11.3632 3.85727
      vertex 16 -14.204 4.82159
      vertex 16 -11.5911 3.10583
    endloop
  endfacet
  facet normal 1 -0 0
    outer loop
      vertex 16 -14.204 4.82159
      vertex 16 -11.3632 3.85727
      vertex 16 -13.8582 5.74025
    endloop
  endfacet
  facet normal 1 -0 0
    outer loop
      vertex 16 1.32687 9.30938
      vertex 16 1.5 4.76717
      vertex 16 1.5 9.40192
    endloop
  endfacet
  facet normal 1 0 0
    outer loop
      vertex 16 1.5 4.76717
      vertex 16 1.435 0.707662
      vertex 16 1.47821 0.612293
    endloop
  endfacet
  facet normal 1 0 0
    outer loop
      vertex 16 1.5 4.76717
      vertex 16 1.38564 0.799999
      vertex 16 1.435 0.707662
    endloop
  endfacet
  facet normal 1 0 0
    outer loop
      vertex 16 1.5 4.76717
      vertex 16 1.33035 0.888912
      vertex 16 1.38564 0.799999
    endloop
  endfacet
  facet normal 1 -0 0
    outer loop
      vertex 16 1.14805 9.22836
      vertex 16 1.5 4.76717
      vertex 16 1.32687 9.30938
    endloop
  endfacet
  facet normal 1 0 0
    outer loop
      vertex 16 1.5 4.76717
      vertex 16 1.26937 0.974018
      vertex 16 1.33035 0.888912
    endloop
  endfacet
  facet normal 1 0 0
    outer loop
      vertex 16 1.5 4.76717
      vertex 16 1.20294 1.05495
      vertex 16 1.26937 0.974018
    endloop
  endfacet
  facet normal 1 -0 0
    outer loop
      vertex 16 0.964318 9.15921
      vertex 16 1.5 4.76717
      vertex 16 1.14805 9.22836
    endloop
  endfacet
  facet normal 1 0 0
    outer loop
      vertex 16 1.5 4.76717
      vertex 16 1.13137 1.13137
      vertex 16 1.20294 1.05495
    endloop
  endfacet
  facet normal 1 0 0
    outer loop
      vertex 16 1.5 4.76717
      vertex 16 1.05495 1.20294
      vertex 16 1.13137 1.13137
    endloop
  endfacet
  facet normal 1 0 0
    outer loop
      vertex 16 1.5 4.76717
      vertex 16 0.974018 1.26937
      vertex 16 1.05495 1.20294
    endloop
  endfacet
  facet normal 1 -0 0
    outer loop
      vertex 16 0.776457 9.10222
      vertex 16 1.5 4.76717
      vertex 16 0.964318 9.15921
    endloop
  endfacet
  facet normal 1 0 0
    outer loop
      vertex 16 1.5 4.76717
      vertex 16 0.888912 1.33035
      vertex 16 0.974018 1.26937
    endloop
  endfacet
  facet normal 1 0 0
    outer loop
      vertex 16 1.5 4.76717
      vertex 16 0.799999 1.38564
      vertex 16 0.888912 1.33035
    endloop
  endfacet
  facet normal 1 -0 0
    outer loop
      vertex 16 0.585271 9.05764
      vertex 16 1.5 4.76717
      vertex 16 0.776457 9.10222
    endloop
  endfacet
  facet normal 1 0 0
    outer loop
      vertex 16 1.5 4.76717
      vertex 16 0.707662 1.435
      vertex 16 0.799999 1.38564
    endloop
  endfacet
  facet normal 1 0 -0
    outer loop
      vertex 16 0 1.6
      vertex 16 1.5 4.76717
      vertex 16 -1.5 4.76717
    endloop
  endfacet
  facet normal 1 -0 0
    outer loop
      vertex 16 0.391578 9.02567
      vertex 16 1.5 4.76717
      vertex 16 0.585271 9.05764
    endloop
  endfacet
  facet normal 1 0 0
    outer loop
      vertex 16 1.5 4.76717
      vertex 16 0.612293 1.47821
      vertex 16 0.707662 1.435
    endloop
  endfacet
  facet normal 1 0 0
    outer loop
      vertex 16 1.5 4.76717
      vertex 16 0.514302 1.51509
      vertex 16 0.612293 1.47821
    endloop
  endfacet
  facet normal 1 -0 0
    outer loop
      vertex 16 0.196209 9.00642
      vertex 16 1.5 4.76717
      vertex 16 0.391578 9.02567
    endloop
  endfacet
  facet normal 1 0 0
    outer loop
      vertex 16 1.5 4.76717
      vertex 16 0.41411 1.54548
      vertex 16 0.514302 1.51509
    endloop
  endfacet
  facet normal 1 0 0
    outer loop
      vertex 16 1.5 4.76717
      vertex 16 0.312144 1.56926
      vertex 16 0.41411 1.54548
    endloop
  endfacet
  facet normal 1 -0 0
    outer loop
      vertex 16 0 9
      vertex 16 1.5 4.76717
      vertex 16 0.196209 9.00642
    endloop
  endfacet
  facet normal 1 0 0
    outer loop
      vertex 16 1.5 4.76717
      vertex 16 0.208841 1.58631
      vertex 16 0.312144 1.56926
    endloop
  endfacet
  facet normal 1 0 0
    outer loop
      vertex 16 1.5 4.76717
      vertex 16 0 9
      vertex 16 -1.5 4.76717
    endloop
  endfacet
  facet normal 1 0 0
    outer loop
      vertex 16 1.5 4.76717
      vertex 16 0.104645 1.59657
      vertex 16 0.208841 1.58631
    endloop
  endfacet
  facet normal 1 0 0
    outer loop
      vertex 16 1.5 4.76717
      vertex 16 0 1.6
      vertex 16 0.104645 1.59657
    endloop
  endfacet
  facet normal 1 0 0
    outer loop
      vertex 16 -1.5 4.76717
      vertex 16 0 9
      vertex 16 -0.196209 9.00642
    endloop
  endfacet
  facet normal 1 0 0
    outer loop
      vertex 16 0 1.6
      vertex 16 -1.5 4.76717
      vertex 16 -0.104645 1.59657
    endloop
  endfacet
  facet normal 1 0 0
    outer loop
      vertex 16 -0.104645 1.59657
      vertex 16 -1.5 4.76717
      vertex 16 -0.208841 1.58631
    endloop
  endfacet
  facet normal 1 0 0
    outer loop
      vertex 16 -1.5 4.76717
      vertex 16 -0.196209 9.00642
      vertex 16 -0.391578 9.02567
    endloop
  endfacet
  facet normal 1 0 0
    outer loop
      vertex 16 -0.208841 1.58631
      vertex 16 -1.5 4.76717
      vertex 16 -0.312144 1.56926
    endloop
  endfacet
  facet normal 1 0 0
    outer loop
      vertex 16 -0.312144 1.56926
      vertex 16 -1.5 4.76717
      vertex 16 -0.41411 1.54548
    endloop
  endfacet
  facet normal 1 0 0
    outer loop
      vertex 16 -1.5 4.76717
      vertex 16 -0.391578 9.02567
      vertex 16 -0.585271 9.05764
    endloop
  endfacet
  facet normal 1 0 0
    outer loop
      vertex 16 -0.41411 1.54548
      vertex 16 -1.5 4.76717
      vertex 16 -0.514302 1.51509
    endloop
  endfacet
  facet normal 1 -0 0
    outer loop
      vertex 16 -1.6072 4.73465
      vertex 16 -0.514302 1.51509
      vertex 16 -1.5 4.76717
    endloop
  endfacet
  facet normal 1 0 0
    outer loop
      vertex 16 -1.5 4.76717
      vertex 16 -0.585271 9.05764
      vertex 16 -0.776457 9.10222
    endloop
  endfacet
  facet normal 1 0 0
    outer loop
      vertex 16 -0.514302 1.51509
      vertex 16 -1.6072 4.73465
      vertex 16 -0.612293 1.47821
    endloop
  endfacet
  facet normal 1 -0 0
    outer loop
      vertex 16 -1.91342 4.6194
      vertex 16 -0.612293 1.47821
      vertex 16 -1.6072 4.73465
    endloop
  endfacet
  facet normal 1 0 0
    outer loop
      vertex 16 -1.5 4.76717
      vertex 16 -0.776457 9.10222
      vertex 16 -0.964318 9.15921
    endloop
  endfacet
  facet normal 1 0 0
    outer loop
      vertex 16 -0.612293 1.47821
      vertex 16 -1.91342 4.6194
      vertex 16 -0.707662 1.435
    endloop
  endfacet
  facet normal 1 -0 0
    outer loop
      vertex 16 -2.21144 4.48436
      vertex 16 -0.707662 1.435
      vertex 16 -1.91342 4.6194
    endloop
  endfacet
  facet normal 1 0 0
    outer loop
      vertex 16 -0.707662 1.435
      vertex 16 -2.21144 4.48436
      vertex 16 -0.799999 1.38564
    endloop
  endfacet
  facet normal 1 0 0
    outer loop
      vertex 16 -1.5 4.76717
      vertex 16 -0.964318 9.15921
      vertex 16 -1.14805 9.22836
    endloop
  endfacet
  facet normal 1 -0 0
    outer loop
      vertex 16 -2.5 4.33013
      vertex 16 -0.799999 1.38564
      vertex 16 -2.21144 4.48436
    endloop
  endfacet
  facet normal 1 0 0
    outer loop
      vertex 16 -0.799999 1.38564
      vertex 16 -2.5 4.33013
      vertex 16 -0.888912 1.33035
    endloop
  endfacet
  facet normal 1 0 0
    outer loop
      vertex 16 -1.5 4.76717
      vertex 16 -1.14805 9.22836
      vertex 16 -1.32687 9.30938
    endloop
  endfacet
  facet normal 1 -0 0
    outer loop
      vertex 16 -2.77785 4.15735
      vertex 16 -0.888912 1.33035
      vertex 16 -2.5 4.33013
    endloop
  endfacet
  facet normal 1 0 0
    outer loop
      vertex 16 -0.888912 1.33035
      vertex 16 -2.77785 4.15735
      vertex 16 -0.974018 1.26937
    endloop
  endfacet
  facet normal 1 -0 0
    outer loop
      vertex 16 -3.04381 3.96677
      vertex 16 -0.974018 1.26937
      vertex 16 -2.77785 4.15735
    endloop
  endfacet
  facet normal 1 0 0
    outer loop
      vertex 16 -0.974018 1.26937
      vertex 16 -3.04381 3.96677
      vertex 16 -1.05495 1.20294
    endloop
  endfacet
  facet normal 1 0 0
    outer loop
      vertex 16 -1.5 4.76717
      vertex 16 -1.32687 9.30938
      vertex 16 -1.5 9.40192
    endloop
  endfacet
  facet normal 1 -0 0
    outer loop
      vertex 16 -3.29673 3.7592
      vertex 16 -1.05495 1.20294
      vertex 16 -3.04381 3.96677
    endloop
  endfacet
  facet normal 1 0 0
    outer loop
      vertex 16 -1.05495 1.20294
      vertex 16 -3.29673 3.7592
      vertex 16 -1.13137 1.13137
    endloop
  endfacet
  facet normal 1 -0 0
    outer loop
      vertex 16 -3.53553 3.53553
      vertex 16 -1.13137 1.13137
      vertex 16 -3.29673 3.7592
    endloop
  endfacet
  facet normal 1 0 0
    outer loop
      vertex 16 -1.13137 1.13137
      vertex 16 -3.53553 3.53553
      vertex 16 -1.20294 1.05495
    endloop
  endfacet
  facet normal 1 -0 0
    outer loop
      vertex 16 -3.7592 3.29673
      vertex 16 -1.20294 1.05495
      vertex 16 -3.53553 3.53553
    endloop
  endfacet
  facet normal 1 0 0
    outer loop
      vertex 16 -1.20294 1.05495
      vertex 16 -3.7592 3.29673
      vertex 16 -1.26937 0.974018
    endloop
  endfacet
  facet normal 1 -0 0
    outer loop
      vertex 16 -3.96677 3.04381
      vertex 16 -1.26937 0.974018
      vertex 16 -3.7592 3.29673
    endloop
  endfacet
  facet normal 1 0 0
    outer loop
      vertex 16 -1.26937 0.974018
      vertex 16 -3.96677 3.04381
      vertex 16 -1.33035 0.888912
    endloop
  endfacet
  facet normal 1 -0 0
    outer loop
      vertex 16 4.76717 1.5
      vertex 16 11.9039 -1.5
      vertex 16 11.9039 1.5
    endloop
  endfacet
  facet normal 1 0 0
    outer loop
      vertex 16 4.76717 1.5
      vertex 16 4.76717 -1.5
      vertex 16 11.9039 -1.5
    endloop
  endfacet
  facet normal 1 0 0
    outer loop
      vertex 16 1.51509 0.514302
      vertex 16 4.76717 1.5
      vertex 16 4.73465 1.6072
    endloop
  endfacet
  facet normal 1 0 0
    outer loop
      vertex 16 4.76717 1.5
      vertex 16 1.6 0
      vertex 16 4.76717 -1.5
    endloop
  endfacet
  facet normal 1 0 0
    outer loop
      vertex 16 1.51509 0.514302
      vertex 16 4.73465 1.6072
      vertex 16 4.6194 1.91342
    endloop
  endfacet
  facet normal 1 -0 0
    outer loop
      vertex 16 1.59657 -0.104645
      vertex 16 4.76717 -1.5
      vertex 16 1.6 0
    endloop
  endfacet
  facet normal 1 0 0
    outer loop
      vertex 16 1.47821 0.612293
      vertex 16 4.6194 1.91342
      vertex 16 4.48436 2.21144
    endloop
  endfacet
  facet normal 1 -0 0
    outer loop
      vertex 16 1.58631 -0.208841
      vertex 16 4.76717 -1.5
      vertex 16 1.59657 -0.104645
    endloop
  endfacet
  facet normal 1 0 0
    outer loop
      vertex 16 1.47821 0.612293
      vertex 16 4.48436 2.21144
      vertex 16 4.33013 2.5
    endloop
  endfacet
  facet normal 1 -0 0
    outer loop
      vertex 16 1.56926 -0.312144
      vertex 16 4.76717 -1.5
      vertex 16 1.58631 -0.208841
    endloop
  endfacet
  facet normal 1 0 0
    outer loop
      vertex 16 1.47821 0.612293
      vertex 16 4.33013 2.5
      vertex 16 4.15735 2.77785
    endloop
  endfacet
  facet normal 1 -0 0
    outer loop
      vertex 16 1.54548 -0.41411
      vertex 16 4.76717 -1.5
      vertex 16 1.56926 -0.312144
    endloop
  endfacet
  facet normal 1 0 0
    outer loop
      vertex 16 1.47821 0.612293
      vertex 16 4.15735 2.77785
      vertex 16 3.96677 3.04381
    endloop
  endfacet
  facet normal 1 -0 0
    outer loop
      vertex 16 1.51509 -0.514302
      vertex 16 4.76717 -1.5
      vertex 16 1.54548 -0.41411
    endloop
  endfacet
  facet normal 1 0 0
    outer loop
      vertex 16 1.47821 0.612293
      vertex 16 3.96677 3.04381
      vertex 16 3.7592 3.29673
    endloop
  endfacet
  facet normal 1 0 0
    outer loop
      vertex 16 4.76717 -1.5
      vertex 16 1.51509 -0.514302
      vertex 16 4.73465 -1.6072
    endloop
  endfacet
  facet normal 1 0 0
    outer loop
      vertex 16 1.47821 0.612293
      vertex 16 3.7592 3.29673
      vertex 16 3.53553 3.53553
    endloop
  endfacet
  facet normal 1 0 0
    outer loop
      vertex 16 4.73465 -1.6072
      vertex 16 1.51509 -0.514302
      vertex 16 4.6194 -1.91342
    endloop
  endfacet
  facet normal 1 0 0
    outer loop
      vertex 16 1.47821 0.612293
      vertex 16 3.53553 3.53553
      vertex 16 3.29673 3.7592
    endloop
  endfacet
  facet normal 1 -0 0
    outer loop
      vertex 16 1.47821 -0.612293
      vertex 16 4.6194 -1.91342
      vertex 16 1.51509 -0.514302
    endloop
  endfacet
  facet normal 1 0 0
    outer loop
      vertex 16 1.47821 0.612293
      vertex 16 3.29673 3.7592
      vertex 16 3.04381 3.96677
    endloop
  endfacet
  facet normal 1 0 0
    outer loop
      vertex 16 4.6194 -1.91342
      vertex 16 1.47821 -0.612293
      vertex 16 4.48436 -2.21144
    endloop
  endfacet
  facet normal 1 0 0
    outer loop
      vertex 16 1.47821 0.612293
      vertex 16 3.04381 3.96677
      vertex 16 2.77785 4.15735
    endloop
  endfacet
  facet normal 1 -0 0
    outer loop
      vertex 16 1.435 -0.707662
      vertex 16 4.48436 -2.21144
      vertex 16 1.47821 -0.612293
    endloop
  endfacet
  facet normal 1 0 0
    outer loop
      vertex 16 1.47821 0.612293
      vertex 16 2.77785 4.15735
      vertex 16 2.5 4.33013
    endloop
  endfacet
  facet normal 1 0 0
    outer loop
      vertex 16 4.48436 -2.21144
      vertex 16 1.435 -0.707662
      vertex 16 4.33013 -2.5
    endloop
  endfacet
  facet normal 1 0 0
    outer loop
      vertex 16 1.47821 0.612293
      vertex 16 2.5 4.33013
      vertex 16 2.21144 4.48436
    endloop
  endfacet
  facet normal 1 -0 0
    outer loop
      vertex 16 1.38564 -0.799999
      vertex 16 4.33013 -2.5
      vertex 16 1.435 -0.707662
    endloop
  endfacet
  facet normal 1 0 0
    outer loop
      vertex 16 1.47821 0.612293
      vertex 16 2.21144 4.48436
      vertex 16 1.91342 4.6194
    endloop
  endfacet
  facet normal 1 0 0
    outer loop
      vertex 16 4.33013 -2.5
      vertex 16 1.38564 -0.799999
      vertex 16 4.15735 -2.77785
    endloop
  endfacet
  facet normal 1 0 0
    outer loop
      vertex 16 1.47821 0.612293
      vertex 16 1.91342 4.6194
      vertex 16 1.6072 4.73465
    endloop
  endfacet
  facet normal 1 -0 0
    outer loop
      vertex 16 1.33035 -0.888912
      vertex 16 4.15735 -2.77785
      vertex 16 1.38564 -0.799999
    endloop
  endfacet
  facet normal 1 0 0
    outer loop
      vertex 16 4.15735 -2.77785
      vertex 16 1.33035 -0.888912
      vertex 16 3.96677 -3.04381
    endloop
  endfacet
  facet normal 1 0 0
    outer loop
      vertex 16 4.76717 1.5
      vertex 16 1.59657 0.104645
      vertex 16 1.6 0
    endloop
  endfacet
  facet normal 1 0 0
    outer loop
      vertex 16 4.76717 1.5
      vertex 16 1.58631 0.208841
      vertex 16 1.59657 0.104645
    endloop
  endfacet
  facet normal 1 0 0
    outer loop
      vertex 16 4.76717 1.5
      vertex 16 1.56926 0.312144
      vertex 16 1.58631 0.208841
    endloop
  endfacet
  facet normal 1 0 0
    outer loop
      vertex 16 4.76717 1.5
      vertex 16 1.54548 0.41411
      vertex 16 1.56926 0.312144
    endloop
  endfacet
  facet normal 1 0 0
    outer loop
      vertex 16 4.76717 1.5
      vertex 16 1.51509 0.514302
      vertex 16 1.54548 0.41411
    endloop
  endfacet
  facet normal 1 0 0
    outer loop
      vertex 16 1.47821 0.612293
      vertex 16 1.6072 4.73465
      vertex 16 1.5 4.76717
    endloop
  endfacet
  facet normal 1 0 0
    outer loop
      vertex 16 4.6194 1.91342
      vertex 16 1.47821 0.612293
      vertex 16 1.51509 0.514302
    endloop
  endfacet
  facet normal 1 0 0
    outer loop
      vertex 16 11.9039 1.5
      vertex 16 15 0
      vertex 16 14.9679 0.981047
    endloop
  endfacet
  facet normal 1 -0 0
    outer loop
      vertex 16 11.9039 1.5
      vertex 16 14.9679 0.981047
      vertex 16 14.8717 1.95789
    endloop
  endfacet
  facet normal 1 0 0
    outer loop
      vertex 16 11.9039 -1.5
      vertex 16 15 0
      vertex 16 11.9039 1.5
    endloop
  endfacet
  facet normal 1 0 0
    outer loop
      vertex 16 11.8973 1.56631
      vertex 16 14.8717 1.95789
      vertex 16 14.7118 2.92635
    endloop
  endfacet
  facet normal 1 0 0
    outer loop
      vertex 16 15 0
      vertex 16 11.9039 -1.5
      vertex 16 14.9679 -0.981047
    endloop
  endfacet
  facet normal 1 0 0
    outer loop
      vertex 16 11.7694 2.34108
      vertex 16 14.7118 2.92635
      vertex 16 14.4889 3.88229
    endloop
  endfacet
  facet normal 1 0 0
    outer loop
      vertex 16 14.9679 -0.981047
      vertex 16 11.9039 -1.5
      vertex 16 14.8717 -1.95789
    endloop
  endfacet
  facet normal 1 0 0
    outer loop
      vertex 16 11.5911 3.10583
      vertex 16 14.4889 3.88229
      vertex 16 14.204 4.82159
    endloop
  endfacet
  facet normal 1 -0 0
    outer loop
      vertex 16 11.8973 -1.56631
      vertex 16 14.8717 -1.95789
      vertex 16 11.9039 -1.5
    endloop
  endfacet
  facet normal 1 0 0
    outer loop
      vertex 16 11.3632 3.85727
      vertex 16 14.204 4.82159
      vertex 16 13.8582 5.74025
    endloop
  endfacet
  facet normal 1 0 0
    outer loop
      vertex 16 14.8717 -1.95789
      vertex 16 11.8973 -1.56631
      vertex 16 14.7118 -2.92635
    endloop
  endfacet
  facet normal 1 0 0
    outer loop
      vertex 16 11.0866 4.5922
      vertex 16 13.8582 5.74025
      vertex 16 13.4531 6.63433
    endloop
  endfacet
  facet normal 1 -0 0
    outer loop
      vertex 16 11.7694 -2.34108
      vertex 16 14.7118 -2.92635
      vertex 16 11.8973 -1.56631
    endloop
  endfacet
  facet normal 1 0 0
    outer loop
      vertex 16 10.7625 5.30746
      vertex 16 13.4531 6.63433
      vertex 16 12.9904 7.5
    endloop
  endfacet
  facet normal 1 0 0
    outer loop
      vertex 16 14.7118 -2.92635
      vertex 16 11.7694 -2.34108
      vertex 16 14.4889 -3.88229
    endloop
  endfacet
  facet normal 1 0 0
    outer loop
      vertex 16 10.3923 6
      vertex 16 12.9904 7.5
      vertex 16 12.472 8.33355
    endloop
  endfacet
  facet normal 1 -0 0
    outer loop
      vertex 16 11.5911 -3.10583
      vertex 16 14.4889 -3.88229
      vertex 16 11.7694 -2.34108
    endloop
  endfacet
  facet normal 1 0 0
    outer loop
      vertex 16 14.4889 -3.88229
      vertex 16 11.5911 -3.10583
      vertex 16 14.204 -4.82159
    endloop
  endfacet
  facet normal 1 0 0
    outer loop
      vertex 16 9.97763 6.66684
      vertex 16 12.472 8.33355
      vertex 16 11.9003 9.13142
    endloop
  endfacet
  facet normal 1 0 0
    outer loop
      vertex 16 14.8717 1.95789
      vertex 16 11.8973 1.56631
      vertex 16 11.9039 1.5
    endloop
  endfacet
  facet normal 1 0 0
    outer loop
      vertex 16 14.7118 2.92635
      vertex 16 11.7694 2.34108
      vertex 16 11.8973 1.56631
    endloop
  endfacet
  facet normal 1 0 0
    outer loop
      vertex 16 14.4889 3.88229
      vertex 16 11.5911 3.10583
      vertex 16 11.7694 2.34108
    endloop
  endfacet
  facet normal 1 0 0
    outer loop
      vertex 16 14.204 4.82159
      vertex 16 11.3632 3.85727
      vertex 16 11.5911 3.10583
    endloop
  endfacet
  facet normal 1 0 0
    outer loop
      vertex 16 9.52024 7.30514
      vertex 16 11.9003 9.13142
      vertex 16 11.2776 9.89019
    endloop
  endfacet
  facet normal 1 0 0
    outer loop
      vertex 16 13.8582 5.74025
      vertex 16 11.0866 4.5922
      vertex 16 11.3632 3.85727
    endloop
  endfacet
  facet normal 1 0 0
    outer loop
      vertex 16 13.4531 6.63433
      vertex 16 10.7625 5.30746
      vertex 16 11.0866 4.5922
    endloop
  endfacet
  facet normal 1 0 0
    outer loop
      vertex 16 9.02208 7.91215
      vertex 16 11.2776 9.89019
      vertex 16 10.6066 10.6066
    endloop
  endfacet
  facet normal 1 0 0
    outer loop
      vertex 16 12.9904 7.5
      vertex 16 10.3923 6
      vertex 16 10.7625 5.30746
    endloop
  endfacet
  facet normal 1 0 0
    outer loop
      vertex 16 12.472 8.33355
      vertex 16 9.97763 6.66684
      vertex 16 10.3923 6
    endloop
  endfacet
  facet normal 1 0 0
    outer loop
      vertex 16 8.48528 8.48528
      vertex 16 10.6066 10.6066
      vertex 16 9.89019 11.2776
    endloop
  endfacet
  facet normal 1 0 0
    outer loop
      vertex 16 11.9003 9.13142
      vertex 16 9.52024 7.30514
      vertex 16 9.97763 6.66684
    endloop
  endfacet
  facet normal 1 0 0
    outer loop
      vertex 16 7.91215 9.02208
      vertex 16 9.89019 11.2776
      vertex 16 9.13142 11.9003
    endloop
  endfacet
  facet normal 1 0 0
    outer loop
      vertex 16 11.2776 9.89019
      vertex 16 9.02208 7.91215
      vertex 16 9.52024 7.30514
    endloop
  endfacet
  facet normal 1 0 0
    outer loop
      vertex 16 10.6066 10.6066
      vertex 16 8.48528 8.48528
      vertex 16 9.02208 7.91215
    endloop
  endfacet
  facet normal 1 0 0
    outer loop
      vertex 16 7.30514 9.52024
      vertex 16 9.13142 11.9003
      vertex 16 8.33355 12.472
    endloop
  endfacet
  facet normal 1 0 0
    outer loop
      vertex 16 9.89019 11.2776
      vertex 16 7.91215 9.02208
      vertex 16 8.48528 8.48528
    endloop
  endfacet
  facet normal 1 0 0
    outer loop
      vertex 16 6.66684 9.97763
      vertex 16 8.33355 12.472
      vertex 16 7.5 12.9904
    endloop
  endfacet
  facet normal 1 0 0
    outer loop
      vertex 16 9.13142 11.9003
      vertex 16 7.30514 9.52024
      vertex 16 7.91215 9.02208
    endloop
  endfacet
  facet normal 1 0 0
    outer loop
      vertex 16 8.33355 12.472
      vertex 16 6.66684 9.97763
      vertex 16 7.30514 9.52024
    endloop
  endfacet
  facet normal 1 0 0
    outer loop
      vertex 16 6 10.3923
      vertex 16 7.5 12.9904
      vertex 16 6.63433 13.4531
    endloop
  endfacet
  facet normal 1 0 0
    outer loop
      vertex 16 7.5 12.9904
      vertex 16 6 10.3923
      vertex 16 6.66684 9.97763
    endloop
  endfacet
  facet normal 1 0 0
    outer loop
      vertex 16 5.30746 10.7625
      vertex 16 6.63433 13.4531
      vertex 16 5.74025 13.8582
    endloop
  endfacet
  facet normal 1 0 0
    outer loop
      vertex 16 6.63433 13.4531
      vertex 16 5.30746 10.7625
      vertex 16 6 10.3923
    endloop
  endfacet
  facet normal 1 0 0
    outer loop
      vertex 16 4.5922 11.0866
      vertex 16 5.74025 13.8582
      vertex 16 4.82159 14.204
    endloop
  endfacet
  facet normal 1 0 0
    outer loop
      vertex 16 5.74025 13.8582
      vertex 16 4.5922 11.0866
      vertex 16 5.30746 10.7625
    endloop
  endfacet
  facet normal 1 0 0
    outer loop
      vertex 16 2.84079 12.9643
      vertex 16 4.82159 14.204
      vertex 16 3.88229 14.4889
    endloop
  endfacet
  facet normal 1 0 0
    outer loop
      vertex 16 4.82159 14.204
      vertex 16 3.85727 11.3632
      vertex 16 4.5922 11.0866
    endloop
  endfacet
  facet normal 1 0 0
    outer loop
      vertex 16 4.82159 14.204
      vertex 16 2.94236 12.5853
      vertex 16 3.85727 11.3632
    endloop
  endfacet
  facet normal 1 -0 -0
    outer loop
      vertex 16 3 12
      vertex 16 3.85727 11.3632
      vertex 16 2.99358 12.1962
    endloop
  endfacet
  facet normal 1 0 0
    outer loop
      vertex 16 3.85727 11.3632
      vertex 16 3 12
      vertex 16 3.10583 11.5911
    endloop
  endfacet
  facet normal 1 0 0
    outer loop
      vertex 16 3.85727 11.3632
      vertex 16 2.97433 12.3916
      vertex 16 2.99358 12.1962
    endloop
  endfacet
  facet normal 1 0 0
    outer loop
      vertex 16 3.85727 11.3632
      vertex 16 2.94236 12.5853
      vertex 16 2.97433 12.3916
    endloop
  endfacet
  facet normal 1 0 0
    outer loop
      vertex 16 2.59808 13.5
      vertex 16 3.88229 14.4889
      vertex 16 2.92635 14.7118
    endloop
  endfacet
  facet normal 1 0 0
    outer loop
      vertex 16 4.82159 14.204
      vertex 16 2.89778 12.7765
      vertex 16 2.94236 12.5853
    endloop
  endfacet
  facet normal 1 0 0
    outer loop
      vertex 16 4.82159 14.204
      vertex 16 2.84079 12.9643
      vertex 16 2.89778 12.7765
    endloop
  endfacet
  facet normal 1 0 0
    outer loop
      vertex 16 3.88229 14.4889
      vertex 16 2.77164 13.148
      vertex 16 2.84079 12.9643
    endloop
  endfacet
  facet normal 1 0 0
    outer loop
      vertex 16 3.88229 14.4889
      vertex 16 2.69062 13.3269
      vertex 16 2.77164 13.148
    endloop
  endfacet
  facet normal 1 0 0
    outer loop
      vertex 16 3.88229 14.4889
      vertex 16 2.59808 13.5
      vertex 16 2.69062 13.3269
    endloop
  endfacet
  facet normal 1 0 0
    outer loop
      vertex 16 2.92635 14.7118
      vertex 16 2.49441 13.6667
      vertex 16 2.59808 13.5
    endloop
  endfacet
  facet normal 1 0 0
    outer loop
      vertex 16 2.92635 14.7118
      vertex 16 2.38006 13.8263
      vertex 16 2.49441 13.6667
    endloop
  endfacet
  facet normal 1 0 0
    outer loop
      vertex 16 2.92635 14.7118
      vertex 16 2.25552 13.978
      vertex 16 2.38006 13.8263
    endloop
  endfacet
  facet normal 1 0 0
    outer loop
      vertex 16 2.92635 14.7118
      vertex 16 2.12132 14.1213
      vertex 16 2.25552 13.978
    endloop
  endfacet
  facet normal 1 0 0
    outer loop
      vertex 16 2.92635 14.7118
      vertex 16 1.97804 14.2555
      vertex 16 2.12132 14.1213
    endloop
  endfacet
  facet normal 1 0 0
    outer loop
      vertex 16 1.95789 14.8717
      vertex 16 1.97804 14.2555
      vertex 16 2.92635 14.7118
    endloop
  endfacet
  facet normal 1 0 0
    outer loop
      vertex 16 1.95789 14.8717
      vertex 16 1.82628 14.3801
      vertex 16 1.97804 14.2555
    endloop
  endfacet
  facet normal 1 0 0
    outer loop
      vertex 16 1.95789 14.8717
      vertex 16 1.66671 14.4944
      vertex 16 1.82628 14.3801
    endloop
  endfacet
  facet normal 1 0 0
    outer loop
      vertex 16 1.95789 14.8717
      vertex 16 1.5 14.5981
      vertex 16 1.66671 14.4944
    endloop
  endfacet
  facet normal 1 0 0
    outer loop
      vertex 16 1.95789 14.8717
      vertex 16 1.32687 14.6906
      vertex 16 1.5 14.5981
    endloop
  endfacet
  facet normal 1 0 0
    outer loop
      vertex 16 0.981047 14.9679
      vertex 16 1.32687 14.6906
      vertex 16 1.95789 14.8717
    endloop
  endfacet
  facet normal 1 0 0
    outer loop
      vertex 16 1.32687 14.6906
      vertex 16 0.981047 14.9679
      vertex 16 1.14805 14.7716
    endloop
  endfacet
  facet normal 1 0 0
    outer loop
      vertex 16 0.981047 14.9679
      vertex 16 0.964318 14.8408
      vertex 16 1.14805 14.7716
    endloop
  endfacet
  facet normal 1 0 0
    outer loop
      vertex 16 0.981047 14.9679
      vertex 16 0.776457 14.8978
      vertex 16 0.964318 14.8408
    endloop
  endfacet
  facet normal 1 0 0
    outer loop
      vertex 16 0.981047 14.9679
      vertex 16 0.585271 14.9424
      vertex 16 0.776457 14.8978
    endloop
  endfacet
  facet normal 1 0 0
    outer loop
      vertex 16 0.981047 14.9679
      vertex 16 0.391578 14.9743
      vertex 16 0.585271 14.9424
    endloop
  endfacet
  facet normal 1 0 0
    outer loop
      vertex 16 0.981047 14.9679
      vertex 16 0.196209 14.9936
      vertex 16 0.391578 14.9743
    endloop
  endfacet
  facet normal -1 -0 -0
    outer loop
      vertex 16 0.196209 14.9936
      vertex 16 0.981047 14.9679
      vertex 16 0 15
    endloop
  endfacet
  facet normal 1 -0 0
    outer loop
      vertex 16 11.3632 -3.85727
      vertex 16 14.204 -4.82159
      vertex 16 11.5911 -3.10583
    endloop
  endfacet
  facet normal 1 0 0
    outer loop
      vertex 16 14.204 -4.82159
      vertex 16 11.3632 -3.85727
      vertex 16 13.8582 -5.74025
    endloop
  endfacet
  facet normal 1 -0 0
    outer loop
      vertex 16 11.0866 -4.5922
      vertex 16 13.8582 -5.74025
      vertex 16 11.3632 -3.85727
    endloop
  endfacet
  facet normal 1 0 0
    outer loop
      vertex 16 13.8582 -5.74025
      vertex 16 11.0866 -4.5922
      vertex 16 13.4531 -6.63433
    endloop
  endfacet
  facet normal 1 -0 0
    outer loop
      vertex 16 10.7625 -5.30746
      vertex 16 13.4531 -6.63433
      vertex 16 11.0866 -4.5922
    endloop
  endfacet
  facet normal 1 0 0
    outer loop
      vertex 16 13.4531 -6.63433
      vertex 16 10.7625 -5.30746
      vertex 16 12.9904 -7.5
    endloop
  endfacet
  facet normal 1 -0 0
    outer loop
      vertex 16 10.3923 -6
      vertex 16 12.9904 -7.5
      vertex 16 10.7625 -5.30746
    endloop
  endfacet
  facet normal 1 0 0
    outer loop
      vertex 16 12.9904 -7.5
      vertex 16 10.3923 -6
      vertex 16 12.472 -8.33355
    endloop
  endfacet
  facet normal 1 -0 0
    outer loop
      vertex 16 9.97763 -6.66684
      vertex 16 12.472 -8.33355
      vertex 16 10.3923 -6
    endloop
  endfacet
  facet normal 1 0 0
    outer loop
      vertex 16 12.472 -8.33355
      vertex 16 9.97763 -6.66684
      vertex 16 11.9003 -9.13142
    endloop
  endfacet
  facet normal 1 -0 0
    outer loop
      vertex 16 9.52024 -7.30514
      vertex 16 11.9003 -9.13142
      vertex 16 9.97763 -6.66684
    endloop
  endfacet
  facet normal 1 0 0
    outer loop
      vertex 16 11.9003 -9.13142
      vertex 16 9.52024 -7.30514
      vertex 16 11.2776 -9.89019
    endloop
  endfacet
  facet normal 1 -0 0
    outer loop
      vertex 16 9.02208 -7.91215
      vertex 16 11.2776 -9.89019
      vertex 16 9.52024 -7.30514
    endloop
  endfacet
  facet normal 1 0 0
    outer loop
      vertex 16 11.2776 -9.89019
      vertex 16 9.02208 -7.91215
      vertex 16 10.6066 -10.6066
    endloop
  endfacet
  facet normal 1 -0 0
    outer loop
      vertex 16 8.48528 -8.48528
      vertex 16 10.6066 -10.6066
      vertex 16 9.02208 -7.91215
    endloop
  endfacet
  facet normal 1 0 0
    outer loop
      vertex 16 10.6066 -10.6066
      vertex 16 8.48528 -8.48528
      vertex 16 9.89019 -11.2776
    endloop
  endfacet
  facet normal 1 -0 0
    outer loop
      vertex 16 7.91215 -9.02208
      vertex 16 9.89019 -11.2776
      vertex 16 8.48528 -8.48528
    endloop
  endfacet
  facet normal 1 0 0
    outer loop
      vertex 16 9.89019 -11.2776
      vertex 16 7.91215 -9.02208
      vertex 16 9.13142 -11.9003
    endloop
  endfacet
  facet normal 1 -0 0
    outer loop
      vertex 16 7.30514 -9.52024
      vertex 16 9.13142 -11.9003
      vertex 16 7.91215 -9.02208
    endloop
  endfacet
  facet normal 1 0 0
    outer loop
      vertex 16 9.13142 -11.9003
      vertex 16 7.30514 -9.52024
      vertex 16 8.33355 -12.472
    endloop
  endfacet
  facet normal 1 -0 0
    outer loop
      vertex 16 6.66684 -9.97763
      vertex 16 8.33355 -12.472
      vertex 16 7.30514 -9.52024
    endloop
  endfacet
  facet normal 1 0 0
    outer loop
      vertex 16 8.33355 -12.472
      vertex 16 6.66684 -9.97763
      vertex 16 7.5 -12.9904
    endloop
  endfacet
  facet normal 1 -0 0
    outer loop
      vertex 16 6 -10.3923
      vertex 16 7.5 -12.9904
      vertex 16 6.66684 -9.97763
    endloop
  endfacet
  facet normal 1 0 0
    outer loop
      vertex 16 7.5 -12.9904
      vertex 16 6 -10.3923
      vertex 16 6.63433 -13.4531
    endloop
  endfacet
  facet normal 1 -0 0
    outer loop
      vertex 16 5.30746 -10.7625
      vertex 16 6.63433 -13.4531
      vertex 16 6 -10.3923
    endloop
  endfacet
  facet normal 1 0 0
    outer loop
      vertex 16 6.63433 -13.4531
      vertex 16 5.30746 -10.7625
      vertex 16 5.74025 -13.8582
    endloop
  endfacet
  facet normal 1 -0 0
    outer loop
      vertex 16 4.5922 -11.0866
      vertex 16 5.74025 -13.8582
      vertex 16 5.30746 -10.7625
    endloop
  endfacet
  facet normal 1 0 0
    outer loop
      vertex 16 5.74025 -13.8582
      vertex 16 4.5922 -11.0866
      vertex 16 4.82159 -14.204
    endloop
  endfacet
  facet normal 1 -0 0
    outer loop
      vertex 16 3.85727 -11.3632
      vertex 16 4.82159 -14.204
      vertex 16 4.5922 -11.0866
    endloop
  endfacet
  facet normal 1 0 0
    outer loop
      vertex 16 4.82159 -14.204
      vertex 16 3.85727 -11.3632
      vertex 16 3.88229 -14.4889
    endloop
  endfacet
  facet normal 1 -0 0
    outer loop
      vertex 16 3.10583 -11.5911
      vertex 16 3.88229 -14.4889
      vertex 16 3.85727 -11.3632
    endloop
  endfacet
  facet normal 1 0 0
    outer loop
      vertex 16 3.10583 -11.5911
      vertex 16 2.92635 -14.7118
      vertex 16 3.88229 -14.4889
    endloop
  endfacet
  facet normal 1 -0 0
    outer loop
      vertex 16 2.34108 -11.7694
      vertex 16 2.92635 -14.7118
      vertex 16 3.10583 -11.5911
    endloop
  endfacet
  facet normal 1 0 0
    outer loop
      vertex 16 2.34108 -11.7694
      vertex 16 1.95789 -14.8717
      vertex 16 2.92635 -14.7118
    endloop
  endfacet
  facet normal 1 -0 0
    outer loop
      vertex 16 1.56631 -11.8973
      vertex 16 1.95789 -14.8717
      vertex 16 2.34108 -11.7694
    endloop
  endfacet
  facet normal 1 -0 0
    outer loop
      vertex 16 1.5 -11.9039
      vertex 16 1.95789 -14.8717
      vertex 16 1.56631 -11.8973
    endloop
  endfacet
  facet normal 1 -0 0
    outer loop
      vertex 16 0.974018 -1.26937
      vertex 16 3.04381 -3.96677
      vertex 16 1.05495 -1.20294
    endloop
  endfacet
  facet normal 1 0 0
    outer loop
      vertex 16 3.04381 -3.96677
      vertex 16 0.974018 -1.26937
      vertex 16 2.77785 -4.15735
    endloop
  endfacet
  facet normal 1 -0 0
    outer loop
      vertex 16 0.888912 -1.33035
      vertex 16 2.77785 -4.15735
      vertex 16 0.974018 -1.26937
    endloop
  endfacet
  facet normal 1 0 0
    outer loop
      vertex 16 2.77785 -4.15735
      vertex 16 0.888912 -1.33035
      vertex 16 2.5 -4.33013
    endloop
  endfacet
  facet normal 1 -0 0
    outer loop
      vertex 16 0.799999 -1.38564
      vertex 16 2.5 -4.33013
      vertex 16 0.888912 -1.33035
    endloop
  endfacet
  facet normal 1 0 0
    outer loop
      vertex 16 2.5 -4.33013
      vertex 16 0.799999 -1.38564
      vertex 16 2.21144 -4.48436
    endloop
  endfacet
  facet normal 1 -0 0
    outer loop
      vertex 16 0.707662 -1.435
      vertex 16 2.21144 -4.48436
      vertex 16 0.799999 -1.38564
    endloop
  endfacet
  facet normal 1 0 0
    outer loop
      vertex 16 1.5 -11.9039
      vertex 16 0.981047 -14.9679
      vertex 16 1.95789 -14.8717
    endloop
  endfacet
  facet normal 1 0 0
    outer loop
      vertex 16 2.21144 -4.48436
      vertex 16 0.707662 -1.435
      vertex 16 1.91342 -4.6194
    endloop
  endfacet
  facet normal 1 0 0
    outer loop
      vertex 16 1.5 -4.76717
      vertex 16 -1.5 -4.76717
      vertex 16 1.5 -11.9039
    endloop
  endfacet
  facet normal 1 -0 0
    outer loop
      vertex 16 0.612293 -1.47821
      vertex 16 1.91342 -4.6194
      vertex 16 0.707662 -1.435
    endloop
  endfacet
  facet normal 1 0 0
    outer loop
      vertex 16 1.91342 -4.6194
      vertex 16 0.612293 -1.47821
      vertex 16 1.6072 -4.73465
    endloop
  endfacet
  facet normal 1 -0 0
    outer loop
      vertex 16 0.514302 -1.51509
      vertex 16 1.6072 -4.73465
      vertex 16 0.612293 -1.47821
    endloop
  endfacet
  facet normal 1 0 0
    outer loop
      vertex 16 1.6072 -4.73465
      vertex 16 0.514302 -1.51509
      vertex 16 1.5 -4.76717
    endloop
  endfacet
  facet normal 1 -0 0
    outer loop
      vertex 16 0.41411 -1.54548
      vertex 16 1.5 -4.76717
      vertex 16 0.514302 -1.51509
    endloop
  endfacet
  facet normal 1 -0 0
    outer loop
      vertex 16 0.312144 -1.56926
      vertex 16 1.5 -4.76717
      vertex 16 0.41411 -1.54548
    endloop
  endfacet
  facet normal 1 -0 0
    outer loop
      vertex 16 0.208841 -1.58631
      vertex 16 1.5 -4.76717
      vertex 16 0.312144 -1.56926
    endloop
  endfacet
  facet normal 1 -0 0
    outer loop
      vertex 16 0.104645 -1.59657
      vertex 16 1.5 -4.76717
      vertex 16 0.208841 -1.58631
    endloop
  endfacet
  facet normal 1 -0 0
    outer loop
      vertex 16 0 -1.6
      vertex 16 1.5 -4.76717
      vertex 16 0.104645 -1.59657
    endloop
  endfacet
  facet normal 1 0 0
    outer loop
      vertex 16 1.5 -4.76717
      vertex 16 0 -1.6
      vertex 16 -1.5 -4.76717
    endloop
  endfacet
  facet normal 1 0 0
    outer loop
      vertex 16 -1.5 -11.9039
      vertex 16 1.5 -11.9039
      vertex 16 -1.5 -4.76717
    endloop
  endfacet
  facet normal 1 0 0
    outer loop
      vertex 16 -1.5 -4.76717
      vertex 16 0 -1.6
      vertex 16 -0.104645 -1.59657
    endloop
  endfacet
  facet normal 1 0 0
    outer loop
      vertex 16 -1.5 -4.76717
      vertex 16 -0.104645 -1.59657
      vertex 16 -0.208841 -1.58631
    endloop
  endfacet
  facet normal 1 0 0
    outer loop
      vertex 16 -1.5 -4.76717
      vertex 16 -0.208841 -1.58631
      vertex 16 -0.312144 -1.56926
    endloop
  endfacet
  facet normal 1 0 0
    outer loop
      vertex 16 -1.5 -4.76717
      vertex 16 -0.312144 -1.56926
      vertex 16 -0.41411 -1.54548
    endloop
  endfacet
  facet normal 1 0 0
    outer loop
      vertex 16 -1.5 -4.76717
      vertex 16 -0.41411 -1.54548
      vertex 16 -0.514302 -1.51509
    endloop
  endfacet
  facet normal 1 0 0
    outer loop
      vertex 16 -1.5 -4.76717
      vertex 16 -0.514302 -1.51509
      vertex 16 -0.612293 -1.47821
    endloop
  endfacet
  facet normal 1 0 0
    outer loop
      vertex 16 -1.5 -4.76717
      vertex 16 -0.612293 -1.47821
      vertex 16 -0.707662 -1.435
    endloop
  endfacet
  facet normal 1 0 0
    outer loop
      vertex 16 -1.5 -4.76717
      vertex 16 -0.707662 -1.435
      vertex 16 -0.799999 -1.38564
    endloop
  endfacet
  facet normal 1 0 0
    outer loop
      vertex 16 -1.5 -4.76717
      vertex 16 -0.799999 -1.38564
      vertex 16 -0.888912 -1.33035
    endloop
  endfacet
  facet normal 1 0 0
    outer loop
      vertex 16 -1.5 -4.76717
      vertex 16 -0.888912 -1.33035
      vertex 16 -0.974018 -1.26937
    endloop
  endfacet
  facet normal 1 0 -0
    outer loop
      vertex 16 0 -15
      vertex 16 1.5 -11.9039
      vertex 16 -1.5 -11.9039
    endloop
  endfacet
  facet normal 1 0 0
    outer loop
      vertex 16 -1.5 -4.76717
      vertex 16 -0.974018 -1.26937
      vertex 16 -1.05495 -1.20294
    endloop
  endfacet
  facet normal 1 0 0
    outer loop
      vertex 16 -1.5 -4.76717
      vertex 16 -1.05495 -1.20294
      vertex 16 -1.13137 -1.13137
    endloop
  endfacet
  facet normal 1 0 0
    outer loop
      vertex 16 -1.5 -4.76717
      vertex 16 -1.13137 -1.13137
      vertex 16 -1.20294 -1.05495
    endloop
  endfacet
  facet normal 1 0 0
    outer loop
      vertex 16 -1.5 -4.76717
      vertex 16 -1.20294 -1.05495
      vertex 16 -1.26937 -0.974018
    endloop
  endfacet
  facet normal 1 0 0
    outer loop
      vertex 16 -1.5 -4.76717
      vertex 16 -1.26937 -0.974018
      vertex 16 -1.33035 -0.888912
    endloop
  endfacet
  facet normal 1 0 0
    outer loop
      vertex 16 -1.5 -4.76717
      vertex 16 -1.33035 -0.888912
      vertex 16 -1.38564 -0.799999
    endloop
  endfacet
  facet normal 1 0 0
    outer loop
      vertex 16 -1.5 -4.76717
      vertex 16 -1.38564 -0.799999
      vertex 16 -1.435 -0.707662
    endloop
  endfacet
  facet normal 1 0 0
    outer loop
      vertex 16 -1.5 -4.76717
      vertex 16 -1.435 -0.707662
      vertex 16 -1.47821 -0.612293
    endloop
  endfacet
  facet normal 1 0 0
    outer loop
      vertex 16 1.5 -11.9039
      vertex 16 0 -15
      vertex 16 0.981047 -14.9679
    endloop
  endfacet
  facet normal 1 0 0
    outer loop
      vertex 16 0 -15
      vertex 16 -1.5 -11.9039
      vertex 16 -0.981047 -14.9679
    endloop
  endfacet
  facet normal 1 0 0
    outer loop
      vertex 16 -1.95789 -14.8717
      vertex 16 -1.5 -11.9039
      vertex 16 -1.56631 -11.8973
    endloop
  endfacet
  facet normal 1 0 0
    outer loop
      vertex 16 -1.5 -11.9039
      vertex 16 -1.95789 -14.8717
      vertex 16 -0.981047 -14.9679
    endloop
  endfacet
  facet normal 1 0 0
    outer loop
      vertex 16 -2.34108 -11.7694
      vertex 16 -1.95789 -14.8717
      vertex 16 -1.56631 -11.8973
    endloop
  endfacet
  facet normal 1 0 0
    outer loop
      vertex 16 -2.34108 -11.7694
      vertex 16 -2.92635 -14.7118
      vertex 16 -1.95789 -14.8717
    endloop
  endfacet
  facet normal 1 0 0
    outer loop
      vertex 16 -3.10583 -11.5911
      vertex 16 -2.92635 -14.7118
      vertex 16 -2.34108 -11.7694
    endloop
  endfacet
  facet normal 1 0 0
    outer loop
      vertex 16 -3.88229 -14.4889
      vertex 16 -3.10583 -11.5911
      vertex 16 -3.85727 -11.3632
    endloop
  endfacet
  facet normal 1 0 0
    outer loop
      vertex 16 -3.10583 -11.5911
      vertex 16 -3.88229 -14.4889
      vertex 16 -2.92635 -14.7118
    endloop
  endfacet
  facet normal 1 0 0
    outer loop
      vertex 16 -4.82159 -14.204
      vertex 16 -3.85727 -11.3632
      vertex 16 -4.5922 -11.0866
    endloop
  endfacet
  facet normal 1 0 0
    outer loop
      vertex 16 -3.85727 -11.3632
      vertex 16 -4.82159 -14.204
      vertex 16 -3.88229 -14.4889
    endloop
  endfacet
  facet normal 1 0 0
    outer loop
      vertex 16 -5.74025 -13.8582
      vertex 16 -4.5922 -11.0866
      vertex 16 -5.30746 -10.7625
    endloop
  endfacet
  facet normal 1 0 0
    outer loop
      vertex 16 -4.5922 -11.0866
      vertex 16 -5.74025 -13.8582
      vertex 16 -4.82159 -14.204
    endloop
  endfacet
  facet normal 1 0 0
    outer loop
      vertex 16 -6.63433 -13.4531
      vertex 16 -5.30746 -10.7625
      vertex 16 -6 -10.3923
    endloop
  endfacet
  facet normal 1 0 0
    outer loop
      vertex 16 -5.30746 -10.7625
      vertex 16 -6.63433 -13.4531
      vertex 16 -5.74025 -13.8582
    endloop
  endfacet
  facet normal 1 0 0
    outer loop
      vertex 16 -7.5 -12.9904
      vertex 16 -6 -10.3923
      vertex 16 -6.66684 -9.97763
    endloop
  endfacet
  facet normal 1 0 0
    outer loop
      vertex 16 -8.33355 -12.472
      vertex 16 -6.66684 -9.97763
      vertex 16 -7.30514 -9.52024
    endloop
  endfacet
  facet normal 1 0 0
    outer loop
      vertex 16 -6 -10.3923
      vertex 16 -7.5 -12.9904
      vertex 16 -6.63433 -13.4531
    endloop
  endfacet
  facet normal 1 0 0
    outer loop
      vertex 16 -9.13142 -11.9003
      vertex 16 -7.30514 -9.52024
      vertex 16 -7.91215 -9.02208
    endloop
  endfacet
  facet normal 1 0 0
    outer loop
      vertex 16 -6.66684 -9.97763
      vertex 16 -8.33355 -12.472
      vertex 16 -7.5 -12.9904
    endloop
  endfacet
  facet normal 1 0 0
    outer loop
      vertex 16 -9.89019 -11.2776
      vertex 16 -7.91215 -9.02208
      vertex 16 -8.48528 -8.48528
    endloop
  endfacet
  facet normal 1 0 0
    outer loop
      vertex 16 -10.6066 -10.6066
      vertex 16 -8.48528 -8.48528
      vertex 16 -9.02208 -7.91215
    endloop
  endfacet
  facet normal 1 0 0
    outer loop
      vertex 16 -7.30514 -9.52024
      vertex 16 -9.13142 -11.9003
      vertex 16 -8.33355 -12.472
    endloop
  endfacet
  facet normal 1 0 0
    outer loop
      vertex 16 -11.2776 -9.89019
      vertex 16 -9.02208 -7.91215
      vertex 16 -9.52024 -7.30514
    endloop
  endfacet
  facet normal 1 0 0
    outer loop
      vertex 16 -7.91215 -9.02208
      vertex 16 -9.89019 -11.2776
      vertex 16 -9.13142 -11.9003
    endloop
  endfacet
  facet normal 1 0 0
    outer loop
      vertex 16 -11.9003 -9.13142
      vertex 16 -9.52024 -7.30514
      vertex 16 -9.97763 -6.66684
    endloop
  endfacet
  facet normal 1 0 0
    outer loop
      vertex 16 -12.472 -8.33355
      vertex 16 -9.97763 -6.66684
      vertex 16 -10.3923 -6
    endloop
  endfacet
  facet normal 1 0 0
    outer loop
      vertex 16 -8.48528 -8.48528
      vertex 16 -10.6066 -10.6066
      vertex 16 -9.89019 -11.2776
    endloop
  endfacet
  facet normal 1 0 0
    outer loop
      vertex 16 -12.9904 -7.5
      vertex 16 -10.3923 -6
      vertex 16 -10.7625 -5.30746
    endloop
  endfacet
  facet normal 1 0 0
    outer loop
      vertex 16 -13.4531 -6.63433
      vertex 16 -10.7625 -5.30746
      vertex 16 -11.0866 -4.5922
    endloop
  endfacet
  facet normal 1 0 0
    outer loop
      vertex 16 -9.02208 -7.91215
      vertex 16 -11.2776 -9.89019
      vertex 16 -10.6066 -10.6066
    endloop
  endfacet
  facet normal 1 0 0
    outer loop
      vertex 16 -13.8582 -5.74025
      vertex 16 -11.0866 -4.5922
      vertex 16 -11.3632 -3.85727
    endloop
  endfacet
  facet normal 1 0 0
    outer loop
      vertex 16 -14.204 -4.82159
      vertex 16 -11.3632 -3.85727
      vertex 16 -11.5911 -3.10583
    endloop
  endfacet
  facet normal 1 0 0
    outer loop
      vertex 16 -14.4889 -3.88229
      vertex 16 -11.5911 -3.10583
      vertex 16 -11.7694 -2.34108
    endloop
  endfacet
  facet normal 1 0 0
    outer loop
      vertex 16 -14.7118 -2.92635
      vertex 16 -11.7694 -2.34108
      vertex 16 -11.8973 -1.56631
    endloop
  endfacet
  facet normal 1 0 0
    outer loop
      vertex 16 -9.52024 -7.30514
      vertex 16 -11.9003 -9.13142
      vertex 16 -11.2776 -9.89019
    endloop
  endfacet
  facet normal 1 0 0
    outer loop
      vertex 16 -14.8717 -1.95789
      vertex 16 -11.8973 -1.56631
      vertex 16 -11.9039 -1.5
    endloop
  endfacet
  facet normal 1 -0 0
    outer loop
      vertex 16 -14.4889 3.88229
      vertex 16 -11.5911 3.10583
      vertex 16 -14.204 4.82159
    endloop
  endfacet
  facet normal 1 0 0
    outer loop
      vertex 16 -9.97763 -6.66684
      vertex 16 -12.472 -8.33355
      vertex 16 -11.9003 -9.13142
    endloop
  endfacet
  facet normal 1 0 0
    outer loop
      vertex 16 -11.5911 3.10583
      vertex 16 -14.4889 3.88229
      vertex 16 -11.7694 2.34108
    endloop
  endfacet
  facet normal 1 0 0
    outer loop
      vertex 16 -10.3923 -6
      vertex 16 -12.9904 -7.5
      vertex 16 -12.472 -8.33355
    endloop
  endfacet
  facet normal 1 -0 0
    outer loop
      vertex 16 -14.7118 2.92635
      vertex 16 -11.7694 2.34108
      vertex 16 -14.4889 3.88229
    endloop
  endfacet
  facet normal 1 0 0
    outer loop
      vertex 16 -10.7625 -5.30746
      vertex 16 -13.4531 -6.63433
      vertex 16 -12.9904 -7.5
    endloop
  endfacet
  facet normal 1 0 0
    outer loop
      vertex 16 -11.7694 2.34108
      vertex 16 -14.7118 2.92635
      vertex 16 -11.8973 1.56631
    endloop
  endfacet
  facet normal 1 0 0
    outer loop
      vertex 16 -11.0866 -4.5922
      vertex 16 -13.8582 -5.74025
      vertex 16 -13.4531 -6.63433
    endloop
  endfacet
  facet normal 1 -0 0
    outer loop
      vertex 16 -14.8717 1.95789
      vertex 16 -11.8973 1.56631
      vertex 16 -14.7118 2.92635
    endloop
  endfacet
  facet normal 1 0 0
    outer loop
      vertex 16 -11.3632 -3.85727
      vertex 16 -14.204 -4.82159
      vertex 16 -13.8582 -5.74025
    endloop
  endfacet
  facet normal 1 0 0
    outer loop
      vertex 16 -11.8973 1.56631
      vertex 16 -14.8717 1.95789
      vertex 16 -11.9039 1.5
    endloop
  endfacet
  facet normal 1 0 0
    outer loop
      vertex 16 -11.5911 -3.10583
      vertex 16 -14.4889 -3.88229
      vertex 16 -14.204 -4.82159
    endloop
  endfacet
  facet normal 1 0 0
    outer loop
      vertex 16 -14.9679 0.981047
      vertex 16 -11.9039 1.5
      vertex 16 -14.8717 1.95789
    endloop
  endfacet
  facet normal 1 0 0
    outer loop
      vertex 16 -11.7694 -2.34108
      vertex 16 -14.7118 -2.92635
      vertex 16 -14.4889 -3.88229
    endloop
  endfacet
  facet normal 1 0 0
    outer loop
      vertex 16 -15 0
      vertex 16 -11.9039 1.5
      vertex 16 -14.9679 0.981047
    endloop
  endfacet
  facet normal 1 0 0
    outer loop
      vertex 16 -11.8973 -1.56631
      vertex 16 -14.8717 -1.95789
      vertex 16 -14.7118 -2.92635
    endloop
  endfacet
  facet normal 1 0 0
    outer loop
      vertex 16 -11.9039 1.5
      vertex 16 -15 0
      vertex 16 -11.9039 -1.5
    endloop
  endfacet
  facet normal 1 0 0
    outer loop
      vertex 16 -11.9039 -1.5
      vertex 16 -14.9679 -0.981047
      vertex 16 -14.8717 -1.95789
    endloop
  endfacet
  facet normal 1 0 0
    outer loop
      vertex 16 -11.9039 -1.5
      vertex 16 -15 0
      vertex 16 -14.9679 -0.981047
    endloop
  endfacet
  facet normal 1 -0 0
    outer loop
      vertex 16 2.99358 11.8038
      vertex 16 3.10583 11.5911
      vertex 16 3 12
    endloop
  endfacet
  facet normal 1 0 0
    outer loop
      vertex 16 3.10583 11.5911
      vertex 16 2.99358 11.8038
      vertex 16 2.97562 11.6215
    endloop
  endfacet
  facet normal 1 -0 0
    outer loop
      vertex 16 1.26937 -0.974018
      vertex 16 3.96677 -3.04381
      vertex 16 1.33035 -0.888912
    endloop
  endfacet
  facet normal 1 0 0
    outer loop
      vertex 16 3.96677 -3.04381
      vertex 16 1.26937 -0.974018
      vertex 16 3.7592 -3.29673
    endloop
  endfacet
  facet normal 1 -0 0
    outer loop
      vertex 16 1.20294 -1.05495
      vertex 16 3.7592 -3.29673
      vertex 16 1.26937 -0.974018
    endloop
  endfacet
  facet normal 1 0 0
    outer loop
      vertex 16 3.7592 -3.29673
      vertex 16 1.20294 -1.05495
      vertex 16 3.53553 -3.53553
    endloop
  endfacet
  facet normal 1 -0 0
    outer loop
      vertex 16 1.13137 -1.13137
      vertex 16 3.53553 -3.53553
      vertex 16 1.20294 -1.05495
    endloop
  endfacet
  facet normal 1 0 0
    outer loop
      vertex 16 3.53553 -3.53553
      vertex 16 1.13137 -1.13137
      vertex 16 3.29673 -3.7592
    endloop
  endfacet
  facet normal 1 0 0
    outer loop
      vertex 16 3.29673 -3.7592
      vertex 16 1.05495 -1.20294
      vertex 16 3.04381 -3.96677
    endloop
  endfacet
  facet normal 1 -0 0
    outer loop
      vertex 16 1.05495 -1.20294
      vertex 16 3.29673 -3.7592
      vertex 16 1.13137 -1.13137
    endloop
  endfacet
  facet normal -0 0.471389 0.881926
    outer loop
      vertex 13 7.5 12.9904
      vertex 16 6.63433 13.4531
      vertex 16 7.5 12.9904
    endloop
  endfacet
  facet normal 0 0.471389 0.881926
    outer loop
      vertex 16 6.63433 13.4531
      vertex 13 7.5 12.9904
      vertex 13 6.63433 13.4531
    endloop
  endfacet
  facet normal -0 0.634389 0.773014
    outer loop
      vertex 13 9.89019 11.2776
      vertex 16 9.13142 11.9003
      vertex 16 9.89019 11.2776
    endloop
  endfacet
  facet normal 0 0.634389 0.773014
    outer loop
      vertex 16 9.13142 11.9003
      vertex 13 9.89019 11.2776
      vertex 13 9.13142 11.9003
    endloop
  endfacet
  facet normal 0 0.634389 -0.773014
    outer loop
      vertex 13 9.13142 -11.9003
      vertex 16 9.89019 -11.2776
      vertex 16 9.13142 -11.9003
    endloop
  endfacet
  facet normal 0 0.634389 -0.773014
    outer loop
      vertex 16 9.89019 -11.2776
      vertex 13 9.13142 -11.9003
      vertex 13 9.89019 -11.2776
    endloop
  endfacet
  facet normal 0 -0.973876 0.227082
    outer loop
      vertex 13 -14.7118 2.92635
      vertex 16 -14.4889 3.88229
      vertex 13 -14.4889 3.88229
    endloop
  endfacet
  facet normal 0 -0.973876 0.227082
    outer loop
      vertex 16 -14.4889 3.88229
      vertex 13 -14.7118 2.92635
      vertex 16 -14.7118 2.92635
    endloop
  endfacet
  facet normal 0 -0.528116 -0.849172
    outer loop
      vertex 13 -8.33355 -12.472
      vertex 16 -7.5 -12.9904
      vertex 16 -8.33355 -12.472
    endloop
  endfacet
  facet normal -0 -0.528116 -0.849172
    outer loop
      vertex 16 -7.5 -12.9904
      vertex 13 -8.33355 -12.472
      vertex 13 -7.5 -12.9904
    endloop
  endfacet
  facet normal 0 -0.95695 0.290253
    outer loop
      vertex 13 -14.4889 3.88229
      vertex 16 -14.204 4.82159
      vertex 13 -14.204 4.82159
    endloop
  endfacet
  facet normal 0 -0.95695 0.290253
    outer loop
      vertex 16 -14.204 4.82159
      vertex 13 -14.4889 3.88229
      vertex 16 -14.4889 3.88229
    endloop
  endfacet
  facet normal 0 -0.227082 0.973876
    outer loop
      vertex 13 -2.92635 14.7118
      vertex 16 -3.88229 14.4889
      vertex 16 -2.92635 14.7118
    endloop
  endfacet
  facet normal 0 -0.227082 0.973876
    outer loop
      vertex 16 -3.88229 14.4889
      vertex 13 -2.92635 14.7118
      vertex 13 -3.88229 14.4889
    endloop
  endfacet
  facet normal 0 0.849172 0.528116
    outer loop
      vertex 16 12.9904 7.5
      vertex 13 12.472 8.33355
      vertex 16 12.472 8.33355
    endloop
  endfacet
  facet normal 0 0.849172 0.528116
    outer loop
      vertex 13 12.472 8.33355
      vertex 16 12.9904 7.5
      vertex 13 12.9904 7.5
    endloop
  endfacet
  facet normal 0 -0.849172 0.528116
    outer loop
      vertex 13 -12.9904 7.5
      vertex 16 -12.472 8.33355
      vertex 13 -12.472 8.33355
    endloop
  endfacet
  facet normal 0 -0.849172 0.528116
    outer loop
      vertex 16 -12.472 8.33355
      vertex 13 -12.9904 7.5
      vertex 16 -12.9904 7.5
    endloop
  endfacet
  facet normal -0 0.0327026 0.999465
    outer loop
      vertex 13 0.981047 14.9679
      vertex 16 0 15
      vertex 16 0.981047 14.9679
    endloop
  endfacet
  facet normal 0 0.0327026 0.999465
    outer loop
      vertex 16 0 15
      vertex 13 0.981047 14.9679
      vertex 13 0 15
    endloop
  endfacet
  facet normal -0 0.412705 0.910865
    outer loop
      vertex 13 6.63433 13.4531
      vertex 16 5.74025 13.8582
      vertex 16 6.63433 13.4531
    endloop
  endfacet
  facet normal 0 0.412705 0.910865
    outer loop
      vertex 16 5.74025 13.8582
      vertex 13 6.63433 13.4531
      vertex 13 5.74025 13.8582
    endloop
  endfacet
  facet normal 0 0.973876 -0.227082
    outer loop
      vertex 16 14.4889 -3.88229
      vertex 13 14.7118 -2.92635
      vertex 16 14.7118 -2.92635
    endloop
  endfacet
  facet normal 0 0.973876 -0.227082
    outer loop
      vertex 13 14.7118 -2.92635
      vertex 16 14.4889 -3.88229
      vertex 13 14.4889 -3.88229
    endloop
  endfacet
  facet normal 0 -0.910865 0.412705
    outer loop
      vertex 13 -13.8582 5.74025
      vertex 16 -13.4531 6.63433
      vertex 13 -13.4531 6.63433
    endloop
  endfacet
  facet normal 0 -0.910865 0.412705
    outer loop
      vertex 16 -13.4531 6.63433
      vertex 13 -13.8582 5.74025
      vertex 16 -13.8582 5.74025
    endloop
  endfacet
  facet normal 0 0.995083 0.0990431
    outer loop
      vertex 16 -11.8973 -1.56631
      vertex 13 -11.9039 -1.5
      vertex 16 -11.9039 -1.5
    endloop
  endfacet
  facet normal 0 0.995083 0.0990431
    outer loop
      vertex 13 -11.9039 -1.5
      vertex 16 -11.8973 -1.56631
      vertex 13 -11.8973 -1.56631
    endloop
  endfacet
  facet normal 0 -0.0990431 0.995083
    outer loop
      vertex 13 1.56631 -11.8973
      vertex 16 1.5 -11.9039
      vertex 16 1.56631 -11.8973
    endloop
  endfacet
  facet normal 0 -0.0990431 0.995083
    outer loop
      vertex 16 1.5 -11.9039
      vertex 13 1.56631 -11.8973
      vertex 13 1.5 -11.9039
    endloop
  endfacet
  facet normal 0 -0.634393 0.773011
    outer loop
      vertex 13 7.91215 -9.02208
      vertex 16 7.30514 -9.52024
      vertex 16 7.91215 -9.02208
    endloop
  endfacet
  facet normal 0 -0.634393 0.773011
    outer loop
      vertex 16 7.30514 -9.52024
      vertex 13 7.91215 -9.02208
      vertex 13 7.30514 -9.52024
    endloop
  endfacet
  facet normal 0 -0.52807 0.849201
    outer loop
      vertex 13 6.66684 -9.97763
      vertex 16 6 -10.3923
      vertex 16 6.66684 -9.97763
    endloop
  endfacet
  facet normal 0 -0.52807 0.849201
    outer loop
      vertex 16 6 -10.3923
      vertex 13 6.66684 -9.97763
      vertex 13 6 -10.3923
    endloop
  endfacet
  facet normal 0 -0.935909 -0.352241
    outer loop
      vertex 13 11.3632 3.85727
      vertex 16 11.0866 4.5922
      vertex 13 11.0866 4.5922
    endloop
  endfacet
  facet normal 0 -0.935909 -0.352241
    outer loop
      vertex 16 11.0866 4.5922
      vertex 13 11.3632 3.85727
      vertex 16 11.3632 3.85727
    endloop
  endfacet
  facet normal 0 0.412728 -0.910854
    outer loop
      vertex 13 -5.30746 10.7625
      vertex 16 -4.5922 11.0866
      vertex 16 -5.30746 10.7625
    endloop
  endfacet
  facet normal 0 0.412728 -0.910854
    outer loop
      vertex 16 -4.5922 11.0866
      vertex 13 -5.30746 10.7625
      vertex 13 -4.5922 11.0866
    endloop
  endfacet
  facet normal 0 -0.935909 0.352241
    outer loop
      vertex 13 11.0866 -4.5922
      vertex 16 11.3632 -3.85727
      vertex 13 11.3632 -3.85727
    endloop
  endfacet
  facet normal 0 -0.935909 0.352241
    outer loop
      vertex 16 11.3632 -3.85727
      vertex 13 11.0866 -4.5922
      vertex 16 11.0866 -4.5922
    endloop
  endfacet
  facet normal 0 0.973881 -0.227059
    outer loop
      vertex 16 -11.7694 2.34108
      vertex 13 -11.5911 3.10583
      vertex 16 -11.5911 3.10583
    endloop
  endfacet
  facet normal 0 0.973881 -0.227059
    outer loop
      vertex 13 -11.5911 3.10583
      vertex 16 -11.7694 2.34108
      vertex 13 -11.7694 2.34108
    endloop
  endfacet
  facet normal 0 -0.471426 -0.881906
    outer loop
      vertex 13 5.30746 10.7625
      vertex 16 6 10.3923
      vertex 16 5.30746 10.7625
    endloop
  endfacet
  facet normal -0 -0.471426 -0.881906
    outer loop
      vertex 16 6 10.3923
      vertex 13 5.30746 10.7625
      vertex 13 6 10.3923
    endloop
  endfacet
  facet normal 0 -0.683596 -0.729861
    outer loop
      vertex 13 7.91215 9.02208
      vertex 16 8.48528 8.48528
      vertex 16 7.91215 9.02208
    endloop
  endfacet
  facet normal -0 -0.683596 -0.729861
    outer loop
      vertex 16 8.48528 8.48528
      vertex 13 7.91215 9.02208
      vertex 13 8.48528 8.48528
    endloop
  endfacet
  facet normal 0 0.0990431 -0.995083
    outer loop
      vertex 13 -1.56631 11.8973
      vertex 14.5 -1.5 11.9039
      vertex 14.5 -1.56631 11.8973
    endloop
  endfacet
  facet normal 0 0.0990431 -0.995083
    outer loop
      vertex 14.5 -1.5 11.9039
      vertex 13 -1.56631 11.8973
      vertex 13 -1.5 11.9039
    endloop
  endfacet
  facet normal 0 -0.729861 -0.683596
    outer loop
      vertex 13 9.02208 7.91215
      vertex 16 8.48528 8.48528
      vertex 13 8.48528 8.48528
    endloop
  endfacet
  facet normal 0 -0.729861 -0.683596
    outer loop
      vertex 16 8.48528 8.48528
      vertex 13 9.02208 7.91215
      vertex 16 9.02208 7.91215
    endloop
  endfacet
  facet normal 0 -0.227059 0.973881
    outer loop
      vertex 13 3.10583 -11.5911
      vertex 16 2.34108 -11.7694
      vertex 16 3.10583 -11.5911
    endloop
  endfacet
  facet normal 0 -0.227059 0.973881
    outer loop
      vertex 16 2.34108 -11.7694
      vertex 13 3.10583 -11.5911
      vertex 13 2.34108 -11.7694
    endloop
  endfacet
  facet normal -0 0.412728 0.910854
    outer loop
      vertex 13 -4.5922 -11.0866
      vertex 16 -5.30746 -10.7625
      vertex 16 -4.5922 -11.0866
    endloop
  endfacet
  facet normal 0 0.412728 0.910854
    outer loop
      vertex 16 -5.30746 -10.7625
      vertex 13 -4.5922 -11.0866
      vertex 13 -5.30746 -10.7625
    endloop
  endfacet
  facet normal -0 0.29023 0.956957
    outer loop
      vertex 13 -3.10583 -11.5911
      vertex 16 -3.85727 -11.3632
      vertex 16 -3.10583 -11.5911
    endloop
  endfacet
  facet normal 0 0.29023 0.956957
    outer loop
      vertex 16 -3.85727 -11.3632
      vertex 13 -3.10583 -11.5911
      vertex 13 -3.85727 -11.3632
    endloop
  endfacet
  facet normal 0 0.162877 -0.986646
    outer loop
      vertex 13 -2.34108 11.7694
      vertex 14.5 -1.56631 11.8973
      vertex 14.5 -2.34108 11.7694
    endloop
  endfacet
  facet normal 0 0.162877 -0.986646
    outer loop
      vertex 14.5 -1.56631 11.8973
      vertex 13 -2.34108 11.7694
      vertex 13 -1.56631 11.8973
    endloop
  endfacet
  facet normal 0 0.812852 0.58247
    outer loop
      vertex 16 -9.52024 -7.30514
      vertex 13 -9.97763 -6.66684
      vertex 16 -9.97763 -6.66684
    endloop
  endfacet
  facet normal 0 0.812852 0.58247
    outer loop
      vertex 13 -9.97763 -6.66684
      vertex 16 -9.52024 -7.30514
      vertex 13 -9.52024 -7.30514
    endloop
  endfacet
  facet normal 0 0.352241 -0.935909
    outer loop
      vertex 13 -4.5922 11.0866
      vertex 16 -3.85727 11.3632
      vertex 16 -4.5922 11.0866
    endloop
  endfacet
  facet normal 0 0.352241 -0.935909
    outer loop
      vertex 16 -3.85727 11.3632
      vertex 13 -4.5922 11.0866
      vertex 13 -3.85727 11.3632
    endloop
  endfacet
  facet normal 0 -0.986646 -0.162877
    outer loop
      vertex 13 11.8973 1.56631
      vertex 16 11.7694 2.34108
      vertex 13 11.7694 2.34108
    endloop
  endfacet
  facet normal 0 -0.986646 -0.162877
    outer loop
      vertex 16 11.7694 2.34108
      vertex 13 11.8973 1.56631
      vertex 16 11.8973 1.56631
    endloop
  endfacet
  facet normal 0 0.956957 -0.29023
    outer loop
      vertex 16 -11.5911 3.10583
      vertex 13 -11.3632 3.85727
      vertex 16 -11.3632 3.85727
    endloop
  endfacet
  facet normal 0 0.956957 -0.29023
    outer loop
      vertex 13 -11.3632 3.85727
      vertex 16 -11.5911 3.10583
      vertex 13 -11.5911 3.10583
    endloop
  endfacet
  facet normal 0 -0.29023 0.956957
    outer loop
      vertex 13 3.85727 -11.3632
      vertex 16 3.10583 -11.5911
      vertex 16 3.85727 -11.3632
    endloop
  endfacet
  facet normal 0 -0.29023 0.956957
    outer loop
      vertex 16 3.10583 -11.5911
      vertex 13 3.85727 -11.3632
      vertex 13 3.10583 -11.5911
    endloop
  endfacet
  facet normal 0 -0.412728 0.910854
    outer loop
      vertex 13 5.30746 -10.7625
      vertex 16 4.5922 -11.0866
      vertex 16 5.30746 -10.7625
    endloop
  endfacet
  facet normal 0 -0.412728 0.910854
    outer loop
      vertex 16 4.5922 -11.0866
      vertex 13 5.30746 -10.7625
      vertex 13 4.5922 -11.0866
    endloop
  endfacet
  facet normal 0 -0.773011 0.634393
    outer loop
      vertex 13 9.02208 -7.91215
      vertex 16 9.52024 -7.30514
      vertex 13 9.52024 -7.30514
    endloop
  endfacet
  facet normal 0 -0.773011 0.634393
    outer loop
      vertex 16 9.52024 -7.30514
      vertex 13 9.02208 -7.91215
      vertex 16 9.02208 -7.91215
    endloop
  endfacet
  facet normal 0 0.683596 -0.729861
    outer loop
      vertex 13 -8.48528 8.48528
      vertex 16 -7.91215 9.02208
      vertex 16 -8.48528 8.48528
    endloop
  endfacet
  facet normal 0 0.683596 -0.729861
    outer loop
      vertex 16 -7.91215 9.02208
      vertex 13 -8.48528 8.48528
      vertex 13 -7.91215 9.02208
    endloop
  endfacet
  facet normal 0 -0.352241 -0.935909
    outer loop
      vertex 13 3.85727 11.3632
      vertex 16 4.5922 11.0866
      vertex 16 3.85727 11.3632
    endloop
  endfacet
  facet normal -0 -0.352241 -0.935909
    outer loop
      vertex 16 4.5922 11.0866
      vertex 13 3.85727 11.3632
      vertex 13 4.5922 11.0866
    endloop
  endfacet
  facet normal -0 0.634393 0.773011
    outer loop
      vertex 13 -7.30514 -9.52024
      vertex 16 -7.91215 -9.02208
      vertex 16 -7.30514 -9.52024
    endloop
  endfacet
  facet normal 0 0.634393 0.773011
    outer loop
      vertex 16 -7.91215 -9.02208
      vertex 13 -7.30514 -9.52024
      vertex 13 -7.91215 -9.02208
    endloop
  endfacet
  facet normal 0 -0.995083 -0.0990431
    outer loop
      vertex 13 11.9039 1.5
      vertex 16 11.8973 1.56631
      vertex 13 11.8973 1.56631
    endloop
  endfacet
  facet normal 0 -0.995083 -0.0990431
    outer loop
      vertex 16 11.8973 1.56631
      vertex 13 11.9039 1.5
      vertex 16 11.9039 1.5
    endloop
  endfacet
  facet normal -0 -0.226998 -0.973895
    outer loop
      vertex 14.5 2.34108 11.7694
      vertex 13 2.34108 11.7694
      vertex 14.5 2.97562 11.6215
    endloop
  endfacet
  facet normal 0 -0.227355 -0.973812
    outer loop
      vertex 14.5 2.97562 11.6215
      vertex 16 3.10583 11.5911
      vertex 16 2.97562 11.6215
    endloop
  endfacet
  facet normal 0 -0.227355 -0.973812
    outer loop
      vertex 14.5 2.97562 11.6215
      vertex 13 3.10583 11.5911
      vertex 16 3.10583 11.5911
    endloop
  endfacet
  facet normal 2.71307e-05 -0.227059 -0.973881
    outer loop
      vertex 13 3.10583 11.5911
      vertex 14.5 2.97562 11.6215
      vertex 13 2.34108 11.7694
    endloop
  endfacet
  facet normal 0 -0.995083 0.0990431
    outer loop
      vertex 13 11.8973 -1.56631
      vertex 16 11.9039 -1.5
      vertex 13 11.9039 -1.5
    endloop
  endfacet
  facet normal 0 -0.995083 0.0990431
    outer loop
      vertex 16 11.9039 -1.5
      vertex 13 11.8973 -1.56631
      vertex 16 11.8973 -1.56631
    endloop
  endfacet
  facet normal 0 -0.634393 -0.773011
    outer loop
      vertex 13 7.30514 9.52024
      vertex 16 7.91215 9.02208
      vertex 16 7.30514 9.52024
    endloop
  endfacet
  facet normal -0 -0.634393 -0.773011
    outer loop
      vertex 16 7.91215 9.02208
      vertex 13 7.30514 9.52024
      vertex 13 7.91215 9.02208
    endloop
  endfacet
  facet normal 0 0.986646 -0.162877
    outer loop
      vertex 16 -11.8973 1.56631
      vertex 13 -11.7694 2.34108
      vertex 16 -11.7694 2.34108
    endloop
  endfacet
  facet normal 0 0.986646 -0.162877
    outer loop
      vertex 13 -11.7694 2.34108
      vertex 16 -11.8973 1.56631
      vertex 13 -11.8973 1.56631
    endloop
  endfacet
  facet normal 0 -0.986646 0.162877
    outer loop
      vertex 13 11.7694 -2.34108
      vertex 16 11.8973 -1.56631
      vertex 13 11.8973 -1.56631
    endloop
  endfacet
  facet normal 0 -0.986646 0.162877
    outer loop
      vertex 16 11.8973 -1.56631
      vertex 13 11.7694 -2.34108
      vertex 16 11.7694 -2.34108
    endloop
  endfacet
  facet normal 0 -0.881906 0.471426
    outer loop
      vertex 13 10.3923 -6
      vertex 16 10.7625 -5.30746
      vertex 13 10.7625 -5.30746
    endloop
  endfacet
  facet normal 0 -0.881906 0.471426
    outer loop
      vertex 16 10.7625 -5.30746
      vertex 13 10.3923 -6
      vertex 16 10.3923 -6
    endloop
  endfacet
  facet normal -0 0.58247 0.812852
    outer loop
      vertex 13 -6.66684 -9.97763
      vertex 16 -7.30514 -9.52024
      vertex 16 -6.66684 -9.97763
    endloop
  endfacet
  facet normal 0 0.58247 0.812852
    outer loop
      vertex 16 -7.30514 -9.52024
      vertex 13 -6.66684 -9.97763
      vertex 13 -7.30514 -9.52024
    endloop
  endfacet
  facet normal 0 -0.849201 -0.52807
    outer loop
      vertex 13 10.3923 6
      vertex 16 9.97763 6.66684
      vertex 13 9.97763 6.66684
    endloop
  endfacet
  facet normal 0 -0.849201 -0.52807
    outer loop
      vertex 16 9.97763 6.66684
      vertex 13 10.3923 6
      vertex 16 10.3923 6
    endloop
  endfacet
  facet normal 0 -0.58247 -0.812852
    outer loop
      vertex 13 6.66684 9.97763
      vertex 16 7.30514 9.52024
      vertex 16 6.66684 9.97763
    endloop
  endfacet
  facet normal -0 -0.58247 -0.812852
    outer loop
      vertex 16 7.30514 9.52024
      vertex 13 6.66684 9.97763
      vertex 13 7.30514 9.52024
    endloop
  endfacet
  facet normal 0 -0.973881 0.227059
    outer loop
      vertex 13 11.5911 -3.10583
      vertex 16 11.7694 -2.34108
      vertex 13 11.7694 -2.34108
    endloop
  endfacet
  facet normal 0 -0.973881 0.227059
    outer loop
      vertex 16 11.7694 -2.34108
      vertex 13 11.5911 -3.10583
      vertex 16 11.5911 -3.10583
    endloop
  endfacet
  facet normal -0 0.352241 0.935909
    outer loop
      vertex 13 -3.85727 -11.3632
      vertex 16 -4.5922 -11.0866
      vertex 16 -3.85727 -11.3632
    endloop
  endfacet
  facet normal 0 0.352241 0.935909
    outer loop
      vertex 16 -4.5922 -11.0866
      vertex 13 -3.85727 -11.3632
      vertex 13 -4.5922 -11.0866
    endloop
  endfacet
  facet normal 0 -0.683596 0.729861
    outer loop
      vertex 13 8.48528 -8.48528
      vertex 16 7.91215 -9.02208
      vertex 16 8.48528 -8.48528
    endloop
  endfacet
  facet normal 0 -0.683596 0.729861
    outer loop
      vertex 16 7.91215 -9.02208
      vertex 13 8.48528 -8.48528
      vertex 13 7.91215 -9.02208
    endloop
  endfacet
  facet normal 0 0.995083 -0.0990431
    outer loop
      vertex 16 -11.9039 1.5
      vertex 13 -11.8973 1.56631
      vertex 16 -11.8973 1.56631
    endloop
  endfacet
  facet normal 0 0.995083 -0.0990431
    outer loop
      vertex 13 -11.8973 1.56631
      vertex 16 -11.9039 1.5
      vertex 13 -11.9039 1.5
    endloop
  endfacet
  facet normal 0 0.849201 0.52807
    outer loop
      vertex 16 -9.97763 -6.66684
      vertex 13 -10.3923 -6
      vertex 16 -10.3923 -6
    endloop
  endfacet
  facet normal 0 0.849201 0.52807
    outer loop
      vertex 13 -10.3923 -6
      vertex 16 -9.97763 -6.66684
      vertex 13 -9.97763 -6.66684
    endloop
  endfacet
  facet normal 0 0.881906 0.471426
    outer loop
      vertex 16 -10.3923 -6
      vertex 13 -10.7625 -5.30746
      vertex 16 -10.7625 -5.30746
    endloop
  endfacet
  facet normal 0 0.881906 0.471426
    outer loop
      vertex 13 -10.7625 -5.30746
      vertex 16 -10.3923 -6
      vertex 13 -10.3923 -6
    endloop
  endfacet
  facet normal 0 -0.471426 0.881906
    outer loop
      vertex 13 6 -10.3923
      vertex 16 5.30746 -10.7625
      vertex 16 6 -10.3923
    endloop
  endfacet
  facet normal 0 -0.471426 0.881906
    outer loop
      vertex 16 5.30746 -10.7625
      vertex 13 6 -10.3923
      vertex 13 5.30746 -10.7625
    endloop
  endfacet
  facet normal -0 0.227059 0.973881
    outer loop
      vertex 13 -2.34108 -11.7694
      vertex 16 -3.10583 -11.5911
      vertex 16 -2.34108 -11.7694
    endloop
  endfacet
  facet normal 0 0.227059 0.973881
    outer loop
      vertex 16 -3.10583 -11.5911
      vertex 13 -2.34108 -11.7694
      vertex 13 -3.10583 -11.5911
    endloop
  endfacet
  facet normal 0 0.956957 0.29023
    outer loop
      vertex 16 -11.3632 -3.85727
      vertex 13 -11.5911 -3.10583
      vertex 16 -11.5911 -3.10583
    endloop
  endfacet
  facet normal 0 0.956957 0.29023
    outer loop
      vertex 13 -11.5911 -3.10583
      vertex 16 -11.3632 -3.85727
      vertex 13 -11.3632 -3.85727
    endloop
  endfacet
  facet normal 0 0.634393 -0.773011
    outer loop
      vertex 13 -7.91215 9.02208
      vertex 16 -7.30514 9.52024
      vertex 16 -7.91215 9.02208
    endloop
  endfacet
  facet normal 0 0.634393 -0.773011
    outer loop
      vertex 16 -7.30514 9.52024
      vertex 13 -7.91215 9.02208
      vertex 13 -7.30514 9.52024
    endloop
  endfacet
  facet normal -0 0.0990431 0.995083
    outer loop
      vertex 13 -1.5 -11.9039
      vertex 16 -1.56631 -11.8973
      vertex 16 -1.5 -11.9039
    endloop
  endfacet
  facet normal 0 0.0990431 0.995083
    outer loop
      vertex 16 -1.56631 -11.8973
      vertex 13 -1.5 -11.9039
      vertex 13 -1.56631 -11.8973
    endloop
  endfacet
  facet normal 0 -0.29023 -0.956957
    outer loop
      vertex 13 3.10583 11.5911
      vertex 16 3.85727 11.3632
      vertex 16 3.10583 11.5911
    endloop
  endfacet
  facet normal -0 -0.29023 -0.956957
    outer loop
      vertex 16 3.85727 11.3632
      vertex 13 3.10583 11.5911
      vertex 13 3.85727 11.3632
    endloop
  endfacet
  facet normal 0 -0.910854 -0.412728
    outer loop
      vertex 13 11.0866 4.5922
      vertex 16 10.7625 5.30746
      vertex 13 10.7625 5.30746
    endloop
  endfacet
  facet normal 0 -0.910854 -0.412728
    outer loop
      vertex 16 10.7625 5.30746
      vertex 13 11.0866 4.5922
      vertex 16 11.0866 4.5922
    endloop
  endfacet
  facet normal 0 -0.956957 -0.29023
    outer loop
      vertex 13 11.5911 3.10583
      vertex 16 11.3632 3.85727
      vertex 13 11.3632 3.85727
    endloop
  endfacet
  facet normal 0 -0.956957 -0.29023
    outer loop
      vertex 16 11.3632 3.85727
      vertex 13 11.5911 3.10583
      vertex 16 11.5911 3.10583
    endloop
  endfacet
  facet normal 0 -0.956957 0.29023
    outer loop
      vertex 13 11.3632 -3.85727
      vertex 16 11.5911 -3.10583
      vertex 13 11.5911 -3.10583
    endloop
  endfacet
  facet normal 0 -0.956957 0.29023
    outer loop
      vertex 16 11.5911 -3.10583
      vertex 13 11.3632 -3.85727
      vertex 16 11.3632 -3.85727
    endloop
  endfacet
  facet normal 0 0.910854 0.412728
    outer loop
      vertex 16 -10.7625 -5.30746
      vertex 13 -11.0866 -4.5922
      vertex 16 -11.0866 -4.5922
    endloop
  endfacet
  facet normal 0 0.910854 0.412728
    outer loop
      vertex 13 -11.0866 -4.5922
      vertex 16 -10.7625 -5.30746
      vertex 13 -10.7625 -5.30746
    endloop
  endfacet
  facet normal 0 0.58247 -0.812852
    outer loop
      vertex 13 -7.30514 9.52024
      vertex 16 -6.66684 9.97763
      vertex 16 -7.30514 9.52024
    endloop
  endfacet
  facet normal 0 0.58247 -0.812852
    outer loop
      vertex 16 -6.66684 9.97763
      vertex 13 -7.30514 9.52024
      vertex 13 -6.66684 9.97763
    endloop
  endfacet
  facet normal 0 0.29023 -0.956957
    outer loop
      vertex 13 -3.85727 11.3632
      vertex 16 -3.10583 11.5911
      vertex 16 -3.85727 11.3632
    endloop
  endfacet
  facet normal 0 0.29023 -0.956957
    outer loop
      vertex 16 -3.10583 11.5911
      vertex 13 -3.85727 11.3632
      vertex 13 -3.10583 11.5911
    endloop
  endfacet
  facet normal -0 0.162877 0.986646
    outer loop
      vertex 13 -1.56631 -11.8973
      vertex 16 -2.34108 -11.7694
      vertex 16 -1.56631 -11.8973
    endloop
  endfacet
  facet normal 0 0.162877 0.986646
    outer loop
      vertex 16 -2.34108 -11.7694
      vertex 13 -1.56631 -11.8973
      vertex 13 -2.34108 -11.7694
    endloop
  endfacet
  facet normal 0 -0.849201 0.52807
    outer loop
      vertex 13 9.97763 -6.66684
      vertex 16 10.3923 -6
      vertex 13 10.3923 -6
    endloop
  endfacet
  facet normal 0 -0.849201 0.52807
    outer loop
      vertex 16 10.3923 -6
      vertex 13 9.97763 -6.66684
      vertex 16 9.97763 -6.66684
    endloop
  endfacet
  facet normal 0 -0.773011 -0.634393
    outer loop
      vertex 13 9.52024 7.30514
      vertex 16 9.02208 7.91215
      vertex 13 9.02208 7.91215
    endloop
  endfacet
  facet normal 0 -0.773011 -0.634393
    outer loop
      vertex 16 9.02208 7.91215
      vertex 13 9.52024 7.30514
      vertex 16 9.52024 7.30514
    endloop
  endfacet
  facet normal -0 0.471426 0.881906
    outer loop
      vertex 13 -5.30746 -10.7625
      vertex 16 -6 -10.3923
      vertex 16 -5.30746 -10.7625
    endloop
  endfacet
  facet normal 0 0.471426 0.881906
    outer loop
      vertex 16 -6 -10.3923
      vertex 13 -5.30746 -10.7625
      vertex 13 -6 -10.3923
    endloop
  endfacet
  facet normal 0 0.935909 0.352241
    outer loop
      vertex 16 -11.0866 -4.5922
      vertex 13 -11.3632 -3.85727
      vertex 16 -11.3632 -3.85727
    endloop
  endfacet
  facet normal 0 0.935909 0.352241
    outer loop
      vertex 13 -11.3632 -3.85727
      vertex 16 -11.0866 -4.5922
      vertex 13 -11.0866 -4.5922
    endloop
  endfacet
  facet normal 0 -0.352241 0.935909
    outer loop
      vertex 13 4.5922 -11.0866
      vertex 16 3.85727 -11.3632
      vertex 16 4.5922 -11.0866
    endloop
  endfacet
  facet normal 0 -0.352241 0.935909
    outer loop
      vertex 16 3.85727 -11.3632
      vertex 13 4.5922 -11.0866
      vertex 13 3.85727 -11.3632
    endloop
  endfacet
  facet normal 0 -0.0990431 -0.995083
    outer loop
      vertex 13 1.5 11.9039
      vertex 14.5 1.56631 11.8973
      vertex 14.5 1.5 11.9039
    endloop
  endfacet
  facet normal -0 -0.0990431 -0.995083
    outer loop
      vertex 14.5 1.56631 11.8973
      vertex 13 1.5 11.9039
      vertex 13 1.56631 11.8973
    endloop
  endfacet
  facet normal 0 0.935909 -0.352241
    outer loop
      vertex 16 -11.3632 3.85727
      vertex 13 -11.0866 4.5922
      vertex 16 -11.0866 4.5922
    endloop
  endfacet
  facet normal 0 0.935909 -0.352241
    outer loop
      vertex 13 -11.0866 4.5922
      vertex 16 -11.3632 3.85727
      vertex 13 -11.3632 3.85727
    endloop
  endfacet
  facet normal 0 -0.812852 0.58247
    outer loop
      vertex 13 9.52024 -7.30514
      vertex 16 9.97763 -6.66684
      vertex 13 9.97763 -6.66684
    endloop
  endfacet
  facet normal 0 -0.812852 0.58247
    outer loop
      vertex 16 9.97763 -6.66684
      vertex 13 9.52024 -7.30514
      vertex 16 9.52024 -7.30514
    endloop
  endfacet
  facet normal 0 -0.58247 0.812852
    outer loop
      vertex 13 7.30514 -9.52024
      vertex 16 6.66684 -9.97763
      vertex 16 7.30514 -9.52024
    endloop
  endfacet
  facet normal 0 -0.58247 0.812852
    outer loop
      vertex 16 6.66684 -9.97763
      vertex 13 7.30514 -9.52024
      vertex 13 6.66684 -9.97763
    endloop
  endfacet
  facet normal 0 -0.162877 0.986646
    outer loop
      vertex 13 2.34108 -11.7694
      vertex 16 1.56631 -11.8973
      vertex 16 2.34108 -11.7694
    endloop
  endfacet
  facet normal 0 -0.162877 0.986646
    outer loop
      vertex 16 1.56631 -11.8973
      vertex 13 2.34108 -11.7694
      vertex 13 1.56631 -11.8973
    endloop
  endfacet
  facet normal 0 -0.910854 0.412728
    outer loop
      vertex 13 10.7625 -5.30746
      vertex 16 11.0866 -4.5922
      vertex 13 11.0866 -4.5922
    endloop
  endfacet
  facet normal 0 -0.910854 0.412728
    outer loop
      vertex 16 11.0866 -4.5922
      vertex 13 10.7625 -5.30746
      vertex 16 10.7625 -5.30746
    endloop
  endfacet
  facet normal 0 0.729861 0.683596
    outer loop
      vertex 16 -8.48528 -8.48528
      vertex 13 -9.02208 -7.91215
      vertex 16 -9.02208 -7.91215
    endloop
  endfacet
  facet normal 0 0.729861 0.683596
    outer loop
      vertex 13 -9.02208 -7.91215
      vertex 16 -8.48528 -8.48528
      vertex 13 -8.48528 -8.48528
    endloop
  endfacet
  facet normal 0 0.227355 -0.973812
    outer loop
      vertex 16 -3.10583 11.5911
      vertex 14.5 -2.97562 11.6215
      vertex 16 -2.97562 11.6215
    endloop
  endfacet
  facet normal 0 0.227355 -0.973812
    outer loop
      vertex 13 -3.10583 11.5911
      vertex 14.5 -2.97562 11.6215
      vertex 16 -3.10583 11.5911
    endloop
  endfacet
  facet normal 2.71307e-05 0.227059 -0.973881
    outer loop
      vertex 13 -2.34108 11.7694
      vertex 14.5 -2.97562 11.6215
      vertex 13 -3.10583 11.5911
    endloop
  endfacet
  facet normal 0 0.226998 -0.973895
    outer loop
      vertex 14.5 -2.97562 11.6215
      vertex 13 -2.34108 11.7694
      vertex 14.5 -2.34108 11.7694
    endloop
  endfacet
  facet normal 0 0.52807 -0.849201
    outer loop
      vertex 13 -6.66684 9.97763
      vertex 16 -6 10.3923
      vertex 16 -6.66684 9.97763
    endloop
  endfacet
  facet normal 0 0.52807 -0.849201
    outer loop
      vertex 16 -6 10.3923
      vertex 13 -6.66684 9.97763
      vertex 13 -6 10.3923
    endloop
  endfacet
  facet normal 0 0.729861 -0.683596
    outer loop
      vertex 16 -9.02208 7.91215
      vertex 13 -8.48528 8.48528
      vertex 16 -8.48528 8.48528
    endloop
  endfacet
  facet normal 0 0.729861 -0.683596
    outer loop
      vertex 13 -8.48528 8.48528
      vertex 16 -9.02208 7.91215
      vertex 13 -9.02208 7.91215
    endloop
  endfacet
  facet normal -0 0.52807 0.849201
    outer loop
      vertex 13 -6 -10.3923
      vertex 16 -6.66684 -9.97763
      vertex 16 -6 -10.3923
    endloop
  endfacet
  facet normal 0 0.52807 0.849201
    outer loop
      vertex 16 -6.66684 -9.97763
      vertex 13 -6 -10.3923
      vertex 13 -6.66684 -9.97763
    endloop
  endfacet
  facet normal 0 -0.729861 0.683596
    outer loop
      vertex 13 8.48528 -8.48528
      vertex 16 9.02208 -7.91215
      vertex 13 9.02208 -7.91215
    endloop
  endfacet
  facet normal 0 -0.729861 0.683596
    outer loop
      vertex 16 9.02208 -7.91215
      vertex 13 8.48528 -8.48528
      vertex 16 8.48528 -8.48528
    endloop
  endfacet
  facet normal 0 0.986646 0.162877
    outer loop
      vertex 16 -11.7694 -2.34108
      vertex 13 -11.8973 -1.56631
      vertex 16 -11.8973 -1.56631
    endloop
  endfacet
  facet normal 0 0.986646 0.162877
    outer loop
      vertex 13 -11.8973 -1.56631
      vertex 16 -11.7694 -2.34108
      vertex 13 -11.7694 -2.34108
    endloop
  endfacet
  facet normal -0 0.683596 0.729861
    outer loop
      vertex 13 -7.91215 -9.02208
      vertex 16 -8.48528 -8.48528
      vertex 16 -7.91215 -9.02208
    endloop
  endfacet
  facet normal 0 0.683596 0.729861
    outer loop
      vertex 16 -8.48528 -8.48528
      vertex 13 -7.91215 -9.02208
      vertex 13 -8.48528 -8.48528
    endloop
  endfacet
  facet normal 0 -0.162877 -0.986646
    outer loop
      vertex 13 1.56631 11.8973
      vertex 14.5 2.34108 11.7694
      vertex 14.5 1.56631 11.8973
    endloop
  endfacet
  facet normal -0 -0.162877 -0.986646
    outer loop
      vertex 14.5 2.34108 11.7694
      vertex 13 1.56631 11.8973
      vertex 13 2.34108 11.7694
    endloop
  endfacet
  facet normal 0 0.773011 -0.634393
    outer loop
      vertex 16 -9.52024 7.30514
      vertex 13 -9.02208 7.91215
      vertex 16 -9.02208 7.91215
    endloop
  endfacet
  facet normal 0 0.773011 -0.634393
    outer loop
      vertex 13 -9.02208 7.91215
      vertex 16 -9.52024 7.30514
      vertex 13 -9.52024 7.30514
    endloop
  endfacet
  facet normal 0 0.973881 0.227059
    outer loop
      vertex 16 -11.5911 -3.10583
      vertex 13 -11.7694 -2.34108
      vertex 16 -11.7694 -2.34108
    endloop
  endfacet
  facet normal 0 0.973881 0.227059
    outer loop
      vertex 13 -11.7694 -2.34108
      vertex 16 -11.5911 -3.10583
      vertex 13 -11.5911 -3.10583
    endloop
  endfacet
  facet normal 0 0.849201 -0.52807
    outer loop
      vertex 16 -10.3923 6
      vertex 13 -9.97763 6.66684
      vertex 16 -9.97763 6.66684
    endloop
  endfacet
  facet normal 0 0.849201 -0.52807
    outer loop
      vertex 13 -9.97763 6.66684
      vertex 16 -10.3923 6
      vertex 13 -10.3923 6
    endloop
  endfacet
  facet normal 0 0.773011 0.634393
    outer loop
      vertex 16 -9.02208 -7.91215
      vertex 13 -9.52024 -7.30514
      vertex 16 -9.52024 -7.30514
    endloop
  endfacet
  facet normal 0 0.773011 0.634393
    outer loop
      vertex 13 -9.52024 -7.30514
      vertex 16 -9.02208 -7.91215
      vertex 13 -9.02208 -7.91215
    endloop
  endfacet
  facet normal 0 -0.812852 -0.58247
    outer loop
      vertex 13 9.97763 6.66684
      vertex 16 9.52024 7.30514
      vertex 13 9.52024 7.30514
    endloop
  endfacet
  facet normal 0 -0.812852 -0.58247
    outer loop
      vertex 16 9.52024 7.30514
      vertex 13 9.97763 6.66684
      vertex 16 9.97763 6.66684
    endloop
  endfacet
  facet normal 0 -0.973881 -0.227059
    outer loop
      vertex 13 11.7694 2.34108
      vertex 16 11.5911 3.10583
      vertex 13 11.5911 3.10583
    endloop
  endfacet
  facet normal 0 -0.973881 -0.227059
    outer loop
      vertex 16 11.5911 3.10583
      vertex 13 11.7694 2.34108
      vertex 16 11.7694 2.34108
    endloop
  endfacet
  facet normal 0 0.471426 -0.881906
    outer loop
      vertex 13 -6 10.3923
      vertex 16 -5.30746 10.7625
      vertex 16 -6 10.3923
    endloop
  endfacet
  facet normal 0 0.471426 -0.881906
    outer loop
      vertex 16 -5.30746 10.7625
      vertex 13 -6 10.3923
      vertex 13 -5.30746 10.7625
    endloop
  endfacet
  facet normal 0 -0.52807 -0.849201
    outer loop
      vertex 13 6 10.3923
      vertex 16 6.66684 9.97763
      vertex 16 6 10.3923
    endloop
  endfacet
  facet normal -0 -0.52807 -0.849201
    outer loop
      vertex 16 6.66684 9.97763
      vertex 13 6 10.3923
      vertex 13 6.66684 9.97763
    endloop
  endfacet
  facet normal 0 -0.412728 -0.910854
    outer loop
      vertex 13 4.5922 11.0866
      vertex 16 5.30746 10.7625
      vertex 16 4.5922 11.0866
    endloop
  endfacet
  facet normal -0 -0.412728 -0.910854
    outer loop
      vertex 16 5.30746 10.7625
      vertex 13 4.5922 11.0866
      vertex 13 5.30746 10.7625
    endloop
  endfacet
  facet normal 0 0.910854 -0.412728
    outer loop
      vertex 16 -11.0866 4.5922
      vertex 13 -10.7625 5.30746
      vertex 16 -10.7625 5.30746
    endloop
  endfacet
  facet normal 0 0.910854 -0.412728
    outer loop
      vertex 13 -10.7625 5.30746
      vertex 16 -11.0866 4.5922
      vertex 13 -11.0866 4.5922
    endloop
  endfacet
  facet normal 0 -0.881906 -0.471426
    outer loop
      vertex 13 10.7625 5.30746
      vertex 16 10.3923 6
      vertex 13 10.3923 6
    endloop
  endfacet
  facet normal 0 -0.881906 -0.471426
    outer loop
      vertex 16 10.3923 6
      vertex 13 10.7625 5.30746
      vertex 16 10.7625 5.30746
    endloop
  endfacet
  facet normal 0 0.812852 -0.58247
    outer loop
      vertex 16 -9.97763 6.66684
      vertex 13 -9.52024 7.30514
      vertex 16 -9.52024 7.30514
    endloop
  endfacet
  facet normal 0 0.812852 -0.58247
    outer loop
      vertex 13 -9.52024 7.30514
      vertex 16 -9.97763 6.66684
      vertex 13 -9.97763 6.66684
    endloop
  endfacet
  facet normal 0 0.881906 -0.471426
    outer loop
      vertex 16 -10.7625 5.30746
      vertex 13 -10.3923 6
      vertex 16 -10.3923 6
    endloop
  endfacet
  facet normal 0 0.881906 -0.471426
    outer loop
      vertex 13 -10.3923 6
      vertex 16 -10.7625 5.30746
      vertex 13 -10.7625 5.30746
    endloop
  endfacet
  facet normal 0 1 -0
    outer loop
      vertex 16 1.5 -11.9039
      vertex 13 1.5 -4.76717
      vertex 16 1.5 -4.76717
    endloop
  endfacet
  facet normal 0 1 0
    outer loop
      vertex 13 1.5 -4.76717
      vertex 16 1.5 -11.9039
      vertex 13 1.5 -11.9039
    endloop
  endfacet
  facet normal 0 -1 0
    outer loop
      vertex 13 -1.5 -11.9039
      vertex 16 -1.5 -4.76717
      vertex 13 -1.5 -4.76717
    endloop
  endfacet
  facet normal 0 -1 -0
    outer loop
      vertex 16 -1.5 -4.76717
      vertex 13 -1.5 -11.9039
      vertex 16 -1.5 -11.9039
    endloop
  endfacet
  facet normal -0 0 1
    outer loop
      vertex 13 11.9039 1.5
      vertex 16 4.76717 1.5
      vertex 16 11.9039 1.5
    endloop
  endfacet
  facet normal 0 0 1
    outer loop
      vertex 16 4.76717 1.5
      vertex 13 11.9039 1.5
      vertex 13 4.76717 1.5
    endloop
  endfacet
  facet normal 0 0 -1
    outer loop
      vertex 13 4.76717 -1.5
      vertex 16 11.9039 -1.5
      vertex 16 4.76717 -1.5
    endloop
  endfacet
  facet normal -0 0 -1
    outer loop
      vertex 16 11.9039 -1.5
      vertex 13 4.76717 -1.5
      vertex 13 11.9039 -1.5
    endloop
  endfacet
  facet normal 0 1 0
    outer loop
      vertex 16 1.5 9.40192
      vertex 16 1.5 4.76717
      vertex 14.5 1.5 9.40192
    endloop
  endfacet
  facet normal 0 1 -0
    outer loop
      vertex 14.5 1.5 9.40192
      vertex 13 1.5 11.9039
      vertex 14.5 1.5 11.9039
    endloop
  endfacet
  facet normal 0 1 0
    outer loop
      vertex 13 1.5 4.76717
      vertex 14.5 1.5 9.40192
      vertex 16 1.5 4.76717
    endloop
  endfacet
  facet normal 0 1 0
    outer loop
      vertex 14.5 1.5 9.40192
      vertex 13 1.5 4.76717
      vertex 13 1.5 11.9039
    endloop
  endfacet
  facet normal 0 -1 0
    outer loop
      vertex 13 -1.5 11.9039
      vertex 14.5 -1.5 9.40192
      vertex 14.5 -1.5 11.9039
    endloop
  endfacet
  facet normal 0 -1 0
    outer loop
      vertex 13 -1.5 4.76717
      vertex 14.5 -1.5 9.40192
      vertex 13 -1.5 11.9039
    endloop
  endfacet
  facet normal 0 -1 0
    outer loop
      vertex 16 -1.5 4.76717
      vertex 14.5 -1.5 9.40192
      vertex 13 -1.5 4.76717
    endloop
  endfacet
  facet normal 0 -1 0
    outer loop
      vertex 14.5 -1.5 9.40192
      vertex 16 -1.5 4.76717
      vertex 16 -1.5 9.40192
    endloop
  endfacet
  facet normal -0 0 1
    outer loop
      vertex 13 -4.76717 1.5
      vertex 16 -11.9039 1.5
      vertex 16 -4.76717 1.5
    endloop
  endfacet
  facet normal 0 0 1
    outer loop
      vertex 16 -11.9039 1.5
      vertex 13 -4.76717 1.5
      vertex 13 -11.9039 1.5
    endloop
  endfacet
  facet normal 0 0 -1
    outer loop
      vertex 13 -11.9039 -1.5
      vertex 16 -4.76717 -1.5
      vertex 16 -11.9039 -1.5
    endloop
  endfacet
  facet normal -0 0 -1
    outer loop
      vertex 16 -4.76717 -1.5
      vertex 13 -11.9039 -1.5
      vertex 13 -4.76717 -1.5
    endloop
  endfacet
  facet normal 0 0.773005 0.6344
    outer loop
      vertex 16 3.96677 3.04381
      vertex 13 3.7592 3.29673
      vertex 16 3.7592 3.29673
    endloop
  endfacet
  facet normal 0 0.773005 0.6344
    outer loop
      vertex 13 3.7592 3.29673
      vertex 16 3.96677 3.04381
      vertex 13 3.96677 3.04381
    endloop
  endfacet
  facet normal 0 -0.8492 -0.528072
    outer loop
      vertex 13 -4.15735 -2.77785
      vertex 16 -4.33013 -2.5
      vertex 13 -4.33013 -2.5
    endloop
  endfacet
  facet normal 0 -0.8492 -0.528072
    outer loop
      vertex 16 -4.33013 -2.5
      vertex 13 -4.15735 -2.77785
      vertex 16 -4.15735 -2.77785
    endloop
  endfacet
  facet normal 0 -0.352242 -0.935909
    outer loop
      vertex 13 -1.91342 -4.6194
      vertex 16 -1.6072 -4.73465
      vertex 16 -1.91342 -4.6194
    endloop
  endfacet
  facet normal -0 -0.352242 -0.935909
    outer loop
      vertex 16 -1.6072 -4.73465
      vertex 13 -1.91342 -4.6194
      vertex 13 -1.6072 -4.73465
    endloop
  endfacet
  facet normal -0 0.582469 0.812853
    outer loop
      vertex 13 3.04381 3.96677
      vertex 16 2.77785 4.15735
      vertex 16 3.04381 3.96677
    endloop
  endfacet
  facet normal 0 0.582469 0.812853
    outer loop
      vertex 16 2.77785 4.15735
      vertex 13 3.04381 3.96677
      vertex 13 2.77785 4.15735
    endloop
  endfacet
  facet normal 0 -0.41273 0.910854
    outer loop
      vertex 13 -1.91342 4.6194
      vertex 16 -2.21144 4.48436
      vertex 16 -1.91342 4.6194
    endloop
  endfacet
  facet normal 0 -0.41273 0.910854
    outer loop
      vertex 16 -2.21144 4.48436
      vertex 13 -1.91342 4.6194
      vertex 13 -2.21144 4.48436
    endloop
  endfacet
  facet normal 0 0.773005 -0.6344
    outer loop
      vertex 16 3.7592 -3.29673
      vertex 13 3.96677 -3.04381
      vertex 16 3.96677 -3.04381
    endloop
  endfacet
  facet normal 0 0.773005 -0.6344
    outer loop
      vertex 13 3.96677 -3.04381
      vertex 16 3.7592 -3.29673
      vertex 13 3.7592 -3.29673
    endloop
  endfacet
  facet normal 0 0.352242 -0.935909
    outer loop
      vertex 13 1.6072 -4.73465
      vertex 16 1.91342 -4.6194
      vertex 16 1.6072 -4.73465
    endloop
  endfacet
  facet normal 0 0.352242 -0.935909
    outer loop
      vertex 16 1.91342 -4.6194
      vertex 13 1.6072 -4.73465
      vertex 13 1.91342 -4.6194
    endloop
  endfacet
  facet normal 0 -0.773005 -0.6344
    outer loop
      vertex 13 -3.7592 -3.29673
      vertex 16 -3.96677 -3.04381
      vertex 13 -3.96677 -3.04381
    endloop
  endfacet
  facet normal 0 -0.773005 -0.6344
    outer loop
      vertex 16 -3.96677 -3.04381
      vertex 13 -3.7592 -3.29673
      vertex 16 -3.7592 -3.29673
    endloop
  endfacet
  facet normal 0 0.935909 0.352242
    outer loop
      vertex 16 4.73465 1.6072
      vertex 13 4.6194 1.91342
      vertex 16 4.6194 1.91342
    endloop
  endfacet
  facet normal 0 0.935909 0.352242
    outer loop
      vertex 13 4.6194 1.91342
      vertex 16 4.73465 1.6072
      vertex 13 4.73465 1.6072
    endloop
  endfacet
  facet normal 0 -0.582469 -0.812853
    outer loop
      vertex 13 -3.04381 -3.96677
      vertex 16 -2.77785 -4.15735
      vertex 16 -3.04381 -3.96677
    endloop
  endfacet
  facet normal -0 -0.582469 -0.812853
    outer loop
      vertex 16 -2.77785 -4.15735
      vertex 13 -3.04381 -3.96677
      vertex 13 -2.77785 -4.15735
    endloop
  endfacet
  facet normal 0 -0.6344 0.773005
    outer loop
      vertex 13 -3.04381 3.96677
      vertex 16 -3.29673 3.7592
      vertex 16 -3.04381 3.96677
    endloop
  endfacet
  facet normal 0 -0.6344 0.773005
    outer loop
      vertex 16 -3.29673 3.7592
      vertex 13 -3.04381 3.96677
      vertex 13 -3.29673 3.7592
    endloop
  endfacet
  facet normal 0 0.812853 -0.582469
    outer loop
      vertex 16 3.96677 -3.04381
      vertex 13 4.15735 -2.77785
      vertex 16 4.15735 -2.77785
    endloop
  endfacet
  facet normal 0 0.812853 -0.582469
    outer loop
      vertex 13 4.15735 -2.77785
      vertex 16 3.96677 -3.04381
      vertex 13 3.96677 -3.04381
    endloop
  endfacet
  facet normal 0 -0.528072 0.8492
    outer loop
      vertex 13 -2.5 4.33013
      vertex 16 -2.77785 4.15735
      vertex 16 -2.5 4.33013
    endloop
  endfacet
  facet normal 0 -0.528072 0.8492
    outer loop
      vertex 16 -2.77785 4.15735
      vertex 13 -2.5 4.33013
      vertex 13 -2.77785 4.15735
    endloop
  endfacet
  facet normal 0 -0.352242 0.935909
    outer loop
      vertex 13 -1.6072 4.73465
      vertex 16 -1.91342 4.6194
      vertex 16 -1.6072 4.73465
    endloop
  endfacet
  facet normal 0 -0.352242 0.935909
    outer loop
      vertex 16 -1.91342 4.6194
      vertex 13 -1.6072 4.73465
      vertex 13 -1.91342 4.6194
    endloop
  endfacet
  facet normal 0 -0.290295 0.956937
    outer loop
      vertex 13 -1.5 4.76717
      vertex 16 -1.6072 4.73465
      vertex 16 -1.5 4.76717
    endloop
  endfacet
  facet normal 0 -0.290295 0.956937
    outer loop
      vertex 16 -1.6072 4.73465
      vertex 13 -1.5 4.76717
      vertex 13 -1.6072 4.73465
    endloop
  endfacet
  facet normal 0 0.910854 -0.41273
    outer loop
      vertex 16 4.48436 -2.21144
      vertex 13 4.6194 -1.91342
      vertex 16 4.6194 -1.91342
    endloop
  endfacet
  facet normal 0 0.910854 -0.41273
    outer loop
      vertex 13 4.6194 -1.91342
      vertex 16 4.48436 -2.21144
      vertex 13 4.48436 -2.21144
    endloop
  endfacet
  facet normal 0 -0.910854 -0.41273
    outer loop
      vertex 13 -4.48436 -2.21144
      vertex 16 -4.6194 -1.91342
      vertex 13 -4.6194 -1.91342
    endloop
  endfacet
  facet normal 0 -0.910854 -0.41273
    outer loop
      vertex 16 -4.6194 -1.91342
      vertex 13 -4.48436 -2.21144
      vertex 16 -4.48436 -2.21144
    endloop
  endfacet
  facet normal 0 0.956937 0.290295
    outer loop
      vertex 16 4.76717 1.5
      vertex 13 4.73465 1.6072
      vertex 16 4.73465 1.6072
    endloop
  endfacet
  facet normal 0 0.956937 0.290295
    outer loop
      vertex 13 4.73465 1.6072
      vertex 16 4.76717 1.5
      vertex 13 4.76717 1.5
    endloop
  endfacet
  facet normal 0 0.683608 -0.72985
    outer loop
      vertex 13 3.29673 -3.7592
      vertex 16 3.53553 -3.53553
      vertex 16 3.29673 -3.7592
    endloop
  endfacet
  facet normal 0 0.683608 -0.72985
    outer loop
      vertex 16 3.53553 -3.53553
      vertex 13 3.29673 -3.7592
      vertex 13 3.53553 -3.53553
    endloop
  endfacet
  facet normal 0 0.8492 -0.528072
    outer loop
      vertex 16 4.15735 -2.77785
      vertex 13 4.33013 -2.5
      vertex 16 4.33013 -2.5
    endloop
  endfacet
  facet normal 0 0.8492 -0.528072
    outer loop
      vertex 13 4.33013 -2.5
      vertex 16 4.15735 -2.77785
      vertex 13 4.15735 -2.77785
    endloop
  endfacet
  facet normal -0 0.41273 0.910854
    outer loop
      vertex 13 2.21144 4.48436
      vertex 16 1.91342 4.6194
      vertex 16 2.21144 4.48436
    endloop
  endfacet
  facet normal 0 0.41273 0.910854
    outer loop
      vertex 16 1.91342 4.6194
      vertex 13 2.21144 4.48436
      vertex 13 1.91342 4.6194
    endloop
  endfacet
  facet normal 0 -0.290295 -0.956937
    outer loop
      vertex 13 -1.6072 -4.73465
      vertex 16 -1.5 -4.76717
      vertex 16 -1.6072 -4.73465
    endloop
  endfacet
  facet normal -0 -0.290295 -0.956937
    outer loop
      vertex 16 -1.5 -4.76717
      vertex 13 -1.6072 -4.73465
      vertex 13 -1.5 -4.76717
    endloop
  endfacet
  facet normal 0 -0.471376 0.881932
    outer loop
      vertex 13 -2.21144 4.48436
      vertex 16 -2.5 4.33013
      vertex 16 -2.21144 4.48436
    endloop
  endfacet
  facet normal 0 -0.471376 0.881932
    outer loop
      vertex 16 -2.5 4.33013
      vertex 13 -2.21144 4.48436
      vertex 13 -2.5 4.33013
    endloop
  endfacet
  facet normal 0 0.881932 -0.471376
    outer loop
      vertex 16 4.33013 -2.5
      vertex 13 4.48436 -2.21144
      vertex 16 4.48436 -2.21144
    endloop
  endfacet
  facet normal 0 0.881932 -0.471376
    outer loop
      vertex 13 4.48436 -2.21144
      vertex 16 4.33013 -2.5
      vertex 13 4.33013 -2.5
    endloop
  endfacet
  facet normal 0 -0.812853 0.582469
    outer loop
      vertex 13 -4.15735 2.77785
      vertex 16 -3.96677 3.04381
      vertex 13 -3.96677 3.04381
    endloop
  endfacet
  facet normal 0 -0.812853 0.582469
    outer loop
      vertex 16 -3.96677 3.04381
      vertex 13 -4.15735 2.77785
      vertex 16 -4.15735 2.77785
    endloop
  endfacet
  facet normal 0 -0.41273 -0.910854
    outer loop
      vertex 13 -2.21144 -4.48436
      vertex 16 -1.91342 -4.6194
      vertex 16 -2.21144 -4.48436
    endloop
  endfacet
  facet normal -0 -0.41273 -0.910854
    outer loop
      vertex 16 -1.91342 -4.6194
      vertex 13 -2.21144 -4.48436
      vertex 13 -1.91342 -4.6194
    endloop
  endfacet
  facet normal 0 -0.773005 0.6344
    outer loop
      vertex 13 -3.96677 3.04381
      vertex 16 -3.7592 3.29673
      vertex 13 -3.7592 3.29673
    endloop
  endfacet
  facet normal 0 -0.773005 0.6344
    outer loop
      vertex 16 -3.7592 3.29673
      vertex 13 -3.96677 3.04381
      vertex 16 -3.96677 3.04381
    endloop
  endfacet
  facet normal 0 0.528072 -0.8492
    outer loop
      vertex 13 2.5 -4.33013
      vertex 16 2.77785 -4.15735
      vertex 16 2.5 -4.33013
    endloop
  endfacet
  facet normal 0 0.528072 -0.8492
    outer loop
      vertex 16 2.77785 -4.15735
      vertex 13 2.5 -4.33013
      vertex 13 2.77785 -4.15735
    endloop
  endfacet
  facet normal 0 -0.471376 -0.881932
    outer loop
      vertex 13 -2.5 -4.33013
      vertex 16 -2.21144 -4.48436
      vertex 16 -2.5 -4.33013
    endloop
  endfacet
  facet normal -0 -0.471376 -0.881932
    outer loop
      vertex 16 -2.21144 -4.48436
      vertex 13 -2.5 -4.33013
      vertex 13 -2.21144 -4.48436
    endloop
  endfacet
  facet normal 0 0.290295 -0.956937
    outer loop
      vertex 13 1.5 -4.76717
      vertex 16 1.6072 -4.73465
      vertex 16 1.5 -4.76717
    endloop
  endfacet
  facet normal 0 0.290295 -0.956937
    outer loop
      vertex 16 1.6072 -4.73465
      vertex 13 1.5 -4.76717
      vertex 13 1.6072 -4.73465
    endloop
  endfacet
  facet normal 0 0.41273 -0.910854
    outer loop
      vertex 13 1.91342 -4.6194
      vertex 16 2.21144 -4.48436
      vertex 16 1.91342 -4.6194
    endloop
  endfacet
  facet normal 0 0.41273 -0.910854
    outer loop
      vertex 16 2.21144 -4.48436
      vertex 13 1.91342 -4.6194
      vertex 13 2.21144 -4.48436
    endloop
  endfacet
  facet normal 0 0.72985 -0.683608
    outer loop
      vertex 16 3.53553 -3.53553
      vertex 13 3.7592 -3.29673
      vertex 16 3.7592 -3.29673
    endloop
  endfacet
  facet normal 0 0.72985 -0.683608
    outer loop
      vertex 13 3.7592 -3.29673
      vertex 16 3.53553 -3.53553
      vertex 13 3.53553 -3.53553
    endloop
  endfacet
  facet normal 0 0.812853 0.582469
    outer loop
      vertex 16 4.15735 2.77785
      vertex 13 3.96677 3.04381
      vertex 16 3.96677 3.04381
    endloop
  endfacet
  facet normal 0 0.812853 0.582469
    outer loop
      vertex 13 3.96677 3.04381
      vertex 16 4.15735 2.77785
      vertex 13 4.15735 2.77785
    endloop
  endfacet
  facet normal 0 -0.683608 -0.72985
    outer loop
      vertex 13 -3.53553 -3.53553
      vertex 16 -3.29673 -3.7592
      vertex 16 -3.53553 -3.53553
    endloop
  endfacet
  facet normal -0 -0.683608 -0.72985
    outer loop
      vertex 16 -3.29673 -3.7592
      vertex 13 -3.53553 -3.53553
      vertex 13 -3.29673 -3.7592
    endloop
  endfacet
  facet normal 0 -0.72985 -0.683608
    outer loop
      vertex 13 -3.53553 -3.53553
      vertex 16 -3.7592 -3.29673
      vertex 13 -3.7592 -3.29673
    endloop
  endfacet
  facet normal 0 -0.72985 -0.683608
    outer loop
      vertex 16 -3.7592 -3.29673
      vertex 13 -3.53553 -3.53553
      vertex 16 -3.53553 -3.53553
    endloop
  endfacet
  facet normal 0 0.8492 0.528072
    outer loop
      vertex 16 4.33013 2.5
      vertex 13 4.15735 2.77785
      vertex 16 4.15735 2.77785
    endloop
  endfacet
  facet normal 0 0.8492 0.528072
    outer loop
      vertex 13 4.15735 2.77785
      vertex 16 4.33013 2.5
      vertex 13 4.33013 2.5
    endloop
  endfacet
  facet normal 0 0.471376 -0.881932
    outer loop
      vertex 13 2.21144 -4.48436
      vertex 16 2.5 -4.33013
      vertex 16 2.21144 -4.48436
    endloop
  endfacet
  facet normal 0 0.471376 -0.881932
    outer loop
      vertex 16 2.5 -4.33013
      vertex 13 2.21144 -4.48436
      vertex 13 2.5 -4.33013
    endloop
  endfacet
  facet normal -0 0.352242 0.935909
    outer loop
      vertex 13 1.91342 4.6194
      vertex 16 1.6072 4.73465
      vertex 16 1.91342 4.6194
    endloop
  endfacet
  facet normal 0 0.352242 0.935909
    outer loop
      vertex 16 1.6072 4.73465
      vertex 13 1.91342 4.6194
      vertex 13 1.6072 4.73465
    endloop
  endfacet
  facet normal 0 -0.956937 0.290295
    outer loop
      vertex 13 -4.76717 1.5
      vertex 16 -4.73465 1.6072
      vertex 13 -4.73465 1.6072
    endloop
  endfacet
  facet normal 0 -0.956937 0.290295
    outer loop
      vertex 16 -4.73465 1.6072
      vertex 13 -4.76717 1.5
      vertex 16 -4.76717 1.5
    endloop
  endfacet
  facet normal 0 -0.935909 -0.352242
    outer loop
      vertex 13 -4.6194 -1.91342
      vertex 16 -4.73465 -1.6072
      vertex 13 -4.73465 -1.6072
    endloop
  endfacet
  facet normal 0 -0.935909 -0.352242
    outer loop
      vertex 16 -4.73465 -1.6072
      vertex 13 -4.6194 -1.91342
      vertex 16 -4.6194 -1.91342
    endloop
  endfacet
  facet normal 0 -0.956937 -0.290295
    outer loop
      vertex 13 -4.73465 -1.6072
      vertex 16 -4.76717 -1.5
      vertex 13 -4.76717 -1.5
    endloop
  endfacet
  facet normal 0 -0.956937 -0.290295
    outer loop
      vertex 16 -4.76717 -1.5
      vertex 13 -4.73465 -1.6072
      vertex 16 -4.73465 -1.6072
    endloop
  endfacet
  facet normal 0 -0.6344 -0.773005
    outer loop
      vertex 13 -3.29673 -3.7592
      vertex 16 -3.04381 -3.96677
      vertex 16 -3.29673 -3.7592
    endloop
  endfacet
  facet normal -0 -0.6344 -0.773005
    outer loop
      vertex 16 -3.04381 -3.96677
      vertex 13 -3.29673 -3.7592
      vertex 13 -3.04381 -3.96677
    endloop
  endfacet
  facet normal 0 0.935909 -0.352242
    outer loop
      vertex 16 4.6194 -1.91342
      vertex 13 4.73465 -1.6072
      vertex 16 4.73465 -1.6072
    endloop
  endfacet
  facet normal 0 0.935909 -0.352242
    outer loop
      vertex 13 4.73465 -1.6072
      vertex 16 4.6194 -1.91342
      vertex 13 4.6194 -1.91342
    endloop
  endfacet
  facet normal 0 -0.881932 -0.471376
    outer loop
      vertex 13 -4.33013 -2.5
      vertex 16 -4.48436 -2.21144
      vertex 13 -4.48436 -2.21144
    endloop
  endfacet
  facet normal 0 -0.881932 -0.471376
    outer loop
      vertex 16 -4.48436 -2.21144
      vertex 13 -4.33013 -2.5
      vertex 16 -4.33013 -2.5
    endloop
  endfacet
  facet normal 0 -0.582469 0.812853
    outer loop
      vertex 13 -2.77785 4.15735
      vertex 16 -3.04381 3.96677
      vertex 16 -2.77785 4.15735
    endloop
  endfacet
  facet normal 0 -0.582469 0.812853
    outer loop
      vertex 16 -3.04381 3.96677
      vertex 13 -2.77785 4.15735
      vertex 13 -3.04381 3.96677
    endloop
  endfacet
  facet normal -0 0.471376 0.881932
    outer loop
      vertex 13 2.5 4.33013
      vertex 16 2.21144 4.48436
      vertex 16 2.5 4.33013
    endloop
  endfacet
  facet normal 0 0.471376 0.881932
    outer loop
      vertex 16 2.21144 4.48436
      vertex 13 2.5 4.33013
      vertex 13 2.21144 4.48436
    endloop
  endfacet
  facet normal 0 -0.910854 0.41273
    outer loop
      vertex 13 -4.6194 1.91342
      vertex 16 -4.48436 2.21144
      vertex 13 -4.48436 2.21144
    endloop
  endfacet
  facet normal 0 -0.910854 0.41273
    outer loop
      vertex 16 -4.48436 2.21144
      vertex 13 -4.6194 1.91342
      vertex 16 -4.6194 1.91342
    endloop
  endfacet
  facet normal 0 0.582469 -0.812853
    outer loop
      vertex 13 2.77785 -4.15735
      vertex 16 3.04381 -3.96677
      vertex 16 2.77785 -4.15735
    endloop
  endfacet
  facet normal 0 0.582469 -0.812853
    outer loop
      vertex 16 3.04381 -3.96677
      vertex 13 2.77785 -4.15735
      vertex 13 3.04381 -3.96677
    endloop
  endfacet
  facet normal 0 -0.935909 0.352242
    outer loop
      vertex 13 -4.73465 1.6072
      vertex 16 -4.6194 1.91342
      vertex 13 -4.6194 1.91342
    endloop
  endfacet
  facet normal 0 -0.935909 0.352242
    outer loop
      vertex 16 -4.6194 1.91342
      vertex 13 -4.73465 1.6072
      vertex 16 -4.73465 1.6072
    endloop
  endfacet
  facet normal -0 0.683608 0.72985
    outer loop
      vertex 13 3.53553 3.53553
      vertex 16 3.29673 3.7592
      vertex 16 3.53553 3.53553
    endloop
  endfacet
  facet normal 0 0.683608 0.72985
    outer loop
      vertex 16 3.29673 3.7592
      vertex 13 3.53553 3.53553
      vertex 13 3.29673 3.7592
    endloop
  endfacet
  facet normal 0 0.72985 0.683608
    outer loop
      vertex 16 3.7592 3.29673
      vertex 13 3.53553 3.53553
      vertex 16 3.53553 3.53553
    endloop
  endfacet
  facet normal 0 0.72985 0.683608
    outer loop
      vertex 13 3.53553 3.53553
      vertex 16 3.7592 3.29673
      vertex 13 3.7592 3.29673
    endloop
  endfacet
  facet normal -0 0.528072 0.8492
    outer loop
      vertex 13 2.77785 4.15735
      vertex 16 2.5 4.33013
      vertex 16 2.77785 4.15735
    endloop
  endfacet
  facet normal 0 0.528072 0.8492
    outer loop
      vertex 16 2.5 4.33013
      vertex 13 2.77785 4.15735
      vertex 13 2.5 4.33013
    endloop
  endfacet
  facet normal 0 -0.528072 -0.8492
    outer loop
      vertex 13 -2.77785 -4.15735
      vertex 16 -2.5 -4.33013
      vertex 16 -2.77785 -4.15735
    endloop
  endfacet
  facet normal -0 -0.528072 -0.8492
    outer loop
      vertex 16 -2.5 -4.33013
      vertex 13 -2.77785 -4.15735
      vertex 13 -2.5 -4.33013
    endloop
  endfacet
  facet normal 0 -0.683608 0.72985
    outer loop
      vertex 13 -3.29673 3.7592
      vertex 16 -3.53553 3.53553
      vertex 16 -3.29673 3.7592
    endloop
  endfacet
  facet normal 0 -0.683608 0.72985
    outer loop
      vertex 16 -3.53553 3.53553
      vertex 13 -3.29673 3.7592
      vertex 13 -3.53553 3.53553
    endloop
  endfacet
  facet normal 0 0.910854 0.41273
    outer loop
      vertex 16 4.6194 1.91342
      vertex 13 4.48436 2.21144
      vertex 16 4.48436 2.21144
    endloop
  endfacet
  facet normal 0 0.910854 0.41273
    outer loop
      vertex 13 4.48436 2.21144
      vertex 16 4.6194 1.91342
      vertex 13 4.6194 1.91342
    endloop
  endfacet
  facet normal 0 -0.812853 -0.582469
    outer loop
      vertex 13 -3.96677 -3.04381
      vertex 16 -4.15735 -2.77785
      vertex 13 -4.15735 -2.77785
    endloop
  endfacet
  facet normal 0 -0.812853 -0.582469
    outer loop
      vertex 16 -4.15735 -2.77785
      vertex 13 -3.96677 -3.04381
      vertex 16 -3.96677 -3.04381
    endloop
  endfacet
  facet normal 0 -0.72985 0.683608
    outer loop
      vertex 13 -3.7592 3.29673
      vertex 16 -3.53553 3.53553
      vertex 13 -3.53553 3.53553
    endloop
  endfacet
  facet normal 0 -0.72985 0.683608
    outer loop
      vertex 16 -3.53553 3.53553
      vertex 13 -3.7592 3.29673
      vertex 16 -3.7592 3.29673
    endloop
  endfacet
  facet normal -0 0.6344 0.773005
    outer loop
      vertex 13 3.29673 3.7592
      vertex 16 3.04381 3.96677
      vertex 16 3.29673 3.7592
    endloop
  endfacet
  facet normal 0 0.6344 0.773005
    outer loop
      vertex 16 3.04381 3.96677
      vertex 13 3.29673 3.7592
      vertex 13 3.04381 3.96677
    endloop
  endfacet
  facet normal 0 0.6344 -0.773005
    outer loop
      vertex 13 3.04381 -3.96677
      vertex 16 3.29673 -3.7592
      vertex 16 3.04381 -3.96677
    endloop
  endfacet
  facet normal 0 0.6344 -0.773005
    outer loop
      vertex 16 3.29673 -3.7592
      vertex 13 3.04381 -3.96677
      vertex 13 3.29673 -3.7592
    endloop
  endfacet
  facet normal -0 0.290295 0.956937
    outer loop
      vertex 13 1.6072 4.73465
      vertex 16 1.5 4.76717
      vertex 16 1.6072 4.73465
    endloop
  endfacet
  facet normal 0 0.290295 0.956937
    outer loop
      vertex 16 1.5 4.76717
      vertex 13 1.6072 4.73465
      vertex 13 1.5 4.76717
    endloop
  endfacet
  facet normal 0 -0.8492 0.528072
    outer loop
      vertex 13 -4.33013 2.5
      vertex 16 -4.15735 2.77785
      vertex 13 -4.15735 2.77785
    endloop
  endfacet
  facet normal 0 -0.8492 0.528072
    outer loop
      vertex 16 -4.15735 2.77785
      vertex 13 -4.33013 2.5
      vertex 16 -4.33013 2.5
    endloop
  endfacet
  facet normal 0 0.956937 -0.290295
    outer loop
      vertex 16 4.73465 -1.6072
      vertex 13 4.76717 -1.5
      vertex 16 4.76717 -1.5
    endloop
  endfacet
  facet normal 0 0.956937 -0.290295
    outer loop
      vertex 13 4.76717 -1.5
      vertex 16 4.73465 -1.6072
      vertex 13 4.73465 -1.6072
    endloop
  endfacet
  facet normal 0 0.881932 0.471376
    outer loop
      vertex 16 4.48436 2.21144
      vertex 13 4.33013 2.5
      vertex 16 4.33013 2.5
    endloop
  endfacet
  facet normal 0 0.881932 0.471376
    outer loop
      vertex 13 4.33013 2.5
      vertex 16 4.48436 2.21144
      vertex 13 4.48436 2.21144
    endloop
  endfacet
  facet normal 0 -0.881932 0.471376
    outer loop
      vertex 13 -4.48436 2.21144
      vertex 16 -4.33013 2.5
      vertex 13 -4.33013 2.5
    endloop
  endfacet
  facet normal 0 -0.881932 0.471376
    outer loop
      vertex 16 -4.33013 2.5
      vertex 13 -4.48436 2.21144
      vertex 16 -4.48436 2.21144
    endloop
  endfacet
  facet normal 0 1 0
    outer loop
      vertex 11.0839 0.599999 9.15423
      vertex 11.5 0.599999 10.9238
      vertex 11.5 0.599999 9.57036
    endloop
  endfacet
  facet normal 0 1 0
    outer loop
      vertex 11.5 0.599999 10.9238
      vertex 11.0839 0.599999 9.15423
      vertex 10.4738 0.599999 11.95
    endloop
  endfacet
  facet normal 0 1 0
    outer loop
      vertex 11.0839 0.599999 9.15423
      vertex 5.80688 0.599999 7.28312
      vertex 10.4738 0.599999 11.95
    endloop
  endfacet
  facet normal 0 1 -0
    outer loop
      vertex 8.60866 0.599999 6.66837
      vertex 5.80688 0.599999 7.28312
      vertex 11.0839 0.599999 9.15423
    endloop
  endfacet
  facet normal 0 1 0
    outer loop
      vertex 5.80688 0.599999 7.28312
      vertex 8.60866 0.599999 6.66837
      vertex 7.51749 0.599999 5.57251
    endloop
  endfacet
  facet normal 0 -1 0
    outer loop
      vertex 11.0839 -0.599999 9.15423
      vertex 11.5 -0.599999 10.9238
      vertex 10.4738 -0.599999 11.95
    endloop
  endfacet
  facet normal 0 -1 -0
    outer loop
      vertex 11.5 -0.599999 10.9238
      vertex 11.0839 -0.599999 9.15423
      vertex 11.5 -0.599999 9.57036
    endloop
  endfacet
  facet normal 0 -1 0
    outer loop
      vertex 5.80688 -0.599999 7.28312
      vertex 11.0839 -0.599999 9.15423
      vertex 10.4738 -0.599999 11.95
    endloop
  endfacet
  facet normal 0 -1 0
    outer loop
      vertex 5.80688 -0.599999 7.28312
      vertex 8.60866 -0.599999 6.66837
      vertex 11.0839 -0.599999 9.15423
    endloop
  endfacet
  facet normal -0 -1 0
    outer loop
      vertex 8.60866 -0.599999 6.66837
      vertex 5.80688 -0.599999 7.28312
      vertex 7.51749 -0.599999 5.57251
    endloop
  endfacet
  facet normal -0.707104 0 0.70711
    outer loop
      vertex 5.80688 -0.599999 7.28312
      vertex 10.4738 0.599999 11.95
      vertex 5.80688 0.599999 7.28312
    endloop
  endfacet
  facet normal -0.707104 0 0.70711
    outer loop
      vertex 10.4738 0.599999 11.95
      vertex 5.80688 -0.599999 7.28312
      vertex 10.4738 -0.599999 11.95
    endloop
  endfacet
  facet normal 0.707107 -0 0.707107
    outer loop
      vertex 10.4738 -0.599999 11.95
      vertex 11.5 0.599999 10.9238
      vertex 10.4738 0.599999 11.95
    endloop
  endfacet
  facet normal 0.707107 0 0.707107
    outer loop
      vertex 11.5 0.599999 10.9238
      vertex 10.4738 -0.599999 11.95
      vertex 11.5 -0.599999 10.9238
    endloop
  endfacet
  facet normal -0.707107 0 -0.707107
    outer loop
      vertex 7.50603 0.366879 5.58397
      vertex 5.80688 0.599999 7.28312
      vertex 7.51749 0.599999 5.57251
    endloop
  endfacet
  facet normal -0.707107 0 -0.707107
    outer loop
      vertex 7.50599 0.365995 5.58401
      vertex 5.80688 0.599999 7.28312
      vertex 7.50603 0.366879 5.58397
    endloop
  endfacet
  facet normal -0.707107 0 -0.707107
    outer loop
      vertex 7.50598 0.365118 5.58402
      vertex 5.80688 0.599999 7.28312
      vertex 7.50599 0.365995 5.58401
    endloop
  endfacet
  facet normal -0.707107 0 -0.707107
    outer loop
      vertex 7.5 0 5.59
      vertex 5.80688 0.599999 7.28312
      vertex 7.50598 0.365118 5.58402
    endloop
  endfacet
  facet normal -0.707107 0 -0.707107
    outer loop
      vertex 5.80688 -0.599999 7.28312
      vertex 7.5 0 5.59
      vertex 7.50598 -0.365118 5.58402
    endloop
  endfacet
  facet normal -0.707107 0 -0.707107
    outer loop
      vertex 5.80688 -0.599999 7.28312
      vertex 7.50598 -0.365118 5.58402
      vertex 7.50599 -0.365995 5.58401
    endloop
  endfacet
  facet normal -0.707107 0 -0.707107
    outer loop
      vertex 5.80688 -0.599999 7.28312
      vertex 7.50599 -0.365995 5.58401
      vertex 7.50603 -0.366879 5.58397
    endloop
  endfacet
  facet normal -0.707107 0 -0.707107
    outer loop
      vertex 5.80688 -0.599999 7.28312
      vertex 7.50603 -0.366879 5.58397
      vertex 7.51749 -0.599999 5.57251
    endloop
  endfacet
  facet normal -0.707107 0 -0.707107
    outer loop
      vertex 7.5 0 5.59
      vertex 5.80688 -0.599999 7.28312
      vertex 5.80688 0.599999 7.28312
    endloop
  endfacet
  facet normal -0.707103 0.183018 0.683015
    outer loop
      vertex 5.80688 2.46457 6.87966
      vertex 5.80688 1.30546 7.19025
      vertex 10.4738 2.51334 11.6981
    endloop
  endfacet
  facet normal -0.707111 -0.183007 -0.68301
    outer loop
      vertex 7.50603 1.79961 5.29874
      vertex 5.80688 1.30546 7.19025
      vertex 7.51436 1.96116 5.24683
    endloop
  endfacet
  facet normal -0.706311 -0.185919 -0.683052
    outer loop
      vertex 7.50599 1.79877 5.29901
      vertex 5.80688 1.30546 7.19025
      vertex 7.50603 1.79961 5.29874
    endloop
  endfacet
  facet normal -0.70608 -0.186755 -0.683062
    outer loop
      vertex 7.50598 1.79793 5.29925
      vertex 5.80688 1.30546 7.19025
      vertex 7.50599 1.79877 5.29901
    endloop
  endfacet
  facet normal -0.707106 -0.18302 -0.683012
    outer loop
      vertex 7.5 1.4468 5.39953
      vertex 5.80688 1.30546 7.19025
      vertex 7.50598 1.79793 5.29925
    endloop
  endfacet
  facet normal -0.707111 -0.18299 -0.683014
    outer loop
      vertex 7.5 1.4468 5.39953
      vertex 7.50599 1.09172 5.48846
      vertex 5.80688 1.30546 7.19025
    endloop
  endfacet
  facet normal -0.707109 -0.183024 -0.683008
    outer loop
      vertex 5.80688 1.30546 7.19025
      vertex 7.50599 1.09172 5.48846
      vertex 7.51749 0.862716 5.53792
    endloop
  endfacet
  facet normal 1.35973e-05 -0.965925 0.258823
    outer loop
      vertex 11.5 1.95766 9.62429
      vertex 11.0839 1.78973 8.9976
      vertex 11.5 1.89744 9.39955
    endloop
  endfacet
  facet normal -7.98409e-06 -0.965921 0.258837
    outer loop
      vertex 5.80688 1.30546 7.19025
      vertex 11.0839 1.78973 8.9976
      vertex 11.5 1.95766 9.62429
    endloop
  endfacet
  facet normal -1.59632e-06 -0.965926 0.258819
    outer loop
      vertex 11.0839 1.78973 8.9976
      vertex 5.80688 1.30546 7.19025
      vertex 7.51749 0.862716 5.53792
    endloop
  endfacet
  facet normal -0.707102 0.183023 0.683014
    outer loop
      vertex 10.4738 3.67245 11.3875
      vertex 5.80688 2.46457 6.87966
      vertex 10.4738 2.51334 11.6981
    endloop
  endfacet
  facet normal 1.74393e-07 0.965925 -0.258821
    outer loop
      vertex 7.75775 2.08428 5.46041
      vertex 5.80688 2.46457 6.87966
      vertex 10.4738 3.67245 11.3875
    endloop
  endfacet
  facet normal 2.46168e-06 0.965926 -0.258818
    outer loop
      vertex 5.80688 2.46457 6.87966
      vertex 7.75775 2.08428 5.46041
      vertex 7.51749 2.02183 5.22734
    endloop
  endfacet
  facet normal -0.707106 -0.182941 -0.683032
    outer loop
      vertex 7.51436 1.96116 5.24683
      vertex 5.80688 2.46457 6.87966
      vertex 7.51749 2.02183 5.22734
    endloop
  endfacet
  facet normal -0.707108 -0.183017 -0.683011
    outer loop
      vertex 5.80688 2.46457 6.87966
      vertex 7.51436 1.96116 5.24683
      vertex 5.80688 1.30546 7.19025
    endloop
  endfacet
  facet normal -3.01332e-05 -0.965929 0.258807
    outer loop
      vertex 10.4738 2.51334 11.6981
      vertex 11.5 1.95766 9.62429
      vertex 11.5 2.24773 10.7069
    endloop
  endfacet
  facet normal -5.7163e-07 -0.965925 0.258821
    outer loop
      vertex 11.5 1.95766 9.62429
      vertex 10.4738 2.51334 11.6981
      vertex 5.80688 1.30546 7.19025
    endloop
  endfacet
  facet normal -7.88211e-06 0.965926 -0.258819
    outer loop
      vertex 11.0839 2.94885 8.68703
      vertex 11.5 3.40685 10.3963
      vertex 11.5 3.05655 9.08896
    endloop
  endfacet
  facet normal 5.57845e-06 0.965925 -0.258822
    outer loop
      vertex 11.5 3.40685 10.3963
      vertex 11.0839 2.94885 8.68703
      vertex 10.4738 3.67245 11.3875
    endloop
  endfacet
  facet normal 3.70032e-06 0.965925 -0.258822
    outer loop
      vertex 8.60866 2.30546 6.28586
      vertex 10.4738 3.67245 11.3875
      vertex 11.0839 2.94885 8.68703
    endloop
  endfacet
  facet normal 4.00064e-07 0.965925 -0.258821
    outer loop
      vertex 10.4738 3.67245 11.3875
      vertex 8.60866 2.30546 6.28586
      vertex 7.75775 2.08428 5.46041
    endloop
  endfacet
  facet normal 0.707096 0.183025 0.683021
    outer loop
      vertex 10.4738 2.51334 11.6981
      vertex 11.5 3.40685 10.3963
      vertex 10.4738 3.67245 11.3875
    endloop
  endfacet
  facet normal 0.707097 0.183023 0.68302
    outer loop
      vertex 11.5 3.40685 10.3963
      vertex 10.4738 2.51334 11.6981
      vertex 11.5 2.24773 10.7069
    endloop
  endfacet
  facet normal 1.8577e-05 0.866027 -0.499998
    outer loop
      vertex 11.5 5.42113 8.18967
      vertex 10.4738 6.49463 10.049
      vertex 11.5 5.98152 9.1603
    endloop
  endfacet
  facet normal 2.44559e-06 0.866023 -0.500004
    outer loop
      vertex 10.4738 6.49463 10.049
      vertex 11.5 5.42113 8.18967
      vertex 5.80688 4.16118 6.00737
    endloop
  endfacet
  facet normal 1.32979e-06 -0.866025 0.500001
    outer loop
      vertex 5.80688 3.12195 6.60737
      vertex 7.75775 2.38729 5.3349
      vertex 10.4738 5.4554 10.649
    endloop
  endfacet
  facet normal 1.08673e-05 -0.866018 0.500012
    outer loop
      vertex 7.75775 2.38729 5.3349
      vertex 5.80688 3.12195 6.60737
      vertex 7.51749 2.26664 5.12594
    endloop
  endfacet
  facet normal -1.48613e-05 -0.866025 0.500001
    outer loop
      vertex 11.0839 4.0575 8.22779
      vertex 11.5 4.94229 9.7603
      vertex 10.4738 5.4554 10.649
    endloop
  endfacet
  facet normal -1.17008e-05 -0.866025 0.5
    outer loop
      vertex 11.5 4.94229 9.7603
      vertex 11.0839 4.0575 8.22779
      vertex 11.5 4.26556 8.58817
    endloop
  endfacet
  facet normal -2.19913e-06 -0.866024 0.500003
    outer loop
      vertex 10.4738 5.4554 10.649
      vertex 8.60866 2.81457 6.07498
      vertex 11.0839 4.0575 8.22779
    endloop
  endfacet
  facet normal -1.31713e-05 -0.866022 0.500007
    outer loop
      vertex 8.60866 2.81457 6.07498
      vertex 10.4738 5.4554 10.649
      vertex 7.75775 2.38729 5.3349
    endloop
  endfacet
  facet normal -0.707104 0.353555 0.612375
    outer loop
      vertex 5.80688 4.16118 6.00737
      vertex 10.4738 5.4554 10.649
      vertex 10.4738 6.49463 10.049
    endloop
  endfacet
  facet normal -0.707104 0.353555 0.612375
    outer loop
      vertex 10.4738 5.4554 10.649
      vertex 5.80688 4.16118 6.00737
      vertex 5.80688 3.12195 6.60737
    endloop
  endfacet
  facet normal -0.707107 -0.353555 -0.612371
    outer loop
      vertex 7.50599 3.10897 4.6529
      vertex 5.80688 4.16118 6.00737
      vertex 7.51749 3.30587 4.52594
    endloop
  endfacet
  facet normal -0.707091 -0.353361 -0.612501
    outer loop
      vertex 7.50598 3.10821 4.65335
      vertex 5.80688 4.16118 6.00737
      vertex 7.50599 3.10897 4.6529
    endloop
  endfacet
  facet normal -0.707106 -0.353544 -0.612379
    outer loop
      vertex 7.5 2.795 4.84108
      vertex 5.80688 4.16118 6.00737
      vertex 7.50598 3.10821 4.65335
    endloop
  endfacet
  facet normal -0.707111 -0.353567 -0.612359
    outer loop
      vertex 7.50598 2.47581 5.01847
      vertex 5.80688 4.16118 6.00737
      vertex 7.5 2.795 4.84108
    endloop
  endfacet
  facet normal -0.704464 -0.34689 -0.619191
    outer loop
      vertex 7.50599 2.47504 5.01889
      vertex 5.80688 4.16118 6.00737
      vertex 7.50598 2.47581 5.01847
    endloop
  endfacet
  facet normal -0.708288 -0.35657 -0.609251
    outer loop
      vertex 7.50603 2.47426 5.0193
      vertex 5.80688 4.16118 6.00737
      vertex 7.50599 2.47504 5.01889
    endloop
  endfacet
  facet normal -0.707101 -0.353535 -0.61239
    outer loop
      vertex 5.80688 4.16118 6.00737
      vertex 7.50603 2.47426 5.0193
      vertex 7.51436 2.32332 5.09682
    endloop
  endfacet
  facet normal -0.707109 -0.353553 -0.612371
    outer loop
      vertex 7.51436 2.32332 5.09682
      vertex 5.80688 3.12195 6.60737
      vertex 5.80688 4.16118 6.00737
    endloop
  endfacet
  facet normal -0.707107 -0.353637 -0.612324
    outer loop
      vertex 5.80688 3.12195 6.60737
      vertex 7.51436 2.32332 5.09682
      vertex 7.51749 2.26664 5.12594
    endloop
  endfacet
  facet normal 0.707104 0.353555 0.612375
    outer loop
      vertex 10.4738 5.4554 10.649
      vertex 11.5 5.98152 9.1603
      vertex 10.4738 6.49463 10.049
    endloop
  endfacet
  facet normal 0.707104 0.353555 0.612375
    outer loop
      vertex 11.5 5.98152 9.1603
      vertex 10.4738 5.4554 10.649
      vertex 11.5 4.94229 9.7603
    endloop
  endfacet
  facet normal 1.40039e-05 0.866018 -0.500013
    outer loop
      vertex 11.0839 5.09673 7.6278
      vertex 11.5 5.42113 8.18967
      vertex 11.5 5.30479 7.98817
    endloop
  endfacet
  facet normal 3.78564e-06 0.866021 -0.500007
    outer loop
      vertex 11.0839 5.09673 7.6278
      vertex 5.80688 4.16118 6.00737
      vertex 11.5 5.42113 8.18967
    endloop
  endfacet
  facet normal 1.48408e-06 0.866025 -0.500001
    outer loop
      vertex 5.80688 4.16118 6.00737
      vertex 11.0839 5.09673 7.6278
      vertex 7.51749 3.30587 4.52594
    endloop
  endfacet
  facet normal -0.707106 0.500001 0.500001
    outer loop
      vertex 5.80688 5.57421 4.72568
      vertex 10.4738 8.02568 8.87421
      vertex 10.4738 8.87421 8.02568
    endloop
  endfacet
  facet normal -0.707106 0.500001 0.500001
    outer loop
      vertex 10.4738 8.02568 8.87421
      vertex 5.80688 5.57421 4.72568
      vertex 5.80688 4.72568 5.57421
    endloop
  endfacet
  facet normal -5.79175e-16 -0.707107 0.707107
    outer loop
      vertex 10.4738 8.02568 8.87421
      vertex 11.5 6.50752 7.35605
      vertex 11.5 7.30003 8.14856
    endloop
  endfacet
  facet normal 1.79926e-16 -0.707107 0.707107
    outer loop
      vertex 11.5 6.50752 7.35605
      vertex 10.4738 8.02568 8.87421
      vertex 5.80688 4.72568 5.57421
    endloop
  endfacet
  facet normal -2.86694e-15 0.707107 -0.707107
    outer loop
      vertex 11.0839 6.89728 6.04875
      vertex 11.5 7.35605 6.50752
      vertex 11.5 7.19153 6.343
    endloop
  endfacet
  facet normal 1.08203e-06 0.707105 -0.707109
    outer loop
      vertex 5.80688 5.57421 4.72568
      vertex 11.0839 6.89728 6.04875
      vertex 7.51749 4.36462 3.5161
    endloop
  endfacet
  facet normal -4.61691e-16 0.707107 -0.707107
    outer loop
      vertex 11.0839 6.89728 6.04875
      vertex 5.80688 5.57421 4.72568
      vertex 11.5 7.35605 6.50752
    endloop
  endfacet
  facet normal -0.707107 -0.499995 -0.500005
    outer loop
      vertex 7.50599 4.20729 3.68969
      vertex 5.80688 5.57421 4.72568
      vertex 7.51749 4.36462 3.5161
    endloop
  endfacet
  facet normal -0.707108 -0.500007 -0.49999
    outer loop
      vertex 7.5 3.95273 3.95273
      vertex 5.80688 5.57421 4.72568
      vertex 7.50599 4.20729 3.68969
    endloop
  endfacet
  facet normal -0.707106 -0.5 -0.5
    outer loop
      vertex 5.80688 5.57421 4.72568
      vertex 7.5 3.95273 3.95273
      vertex 5.80688 4.72568 5.57421
    endloop
  endfacet
  facet normal -0.707108 -0.49999 -0.500007
    outer loop
      vertex 7.50599 3.68969 4.20729
      vertex 5.80688 4.72568 5.57421
      vertex 7.5 3.95273 3.95273
    endloop
  endfacet
  facet normal -0.707107 -0.500005 -0.499995
    outer loop
      vertex 5.80688 4.72568 5.57421
      vertex 7.50599 3.68969 4.20729
      vertex 7.51749 3.5161 4.36462
    endloop
  endfacet
  facet normal -2.72359e-15 -0.707107 0.707107
    outer loop
      vertex 11.5 6.50752 7.35605
      vertex 11.0839 6.04875 6.89728
      vertex 11.5 6.343 7.19153
    endloop
  endfacet
  facet normal -3.35775e-16 -0.707107 0.707107
    outer loop
      vertex 5.80688 4.72568 5.57421
      vertex 11.0839 6.04875 6.89728
      vertex 11.5 6.50752 7.35605
    endloop
  endfacet
  facet normal 1.08203e-06 -0.707109 0.707105
    outer loop
      vertex 11.0839 6.04875 6.89728
      vertex 5.80688 4.72568 5.57421
      vertex 7.51749 3.5161 4.36462
    endloop
  endfacet
  facet normal -5.79175e-16 0.707107 -0.707107
    outer loop
      vertex 11.5 7.35605 6.50752
      vertex 10.4738 8.87421 8.02568
      vertex 11.5 8.14856 7.30003
    endloop
  endfacet
  facet normal 1.79926e-16 0.707107 -0.707107
    outer loop
      vertex 10.4738 8.87421 8.02568
      vertex 11.5 7.35605 6.50752
      vertex 5.80688 5.57421 4.72568
    endloop
  endfacet
  facet normal 0.707115 0.499994 0.499994
    outer loop
      vertex 10.4738 8.02568 8.87421
      vertex 11.5 8.14856 7.30003
      vertex 10.4738 8.87421 8.02568
    endloop
  endfacet
  facet normal 0.707115 0.499994 0.499994
    outer loop
      vertex 11.5 8.14856 7.30003
      vertex 10.4738 8.02568 8.87421
      vertex 11.5 7.30003 8.14856
    endloop
  endfacet
  facet normal -0.707104 0.612375 0.353555
    outer loop
      vertex 5.80688 6.60737 3.12195
      vertex 10.4738 10.049 6.49463
      vertex 10.4738 10.649 5.4554
    endloop
  endfacet
  facet normal -0.707104 0.612375 0.353555
    outer loop
      vertex 10.4738 10.049 6.49463
      vertex 5.80688 6.60737 3.12195
      vertex 5.80688 6.00737 4.16118
    endloop
  endfacet
  facet normal -0.707101 -0.61239 -0.353535
    outer loop
      vertex 7.50603 5.0193 2.47426
      vertex 5.80688 6.00737 4.16118
      vertex 7.51436 5.09682 2.32332
    endloop
  endfacet
  facet normal -0.708288 -0.609251 -0.35657
    outer loop
      vertex 7.50599 5.01889 2.47504
      vertex 5.80688 6.00737 4.16118
      vertex 7.50603 5.0193 2.47426
    endloop
  endfacet
  facet normal -0.704464 -0.619191 -0.34689
    outer loop
      vertex 7.50598 5.01847 2.47581
      vertex 5.80688 6.00737 4.16118
      vertex 7.50599 5.01889 2.47504
    endloop
  endfacet
  facet normal -0.707111 -0.612359 -0.353567
    outer loop
      vertex 7.5 4.84108 2.795
      vertex 5.80688 6.00737 4.16118
      vertex 7.50598 5.01847 2.47581
    endloop
  endfacet
  facet normal -0.707106 -0.612379 -0.353544
    outer loop
      vertex 7.50598 4.65335 3.10821
      vertex 5.80688 6.00737 4.16118
      vertex 7.5 4.84108 2.795
    endloop
  endfacet
  facet normal -0.707091 -0.612501 -0.353361
    outer loop
      vertex 7.50599 4.6529 3.10897
      vertex 5.80688 6.00737 4.16118
      vertex 7.50598 4.65335 3.10821
    endloop
  endfacet
  facet normal -0.707107 -0.612371 -0.353555
    outer loop
      vertex 5.80688 6.00737 4.16118
      vertex 7.50599 4.6529 3.10897
      vertex 7.51749 4.52594 3.30587
    endloop
  endfacet
  facet normal 1.8577e-05 -0.499998 0.866027
    outer loop
      vertex 10.4738 10.049 6.49463
      vertex 11.5 8.18967 5.42113
      vertex 11.5 9.1603 5.98152
    endloop
  endfacet
  facet normal 2.44559e-06 -0.500004 0.866023
    outer loop
      vertex 11.5 8.18967 5.42113
      vertex 10.4738 10.049 6.49463
      vertex 5.80688 6.00737 4.16118
    endloop
  endfacet
  facet normal 1.08673e-05 0.500012 -0.866018
    outer loop
      vertex 5.80688 6.60737 3.12195
      vertex 7.75775 5.3349 2.38729
      vertex 7.51749 5.12594 2.26664
    endloop
  endfacet
  facet normal 1.32979e-06 0.500001 -0.866025
    outer loop
      vertex 7.75775 5.3349 2.38729
      vertex 5.80688 6.60737 3.12195
      vertex 10.4738 10.649 5.4554
    endloop
  endfacet
  facet normal -0.707107 -0.612324 -0.353637
    outer loop
      vertex 7.51436 5.09682 2.32332
      vertex 5.80688 6.60737 3.12195
      vertex 7.51749 5.12594 2.26664
    endloop
  endfacet
  facet normal -0.707109 -0.612371 -0.353553
    outer loop
      vertex 5.80688 6.60737 3.12195
      vertex 7.51436 5.09682 2.32332
      vertex 5.80688 6.00737 4.16118
    endloop
  endfacet
  facet normal 1.40039e-05 -0.500013 0.866018
    outer loop
      vertex 11.5 8.18967 5.42113
      vertex 11.0839 7.6278 5.09673
      vertex 11.5 7.98817 5.30479
    endloop
  endfacet
  facet normal 3.78564e-06 -0.500007 0.866021
    outer loop
      vertex 5.80688 6.00737 4.16118
      vertex 11.0839 7.6278 5.09673
      vertex 11.5 8.18967 5.42113
    endloop
  endfacet
  facet normal 1.48408e-06 -0.500001 0.866025
    outer loop
      vertex 11.0839 7.6278 5.09673
      vertex 5.80688 6.00737 4.16118
      vertex 7.51749 4.52594 3.30587
    endloop
  endfacet
  facet normal -1.17008e-05 0.5 -0.866025
    outer loop
      vertex 11.0839 8.22779 4.0575
      vertex 11.5 9.7603 4.94229
      vertex 11.5 8.58817 4.26556
    endloop
  endfacet
  facet normal -1.48613e-05 0.500001 -0.866025
    outer loop
      vertex 11.0839 8.22779 4.0575
      vertex 10.4738 10.649 5.4554
      vertex 11.5 9.7603 4.94229
    endloop
  endfacet
  facet normal -2.19913e-06 0.500003 -0.866024
    outer loop
      vertex 8.60866 6.07498 2.81457
      vertex 10.4738 10.649 5.4554
      vertex 11.0839 8.22779 4.0575
    endloop
  endfacet
  facet normal -1.31713e-05 0.500007 -0.866022
    outer loop
      vertex 10.4738 10.649 5.4554
      vertex 8.60866 6.07498 2.81457
      vertex 7.75775 5.3349 2.38729
    endloop
  endfacet
  facet normal 0.707104 0.612375 0.353555
    outer loop
      vertex 10.4738 10.049 6.49463
      vertex 11.5 9.7603 4.94229
      vertex 10.4738 10.649 5.4554
    endloop
  endfacet
  facet normal 0.707104 0.612375 0.353555
    outer loop
      vertex 11.5 9.7603 4.94229
      vertex 10.4738 10.049 6.49463
      vertex 11.5 9.1603 5.98152
    endloop
  endfacet
  facet normal -0.707102 0.683014 0.183023
    outer loop
      vertex 10.4738 11.6981 2.51334
      vertex 5.80688 6.87966 2.46457
      vertex 10.4738 11.3875 3.67245
    endloop
  endfacet
  facet normal 1.35973e-05 0.258823 -0.965925
    outer loop
      vertex 11.0839 8.9976 1.78973
      vertex 11.5 9.62429 1.95766
      vertex 11.5 9.39955 1.89744
    endloop
  endfacet
  facet normal -1.59632e-06 0.258819 -0.965926
    outer loop
      vertex 5.80688 7.19025 1.30546
      vertex 11.0839 8.9976 1.78973
      vertex 7.51749 5.53792 0.862716
    endloop
  endfacet
  facet normal -7.98409e-06 0.258837 -0.965921
    outer loop
      vertex 11.0839 8.9976 1.78973
      vertex 5.80688 7.19025 1.30546
      vertex 11.5 9.62429 1.95766
    endloop
  endfacet
  facet normal -7.88211e-06 -0.258819 0.965926
    outer loop
      vertex 11.5 10.3963 3.40685
      vertex 11.0839 8.68703 2.94885
      vertex 11.5 9.08896 3.05655
    endloop
  endfacet
  facet normal 5.57845e-06 -0.258822 0.965925
    outer loop
      vertex 10.4738 11.3875 3.67245
      vertex 11.0839 8.68703 2.94885
      vertex 11.5 10.3963 3.40685
    endloop
  endfacet
  facet normal 3.70032e-06 -0.258822 0.965925
    outer loop
      vertex 10.4738 11.3875 3.67245
      vertex 8.60866 6.28586 2.30546
      vertex 11.0839 8.68703 2.94885
    endloop
  endfacet
  facet normal 4.00064e-07 -0.258821 0.965925
    outer loop
      vertex 8.60866 6.28586 2.30546
      vertex 10.4738 11.3875 3.67245
      vertex 7.75775 5.46041 2.08428
    endloop
  endfacet
  facet normal -0.707103 0.683015 0.183018
    outer loop
      vertex 5.80688 7.19025 1.30546
      vertex 5.80688 6.87966 2.46457
      vertex 10.4738 11.6981 2.51334
    endloop
  endfacet
  facet normal 1.74393e-07 -0.258821 0.965925
    outer loop
      vertex 5.80688 6.87966 2.46457
      vertex 7.75775 5.46041 2.08428
      vertex 10.4738 11.3875 3.67245
    endloop
  endfacet
  facet normal 2.46168e-06 -0.258818 0.965926
    outer loop
      vertex 7.75775 5.46041 2.08428
      vertex 5.80688 6.87966 2.46457
      vertex 7.51749 5.22734 2.02183
    endloop
  endfacet
  facet normal -0.707109 -0.683008 -0.183024
    outer loop
      vertex 7.50599 5.48846 1.09172
      vertex 5.80688 7.19025 1.30546
      vertex 7.51749 5.53792 0.862716
    endloop
  endfacet
  facet normal -0.707111 -0.683014 -0.18299
    outer loop
      vertex 7.50599 5.48846 1.09172
      vertex 7.5 5.39953 1.4468
      vertex 5.80688 7.19025 1.30546
    endloop
  endfacet
  facet normal -0.707106 -0.683012 -0.18302
    outer loop
      vertex 7.50598 5.29925 1.79793
      vertex 5.80688 7.19025 1.30546
      vertex 7.5 5.39953 1.4468
    endloop
  endfacet
  facet normal -0.70608 -0.683062 -0.186755
    outer loop
      vertex 7.50599 5.29901 1.79877
      vertex 5.80688 7.19025 1.30546
      vertex 7.50598 5.29925 1.79793
    endloop
  endfacet
  facet normal -0.706311 -0.683052 -0.185919
    outer loop
      vertex 7.50603 5.29874 1.79961
      vertex 5.80688 7.19025 1.30546
      vertex 7.50599 5.29901 1.79877
    endloop
  endfacet
  facet normal -0.707111 -0.68301 -0.183007
    outer loop
      vertex 5.80688 7.19025 1.30546
      vertex 7.50603 5.29874 1.79961
      vertex 7.51436 5.24683 1.96116
    endloop
  endfacet
  facet normal -0.707108 -0.683011 -0.183017
    outer loop
      vertex 7.51436 5.24683 1.96116
      vertex 5.80688 6.87966 2.46457
      vertex 5.80688 7.19025 1.30546
    endloop
  endfacet
  facet normal -0.707106 -0.683032 -0.182941
    outer loop
      vertex 5.80688 6.87966 2.46457
      vertex 7.51436 5.24683 1.96116
      vertex 7.51749 5.22734 2.02183
    endloop
  endfacet
  facet normal 0.707097 0.68302 0.183025
    outer loop
      vertex 10.4738 11.3875 3.67245
      vertex 11.5 10.7069 2.24773
      vertex 10.4738 11.6981 2.51334
    endloop
  endfacet
  facet normal 0.707096 0.683021 0.183024
    outer loop
      vertex 11.5 10.7069 2.24773
      vertex 10.4738 11.3875 3.67245
      vertex 11.5 10.3963 3.40685
    endloop
  endfacet
  facet normal -3.01332e-05 0.258807 -0.965929
    outer loop
      vertex 11.5 9.62429 1.95766
      vertex 10.4738 11.6981 2.51334
      vertex 11.5 10.7069 2.24773
    endloop
  endfacet
  facet normal -5.7163e-07 0.258821 -0.965925
    outer loop
      vertex 10.4738 11.6981 2.51334
      vertex 11.5 9.62429 1.95766
      vertex 5.80688 7.19025 1.30546
    endloop
  endfacet
  facet normal -0.707104 0.70711 0
    outer loop
      vertex 5.80688 7.28312 -0.599999
      vertex 10.4738 11.95 0.599999
      vertex 10.4738 11.95 -0.599999
    endloop
  endfacet
  facet normal -0.707104 0.70711 0
    outer loop
      vertex 10.4738 11.95 0.599999
      vertex 5.80688 7.28312 -0.599999
      vertex 5.80688 7.28312 0.599999
    endloop
  endfacet
  facet normal 0 0 -1
    outer loop
      vertex 11.0839 9.15423 -0.599999
      vertex 11.5 10.9238 -0.599999
      vertex 11.5 9.57036 -0.599999
    endloop
  endfacet
  facet normal 0 0 -1
    outer loop
      vertex 11.0839 9.15423 -0.599999
      vertex 10.4738 11.95 -0.599999
      vertex 11.5 10.9238 -0.599999
    endloop
  endfacet
  facet normal 0 0 -1
    outer loop
      vertex 8.60866 6.66837 -0.599999
      vertex 10.4738 11.95 -0.599999
      vertex 11.0839 9.15423 -0.599999
    endloop
  endfacet
  facet normal 0 0 -1
    outer loop
      vertex 5.80688 7.28312 -0.599999
      vertex 8.60866 6.66837 -0.599999
      vertex 7.51749 5.57251 -0.599999
    endloop
  endfacet
  facet normal 0 0 -1
    outer loop
      vertex 8.60866 6.66837 -0.599999
      vertex 5.80688 7.28312 -0.599999
      vertex 10.4738 11.95 -0.599999
    endloop
  endfacet
  facet normal 0 0 1
    outer loop
      vertex 11.5 10.9238 0.599999
      vertex 11.0839 9.15423 0.599999
      vertex 11.5 9.57036 0.599999
    endloop
  endfacet
  facet normal 0 0 1
    outer loop
      vertex 10.4738 11.95 0.599999
      vertex 11.0839 9.15423 0.599999
      vertex 11.5 10.9238 0.599999
    endloop
  endfacet
  facet normal 0 0 1
    outer loop
      vertex 10.4738 11.95 0.599999
      vertex 8.60866 6.66837 0.599999
      vertex 11.0839 9.15423 0.599999
    endloop
  endfacet
  facet normal -0 0 1
    outer loop
      vertex 5.80688 7.28312 0.599999
      vertex 8.60866 6.66837 0.599999
      vertex 10.4738 11.95 0.599999
    endloop
  endfacet
  facet normal 0 0 1
    outer loop
      vertex 8.60866 6.66837 0.599999
      vertex 5.80688 7.28312 0.599999
      vertex 7.51749 5.57251 0.599999
    endloop
  endfacet
  facet normal -0.707107 -0.707107 0
    outer loop
      vertex 5.80688 7.28312 -0.599999
      vertex 7.5 5.59 0
      vertex 5.80688 7.28312 0.599999
    endloop
  endfacet
  facet normal -0.707107 -0.707107 0
    outer loop
      vertex 5.80688 7.28312 -0.599999
      vertex 7.50598 5.58402 -0.365118
      vertex 7.5 5.59 0
    endloop
  endfacet
  facet normal -0.707107 -0.707107 0
    outer loop
      vertex 5.80688 7.28312 -0.599999
      vertex 7.50599 5.58401 -0.365995
      vertex 7.50598 5.58402 -0.365118
    endloop
  endfacet
  facet normal -0.707107 -0.707107 0
    outer loop
      vertex 5.80688 7.28312 -0.599999
      vertex 7.50603 5.58397 -0.366879
      vertex 7.50599 5.58401 -0.365995
    endloop
  endfacet
  facet normal -0.707107 -0.707107 0
    outer loop
      vertex 7.50603 5.58397 -0.366879
      vertex 5.80688 7.28312 -0.599999
      vertex 7.51749 5.57251 -0.599999
    endloop
  endfacet
  facet normal -0.707107 -0.707107 0
    outer loop
      vertex 7.50598 5.58402 0.365118
      vertex 5.80688 7.28312 0.599999
      vertex 7.5 5.59 0
    endloop
  endfacet
  facet normal -0.707107 -0.707107 0
    outer loop
      vertex 7.50599 5.58401 0.365995
      vertex 5.80688 7.28312 0.599999
      vertex 7.50598 5.58402 0.365118
    endloop
  endfacet
  facet normal -0.707107 -0.707107 0
    outer loop
      vertex 7.50603 5.58397 0.366879
      vertex 5.80688 7.28312 0.599999
      vertex 7.50599 5.58401 0.365995
    endloop
  endfacet
  facet normal -0.707107 -0.707107 0
    outer loop
      vertex 5.80688 7.28312 0.599999
      vertex 7.50603 5.58397 0.366879
      vertex 7.51749 5.57251 0.599999
    endloop
  endfacet
  facet normal 0.707107 0.707107 0
    outer loop
      vertex 11.5 10.9238 0.599999
      vertex 10.4738 11.95 -0.599999
      vertex 10.4738 11.95 0.599999
    endloop
  endfacet
  facet normal 0.707107 0.707107 0
    outer loop
      vertex 10.4738 11.95 -0.599999
      vertex 11.5 10.9238 0.599999
      vertex 11.5 10.9238 -0.599999
    endloop
  endfacet
  facet normal -0.707103 0.683015 -0.183018
    outer loop
      vertex 10.4738 11.6981 -2.51334
      vertex 5.80688 6.87966 -2.46457
      vertex 5.80688 7.19025 -1.30546
    endloop
  endfacet
  facet normal -0.707109 -0.683008 0.183024
    outer loop
      vertex 5.80688 7.19025 -1.30546
      vertex 7.50599 5.48846 -1.09172
      vertex 7.51749 5.53792 -0.862716
    endloop
  endfacet
  facet normal -0.707111 -0.683014 0.18299
    outer loop
      vertex 5.80688 7.19025 -1.30546
      vertex 7.5 5.39953 -1.4468
      vertex 7.50599 5.48846 -1.09172
    endloop
  endfacet
  facet normal -0.707106 -0.683012 0.18302
    outer loop
      vertex 5.80688 7.19025 -1.30546
      vertex 7.50598 5.29925 -1.79793
      vertex 7.5 5.39953 -1.4468
    endloop
  endfacet
  facet normal -0.70608 -0.683062 0.186755
    outer loop
      vertex 5.80688 7.19025 -1.30546
      vertex 7.50599 5.29901 -1.79877
      vertex 7.50598 5.29925 -1.79793
    endloop
  endfacet
  facet normal -0.706311 -0.683052 0.185919
    outer loop
      vertex 5.80688 7.19025 -1.30546
      vertex 7.50603 5.29874 -1.79961
      vertex 7.50599 5.29901 -1.79877
    endloop
  endfacet
  facet normal -0.707111 -0.68301 0.183007
    outer loop
      vertex 7.50603 5.29874 -1.79961
      vertex 5.80688 7.19025 -1.30546
      vertex 7.51436 5.24683 -1.96116
    endloop
  endfacet
  facet normal 1.35973e-05 0.258823 0.965925
    outer loop
      vertex 11.5 9.62429 -1.95766
      vertex 11.0839 8.9976 -1.78973
      vertex 11.5 9.39955 -1.89744
    endloop
  endfacet
  facet normal -7.98409e-06 0.258837 0.965921
    outer loop
      vertex 5.80688 7.19025 -1.30546
      vertex 11.0839 8.9976 -1.78973
      vertex 11.5 9.62429 -1.95766
    endloop
  endfacet
  facet normal -1.59632e-06 0.258819 0.965926
    outer loop
      vertex 11.0839 8.9976 -1.78973
      vertex 5.80688 7.19025 -1.30546
      vertex 7.51749 5.53792 -0.862716
    endloop
  endfacet
  facet normal -0.707102 0.683014 -0.183023
    outer loop
      vertex 10.4738 11.3875 -3.67245
      vertex 5.80688 6.87966 -2.46457
      vertex 10.4738 11.6981 -2.51334
    endloop
  endfacet
  facet normal 2.46168e-06 -0.258818 -0.965926
    outer loop
      vertex 5.80688 6.87966 -2.46457
      vertex 7.75775 5.46041 -2.08428
      vertex 7.51749 5.22734 -2.02183
    endloop
  endfacet
  facet normal 1.74393e-07 -0.258821 -0.965925
    outer loop
      vertex 7.75775 5.46041 -2.08428
      vertex 5.80688 6.87966 -2.46457
      vertex 10.4738 11.3875 -3.67245
    endloop
  endfacet
  facet normal -0.707108 -0.683011 0.183017
    outer loop
      vertex 5.80688 6.87966 -2.46457
      vertex 7.51436 5.24683 -1.96116
      vertex 5.80688 7.19025 -1.30546
    endloop
  endfacet
  facet normal -0.707106 -0.683032 0.182941
    outer loop
      vertex 7.51436 5.24683 -1.96116
      vertex 5.80688 6.87966 -2.46457
      vertex 7.51749 5.22734 -2.02183
    endloop
  endfacet
  facet normal -3.01332e-05 0.258807 0.965929
    outer loop
      vertex 10.4738 11.6981 -2.51334
      vertex 11.5 9.62429 -1.95766
      vertex 11.5 10.7069 -2.24773
    endloop
  endfacet
  facet normal -5.7163e-07 0.258821 0.965925
    outer loop
      vertex 11.5 9.62429 -1.95766
      vertex 10.4738 11.6981 -2.51334
      vertex 5.80688 7.19025 -1.30546
    endloop
  endfacet
  facet normal -7.88211e-06 -0.258819 -0.965926
    outer loop
      vertex 11.0839 8.68703 -2.94885
      vertex 11.5 10.3963 -3.40685
      vertex 11.5 9.08896 -3.05655
    endloop
  endfacet
  facet normal 5.57845e-06 -0.258822 -0.965925
    outer loop
      vertex 11.0839 8.68703 -2.94885
      vertex 10.4738 11.3875 -3.67245
      vertex 11.5 10.3963 -3.40685
    endloop
  endfacet
  facet normal 3.70032e-06 -0.258822 -0.965925
    outer loop
      vertex 8.60866 6.28586 -2.30546
      vertex 10.4738 11.3875 -3.67245
      vertex 11.0839 8.68703 -2.94885
    endloop
  endfacet
  facet normal 4.00064e-07 -0.258821 -0.965925
    outer loop
      vertex 10.4738 11.3875 -3.67245
      vertex 8.60866 6.28586 -2.30546
      vertex 7.75775 5.46041 -2.08428
    endloop
  endfacet
  facet normal 0.707097 0.68302 -0.183025
    outer loop
      vertex 11.5 10.7069 -2.24773
      vertex 10.4738 11.3875 -3.67245
      vertex 10.4738 11.6981 -2.51334
    endloop
  endfacet
  facet normal 0.707096 0.683021 -0.183024
    outer loop
      vertex 10.4738 11.3875 -3.67245
      vertex 11.5 10.7069 -2.24773
      vertex 11.5 10.3963 -3.40685
    endloop
  endfacet
  facet normal 1.8577e-05 -0.499998 -0.866027
    outer loop
      vertex 11.5 8.18967 -5.42113
      vertex 10.4738 10.049 -6.49463
      vertex 11.5 9.1603 -5.98152
    endloop
  endfacet
  facet normal 2.44559e-06 -0.500004 -0.866023
    outer loop
      vertex 10.4738 10.049 -6.49463
      vertex 11.5 8.18967 -5.42113
      vertex 5.80688 6.00737 -4.16118
    endloop
  endfacet
  facet normal 1.32979e-06 0.500001 0.866025
    outer loop
      vertex 5.80688 6.60737 -3.12195
      vertex 7.75775 5.3349 -2.38729
      vertex 10.4738 10.649 -5.4554
    endloop
  endfacet
  facet normal 1.08673e-05 0.500012 0.866018
    outer loop
      vertex 7.75775 5.3349 -2.38729
      vertex 5.80688 6.60737 -3.12195
      vertex 7.51749 5.12594 -2.26664
    endloop
  endfacet
  facet normal -1.17008e-05 0.5 0.866025
    outer loop
      vertex 11.5 9.7603 -4.94229
      vertex 11.0839 8.22779 -4.0575
      vertex 11.5 8.58817 -4.26556
    endloop
  endfacet
  facet normal -1.48613e-05 0.500001 0.866025
    outer loop
      vertex 10.4738 10.649 -5.4554
      vertex 11.0839 8.22779 -4.0575
      vertex 11.5 9.7603 -4.94229
    endloop
  endfacet
  facet normal -2.19913e-06 0.500003 0.866024
    outer loop
      vertex 10.4738 10.649 -5.4554
      vertex 8.60866 6.07498 -2.81457
      vertex 11.0839 8.22779 -4.0575
    endloop
  endfacet
  facet normal -1.31713e-05 0.500007 0.866022
    outer loop
      vertex 8.60866 6.07498 -2.81457
      vertex 10.4738 10.649 -5.4554
      vertex 7.75775 5.3349 -2.38729
    endloop
  endfacet
  facet normal -0.707104 0.612375 -0.353555
    outer loop
      vertex 10.4738 10.049 -6.49463
      vertex 5.80688 6.60737 -3.12195
      vertex 10.4738 10.649 -5.4554
    endloop
  endfacet
  facet normal -0.707104 0.612375 -0.353555
    outer loop
      vertex 5.80688 6.60737 -3.12195
      vertex 10.4738 10.049 -6.49463
      vertex 5.80688 6.00737 -4.16118
    endloop
  endfacet
  facet normal -0.707101 -0.61239 0.353535
    outer loop
      vertex 5.80688 6.00737 -4.16118
      vertex 7.50603 5.0193 -2.47426
      vertex 7.51436 5.09682 -2.32332
    endloop
  endfacet
  facet normal -0.708288 -0.609251 0.35657
    outer loop
      vertex 5.80688 6.00737 -4.16118
      vertex 7.50599 5.01889 -2.47504
      vertex 7.50603 5.0193 -2.47426
    endloop
  endfacet
  facet normal -0.704464 -0.619191 0.34689
    outer loop
      vertex 5.80688 6.00737 -4.16118
      vertex 7.50598 5.01847 -2.47581
      vertex 7.50599 5.01889 -2.47504
    endloop
  endfacet
  facet normal -0.707111 -0.612359 0.353567
    outer loop
      vertex 5.80688 6.00737 -4.16118
      vertex 7.5 4.84108 -2.795
      vertex 7.50598 5.01847 -2.47581
    endloop
  endfacet
  facet normal -0.707106 -0.612379 0.353544
    outer loop
      vertex 5.80688 6.00737 -4.16118
      vertex 7.50598 4.65335 -3.10821
      vertex 7.5 4.84108 -2.795
    endloop
  endfacet
  facet normal -0.707091 -0.612501 0.353361
    outer loop
      vertex 5.80688 6.00737 -4.16118
      vertex 7.50599 4.6529 -3.10897
      vertex 7.50598 4.65335 -3.10821
    endloop
  endfacet
  facet normal -0.707107 -0.612371 0.353555
    outer loop
      vertex 7.50599 4.6529 -3.10897
      vertex 5.80688 6.00737 -4.16118
      vertex 7.51749 4.52594 -3.30587
    endloop
  endfacet
  facet normal -0.707109 -0.612371 0.353553
    outer loop
      vertex 7.51436 5.09682 -2.32332
      vertex 5.80688 6.60737 -3.12195
      vertex 5.80688 6.00737 -4.16118
    endloop
  endfacet
  facet normal -0.707107 -0.612324 0.353637
    outer loop
      vertex 5.80688 6.60737 -3.12195
      vertex 7.51436 5.09682 -2.32332
      vertex 7.51749 5.12594 -2.26664
    endloop
  endfacet
  facet normal 0.707104 0.612375 -0.353555
    outer loop
      vertex 11.5 9.7603 -4.94229
      vertex 10.4738 10.049 -6.49463
      vertex 10.4738 10.649 -5.4554
    endloop
  endfacet
  facet normal 0.707104 0.612375 -0.353555
    outer loop
      vertex 10.4738 10.049 -6.49463
      vertex 11.5 9.7603 -4.94229
      vertex 11.5 9.1603 -5.98152
    endloop
  endfacet
  facet normal 1.40039e-05 -0.500013 -0.866018
    outer loop
      vertex 11.0839 7.6278 -5.09673
      vertex 11.5 8.18967 -5.42113
      vertex 11.5 7.98817 -5.30479
    endloop
  endfacet
  facet normal 1.48408e-06 -0.500001 -0.866025
    outer loop
      vertex 5.80688 6.00737 -4.16118
      vertex 11.0839 7.6278 -5.09673
      vertex 7.51749 4.52594 -3.30587
    endloop
  endfacet
  facet normal 3.78564e-06 -0.500007 -0.866021
    outer loop
      vertex 11.0839 7.6278 -5.09673
      vertex 5.80688 6.00737 -4.16118
      vertex 11.5 8.18967 -5.42113
    endloop
  endfacet
  facet normal -0.707106 0.500001 -0.500001
    outer loop
      vertex 10.4738 8.02568 -8.87421
      vertex 5.80688 5.57421 -4.72568
      vertex 10.4738 8.87421 -8.02568
    endloop
  endfacet
  facet normal -0.707106 0.500001 -0.500001
    outer loop
      vertex 5.80688 5.57421 -4.72568
      vertex 10.4738 8.02568 -8.87421
      vertex 5.80688 4.72568 -5.57421
    endloop
  endfacet
  facet normal -0.707106 -0.5 0.5
    outer loop
      vertex 7.5 3.95273 -3.95273
      vertex 5.80688 5.57421 -4.72568
      vertex 5.80688 4.72568 -5.57421
    endloop
  endfacet
  facet normal -0.707107 -0.499995 0.500005
    outer loop
      vertex 5.80688 5.57421 -4.72568
      vertex 7.50599 4.20729 -3.68969
      vertex 7.51749 4.36462 -3.5161
    endloop
  endfacet
  facet normal -0.707108 -0.500007 0.49999
    outer loop
      vertex 5.80688 5.57421 -4.72568
      vertex 7.5 3.95273 -3.95273
      vertex 7.50599 4.20729 -3.68969
    endloop
  endfacet
  facet normal -0.707108 -0.49999 0.500007
    outer loop
      vertex 5.80688 4.72568 -5.57421
      vertex 7.50599 3.68969 -4.20729
      vertex 7.5 3.95273 -3.95273
    endloop
  endfacet
  facet normal -0.707107 -0.500005 0.499995
    outer loop
      vertex 7.50599 3.68969 -4.20729
      vertex 5.80688 4.72568 -5.57421
      vertex 7.51749 3.5161 -4.36462
    endloop
  endfacet
  facet normal -5.79175e-16 0.707107 0.707107
    outer loop
      vertex 10.4738 8.87421 -8.02568
      vertex 11.5 7.35605 -6.50752
      vertex 11.5 8.14856 -7.30003
    endloop
  endfacet
  facet normal 1.79926e-16 0.707107 0.707107
    outer loop
      vertex 11.5 7.35605 -6.50752
      vertex 10.4738 8.87421 -8.02568
      vertex 5.80688 5.57421 -4.72568
    endloop
  endfacet
  facet normal 1.08203e-06 -0.707109 -0.707105
    outer loop
      vertex 5.80688 4.72568 -5.57421
      vertex 11.0839 6.04875 -6.89728
      vertex 7.51749 3.5161 -4.36462
    endloop
  endfacet
  facet normal -4.61691e-16 -0.707107 -0.707107
    outer loop
      vertex 11.5 6.50752 -7.35605
      vertex 11.0839 6.04875 -6.89728
      vertex 5.80688 4.72568 -5.57421
    endloop
  endfacet
  facet normal -2.86694e-15 -0.707107 -0.707107
    outer loop
      vertex 11.0839 6.04875 -6.89728
      vertex 11.5 6.50752 -7.35605
      vertex 11.5 6.343 -7.19153
    endloop
  endfacet
  facet normal -2.72359e-15 0.707107 0.707107
    outer loop
      vertex 11.5 7.35605 -6.50752
      vertex 11.0839 6.89728 -6.04875
      vertex 11.5 7.19153 -6.343
    endloop
  endfacet
  facet normal -3.35775e-16 0.707107 0.707107
    outer loop
      vertex 5.80688 5.57421 -4.72568
      vertex 11.0839 6.89728 -6.04875
      vertex 11.5 7.35605 -6.50752
    endloop
  endfacet
  facet normal 1.08203e-06 0.707105 0.707109
    outer loop
      vertex 11.0839 6.89728 -6.04875
      vertex 5.80688 5.57421 -4.72568
      vertex 7.51749 4.36462 -3.5161
    endloop
  endfacet
  facet normal -5.79175e-16 -0.707107 -0.707107
    outer loop
      vertex 11.5 6.50752 -7.35605
      vertex 10.4738 8.02568 -8.87421
      vertex 11.5 7.30003 -8.14856
    endloop
  endfacet
  facet normal 1.79926e-16 -0.707107 -0.707107
    outer loop
      vertex 10.4738 8.02568 -8.87421
      vertex 11.5 6.50752 -7.35605
      vertex 5.80688 4.72568 -5.57421
    endloop
  endfacet
  facet normal 0.707115 0.499994 -0.499994
    outer loop
      vertex 11.5 8.14856 -7.30003
      vertex 10.4738 8.02568 -8.87421
      vertex 10.4738 8.87421 -8.02568
    endloop
  endfacet
  facet normal 0.707115 0.499994 -0.499994
    outer loop
      vertex 10.4738 8.02568 -8.87421
      vertex 11.5 8.14856 -7.30003
      vertex 11.5 7.30003 -8.14856
    endloop
  endfacet
  facet normal -0.707104 0.353555 -0.612375
    outer loop
      vertex 10.4738 5.4554 -10.649
      vertex 5.80688 4.16118 -6.00737
      vertex 10.4738 6.49463 -10.049
    endloop
  endfacet
  facet normal -0.707104 0.353555 -0.612375
    outer loop
      vertex 5.80688 4.16118 -6.00737
      vertex 10.4738 5.4554 -10.649
      vertex 5.80688 3.12195 -6.60737
    endloop
  endfacet
  facet normal -0.707107 -0.353555 0.612371
    outer loop
      vertex 5.80688 4.16118 -6.00737
      vertex 7.50599 3.10897 -4.6529
      vertex 7.51749 3.30587 -4.52594
    endloop
  endfacet
  facet normal -0.707091 -0.353361 0.612501
    outer loop
      vertex 5.80688 4.16118 -6.00737
      vertex 7.50598 3.10821 -4.65335
      vertex 7.50599 3.10897 -4.6529
    endloop
  endfacet
  facet normal -0.707106 -0.353544 0.612379
    outer loop
      vertex 5.80688 4.16118 -6.00737
      vertex 7.5 2.795 -4.84108
      vertex 7.50598 3.10821 -4.65335
    endloop
  endfacet
  facet normal -0.707111 -0.353567 0.612359
    outer loop
      vertex 5.80688 4.16118 -6.00737
      vertex 7.50598 2.47581 -5.01847
      vertex 7.5 2.795 -4.84108
    endloop
  endfacet
  facet normal -0.704464 -0.34689 0.619191
    outer loop
      vertex 5.80688 4.16118 -6.00737
      vertex 7.50599 2.47504 -5.01889
      vertex 7.50598 2.47581 -5.01847
    endloop
  endfacet
  facet normal -0.708288 -0.35657 0.609251
    outer loop
      vertex 5.80688 4.16118 -6.00737
      vertex 7.50603 2.47426 -5.0193
      vertex 7.50599 2.47504 -5.01889
    endloop
  endfacet
  facet normal -0.707101 -0.353535 0.61239
    outer loop
      vertex 7.50603 2.47426 -5.0193
      vertex 5.80688 4.16118 -6.00737
      vertex 7.51436 2.32332 -5.09682
    endloop
  endfacet
  facet normal 1.8577e-05 0.866027 0.499998
    outer loop
      vertex 10.4738 6.49463 -10.049
      vertex 11.5 5.42113 -8.18967
      vertex 11.5 5.98152 -9.1603
    endloop
  endfacet
  facet normal 2.44559e-06 0.866023 0.500004
    outer loop
      vertex 11.5 5.42113 -8.18967
      vertex 10.4738 6.49463 -10.049
      vertex 5.80688 4.16118 -6.00737
    endloop
  endfacet
  facet normal 1.08673e-05 -0.866018 -0.500012
    outer loop
      vertex 5.80688 3.12195 -6.60737
      vertex 7.75775 2.38729 -5.3349
      vertex 7.51749 2.26664 -5.12594
    endloop
  endfacet
  facet normal 1.32979e-06 -0.866025 -0.500001
    outer loop
      vertex 7.75775 2.38729 -5.3349
      vertex 5.80688 3.12195 -6.60737
      vertex 10.4738 5.4554 -10.649
    endloop
  endfacet
  facet normal -0.707109 -0.353553 0.612371
    outer loop
      vertex 5.80688 3.12195 -6.60737
      vertex 7.51436 2.32332 -5.09682
      vertex 5.80688 4.16118 -6.00737
    endloop
  endfacet
  facet normal -0.707107 -0.353637 0.612324
    outer loop
      vertex 7.51436 2.32332 -5.09682
      vertex 5.80688 3.12195 -6.60737
      vertex 7.51749 2.26664 -5.12594
    endloop
  endfacet
  facet normal 1.48408e-06 0.866025 0.500001
    outer loop
      vertex 11.0839 5.09673 -7.6278
      vertex 5.80688 4.16118 -6.00737
      vertex 7.51749 3.30587 -4.52594
    endloop
  endfacet
  facet normal 1.40039e-05 0.866018 0.500013
    outer loop
      vertex 11.5 5.42113 -8.18967
      vertex 11.0839 5.09673 -7.6278
      vertex 11.5 5.30479 -7.98817
    endloop
  endfacet
  facet normal 3.78564e-06 0.866021 0.500007
    outer loop
      vertex 11.0839 5.09673 -7.6278
      vertex 11.5 5.42113 -8.18967
      vertex 5.80688 4.16118 -6.00737
    endloop
  endfacet
  facet normal -1.17008e-05 -0.866025 -0.5
    outer loop
      vertex 11.0839 4.0575 -8.22779
      vertex 11.5 4.94229 -9.7603
      vertex 11.5 4.26556 -8.58817
    endloop
  endfacet
  facet normal -2.19913e-06 -0.866024 -0.500003
    outer loop
      vertex 10.4738 5.4554 -10.649
      vertex 11.0839 4.0575 -8.22779
      vertex 8.60866 2.81457 -6.07498
    endloop
  endfacet
  facet normal -1.31713e-05 -0.866022 -0.500007
    outer loop
      vertex 10.4738 5.4554 -10.649
      vertex 8.60866 2.81457 -6.07498
      vertex 7.75775 2.38729 -5.3349
    endloop
  endfacet
  facet normal -1.48613e-05 -0.866025 -0.500001
    outer loop
      vertex 11.0839 4.0575 -8.22779
      vertex 10.4738 5.4554 -10.649
      vertex 11.5 4.94229 -9.7603
    endloop
  endfacet
  facet normal 0.707104 0.353555 -0.612375
    outer loop
      vertex 11.5 5.98152 -9.1603
      vertex 10.4738 5.4554 -10.649
      vertex 10.4738 6.49463 -10.049
    endloop
  endfacet
  facet normal 0.707104 0.353555 -0.612375
    outer loop
      vertex 10.4738 5.4554 -10.649
      vertex 11.5 5.98152 -9.1603
      vertex 11.5 4.94229 -9.7603
    endloop
  endfacet
  facet normal -0.707102 0.183023 -0.683014
    outer loop
      vertex 10.4738 2.51334 -11.6981
      vertex 5.80688 2.46457 -6.87966
      vertex 10.4738 3.67245 -11.3875
    endloop
  endfacet
  facet normal -1.59632e-06 -0.965926 -0.258819
    outer loop
      vertex 5.80688 1.30546 -7.19025
      vertex 11.0839 1.78973 -8.9976
      vertex 7.51749 0.862716 -5.53792
    endloop
  endfacet
  facet normal -7.98409e-06 -0.965921 -0.258837
    outer loop
      vertex 11.5 1.95766 -9.62429
      vertex 11.0839 1.78973 -8.9976
      vertex 5.80688 1.30546 -7.19025
    endloop
  endfacet
  facet normal 1.35973e-05 -0.965925 -0.258823
    outer loop
      vertex 11.0839 1.78973 -8.9976
      vertex 11.5 1.95766 -9.62429
      vertex 11.5 1.89744 -9.39955
    endloop
  endfacet
  facet normal -7.88211e-06 0.965926 0.258819
    outer loop
      vertex 11.5 3.40685 -10.3963
      vertex 11.0839 2.94885 -8.68703
      vertex 11.5 3.05655 -9.08896
    endloop
  endfacet
  facet normal 5.57845e-06 0.965925 0.258822
    outer loop
      vertex 10.4738 3.67245 -11.3875
      vertex 11.0839 2.94885 -8.68703
      vertex 11.5 3.40685 -10.3963
    endloop
  endfacet
  facet normal 3.70032e-06 0.965925 0.258822
    outer loop
      vertex 11.0839 2.94885 -8.68703
      vertex 10.4738 3.67245 -11.3875
      vertex 8.60866 2.30546 -6.28586
    endloop
  endfacet
  facet normal 4.00064e-07 0.965925 0.258821
    outer loop
      vertex 8.60866 2.30546 -6.28586
      vertex 10.4738 3.67245 -11.3875
      vertex 7.75775 2.08428 -5.46041
    endloop
  endfacet
  facet normal -0.707103 0.183018 -0.683015
    outer loop
      vertex 10.4738 2.51334 -11.6981
      vertex 5.80688 1.30546 -7.19025
      vertex 5.80688 2.46457 -6.87966
    endloop
  endfacet
  facet normal 2.46168e-06 0.965926 0.258818
    outer loop
      vertex 7.75775 2.08428 -5.46041
      vertex 5.80688 2.46457 -6.87966
      vertex 7.51749 2.02183 -5.22734
    endloop
  endfacet
  facet normal 1.74393e-07 0.965925 0.258821
    outer loop
      vertex 5.80688 2.46457 -6.87966
      vertex 7.75775 2.08428 -5.46041
      vertex 10.4738 3.67245 -11.3875
    endloop
  endfacet
  facet normal -0.707111 -0.183007 0.68301
    outer loop
      vertex 5.80688 1.30546 -7.19025
      vertex 7.50603 1.79961 -5.29874
      vertex 7.51436 1.96116 -5.24683
    endloop
  endfacet
  facet normal -0.706311 -0.185919 0.683052
    outer loop
      vertex 5.80688 1.30546 -7.19025
      vertex 7.50599 1.79877 -5.29901
      vertex 7.50603 1.79961 -5.29874
    endloop
  endfacet
  facet normal -0.70608 -0.186755 0.683062
    outer loop
      vertex 5.80688 1.30546 -7.19025
      vertex 7.50598 1.79793 -5.29925
      vertex 7.50599 1.79877 -5.29901
    endloop
  endfacet
  facet normal -0.707106 -0.18302 0.683012
    outer loop
      vertex 5.80688 1.30546 -7.19025
      vertex 7.5 1.4468 -5.39953
      vertex 7.50598 1.79793 -5.29925
    endloop
  endfacet
  facet normal -0.707111 -0.18299 0.683014
    outer loop
      vertex 7.50599 1.09172 -5.48846
      vertex 7.5 1.4468 -5.39953
      vertex 5.80688 1.30546 -7.19025
    endloop
  endfacet
  facet normal -0.707109 -0.183024 0.683008
    outer loop
      vertex 7.50599 1.09172 -5.48846
      vertex 5.80688 1.30546 -7.19025
      vertex 7.51749 0.862716 -5.53792
    endloop
  endfacet
  facet normal -0.707106 -0.182941 0.683032
    outer loop
      vertex 5.80688 2.46457 -6.87966
      vertex 7.51436 1.96116 -5.24683
      vertex 7.51749 2.02183 -5.22734
    endloop
  endfacet
  facet normal -0.707108 -0.183017 0.683011
    outer loop
      vertex 7.51436 1.96116 -5.24683
      vertex 5.80688 2.46457 -6.87966
      vertex 5.80688 1.30546 -7.19025
    endloop
  endfacet
  facet normal -5.7163e-07 -0.965925 -0.258821
    outer loop
      vertex 10.4738 2.51334 -11.6981
      vertex 11.5 1.95766 -9.62429
      vertex 5.80688 1.30546 -7.19025
    endloop
  endfacet
  facet normal -3.01332e-05 -0.965929 -0.258807
    outer loop
      vertex 11.5 1.95766 -9.62429
      vertex 10.4738 2.51334 -11.6981
      vertex 11.5 2.24773 -10.7069
    endloop
  endfacet
  facet normal 0.707096 0.183025 -0.683021
    outer loop
      vertex 11.5 3.40685 -10.3963
      vertex 10.4738 2.51334 -11.6981
      vertex 10.4738 3.67245 -11.3875
    endloop
  endfacet
  facet normal 0.707097 0.183023 -0.68302
    outer loop
      vertex 10.4738 2.51334 -11.6981
      vertex 11.5 3.40685 -10.3963
      vertex 11.5 2.24773 -10.7069
    endloop
  endfacet
  facet normal -0.707104 0 -0.70711
    outer loop
      vertex 10.4738 -0.599999 -11.95
      vertex 5.80688 0.599999 -7.28312
      vertex 10.4738 0.599999 -11.95
    endloop
  endfacet
  facet normal -0.707104 -0 -0.70711
    outer loop
      vertex 5.80688 0.599999 -7.28312
      vertex 10.4738 -0.599999 -11.95
      vertex 5.80688 -0.599999 -7.28312
    endloop
  endfacet
  facet normal -0.707107 0 0.707107
    outer loop
      vertex 5.80688 0.599999 -7.28312
      vertex 7.50603 0.366879 -5.58397
      vertex 7.51749 0.599999 -5.57251
    endloop
  endfacet
  facet normal -0.707107 0 0.707107
    outer loop
      vertex 5.80688 0.599999 -7.28312
      vertex 7.50599 0.365995 -5.58401
      vertex 7.50603 0.366879 -5.58397
    endloop
  endfacet
  facet normal -0.707107 0 0.707107
    outer loop
      vertex 5.80688 0.599999 -7.28312
      vertex 7.50598 0.365118 -5.58402
      vertex 7.50599 0.365995 -5.58401
    endloop
  endfacet
  facet normal -0.707107 0 0.707107
    outer loop
      vertex 5.80688 0.599999 -7.28312
      vertex 7.5 0 -5.59
      vertex 7.50598 0.365118 -5.58402
    endloop
  endfacet
  facet normal -0.707107 0 0.707107
    outer loop
      vertex 5.80688 -0.599999 -7.28312
      vertex 7.5 0 -5.59
      vertex 5.80688 0.599999 -7.28312
    endloop
  endfacet
  facet normal -0.707107 0 0.707107
    outer loop
      vertex 7.5 0 -5.59
      vertex 5.80688 -0.599999 -7.28312
      vertex 7.50598 -0.365118 -5.58402
    endloop
  endfacet
  facet normal -0.707107 0 0.707107
    outer loop
      vertex 7.50598 -0.365118 -5.58402
      vertex 5.80688 -0.599999 -7.28312
      vertex 7.50599 -0.365995 -5.58401
    endloop
  endfacet
  facet normal -0.707107 0 0.707107
    outer loop
      vertex 7.50599 -0.365995 -5.58401
      vertex 5.80688 -0.599999 -7.28312
      vertex 7.50603 -0.366879 -5.58397
    endloop
  endfacet
  facet normal -0.707107 0 0.707107
    outer loop
      vertex 7.50603 -0.366879 -5.58397
      vertex 5.80688 -0.599999 -7.28312
      vertex 7.51749 -0.599999 -5.57251
    endloop
  endfacet
  facet normal 0 1 0
    outer loop
      vertex 8.60866 0.599999 -6.66837
      vertex 5.80688 0.599999 -7.28312
      vertex 7.51749 0.599999 -5.57251
    endloop
  endfacet
  facet normal 0 1 0
    outer loop
      vertex 11.0839 0.599999 -9.15423
      vertex 5.80688 0.599999 -7.28312
      vertex 8.60866 0.599999 -6.66837
    endloop
  endfacet
  facet normal 0 1 -0
    outer loop
      vertex 11.5 0.599999 -10.9238
      vertex 11.0839 0.599999 -9.15423
      vertex 11.5 0.599999 -9.57036
    endloop
  endfacet
  facet normal 0 1 0
    outer loop
      vertex 11.0839 0.599999 -9.15423
      vertex 11.5 0.599999 -10.9238
      vertex 10.4738 0.599999 -11.95
    endloop
  endfacet
  facet normal 0 1 0
    outer loop
      vertex 11.0839 0.599999 -9.15423
      vertex 10.4738 0.599999 -11.95
      vertex 5.80688 0.599999 -7.28312
    endloop
  endfacet
  facet normal 0 -1 0
    outer loop
      vertex 5.80688 -0.599999 -7.28312
      vertex 8.60866 -0.599999 -6.66837
      vertex 7.51749 -0.599999 -5.57251
    endloop
  endfacet
  facet normal 0 -1 0
    outer loop
      vertex 5.80688 -0.599999 -7.28312
      vertex 11.0839 -0.599999 -9.15423
      vertex 8.60866 -0.599999 -6.66837
    endloop
  endfacet
  facet normal 0 -1 0
    outer loop
      vertex 10.4738 -0.599999 -11.95
      vertex 11.0839 -0.599999 -9.15423
      vertex 5.80688 -0.599999 -7.28312
    endloop
  endfacet
  facet normal -0 -1 0
    outer loop
      vertex 11.5 -0.599999 -10.9238
      vertex 11.0839 -0.599999 -9.15423
      vertex 10.4738 -0.599999 -11.95
    endloop
  endfacet
  facet normal 0 -1 0
    outer loop
      vertex 11.0839 -0.599999 -9.15423
      vertex 11.5 -0.599999 -10.9238
      vertex 11.5 -0.599999 -9.57036
    endloop
  endfacet
  facet normal 0.707107 0 -0.707107
    outer loop
      vertex 11.5 -0.599999 -10.9238
      vertex 10.4738 0.599999 -11.95
      vertex 11.5 0.599999 -10.9238
    endloop
  endfacet
  facet normal 0.707107 0 -0.707107
    outer loop
      vertex 10.4738 0.599999 -11.95
      vertex 11.5 -0.599999 -10.9238
      vertex 10.4738 -0.599999 -11.95
    endloop
  endfacet
  facet normal -0.707103 -0.183018 -0.683015
    outer loop
      vertex 10.4738 -2.51334 -11.6981
      vertex 5.80688 -2.46457 -6.87966
      vertex 5.80688 -1.30546 -7.19025
    endloop
  endfacet
  facet normal -0.707109 0.183024 0.683008
    outer loop
      vertex 5.80688 -1.30546 -7.19025
      vertex 7.50599 -1.09172 -5.48846
      vertex 7.51749 -0.862716 -5.53792
    endloop
  endfacet
  facet normal -0.707111 0.18299 0.683014
    outer loop
      vertex 7.5 -1.4468 -5.39953
      vertex 7.50599 -1.09172 -5.48846
      vertex 5.80688 -1.30546 -7.19025
    endloop
  endfacet
  facet normal -0.707106 0.18302 0.683012
    outer loop
      vertex 5.80688 -1.30546 -7.19025
      vertex 7.50598 -1.79793 -5.29925
      vertex 7.5 -1.4468 -5.39953
    endloop
  endfacet
  facet normal -0.70608 0.186755 0.683062
    outer loop
      vertex 5.80688 -1.30546 -7.19025
      vertex 7.50599 -1.79877 -5.29901
      vertex 7.50598 -1.79793 -5.29925
    endloop
  endfacet
  facet normal -0.706311 0.185919 0.683052
    outer loop
      vertex 5.80688 -1.30546 -7.19025
      vertex 7.50603 -1.79961 -5.29874
      vertex 7.50599 -1.79877 -5.29901
    endloop
  endfacet
  facet normal -0.707111 0.183007 0.68301
    outer loop
      vertex 7.50603 -1.79961 -5.29874
      vertex 5.80688 -1.30546 -7.19025
      vertex 7.51436 -1.96116 -5.24683
    endloop
  endfacet
  facet normal -1.59632e-06 0.965926 -0.258819
    outer loop
      vertex 11.0839 -1.78973 -8.9976
      vertex 5.80688 -1.30546 -7.19025
      vertex 7.51749 -0.862716 -5.53792
    endloop
  endfacet
  facet normal 1.35973e-05 0.965925 -0.258823
    outer loop
      vertex 11.5 -1.95766 -9.62429
      vertex 11.0839 -1.78973 -8.9976
      vertex 11.5 -1.89744 -9.39955
    endloop
  endfacet
  facet normal -7.98409e-06 0.965921 -0.258837
    outer loop
      vertex 11.0839 -1.78973 -8.9976
      vertex 11.5 -1.95766 -9.62429
      vertex 5.80688 -1.30546 -7.19025
    endloop
  endfacet
  facet normal -0.707102 -0.183023 -0.683014
    outer loop
      vertex 10.4738 -3.67245 -11.3875
      vertex 5.80688 -2.46457 -6.87966
      vertex 10.4738 -2.51334 -11.6981
    endloop
  endfacet
  facet normal 2.46168e-06 -0.965926 0.258818
    outer loop
      vertex 5.80688 -2.46457 -6.87966
      vertex 7.75775 -2.08428 -5.46041
      vertex 7.51749 -2.02183 -5.22734
    endloop
  endfacet
  facet normal 1.74393e-07 -0.965925 0.258821
    outer loop
      vertex 7.75775 -2.08428 -5.46041
      vertex 5.80688 -2.46457 -6.87966
      vertex 10.4738 -3.67245 -11.3875
    endloop
  endfacet
  facet normal -0.707108 0.183017 0.683011
    outer loop
      vertex 5.80688 -2.46457 -6.87966
      vertex 7.51436 -1.96116 -5.24683
      vertex 5.80688 -1.30546 -7.19025
    endloop
  endfacet
  facet normal -0.707106 0.182941 0.683032
    outer loop
      vertex 7.51436 -1.96116 -5.24683
      vertex 5.80688 -2.46457 -6.87966
      vertex 7.51749 -2.02183 -5.22734
    endloop
  endfacet
  facet normal 0.707097 -0.183023 -0.68302
    outer loop
      vertex 11.5 -3.40685 -10.3963
      vertex 10.4738 -2.51334 -11.6981
      vertex 11.5 -2.24773 -10.7069
    endloop
  endfacet
  facet normal 0.707096 -0.183025 -0.683021
    outer loop
      vertex 10.4738 -2.51334 -11.6981
      vertex 11.5 -3.40685 -10.3963
      vertex 10.4738 -3.67245 -11.3875
    endloop
  endfacet
  facet normal -3.01332e-05 0.965929 -0.258807
    outer loop
      vertex 10.4738 -2.51334 -11.6981
      vertex 11.5 -1.95766 -9.62429
      vertex 11.5 -2.24773 -10.7069
    endloop
  endfacet
  facet normal -5.7163e-07 0.965925 -0.258821
    outer loop
      vertex 11.5 -1.95766 -9.62429
      vertex 10.4738 -2.51334 -11.6981
      vertex 5.80688 -1.30546 -7.19025
    endloop
  endfacet
  facet normal -7.88211e-06 -0.965926 0.258819
    outer loop
      vertex 11.0839 -2.94885 -8.68703
      vertex 11.5 -3.40685 -10.3963
      vertex 11.5 -3.05655 -9.08896
    endloop
  endfacet
  facet normal 3.70032e-06 -0.965925 0.258822
    outer loop
      vertex 10.4738 -3.67245 -11.3875
      vertex 11.0839 -2.94885 -8.68703
      vertex 8.60866 -2.30546 -6.28586
    endloop
  endfacet
  facet normal 4.00064e-07 -0.965925 0.258821
    outer loop
      vertex 10.4738 -3.67245 -11.3875
      vertex 8.60866 -2.30546 -6.28586
      vertex 7.75775 -2.08428 -5.46041
    endloop
  endfacet
  facet normal 5.57845e-06 -0.965925 0.258822
    outer loop
      vertex 11.0839 -2.94885 -8.68703
      vertex 10.4738 -3.67245 -11.3875
      vertex 11.5 -3.40685 -10.3963
    endloop
  endfacet
  facet normal 2.44559e-06 -0.866023 0.500004
    outer loop
      vertex 10.4738 -6.49463 -10.049
      vertex 11.5 -5.42113 -8.18967
      vertex 5.80688 -4.16118 -6.00737
    endloop
  endfacet
  facet normal 1.8577e-05 -0.866027 0.499998
    outer loop
      vertex 11.5 -5.42113 -8.18967
      vertex 10.4738 -6.49463 -10.049
      vertex 11.5 -5.98152 -9.1603
    endloop
  endfacet
  facet normal 1.08673e-05 0.866018 -0.500012
    outer loop
      vertex 7.75775 -2.38729 -5.3349
      vertex 5.80688 -3.12195 -6.60737
      vertex 7.51749 -2.26664 -5.12594
    endloop
  endfacet
  facet normal 1.32979e-06 0.866025 -0.500001
    outer loop
      vertex 5.80688 -3.12195 -6.60737
      vertex 7.75775 -2.38729 -5.3349
      vertex 10.4738 -5.4554 -10.649
    endloop
  endfacet
  facet normal -0.707104 -0.353555 -0.612375
    outer loop
      vertex 10.4738 -5.4554 -10.649
      vertex 5.80688 -4.16118 -6.00737
      vertex 5.80688 -3.12195 -6.60737
    endloop
  endfacet
  facet normal -0.707104 -0.353555 -0.612375
    outer loop
      vertex 5.80688 -4.16118 -6.00737
      vertex 10.4738 -5.4554 -10.649
      vertex 10.4738 -6.49463 -10.049
    endloop
  endfacet
  facet normal -1.17008e-05 0.866025 -0.5
    outer loop
      vertex 11.5 -4.94229 -9.7603
      vertex 11.0839 -4.0575 -8.22779
      vertex 11.5 -4.26556 -8.58817
    endloop
  endfacet
  facet normal -1.48613e-05 0.866025 -0.500001
    outer loop
      vertex 10.4738 -5.4554 -10.649
      vertex 11.0839 -4.0575 -8.22779
      vertex 11.5 -4.94229 -9.7603
    endloop
  endfacet
  facet normal -2.19913e-06 0.866024 -0.500003
    outer loop
      vertex 11.0839 -4.0575 -8.22779
      vertex 10.4738 -5.4554 -10.649
      vertex 8.60866 -2.81457 -6.07498
    endloop
  endfacet
  facet normal -1.31713e-05 0.866022 -0.500007
    outer loop
      vertex 8.60866 -2.81457 -6.07498
      vertex 10.4738 -5.4554 -10.649
      vertex 7.75775 -2.38729 -5.3349
    endloop
  endfacet
  facet normal -0.707101 0.353535 0.61239
    outer loop
      vertex 5.80688 -4.16118 -6.00737
      vertex 7.50603 -2.47426 -5.0193
      vertex 7.51436 -2.32332 -5.09682
    endloop
  endfacet
  facet normal -0.704464 0.34689 0.619191
    outer loop
      vertex 5.80688 -4.16118 -6.00737
      vertex 7.50598 -2.47581 -5.01847
      vertex 7.50599 -2.47504 -5.01889
    endloop
  endfacet
  facet normal -0.707106 0.353544 0.612379
    outer loop
      vertex 5.80688 -4.16118 -6.00737
      vertex 7.50598 -3.10821 -4.65335
      vertex 7.5 -2.795 -4.84108
    endloop
  endfacet
  facet normal -0.707107 0.353555 0.612371
    outer loop
      vertex 7.50599 -3.10897 -4.6529
      vertex 5.80688 -4.16118 -6.00737
      vertex 7.51749 -3.30587 -4.52594
    endloop
  endfacet
  facet normal -0.707091 0.353361 0.612501
    outer loop
      vertex 7.50598 -3.10821 -4.65335
      vertex 5.80688 -4.16118 -6.00737
      vertex 7.50599 -3.10897 -4.6529
    endloop
  endfacet
  facet normal -0.707111 0.353567 0.612359
    outer loop
      vertex 7.50598 -2.47581 -5.01847
      vertex 5.80688 -4.16118 -6.00737
      vertex 7.5 -2.795 -4.84108
    endloop
  endfacet
  facet normal -0.708288 0.35657 0.609251
    outer loop
      vertex 7.50603 -2.47426 -5.0193
      vertex 5.80688 -4.16118 -6.00737
      vertex 7.50599 -2.47504 -5.01889
    endloop
  endfacet
  facet normal -0.707107 0.353637 0.612324
    outer loop
      vertex 5.80688 -3.12195 -6.60737
      vertex 7.51436 -2.32332 -5.09682
      vertex 7.51749 -2.26664 -5.12594
    endloop
  endfacet
  facet normal -0.707109 0.353553 0.612371
    outer loop
      vertex 7.51436 -2.32332 -5.09682
      vertex 5.80688 -3.12195 -6.60737
      vertex 5.80688 -4.16118 -6.00737
    endloop
  endfacet
  facet normal 0.707104 -0.353555 -0.612375
    outer loop
      vertex 11.5 -5.98152 -9.1603
      vertex 10.4738 -5.4554 -10.649
      vertex 11.5 -4.94229 -9.7603
    endloop
  endfacet
  facet normal 0.707104 -0.353555 -0.612375
    outer loop
      vertex 10.4738 -5.4554 -10.649
      vertex 11.5 -5.98152 -9.1603
      vertex 10.4738 -6.49463 -10.049
    endloop
  endfacet
  facet normal 1.48408e-06 -0.866025 0.500001
    outer loop
      vertex 5.80688 -4.16118 -6.00737
      vertex 11.0839 -5.09673 -7.6278
      vertex 7.51749 -3.30587 -4.52594
    endloop
  endfacet
  facet normal 3.78564e-06 -0.866021 0.500007
    outer loop
      vertex 11.5 -5.42113 -8.18967
      vertex 11.0839 -5.09673 -7.6278
      vertex 5.80688 -4.16118 -6.00737
    endloop
  endfacet
  facet normal 1.40039e-05 -0.866018 0.500013
    outer loop
      vertex 11.0839 -5.09673 -7.6278
      vertex 11.5 -5.42113 -8.18967
      vertex 11.5 -5.30479 -7.98817
    endloop
  endfacet
  facet normal -0.707107 0.500005 0.499995
    outer loop
      vertex 5.80688 -4.72568 -5.57421
      vertex 7.50599 -3.68969 -4.20729
      vertex 7.51749 -3.5161 -4.36462
    endloop
  endfacet
  facet normal -0.707108 0.49999 0.500007
    outer loop
      vertex 5.80688 -4.72568 -5.57421
      vertex 7.5 -3.95273 -3.95273
      vertex 7.50599 -3.68969 -4.20729
    endloop
  endfacet
  facet normal -0.707106 0.5 0.5
    outer loop
      vertex 5.80688 -5.57421 -4.72568
      vertex 7.5 -3.95273 -3.95273
      vertex 5.80688 -4.72568 -5.57421
    endloop
  endfacet
  facet normal -0.707108 0.500007 0.49999
    outer loop
      vertex 7.5 -3.95273 -3.95273
      vertex 5.80688 -5.57421 -4.72568
      vertex 7.50599 -4.20729 -3.68969
    endloop
  endfacet
  facet normal -0.707107 0.499995 0.500005
    outer loop
      vertex 7.50599 -4.20729 -3.68969
      vertex 5.80688 -5.57421 -4.72568
      vertex 7.51749 -4.36462 -3.5161
    endloop
  endfacet
  facet normal 0.707115 -0.499994 -0.499994
    outer loop
      vertex 11.5 -8.14856 -7.30003
      vertex 10.4738 -8.02568 -8.87421
      vertex 11.5 -7.30003 -8.14856
    endloop
  endfacet
  facet normal 0.707115 -0.499994 -0.499994
    outer loop
      vertex 10.4738 -8.02568 -8.87421
      vertex 11.5 -8.14856 -7.30003
      vertex 10.4738 -8.87421 -8.02568
    endloop
  endfacet
  facet normal -0.707106 -0.500001 -0.500001
    outer loop
      vertex 10.4738 -8.02568 -8.87421
      vertex 5.80688 -5.57421 -4.72568
      vertex 5.80688 -4.72568 -5.57421
    endloop
  endfacet
  facet normal -0.707106 -0.500001 -0.500001
    outer loop
      vertex 5.80688 -5.57421 -4.72568
      vertex 10.4738 -8.02568 -8.87421
      vertex 10.4738 -8.87421 -8.02568
    endloop
  endfacet
  facet normal -5.79175e-16 0.707107 -0.707107
    outer loop
      vertex 10.4738 -8.02568 -8.87421
      vertex 11.5 -6.50752 -7.35605
      vertex 11.5 -7.30003 -8.14856
    endloop
  endfacet
  facet normal 1.79926e-16 0.707107 -0.707107
    outer loop
      vertex 11.5 -6.50752 -7.35605
      vertex 10.4738 -8.02568 -8.87421
      vertex 5.80688 -4.72568 -5.57421
    endloop
  endfacet
  facet normal -2.86694e-15 -0.707107 0.707107
    outer loop
      vertex 11.0839 -6.89728 -6.04875
      vertex 11.5 -7.35605 -6.50752
      vertex 11.5 -7.19153 -6.343
    endloop
  endfacet
  facet normal 1.08203e-06 -0.707105 0.707109
    outer loop
      vertex 5.80688 -5.57421 -4.72568
      vertex 11.0839 -6.89728 -6.04875
      vertex 7.51749 -4.36462 -3.5161
    endloop
  endfacet
  facet normal -4.61691e-16 -0.707107 0.707107
    outer loop
      vertex 11.0839 -6.89728 -6.04875
      vertex 5.80688 -5.57421 -4.72568
      vertex 11.5 -7.35605 -6.50752
    endloop
  endfacet
  facet normal 1.08203e-06 0.707109 -0.707105
    outer loop
      vertex 11.0839 -6.04875 -6.89728
      vertex 5.80688 -4.72568 -5.57421
      vertex 7.51749 -3.5161 -4.36462
    endloop
  endfacet
  facet normal -2.72359e-15 0.707107 -0.707107
    outer loop
      vertex 11.5 -6.50752 -7.35605
      vertex 11.0839 -6.04875 -6.89728
      vertex 11.5 -6.343 -7.19153
    endloop
  endfacet
  facet normal -4.61691e-16 0.707107 -0.707107
    outer loop
      vertex 11.0839 -6.04875 -6.89728
      vertex 11.5 -6.50752 -7.35605
      vertex 5.80688 -4.72568 -5.57421
    endloop
  endfacet
  facet normal 1.79926e-16 -0.707107 0.707107
    outer loop
      vertex 10.4738 -8.87421 -8.02568
      vertex 11.5 -7.35605 -6.50752
      vertex 5.80688 -5.57421 -4.72568
    endloop
  endfacet
  facet normal -5.79175e-16 -0.707107 0.707107
    outer loop
      vertex 11.5 -7.35605 -6.50752
      vertex 10.4738 -8.87421 -8.02568
      vertex 11.5 -8.14856 -7.30003
    endloop
  endfacet
  facet normal -0.707091 0.612501 0.353361
    outer loop
      vertex 5.80688 -6.00737 -4.16118
      vertex 7.50598 -4.65335 -3.10821
      vertex 7.50599 -4.6529 -3.10897
    endloop
  endfacet
  facet normal -0.707111 0.612359 0.353567
    outer loop
      vertex 5.80688 -6.00737 -4.16118
      vertex 7.50598 -5.01847 -2.47581
      vertex 7.5 -4.84108 -2.795
    endloop
  endfacet
  facet normal -0.708288 0.609251 0.35657
    outer loop
      vertex 5.80688 -6.00737 -4.16118
      vertex 7.50603 -5.0193 -2.47426
      vertex 7.50599 -5.01889 -2.47504
    endloop
  endfacet
  facet normal -0.707101 0.61239 0.353535
    outer loop
      vertex 7.50603 -5.0193 -2.47426
      vertex 5.80688 -6.00737 -4.16118
      vertex 7.51436 -5.09682 -2.32332
    endloop
  endfacet
  facet normal -0.704464 0.619191 0.34689
    outer loop
      vertex 7.50598 -5.01847 -2.47581
      vertex 5.80688 -6.00737 -4.16118
      vertex 7.50599 -5.01889 -2.47504
    endloop
  endfacet
  facet normal -0.707106 0.612379 0.353544
    outer loop
      vertex 7.50598 -4.65335 -3.10821
      vertex 5.80688 -6.00737 -4.16118
      vertex 7.5 -4.84108 -2.795
    endloop
  endfacet
  facet normal -0.707107 0.612371 0.353555
    outer loop
      vertex 5.80688 -6.00737 -4.16118
      vertex 7.50599 -4.6529 -3.10897
      vertex 7.51749 -4.52594 -3.30587
    endloop
  endfacet
  facet normal 0.707104 -0.612375 -0.353555
    outer loop
      vertex 11.5 -9.7603 -4.94229
      vertex 10.4738 -10.049 -6.49463
      vertex 11.5 -9.1603 -5.98152
    endloop
  endfacet
  facet normal 0.707104 -0.612375 -0.353555
    outer loop
      vertex 10.4738 -10.049 -6.49463
      vertex 11.5 -9.7603 -4.94229
      vertex 10.4738 -10.649 -5.4554
    endloop
  endfacet
  facet normal -0.707104 -0.612375 -0.353555
    outer loop
      vertex 10.4738 -10.049 -6.49463
      vertex 5.80688 -6.60737 -3.12195
      vertex 5.80688 -6.00737 -4.16118
    endloop
  endfacet
  facet normal -0.707104 -0.612375 -0.353555
    outer loop
      vertex 5.80688 -6.60737 -3.12195
      vertex 10.4738 -10.049 -6.49463
      vertex 10.4738 -10.649 -5.4554
    endloop
  endfacet
  facet normal 1.8577e-05 0.499998 -0.866027
    outer loop
      vertex 10.4738 -10.049 -6.49463
      vertex 11.5 -8.18967 -5.42113
      vertex 11.5 -9.1603 -5.98152
    endloop
  endfacet
  facet normal 2.44559e-06 0.500004 -0.866023
    outer loop
      vertex 11.5 -8.18967 -5.42113
      vertex 10.4738 -10.049 -6.49463
      vertex 5.80688 -6.00737 -4.16118
    endloop
  endfacet
  facet normal 1.08673e-05 -0.500012 0.866018
    outer loop
      vertex 5.80688 -6.60737 -3.12195
      vertex 7.75775 -5.3349 -2.38729
      vertex 7.51749 -5.12594 -2.26664
    endloop
  endfacet
  facet normal 1.32979e-06 -0.500001 0.866025
    outer loop
      vertex 7.75775 -5.3349 -2.38729
      vertex 5.80688 -6.60737 -3.12195
      vertex 10.4738 -10.649 -5.4554
    endloop
  endfacet
  facet normal -0.707109 0.612371 0.353553
    outer loop
      vertex 5.80688 -6.60737 -3.12195
      vertex 7.51436 -5.09682 -2.32332
      vertex 5.80688 -6.00737 -4.16118
    endloop
  endfacet
  facet normal -0.707107 0.612324 0.353637
    outer loop
      vertex 7.51436 -5.09682 -2.32332
      vertex 5.80688 -6.60737 -3.12195
      vertex 7.51749 -5.12594 -2.26664
    endloop
  endfacet
  facet normal 1.40039e-05 0.500013 -0.866018
    outer loop
      vertex 11.5 -8.18967 -5.42113
      vertex 11.0839 -7.6278 -5.09673
      vertex 11.5 -7.98817 -5.30479
    endloop
  endfacet
  facet normal 3.78564e-06 0.500007 -0.866021
    outer loop
      vertex 5.80688 -6.00737 -4.16118
      vertex 11.0839 -7.6278 -5.09673
      vertex 11.5 -8.18967 -5.42113
    endloop
  endfacet
  facet normal 1.48408e-06 0.500001 -0.866025
    outer loop
      vertex 11.0839 -7.6278 -5.09673
      vertex 5.80688 -6.00737 -4.16118
      vertex 7.51749 -4.52594 -3.30587
    endloop
  endfacet
  facet normal -1.17008e-05 -0.5 0.866025
    outer loop
      vertex 11.0839 -8.22779 -4.0575
      vertex 11.5 -9.7603 -4.94229
      vertex 11.5 -8.58817 -4.26556
    endloop
  endfacet
  facet normal -1.48613e-05 -0.500001 0.866025
    outer loop
      vertex 11.0839 -8.22779 -4.0575
      vertex 10.4738 -10.649 -5.4554
      vertex 11.5 -9.7603 -4.94229
    endloop
  endfacet
  facet normal -2.19913e-06 -0.500003 0.866024
    outer loop
      vertex 8.60866 -6.07498 -2.81457
      vertex 10.4738 -10.649 -5.4554
      vertex 11.0839 -8.22779 -4.0575
    endloop
  endfacet
  facet normal -1.31713e-05 -0.500007 0.866022
    outer loop
      vertex 10.4738 -10.649 -5.4554
      vertex 8.60866 -6.07498 -2.81457
      vertex 7.75775 -5.3349 -2.38729
    endloop
  endfacet
  facet normal -0.707102 -0.683014 -0.183023
    outer loop
      vertex 10.4738 -11.6981 -2.51334
      vertex 5.80688 -6.87966 -2.46457
      vertex 10.4738 -11.3875 -3.67245
    endloop
  endfacet
  facet normal 1.35973e-05 -0.258823 0.965925
    outer loop
      vertex 11.0839 -8.9976 -1.78973
      vertex 11.5 -9.62429 -1.95766
      vertex 11.5 -9.39955 -1.89744
    endloop
  endfacet
  facet normal -1.59632e-06 -0.258819 0.965926
    outer loop
      vertex 5.80688 -7.19025 -1.30546
      vertex 11.0839 -8.9976 -1.78973
      vertex 7.51749 -5.53792 -0.862716
    endloop
  endfacet
  facet normal -7.98409e-06 -0.258837 0.965921
    outer loop
      vertex 11.0839 -8.9976 -1.78973
      vertex 5.80688 -7.19025 -1.30546
      vertex 11.5 -9.62429 -1.95766
    endloop
  endfacet
  facet normal -7.88211e-06 0.258819 -0.965926
    outer loop
      vertex 11.5 -10.3963 -3.40685
      vertex 11.0839 -8.68703 -2.94885
      vertex 11.5 -9.08896 -3.05655
    endloop
  endfacet
  facet normal 5.57845e-06 0.258822 -0.965925
    outer loop
      vertex 10.4738 -11.3875 -3.67245
      vertex 11.0839 -8.68703 -2.94885
      vertex 11.5 -10.3963 -3.40685
    endloop
  endfacet
  facet normal 3.70032e-06 0.258822 -0.965925
    outer loop
      vertex 10.4738 -11.3875 -3.67245
      vertex 8.60866 -6.28586 -2.30546
      vertex 11.0839 -8.68703 -2.94885
    endloop
  endfacet
  facet normal 4.00064e-07 0.258821 -0.965925
    outer loop
      vertex 8.60866 -6.28586 -2.30546
      vertex 10.4738 -11.3875 -3.67245
      vertex 7.75775 -5.46041 -2.08428
    endloop
  endfacet
  facet normal -0.707103 -0.683015 -0.183018
    outer loop
      vertex 10.4738 -11.6981 -2.51334
      vertex 5.80688 -7.19025 -1.30546
      vertex 5.80688 -6.87966 -2.46457
    endloop
  endfacet
  facet normal 1.74393e-07 0.258821 -0.965925
    outer loop
      vertex 5.80688 -6.87966 -2.46457
      vertex 7.75775 -5.46041 -2.08428
      vertex 10.4738 -11.3875 -3.67245
    endloop
  endfacet
  facet normal 2.46168e-06 0.258818 -0.965926
    outer loop
      vertex 7.75775 -5.46041 -2.08428
      vertex 5.80688 -6.87966 -2.46457
      vertex 7.51749 -5.22734 -2.02183
    endloop
  endfacet
  facet normal -0.707109 0.683008 0.183024
    outer loop
      vertex 7.50599 -5.48846 -1.09172
      vertex 5.80688 -7.19025 -1.30546
      vertex 7.51749 -5.53792 -0.862716
    endloop
  endfacet
  facet normal -0.707111 0.683014 0.18299
    outer loop
      vertex 7.5 -5.39953 -1.4468
      vertex 5.80688 -7.19025 -1.30546
      vertex 7.50599 -5.48846 -1.09172
    endloop
  endfacet
  facet normal -0.707106 0.683012 0.18302
    outer loop
      vertex 7.50598 -5.29925 -1.79793
      vertex 5.80688 -7.19025 -1.30546
      vertex 7.5 -5.39953 -1.4468
    endloop
  endfacet
  facet normal -0.70608 0.683062 0.186755
    outer loop
      vertex 7.50599 -5.29901 -1.79877
      vertex 5.80688 -7.19025 -1.30546
      vertex 7.50598 -5.29925 -1.79793
    endloop
  endfacet
  facet normal -0.706311 0.683052 0.185919
    outer loop
      vertex 7.50603 -5.29874 -1.79961
      vertex 5.80688 -7.19025 -1.30546
      vertex 7.50599 -5.29901 -1.79877
    endloop
  endfacet
  facet normal -0.707111 0.68301 0.183007
    outer loop
      vertex 5.80688 -7.19025 -1.30546
      vertex 7.50603 -5.29874 -1.79961
      vertex 7.51436 -5.24683 -1.96116
    endloop
  endfacet
  facet normal -0.707106 0.683032 0.182941
    outer loop
      vertex 5.80688 -6.87966 -2.46457
      vertex 7.51436 -5.24683 -1.96116
      vertex 7.51749 -5.22734 -2.02183
    endloop
  endfacet
  facet normal -0.707108 0.683011 0.183017
    outer loop
      vertex 7.51436 -5.24683 -1.96116
      vertex 5.80688 -6.87966 -2.46457
      vertex 5.80688 -7.19025 -1.30546
    endloop
  endfacet
  facet normal -3.01332e-05 -0.258807 0.965929
    outer loop
      vertex 11.5 -9.62429 -1.95766
      vertex 10.4738 -11.6981 -2.51334
      vertex 11.5 -10.7069 -2.24773
    endloop
  endfacet
  facet normal -5.7163e-07 -0.258821 0.965925
    outer loop
      vertex 10.4738 -11.6981 -2.51334
      vertex 11.5 -9.62429 -1.95766
      vertex 5.80688 -7.19025 -1.30546
    endloop
  endfacet
  facet normal 0.707096 -0.683021 -0.183024
    outer loop
      vertex 11.5 -10.7069 -2.24773
      vertex 10.4738 -11.3875 -3.67245
      vertex 11.5 -10.3963 -3.40685
    endloop
  endfacet
  facet normal 0.707097 -0.68302 -0.183025
    outer loop
      vertex 10.4738 -11.3875 -3.67245
      vertex 11.5 -10.7069 -2.24773
      vertex 10.4738 -11.6981 -2.51334
    endloop
  endfacet
  facet normal -0.707104 -0.70711 0
    outer loop
      vertex 10.4738 -11.95 -0.599999
      vertex 5.80688 -7.28312 0.599999
      vertex 5.80688 -7.28312 -0.599999
    endloop
  endfacet
  facet normal -0.707104 -0.70711 0
    outer loop
      vertex 5.80688 -7.28312 0.599999
      vertex 10.4738 -11.95 -0.599999
      vertex 10.4738 -11.95 0.599999
    endloop
  endfacet
  facet normal 0.707107 -0.707107 0
    outer loop
      vertex 10.4738 -11.95 0.599999
      vertex 11.5 -10.9238 -0.599999
      vertex 11.5 -10.9238 0.599999
    endloop
  endfacet
  facet normal 0.707107 -0.707107 0
    outer loop
      vertex 11.5 -10.9238 -0.599999
      vertex 10.4738 -11.95 0.599999
      vertex 10.4738 -11.95 -0.599999
    endloop
  endfacet
  facet normal -0.707107 0.707107 0
    outer loop
      vertex 5.80688 -7.28312 -0.599999
      vertex 7.50603 -5.58397 -0.366879
      vertex 7.51749 -5.57251 -0.599999
    endloop
  endfacet
  facet normal -0.707107 0.707107 0
    outer loop
      vertex 5.80688 -7.28312 -0.599999
      vertex 7.50598 -5.58402 -0.365118
      vertex 7.50599 -5.58401 -0.365995
    endloop
  endfacet
  facet normal -0.707107 0.707107 0
    outer loop
      vertex 7.50598 -5.58402 -0.365118
      vertex 5.80688 -7.28312 -0.599999
      vertex 7.5 -5.59 0
    endloop
  endfacet
  facet normal -0.707107 0.707107 0
    outer loop
      vertex 7.50603 -5.58397 -0.366879
      vertex 5.80688 -7.28312 -0.599999
      vertex 7.50599 -5.58401 -0.365995
    endloop
  endfacet
  facet normal -0.707107 0.707107 0
    outer loop
      vertex 5.80688 -7.28312 0.599999
      vertex 7.50603 -5.58397 0.366879
      vertex 7.50599 -5.58401 0.365995
    endloop
  endfacet
  facet normal -0.707107 0.707107 0
    outer loop
      vertex 5.80688 -7.28312 0.599999
      vertex 7.50598 -5.58402 0.365118
      vertex 7.5 -5.59 0
    endloop
  endfacet
  facet normal -0.707107 0.707107 0
    outer loop
      vertex 5.80688 -7.28312 0.599999
      vertex 7.5 -5.59 0
      vertex 5.80688 -7.28312 -0.599999
    endloop
  endfacet
  facet normal -0.707107 0.707107 0
    outer loop
      vertex 7.50598 -5.58402 0.365118
      vertex 5.80688 -7.28312 0.599999
      vertex 7.50599 -5.58401 0.365995
    endloop
  endfacet
  facet normal -0.707107 0.707107 0
    outer loop
      vertex 7.50603 -5.58397 0.366879
      vertex 5.80688 -7.28312 0.599999
      vertex 7.51749 -5.57251 0.599999
    endloop
  endfacet
  facet normal 0 0 -1
    outer loop
      vertex 11.5 -10.9238 -0.599999
      vertex 11.0839 -9.15423 -0.599999
      vertex 11.5 -9.57036 -0.599999
    endloop
  endfacet
  facet normal 0 0 -1
    outer loop
      vertex 10.4738 -11.95 -0.599999
      vertex 11.0839 -9.15423 -0.599999
      vertex 11.5 -10.9238 -0.599999
    endloop
  endfacet
  facet normal 0 0 -1
    outer loop
      vertex 10.4738 -11.95 -0.599999
      vertex 8.60866 -6.66837 -0.599999
      vertex 11.0839 -9.15423 -0.599999
    endloop
  endfacet
  facet normal 0 0 -1
    outer loop
      vertex 5.80688 -7.28312 -0.599999
      vertex 8.60866 -6.66837 -0.599999
      vertex 10.4738 -11.95 -0.599999
    endloop
  endfacet
  facet normal -0 0 -1
    outer loop
      vertex 8.60866 -6.66837 -0.599999
      vertex 5.80688 -7.28312 -0.599999
      vertex 7.51749 -5.57251 -0.599999
    endloop
  endfacet
  facet normal 0 0 1
    outer loop
      vertex 11.0839 -9.15423 0.599999
      vertex 11.5 -10.9238 0.599999
      vertex 11.5 -9.57036 0.599999
    endloop
  endfacet
  facet normal 0 0 1
    outer loop
      vertex 11.0839 -9.15423 0.599999
      vertex 10.4738 -11.95 0.599999
      vertex 11.5 -10.9238 0.599999
    endloop
  endfacet
  facet normal 0 0 1
    outer loop
      vertex 8.60866 -6.66837 0.599999
      vertex 10.4738 -11.95 0.599999
      vertex 11.0839 -9.15423 0.599999
    endloop
  endfacet
  facet normal 0 0 1
    outer loop
      vertex 5.80688 -7.28312 0.599999
      vertex 8.60866 -6.66837 0.599999
      vertex 7.51749 -5.57251 0.599999
    endloop
  endfacet
  facet normal 0 0 1
    outer loop
      vertex 8.60866 -6.66837 0.599999
      vertex 5.80688 -7.28312 0.599999
      vertex 10.4738 -11.95 0.599999
    endloop
  endfacet
  facet normal -0.707103 -0.683015 0.183018
    outer loop
      vertex 5.80688 -6.87966 2.46457
      vertex 5.80688 -7.19025 1.30546
      vertex 10.4738 -11.6981 2.51334
    endloop
  endfacet
  facet normal -0.707111 0.68301 -0.183007
    outer loop
      vertex 7.50603 -5.29874 1.79961
      vertex 5.80688 -7.19025 1.30546
      vertex 7.51436 -5.24683 1.96116
    endloop
  endfacet
  facet normal -0.706311 0.683052 -0.185919
    outer loop
      vertex 7.50599 -5.29901 1.79877
      vertex 5.80688 -7.19025 1.30546
      vertex 7.50603 -5.29874 1.79961
    endloop
  endfacet
  facet normal -0.70608 0.683062 -0.186755
    outer loop
      vertex 7.50598 -5.29925 1.79793
      vertex 5.80688 -7.19025 1.30546
      vertex 7.50599 -5.29901 1.79877
    endloop
  endfacet
  facet normal -0.707106 0.683012 -0.18302
    outer loop
      vertex 7.5 -5.39953 1.4468
      vertex 5.80688 -7.19025 1.30546
      vertex 7.50598 -5.29925 1.79793
    endloop
  endfacet
  facet normal -0.707111 0.683014 -0.18299
    outer loop
      vertex 7.50599 -5.48846 1.09172
      vertex 5.80688 -7.19025 1.30546
      vertex 7.5 -5.39953 1.4468
    endloop
  endfacet
  facet normal -0.707109 0.683008 -0.183024
    outer loop
      vertex 5.80688 -7.19025 1.30546
      vertex 7.50599 -5.48846 1.09172
      vertex 7.51749 -5.53792 0.862716
    endloop
  endfacet
  facet normal 1.35973e-05 -0.258823 -0.965925
    outer loop
      vertex 11.5 -9.62429 1.95766
      vertex 11.0839 -8.9976 1.78973
      vertex 11.5 -9.39955 1.89744
    endloop
  endfacet
  facet normal -7.98409e-06 -0.258837 -0.965921
    outer loop
      vertex 5.80688 -7.19025 1.30546
      vertex 11.0839 -8.9976 1.78973
      vertex 11.5 -9.62429 1.95766
    endloop
  endfacet
  facet normal -1.59632e-06 -0.258819 -0.965926
    outer loop
      vertex 11.0839 -8.9976 1.78973
      vertex 5.80688 -7.19025 1.30546
      vertex 7.51749 -5.53792 0.862716
    endloop
  endfacet
  facet normal -0.707102 -0.683014 0.183023
    outer loop
      vertex 10.4738 -11.3875 3.67245
      vertex 5.80688 -6.87966 2.46457
      vertex 10.4738 -11.6981 2.51334
    endloop
  endfacet
  facet normal 2.46168e-06 0.258818 0.965926
    outer loop
      vertex 5.80688 -6.87966 2.46457
      vertex 7.75775 -5.46041 2.08428
      vertex 7.51749 -5.22734 2.02183
    endloop
  endfacet
  facet normal 1.74393e-07 0.258821 0.965925
    outer loop
      vertex 7.75775 -5.46041 2.08428
      vertex 5.80688 -6.87966 2.46457
      vertex 10.4738 -11.3875 3.67245
    endloop
  endfacet
  facet normal -0.707106 0.683032 -0.182941
    outer loop
      vertex 7.51436 -5.24683 1.96116
      vertex 5.80688 -6.87966 2.46457
      vertex 7.51749 -5.22734 2.02183
    endloop
  endfacet
  facet normal -0.707108 0.683011 -0.183017
    outer loop
      vertex 5.80688 -6.87966 2.46457
      vertex 7.51436 -5.24683 1.96116
      vertex 5.80688 -7.19025 1.30546
    endloop
  endfacet
  facet normal 0.707096 -0.683021 0.183024
    outer loop
      vertex 10.4738 -11.3875 3.67245
      vertex 11.5 -10.7069 2.24773
      vertex 11.5 -10.3963 3.40685
    endloop
  endfacet
  facet normal 0.707097 -0.68302 0.183025
    outer loop
      vertex 11.5 -10.7069 2.24773
      vertex 10.4738 -11.3875 3.67245
      vertex 10.4738 -11.6981 2.51334
    endloop
  endfacet
  facet normal -3.01332e-05 -0.258807 -0.965929
    outer loop
      vertex 10.4738 -11.6981 2.51334
      vertex 11.5 -9.62429 1.95766
      vertex 11.5 -10.7069 2.24773
    endloop
  endfacet
  facet normal -5.7163e-07 -0.258821 -0.965925
    outer loop
      vertex 11.5 -9.62429 1.95766
      vertex 10.4738 -11.6981 2.51334
      vertex 5.80688 -7.19025 1.30546
    endloop
  endfacet
  facet normal -7.88211e-06 0.258819 0.965926
    outer loop
      vertex 11.0839 -8.68703 2.94885
      vertex 11.5 -10.3963 3.40685
      vertex 11.5 -9.08896 3.05655
    endloop
  endfacet
  facet normal 5.57845e-06 0.258822 0.965925
    outer loop
      vertex 11.0839 -8.68703 2.94885
      vertex 10.4738 -11.3875 3.67245
      vertex 11.5 -10.3963 3.40685
    endloop
  endfacet
  facet normal 3.70032e-06 0.258822 0.965925
    outer loop
      vertex 8.60866 -6.28586 2.30546
      vertex 10.4738 -11.3875 3.67245
      vertex 11.0839 -8.68703 2.94885
    endloop
  endfacet
  facet normal 4.00064e-07 0.258821 0.965925
    outer loop
      vertex 10.4738 -11.3875 3.67245
      vertex 8.60866 -6.28586 2.30546
      vertex 7.75775 -5.46041 2.08428
    endloop
  endfacet
  facet normal 1.8577e-05 0.499998 0.866027
    outer loop
      vertex 11.5 -8.18967 5.42113
      vertex 10.4738 -10.049 6.49463
      vertex 11.5 -9.1603 5.98152
    endloop
  endfacet
  facet normal 2.44559e-06 0.500004 0.866023
    outer loop
      vertex 10.4738 -10.049 6.49463
      vertex 11.5 -8.18967 5.42113
      vertex 5.80688 -6.00737 4.16118
    endloop
  endfacet
  facet normal 1.32979e-06 -0.500001 -0.866025
    outer loop
      vertex 5.80688 -6.60737 3.12195
      vertex 7.75775 -5.3349 2.38729
      vertex 10.4738 -10.649 5.4554
    endloop
  endfacet
  facet normal 1.08673e-05 -0.500012 -0.866018
    outer loop
      vertex 7.75775 -5.3349 2.38729
      vertex 5.80688 -6.60737 3.12195
      vertex 7.51749 -5.12594 2.26664
    endloop
  endfacet
  facet normal -0.707104 -0.612375 0.353555
    outer loop
      vertex 5.80688 -6.60737 3.12195
      vertex 10.4738 -10.049 6.49463
      vertex 5.80688 -6.00737 4.16118
    endloop
  endfacet
  facet normal -0.707104 -0.612375 0.353555
    outer loop
      vertex 10.4738 -10.049 6.49463
      vertex 5.80688 -6.60737 3.12195
      vertex 10.4738 -10.649 5.4554
    endloop
  endfacet
  facet normal -1.17008e-05 -0.5 -0.866025
    outer loop
      vertex 11.5 -9.7603 4.94229
      vertex 11.0839 -8.22779 4.0575
      vertex 11.5 -8.58817 4.26556
    endloop
  endfacet
  facet normal -1.48613e-05 -0.500001 -0.866025
    outer loop
      vertex 10.4738 -10.649 5.4554
      vertex 11.0839 -8.22779 4.0575
      vertex 11.5 -9.7603 4.94229
    endloop
  endfacet
  facet normal -2.19913e-06 -0.500003 -0.866024
    outer loop
      vertex 10.4738 -10.649 5.4554
      vertex 8.60866 -6.07498 2.81457
      vertex 11.0839 -8.22779 4.0575
    endloop
  endfacet
  facet normal -1.31713e-05 -0.500007 -0.866022
    outer loop
      vertex 8.60866 -6.07498 2.81457
      vertex 10.4738 -10.649 5.4554
      vertex 7.75775 -5.3349 2.38729
    endloop
  endfacet
  facet normal -0.707106 0.612379 -0.353544
    outer loop
      vertex 5.80688 -6.00737 4.16118
      vertex 7.50598 -4.65335 3.10821
      vertex 7.5 -4.84108 2.795
    endloop
  endfacet
  facet normal -0.704464 0.619191 -0.34689
    outer loop
      vertex 5.80688 -6.00737 4.16118
      vertex 7.50598 -5.01847 2.47581
      vertex 7.50599 -5.01889 2.47504
    endloop
  endfacet
  facet normal -0.707101 0.61239 -0.353535
    outer loop
      vertex 5.80688 -6.00737 4.16118
      vertex 7.50603 -5.0193 2.47426
      vertex 7.51436 -5.09682 2.32332
    endloop
  endfacet
  facet normal -0.707107 0.612371 -0.353555
    outer loop
      vertex 7.50599 -4.6529 3.10897
      vertex 5.80688 -6.00737 4.16118
      vertex 7.51749 -4.52594 3.30587
    endloop
  endfacet
  facet normal -0.707091 0.612501 -0.353361
    outer loop
      vertex 7.50598 -4.65335 3.10821
      vertex 5.80688 -6.00737 4.16118
      vertex 7.50599 -4.6529 3.10897
    endloop
  endfacet
  facet normal -0.707111 0.612359 -0.353567
    outer loop
      vertex 7.50598 -5.01847 2.47581
      vertex 5.80688 -6.00737 4.16118
      vertex 7.5 -4.84108 2.795
    endloop
  endfacet
  facet normal -0.708288 0.609251 -0.35657
    outer loop
      vertex 7.50603 -5.0193 2.47426
      vertex 5.80688 -6.00737 4.16118
      vertex 7.50599 -5.01889 2.47504
    endloop
  endfacet
  facet normal -0.707107 0.612324 -0.353637
    outer loop
      vertex 5.80688 -6.60737 3.12195
      vertex 7.51436 -5.09682 2.32332
      vertex 7.51749 -5.12594 2.26664
    endloop
  endfacet
  facet normal -0.707109 0.612371 -0.353553
    outer loop
      vertex 7.51436 -5.09682 2.32332
      vertex 5.80688 -6.60737 3.12195
      vertex 5.80688 -6.00737 4.16118
    endloop
  endfacet
  facet normal 0.707104 -0.612375 0.353555
    outer loop
      vertex 10.4738 -10.049 6.49463
      vertex 11.5 -9.7603 4.94229
      vertex 11.5 -9.1603 5.98152
    endloop
  endfacet
  facet normal 0.707104 -0.612375 0.353555
    outer loop
      vertex 11.5 -9.7603 4.94229
      vertex 10.4738 -10.049 6.49463
      vertex 10.4738 -10.649 5.4554
    endloop
  endfacet
  facet normal 1.40039e-05 0.500013 0.866018
    outer loop
      vertex 11.0839 -7.6278 5.09673
      vertex 11.5 -8.18967 5.42113
      vertex 11.5 -7.98817 5.30479
    endloop
  endfacet
  facet normal 1.48408e-06 0.500001 0.866025
    outer loop
      vertex 5.80688 -6.00737 4.16118
      vertex 11.0839 -7.6278 5.09673
      vertex 7.51749 -4.52594 3.30587
    endloop
  endfacet
  facet normal 3.78564e-06 0.500007 0.866021
    outer loop
      vertex 11.0839 -7.6278 5.09673
      vertex 5.80688 -6.00737 4.16118
      vertex 11.5 -8.18967 5.42113
    endloop
  endfacet
  facet normal 0.707115 -0.499994 0.499994
    outer loop
      vertex 10.4738 -8.02568 8.87421
      vertex 11.5 -8.14856 7.30003
      vertex 11.5 -7.30003 8.14856
    endloop
  endfacet
  facet normal 0.707115 -0.499994 0.499994
    outer loop
      vertex 11.5 -8.14856 7.30003
      vertex 10.4738 -8.02568 8.87421
      vertex 10.4738 -8.87421 8.02568
    endloop
  endfacet
  facet normal -0.707106 -0.500001 0.500001
    outer loop
      vertex 5.80688 -5.57421 4.72568
      vertex 10.4738 -8.02568 8.87421
      vertex 5.80688 -4.72568 5.57421
    endloop
  endfacet
  facet normal -0.707106 -0.500001 0.500001
    outer loop
      vertex 10.4738 -8.02568 8.87421
      vertex 5.80688 -5.57421 4.72568
      vertex 10.4738 -8.87421 8.02568
    endloop
  endfacet
  facet normal -5.79175e-16 -0.707107 -0.707107
    outer loop
      vertex 10.4738 -8.87421 8.02568
      vertex 11.5 -7.35605 6.50752
      vertex 11.5 -8.14856 7.30003
    endloop
  endfacet
  facet normal 1.79926e-16 -0.707107 -0.707107
    outer loop
      vertex 11.5 -7.35605 6.50752
      vertex 10.4738 -8.87421 8.02568
      vertex 5.80688 -5.57421 4.72568
    endloop
  endfacet
  facet normal -2.86694e-15 0.707107 0.707107
    outer loop
      vertex 11.0839 -6.04875 6.89728
      vertex 11.5 -6.50752 7.35605
      vertex 11.5 -6.343 7.19153
    endloop
  endfacet
  facet normal -4.61691e-16 0.707107 0.707107
    outer loop
      vertex 11.0839 -6.04875 6.89728
      vertex 5.80688 -4.72568 5.57421
      vertex 11.5 -6.50752 7.35605
    endloop
  endfacet
  facet normal 1.08203e-06 0.707109 0.707105
    outer loop
      vertex 5.80688 -4.72568 5.57421
      vertex 11.0839 -6.04875 6.89728
      vertex 7.51749 -3.5161 4.36462
    endloop
  endfacet
  facet normal -0.707107 0.500005 -0.499995
    outer loop
      vertex 7.50599 -3.68969 4.20729
      vertex 5.80688 -4.72568 5.57421
      vertex 7.51749 -3.5161 4.36462
    endloop
  endfacet
  facet normal -0.707108 0.49999 -0.500007
    outer loop
      vertex 7.5 -3.95273 3.95273
      vertex 5.80688 -4.72568 5.57421
      vertex 7.50599 -3.68969 4.20729
    endloop
  endfacet
  facet normal -0.707108 0.500007 -0.49999
    outer loop
      vertex 5.80688 -5.57421 4.72568
      vertex 7.5 -3.95273 3.95273
      vertex 7.50599 -4.20729 3.68969
    endloop
  endfacet
  facet normal -0.707107 0.499995 -0.500005
    outer loop
      vertex 5.80688 -5.57421 4.72568
      vertex 7.50599 -4.20729 3.68969
      vertex 7.51749 -4.36462 3.5161
    endloop
  endfacet
  facet normal -0.707106 0.5 -0.5
    outer loop
      vertex 7.5 -3.95273 3.95273
      vertex 5.80688 -5.57421 4.72568
      vertex 5.80688 -4.72568 5.57421
    endloop
  endfacet
  facet normal -2.72359e-15 -0.707107 -0.707107
    outer loop
      vertex 11.5 -7.35605 6.50752
      vertex 11.0839 -6.89728 6.04875
      vertex 11.5 -7.19153 6.343
    endloop
  endfacet
  facet normal -3.35775e-16 -0.707107 -0.707107
    outer loop
      vertex 5.80688 -5.57421 4.72568
      vertex 11.0839 -6.89728 6.04875
      vertex 11.5 -7.35605 6.50752
    endloop
  endfacet
  facet normal 1.08203e-06 -0.707105 -0.707109
    outer loop
      vertex 11.0839 -6.89728 6.04875
      vertex 5.80688 -5.57421 4.72568
      vertex 7.51749 -4.36462 3.5161
    endloop
  endfacet
  facet normal -5.79175e-16 0.707107 0.707107
    outer loop
      vertex 11.5 -6.50752 7.35605
      vertex 10.4738 -8.02568 8.87421
      vertex 11.5 -7.30003 8.14856
    endloop
  endfacet
  facet normal 1.79926e-16 0.707107 0.707107
    outer loop
      vertex 10.4738 -8.02568 8.87421
      vertex 11.5 -6.50752 7.35605
      vertex 5.80688 -4.72568 5.57421
    endloop
  endfacet
  facet normal -0.708288 0.35657 -0.609251
    outer loop
      vertex 5.80688 -4.16118 6.00737
      vertex 7.50603 -2.47426 5.0193
      vertex 7.50599 -2.47504 5.01889
    endloop
  endfacet
  facet normal -0.707111 0.353567 -0.612359
    outer loop
      vertex 5.80688 -4.16118 6.00737
      vertex 7.50598 -2.47581 5.01847
      vertex 7.5 -2.795 4.84108
    endloop
  endfacet
  facet normal -0.707091 0.353361 -0.612501
    outer loop
      vertex 5.80688 -4.16118 6.00737
      vertex 7.50598 -3.10821 4.65335
      vertex 7.50599 -3.10897 4.6529
    endloop
  endfacet
  facet normal -0.707101 0.353535 -0.61239
    outer loop
      vertex 7.50603 -2.47426 5.0193
      vertex 5.80688 -4.16118 6.00737
      vertex 7.51436 -2.32332 5.09682
    endloop
  endfacet
  facet normal -0.704464 0.34689 -0.619191
    outer loop
      vertex 7.50598 -2.47581 5.01847
      vertex 5.80688 -4.16118 6.00737
      vertex 7.50599 -2.47504 5.01889
    endloop
  endfacet
  facet normal -0.707106 0.353544 -0.612379
    outer loop
      vertex 7.50598 -3.10821 4.65335
      vertex 5.80688 -4.16118 6.00737
      vertex 7.5 -2.795 4.84108
    endloop
  endfacet
  facet normal -0.707107 0.353555 -0.612371
    outer loop
      vertex 5.80688 -4.16118 6.00737
      vertex 7.50599 -3.10897 4.6529
      vertex 7.51749 -3.30587 4.52594
    endloop
  endfacet
  facet normal 0.707104 -0.353555 0.612375
    outer loop
      vertex 10.4738 -5.4554 10.649
      vertex 11.5 -5.98152 9.1603
      vertex 11.5 -4.94229 9.7603
    endloop
  endfacet
  facet normal 0.707104 -0.353555 0.612375
    outer loop
      vertex 11.5 -5.98152 9.1603
      vertex 10.4738 -5.4554 10.649
      vertex 10.4738 -6.49463 10.049
    endloop
  endfacet
  facet normal -0.707104 -0.353555 0.612375
    outer loop
      vertex 5.80688 -4.16118 6.00737
      vertex 10.4738 -5.4554 10.649
      vertex 5.80688 -3.12195 6.60737
    endloop
  endfacet
  facet normal -0.707104 -0.353555 0.612375
    outer loop
      vertex 10.4738 -5.4554 10.649
      vertex 5.80688 -4.16118 6.00737
      vertex 10.4738 -6.49463 10.049
    endloop
  endfacet
  facet normal 1.8577e-05 -0.866027 -0.499998
    outer loop
      vertex 10.4738 -6.49463 10.049
      vertex 11.5 -5.42113 8.18967
      vertex 11.5 -5.98152 9.1603
    endloop
  endfacet
  facet normal 2.44559e-06 -0.866023 -0.500004
    outer loop
      vertex 11.5 -5.42113 8.18967
      vertex 10.4738 -6.49463 10.049
      vertex 5.80688 -4.16118 6.00737
    endloop
  endfacet
  facet normal 1.32979e-06 0.866025 0.500001
    outer loop
      vertex 7.75775 -2.38729 5.3349
      vertex 5.80688 -3.12195 6.60737
      vertex 10.4738 -5.4554 10.649
    endloop
  endfacet
  facet normal 1.08673e-05 0.866018 0.500012
    outer loop
      vertex 5.80688 -3.12195 6.60737
      vertex 7.75775 -2.38729 5.3349
      vertex 7.51749 -2.26664 5.12594
    endloop
  endfacet
  facet normal -0.707107 0.353637 -0.612324
    outer loop
      vertex 7.51436 -2.32332 5.09682
      vertex 5.80688 -3.12195 6.60737
      vertex 7.51749 -2.26664 5.12594
    endloop
  endfacet
  facet normal -0.707109 0.353553 -0.612371
    outer loop
      vertex 5.80688 -3.12195 6.60737
      vertex 7.51436 -2.32332 5.09682
      vertex 5.80688 -4.16118 6.00737
    endloop
  endfacet
  facet normal 1.40039e-05 -0.866018 -0.500013
    outer loop
      vertex 11.5 -5.42113 8.18967
      vertex 11.0839 -5.09673 7.6278
      vertex 11.5 -5.30479 7.98817
    endloop
  endfacet
  facet normal 3.78564e-06 -0.866021 -0.500007
    outer loop
      vertex 5.80688 -4.16118 6.00737
      vertex 11.0839 -5.09673 7.6278
      vertex 11.5 -5.42113 8.18967
    endloop
  endfacet
  facet normal 1.48408e-06 -0.866025 -0.500001
    outer loop
      vertex 11.0839 -5.09673 7.6278
      vertex 5.80688 -4.16118 6.00737
      vertex 7.51749 -3.30587 4.52594
    endloop
  endfacet
  facet normal -1.17008e-05 0.866025 0.5
    outer loop
      vertex 11.0839 -4.0575 8.22779
      vertex 11.5 -4.94229 9.7603
      vertex 11.5 -4.26556 8.58817
    endloop
  endfacet
  facet normal -1.48613e-05 0.866025 0.500001
    outer loop
      vertex 11.5 -4.94229 9.7603
      vertex 11.0839 -4.0575 8.22779
      vertex 10.4738 -5.4554 10.649
    endloop
  endfacet
  facet normal -2.19913e-06 0.866024 0.500003
    outer loop
      vertex 8.60866 -2.81457 6.07498
      vertex 10.4738 -5.4554 10.649
      vertex 11.0839 -4.0575 8.22779
    endloop
  endfacet
  facet normal -1.31713e-05 0.866022 0.500007
    outer loop
      vertex 10.4738 -5.4554 10.649
      vertex 8.60866 -2.81457 6.07498
      vertex 7.75775 -2.38729 5.3349
    endloop
  endfacet
  facet normal -0.707102 -0.183023 0.683014
    outer loop
      vertex 10.4738 -2.51334 11.6981
      vertex 5.80688 -2.46457 6.87966
      vertex 10.4738 -3.67245 11.3875
    endloop
  endfacet
  facet normal 1.35973e-05 0.965925 0.258823
    outer loop
      vertex 11.0839 -1.78973 8.9976
      vertex 11.5 -1.95766 9.62429
      vertex 11.5 -1.89744 9.39955
    endloop
  endfacet
  facet normal -7.98409e-06 0.965921 0.258837
    outer loop
      vertex 11.0839 -1.78973 8.9976
      vertex 5.80688 -1.30546 7.19025
      vertex 11.5 -1.95766 9.62429
    endloop
  endfacet
  facet normal -1.59632e-06 0.965926 0.258819
    outer loop
      vertex 5.80688 -1.30546 7.19025
      vertex 11.0839 -1.78973 8.9976
      vertex 7.51749 -0.862716 5.53792
    endloop
  endfacet
  facet normal 5.57845e-06 -0.965925 -0.258822
    outer loop
      vertex 11.0839 -2.94885 8.68703
      vertex 11.5 -3.40685 10.3963
      vertex 10.4738 -3.67245 11.3875
    endloop
  endfacet
  facet normal -7.88211e-06 -0.965926 -0.258819
    outer loop
      vertex 11.5 -3.40685 10.3963
      vertex 11.0839 -2.94885 8.68703
      vertex 11.5 -3.05655 9.08896
    endloop
  endfacet
  facet normal 3.70032e-06 -0.965925 -0.258822
    outer loop
      vertex 10.4738 -3.67245 11.3875
      vertex 8.60866 -2.30546 6.28586
      vertex 11.0839 -2.94885 8.68703
    endloop
  endfacet
  facet normal 4.00064e-07 -0.965925 -0.258821
    outer loop
      vertex 8.60866 -2.30546 6.28586
      vertex 10.4738 -3.67245 11.3875
      vertex 7.75775 -2.08428 5.46041
    endloop
  endfacet
  facet normal -0.707103 -0.183018 0.683015
    outer loop
      vertex 5.80688 -1.30546 7.19025
      vertex 5.80688 -2.46457 6.87966
      vertex 10.4738 -2.51334 11.6981
    endloop
  endfacet
  facet normal 1.74393e-07 -0.965925 -0.258821
    outer loop
      vertex 5.80688 -2.46457 6.87966
      vertex 7.75775 -2.08428 5.46041
      vertex 10.4738 -3.67245 11.3875
    endloop
  endfacet
  facet normal 2.46168e-06 -0.965926 -0.258818
    outer loop
      vertex 7.75775 -2.08428 5.46041
      vertex 5.80688 -2.46457 6.87966
      vertex 7.51749 -2.02183 5.22734
    endloop
  endfacet
  facet normal -0.707109 0.183024 -0.683008
    outer loop
      vertex 7.50599 -1.09172 5.48846
      vertex 5.80688 -1.30546 7.19025
      vertex 7.51749 -0.862716 5.53792
    endloop
  endfacet
  facet normal -0.707111 0.18299 -0.683014
    outer loop
      vertex 7.50599 -1.09172 5.48846
      vertex 7.5 -1.4468 5.39953
      vertex 5.80688 -1.30546 7.19025
    endloop
  endfacet
  facet normal -0.707106 0.18302 -0.683012
    outer loop
      vertex 7.50598 -1.79793 5.29925
      vertex 5.80688 -1.30546 7.19025
      vertex 7.5 -1.4468 5.39953
    endloop
  endfacet
  facet normal -0.70608 0.186755 -0.683062
    outer loop
      vertex 7.50599 -1.79877 5.29901
      vertex 5.80688 -1.30546 7.19025
      vertex 7.50598 -1.79793 5.29925
    endloop
  endfacet
  facet normal -0.706311 0.185919 -0.683052
    outer loop
      vertex 7.50603 -1.79961 5.29874
      vertex 5.80688 -1.30546 7.19025
      vertex 7.50599 -1.79877 5.29901
    endloop
  endfacet
  facet normal -0.707111 0.183007 -0.68301
    outer loop
      vertex 5.80688 -1.30546 7.19025
      vertex 7.50603 -1.79961 5.29874
      vertex 7.51436 -1.96116 5.24683
    endloop
  endfacet
  facet normal -0.707106 0.182941 -0.683032
    outer loop
      vertex 5.80688 -2.46457 6.87966
      vertex 7.51436 -1.96116 5.24683
      vertex 7.51749 -2.02183 5.22734
    endloop
  endfacet
  facet normal -0.707108 0.183017 -0.683011
    outer loop
      vertex 7.51436 -1.96116 5.24683
      vertex 5.80688 -2.46457 6.87966
      vertex 5.80688 -1.30546 7.19025
    endloop
  endfacet
  facet normal 0.707097 -0.183023 0.68302
    outer loop
      vertex 10.4738 -2.51334 11.6981
      vertex 11.5 -3.40685 10.3963
      vertex 11.5 -2.24773 10.7069
    endloop
  endfacet
  facet normal 0.707096 -0.183025 0.683021
    outer loop
      vertex 11.5 -3.40685 10.3963
      vertex 10.4738 -2.51334 11.6981
      vertex 10.4738 -3.67245 11.3875
    endloop
  endfacet
  facet normal -3.01332e-05 0.965929 0.258807
    outer loop
      vertex 11.5 -1.95766 9.62429
      vertex 10.4738 -2.51334 11.6981
      vertex 11.5 -2.24773 10.7069
    endloop
  endfacet
  facet normal -5.7163e-07 0.965925 0.258821
    outer loop
      vertex 10.4738 -2.51334 11.6981
      vertex 11.5 -1.95766 9.62429
      vertex 5.80688 -1.30546 7.19025
    endloop
  endfacet
  facet normal -0.706569 0.707265 0.0231562
    outer loop
      vertex 7.50598 5.58402 0.365118
      vertex 7.5 5.59 0
      vertex 7.5 5.57803 0.365603
    endloop
  endfacet
  facet normal -0.706917 -0.115223 0.697848
    outer loop
      vertex 11.5 -1.25175 9.50796
      vertex 7.5 -0.729641 5.54218
      vertex 11.5 -1.83081 9.41235
    endloop
  endfacet
  facet normal -0.706913 -0.57491 -0.412011
    outer loop
      vertex 7.5 -4.43484 -3.40298
      vertex 11.0839 -7.6278 -5.09673
      vertex 7.51749 -4.52594 -3.30587
    endloop
  endfacet
  facet normal -0.706933 -0.575061 -0.411766
    outer loop
      vertex 11.5 -7.95012 -5.36096
      vertex 11.0839 -7.6278 -5.09673
      vertex 7.5 -4.43484 -3.40298
    endloop
  endfacet
  facet normal -0.706938 -0.574957 -0.411902
    outer loop
      vertex 11.0839 -7.6278 -5.09673
      vertex 11.5 -7.95012 -5.36096
      vertex 11.5 -7.97379 -5.32792
    endloop
  endfacet
  facet normal -0.707029 -0.574833 -0.411918
    outer loop
      vertex 7.51749 -4.52594 -3.30587
      vertex 7.5 -4.64791 -3.10564
      vertex 7.5 -4.43484 -3.40298
    endloop
  endfacet
  facet normal -0.707445 -0.574459 -0.411726
    outer loop
      vertex 7.5 -4.64791 -3.10564
      vertex 7.51749 -4.52594 -3.30587
      vertex 7.50599 -4.6529 -3.10897
    endloop
  endfacet
  facet normal -0.706569 0.0231562 0.707265
    outer loop
      vertex 7.5 0 5.59
      vertex 7.50598 0.365118 5.58402
      vertex 7.5 0.365603 5.57803
    endloop
  endfacet
  facet normal -0.706952 0.0161235 0.707077
    outer loop
      vertex 7.50599 0.365995 5.58401
      vertex 7.5 0.365603 5.57803
      vertex 7.50598 0.365118 5.58402
    endloop
  endfacet
  facet normal -0.706943 0.0231163 0.706892
    outer loop
      vertex 11.5 0.627215 9.56947
      vertex 11.0839 0.599999 9.15423
      vertex 11.5 0.599999 9.57036
    endloop
  endfacet
  facet normal -0.706945 0.546689 -0.448731
    outer loop
      vertex 11.0839 6.89728 -6.04875
      vertex 11.5 7.23593 -6.29171
      vertex 11.5 7.21014 -6.32313
    endloop
  endfacet
  facet normal -0.706936 0.546525 -0.448945
    outer loop
      vertex 11.0839 6.89728 -6.04875
      vertex 7.5 4.43484 -3.40298
      vertex 11.5 7.23593 -6.29171
    endloop
  endfacet
  facet normal -0.706914 0.546754 -0.448701
    outer loop
      vertex 7.51749 4.36462 -3.5161
      vertex 7.5 4.43484 -3.40298
      vertex 11.0839 6.89728 -6.04875
    endloop
  endfacet
  facet normal -0.707232 0.546525 -0.448479
    outer loop
      vertex 7.5 4.20278 -3.68574
      vertex 7.51749 4.36462 -3.5161
      vertex 7.50599 4.20729 -3.68969
    endloop
  endfacet
  facet normal -0.706968 0.546704 -0.448678
    outer loop
      vertex 7.51749 4.36462 -3.5161
      vertex 7.5 4.20278 -3.68574
      vertex 7.5 4.43484 -3.40298
    endloop
  endfacet
  facet normal -0.706914 -0.448701 -0.546754
    outer loop
      vertex 7.5 -3.40298 -4.43484
      vertex 11.0839 -6.04875 -6.89728
      vertex 7.51749 -3.5161 -4.36462
    endloop
  endfacet
  facet normal -0.706936 -0.448945 -0.546525
    outer loop
      vertex 11.5 -6.29171 -7.23593
      vertex 11.0839 -6.04875 -6.89728
      vertex 7.5 -3.40298 -4.43484
    endloop
  endfacet
  facet normal -0.706945 -0.448731 -0.546689
    outer loop
      vertex 11.0839 -6.04875 -6.89728
      vertex 11.5 -6.29171 -7.23593
      vertex 11.5 -6.32313 -7.21014
    endloop
  endfacet
  facet normal -0.706968 -0.448678 -0.546704
    outer loop
      vertex 7.51749 -3.5161 -4.36462
      vertex 7.5 -3.68574 -4.20278
      vertex 7.5 -3.40298 -4.43484
    endloop
  endfacet
  facet normal -0.707232 -0.448479 -0.546525
    outer loop
      vertex 7.5 -3.68574 -4.20278
      vertex 7.51749 -3.5161 -4.36462
      vertex 7.50599 -3.68969 -4.20729
    endloop
  endfacet
  facet normal -0.706729 0.66305 0.246777
    outer loop
      vertex 7.50599 5.29901 1.79877
      vertex 7.5 5.29334 1.79685
      vertex 7.50603 5.29874 1.79961
    endloop
  endfacet
  facet normal -0.706927 0.661953 0.249144
    outer loop
      vertex 11.0839 8.68703 2.94885
      vertex 11.5 8.87432 3.63189
      vertex 11.5 9.08106 3.0826
    endloop
  endfacet
  facet normal -0.706916 0.661968 0.249133
    outer loop
      vertex 11.5 8.87432 3.63189
      vertex 11.0839 8.68703 2.94885
      vertex 8.60866 6.28586 2.30546
    endloop
  endfacet
  facet normal -0.70749 0.703312 0.0693539
    outer loop
      vertex 7.5 5.57803 0.365603
      vertex 7.51749 5.57251 0.599999
      vertex 7.50603 5.58397 0.366879
    endloop
  endfacet
  facet normal -0.706874 0.703935 0.0693226
    outer loop
      vertex 7.51749 5.57251 0.599999
      vertex 7.5 5.57803 0.365603
      vertex 7.5 5.54218 0.729641
    endloop
  endfacet
  facet normal -0.706914 0.703901 0.0692589
    outer loop
      vertex 8.60866 6.66837 0.599999
      vertex 11.5 9.50796 1.25175
      vertex 11.5 9.51194 1.2113
    endloop
  endfacet
  facet normal -0.706918 0.703892 0.0693067
    outer loop
      vertex 7.5 5.54218 0.729641
      vertex 8.60866 6.66837 0.599999
      vertex 7.51749 5.57251 0.599999
    endloop
  endfacet
  facet normal -0.706917 0.703892 0.06931
    outer loop
      vertex 8.60866 6.66837 0.599999
      vertex 7.5 5.54218 0.729641
      vertex 11.5 9.50796 1.25175
    endloop
  endfacet
  facet normal -0.70694 0.697833 -0.115175
    outer loop
      vertex 11.0839 8.9976 -1.78973
      vertex 11.5 9.41235 -1.83081
      vertex 11.5 9.40573 -1.87092
    endloop
  endfacet
  facet normal -0.706931 0.697797 -0.115451
    outer loop
      vertex 11.0839 8.9976 -1.78973
      vertex 7.5 5.54218 -0.729641
      vertex 11.5 9.41235 -1.83081
    endloop
  endfacet
  facet normal -0.706917 0.697844 -0.115249
    outer loop
      vertex 7.51749 5.53792 -0.862716
      vertex 7.5 5.54218 -0.729641
      vertex 11.0839 8.9976 -1.78973
    endloop
  endfacet
  facet normal -0.706646 0.698112 -0.115291
    outer loop
      vertex 7.5 5.48259 -1.09055
      vertex 7.51749 5.53792 -0.862716
      vertex 7.50599 5.48846 -1.09172
    endloop
  endfacet
  facet normal -0.706814 0.69795 -0.115239
    outer loop
      vertex 7.51749 5.53792 -0.862716
      vertex 7.5 5.48259 -1.09055
      vertex 7.5 5.54218 -0.729641
    endloop
  endfacet
  facet normal -0.706647 0.678076 -0.202148
    outer loop
      vertex 7.50599 5.29901 -1.79877
      vertex 7.5 5.29334 -1.79685
      vertex 7.50598 5.29925 -1.79793
    endloop
  endfacet
  facet normal -0.706926 0.676847 -0.205263
    outer loop
      vertex 11.5 9.08106 -3.0826
      vertex 11.0839 8.68703 -2.94885
      vertex 11.5 9.08896 -3.05655
    endloop
  endfacet
  facet normal -0.706878 -0.249165 0.661997
    outer loop
      vertex 7.5 -1.79685 5.29334
      vertex 7.51436 -1.96116 5.24683
      vertex 7.50603 -1.79961 5.29874
    endloop
  endfacet
  facet normal -0.706826 -0.249175 0.662049
    outer loop
      vertex 7.5 -2.1392 5.16449
      vertex 7.51436 -1.96116 5.24683
      vertex 7.5 -1.79685 5.29334
    endloop
  endfacet
  facet normal -0.706938 -0.24912 0.66195
    outer loop
      vertex 7.51436 -1.96116 5.24683
      vertex 7.5 -2.1392 5.16449
      vertex 7.51749 -2.02183 5.22734
    endloop
  endfacet
  facet normal -0.706915 -0.249134 0.661969
    outer loop
      vertex 7.5 -2.1392 5.16449
      vertex 7.75775 -2.08428 5.46041
      vertex 7.51749 -2.02183 5.22734
    endloop
  endfacet
  facet normal -0.706918 -0.249123 0.66197
    outer loop
      vertex 7.5 -2.1392 5.16449
      vertex 8.60866 -2.30546 6.28586
      vertex 7.75775 -2.08428 5.46041
    endloop
  endfacet
  facet normal -0.706917 -0.249141 0.661965
    outer loop
      vertex 11.5 -3.66993 8.86
      vertex 8.60866 -2.30546 6.28586
      vertex 7.5 -2.1392 5.16449
    endloop
  endfacet
  facet normal -0.70692 -0.249186 0.661945
    outer loop
      vertex 8.60866 -2.30546 6.28586
      vertex 11.5 -3.66993 8.86
      vertex 11.5 -3.63189 8.87432
    endloop
  endfacet
  facet normal -0.706952 -0.0161235 -0.707077
    outer loop
      vertex 7.50599 -0.365995 -5.58401
      vertex 7.5 -0.365603 -5.57803
      vertex 7.50598 -0.365118 -5.58402
    endloop
  endfacet
  facet normal -0.706943 -0.0231163 -0.706892
    outer loop
      vertex 11.5 -0.627215 -9.56947
      vertex 11.0839 -0.599999 -9.15423
      vertex 11.5 -0.599999 -9.57036
    endloop
  endfacet
  facet normal -0.70749 -0.0693539 0.703312
    outer loop
      vertex 7.5 -0.365603 5.57803
      vertex 7.51749 -0.599999 5.57251
      vertex 7.50603 -0.366879 5.58397
    endloop
  endfacet
  facet normal -0.706874 -0.0693226 0.703935
    outer loop
      vertex 7.5 -0.729641 5.54218
      vertex 7.51749 -0.599999 5.57251
      vertex 7.5 -0.365603 5.57803
    endloop
  endfacet
  facet normal -0.706918 -0.0693067 0.703892
    outer loop
      vertex 7.5 -0.729641 5.54218
      vertex 8.60866 -0.599999 6.66837
      vertex 7.51749 -0.599999 5.57251
    endloop
  endfacet
  facet normal -0.706917 -0.06931 0.703892
    outer loop
      vertex 11.5 -1.25175 9.50796
      vertex 8.60866 -0.599999 6.66837
      vertex 7.5 -0.729641 5.54218
    endloop
  endfacet
  facet normal -0.706914 -0.0692589 0.703901
    outer loop
      vertex 8.60866 -0.599999 6.66837
      vertex 11.5 -1.25175 9.50796
      vertex 11.5 -1.2113 9.51194
    endloop
  endfacet
  facet normal -0.70697 0.623732 0.333394
    outer loop
      vertex 7.5 4.84108 2.795
      vertex 7.50598 5.01847 2.47581
      vertex 7.5 5.01352 2.47239
    endloop
  endfacet
  facet normal -0.707218 -0.483283 0.516024
    outer loop
      vertex 7.5 -3.68574 4.20278
      vertex 7.5 -3.95273 3.95273
      vertex 7.50599 -3.68969 4.20729
    endloop
  endfacet
  facet normal -0.706945 -0.483479 0.516214
    outer loop
      vertex 11.5 -6.32313 7.21014
      vertex 11.0839 -6.04875 6.89728
      vertex 11.5 -6.343 7.19153
    endloop
  endfacet
  facet normal -0.707322 0.604143 0.367023
    outer loop
      vertex 7.50598 4.65335 3.10821
      vertex 7.5 4.64791 3.10564
      vertex 7.50599 4.6529 3.10897
    endloop
  endfacet
  facet normal -0.706935 0.600659 0.373432
    outer loop
      vertex 11.5 7.98817 5.30479
      vertex 11.0839 7.6278 5.09673
      vertex 11.5 7.97379 5.32792
    endloop
  endfacet
  facet normal -0.706729 -0.246777 0.66305
    outer loop
      vertex 7.50599 -1.79877 5.29901
      vertex 7.5 -1.79685 5.29334
      vertex 7.50603 -1.79961 5.29874
    endloop
  endfacet
  facet normal -0.706916 -0.249133 0.661968
    outer loop
      vertex 11.5 -3.63189 8.87432
      vertex 11.0839 -2.94885 8.68703
      vertex 8.60866 -2.30546 6.28586
    endloop
  endfacet
  facet normal -0.706927 -0.249144 0.661953
    outer loop
      vertex 11.0839 -2.94885 8.68703
      vertex 11.5 -3.63189 8.87432
      vertex 11.5 -3.0826 9.08106
    endloop
  endfacet
  facet normal -0.706851 -0.331625 0.62481
    outer loop
      vertex 7.50599 -2.47504 5.01889
      vertex 7.5 -2.47239 5.01352
      vertex 7.50598 -2.47581 5.01847
    endloop
  endfacet
  facet normal -0.706944 -0.333534 0.623687
    outer loop
      vertex 11.5 -4.24155 8.60101
      vertex 11.0839 -4.0575 8.22779
      vertex 11.5 -4.26556 8.58817
    endloop
  endfacet
  facet normal -0.707218 0.516024 0.483283
    outer loop
      vertex 7.5 4.20278 3.68574
      vertex 7.5 3.95273 3.95273
      vertex 7.50599 4.20729 3.68969
    endloop
  endfacet
  facet normal -0.706945 0.516214 0.483479
    outer loop
      vertex 11.5 7.21014 6.32313
      vertex 11.0839 6.89728 6.04875
      vertex 11.5 7.19153 6.343
    endloop
  endfacet
  facet normal -0.706569 -0.0231562 -0.707265
    outer loop
      vertex 7.5 0 -5.59
      vertex 7.50598 -0.365118 -5.58402
      vertex 7.5 -0.365603 -5.57803
    endloop
  endfacet
  facet normal -0.706878 0.661997 0.249165
    outer loop
      vertex 7.5 5.29334 1.79685
      vertex 7.51436 5.24683 1.96116
      vertex 7.50603 5.29874 1.79961
    endloop
  endfacet
  facet normal -0.706826 0.662049 0.249175
    outer loop
      vertex 7.5 5.16449 2.1392
      vertex 7.51436 5.24683 1.96116
      vertex 7.5 5.29334 1.79685
    endloop
  endfacet
  facet normal -0.706938 0.66195 0.24912
    outer loop
      vertex 7.51436 5.24683 1.96116
      vertex 7.5 5.16449 2.1392
      vertex 7.51749 5.22734 2.02183
    endloop
  endfacet
  facet normal -0.70692 0.661945 0.249186
    outer loop
      vertex 8.60866 6.28586 2.30546
      vertex 11.5 8.86 3.66993
      vertex 11.5 8.87432 3.63189
    endloop
  endfacet
  facet normal -0.706918 0.66197 0.249123
    outer loop
      vertex 7.5 5.16449 2.1392
      vertex 8.60866 6.28586 2.30546
      vertex 7.75775 5.46041 2.08428
    endloop
  endfacet
  facet normal -0.706915 0.661969 0.249134
    outer loop
      vertex 7.5 5.16449 2.1392
      vertex 7.75775 5.46041 2.08428
      vertex 7.51749 5.22734 2.02183
    endloop
  endfacet
  facet normal -0.706917 0.661965 0.249141
    outer loop
      vertex 8.60866 6.28586 2.30546
      vertex 7.5 5.16449 2.1392
      vertex 11.5 8.86 3.66993
    endloop
  endfacet
  facet normal -0.706935 0.300338 0.640344
    outer loop
      vertex 7.50599 2.47504 5.01889
      vertex 7.5 2.47239 5.01352
      vertex 7.50603 2.47426 5.0193
    endloop
  endfacet
  facet normal -0.706946 0.291895 0.644224
    outer loop
      vertex 11.0839 4.0575 8.22779
      vertex 11.5 3.70696 8.84323
      vertex 11.5 4.24155 8.60101
    endloop
  endfacet
  facet normal -0.706915 0.291949 0.644234
    outer loop
      vertex 11.5 3.70696 8.84323
      vertex 11.0839 4.0575 8.22779
      vertex 8.60866 2.81457 6.07498
    endloop
  endfacet
  facet normal -0.707218 -0.483283 -0.516024
    outer loop
      vertex 7.5 -3.95273 -3.95273
      vertex 7.5 -3.68574 -4.20278
      vertex 7.50599 -3.68969 -4.20729
    endloop
  endfacet
  facet normal -0.706945 -0.483479 -0.516214
    outer loop
      vertex 11.5 -6.343 -7.19153
      vertex 11.0839 -6.04875 -6.89728
      vertex 11.5 -6.32313 -7.21014
    endloop
  endfacet
  facet normal -0.706458 -0.677283 0.205439
    outer loop
      vertex 7.5 -5.39952 1.4468
      vertex 7.50598 -5.29925 1.79793
      vertex 7.5 -5.29334 1.79685
    endloop
  endfacet
  facet normal -0.999855 0 0.0170283
    outer loop
      vertex 7.50598 -5.29925 1.79793
      vertex 7.5 -5.39952 1.4468
      vertex 7.5 -5.39953 1.4468
    endloop
  endfacet
  facet normal -0.706647 0.678076 0.202148
    outer loop
      vertex 7.50598 5.29925 1.79793
      vertex 7.5 5.29334 1.79685
      vertex 7.50599 5.29901 1.79877
    endloop
  endfacet
  facet normal -0.706926 0.676847 0.205263
    outer loop
      vertex 11.5 9.08896 3.05655
      vertex 11.0839 8.68703 2.94885
      vertex 11.5 9.08106 3.0826
    endloop
  endfacet
  facet normal -0.706935 -0.300338 -0.640344
    outer loop
      vertex 7.50599 -2.47504 -5.01889
      vertex 7.5 -2.47239 -5.01352
      vertex 7.50603 -2.47426 -5.0193
    endloop
  endfacet
  facet normal -0.706915 -0.291949 -0.644234
    outer loop
      vertex 11.5 -3.70696 -8.84323
      vertex 11.0839 -4.0575 -8.22779
      vertex 8.60866 -2.81457 -6.07498
    endloop
  endfacet
  facet normal -0.706946 -0.291895 -0.644224
    outer loop
      vertex 11.0839 -4.0575 -8.22779
      vertex 11.5 -3.70696 -8.84323
      vertex 11.5 -4.24155 -8.60101
    endloop
  endfacet
  facet normal -1 0 0
    outer loop
      vertex 7.5 1.09055 5.48259
      vertex 7.5 1.4468 5.39953
      vertex 7.5 1.4468 5.39952
    endloop
  endfacet
  facet normal -0.706654 0.160659 0.689078
    outer loop
      vertex 7.5 1.4468 5.39953
      vertex 7.5 1.09055 5.48259
      vertex 7.50599 1.09172 5.48846
    endloop
  endfacet
  facet normal -0.706942 0.160516 0.688816
    outer loop
      vertex 11.5 1.89744 9.39955
      vertex 11.0839 1.78973 8.9976
      vertex 11.5 1.87092 9.40573
    endloop
  endfacet
  facet normal -0.707218 -0.516024 0.483283
    outer loop
      vertex 7.5 -3.95273 3.95273
      vertex 7.5 -4.20278 3.68574
      vertex 7.50599 -4.20729 3.68969
    endloop
  endfacet
  facet normal -0.706945 -0.516214 0.483479
    outer loop
      vertex 11.5 -7.19153 6.343
      vertex 11.0839 -6.89728 6.04875
      vertex 11.5 -7.21014 6.32313
    endloop
  endfacet
  facet normal -0.706935 -0.640344 0.300338
    outer loop
      vertex 7.50599 -5.01889 2.47504
      vertex 7.5 -5.01352 2.47239
      vertex 7.50603 -5.0193 2.47426
    endloop
  endfacet
  facet normal -0.706915 -0.644234 0.291949
    outer loop
      vertex 11.5 -8.84323 3.70696
      vertex 11.0839 -8.22779 4.0575
      vertex 8.60866 -6.07498 2.81457
    endloop
  endfacet
  facet normal -0.706946 -0.644224 0.291895
    outer loop
      vertex 11.0839 -8.22779 4.0575
      vertex 11.5 -8.84323 3.70696
      vertex 11.5 -8.60101 4.24155
    endloop
  endfacet
  facet normal -0.707322 0.367023 -0.604143
    outer loop
      vertex 7.50598 3.10821 -4.65335
      vertex 7.5 3.10564 -4.64791
      vertex 7.50599 3.10897 -4.6529
    endloop
  endfacet
  facet normal -0.706935 0.373432 -0.600659
    outer loop
      vertex 11.5 5.30479 -7.98817
      vertex 11.0839 5.09673 -7.6278
      vertex 11.5 5.32792 -7.97379
    endloop
  endfacet
  facet normal -0.70697 0.333394 0.623732
    outer loop
      vertex 7.50598 2.47581 5.01847
      vertex 7.5 2.795 4.84108
      vertex 7.5 2.47239 5.01352
    endloop
  endfacet
  facet normal -0.706968 -0.448678 0.546704
    outer loop
      vertex 7.5 -3.68574 4.20278
      vertex 7.51749 -3.5161 4.36462
      vertex 7.5 -3.40298 4.43484
    endloop
  endfacet
  facet normal -0.707232 -0.448479 0.546525
    outer loop
      vertex 7.51749 -3.5161 4.36462
      vertex 7.5 -3.68574 4.20278
      vertex 7.50599 -3.68969 4.20729
    endloop
  endfacet
  facet normal -0.706914 -0.448701 0.546754
    outer loop
      vertex 11.0839 -6.04875 6.89728
      vertex 7.5 -3.40298 4.43484
      vertex 7.51749 -3.5161 4.36462
    endloop
  endfacet
  facet normal -0.706936 -0.448945 0.546525
    outer loop
      vertex 11.0839 -6.04875 6.89728
      vertex 11.5 -6.29171 7.23593
      vertex 7.5 -3.40298 4.43484
    endloop
  endfacet
  facet normal -0.706945 -0.448731 0.546689
    outer loop
      vertex 11.5 -6.29171 7.23593
      vertex 11.0839 -6.04875 6.89728
      vertex 11.5 -6.32313 7.21014
    endloop
  endfacet
  facet normal -0.706915 -0.661969 -0.249134
    outer loop
      vertex 7.5 -5.16449 -2.1392
      vertex 7.75775 -5.46041 -2.08428
      vertex 7.51749 -5.22734 -2.02183
    endloop
  endfacet
  facet normal -0.706918 -0.66197 -0.249123
    outer loop
      vertex 7.5 -5.16449 -2.1392
      vertex 8.60866 -6.28586 -2.30546
      vertex 7.75775 -5.46041 -2.08428
    endloop
  endfacet
  facet normal -0.706917 -0.661965 -0.249141
    outer loop
      vertex 11.5 -8.86 -3.66993
      vertex 8.60866 -6.28586 -2.30546
      vertex 7.5 -5.16449 -2.1392
    endloop
  endfacet
  facet normal -0.70692 -0.661945 -0.249186
    outer loop
      vertex 8.60866 -6.28586 -2.30546
      vertex 11.5 -8.86 -3.66993
      vertex 11.5 -8.87432 -3.63189
    endloop
  endfacet
  facet normal -0.706938 -0.66195 -0.24912
    outer loop
      vertex 7.51436 -5.24683 -1.96116
      vertex 7.5 -5.16449 -2.1392
      vertex 7.51749 -5.22734 -2.02183
    endloop
  endfacet
  facet normal -0.706826 -0.662049 -0.249175
    outer loop
      vertex 7.51436 -5.24683 -1.96116
      vertex 7.5 -5.29334 -1.79685
      vertex 7.5 -5.16449 -2.1392
    endloop
  endfacet
  facet normal -0.706878 -0.661997 -0.249165
    outer loop
      vertex 7.5 -5.29334 -1.79685
      vertex 7.51436 -5.24683 -1.96116
      vertex 7.50603 -5.29874 -1.79961
    endloop
  endfacet
  facet normal -0.706917 0.697848 -0.115223
    outer loop
      vertex 11.5 9.41235 -1.83081
      vertex 7.5 5.54218 -0.729641
      vertex 11.5 9.50796 -1.25175
    endloop
  endfacet
  facet normal -0.706569 0.0231562 -0.707265
    outer loop
      vertex 7.50598 0.365118 -5.58402
      vertex 7.5 0 -5.59
      vertex 7.5 0.365603 -5.57803
    endloop
  endfacet
  facet normal -0.706874 -0.703935 0.0693226
    outer loop
      vertex 7.5 -5.57803 0.365603
      vertex 7.51749 -5.57251 0.599999
      vertex 7.5 -5.54218 0.729641
    endloop
  endfacet
  facet normal -0.70749 -0.703312 0.0693539
    outer loop
      vertex 7.51749 -5.57251 0.599999
      vertex 7.5 -5.57803 0.365603
      vertex 7.50603 -5.58397 0.366879
    endloop
  endfacet
  facet normal -0.706918 -0.703892 0.0693067
    outer loop
      vertex 8.60866 -6.66837 0.599999
      vertex 7.5 -5.54218 0.729641
      vertex 7.51749 -5.57251 0.599999
    endloop
  endfacet
  facet normal -0.706917 -0.703892 0.06931
    outer loop
      vertex 8.60866 -6.66837 0.599999
      vertex 11.5 -9.50796 1.25175
      vertex 7.5 -5.54218 0.729641
    endloop
  endfacet
  facet normal -0.706914 -0.703901 0.0692589
    outer loop
      vertex 11.5 -9.50796 1.25175
      vertex 8.60866 -6.66837 0.599999
      vertex 11.5 -9.51194 1.2113
    endloop
  endfacet
  facet normal -0.706458 0.205439 0.677283
    outer loop
      vertex 7.5 1.4468 5.39952
      vertex 7.50598 1.79793 5.29925
      vertex 7.5 1.79685 5.29334
    endloop
  endfacet
  facet normal -0.999855 0.0170283 0
    outer loop
      vertex 7.50598 1.79793 5.29925
      vertex 7.5 1.4468 5.39952
      vertex 7.5 1.4468 5.39953
    endloop
  endfacet
  facet normal -0.706945 0.546689 0.448731
    outer loop
      vertex 11.5 7.23593 6.29171
      vertex 11.0839 6.89728 6.04875
      vertex 11.5 7.21014 6.32313
    endloop
  endfacet
  facet normal -0.706936 0.546525 0.448945
    outer loop
      vertex 7.5 4.43484 3.40298
      vertex 11.0839 6.89728 6.04875
      vertex 11.5 7.23593 6.29171
    endloop
  endfacet
  facet normal -0.706914 0.546754 0.448701
    outer loop
      vertex 7.5 4.43484 3.40298
      vertex 7.51749 4.36462 3.5161
      vertex 11.0839 6.89728 6.04875
    endloop
  endfacet
  facet normal -0.706968 0.546704 0.448678
    outer loop
      vertex 7.5 4.20278 3.68574
      vertex 7.51749 4.36462 3.5161
      vertex 7.5 4.43484 3.40298
    endloop
  endfacet
  facet normal -0.707232 0.546525 0.448479
    outer loop
      vertex 7.51749 4.36462 3.5161
      vertex 7.5 4.20278 3.68574
      vertex 7.50599 4.20729 3.68969
    endloop
  endfacet
  facet normal -0.706917 -0.373503 0.600636
    outer loop
      vertex 7.50598 -3.10821 4.65335
      vertex 7.5 -2.795 4.84108
      vertex 7.5 -3.10564 4.64791
    endloop
  endfacet
  facet normal -0.707164 0.0638608 0.70416
    outer loop
      vertex 7.50603 0.366879 5.58397
      vertex 7.5 0.365603 5.57803
      vertex 7.50599 0.365995 5.58401
    endloop
  endfacet
  facet normal -0.706916 0.0692901 0.703896
    outer loop
      vertex 11.0839 0.599999 9.15423
      vertex 11.5 1.2113 9.51194
      vertex 8.60866 0.599999 6.66837
    endloop
  endfacet
  facet normal -0.706944 0.0693277 0.703864
    outer loop
      vertex 11.5 1.2113 9.51194
      vertex 11.0839 0.599999 9.15423
      vertex 11.5 0.627215 9.56947
    endloop
  endfacet
  facet normal -0.706851 0.331625 0.62481
    outer loop
      vertex 7.50598 2.47581 5.01847
      vertex 7.5 2.47239 5.01352
      vertex 7.50599 2.47504 5.01889
    endloop
  endfacet
  facet normal -0.706944 0.333534 0.623687
    outer loop
      vertex 11.5 4.26556 8.58817
      vertex 11.0839 4.0575 8.22779
      vertex 11.5 4.24155 8.60101
    endloop
  endfacet
  facet normal -0.706647 -0.202148 0.678076
    outer loop
      vertex 7.50598 -1.79793 5.29925
      vertex 7.5 -1.79685 5.29334
      vertex 7.50599 -1.79877 5.29901
    endloop
  endfacet
  facet normal -0.706926 -0.205263 0.676847
    outer loop
      vertex 11.5 -3.05655 9.08896
      vertex 11.0839 -2.94885 8.68703
      vertex 11.5 -3.0826 9.08106
    endloop
  endfacet
  facet normal -0.70692 0.661945 -0.249186
    outer loop
      vertex 11.5 8.86 -3.66993
      vertex 8.60866 6.28586 -2.30546
      vertex 11.5 8.87432 -3.63189
    endloop
  endfacet
  facet normal -0.706917 0.661965 -0.249141
    outer loop
      vertex 7.5 5.16449 -2.1392
      vertex 8.60866 6.28586 -2.30546
      vertex 11.5 8.86 -3.66993
    endloop
  endfacet
  facet normal -0.706918 0.66197 -0.249123
    outer loop
      vertex 8.60866 6.28586 -2.30546
      vertex 7.5 5.16449 -2.1392
      vertex 7.75775 5.46041 -2.08428
    endloop
  endfacet
  facet normal -0.706915 0.661969 -0.249134
    outer loop
      vertex 7.75775 5.46041 -2.08428
      vertex 7.5 5.16449 -2.1392
      vertex 7.51749 5.22734 -2.02183
    endloop
  endfacet
  facet normal -0.706878 0.661997 -0.249165
    outer loop
      vertex 7.51436 5.24683 -1.96116
      vertex 7.5 5.29334 -1.79685
      vertex 7.50603 5.29874 -1.79961
    endloop
  endfacet
  facet normal -0.706938 0.66195 -0.24912
    outer loop
      vertex 7.5 5.16449 -2.1392
      vertex 7.51436 5.24683 -1.96116
      vertex 7.51749 5.22734 -2.02183
    endloop
  endfacet
  facet normal -0.706826 0.662049 -0.249175
    outer loop
      vertex 7.51436 5.24683 -1.96116
      vertex 7.5 5.16449 -2.1392
      vertex 7.5 5.29334 -1.79685
    endloop
  endfacet
  facet normal -0.706814 -0.115239 0.69795
    outer loop
      vertex 7.5 -1.09055 5.48259
      vertex 7.51749 -0.862716 5.53792
      vertex 7.5 -0.729641 5.54218
    endloop
  endfacet
  facet normal -0.706646 -0.115291 0.698112
    outer loop
      vertex 7.51749 -0.862716 5.53792
      vertex 7.5 -1.09055 5.48259
      vertex 7.50599 -1.09172 5.48846
    endloop
  endfacet
  facet normal -0.706917 -0.115249 0.697844
    outer loop
      vertex 11.0839 -1.78973 8.9976
      vertex 7.5 -0.729641 5.54218
      vertex 7.51749 -0.862716 5.53792
    endloop
  endfacet
  facet normal -0.706931 -0.115451 0.697797
    outer loop
      vertex 11.0839 -1.78973 8.9976
      vertex 11.5 -1.83081 9.41235
      vertex 7.5 -0.729641 5.54218
    endloop
  endfacet
  facet normal -0.70694 -0.115175 0.697833
    outer loop
      vertex 11.5 -1.83081 9.41235
      vertex 11.0839 -1.78973 8.9976
      vertex 11.5 -1.87092 9.40573
    endloop
  endfacet
  facet normal -0.706851 0.62481 0.331625
    outer loop
      vertex 7.50599 5.01889 2.47504
      vertex 7.5 5.01352 2.47239
      vertex 7.50598 5.01847 2.47581
    endloop
  endfacet
  facet normal -0.706944 0.623687 0.333534
    outer loop
      vertex 11.5 8.60101 4.24155
      vertex 11.0839 8.22779 4.0575
      vertex 11.5 8.58817 4.26556
    endloop
  endfacet
  facet normal -0.70697 -0.623732 0.333394
    outer loop
      vertex 7.50598 -5.01847 2.47581
      vertex 7.5 -4.84108 2.795
      vertex 7.5 -5.01352 2.47239
    endloop
  endfacet
  facet normal -0.706569 -0.707265 0.0231562
    outer loop
      vertex 7.5 -5.59 0
      vertex 7.50598 -5.58402 0.365118
      vertex 7.5 -5.57803 0.365603
    endloop
  endfacet
  facet normal -0.706646 0.115291 0.698112
    outer loop
      vertex 7.5 1.09055 5.48259
      vertex 7.51749 0.862716 5.53792
      vertex 7.50599 1.09172 5.48846
    endloop
  endfacet
  facet normal -0.706814 0.115239 0.69795
    outer loop
      vertex 7.51749 0.862716 5.53792
      vertex 7.5 1.09055 5.48259
      vertex 7.5 0.729641 5.54218
    endloop
  endfacet
  facet normal -0.70694 0.115175 0.697833
    outer loop
      vertex 11.0839 1.78973 8.9976
      vertex 11.5 1.83081 9.41235
      vertex 11.5 1.87092 9.40573
    endloop
  endfacet
  facet normal -0.706917 0.115249 0.697844
    outer loop
      vertex 7.5 0.729641 5.54218
      vertex 11.0839 1.78973 8.9976
      vertex 7.51749 0.862716 5.53792
    endloop
  endfacet
  facet normal -0.706931 0.115451 0.697797
    outer loop
      vertex 11.0839 1.78973 8.9976
      vertex 7.5 0.729641 5.54218
      vertex 11.5 1.83081 9.41235
    endloop
  endfacet
  facet normal -0.706935 -0.300338 0.640344
    outer loop
      vertex 7.50603 -2.47426 5.0193
      vertex 7.5 -2.47239 5.01352
      vertex 7.50599 -2.47504 5.01889
    endloop
  endfacet
  facet normal -0.706915 -0.291949 0.644234
    outer loop
      vertex 11.0839 -4.0575 8.22779
      vertex 11.5 -3.70696 8.84323
      vertex 8.60866 -2.81457 6.07498
    endloop
  endfacet
  facet normal -0.706946 -0.291895 0.644224
    outer loop
      vertex 11.5 -3.70696 8.84323
      vertex 11.0839 -4.0575 8.22779
      vertex 11.5 -4.24155 8.60101
    endloop
  endfacet
  facet normal -0.706851 -0.62481 -0.331625
    outer loop
      vertex 7.50599 -5.01889 -2.47504
      vertex 7.5 -5.01352 -2.47239
      vertex 7.50598 -5.01847 -2.47581
    endloop
  endfacet
  facet normal -0.706944 -0.623687 -0.333534
    outer loop
      vertex 11.5 -8.60101 -4.24155
      vertex 11.0839 -8.22779 -4.0575
      vertex 11.5 -8.58817 -4.26556
    endloop
  endfacet
  facet normal -0.706938 -0.66195 0.24912
    outer loop
      vertex 7.5 -5.16449 2.1392
      vertex 7.51436 -5.24683 1.96116
      vertex 7.51749 -5.22734 2.02183
    endloop
  endfacet
  facet normal -0.706826 -0.662049 0.249175
    outer loop
      vertex 7.5 -5.29334 1.79685
      vertex 7.51436 -5.24683 1.96116
      vertex 7.5 -5.16449 2.1392
    endloop
  endfacet
  facet normal -0.706878 -0.661997 0.249165
    outer loop
      vertex 7.51436 -5.24683 1.96116
      vertex 7.5 -5.29334 1.79685
      vertex 7.50603 -5.29874 1.79961
    endloop
  endfacet
  facet normal -0.706915 -0.661969 0.249134
    outer loop
      vertex 7.75775 -5.46041 2.08428
      vertex 7.5 -5.16449 2.1392
      vertex 7.51749 -5.22734 2.02183
    endloop
  endfacet
  facet normal -0.706918 -0.66197 0.249123
    outer loop
      vertex 8.60866 -6.28586 2.30546
      vertex 7.5 -5.16449 2.1392
      vertex 7.75775 -5.46041 2.08428
    endloop
  endfacet
  facet normal -0.706917 -0.661965 0.249141
    outer loop
      vertex 8.60866 -6.28586 2.30546
      vertex 11.5 -8.86 3.66993
      vertex 7.5 -5.16449 2.1392
    endloop
  endfacet
  facet normal -0.70692 -0.661945 0.249186
    outer loop
      vertex 11.5 -8.86 3.66993
      vertex 8.60866 -6.28586 2.30546
      vertex 11.5 -8.87432 3.63189
    endloop
  endfacet
  facet normal -0.706851 0.62481 -0.331625
    outer loop
      vertex 7.50598 5.01847 -2.47581
      vertex 7.5 5.01352 -2.47239
      vertex 7.50599 5.01889 -2.47504
    endloop
  endfacet
  facet normal -0.706944 0.623687 -0.333534
    outer loop
      vertex 11.5 8.58817 -4.26556
      vertex 11.0839 8.22779 -4.0575
      vertex 11.5 8.60101 -4.24155
    endloop
  endfacet
  facet normal -0.706911 -0.291903 -0.644259
    outer loop
      vertex 7.5 -2.1392 -5.16449
      vertex 7.75775 -2.38729 -5.3349
      vertex 7.51749 -2.26664 -5.12594
    endloop
  endfacet
  facet normal -0.706918 -0.29192 -0.644243
    outer loop
      vertex 7.5 -2.1392 -5.16449
      vertex 8.60866 -2.81457 -6.07498
      vertex 7.75775 -2.38729 -5.3349
    endloop
  endfacet
  facet normal -0.706917 -0.29191 -0.64425
    outer loop
      vertex 11.5 -3.66993 -8.86
      vertex 8.60866 -2.81457 -6.07498
      vertex 7.5 -2.1392 -5.16449
    endloop
  endfacet
  facet normal -0.706925 -0.291786 -0.644296
    outer loop
      vertex 8.60866 -2.81457 -6.07498
      vertex 11.5 -3.66993 -8.86
      vertex 11.5 -3.70696 -8.84323
    endloop
  endfacet
  facet normal -0.707048 -0.291879 -0.64412
    outer loop
      vertex 7.51436 -2.32332 -5.09682
      vertex 7.5 -2.1392 -5.16449
      vertex 7.51749 -2.26664 -5.12594
    endloop
  endfacet
  facet normal -0.70689 -0.291923 -0.644273
    outer loop
      vertex 7.51436 -2.32332 -5.09682
      vertex 7.5 -2.47239 -5.01352
      vertex 7.5 -2.1392 -5.16449
    endloop
  endfacet
  facet normal -0.707496 -0.29158 -0.643763
    outer loop
      vertex 7.5 -2.47239 -5.01352
      vertex 7.51436 -2.32332 -5.09682
      vertex 7.50603 -2.47426 -5.0193
    endloop
  endfacet
  facet normal -0.706729 -0.66305 0.246777
    outer loop
      vertex 7.50603 -5.29874 1.79961
      vertex 7.5 -5.29334 1.79685
      vertex 7.50599 -5.29901 1.79877
    endloop
  endfacet
  facet normal -0.706916 -0.661968 0.249133
    outer loop
      vertex 11.0839 -8.68703 2.94885
      vertex 11.5 -8.87432 3.63189
      vertex 8.60866 -6.28586 2.30546
    endloop
  endfacet
  facet normal -0.706927 -0.661953 0.249144
    outer loop
      vertex 11.5 -8.87432 3.63189
      vertex 11.0839 -8.68703 2.94885
      vertex 11.5 -9.08106 3.0826
    endloop
  endfacet
  facet normal -0.707164 0.70416 -0.0638608
    outer loop
      vertex 7.50603 5.58397 -0.366879
      vertex 7.5 5.57803 -0.365603
      vertex 7.50599 5.58401 -0.365995
    endloop
  endfacet
  facet normal -0.706944 0.703864 -0.0693277
    outer loop
      vertex 11.5 9.51194 -1.2113
      vertex 11.0839 9.15423 -0.599999
      vertex 11.5 9.56947 -0.627215
    endloop
  endfacet
  facet normal -0.706916 0.703896 -0.0692901
    outer loop
      vertex 11.0839 9.15423 -0.599999
      vertex 11.5 9.51194 -1.2113
      vertex 8.60866 6.66837 -0.599999
    endloop
  endfacet
  facet normal -0.707164 0.70416 0.0638608
    outer loop
      vertex 7.50599 5.58401 0.365995
      vertex 7.5 5.57803 0.365603
      vertex 7.50603 5.58397 0.366879
    endloop
  endfacet
  facet normal -0.706944 0.703864 0.0693277
    outer loop
      vertex 11.0839 9.15423 0.599999
      vertex 11.5 9.51194 1.2113
      vertex 11.5 9.56947 0.627215
    endloop
  endfacet
  facet normal -0.706916 0.703896 0.0692901
    outer loop
      vertex 11.5 9.51194 1.2113
      vertex 11.0839 9.15423 0.599999
      vertex 8.60866 6.66837 0.599999
    endloop
  endfacet
  facet normal -0.706654 0.689078 0.160659
    outer loop
      vertex 7.5 5.48259 1.09055
      vertex 7.5 5.39953 1.4468
      vertex 7.50599 5.48846 1.09172
    endloop
  endfacet
  facet normal -1 -0 -0
    outer loop
      vertex 7.5 5.39953 1.4468
      vertex 7.5 5.48259 1.09055
      vertex 7.5 5.39952 1.4468
    endloop
  endfacet
  facet normal -0.706942 0.688816 0.160516
    outer loop
      vertex 11.5 9.40573 1.87092
      vertex 11.0839 8.9976 1.78973
      vertex 11.5 9.39955 1.89744
    endloop
  endfacet
  facet normal -0.706851 0.331625 -0.62481
    outer loop
      vertex 7.50599 2.47504 -5.01889
      vertex 7.5 2.47239 -5.01352
      vertex 7.50598 2.47581 -5.01847
    endloop
  endfacet
  facet normal -0.706944 0.333534 -0.623687
    outer loop
      vertex 11.5 4.24155 -8.60101
      vertex 11.0839 4.0575 -8.22779
      vertex 11.5 4.26556 -8.58817
    endloop
  endfacet
  facet normal -0.706925 0.644296 -0.291786
    outer loop
      vertex 8.60866 6.07498 -2.81457
      vertex 11.5 8.86 -3.66993
      vertex 11.5 8.84323 -3.70696
    endloop
  endfacet
  facet normal -0.706918 0.644243 -0.29192
    outer loop
      vertex 7.5 5.16449 -2.1392
      vertex 8.60866 6.07498 -2.81457
      vertex 7.75775 5.3349 -2.38729
    endloop
  endfacet
  facet normal -0.706917 0.64425 -0.29191
    outer loop
      vertex 8.60866 6.07498 -2.81457
      vertex 7.5 5.16449 -2.1392
      vertex 11.5 8.86 -3.66993
    endloop
  endfacet
  facet normal -0.706911 0.644259 -0.291903
    outer loop
      vertex 7.51749 5.12594 -2.26664
      vertex 7.5 5.16449 -2.1392
      vertex 7.75775 5.3349 -2.38729
    endloop
  endfacet
  facet normal -0.707048 0.64412 -0.291879
    outer loop
      vertex 7.51436 5.09682 -2.32332
      vertex 7.5 5.16449 -2.1392
      vertex 7.51749 5.12594 -2.26664
    endloop
  endfacet
  facet normal -0.707496 0.643763 -0.29158
    outer loop
      vertex 7.5 5.01352 -2.47239
      vertex 7.51436 5.09682 -2.32332
      vertex 7.50603 5.0193 -2.47426
    endloop
  endfacet
  facet normal -0.70689 0.644273 -0.291923
    outer loop
      vertex 7.51436 5.09682 -2.32332
      vertex 7.5 5.01352 -2.47239
      vertex 7.5 5.16449 -2.1392
    endloop
  endfacet
  facet normal -0.999855 -0.0170283 0
    outer loop
      vertex 7.50598 -1.79793 -5.29925
      vertex 7.5 -1.4468 -5.39952
      vertex 7.5 -1.4468 -5.39953
    endloop
  endfacet
  facet normal -0.706458 -0.205439 -0.677283
    outer loop
      vertex 7.5 -1.4468 -5.39952
      vertex 7.50598 -1.79793 -5.29925
      vertex 7.5 -1.79685 -5.29334
    endloop
  endfacet
  facet normal -0.707322 -0.367023 0.604143
    outer loop
      vertex 7.50598 -3.10821 4.65335
      vertex 7.5 -3.10564 4.64791
      vertex 7.50599 -3.10897 4.6529
    endloop
  endfacet
  facet normal -0.706935 -0.373432 0.600659
    outer loop
      vertex 11.5 -5.30479 7.98817
      vertex 11.0839 -5.09673 7.6278
      vertex 11.5 -5.32792 7.97379
    endloop
  endfacet
  facet normal -0.706874 0.0693226 0.703935
    outer loop
      vertex 7.5 0.365603 5.57803
      vertex 7.51749 0.599999 5.57251
      vertex 7.5 0.729641 5.54218
    endloop
  endfacet
  facet normal -0.70749 0.0693539 0.703312
    outer loop
      vertex 7.51749 0.599999 5.57251
      vertex 7.5 0.365603 5.57803
      vertex 7.50603 0.366879 5.58397
    endloop
  endfacet
  facet normal -0.706917 0.06931 0.703892
    outer loop
      vertex 8.60866 0.599999 6.66837
      vertex 11.5 1.25175 9.50796
      vertex 7.5 0.729641 5.54218
    endloop
  endfacet
  facet normal -0.706918 0.0693067 0.703892
    outer loop
      vertex 8.60866 0.599999 6.66837
      vertex 7.5 0.729641 5.54218
      vertex 7.51749 0.599999 5.57251
    endloop
  endfacet
  facet normal -0.706914 0.0692589 0.703901
    outer loop
      vertex 11.5 1.25175 9.50796
      vertex 8.60866 0.599999 6.66837
      vertex 11.5 1.2113 9.51194
    endloop
  endfacet
  facet normal -0.707164 0.0638608 -0.70416
    outer loop
      vertex 7.50599 0.365995 -5.58401
      vertex 7.5 0.365603 -5.57803
      vertex 7.50603 0.366879 -5.58397
    endloop
  endfacet
  facet normal -0.706944 0.0693277 -0.703864
    outer loop
      vertex 11.0839 0.599999 -9.15423
      vertex 11.5 1.2113 -9.51194
      vertex 11.5 0.627215 -9.56947
    endloop
  endfacet
  facet normal -0.706916 0.0692901 -0.703896
    outer loop
      vertex 11.5 1.2113 -9.51194
      vertex 11.0839 0.599999 -9.15423
      vertex 8.60866 0.599999 -6.66837
    endloop
  endfacet
  facet normal -0.706458 -0.205439 0.677283
    outer loop
      vertex 7.50598 -1.79793 5.29925
      vertex 7.5 -1.4468 5.39952
      vertex 7.5 -1.79685 5.29334
    endloop
  endfacet
  facet normal -0.999855 -0.0170283 0
    outer loop
      vertex 7.5 -1.4468 5.39952
      vertex 7.50598 -1.79793 5.29925
      vertex 7.5 -1.4468 5.39953
    endloop
  endfacet
  facet normal -0.706918 0.546749 0.448701
    outer loop
      vertex 11.5 7.60826 5.83802
      vertex 7.5 4.43484 3.40298
      vertex 11.5 7.23593 6.29171
    endloop
  endfacet
  facet normal -0.706917 0.115223 -0.697848
    outer loop
      vertex 11.5 1.25175 -9.50796
      vertex 7.5 0.729641 -5.54218
      vertex 11.5 1.83081 -9.41235
    endloop
  endfacet
  facet normal -0.706917 -0.115223 -0.697848
    outer loop
      vertex 11.5 -1.83081 -9.41235
      vertex 7.5 -0.729641 -5.54218
      vertex 11.5 -1.25175 -9.50796
    endloop
  endfacet
  facet normal -0.707029 -0.574833 0.411918
    outer loop
      vertex 7.5 -4.64791 3.10564
      vertex 7.51749 -4.52594 3.30587
      vertex 7.5 -4.43484 3.40298
    endloop
  endfacet
  facet normal -0.707445 -0.574459 0.411726
    outer loop
      vertex 7.51749 -4.52594 3.30587
      vertex 7.5 -4.64791 3.10564
      vertex 7.50599 -4.6529 3.10897
    endloop
  endfacet
  facet normal -0.706913 -0.57491 0.412011
    outer loop
      vertex 11.0839 -7.6278 5.09673
      vertex 7.5 -4.43484 3.40298
      vertex 7.51749 -4.52594 3.30587
    endloop
  endfacet
  facet normal -0.706933 -0.575061 0.411766
    outer loop
      vertex 11.0839 -7.6278 5.09673
      vertex 11.5 -7.95012 5.36096
      vertex 7.5 -4.43484 3.40298
    endloop
  endfacet
  facet normal -0.706938 -0.574957 0.411902
    outer loop
      vertex 11.5 -7.95012 5.36096
      vertex 11.0839 -7.6278 5.09673
      vertex 11.5 -7.97379 5.32792
    endloop
  endfacet
  facet normal -0.706918 0.574921 0.411987
    outer loop
      vertex 11.5 7.95012 5.36096
      vertex 7.5 4.43484 3.40298
      vertex 11.5 7.60826 5.83802
    endloop
  endfacet
  facet normal -0.707445 -0.411726 -0.574459
    outer loop
      vertex 7.51749 -3.30587 -4.52594
      vertex 7.5 -3.10564 -4.64791
      vertex 7.50599 -3.10897 -4.6529
    endloop
  endfacet
  facet normal -0.707029 -0.411918 -0.574833
    outer loop
      vertex 7.51749 -3.30587 -4.52594
      vertex 7.5 -3.40298 -4.43484
      vertex 7.5 -3.10564 -4.64791
    endloop
  endfacet
  facet normal -0.706913 -0.412011 -0.57491
    outer loop
      vertex 11.0839 -5.09673 -7.6278
      vertex 7.5 -3.40298 -4.43484
      vertex 7.51749 -3.30587 -4.52594
    endloop
  endfacet
  facet normal -0.706938 -0.411902 -0.574957
    outer loop
      vertex 11.5 -5.36096 -7.95012
      vertex 11.0839 -5.09673 -7.6278
      vertex 11.5 -5.32792 -7.97379
    endloop
  endfacet
  facet normal -0.706933 -0.411766 -0.575061
    outer loop
      vertex 11.0839 -5.09673 -7.6278
      vertex 11.5 -5.36096 -7.95012
      vertex 7.5 -3.40298 -4.43484
    endloop
  endfacet
  facet normal -0.706918 -0.703892 -0.0693067
    outer loop
      vertex 7.5 -5.54218 -0.729641
      vertex 8.60866 -6.66837 -0.599999
      vertex 7.51749 -5.57251 -0.599999
    endloop
  endfacet
  facet normal -0.706917 -0.703892 -0.06931
    outer loop
      vertex 11.5 -9.50796 -1.25175
      vertex 8.60866 -6.66837 -0.599999
      vertex 7.5 -5.54218 -0.729641
    endloop
  endfacet
  facet normal -0.706914 -0.703901 -0.0692589
    outer loop
      vertex 8.60866 -6.66837 -0.599999
      vertex 11.5 -9.50796 -1.25175
      vertex 11.5 -9.51194 -1.2113
    endloop
  endfacet
  facet normal -0.706874 -0.703935 -0.0693226
    outer loop
      vertex 7.51749 -5.57251 -0.599999
      vertex 7.5 -5.57803 -0.365603
      vertex 7.5 -5.54218 -0.729641
    endloop
  endfacet
  facet normal -0.70749 -0.703312 -0.0693539
    outer loop
      vertex 7.5 -5.57803 -0.365603
      vertex 7.51749 -5.57251 -0.599999
      vertex 7.50603 -5.58397 -0.366879
    endloop
  endfacet
  facet normal -0.707496 -0.643763 0.29158
    outer loop
      vertex 7.5 -5.01352 2.47239
      vertex 7.51436 -5.09682 2.32332
      vertex 7.50603 -5.0193 2.47426
    endloop
  endfacet
  facet normal -0.70689 -0.644273 0.291923
    outer loop
      vertex 7.5 -5.16449 2.1392
      vertex 7.51436 -5.09682 2.32332
      vertex 7.5 -5.01352 2.47239
    endloop
  endfacet
  facet normal -0.707048 -0.64412 0.291879
    outer loop
      vertex 7.51436 -5.09682 2.32332
      vertex 7.5 -5.16449 2.1392
      vertex 7.51749 -5.12594 2.26664
    endloop
  endfacet
  facet normal -0.706911 -0.644259 0.291903
    outer loop
      vertex 7.5 -5.16449 2.1392
      vertex 7.75775 -5.3349 2.38729
      vertex 7.51749 -5.12594 2.26664
    endloop
  endfacet
  facet normal -0.706918 -0.644243 0.29192
    outer loop
      vertex 7.5 -5.16449 2.1392
      vertex 8.60866 -6.07498 2.81457
      vertex 7.75775 -5.3349 2.38729
    endloop
  endfacet
  facet normal -0.706917 -0.64425 0.29191
    outer loop
      vertex 11.5 -8.86 3.66993
      vertex 8.60866 -6.07498 2.81457
      vertex 7.5 -5.16449 2.1392
    endloop
  endfacet
  facet normal -0.706925 -0.644296 0.291786
    outer loop
      vertex 8.60866 -6.07498 2.81457
      vertex 11.5 -8.86 3.66993
      vertex 11.5 -8.84323 3.70696
    endloop
  endfacet
  facet normal -0.706917 0.115223 0.697848
    outer loop
      vertex 11.5 1.83081 9.41235
      vertex 7.5 0.729641 5.54218
      vertex 11.5 1.25175 9.50796
    endloop
  endfacet
  facet normal -0.707322 -0.367023 -0.604143
    outer loop
      vertex 7.50599 -3.10897 -4.6529
      vertex 7.5 -3.10564 -4.64791
      vertex 7.50598 -3.10821 -4.65335
    endloop
  endfacet
  facet normal -0.706935 -0.373432 -0.600659
    outer loop
      vertex 11.5 -5.32792 -7.97379
      vertex 11.0839 -5.09673 -7.6278
      vertex 11.5 -5.30479 -7.98817
    endloop
  endfacet
  facet normal -0.706918 0.574921 -0.411987
    outer loop
      vertex 11.5 7.60826 -5.83802
      vertex 7.5 4.43484 -3.40298
      vertex 11.5 7.95012 -5.36096
    endloop
  endfacet
  facet normal -0.706647 -0.202148 -0.678076
    outer loop
      vertex 7.50599 -1.79877 -5.29901
      vertex 7.5 -1.79685 -5.29334
      vertex 7.50598 -1.79793 -5.29925
    endloop
  endfacet
  facet normal -0.706926 -0.205263 -0.676847
    outer loop
      vertex 11.5 -3.0826 -9.08106
      vertex 11.0839 -2.94885 -8.68703
      vertex 11.5 -3.05655 -9.08896
    endloop
  endfacet
  facet normal -0.706878 -0.249165 -0.661997
    outer loop
      vertex 7.51436 -1.96116 -5.24683
      vertex 7.5 -1.79685 -5.29334
      vertex 7.50603 -1.79961 -5.29874
    endloop
  endfacet
  facet normal -0.706938 -0.24912 -0.66195
    outer loop
      vertex 7.5 -2.1392 -5.16449
      vertex 7.51436 -1.96116 -5.24683
      vertex 7.51749 -2.02183 -5.22734
    endloop
  endfacet
  facet normal -0.706826 -0.249175 -0.662049
    outer loop
      vertex 7.51436 -1.96116 -5.24683
      vertex 7.5 -2.1392 -5.16449
      vertex 7.5 -1.79685 -5.29334
    endloop
  endfacet
  facet normal -0.706915 -0.249134 -0.661969
    outer loop
      vertex 7.75775 -2.08428 -5.46041
      vertex 7.5 -2.1392 -5.16449
      vertex 7.51749 -2.02183 -5.22734
    endloop
  endfacet
  facet normal -0.706918 -0.249123 -0.66197
    outer loop
      vertex 8.60866 -2.30546 -6.28586
      vertex 7.5 -2.1392 -5.16449
      vertex 7.75775 -2.08428 -5.46041
    endloop
  endfacet
  facet normal -0.70692 -0.249186 -0.661945
    outer loop
      vertex 11.5 -3.66993 -8.86
      vertex 8.60866 -2.30546 -6.28586
      vertex 11.5 -3.63189 -8.87432
    endloop
  endfacet
  facet normal -0.706917 -0.249141 -0.661965
    outer loop
      vertex 8.60866 -2.30546 -6.28586
      vertex 11.5 -3.66993 -8.86
      vertex 7.5 -2.1392 -5.16449
    endloop
  endfacet
  facet normal -0.706917 -0.697848 -0.115223
    outer loop
      vertex 11.5 -9.50796 -1.25175
      vertex 7.5 -5.54218 -0.729641
      vertex 11.5 -9.41235 -1.83081
    endloop
  endfacet
  facet normal -0.70692 0.249186 -0.661945
    outer loop
      vertex 8.60866 2.30546 -6.28586
      vertex 11.5 3.66993 -8.86
      vertex 11.5 3.63189 -8.87432
    endloop
  endfacet
  facet normal -0.706917 0.249141 -0.661965
    outer loop
      vertex 8.60866 2.30546 -6.28586
      vertex 7.5 2.1392 -5.16449
      vertex 11.5 3.66993 -8.86
    endloop
  endfacet
  facet normal -0.706918 0.249123 -0.66197
    outer loop
      vertex 7.75775 2.08428 -5.46041
      vertex 7.5 2.1392 -5.16449
      vertex 8.60866 2.30546 -6.28586
    endloop
  endfacet
  facet normal -0.706915 0.249134 -0.661969
    outer loop
      vertex 7.51749 2.02183 -5.22734
      vertex 7.5 2.1392 -5.16449
      vertex 7.75775 2.08428 -5.46041
    endloop
  endfacet
  facet normal -0.706938 0.24912 -0.66195
    outer loop
      vertex 7.51436 1.96116 -5.24683
      vertex 7.5 2.1392 -5.16449
      vertex 7.51749 2.02183 -5.22734
    endloop
  endfacet
  facet normal -0.706878 0.249165 -0.661997
    outer loop
      vertex 7.5 1.79685 -5.29334
      vertex 7.51436 1.96116 -5.24683
      vertex 7.50603 1.79961 -5.29874
    endloop
  endfacet
  facet normal -0.706826 0.249175 -0.662049
    outer loop
      vertex 7.51436 1.96116 -5.24683
      vertex 7.5 1.79685 -5.29334
      vertex 7.5 2.1392 -5.16449
    endloop
  endfacet
  facet normal -0.707218 0.516024 -0.483283
    outer loop
      vertex 7.5 3.95273 -3.95273
      vertex 7.5 4.20278 -3.68574
      vertex 7.50599 4.20729 -3.68969
    endloop
  endfacet
  facet normal -0.706945 0.516214 -0.483479
    outer loop
      vertex 11.5 7.19153 -6.343
      vertex 11.0839 6.89728 -6.04875
      vertex 11.5 7.21014 -6.32313
    endloop
  endfacet
  facet normal -0.707164 -0.0638608 0.70416
    outer loop
      vertex 7.50599 -0.365995 5.58401
      vertex 7.5 -0.365603 5.57803
      vertex 7.50603 -0.366879 5.58397
    endloop
  endfacet
  facet normal -0.706916 -0.0692901 0.703896
    outer loop
      vertex 11.5 -1.2113 9.51194
      vertex 11.0839 -0.599999 9.15423
      vertex 8.60866 -0.599999 6.66837
    endloop
  endfacet
  facet normal -0.706944 -0.0693277 0.703864
    outer loop
      vertex 11.0839 -0.599999 9.15423
      vertex 11.5 -1.2113 9.51194
      vertex 11.5 -0.627215 9.56947
    endloop
  endfacet
  facet normal -0.999855 0.0170283 0
    outer loop
      vertex 7.5 1.4468 -5.39952
      vertex 7.50598 1.79793 -5.29925
      vertex 7.5 1.4468 -5.39953
    endloop
  endfacet
  facet normal -0.706458 0.205439 -0.677283
    outer loop
      vertex 7.50598 1.79793 -5.29925
      vertex 7.5 1.4468 -5.39952
      vertex 7.5 1.79685 -5.29334
    endloop
  endfacet
  facet normal -0.706917 -0.697848 0.115223
    outer loop
      vertex 11.5 -9.41235 1.83081
      vertex 7.5 -5.54218 0.729641
      vertex 11.5 -9.50796 1.25175
    endloop
  endfacet
  facet normal -0.706729 -0.246777 -0.66305
    outer loop
      vertex 7.50603 -1.79961 -5.29874
      vertex 7.5 -1.79685 -5.29334
      vertex 7.50599 -1.79877 -5.29901
    endloop
  endfacet
  facet normal -0.706927 -0.249144 -0.661953
    outer loop
      vertex 11.5 -3.63189 -8.87432
      vertex 11.0839 -2.94885 -8.68703
      vertex 11.5 -3.0826 -9.08106
    endloop
  endfacet
  facet normal -0.706916 -0.249133 -0.661968
    outer loop
      vertex 11.0839 -2.94885 -8.68703
      vertex 11.5 -3.63189 -8.87432
      vertex 8.60866 -2.30546 -6.28586
    endloop
  endfacet
  facet normal -0.707322 -0.604143 0.367023
    outer loop
      vertex 7.50599 -4.6529 3.10897
      vertex 7.5 -4.64791 3.10564
      vertex 7.50598 -4.65335 3.10821
    endloop
  endfacet
  facet normal -0.706935 -0.600659 0.373432
    outer loop
      vertex 11.5 -7.97379 5.32792
      vertex 11.0839 -7.6278 5.09673
      vertex 11.5 -7.98817 5.30479
    endloop
  endfacet
  facet normal -0.707322 0.367023 0.604143
    outer loop
      vertex 7.50599 3.10897 4.6529
      vertex 7.5 3.10564 4.64791
      vertex 7.50598 3.10821 4.65335
    endloop
  endfacet
  facet normal -0.706935 0.373432 0.600659
    outer loop
      vertex 11.5 5.32792 7.97379
      vertex 11.0839 5.09673 7.6278
      vertex 11.5 5.30479 7.98817
    endloop
  endfacet
  facet normal -0.706917 0.373503 0.600636
    outer loop
      vertex 7.5 2.795 4.84108
      vertex 7.50598 3.10821 4.65335
      vertex 7.5 3.10564 4.64791
    endloop
  endfacet
  facet normal -0.706851 -0.62481 0.331625
    outer loop
      vertex 7.50598 -5.01847 2.47581
      vertex 7.5 -5.01352 2.47239
      vertex 7.50599 -5.01889 2.47504
    endloop
  endfacet
  facet normal -0.706944 -0.623687 0.333534
    outer loop
      vertex 11.5 -8.58817 4.26556
      vertex 11.0839 -8.22779 4.0575
      vertex 11.5 -8.60101 4.24155
    endloop
  endfacet
  facet normal -1 0 0
    outer loop
      vertex 7.5 1.6 0
      vertex 7.5 5.59 0
      vertex 7.5 5.57803 -0.365603
    endloop
  endfacet
  facet normal -1 0 0
    outer loop
      vertex 7.5 1.59657 -0.104645
      vertex 7.5 5.57803 -0.365603
      vertex 7.5 5.54218 -0.729641
    endloop
  endfacet
  facet normal -1 0 0
    outer loop
      vertex 7.5 5.59 0
      vertex 7.5 1.6 0
      vertex 7.5 5.57803 0.365603
    endloop
  endfacet
  facet normal -1 0 0
    outer loop
      vertex 7.5 1.58631 -0.208841
      vertex 7.5 5.54218 -0.729641
      vertex 7.5 5.48259 -1.09055
    endloop
  endfacet
  facet normal -1 0 0
    outer loop
      vertex 7.5 1.59657 0.104645
      vertex 7.5 5.57803 0.365603
      vertex 7.5 1.6 0
    endloop
  endfacet
  facet normal -1 0 0
    outer loop
      vertex 7.5 1.56926 -0.312144
      vertex 7.5 5.48259 -1.09055
      vertex 7.5 5.39952 -1.4468
    endloop
  endfacet
  facet normal -1 -0 0
    outer loop
      vertex 7.5 5.57803 0.365603
      vertex 7.5 1.59657 0.104645
      vertex 7.5 5.54218 0.729641
    endloop
  endfacet
  facet normal -1 0 0
    outer loop
      vertex 7.5 1.54548 -0.41411
      vertex 7.5 5.39952 -1.4468
      vertex 7.5 5.29334 -1.79685
    endloop
  endfacet
  facet normal -1 0 0
    outer loop
      vertex 7.5 1.58631 0.208841
      vertex 7.5 5.54218 0.729641
      vertex 7.5 1.59657 0.104645
    endloop
  endfacet
  facet normal -1 0 0
    outer loop
      vertex 7.5 1.51509 -0.514302
      vertex 7.5 5.29334 -1.79685
      vertex 7.5 5.16449 -2.1392
    endloop
  endfacet
  facet normal -1 -0 0
    outer loop
      vertex 7.5 5.54218 0.729641
      vertex 7.5 1.58631 0.208841
      vertex 7.5 5.48259 1.09055
    endloop
  endfacet
  facet normal -1 0 0
    outer loop
      vertex 7.5 1.47821 -0.612293
      vertex 7.5 5.16449 -2.1392
      vertex 7.5 5.01352 -2.47239
    endloop
  endfacet
  facet normal -1 0 0
    outer loop
      vertex 7.5 1.56926 0.312144
      vertex 7.5 5.48259 1.09055
      vertex 7.5 1.58631 0.208841
    endloop
  endfacet
  facet normal -1 0 0
    outer loop
      vertex 7.5 1.435 -0.707662
      vertex 7.5 5.01352 -2.47239
      vertex 7.5 4.84108 -2.795
    endloop
  endfacet
  facet normal -1 -0 0
    outer loop
      vertex 7.5 5.48259 1.09055
      vertex 7.5 1.56926 0.312144
      vertex 7.5 5.39952 1.4468
    endloop
  endfacet
  facet normal -1 0 0
    outer loop
      vertex 7.5 1.38564 -0.799999
      vertex 7.5 4.84108 -2.795
      vertex 7.5 4.64791 -3.10564
    endloop
  endfacet
  facet normal -1 0 0
    outer loop
      vertex 7.5 1.54548 0.41411
      vertex 7.5 5.39952 1.4468
      vertex 7.5 1.56926 0.312144
    endloop
  endfacet
  facet normal -1 0 0
    outer loop
      vertex 7.5 1.33035 -0.888912
      vertex 7.5 4.64791 -3.10564
      vertex 7.5 4.43484 -3.40298
    endloop
  endfacet
  facet normal -1 -0 0
    outer loop
      vertex 7.5 5.39952 1.4468
      vertex 7.5 1.54548 0.41411
      vertex 7.5 5.29334 1.79685
    endloop
  endfacet
  facet normal -1 0 0
    outer loop
      vertex 7.5 1.26937 -0.974018
      vertex 7.5 4.43484 -3.40298
      vertex 7.5 4.20278 -3.68574
    endloop
  endfacet
  facet normal -1 0 0
    outer loop
      vertex 7.5 1.51509 0.514302
      vertex 7.5 5.29334 1.79685
      vertex 7.5 1.54548 0.41411
    endloop
  endfacet
  facet normal -1 0 0
    outer loop
      vertex 7.5 1.20294 -1.05495
      vertex 7.5 4.20278 -3.68574
      vertex 7.5 3.95273 -3.95273
    endloop
  endfacet
  facet normal -1 -0 0
    outer loop
      vertex 7.5 5.29334 1.79685
      vertex 7.5 1.51509 0.514302
      vertex 7.5 5.16449 2.1392
    endloop
  endfacet
  facet normal -1 0 0
    outer loop
      vertex 7.5 1.13137 -1.13137
      vertex 7.5 3.95273 -3.95273
      vertex 7.5 3.68574 -4.20278
    endloop
  endfacet
  facet normal -1 0 0
    outer loop
      vertex 7.5 1.47821 0.612293
      vertex 7.5 5.16449 2.1392
      vertex 7.5 1.51509 0.514302
    endloop
  endfacet
  facet normal -1 0 0
    outer loop
      vertex 7.5 1.05495 -1.20294
      vertex 7.5 3.68574 -4.20278
      vertex 7.5 3.40298 -4.43484
    endloop
  endfacet
  facet normal -1 -0 0
    outer loop
      vertex 7.5 5.16449 2.1392
      vertex 7.5 1.47821 0.612293
      vertex 7.5 5.01352 2.47239
    endloop
  endfacet
  facet normal -1 0 0
    outer loop
      vertex 7.5 0.974018 -1.26937
      vertex 7.5 3.40298 -4.43484
      vertex 7.5 3.10564 -4.64791
    endloop
  endfacet
  facet normal -1 0 0
    outer loop
      vertex 7.5 1.435 0.707662
      vertex 7.5 5.01352 2.47239
      vertex 7.5 1.47821 0.612293
    endloop
  endfacet
  facet normal -1 0 0
    outer loop
      vertex 7.5 0.888912 -1.33035
      vertex 7.5 3.10564 -4.64791
      vertex 7.5 2.795 -4.84108
    endloop
  endfacet
  facet normal -1 -0 0
    outer loop
      vertex 7.5 5.01352 2.47239
      vertex 7.5 1.435 0.707662
      vertex 7.5 4.84108 2.795
    endloop
  endfacet
  facet normal -1 0 0
    outer loop
      vertex 7.5 0.799999 -1.38564
      vertex 7.5 2.795 -4.84108
      vertex 7.5 2.47239 -5.01352
    endloop
  endfacet
  facet normal -1 0 0
    outer loop
      vertex 7.5 1.38564 0.799999
      vertex 7.5 4.84108 2.795
      vertex 7.5 1.435 0.707662
    endloop
  endfacet
  facet normal -1 0 0
    outer loop
      vertex 7.5 0.707662 -1.435
      vertex 7.5 2.47239 -5.01352
      vertex 7.5 2.1392 -5.16449
    endloop
  endfacet
  facet normal -1 -0 0
    outer loop
      vertex 7.5 4.84108 2.795
      vertex 7.5 1.38564 0.799999
      vertex 7.5 4.64791 3.10564
    endloop
  endfacet
  facet normal -1 0 0
    outer loop
      vertex 7.5 0.612293 -1.47821
      vertex 7.5 2.1392 -5.16449
      vertex 7.5 1.79685 -5.29334
    endloop
  endfacet
  facet normal -1 0 0
    outer loop
      vertex 7.5 1.33035 0.888912
      vertex 7.5 4.64791 3.10564
      vertex 7.5 1.38564 0.799999
    endloop
  endfacet
  facet normal -1 -0 0
    outer loop
      vertex 7.5 4.64791 3.10564
      vertex 7.5 1.33035 0.888912
      vertex 7.5 4.43484 3.40298
    endloop
  endfacet
  facet normal -1 0 0
    outer loop
      vertex 7.5 5.57803 -0.365603
      vertex 7.5 1.59657 -0.104645
      vertex 7.5 1.6 0
    endloop
  endfacet
  facet normal -1 0 0
    outer loop
      vertex 7.5 5.54218 -0.729641
      vertex 7.5 1.58631 -0.208841
      vertex 7.5 1.59657 -0.104645
    endloop
  endfacet
  facet normal -1 0 0
    outer loop
      vertex 7.5 5.48259 -1.09055
      vertex 7.5 1.56926 -0.312144
      vertex 7.5 1.58631 -0.208841
    endloop
  endfacet
  facet normal -1 0 0
    outer loop
      vertex 7.5 5.39952 -1.4468
      vertex 7.5 1.54548 -0.41411
      vertex 7.5 1.56926 -0.312144
    endloop
  endfacet
  facet normal -1 0 0
    outer loop
      vertex 7.5 5.29334 -1.79685
      vertex 7.5 1.51509 -0.514302
      vertex 7.5 1.54548 -0.41411
    endloop
  endfacet
  facet normal -1 0 0
    outer loop
      vertex 7.5 5.16449 -2.1392
      vertex 7.5 1.47821 -0.612293
      vertex 7.5 1.51509 -0.514302
    endloop
  endfacet
  facet normal -1 0 0
    outer loop
      vertex 7.5 0.514302 -1.51509
      vertex 7.5 1.79685 -5.29334
      vertex 7.5 1.4468 -5.39952
    endloop
  endfacet
  facet normal -1 0 0
    outer loop
      vertex 7.5 5.01352 -2.47239
      vertex 7.5 1.435 -0.707662
      vertex 7.5 1.47821 -0.612293
    endloop
  endfacet
  facet normal -1 0 0
    outer loop
      vertex 7.5 4.84108 -2.795
      vertex 7.5 1.38564 -0.799999
      vertex 7.5 1.435 -0.707662
    endloop
  endfacet
  facet normal -1 0 0
    outer loop
      vertex 7.5 4.64791 -3.10564
      vertex 7.5 1.33035 -0.888912
      vertex 7.5 1.38564 -0.799999
    endloop
  endfacet
  facet normal -1 0 0
    outer loop
      vertex 7.5 4.43484 -3.40298
      vertex 7.5 1.26937 -0.974018
      vertex 7.5 1.33035 -0.888912
    endloop
  endfacet
  facet normal -1 0 0
    outer loop
      vertex 7.5 4.20278 -3.68574
      vertex 7.5 1.20294 -1.05495
      vertex 7.5 1.26937 -0.974018
    endloop
  endfacet
  facet normal -1 0 0
    outer loop
      vertex 7.5 3.95273 -3.95273
      vertex 7.5 1.13137 -1.13137
      vertex 7.5 1.20294 -1.05495
    endloop
  endfacet
  facet normal -1 0 0
    outer loop
      vertex 7.5 0.41411 -1.54548
      vertex 7.5 1.4468 -5.39952
      vertex 7.5 1.09055 -5.48259
    endloop
  endfacet
  facet normal -1 0 0
    outer loop
      vertex 7.5 3.68574 -4.20278
      vertex 7.5 1.05495 -1.20294
      vertex 7.5 1.13137 -1.13137
    endloop
  endfacet
  facet normal -1 0 0
    outer loop
      vertex 7.5 3.40298 -4.43484
      vertex 7.5 0.974018 -1.26937
      vertex 7.5 1.05495 -1.20294
    endloop
  endfacet
  facet normal -1 0 0
    outer loop
      vertex 7.5 3.10564 -4.64791
      vertex 7.5 0.888912 -1.33035
      vertex 7.5 0.974018 -1.26937
    endloop
  endfacet
  facet normal -1 0 0
    outer loop
      vertex 7.5 2.795 -4.84108
      vertex 7.5 0.799999 -1.38564
      vertex 7.5 0.888912 -1.33035
    endloop
  endfacet
  facet normal -1 0 0
    outer loop
      vertex 7.5 0.312144 -1.56926
      vertex 7.5 1.09055 -5.48259
      vertex 7.5 0.729641 -5.54218
    endloop
  endfacet
  facet normal -1 0 0
    outer loop
      vertex 7.5 2.47239 -5.01352
      vertex 7.5 0.707662 -1.435
      vertex 7.5 0.799999 -1.38564
    endloop
  endfacet
  facet normal -1 0 0
    outer loop
      vertex 7.5 2.1392 -5.16449
      vertex 7.5 0.612293 -1.47821
      vertex 7.5 0.707662 -1.435
    endloop
  endfacet
  facet normal -1 0 0
    outer loop
      vertex 7.5 1.79685 -5.29334
      vertex 7.5 0.514302 -1.51509
      vertex 7.5 0.612293 -1.47821
    endloop
  endfacet
  facet normal -1 0 0
    outer loop
      vertex 7.5 1.4468 -5.39952
      vertex 7.5 0.41411 -1.54548
      vertex 7.5 0.514302 -1.51509
    endloop
  endfacet
  facet normal -1 0 0
    outer loop
      vertex 7.5 0.208841 -1.58631
      vertex 7.5 0.729641 -5.54218
      vertex 7.5 0.365603 -5.57803
    endloop
  endfacet
  facet normal -1 0 0
    outer loop
      vertex 7.5 1.09055 -5.48259
      vertex 7.5 0.312144 -1.56926
      vertex 7.5 0.41411 -1.54548
    endloop
  endfacet
  facet normal -1 0 0
    outer loop
      vertex 7.5 0.729641 -5.54218
      vertex 7.5 0.208841 -1.58631
      vertex 7.5 0.312144 -1.56926
    endloop
  endfacet
  facet normal -1 0 0
    outer loop
      vertex 7.5 0.365603 -5.57803
      vertex 7.5 0.104645 -1.59657
      vertex 7.5 0.208841 -1.58631
    endloop
  endfacet
  facet normal -1 0 0
    outer loop
      vertex 7.5 0 -5.59
      vertex 7.5 0.104645 -1.59657
      vertex 7.5 0.365603 -5.57803
    endloop
  endfacet
  facet normal -1 0 0
    outer loop
      vertex 7.5 0 -5.59
      vertex 7.5 0 -1.6
      vertex 7.5 0.104645 -1.59657
    endloop
  endfacet
  facet normal -1 0 0
    outer loop
      vertex 7.5 0 -5.59
      vertex 7.5 -0.104645 -1.59657
      vertex 7.5 0 -1.6
    endloop
  endfacet
  facet normal -1 0 0
    outer loop
      vertex 7.5 -0.365603 -5.57803
      vertex 7.5 -0.104645 -1.59657
      vertex 7.5 0 -5.59
    endloop
  endfacet
  facet normal -1 -0 0
    outer loop
      vertex 7.5 -0.104645 -1.59657
      vertex 7.5 -0.365603 -5.57803
      vertex 7.5 -0.208841 -1.58631
    endloop
  endfacet
  facet normal -1 0 0
    outer loop
      vertex 7.5 -0.729641 -5.54218
      vertex 7.5 -0.208841 -1.58631
      vertex 7.5 -0.365603 -5.57803
    endloop
  endfacet
  facet normal -1 -0 0
    outer loop
      vertex 7.5 -0.208841 -1.58631
      vertex 7.5 -0.729641 -5.54218
      vertex 7.5 -0.312144 -1.56926
    endloop
  endfacet
  facet normal -1 0 0
    outer loop
      vertex 7.5 -1.09055 -5.48259
      vertex 7.5 -0.312144 -1.56926
      vertex 7.5 -0.729641 -5.54218
    endloop
  endfacet
  facet normal -1 -0 0
    outer loop
      vertex 7.5 -0.312144 -1.56926
      vertex 7.5 -1.09055 -5.48259
      vertex 7.5 -0.41411 -1.54548
    endloop
  endfacet
  facet normal -1 0 0
    outer loop
      vertex 7.5 -1.4468 -5.39952
      vertex 7.5 -0.41411 -1.54548
      vertex 7.5 -1.09055 -5.48259
    endloop
  endfacet
  facet normal -1 -0 0
    outer loop
      vertex 7.5 -0.41411 -1.54548
      vertex 7.5 -1.4468 -5.39952
      vertex 7.5 -0.514302 -1.51509
    endloop
  endfacet
  facet normal -1 0 0
    outer loop
      vertex 7.5 -1.79685 -5.29334
      vertex 7.5 -0.514302 -1.51509
      vertex 7.5 -1.4468 -5.39952
    endloop
  endfacet
  facet normal -1 -0 0
    outer loop
      vertex 7.5 -0.514302 -1.51509
      vertex 7.5 -1.79685 -5.29334
      vertex 7.5 -0.612293 -1.47821
    endloop
  endfacet
  facet normal -1 0 0
    outer loop
      vertex 7.5 -2.1392 -5.16449
      vertex 7.5 -0.612293 -1.47821
      vertex 7.5 -1.79685 -5.29334
    endloop
  endfacet
  facet normal -1 -0 0
    outer loop
      vertex 7.5 -0.612293 -1.47821
      vertex 7.5 -2.1392 -5.16449
      vertex 7.5 -0.707662 -1.435
    endloop
  endfacet
  facet normal -1 0 0
    outer loop
      vertex 7.5 -2.47239 -5.01352
      vertex 7.5 -0.707662 -1.435
      vertex 7.5 -2.1392 -5.16449
    endloop
  endfacet
  facet normal -1 -0 0
    outer loop
      vertex 7.5 -0.707662 -1.435
      vertex 7.5 -2.47239 -5.01352
      vertex 7.5 -0.799999 -1.38564
    endloop
  endfacet
  facet normal -1 0 0
    outer loop
      vertex 7.5 -2.795 -4.84108
      vertex 7.5 -0.799999 -1.38564
      vertex 7.5 -2.47239 -5.01352
    endloop
  endfacet
  facet normal -1 -0 0
    outer loop
      vertex 7.5 -0.799999 -1.38564
      vertex 7.5 -2.795 -4.84108
      vertex 7.5 -0.888912 -1.33035
    endloop
  endfacet
  facet normal -1 0 0
    outer loop
      vertex 7.5 -3.10564 -4.64791
      vertex 7.5 -0.888912 -1.33035
      vertex 7.5 -2.795 -4.84108
    endloop
  endfacet
  facet normal -1 -0 0
    outer loop
      vertex 7.5 -0.888912 -1.33035
      vertex 7.5 -3.10564 -4.64791
      vertex 7.5 -0.974018 -1.26937
    endloop
  endfacet
  facet normal -1 0 0
    outer loop
      vertex 7.5 -3.40298 -4.43484
      vertex 7.5 -0.974018 -1.26937
      vertex 7.5 -3.10564 -4.64791
    endloop
  endfacet
  facet normal -1 -0 0
    outer loop
      vertex 7.5 -0.974018 -1.26937
      vertex 7.5 -3.40298 -4.43484
      vertex 7.5 -1.05495 -1.20294
    endloop
  endfacet
  facet normal -1 0 0
    outer loop
      vertex 7.5 -3.68574 -4.20278
      vertex 7.5 -1.05495 -1.20294
      vertex 7.5 -3.40298 -4.43484
    endloop
  endfacet
  facet normal -1 -0 0
    outer loop
      vertex 7.5 -1.05495 -1.20294
      vertex 7.5 -3.68574 -4.20278
      vertex 7.5 -1.13137 -1.13137
    endloop
  endfacet
  facet normal -1 0 0
    outer loop
      vertex 7.5 -3.95273 -3.95273
      vertex 7.5 -1.13137 -1.13137
      vertex 7.5 -3.68574 -4.20278
    endloop
  endfacet
  facet normal -1 -0 0
    outer loop
      vertex 7.5 -1.13137 -1.13137
      vertex 7.5 -3.95273 -3.95273
      vertex 7.5 -1.20294 -1.05495
    endloop
  endfacet
  facet normal -1 0 0
    outer loop
      vertex 7.5 -4.20278 -3.68574
      vertex 7.5 -1.20294 -1.05495
      vertex 7.5 -3.95273 -3.95273
    endloop
  endfacet
  facet normal -1 -0 0
    outer loop
      vertex 7.5 -1.20294 -1.05495
      vertex 7.5 -4.20278 -3.68574
      vertex 7.5 -1.26937 -0.974018
    endloop
  endfacet
  facet normal -1 0 0
    outer loop
      vertex 7.5 -4.43484 -3.40298
      vertex 7.5 -1.26937 -0.974018
      vertex 7.5 -4.20278 -3.68574
    endloop
  endfacet
  facet normal -1 -0 0
    outer loop
      vertex 7.5 -1.26937 -0.974018
      vertex 7.5 -4.43484 -3.40298
      vertex 7.5 -1.33035 -0.888912
    endloop
  endfacet
  facet normal -1 0 0
    outer loop
      vertex 7.5 1.26937 0.974018
      vertex 7.5 4.43484 3.40298
      vertex 7.5 1.33035 0.888912
    endloop
  endfacet
  facet normal -1 -0 0
    outer loop
      vertex 7.5 4.43484 3.40298
      vertex 7.5 1.26937 0.974018
      vertex 7.5 4.20278 3.68574
    endloop
  endfacet
  facet normal -1 0 0
    outer loop
      vertex 7.5 1.20294 1.05495
      vertex 7.5 4.20278 3.68574
      vertex 7.5 1.26937 0.974018
    endloop
  endfacet
  facet normal -1 -0 0
    outer loop
      vertex 7.5 4.20278 3.68574
      vertex 7.5 1.20294 1.05495
      vertex 7.5 3.95273 3.95273
    endloop
  endfacet
  facet normal -1 0 0
    outer loop
      vertex 7.5 1.13137 1.13137
      vertex 7.5 3.95273 3.95273
      vertex 7.5 1.20294 1.05495
    endloop
  endfacet
  facet normal -1 -0 0
    outer loop
      vertex 7.5 3.95273 3.95273
      vertex 7.5 1.13137 1.13137
      vertex 7.5 3.68574 4.20278
    endloop
  endfacet
  facet normal -1 0 0
    outer loop
      vertex 7.5 1.05495 1.20294
      vertex 7.5 3.68574 4.20278
      vertex 7.5 1.13137 1.13137
    endloop
  endfacet
  facet normal -1 -0 0
    outer loop
      vertex 7.5 3.68574 4.20278
      vertex 7.5 1.05495 1.20294
      vertex 7.5 3.40298 4.43484
    endloop
  endfacet
  facet normal -1 0 0
    outer loop
      vertex 7.5 0.974018 1.26937
      vertex 7.5 3.40298 4.43484
      vertex 7.5 1.05495 1.20294
    endloop
  endfacet
  facet normal -1 -0 0
    outer loop
      vertex 7.5 3.40298 4.43484
      vertex 7.5 0.974018 1.26937
      vertex 7.5 3.10564 4.64791
    endloop
  endfacet
  facet normal -1 0 0
    outer loop
      vertex 7.5 0.888912 1.33035
      vertex 7.5 3.10564 4.64791
      vertex 7.5 0.974018 1.26937
    endloop
  endfacet
  facet normal -1 -0 0
    outer loop
      vertex 7.5 3.10564 4.64791
      vertex 7.5 0.888912 1.33035
      vertex 7.5 2.795 4.84108
    endloop
  endfacet
  facet normal -1 0 0
    outer loop
      vertex 7.5 0.799999 1.38564
      vertex 7.5 2.795 4.84108
      vertex 7.5 0.888912 1.33035
    endloop
  endfacet
  facet normal -1 -0 0
    outer loop
      vertex 7.5 2.795 4.84108
      vertex 7.5 0.799999 1.38564
      vertex 7.5 2.47239 5.01352
    endloop
  endfacet
  facet normal -1 0 0
    outer loop
      vertex 7.5 0.707662 1.435
      vertex 7.5 2.47239 5.01352
      vertex 7.5 0.799999 1.38564
    endloop
  endfacet
  facet normal -1 -0 0
    outer loop
      vertex 7.5 2.47239 5.01352
      vertex 7.5 0.707662 1.435
      vertex 7.5 2.1392 5.16449
    endloop
  endfacet
  facet normal -1 0 0
    outer loop
      vertex 7.5 0.612293 1.47821
      vertex 7.5 2.1392 5.16449
      vertex 7.5 0.707662 1.435
    endloop
  endfacet
  facet normal -1 -0 0
    outer loop
      vertex 7.5 2.1392 5.16449
      vertex 7.5 0.612293 1.47821
      vertex 7.5 1.79685 5.29334
    endloop
  endfacet
  facet normal -1 0 0
    outer loop
      vertex 7.5 0.514302 1.51509
      vertex 7.5 1.79685 5.29334
      vertex 7.5 0.612293 1.47821
    endloop
  endfacet
  facet normal -1 -0 0
    outer loop
      vertex 7.5 1.79685 5.29334
      vertex 7.5 0.514302 1.51509
      vertex 7.5 1.4468 5.39952
    endloop
  endfacet
  facet normal -1 0 0
    outer loop
      vertex 7.5 0.41411 1.54548
      vertex 7.5 1.4468 5.39952
      vertex 7.5 0.514302 1.51509
    endloop
  endfacet
  facet normal -1 -0 0
    outer loop
      vertex 7.5 1.4468 5.39952
      vertex 7.5 0.41411 1.54548
      vertex 7.5 1.09055 5.48259
    endloop
  endfacet
  facet normal -1 0 0
    outer loop
      vertex 7.5 0.312144 1.56926
      vertex 7.5 1.09055 5.48259
      vertex 7.5 0.41411 1.54548
    endloop
  endfacet
  facet normal -1 -0 0
    outer loop
      vertex 7.5 1.09055 5.48259
      vertex 7.5 0.312144 1.56926
      vertex 7.5 0.729641 5.54218
    endloop
  endfacet
  facet normal -1 0 0
    outer loop
      vertex 7.5 0.208841 1.58631
      vertex 7.5 0.729641 5.54218
      vertex 7.5 0.312144 1.56926
    endloop
  endfacet
  facet normal -1 -0 0
    outer loop
      vertex 7.5 0.729641 5.54218
      vertex 7.5 0.208841 1.58631
      vertex 7.5 0.365603 5.57803
    endloop
  endfacet
  facet normal -1 0 0
    outer loop
      vertex 7.5 0.104645 1.59657
      vertex 7.5 0.365603 5.57803
      vertex 7.5 0.208841 1.58631
    endloop
  endfacet
  facet normal -1 0 0
    outer loop
      vertex 7.5 0 1.6
      vertex 7.5 0.365603 5.57803
      vertex 7.5 0.104645 1.59657
    endloop
  endfacet
  facet normal -1 0 0
    outer loop
      vertex 7.5 0 1.6
      vertex 7.5 0 5.59
      vertex 7.5 0.365603 5.57803
    endloop
  endfacet
  facet normal -1 0 0
    outer loop
      vertex 7.5 -0.104645 1.59657
      vertex 7.5 0 5.59
      vertex 7.5 0 1.6
    endloop
  endfacet
  facet normal -1 0 0
    outer loop
      vertex 7.5 -0.365603 5.57803
      vertex 7.5 -0.104645 1.59657
      vertex 7.5 -0.208841 1.58631
    endloop
  endfacet
  facet normal -1 0 0
    outer loop
      vertex 7.5 -0.729641 5.54218
      vertex 7.5 -0.208841 1.58631
      vertex 7.5 -0.312144 1.56926
    endloop
  endfacet
  facet normal -1 0 0
    outer loop
      vertex 7.5 -0.104645 1.59657
      vertex 7.5 -0.365603 5.57803
      vertex 7.5 0 5.59
    endloop
  endfacet
  facet normal -1 0 0
    outer loop
      vertex 7.5 -1.09055 5.48259
      vertex 7.5 -0.312144 1.56926
      vertex 7.5 -0.41411 1.54548
    endloop
  endfacet
  facet normal -1 0 0
    outer loop
      vertex 7.5 -1.4468 5.39952
      vertex 7.5 -0.41411 1.54548
      vertex 7.5 -0.514302 1.51509
    endloop
  endfacet
  facet normal -1 0 0
    outer loop
      vertex 7.5 -1.79685 5.29334
      vertex 7.5 -0.514302 1.51509
      vertex 7.5 -0.612293 1.47821
    endloop
  endfacet
  facet normal -1 0 0
    outer loop
      vertex 7.5 -2.1392 5.16449
      vertex 7.5 -0.612293 1.47821
      vertex 7.5 -0.707662 1.435
    endloop
  endfacet
  facet normal -1 0 0
    outer loop
      vertex 7.5 -0.208841 1.58631
      vertex 7.5 -0.729641 5.54218
      vertex 7.5 -0.365603 5.57803
    endloop
  endfacet
  facet normal -1 0 0
    outer loop
      vertex 7.5 -2.47239 5.01352
      vertex 7.5 -0.707662 1.435
      vertex 7.5 -0.799999 1.38564
    endloop
  endfacet
  facet normal -1 0 0
    outer loop
      vertex 7.5 -2.795 4.84108
      vertex 7.5 -0.799999 1.38564
      vertex 7.5 -0.888912 1.33035
    endloop
  endfacet
  facet normal -1 0 0
    outer loop
      vertex 7.5 -3.10564 4.64791
      vertex 7.5 -0.888912 1.33035
      vertex 7.5 -0.974018 1.26937
    endloop
  endfacet
  facet normal -1 0 0
    outer loop
      vertex 7.5 -3.40298 4.43484
      vertex 7.5 -0.974018 1.26937
      vertex 7.5 -1.05495 1.20294
    endloop
  endfacet
  facet normal -1 0 0
    outer loop
      vertex 7.5 -0.312144 1.56926
      vertex 7.5 -1.09055 5.48259
      vertex 7.5 -0.729641 5.54218
    endloop
  endfacet
  facet normal -1 0 0
    outer loop
      vertex 7.5 -3.68574 4.20278
      vertex 7.5 -1.05495 1.20294
      vertex 7.5 -1.13137 1.13137
    endloop
  endfacet
  facet normal -1 0 0
    outer loop
      vertex 7.5 -3.95273 3.95273
      vertex 7.5 -1.13137 1.13137
      vertex 7.5 -1.20294 1.05495
    endloop
  endfacet
  facet normal -1 0 0
    outer loop
      vertex 7.5 -4.20278 3.68574
      vertex 7.5 -1.20294 1.05495
      vertex 7.5 -1.26937 0.974018
    endloop
  endfacet
  facet normal -1 0 0
    outer loop
      vertex 7.5 -4.43484 3.40298
      vertex 7.5 -1.26937 0.974018
      vertex 7.5 -1.33035 0.888912
    endloop
  endfacet
  facet normal -1 0 0
    outer loop
      vertex 7.5 -4.64791 3.10564
      vertex 7.5 -1.33035 0.888912
      vertex 7.5 -1.38564 0.799999
    endloop
  endfacet
  facet normal -1 0 0
    outer loop
      vertex 7.5 -4.84108 2.795
      vertex 7.5 -1.38564 0.799999
      vertex 7.5 -1.435 0.707662
    endloop
  endfacet
  facet normal -1 0 0
    outer loop
      vertex 7.5 -0.41411 1.54548
      vertex 7.5 -1.4468 5.39952
      vertex 7.5 -1.09055 5.48259
    endloop
  endfacet
  facet normal -1 0 0
    outer loop
      vertex 7.5 -5.01352 2.47239
      vertex 7.5 -1.435 0.707662
      vertex 7.5 -1.47821 0.612293
    endloop
  endfacet
  facet normal -1 0 0
    outer loop
      vertex 7.5 -5.16449 2.1392
      vertex 7.5 -1.47821 0.612293
      vertex 7.5 -1.51509 0.514302
    endloop
  endfacet
  facet normal -1 0 0
    outer loop
      vertex 7.5 -5.29334 1.79685
      vertex 7.5 -1.51509 0.514302
      vertex 7.5 -1.54548 0.41411
    endloop
  endfacet
  facet normal -1 0 0
    outer loop
      vertex 7.5 -5.39952 1.4468
      vertex 7.5 -1.54548 0.41411
      vertex 7.5 -1.56926 0.312144
    endloop
  endfacet
  facet normal -1 0 0
    outer loop
      vertex 7.5 -5.48259 1.09055
      vertex 7.5 -1.56926 0.312144
      vertex 7.5 -1.58631 0.208841
    endloop
  endfacet
  facet normal -1 0 0
    outer loop
      vertex 7.5 -5.54218 0.729641
      vertex 7.5 -1.58631 0.208841
      vertex 7.5 -1.59657 0.104645
    endloop
  endfacet
  facet normal -1 0 0
    outer loop
      vertex 7.5 -5.57803 0.365603
      vertex 7.5 -1.59657 0.104645
      vertex 7.5 -1.6 0
    endloop
  endfacet
  facet normal -1 0 0
    outer loop
      vertex 7.5 -4.64791 -3.10564
      vertex 7.5 -1.33035 -0.888912
      vertex 7.5 -4.43484 -3.40298
    endloop
  endfacet
  facet normal -1 0 0
    outer loop
      vertex 7.5 -0.514302 1.51509
      vertex 7.5 -1.79685 5.29334
      vertex 7.5 -1.4468 5.39952
    endloop
  endfacet
  facet normal -1 -0 0
    outer loop
      vertex 7.5 -1.33035 -0.888912
      vertex 7.5 -4.64791 -3.10564
      vertex 7.5 -1.38564 -0.799999
    endloop
  endfacet
  facet normal -1 0 0
    outer loop
      vertex 7.5 -0.612293 1.47821
      vertex 7.5 -2.1392 5.16449
      vertex 7.5 -1.79685 5.29334
    endloop
  endfacet
  facet normal -1 0 0
    outer loop
      vertex 7.5 -4.84108 -2.795
      vertex 7.5 -1.38564 -0.799999
      vertex 7.5 -4.64791 -3.10564
    endloop
  endfacet
  facet normal -1 0 0
    outer loop
      vertex 7.5 -0.707662 1.435
      vertex 7.5 -2.47239 5.01352
      vertex 7.5 -2.1392 5.16449
    endloop
  endfacet
  facet normal -1 -0 0
    outer loop
      vertex 7.5 -1.38564 -0.799999
      vertex 7.5 -4.84108 -2.795
      vertex 7.5 -1.435 -0.707662
    endloop
  endfacet
  facet normal -1 0 0
    outer loop
      vertex 7.5 -0.799999 1.38564
      vertex 7.5 -2.795 4.84108
      vertex 7.5 -2.47239 5.01352
    endloop
  endfacet
  facet normal -1 0 0
    outer loop
      vertex 7.5 -5.01352 -2.47239
      vertex 7.5 -1.435 -0.707662
      vertex 7.5 -4.84108 -2.795
    endloop
  endfacet
  facet normal -1 0 0
    outer loop
      vertex 7.5 -0.888912 1.33035
      vertex 7.5 -3.10564 4.64791
      vertex 7.5 -2.795 4.84108
    endloop
  endfacet
  facet normal -1 -0 0
    outer loop
      vertex 7.5 -1.435 -0.707662
      vertex 7.5 -5.01352 -2.47239
      vertex 7.5 -1.47821 -0.612293
    endloop
  endfacet
  facet normal -1 0 0
    outer loop
      vertex 7.5 -0.974018 1.26937
      vertex 7.5 -3.40298 4.43484
      vertex 7.5 -3.10564 4.64791
    endloop
  endfacet
  facet normal -1 0 0
    outer loop
      vertex 7.5 -5.16449 -2.1392
      vertex 7.5 -1.47821 -0.612293
      vertex 7.5 -5.01352 -2.47239
    endloop
  endfacet
  facet normal -1 0 0
    outer loop
      vertex 7.5 -1.05495 1.20294
      vertex 7.5 -3.68574 4.20278
      vertex 7.5 -3.40298 4.43484
    endloop
  endfacet
  facet normal -1 -0 0
    outer loop
      vertex 7.5 -1.47821 -0.612293
      vertex 7.5 -5.16449 -2.1392
      vertex 7.5 -1.51509 -0.514302
    endloop
  endfacet
  facet normal -1 0 0
    outer loop
      vertex 7.5 -1.13137 1.13137
      vertex 7.5 -3.95273 3.95273
      vertex 7.5 -3.68574 4.20278
    endloop
  endfacet
  facet normal -1 0 0
    outer loop
      vertex 7.5 -5.29334 -1.79685
      vertex 7.5 -1.51509 -0.514302
      vertex 7.5 -5.16449 -2.1392
    endloop
  endfacet
  facet normal -1 0 0
    outer loop
      vertex 7.5 -1.20294 1.05495
      vertex 7.5 -4.20278 3.68574
      vertex 7.5 -3.95273 3.95273
    endloop
  endfacet
  facet normal -1 -0 0
    outer loop
      vertex 7.5 -1.51509 -0.514302
      vertex 7.5 -5.29334 -1.79685
      vertex 7.5 -1.54548 -0.41411
    endloop
  endfacet
  facet normal -1 0 0
    outer loop
      vertex 7.5 -1.26937 0.974018
      vertex 7.5 -4.43484 3.40298
      vertex 7.5 -4.20278 3.68574
    endloop
  endfacet
  facet normal -1 0 0
    outer loop
      vertex 7.5 -5.39952 -1.4468
      vertex 7.5 -1.54548 -0.41411
      vertex 7.5 -5.29334 -1.79685
    endloop
  endfacet
  facet normal -1 0 0
    outer loop
      vertex 7.5 -1.33035 0.888912
      vertex 7.5 -4.64791 3.10564
      vertex 7.5 -4.43484 3.40298
    endloop
  endfacet
  facet normal -1 -0 0
    outer loop
      vertex 7.5 -1.54548 -0.41411
      vertex 7.5 -5.39952 -1.4468
      vertex 7.5 -1.56926 -0.312144
    endloop
  endfacet
  facet normal -1 0 0
    outer loop
      vertex 7.5 -1.38564 0.799999
      vertex 7.5 -4.84108 2.795
      vertex 7.5 -4.64791 3.10564
    endloop
  endfacet
  facet normal -1 0 0
    outer loop
      vertex 7.5 -5.48259 -1.09055
      vertex 7.5 -1.56926 -0.312144
      vertex 7.5 -5.39952 -1.4468
    endloop
  endfacet
  facet normal -1 0 0
    outer loop
      vertex 7.5 -1.435 0.707662
      vertex 7.5 -5.01352 2.47239
      vertex 7.5 -4.84108 2.795
    endloop
  endfacet
  facet normal -1 -0 0
    outer loop
      vertex 7.5 -1.56926 -0.312144
      vertex 7.5 -5.48259 -1.09055
      vertex 7.5 -1.58631 -0.208841
    endloop
  endfacet
  facet normal -1 0 0
    outer loop
      vertex 7.5 -1.47821 0.612293
      vertex 7.5 -5.16449 2.1392
      vertex 7.5 -5.01352 2.47239
    endloop
  endfacet
  facet normal -1 0 0
    outer loop
      vertex 7.5 -5.54218 -0.729641
      vertex 7.5 -1.58631 -0.208841
      vertex 7.5 -5.48259 -1.09055
    endloop
  endfacet
  facet normal -1 0 0
    outer loop
      vertex 7.5 -1.51509 0.514302
      vertex 7.5 -5.29334 1.79685
      vertex 7.5 -5.16449 2.1392
    endloop
  endfacet
  facet normal -1 -0 0
    outer loop
      vertex 7.5 -1.58631 -0.208841
      vertex 7.5 -5.54218 -0.729641
      vertex 7.5 -1.59657 -0.104645
    endloop
  endfacet
  facet normal -1 0 0
    outer loop
      vertex 7.5 -1.54548 0.41411
      vertex 7.5 -5.39952 1.4468
      vertex 7.5 -5.29334 1.79685
    endloop
  endfacet
  facet normal -1 0 0
    outer loop
      vertex 7.5 -5.57803 -0.365603
      vertex 7.5 -1.59657 -0.104645
      vertex 7.5 -5.54218 -0.729641
    endloop
  endfacet
  facet normal -1 0 0
    outer loop
      vertex 7.5 -1.56926 0.312144
      vertex 7.5 -5.48259 1.09055
      vertex 7.5 -5.39952 1.4468
    endloop
  endfacet
  facet normal -1 -0 0
    outer loop
      vertex 7.5 -1.59657 -0.104645
      vertex 7.5 -5.57803 -0.365603
      vertex 7.5 -1.6 0
    endloop
  endfacet
  facet normal -1 0 0
    outer loop
      vertex 7.5 -1.58631 0.208841
      vertex 7.5 -5.54218 0.729641
      vertex 7.5 -5.48259 1.09055
    endloop
  endfacet
  facet normal -1 0 0
    outer loop
      vertex 7.5 -5.59 0
      vertex 7.5 -1.6 0
      vertex 7.5 -5.57803 -0.365603
    endloop
  endfacet
  facet normal -1 0 0
    outer loop
      vertex 7.5 -1.59657 0.104645
      vertex 7.5 -5.57803 0.365603
      vertex 7.5 -5.54218 0.729641
    endloop
  endfacet
  facet normal -1 0 0
    outer loop
      vertex 7.5 -1.6 0
      vertex 7.5 -5.59 0
      vertex 7.5 -5.57803 0.365603
    endloop
  endfacet
  facet normal -0.706917 -0.115249 -0.697844
    outer loop
      vertex 7.5 -0.729641 -5.54218
      vertex 11.0839 -1.78973 -8.9976
      vertex 7.51749 -0.862716 -5.53792
    endloop
  endfacet
  facet normal -0.706931 -0.115451 -0.697797
    outer loop
      vertex 11.5 -1.83081 -9.41235
      vertex 11.0839 -1.78973 -8.9976
      vertex 7.5 -0.729641 -5.54218
    endloop
  endfacet
  facet normal -0.70694 -0.115175 -0.697833
    outer loop
      vertex 11.0839 -1.78973 -8.9976
      vertex 11.5 -1.83081 -9.41235
      vertex 11.5 -1.87092 -9.40573
    endloop
  endfacet
  facet normal -0.706814 -0.115239 -0.69795
    outer loop
      vertex 7.51749 -0.862716 -5.53792
      vertex 7.5 -1.09055 -5.48259
      vertex 7.5 -0.729641 -5.54218
    endloop
  endfacet
  facet normal -0.706646 -0.115291 -0.698112
    outer loop
      vertex 7.5 -1.09055 -5.48259
      vertex 7.51749 -0.862716 -5.53792
      vertex 7.50599 -1.09172 -5.48846
    endloop
  endfacet
  facet normal -1 0 0
    outer loop
      vertex 7.5 -5.39953 -1.4468
      vertex 7.5 -5.48259 -1.09055
      vertex 7.5 -5.39952 -1.4468
    endloop
  endfacet
  facet normal -0.706654 -0.689078 -0.160659
    outer loop
      vertex 7.5 -5.48259 -1.09055
      vertex 7.5 -5.39953 -1.4468
      vertex 7.50599 -5.48846 -1.09172
    endloop
  endfacet
  facet normal -0.706942 -0.688816 -0.160516
    outer loop
      vertex 11.5 -9.40573 -1.87092
      vertex 11.0839 -8.9976 -1.78973
      vertex 11.5 -9.39955 -1.89744
    endloop
  endfacet
  facet normal -0.706918 0.448701 0.546749
    outer loop
      vertex 11.5 6.29171 7.23593
      vertex 7.5 3.40298 4.43484
      vertex 11.5 5.83802 7.60826
    endloop
  endfacet
  facet normal -0.706918 -0.448701 0.546749
    outer loop
      vertex 11.5 -5.83802 7.60826
      vertex 7.5 -3.40298 4.43484
      vertex 11.5 -6.29171 7.23593
    endloop
  endfacet
  facet normal -0.70692 0.249186 0.661945
    outer loop
      vertex 11.5 3.66993 8.86
      vertex 8.60866 2.30546 6.28586
      vertex 11.5 3.63189 8.87432
    endloop
  endfacet
  facet normal -0.706917 0.249141 0.661965
    outer loop
      vertex 7.5 2.1392 5.16449
      vertex 8.60866 2.30546 6.28586
      vertex 11.5 3.66993 8.86
    endloop
  endfacet
  facet normal -0.706918 0.249123 0.66197
    outer loop
      vertex 7.5 2.1392 5.16449
      vertex 7.75775 2.08428 5.46041
      vertex 8.60866 2.30546 6.28586
    endloop
  endfacet
  facet normal -0.706915 0.249134 0.661969
    outer loop
      vertex 7.5 2.1392 5.16449
      vertex 7.51749 2.02183 5.22734
      vertex 7.75775 2.08428 5.46041
    endloop
  endfacet
  facet normal -0.706938 0.24912 0.66195
    outer loop
      vertex 7.5 2.1392 5.16449
      vertex 7.51436 1.96116 5.24683
      vertex 7.51749 2.02183 5.22734
    endloop
  endfacet
  facet normal -0.706826 0.249175 0.662049
    outer loop
      vertex 7.5 1.79685 5.29334
      vertex 7.51436 1.96116 5.24683
      vertex 7.5 2.1392 5.16449
    endloop
  endfacet
  facet normal -0.706878 0.249165 0.661997
    outer loop
      vertex 7.51436 1.96116 5.24683
      vertex 7.5 1.79685 5.29334
      vertex 7.50603 1.79961 5.29874
    endloop
  endfacet
  facet normal -0.706647 -0.678076 0.202148
    outer loop
      vertex 7.50599 -5.29901 1.79877
      vertex 7.5 -5.29334 1.79685
      vertex 7.50598 -5.29925 1.79793
    endloop
  endfacet
  facet normal -0.706926 -0.676847 0.205263
    outer loop
      vertex 11.5 -9.08106 3.0826
      vertex 11.0839 -8.68703 2.94885
      vertex 11.5 -9.08896 3.05655
    endloop
  endfacet
  facet normal -0.706952 -0.707077 0.0161235
    outer loop
      vertex 7.50599 -5.58401 0.365995
      vertex 7.5 -5.57803 0.365603
      vertex 7.50598 -5.58402 0.365118
    endloop
  endfacet
  facet normal -0.706943 -0.706892 0.0231163
    outer loop
      vertex 11.5 -9.56947 0.627215
      vertex 11.0839 -9.15423 0.599999
      vertex 11.5 -9.57036 0.599999
    endloop
  endfacet
  facet normal -0.707218 0.483283 0.516024
    outer loop
      vertex 7.5 3.95273 3.95273
      vertex 7.5 3.68574 4.20278
      vertex 7.50599 3.68969 4.20729
    endloop
  endfacet
  facet normal -0.706945 0.483479 0.516214
    outer loop
      vertex 11.5 6.343 7.19153
      vertex 11.0839 6.04875 6.89728
      vertex 11.5 6.32313 7.21014
    endloop
  endfacet
  facet normal -0.707164 -0.0638608 -0.70416
    outer loop
      vertex 7.50603 -0.366879 -5.58397
      vertex 7.5 -0.365603 -5.57803
      vertex 7.50599 -0.365995 -5.58401
    endloop
  endfacet
  facet normal -0.706944 -0.0693277 -0.703864
    outer loop
      vertex 11.5 -1.2113 -9.51194
      vertex 11.0839 -0.599999 -9.15423
      vertex 11.5 -0.627215 -9.56947
    endloop
  endfacet
  facet normal -0.706916 -0.0692901 -0.703896
    outer loop
      vertex 11.0839 -0.599999 -9.15423
      vertex 11.5 -1.2113 -9.51194
      vertex 8.60866 -0.599999 -6.66837
    endloop
  endfacet
  facet normal -0.707445 0.574459 0.411726
    outer loop
      vertex 7.5 4.64791 3.10564
      vertex 7.51749 4.52594 3.30587
      vertex 7.50599 4.6529 3.10897
    endloop
  endfacet
  facet normal -0.707029 0.574833 0.411918
    outer loop
      vertex 7.51749 4.52594 3.30587
      vertex 7.5 4.64791 3.10564
      vertex 7.5 4.43484 3.40298
    endloop
  endfacet
  facet normal -0.706938 0.574957 0.411902
    outer loop
      vertex 11.0839 7.6278 5.09673
      vertex 11.5 7.95012 5.36096
      vertex 11.5 7.97379 5.32792
    endloop
  endfacet
  facet normal -0.706913 0.57491 0.412011
    outer loop
      vertex 7.5 4.43484 3.40298
      vertex 11.0839 7.6278 5.09673
      vertex 7.51749 4.52594 3.30587
    endloop
  endfacet
  facet normal -0.706933 0.575061 0.411766
    outer loop
      vertex 11.0839 7.6278 5.09673
      vertex 7.5 4.43484 3.40298
      vertex 11.5 7.95012 5.36096
    endloop
  endfacet
  facet normal -0.707164 -0.70416 -0.0638608
    outer loop
      vertex 7.50599 -5.58401 -0.365995
      vertex 7.5 -5.57803 -0.365603
      vertex 7.50603 -5.58397 -0.366879
    endloop
  endfacet
  facet normal -0.706916 -0.703896 -0.0692901
    outer loop
      vertex 11.5 -9.51194 -1.2113
      vertex 11.0839 -9.15423 -0.599999
      vertex 8.60866 -6.66837 -0.599999
    endloop
  endfacet
  facet normal -0.706944 -0.703864 -0.0693277
    outer loop
      vertex 11.0839 -9.15423 -0.599999
      vertex 11.5 -9.51194 -1.2113
      vertex 11.5 -9.56947 -0.627215
    endloop
  endfacet
  facet normal -0.706952 0.707077 -0.0161235
    outer loop
      vertex 7.50599 5.58401 -0.365995
      vertex 7.5 5.57803 -0.365603
      vertex 7.50598 5.58402 -0.365118
    endloop
  endfacet
  facet normal -0.706943 0.706892 -0.0231163
    outer loop
      vertex 11.5 9.56947 -0.627215
      vertex 11.0839 9.15423 -0.599999
      vertex 11.5 9.57036 -0.599999
    endloop
  endfacet
  facet normal -1 0 0
    outer loop
      vertex 7.5 -1.4468 5.39953
      vertex 7.5 -1.09055 5.48259
      vertex 7.5 -1.4468 5.39952
    endloop
  endfacet
  facet normal -0.706654 -0.160659 0.689078
    outer loop
      vertex 7.5 -1.09055 5.48259
      vertex 7.5 -1.4468 5.39953
      vertex 7.50599 -1.09172 5.48846
    endloop
  endfacet
  facet normal -0.706942 -0.160516 0.688816
    outer loop
      vertex 11.5 -1.87092 9.40573
      vertex 11.0839 -1.78973 8.9976
      vertex 11.5 -1.89744 9.39955
    endloop
  endfacet
  facet normal -0.70694 0.697833 0.115175
    outer loop
      vertex 11.5 9.41235 1.83081
      vertex 11.0839 8.9976 1.78973
      vertex 11.5 9.40573 1.87092
    endloop
  endfacet
  facet normal -0.706931 0.697797 0.115451
    outer loop
      vertex 7.5 5.54218 0.729641
      vertex 11.0839 8.9976 1.78973
      vertex 11.5 9.41235 1.83081
    endloop
  endfacet
  facet normal -0.706917 0.697844 0.115249
    outer loop
      vertex 7.5 5.54218 0.729641
      vertex 7.51749 5.53792 0.862716
      vertex 11.0839 8.9976 1.78973
    endloop
  endfacet
  facet normal -0.706814 0.69795 0.115239
    outer loop
      vertex 7.5 5.48259 1.09055
      vertex 7.51749 5.53792 0.862716
      vertex 7.5 5.54218 0.729641
    endloop
  endfacet
  facet normal -0.706646 0.698112 0.115291
    outer loop
      vertex 7.51749 5.53792 0.862716
      vertex 7.5 5.48259 1.09055
      vertex 7.50599 5.48846 1.09172
    endloop
  endfacet
  facet normal -0.706952 -0.0161235 0.707077
    outer loop
      vertex 7.50598 -0.365118 5.58402
      vertex 7.5 -0.365603 5.57803
      vertex 7.50599 -0.365995 5.58401
    endloop
  endfacet
  facet normal -0.706943 -0.0231163 0.706892
    outer loop
      vertex 11.5 -0.599999 9.57036
      vertex 11.0839 -0.599999 9.15423
      vertex 11.5 -0.627215 9.56947
    endloop
  endfacet
  facet normal -0.706569 -0.0231562 0.707265
    outer loop
      vertex 7.50598 -0.365118 5.58402
      vertex 7.5 0 5.59
      vertex 7.5 -0.365603 5.57803
    endloop
  endfacet
  facet normal -0.706935 0.640344 0.300338
    outer loop
      vertex 7.50603 5.0193 2.47426
      vertex 7.5 5.01352 2.47239
      vertex 7.50599 5.01889 2.47504
    endloop
  endfacet
  facet normal -0.706946 0.644224 0.291895
    outer loop
      vertex 11.5 8.84323 3.70696
      vertex 11.0839 8.22779 4.0575
      vertex 11.5 8.60101 4.24155
    endloop
  endfacet
  facet normal -0.706915 0.644234 0.291949
    outer loop
      vertex 11.0839 8.22779 4.0575
      vertex 11.5 8.84323 3.70696
      vertex 8.60866 6.07498 2.81457
    endloop
  endfacet
  facet normal -0.70697 -0.623732 -0.333394
    outer loop
      vertex 7.5 -4.84108 -2.795
      vertex 7.50598 -5.01847 -2.47581
      vertex 7.5 -5.01352 -2.47239
    endloop
  endfacet
  facet normal -0.706925 0.291786 -0.644296
    outer loop
      vertex 11.5 3.66993 -8.86
      vertex 8.60866 2.81457 -6.07498
      vertex 11.5 3.70696 -8.84323
    endloop
  endfacet
  facet normal -0.706917 0.29191 -0.64425
    outer loop
      vertex 7.5 2.1392 -5.16449
      vertex 8.60866 2.81457 -6.07498
      vertex 11.5 3.66993 -8.86
    endloop
  endfacet
  facet normal -0.706918 0.29192 -0.644243
    outer loop
      vertex 8.60866 2.81457 -6.07498
      vertex 7.5 2.1392 -5.16449
      vertex 7.75775 2.38729 -5.3349
    endloop
  endfacet
  facet normal -0.706911 0.291903 -0.644259
    outer loop
      vertex 7.75775 2.38729 -5.3349
      vertex 7.5 2.1392 -5.16449
      vertex 7.51749 2.26664 -5.12594
    endloop
  endfacet
  facet normal -0.707496 0.29158 -0.643763
    outer loop
      vertex 7.51436 2.32332 -5.09682
      vertex 7.5 2.47239 -5.01352
      vertex 7.50603 2.47426 -5.0193
    endloop
  endfacet
  facet normal -0.707048 0.291879 -0.64412
    outer loop
      vertex 7.5 2.1392 -5.16449
      vertex 7.51436 2.32332 -5.09682
      vertex 7.51749 2.26664 -5.12594
    endloop
  endfacet
  facet normal -0.70689 0.291923 -0.644273
    outer loop
      vertex 7.51436 2.32332 -5.09682
      vertex 7.5 2.1392 -5.16449
      vertex 7.5 2.47239 -5.01352
    endloop
  endfacet
  facet normal -0.706945 0.448731 -0.546689
    outer loop
      vertex 11.5 6.29171 -7.23593
      vertex 11.0839 6.04875 -6.89728
      vertex 11.5 6.32313 -7.21014
    endloop
  endfacet
  facet normal -0.706936 0.448945 -0.546525
    outer loop
      vertex 7.5 3.40298 -4.43484
      vertex 11.0839 6.04875 -6.89728
      vertex 11.5 6.29171 -7.23593
    endloop
  endfacet
  facet normal -0.706914 0.448701 -0.546754
    outer loop
      vertex 11.0839 6.04875 -6.89728
      vertex 7.5 3.40298 -4.43484
      vertex 7.51749 3.5161 -4.36462
    endloop
  endfacet
  facet normal -0.707232 0.448479 -0.546525
    outer loop
      vertex 7.51749 3.5161 -4.36462
      vertex 7.5 3.68574 -4.20278
      vertex 7.50599 3.68969 -4.20729
    endloop
  endfacet
  facet normal -0.706968 0.448678 -0.546704
    outer loop
      vertex 7.5 3.68574 -4.20278
      vertex 7.51749 3.5161 -4.36462
      vertex 7.5 3.40298 -4.43484
    endloop
  endfacet
  facet normal -0.707496 -0.643763 -0.29158
    outer loop
      vertex 7.51436 -5.09682 -2.32332
      vertex 7.5 -5.01352 -2.47239
      vertex 7.50603 -5.0193 -2.47426
    endloop
  endfacet
  facet normal -0.707048 -0.64412 -0.291879
    outer loop
      vertex 7.5 -5.16449 -2.1392
      vertex 7.51436 -5.09682 -2.32332
      vertex 7.51749 -5.12594 -2.26664
    endloop
  endfacet
  facet normal -0.70689 -0.644273 -0.291923
    outer loop
      vertex 7.51436 -5.09682 -2.32332
      vertex 7.5 -5.16449 -2.1392
      vertex 7.5 -5.01352 -2.47239
    endloop
  endfacet
  facet normal -0.706911 -0.644259 -0.291903
    outer loop
      vertex 7.75775 -5.3349 -2.38729
      vertex 7.5 -5.16449 -2.1392
      vertex 7.51749 -5.12594 -2.26664
    endloop
  endfacet
  facet normal -0.706918 -0.644243 -0.29192
    outer loop
      vertex 8.60866 -6.07498 -2.81457
      vertex 7.5 -5.16449 -2.1392
      vertex 7.75775 -5.3349 -2.38729
    endloop
  endfacet
  facet normal -0.706925 -0.644296 -0.291786
    outer loop
      vertex 11.5 -8.86 -3.66993
      vertex 8.60866 -6.07498 -2.81457
      vertex 11.5 -8.84323 -3.70696
    endloop
  endfacet
  facet normal -0.706917 -0.64425 -0.29191
    outer loop
      vertex 8.60866 -6.07498 -2.81457
      vertex 11.5 -8.86 -3.66993
      vertex 7.5 -5.16449 -2.1392
    endloop
  endfacet
  facet normal -0.706729 0.66305 -0.246777
    outer loop
      vertex 7.50603 5.29874 -1.79961
      vertex 7.5 5.29334 -1.79685
      vertex 7.50599 5.29901 -1.79877
    endloop
  endfacet
  facet normal -0.706927 0.661953 -0.249144
    outer loop
      vertex 11.5 8.87432 -3.63189
      vertex 11.0839 8.68703 -2.94885
      vertex 11.5 9.08106 -3.0826
    endloop
  endfacet
  facet normal -0.706916 0.661968 -0.249133
    outer loop
      vertex 11.0839 8.68703 -2.94885
      vertex 11.5 8.87432 -3.63189
      vertex 8.60866 6.28586 -2.30546
    endloop
  endfacet
  facet normal -0.706918 -0.546749 -0.448701
    outer loop
      vertex 11.5 -7.60826 -5.83802
      vertex 7.5 -4.43484 -3.40298
      vertex 11.5 -7.23593 -6.29171
    endloop
  endfacet
  facet normal -0.706729 0.246777 0.66305
    outer loop
      vertex 7.50603 1.79961 5.29874
      vertex 7.5 1.79685 5.29334
      vertex 7.50599 1.79877 5.29901
    endloop
  endfacet
  facet normal -0.706927 0.249144 0.661953
    outer loop
      vertex 11.5 3.63189 8.87432
      vertex 11.0839 2.94885 8.68703
      vertex 11.5 3.0826 9.08106
    endloop
  endfacet
  facet normal -0.706916 0.249133 0.661968
    outer loop
      vertex 11.0839 2.94885 8.68703
      vertex 11.5 3.63189 8.87432
      vertex 8.60866 2.30546 6.28586
    endloop
  endfacet
  facet normal -0.706647 0.202148 0.678076
    outer loop
      vertex 7.50599 1.79877 5.29901
      vertex 7.5 1.79685 5.29334
      vertex 7.50598 1.79793 5.29925
    endloop
  endfacet
  facet normal -0.706926 0.205263 0.676847
    outer loop
      vertex 11.5 3.0826 9.08106
      vertex 11.0839 2.94885 8.68703
      vertex 11.5 3.05655 9.08896
    endloop
  endfacet
  facet normal -0.707218 -0.516024 -0.483283
    outer loop
      vertex 7.5 -4.20278 -3.68574
      vertex 7.5 -3.95273 -3.95273
      vertex 7.50599 -4.20729 -3.68969
    endloop
  endfacet
  facet normal -0.706945 -0.516214 -0.483479
    outer loop
      vertex 11.5 -7.21014 -6.32313
      vertex 11.0839 -6.89728 -6.04875
      vertex 11.5 -7.19153 -6.343
    endloop
  endfacet
  facet normal -0.707496 0.29158 0.643763
    outer loop
      vertex 7.5 2.47239 5.01352
      vertex 7.51436 2.32332 5.09682
      vertex 7.50603 2.47426 5.0193
    endloop
  endfacet
  facet normal -0.70689 0.291923 0.644273
    outer loop
      vertex 7.5 2.1392 5.16449
      vertex 7.51436 2.32332 5.09682
      vertex 7.5 2.47239 5.01352
    endloop
  endfacet
  facet normal -0.707048 0.291879 0.64412
    outer loop
      vertex 7.51436 2.32332 5.09682
      vertex 7.5 2.1392 5.16449
      vertex 7.51749 2.26664 5.12594
    endloop
  endfacet
  facet normal -0.706925 0.291786 0.644296
    outer loop
      vertex 8.60866 2.81457 6.07498
      vertex 11.5 3.66993 8.86
      vertex 11.5 3.70696 8.84323
    endloop
  endfacet
  facet normal -0.706918 0.29192 0.644243
    outer loop
      vertex 7.5 2.1392 5.16449
      vertex 8.60866 2.81457 6.07498
      vertex 7.75775 2.38729 5.3349
    endloop
  endfacet
  facet normal -0.706911 0.291903 0.644259
    outer loop
      vertex 7.5 2.1392 5.16449
      vertex 7.75775 2.38729 5.3349
      vertex 7.51749 2.26664 5.12594
    endloop
  endfacet
  facet normal -0.706917 0.29191 0.64425
    outer loop
      vertex 8.60866 2.81457 6.07498
      vertex 7.5 2.1392 5.16449
      vertex 11.5 3.66993 8.86
    endloop
  endfacet
  facet normal -0.707445 -0.411726 0.574459
    outer loop
      vertex 7.5 -3.10564 4.64791
      vertex 7.51749 -3.30587 4.52594
      vertex 7.50599 -3.10897 4.6529
    endloop
  endfacet
  facet normal -0.707029 -0.411918 0.574833
    outer loop
      vertex 7.5 -3.40298 4.43484
      vertex 7.51749 -3.30587 4.52594
      vertex 7.5 -3.10564 4.64791
    endloop
  endfacet
  facet normal -0.706913 -0.412011 0.57491
    outer loop
      vertex 7.5 -3.40298 4.43484
      vertex 11.0839 -5.09673 7.6278
      vertex 7.51749 -3.30587 4.52594
    endloop
  endfacet
  facet normal -0.706933 -0.411766 0.575061
    outer loop
      vertex 11.5 -5.36096 7.95012
      vertex 11.0839 -5.09673 7.6278
      vertex 7.5 -3.40298 4.43484
    endloop
  endfacet
  facet normal -0.706938 -0.411902 0.574957
    outer loop
      vertex 11.0839 -5.09673 7.6278
      vertex 11.5 -5.36096 7.95012
      vertex 11.5 -5.32792 7.97379
    endloop
  endfacet
  facet normal -0.706914 0.703901 -0.0692589
    outer loop
      vertex 11.5 9.50796 -1.25175
      vertex 8.60866 6.66837 -0.599999
      vertex 11.5 9.51194 -1.2113
    endloop
  endfacet
  facet normal -0.706917 0.703892 -0.06931
    outer loop
      vertex 7.5 5.54218 -0.729641
      vertex 8.60866 6.66837 -0.599999
      vertex 11.5 9.50796 -1.25175
    endloop
  endfacet
  facet normal -0.706918 0.703892 -0.0693067
    outer loop
      vertex 8.60866 6.66837 -0.599999
      vertex 7.5 5.54218 -0.729641
      vertex 7.51749 5.57251 -0.599999
    endloop
  endfacet
  facet normal -0.70749 0.703312 -0.0693539
    outer loop
      vertex 7.51749 5.57251 -0.599999
      vertex 7.5 5.57803 -0.365603
      vertex 7.50603 5.58397 -0.366879
    endloop
  endfacet
  facet normal -0.706874 0.703935 -0.0693226
    outer loop
      vertex 7.5 5.57803 -0.365603
      vertex 7.51749 5.57251 -0.599999
      vertex 7.5 5.54218 -0.729641
    endloop
  endfacet
  facet normal -0.706646 -0.698112 0.115291
    outer loop
      vertex 7.5 -5.48259 1.09055
      vertex 7.51749 -5.53792 0.862716
      vertex 7.50599 -5.48846 1.09172
    endloop
  endfacet
  facet normal -0.706814 -0.69795 0.115239
    outer loop
      vertex 7.5 -5.54218 0.729641
      vertex 7.51749 -5.53792 0.862716
      vertex 7.5 -5.48259 1.09055
    endloop
  endfacet
  facet normal -0.706917 -0.697844 0.115249
    outer loop
      vertex 7.5 -5.54218 0.729641
      vertex 11.0839 -8.9976 1.78973
      vertex 7.51749 -5.53792 0.862716
    endloop
  endfacet
  facet normal -0.706931 -0.697797 0.115451
    outer loop
      vertex 11.5 -9.41235 1.83081
      vertex 11.0839 -8.9976 1.78973
      vertex 7.5 -5.54218 0.729641
    endloop
  endfacet
  facet normal -0.70694 -0.697833 0.115175
    outer loop
      vertex 11.0839 -8.9976 1.78973
      vertex 11.5 -9.41235 1.83081
      vertex 11.5 -9.40573 1.87092
    endloop
  endfacet
  facet normal -0.706917 0.697848 0.115223
    outer loop
      vertex 11.5 9.50796 1.25175
      vertex 7.5 5.54218 0.729641
      vertex 11.5 9.41235 1.83081
    endloop
  endfacet
  facet normal -0.706569 0.707265 -0.0231562
    outer loop
      vertex 7.5 5.59 0
      vertex 7.50598 5.58402 -0.365118
      vertex 7.5 5.57803 -0.365603
    endloop
  endfacet
  facet normal -0.706935 0.640344 -0.300338
    outer loop
      vertex 7.50599 5.01889 -2.47504
      vertex 7.5 5.01352 -2.47239
      vertex 7.50603 5.0193 -2.47426
    endloop
  endfacet
  facet normal -0.706946 0.644224 -0.291895
    outer loop
      vertex 11.0839 8.22779 -4.0575
      vertex 11.5 8.84323 -3.70696
      vertex 11.5 8.60101 -4.24155
    endloop
  endfacet
  facet normal -0.706915 0.644234 -0.291949
    outer loop
      vertex 11.5 8.84323 -3.70696
      vertex 11.0839 8.22779 -4.0575
      vertex 8.60866 6.07498 -2.81457
    endloop
  endfacet
  facet normal -0.706935 -0.640344 -0.300338
    outer loop
      vertex 7.50603 -5.0193 -2.47426
      vertex 7.5 -5.01352 -2.47239
      vertex 7.50599 -5.01889 -2.47504
    endloop
  endfacet
  facet normal -0.706946 -0.644224 -0.291895
    outer loop
      vertex 11.5 -8.84323 -3.70696
      vertex 11.0839 -8.22779 -4.0575
      vertex 11.5 -8.60101 -4.24155
    endloop
  endfacet
  facet normal -0.706915 -0.644234 -0.291949
    outer loop
      vertex 11.0839 -8.22779 -4.0575
      vertex 11.5 -8.84323 -3.70696
      vertex 8.60866 -6.07498 -2.81457
    endloop
  endfacet
  facet normal -0.706918 -0.411987 0.574921
    outer loop
      vertex 11.5 -5.36096 7.95012
      vertex 7.5 -3.40298 4.43484
      vertex 11.5 -5.83802 7.60826
    endloop
  endfacet
  facet normal -0.706569 -0.707265 -0.0231562
    outer loop
      vertex 7.50598 -5.58402 -0.365118
      vertex 7.5 -5.59 0
      vertex 7.5 -5.57803 -0.365603
    endloop
  endfacet
  facet normal -0.706918 -0.0693067 -0.703892
    outer loop
      vertex 8.60866 -0.599999 -6.66837
      vertex 7.5 -0.729641 -5.54218
      vertex 7.51749 -0.599999 -5.57251
    endloop
  endfacet
  facet normal -0.706914 -0.0692589 -0.703901
    outer loop
      vertex 11.5 -1.25175 -9.50796
      vertex 8.60866 -0.599999 -6.66837
      vertex 11.5 -1.2113 -9.51194
    endloop
  endfacet
  facet normal -0.706917 -0.06931 -0.703892
    outer loop
      vertex 8.60866 -0.599999 -6.66837
      vertex 11.5 -1.25175 -9.50796
      vertex 7.5 -0.729641 -5.54218
    endloop
  endfacet
  facet normal -0.70749 -0.0693539 -0.703312
    outer loop
      vertex 7.51749 -0.599999 -5.57251
      vertex 7.5 -0.365603 -5.57803
      vertex 7.50603 -0.366879 -5.58397
    endloop
  endfacet
  facet normal -0.706874 -0.0693226 -0.703935
    outer loop
      vertex 7.5 -0.365603 -5.57803
      vertex 7.51749 -0.599999 -5.57251
      vertex 7.5 -0.729641 -5.54218
    endloop
  endfacet
  facet normal -0.706918 -0.574921 -0.411987
    outer loop
      vertex 11.5 -7.95012 -5.36096
      vertex 7.5 -4.43484 -3.40298
      vertex 11.5 -7.60826 -5.83802
    endloop
  endfacet
  facet normal -0.707232 -0.546525 -0.448479
    outer loop
      vertex 7.51749 -4.36462 -3.5161
      vertex 7.5 -4.20278 -3.68574
      vertex 7.50599 -4.20729 -3.68969
    endloop
  endfacet
  facet normal -0.706968 -0.546704 -0.448678
    outer loop
      vertex 7.51749 -4.36462 -3.5161
      vertex 7.5 -4.43484 -3.40298
      vertex 7.5 -4.20278 -3.68574
    endloop
  endfacet
  facet normal -0.706914 -0.546754 -0.448701
    outer loop
      vertex 11.0839 -6.89728 -6.04875
      vertex 7.5 -4.43484 -3.40298
      vertex 7.51749 -4.36462 -3.5161
    endloop
  endfacet
  facet normal -0.706945 -0.546689 -0.448731
    outer loop
      vertex 11.5 -7.23593 -6.29171
      vertex 11.0839 -6.89728 -6.04875
      vertex 11.5 -7.21014 -6.32313
    endloop
  endfacet
  facet normal -0.706936 -0.546525 -0.448945
    outer loop
      vertex 11.0839 -6.89728 -6.04875
      vertex 11.5 -7.23593 -6.29171
      vertex 7.5 -4.43484 -3.40298
    endloop
  endfacet
  facet normal -0.706952 -0.707077 -0.0161235
    outer loop
      vertex 7.50598 -5.58402 -0.365118
      vertex 7.5 -5.57803 -0.365603
      vertex 7.50599 -5.58401 -0.365995
    endloop
  endfacet
  facet normal -0.706943 -0.706892 -0.0231163
    outer loop
      vertex 11.5 -9.57036 -0.599999
      vertex 11.0839 -9.15423 -0.599999
      vertex 11.5 -9.56947 -0.627215
    endloop
  endfacet
  facet normal -0.706918 0.546749 -0.448701
    outer loop
      vertex 11.5 7.23593 -6.29171
      vertex 7.5 4.43484 -3.40298
      vertex 11.5 7.60826 -5.83802
    endloop
  endfacet
  facet normal -0.707164 -0.70416 0.0638608
    outer loop
      vertex 7.50603 -5.58397 0.366879
      vertex 7.5 -5.57803 0.365603
      vertex 7.50599 -5.58401 0.365995
    endloop
  endfacet
  facet normal -0.706916 -0.703896 0.0692901
    outer loop
      vertex 11.0839 -9.15423 0.599999
      vertex 11.5 -9.51194 1.2113
      vertex 8.60866 -6.66837 0.599999
    endloop
  endfacet
  facet normal -0.706944 -0.703864 0.0693277
    outer loop
      vertex 11.5 -9.51194 1.2113
      vertex 11.0839 -9.15423 0.599999
      vertex 11.5 -9.56947 0.627215
    endloop
  endfacet
  facet normal -0.707048 -0.291879 0.64412
    outer loop
      vertex 7.5 -2.1392 5.16449
      vertex 7.51436 -2.32332 5.09682
      vertex 7.51749 -2.26664 5.12594
    endloop
  endfacet
  facet normal -0.70689 -0.291923 0.644273
    outer loop
      vertex 7.5 -2.47239 5.01352
      vertex 7.51436 -2.32332 5.09682
      vertex 7.5 -2.1392 5.16449
    endloop
  endfacet
  facet normal -0.707496 -0.29158 0.643763
    outer loop
      vertex 7.51436 -2.32332 5.09682
      vertex 7.5 -2.47239 5.01352
      vertex 7.50603 -2.47426 5.0193
    endloop
  endfacet
  facet normal -0.706911 -0.291903 0.644259
    outer loop
      vertex 7.75775 -2.38729 5.3349
      vertex 7.5 -2.1392 5.16449
      vertex 7.51749 -2.26664 5.12594
    endloop
  endfacet
  facet normal -0.706918 -0.29192 0.644243
    outer loop
      vertex 8.60866 -2.81457 6.07498
      vertex 7.5 -2.1392 5.16449
      vertex 7.75775 -2.38729 5.3349
    endloop
  endfacet
  facet normal -0.706917 -0.29191 0.64425
    outer loop
      vertex 8.60866 -2.81457 6.07498
      vertex 11.5 -3.66993 8.86
      vertex 7.5 -2.1392 5.16449
    endloop
  endfacet
  facet normal -0.706925 -0.291786 0.644296
    outer loop
      vertex 11.5 -3.66993 8.86
      vertex 8.60866 -2.81457 6.07498
      vertex 11.5 -3.70696 8.84323
    endloop
  endfacet
  facet normal -0.706914 0.0692589 -0.703901
    outer loop
      vertex 8.60866 0.599999 -6.66837
      vertex 11.5 1.25175 -9.50796
      vertex 11.5 1.2113 -9.51194
    endloop
  endfacet
  facet normal -0.706917 0.06931 -0.703892
    outer loop
      vertex 11.5 1.25175 -9.50796
      vertex 8.60866 0.599999 -6.66837
      vertex 7.5 0.729641 -5.54218
    endloop
  endfacet
  facet normal -0.706918 0.0693067 -0.703892
    outer loop
      vertex 7.51749 0.599999 -5.57251
      vertex 7.5 0.729641 -5.54218
      vertex 8.60866 0.599999 -6.66837
    endloop
  endfacet
  facet normal -0.70749 0.0693539 -0.703312
    outer loop
      vertex 7.5 0.365603 -5.57803
      vertex 7.51749 0.599999 -5.57251
      vertex 7.50603 0.366879 -5.58397
    endloop
  endfacet
  facet normal -0.706874 0.0693226 -0.703935
    outer loop
      vertex 7.51749 0.599999 -5.57251
      vertex 7.5 0.365603 -5.57803
      vertex 7.5 0.729641 -5.54218
    endloop
  endfacet
  facet normal -0.706851 -0.331625 -0.62481
    outer loop
      vertex 7.50598 -2.47581 -5.01847
      vertex 7.5 -2.47239 -5.01352
      vertex 7.50599 -2.47504 -5.01889
    endloop
  endfacet
  facet normal -0.706944 -0.333534 -0.623687
    outer loop
      vertex 11.5 -4.26556 -8.58817
      vertex 11.0839 -4.0575 -8.22779
      vertex 11.5 -4.24155 -8.60101
    endloop
  endfacet
  facet normal -0.706918 -0.411987 -0.574921
    outer loop
      vertex 11.5 -5.83802 -7.60826
      vertex 7.5 -3.40298 -4.43484
      vertex 11.5 -5.36096 -7.95012
    endloop
  endfacet
  facet normal -0.706918 -0.448701 -0.546749
    outer loop
      vertex 11.5 -6.29171 -7.23593
      vertex 7.5 -3.40298 -4.43484
      vertex 11.5 -5.83802 -7.60826
    endloop
  endfacet
  facet normal -0.706646 -0.698112 -0.115291
    outer loop
      vertex 7.51749 -5.53792 -0.862716
      vertex 7.5 -5.48259 -1.09055
      vertex 7.50599 -5.48846 -1.09172
    endloop
  endfacet
  facet normal -0.706814 -0.69795 -0.115239
    outer loop
      vertex 7.51749 -5.53792 -0.862716
      vertex 7.5 -5.54218 -0.729641
      vertex 7.5 -5.48259 -1.09055
    endloop
  endfacet
  facet normal -0.706917 -0.697844 -0.115249
    outer loop
      vertex 11.0839 -8.9976 -1.78973
      vertex 7.5 -5.54218 -0.729641
      vertex 7.51749 -5.53792 -0.862716
    endloop
  endfacet
  facet normal -0.70694 -0.697833 -0.115175
    outer loop
      vertex 11.5 -9.41235 -1.83081
      vertex 11.0839 -8.9976 -1.78973
      vertex 11.5 -9.40573 -1.87092
    endloop
  endfacet
  facet normal -0.706931 -0.697797 -0.115451
    outer loop
      vertex 11.0839 -8.9976 -1.78973
      vertex 11.5 -9.41235 -1.83081
      vertex 7.5 -5.54218 -0.729641
    endloop
  endfacet
  facet normal -0.70697 -0.333394 0.623732
    outer loop
      vertex 7.5 -2.795 4.84108
      vertex 7.50598 -2.47581 5.01847
      vertex 7.5 -2.47239 5.01352
    endloop
  endfacet
  facet normal -0.706647 -0.678076 -0.202148
    outer loop
      vertex 7.50598 -5.29925 -1.79793
      vertex 7.5 -5.29334 -1.79685
      vertex 7.50599 -5.29901 -1.79877
    endloop
  endfacet
  facet normal -0.706926 -0.676847 -0.205263
    outer loop
      vertex 11.5 -9.08896 -3.05655
      vertex 11.0839 -8.68703 -2.94885
      vertex 11.5 -9.08106 -3.0826
    endloop
  endfacet
  facet normal -0.706938 0.411902 0.574957
    outer loop
      vertex 11.5 5.36096 7.95012
      vertex 11.0839 5.09673 7.6278
      vertex 11.5 5.32792 7.97379
    endloop
  endfacet
  facet normal -0.706933 0.411766 0.575061
    outer loop
      vertex 7.5 3.40298 4.43484
      vertex 11.0839 5.09673 7.6278
      vertex 11.5 5.36096 7.95012
    endloop
  endfacet
  facet normal -0.706913 0.412011 0.57491
    outer loop
      vertex 7.5 3.40298 4.43484
      vertex 7.51749 3.30587 4.52594
      vertex 11.0839 5.09673 7.6278
    endloop
  endfacet
  facet normal -0.707029 0.411918 0.574833
    outer loop
      vertex 7.5 3.10564 4.64791
      vertex 7.51749 3.30587 4.52594
      vertex 7.5 3.40298 4.43484
    endloop
  endfacet
  facet normal -0.707445 0.411726 0.574459
    outer loop
      vertex 7.51749 3.30587 4.52594
      vertex 7.5 3.10564 4.64791
      vertex 7.50599 3.10897 4.6529
    endloop
  endfacet
  facet normal -0.706918 0.411987 0.574921
    outer loop
      vertex 11.5 5.83802 7.60826
      vertex 7.5 3.40298 4.43484
      vertex 11.5 5.36096 7.95012
    endloop
  endfacet
  facet normal -1 0 0
    outer loop
      vertex 7.5 -5.48259 1.09055
      vertex 7.5 -5.39953 1.4468
      vertex 7.5 -5.39952 1.4468
    endloop
  endfacet
  facet normal -0.706654 -0.689078 0.160659
    outer loop
      vertex 7.5 -5.39953 1.4468
      vertex 7.5 -5.48259 1.09055
      vertex 7.50599 -5.48846 1.09172
    endloop
  endfacet
  facet normal -0.706942 -0.688816 0.160516
    outer loop
      vertex 11.5 -9.39955 1.89744
      vertex 11.0839 -8.9976 1.78973
      vertex 11.5 -9.40573 1.87092
    endloop
  endfacet
  facet normal -0.70694 0.115175 -0.697833
    outer loop
      vertex 11.5 1.83081 -9.41235
      vertex 11.0839 1.78973 -8.9976
      vertex 11.5 1.87092 -9.40573
    endloop
  endfacet
  facet normal -0.706931 0.115451 -0.697797
    outer loop
      vertex 7.5 0.729641 -5.54218
      vertex 11.0839 1.78973 -8.9976
      vertex 11.5 1.83081 -9.41235
    endloop
  endfacet
  facet normal -0.706917 0.115249 -0.697844
    outer loop
      vertex 11.0839 1.78973 -8.9976
      vertex 7.5 0.729641 -5.54218
      vertex 7.51749 0.862716 -5.53792
    endloop
  endfacet
  facet normal -0.706646 0.115291 -0.698112
    outer loop
      vertex 7.51749 0.862716 -5.53792
      vertex 7.5 1.09055 -5.48259
      vertex 7.50599 1.09172 -5.48846
    endloop
  endfacet
  facet normal -0.706814 0.115239 -0.69795
    outer loop
      vertex 7.5 1.09055 -5.48259
      vertex 7.51749 0.862716 -5.53792
      vertex 7.5 0.729641 -5.54218
    endloop
  endfacet
  facet normal -0.707322 0.604143 -0.367023
    outer loop
      vertex 7.50599 4.6529 -3.10897
      vertex 7.5 4.64791 -3.10564
      vertex 7.50598 4.65335 -3.10821
    endloop
  endfacet
  facet normal -0.706935 0.600659 -0.373432
    outer loop
      vertex 11.5 7.97379 -5.32792
      vertex 11.0839 7.6278 -5.09673
      vertex 11.5 7.98817 -5.30479
    endloop
  endfacet
  facet normal -0.706952 0.0161235 -0.707077
    outer loop
      vertex 7.50598 0.365118 -5.58402
      vertex 7.5 0.365603 -5.57803
      vertex 7.50599 0.365995 -5.58401
    endloop
  endfacet
  facet normal -0.706943 0.0231163 -0.706892
    outer loop
      vertex 11.5 0.599999 -9.57036
      vertex 11.0839 0.599999 -9.15423
      vertex 11.5 0.627215 -9.56947
    endloop
  endfacet
  facet normal -0.706654 0.160659 -0.689078
    outer loop
      vertex 7.5 1.09055 -5.48259
      vertex 7.5 1.4468 -5.39953
      vertex 7.50599 1.09172 -5.48846
    endloop
  endfacet
  facet normal -1 -0 0
    outer loop
      vertex 7.5 1.4468 -5.39953
      vertex 7.5 1.09055 -5.48259
      vertex 7.5 1.4468 -5.39952
    endloop
  endfacet
  facet normal -0.706942 0.160516 -0.688816
    outer loop
      vertex 11.5 1.87092 -9.40573
      vertex 11.0839 1.78973 -8.9976
      vertex 11.5 1.89744 -9.39955
    endloop
  endfacet
  facet normal -0.999855 0 0.0170283
    outer loop
      vertex 7.5 5.39952 1.4468
      vertex 7.50598 5.29925 1.79793
      vertex 7.5 5.39953 1.4468
    endloop
  endfacet
  facet normal -0.706458 0.677283 0.205439
    outer loop
      vertex 7.50598 5.29925 1.79793
      vertex 7.5 5.39952 1.4468
      vertex 7.5 5.29334 1.79685
    endloop
  endfacet
  facet normal -0.706918 0.448701 -0.546749
    outer loop
      vertex 11.5 5.83802 -7.60826
      vertex 7.5 3.40298 -4.43484
      vertex 11.5 6.29171 -7.23593
    endloop
  endfacet
  facet normal -0.70697 0.623732 -0.333394
    outer loop
      vertex 7.50598 5.01847 -2.47581
      vertex 7.5 4.84108 -2.795
      vertex 7.5 5.01352 -2.47239
    endloop
  endfacet
  facet normal -0.706729 -0.66305 -0.246777
    outer loop
      vertex 7.50599 -5.29901 -1.79877
      vertex 7.5 -5.29334 -1.79685
      vertex 7.50603 -5.29874 -1.79961
    endloop
  endfacet
  facet normal -0.706916 -0.661968 -0.249133
    outer loop
      vertex 11.5 -8.87432 -3.63189
      vertex 11.0839 -8.68703 -2.94885
      vertex 8.60866 -6.28586 -2.30546
    endloop
  endfacet
  facet normal -0.706927 -0.661953 -0.249144
    outer loop
      vertex 11.0839 -8.68703 -2.94885
      vertex 11.5 -8.87432 -3.63189
      vertex 11.5 -9.08106 -3.0826
    endloop
  endfacet
  facet normal -0.706654 -0.160659 -0.689078
    outer loop
      vertex 7.5 -1.4468 -5.39953
      vertex 7.5 -1.09055 -5.48259
      vertex 7.50599 -1.09172 -5.48846
    endloop
  endfacet
  facet normal -1 0 0
    outer loop
      vertex 7.5 -1.09055 -5.48259
      vertex 7.5 -1.4468 -5.39953
      vertex 7.5 -1.4468 -5.39952
    endloop
  endfacet
  facet normal -0.706942 -0.160516 -0.688816
    outer loop
      vertex 11.5 -1.89744 -9.39955
      vertex 11.0839 -1.78973 -8.9976
      vertex 11.5 -1.87092 -9.40573
    endloop
  endfacet
  facet normal -0.706925 0.644296 0.291786
    outer loop
      vertex 11.5 8.86 3.66993
      vertex 8.60866 6.07498 2.81457
      vertex 11.5 8.84323 3.70696
    endloop
  endfacet
  facet normal -0.706917 0.64425 0.29191
    outer loop
      vertex 7.5 5.16449 2.1392
      vertex 8.60866 6.07498 2.81457
      vertex 11.5 8.86 3.66993
    endloop
  endfacet
  facet normal -0.706918 0.644243 0.29192
    outer loop
      vertex 8.60866 6.07498 2.81457
      vertex 7.5 5.16449 2.1392
      vertex 7.75775 5.3349 2.38729
    endloop
  endfacet
  facet normal -0.706911 0.644259 0.291903
    outer loop
      vertex 7.5 5.16449 2.1392
      vertex 7.51749 5.12594 2.26664
      vertex 7.75775 5.3349 2.38729
    endloop
  endfacet
  facet normal -0.707048 0.64412 0.291879
    outer loop
      vertex 7.5 5.16449 2.1392
      vertex 7.51436 5.09682 2.32332
      vertex 7.51749 5.12594 2.26664
    endloop
  endfacet
  facet normal -0.70689 0.644273 0.291923
    outer loop
      vertex 7.5 5.01352 2.47239
      vertex 7.51436 5.09682 2.32332
      vertex 7.5 5.16449 2.1392
    endloop
  endfacet
  facet normal -0.707496 0.643763 0.29158
    outer loop
      vertex 7.51436 5.09682 2.32332
      vertex 7.5 5.01352 2.47239
      vertex 7.50603 5.0193 2.47426
    endloop
  endfacet
  facet normal -0.706917 0.373503 -0.600636
    outer loop
      vertex 7.50598 3.10821 -4.65335
      vertex 7.5 2.795 -4.84108
      vertex 7.5 3.10564 -4.64791
    endloop
  endfacet
  facet normal -0.706917 -0.600636 0.373503
    outer loop
      vertex 7.5 -4.84108 2.795
      vertex 7.50598 -4.65335 3.10821
      vertex 7.5 -4.64791 3.10564
    endloop
  endfacet
  facet normal -0.706918 0.411987 -0.574921
    outer loop
      vertex 11.5 5.36096 -7.95012
      vertex 7.5 3.40298 -4.43484
      vertex 11.5 5.83802 -7.60826
    endloop
  endfacet
  facet normal -0.706729 0.246777 -0.66305
    outer loop
      vertex 7.50599 1.79877 -5.29901
      vertex 7.5 1.79685 -5.29334
      vertex 7.50603 1.79961 -5.29874
    endloop
  endfacet
  facet normal -0.706927 0.249144 -0.661953
    outer loop
      vertex 11.0839 2.94885 -8.68703
      vertex 11.5 3.63189 -8.87432
      vertex 11.5 3.0826 -9.08106
    endloop
  endfacet
  facet normal -0.706916 0.249133 -0.661968
    outer loop
      vertex 11.5 3.63189 -8.87432
      vertex 11.0839 2.94885 -8.68703
      vertex 8.60866 2.30546 -6.28586
    endloop
  endfacet
  facet normal -0.707322 -0.604143 -0.367023
    outer loop
      vertex 7.50598 -4.65335 -3.10821
      vertex 7.5 -4.64791 -3.10564
      vertex 7.50599 -4.6529 -3.10897
    endloop
  endfacet
  facet normal -0.706935 -0.600659 -0.373432
    outer loop
      vertex 11.5 -7.98817 -5.30479
      vertex 11.0839 -7.6278 -5.09673
      vertex 11.5 -7.97379 -5.32792
    endloop
  endfacet
  facet normal -0.707232 -0.546525 0.448479
    outer loop
      vertex 7.5 -4.20278 3.68574
      vertex 7.51749 -4.36462 3.5161
      vertex 7.50599 -4.20729 3.68969
    endloop
  endfacet
  facet normal -0.706968 -0.546704 0.448678
    outer loop
      vertex 7.5 -4.43484 3.40298
      vertex 7.51749 -4.36462 3.5161
      vertex 7.5 -4.20278 3.68574
    endloop
  endfacet
  facet normal -0.706914 -0.546754 0.448701
    outer loop
      vertex 7.5 -4.43484 3.40298
      vertex 11.0839 -6.89728 6.04875
      vertex 7.51749 -4.36462 3.5161
    endloop
  endfacet
  facet normal -0.706936 -0.546525 0.448945
    outer loop
      vertex 11.5 -7.23593 6.29171
      vertex 11.0839 -6.89728 6.04875
      vertex 7.5 -4.43484 3.40298
    endloop
  endfacet
  facet normal -0.706945 -0.546689 0.448731
    outer loop
      vertex 11.0839 -6.89728 6.04875
      vertex 11.5 -7.23593 6.29171
      vertex 11.5 -7.21014 6.32313
    endloop
  endfacet
  facet normal -0.706952 0.707077 0.0161235
    outer loop
      vertex 7.50598 5.58402 0.365118
      vertex 7.5 5.57803 0.365603
      vertex 7.50599 5.58401 0.365995
    endloop
  endfacet
  facet normal -0.706943 0.706892 0.0231163
    outer loop
      vertex 11.5 9.57036 0.599999
      vertex 11.0839 9.15423 0.599999
      vertex 11.5 9.56947 0.627215
    endloop
  endfacet
  facet normal -0.706458 -0.677283 -0.205439
    outer loop
      vertex 7.50598 -5.29925 -1.79793
      vertex 7.5 -5.39952 -1.4468
      vertex 7.5 -5.29334 -1.79685
    endloop
  endfacet
  facet normal -0.999855 -0 -0.0170283
    outer loop
      vertex 7.5 -5.39952 -1.4468
      vertex 7.50598 -5.29925 -1.79793
      vertex 7.5 -5.39953 -1.4468
    endloop
  endfacet
  facet normal -0.706917 0.600636 0.373503
    outer loop
      vertex 7.50598 4.65335 3.10821
      vertex 7.5 4.84108 2.795
      vertex 7.5 4.64791 3.10564
    endloop
  endfacet
  facet normal -0.706938 0.411902 -0.574957
    outer loop
      vertex 11.0839 5.09673 -7.6278
      vertex 11.5 5.36096 -7.95012
      vertex 11.5 5.32792 -7.97379
    endloop
  endfacet
  facet normal -0.706933 0.411766 -0.575061
    outer loop
      vertex 11.0839 5.09673 -7.6278
      vertex 7.5 3.40298 -4.43484
      vertex 11.5 5.36096 -7.95012
    endloop
  endfacet
  facet normal -0.706913 0.412011 -0.57491
    outer loop
      vertex 7.51749 3.30587 -4.52594
      vertex 7.5 3.40298 -4.43484
      vertex 11.0839 5.09673 -7.6278
    endloop
  endfacet
  facet normal -0.707445 0.411726 -0.574459
    outer loop
      vertex 7.5 3.10564 -4.64791
      vertex 7.51749 3.30587 -4.52594
      vertex 7.50599 3.10897 -4.6529
    endloop
  endfacet
  facet normal -0.707029 0.411918 -0.574833
    outer loop
      vertex 7.51749 3.30587 -4.52594
      vertex 7.5 3.10564 -4.64791
      vertex 7.5 3.40298 -4.43484
    endloop
  endfacet
  facet normal -0.706918 -0.546749 0.448701
    outer loop
      vertex 11.5 -7.23593 6.29171
      vertex 7.5 -4.43484 3.40298
      vertex 11.5 -7.60826 5.83802
    endloop
  endfacet
  facet normal -0.706918 -0.574921 0.411987
    outer loop
      vertex 11.5 -7.60826 5.83802
      vertex 7.5 -4.43484 3.40298
      vertex 11.5 -7.95012 5.36096
    endloop
  endfacet
  facet normal -0.706938 0.574957 -0.411902
    outer loop
      vertex 11.5 7.95012 -5.36096
      vertex 11.0839 7.6278 -5.09673
      vertex 11.5 7.97379 -5.32792
    endloop
  endfacet
  facet normal -0.706933 0.575061 -0.411766
    outer loop
      vertex 7.5 4.43484 -3.40298
      vertex 11.0839 7.6278 -5.09673
      vertex 11.5 7.95012 -5.36096
    endloop
  endfacet
  facet normal -0.706913 0.57491 -0.412011
    outer loop
      vertex 11.0839 7.6278 -5.09673
      vertex 7.5 4.43484 -3.40298
      vertex 7.51749 4.52594 -3.30587
    endloop
  endfacet
  facet normal -0.707445 0.574459 -0.411726
    outer loop
      vertex 7.51749 4.52594 -3.30587
      vertex 7.5 4.64791 -3.10564
      vertex 7.50599 4.6529 -3.10897
    endloop
  endfacet
  facet normal -0.707029 0.574833 -0.411918
    outer loop
      vertex 7.5 4.64791 -3.10564
      vertex 7.51749 4.52594 -3.30587
      vertex 7.5 4.43484 -3.40298
    endloop
  endfacet
  facet normal -0.706917 0.600636 -0.373503
    outer loop
      vertex 7.5 4.84108 -2.795
      vertex 7.50598 4.65335 -3.10821
      vertex 7.5 4.64791 -3.10564
    endloop
  endfacet
  facet normal -0.706935 0.300338 -0.640344
    outer loop
      vertex 7.50603 2.47426 -5.0193
      vertex 7.5 2.47239 -5.01352
      vertex 7.50599 2.47504 -5.01889
    endloop
  endfacet
  facet normal -0.706946 0.291895 -0.644224
    outer loop
      vertex 11.5 3.70696 -8.84323
      vertex 11.0839 4.0575 -8.22779
      vertex 11.5 4.24155 -8.60101
    endloop
  endfacet
  facet normal -0.706915 0.291949 -0.644234
    outer loop
      vertex 11.0839 4.0575 -8.22779
      vertex 11.5 3.70696 -8.84323
      vertex 8.60866 2.81457 -6.07498
    endloop
  endfacet
  facet normal -0.707232 0.448479 0.546525
    outer loop
      vertex 7.5 3.68574 4.20278
      vertex 7.51749 3.5161 4.36462
      vertex 7.50599 3.68969 4.20729
    endloop
  endfacet
  facet normal -0.706968 0.448678 0.546704
    outer loop
      vertex 7.51749 3.5161 4.36462
      vertex 7.5 3.68574 4.20278
      vertex 7.5 3.40298 4.43484
    endloop
  endfacet
  facet normal -0.706945 0.448731 0.546689
    outer loop
      vertex 11.0839 6.04875 6.89728
      vertex 11.5 6.29171 7.23593
      vertex 11.5 6.32313 7.21014
    endloop
  endfacet
  facet normal -0.706914 0.448701 0.546754
    outer loop
      vertex 7.5 3.40298 4.43484
      vertex 11.0839 6.04875 6.89728
      vertex 7.51749 3.5161 4.36462
    endloop
  endfacet
  facet normal -0.706936 0.448945 0.546525
    outer loop
      vertex 11.0839 6.04875 6.89728
      vertex 7.5 3.40298 4.43484
      vertex 11.5 6.29171 7.23593
    endloop
  endfacet
  facet normal -0.706647 0.202148 -0.678076
    outer loop
      vertex 7.50598 1.79793 -5.29925
      vertex 7.5 1.79685 -5.29334
      vertex 7.50599 1.79877 -5.29901
    endloop
  endfacet
  facet normal -0.706926 0.205263 -0.676847
    outer loop
      vertex 11.5 3.05655 -9.08896
      vertex 11.0839 2.94885 -8.68703
      vertex 11.5 3.0826 -9.08106
    endloop
  endfacet
  facet normal -0.707218 0.483283 -0.516024
    outer loop
      vertex 7.5 3.68574 -4.20278
      vertex 7.5 3.95273 -3.95273
      vertex 7.50599 3.68969 -4.20729
    endloop
  endfacet
  facet normal -0.706945 0.483479 -0.516214
    outer loop
      vertex 11.5 6.32313 -7.21014
      vertex 11.0839 6.04875 -6.89728
      vertex 11.5 6.343 -7.19153
    endloop
  endfacet
  facet normal -0.999855 0 -0.0170283
    outer loop
      vertex 7.50598 5.29925 -1.79793
      vertex 7.5 5.39952 -1.4468
      vertex 7.5 5.39953 -1.4468
    endloop
  endfacet
  facet normal -0.706458 0.677283 -0.205439
    outer loop
      vertex 7.5 5.39952 -1.4468
      vertex 7.50598 5.29925 -1.79793
      vertex 7.5 5.29334 -1.79685
    endloop
  endfacet
  facet normal -0.706654 0.689078 -0.160659
    outer loop
      vertex 7.5 5.39953 -1.4468
      vertex 7.5 5.48259 -1.09055
      vertex 7.50599 5.48846 -1.09172
    endloop
  endfacet
  facet normal -1 0 0
    outer loop
      vertex 7.5 5.48259 -1.09055
      vertex 7.5 5.39953 -1.4468
      vertex 7.5 5.39952 -1.4468
    endloop
  endfacet
  facet normal -0.706942 0.688816 -0.160516
    outer loop
      vertex 11.5 9.39955 -1.89744
      vertex 11.0839 8.9976 -1.78973
      vertex 11.5 9.40573 -1.87092
    endloop
  endfacet
  facet normal -0.70697 0.333394 -0.623732
    outer loop
      vertex 7.5 2.795 -4.84108
      vertex 7.50598 2.47581 -5.01847
      vertex 7.5 2.47239 -5.01352
    endloop
  endfacet
  facet normal -0.706917 -0.600636 -0.373503
    outer loop
      vertex 7.50598 -4.65335 -3.10821
      vertex 7.5 -4.84108 -2.795
      vertex 7.5 -4.64791 -3.10564
    endloop
  endfacet
  facet normal -0.70697 -0.333394 -0.623732
    outer loop
      vertex 7.50598 -2.47581 -5.01847
      vertex 7.5 -2.795 -4.84108
      vertex 7.5 -2.47239 -5.01352
    endloop
  endfacet
  facet normal -0.706917 -0.373503 -0.600636
    outer loop
      vertex 7.5 -2.795 -4.84108
      vertex 7.50598 -3.10821 -4.65335
      vertex 7.5 -3.10564 -4.64791
    endloop
  endfacet
  facet normal 0 -0.0327638 0.999463
    outer loop
      vertex 11.5 0 12.5
      vertex 13 -0.817538 12.4732
      vertex 13 0 12.5
    endloop
  endfacet
  facet normal 0 -0.0327638 0.999463
    outer loop
      vertex 13 -0.817538 12.4732
      vertex 11.5 0 12.5
      vertex 11.5 -0.817538 12.4732
    endloop
  endfacet
  facet normal -0 0.097925 0.995194
    outer loop
      vertex 11.5 1.63158 12.3931
      vertex 13 0.817538 12.4732
      vertex 13 1.63158 12.3931
    endloop
  endfacet
  facet normal 0 0.097925 0.995194
    outer loop
      vertex 13 0.817538 12.4732
      vertex 11.5 1.63158 12.3931
      vertex 11.5 0.817538 12.4732
    endloop
  endfacet
  facet normal -0 0.0327638 0.999463
    outer loop
      vertex 11.5 0.817538 12.4732
      vertex 13 0 12.5
      vertex 13 0.817538 12.4732
    endloop
  endfacet
  facet normal 0 0.0327638 0.999463
    outer loop
      vertex 13 0 12.5
      vertex 11.5 0.817538 12.4732
      vertex 11.5 0 12.5
    endloop
  endfacet
  facet normal -0 0.634397 0.773008
    outer loop
      vertex 11.5 8.24182 9.398
      vertex 13 7.60952 9.91692
      vertex 13 8.24182 9.398
    endloop
  endfacet
  facet normal 0 0.634397 0.773008
    outer loop
      vertex 13 7.60952 9.91692
      vertex 11.5 8.24182 9.398
      vertex 11.5 7.60952 9.91692
    endloop
  endfacet
  facet normal 0 -0.352215 -0.935919
    outer loop
      vertex 11.5 -4.78354 -11.5485
      vertex 13 -4.01799 -11.8366
      vertex 13 -4.78354 -11.5485
    endloop
  endfacet
  facet normal -0 -0.352215 -0.935919
    outer loop
      vertex 13 -4.01799 -11.8366
      vertex 11.5 -4.78354 -11.5485
      vertex 11.5 -4.01799 -11.8366
    endloop
  endfacet
  facet normal 0 0.881917 0.471405
    outer loop
      vertex 13 11.2109 5.52861
      vertex 11.5 10.8253 6.25
      vertex 13 10.8253 6.25
    endloop
  endfacet
  facet normal 0 0.881917 0.471405
    outer loop
      vertex 11.5 10.8253 6.25
      vertex 13 11.2109 5.52861
      vertex 11.5 11.2109 5.52861
    endloop
  endfacet
  facet normal 0 -0.227026 -0.973889
    outer loop
      vertex 11.5 -3.23524 -12.0741
      vertex 13 -2.43863 -12.2598
      vertex 13 -3.23524 -12.0741
    endloop
  endfacet
  facet normal -0 -0.227026 -0.973889
    outer loop
      vertex 13 -2.43863 -12.2598
      vertex 11.5 -3.23524 -12.0741
      vertex 11.5 -2.43863 -12.2598
    endloop
  endfacet
  facet normal 0 0.773008 0.634397
    outer loop
      vertex 13 9.91692 7.60952
      vertex 11.5 9.398 8.24182
      vertex 13 9.398 8.24182
    endloop
  endfacet
  facet normal 0 0.773008 0.634397
    outer loop
      vertex 11.5 9.398 8.24182
      vertex 13 9.91692 7.60952
      vertex 11.5 9.91692 7.60952
    endloop
  endfacet
  facet normal 0 -0.910858 0.41272
    outer loop
      vertex 11.5 -11.5485 4.78354
      vertex 13 -11.2109 5.52861
      vertex 11.5 -11.2109 5.52861
    endloop
  endfacet
  facet normal 0 -0.910858 0.41272
    outer loop
      vertex 13 -11.2109 5.52861
      vertex 11.5 -11.5485 4.78354
      vertex 13 -11.5485 4.78354
    endloop
  endfacet
  facet normal 0 -0.995194 0.097925
    outer loop
      vertex 11.5 -12.4732 0.817538
      vertex 13 -12.3931 1.63158
      vertex 11.5 -12.3931 1.63158
    endloop
  endfacet
  facet normal 0 -0.995194 0.097925
    outer loop
      vertex 13 -12.3931 1.63158
      vertex 11.5 -12.4732 0.817538
      vertex 13 -12.4732 0.817538
    endloop
  endfacet
  facet normal 0 -0.973889 0.227026
    outer loop
      vertex 11.5 -12.2598 2.43863
      vertex 13 -12.0741 3.23524
      vertex 11.5 -12.0741 3.23524
    endloop
  endfacet
  facet normal 0 -0.973889 0.227026
    outer loop
      vertex 13 -12.0741 3.23524
      vertex 11.5 -12.2598 2.43863
      vertex 13 -12.2598 2.43863
    endloop
  endfacet
  facet normal 0 0.290347 -0.956922
    outer loop
      vertex 11.5 3.23524 -12.0741
      vertex 13 4.01799 -11.8366
      vertex 13 3.23524 -12.0741
    endloop
  endfacet
  facet normal 0 0.290347 -0.956922
    outer loop
      vertex 13 4.01799 -11.8366
      vertex 11.5 3.23524 -12.0741
      vertex 11.5 4.01799 -11.8366
    endloop
  endfacet
  facet normal 0 -0.935919 -0.352215
    outer loop
      vertex 11.5 -11.5485 -4.78354
      vertex 13 -11.8366 -4.01799
      vertex 11.5 -11.8366 -4.01799
    endloop
  endfacet
  facet normal 0 -0.935919 -0.352215
    outer loop
      vertex 13 -11.8366 -4.01799
      vertex 11.5 -11.5485 -4.78354
      vertex 13 -11.5485 -4.78354
    endloop
  endfacet
  facet normal 0 0.956922 -0.290347
    outer loop
      vertex 13 11.8366 -4.01799
      vertex 11.5 12.0741 -3.23524
      vertex 13 12.0741 -3.23524
    endloop
  endfacet
  facet normal 0 0.956922 -0.290347
    outer loop
      vertex 11.5 12.0741 -3.23524
      vertex 13 11.8366 -4.01799
      vertex 11.5 11.8366 -4.01799
    endloop
  endfacet
  facet normal 0 0.729859 -0.683598
    outer loop
      vertex 13 8.83883 -8.83883
      vertex 11.5 9.398 -8.24182
      vertex 13 9.398 -8.24182
    endloop
  endfacet
  facet normal 0 0.729859 -0.683598
    outer loop
      vertex 11.5 9.398 -8.24182
      vertex 13 8.83883 -8.83883
      vertex 11.5 8.83883 -8.83883
    endloop
  endfacet
  facet normal 0 -0.986632 0.162962
    outer loop
      vertex 11.5 -12.3931 1.63158
      vertex 13 -12.2598 2.43863
      vertex 11.5 -12.2598 2.43863
    endloop
  endfacet
  facet normal 0 -0.986632 0.162962
    outer loop
      vertex 13 -12.2598 2.43863
      vertex 11.5 -12.3931 1.63158
      vertex 13 -12.3931 1.63158
    endloop
  endfacet
  facet normal 0 -0.471405 0.881917
    outer loop
      vertex 11.5 -5.52861 11.2109
      vertex 13 -6.25 10.8253
      vertex 13 -5.52861 11.2109
    endloop
  endfacet
  facet normal 0 -0.471405 0.881917
    outer loop
      vertex 13 -6.25 10.8253
      vertex 11.5 -5.52861 11.2109
      vertex 11.5 -6.25 10.8253
    endloop
  endfacet
  facet normal 0 0.729859 0.683598
    outer loop
      vertex 13 9.398 8.24182
      vertex 11.5 8.83883 8.83883
      vertex 13 8.83883 8.83883
    endloop
  endfacet
  facet normal 0 0.729859 0.683598
    outer loop
      vertex 11.5 8.83883 8.83883
      vertex 13 9.398 8.24182
      vertex 11.5 9.398 8.24182
    endloop
  endfacet
  facet normal 0 0.995194 0.097925
    outer loop
      vertex 13 12.4732 0.817538
      vertex 11.5 12.3931 1.63158
      vertex 13 12.3931 1.63158
    endloop
  endfacet
  facet normal 0 0.995194 0.097925
    outer loop
      vertex 11.5 12.3931 1.63158
      vertex 13 12.4732 0.817538
      vertex 11.5 12.4732 0.817538
    endloop
  endfacet
  facet normal 0 0.973889 -0.227026
    outer loop
      vertex 13 12.0741 -3.23524
      vertex 11.5 12.2598 -2.43863
      vertex 13 12.2598 -2.43863
    endloop
  endfacet
  facet normal 0 0.973889 -0.227026
    outer loop
      vertex 11.5 12.2598 -2.43863
      vertex 13 12.0741 -3.23524
      vertex 11.5 12.0741 -3.23524
    endloop
  endfacet
  facet normal 0 -0.729859 -0.683598
    outer loop
      vertex 11.5 -8.83883 -8.83883
      vertex 13 -9.398 -8.24182
      vertex 11.5 -9.398 -8.24182
    endloop
  endfacet
  facet normal 0 -0.729859 -0.683598
    outer loop
      vertex 13 -9.398 -8.24182
      vertex 11.5 -8.83883 -8.83883
      vertex 13 -8.83883 -8.83883
    endloop
  endfacet
  facet normal 0 -0.0327638 -0.999463
    outer loop
      vertex 11.5 -0.817538 -12.4732
      vertex 13 0 -12.5
      vertex 13 -0.817538 -12.4732
    endloop
  endfacet
  facet normal -0 -0.0327638 -0.999463
    outer loop
      vertex 13 0 -12.5
      vertex 11.5 -0.817538 -12.4732
      vertex 11.5 0 -12.5
    endloop
  endfacet
  facet normal 0 -0.634397 0.773008
    outer loop
      vertex 11.5 -7.60952 9.91692
      vertex 13 -8.24182 9.398
      vertex 13 -7.60952 9.91692
    endloop
  endfacet
  facet normal 0 -0.634397 0.773008
    outer loop
      vertex 13 -8.24182 9.398
      vertex 11.5 -7.60952 9.91692
      vertex 11.5 -8.24182 9.398
    endloop
  endfacet
  facet normal 0 -0.849229 0.528025
    outer loop
      vertex 11.5 -10.8253 6.25
      vertex 13 -10.3934 6.94463
      vertex 11.5 -10.3934 6.94463
    endloop
  endfacet
  facet normal 0 -0.849229 0.528025
    outer loop
      vertex 13 -10.3934 6.94463
      vertex 11.5 -10.8253 6.25
      vertex 13 -10.8253 6.25
    endloop
  endfacet
  facet normal 0 0.935919 -0.352215
    outer loop
      vertex 13 11.5485 -4.78354
      vertex 11.5 11.8366 -4.01799
      vertex 13 11.8366 -4.01799
    endloop
  endfacet
  facet normal 0 0.935919 -0.352215
    outer loop
      vertex 11.5 11.8366 -4.01799
      vertex 13 11.5485 -4.78354
      vertex 11.5 11.5485 -4.78354
    endloop
  endfacet
  facet normal 0 0.849229 0.528025
    outer loop
      vertex 13 10.8253 6.25
      vertex 11.5 10.3934 6.94463
      vertex 13 10.3934 6.94463
    endloop
  endfacet
  facet normal 0 0.849229 0.528025
    outer loop
      vertex 11.5 10.3934 6.94463
      vertex 13 10.8253 6.25
      vertex 11.5 10.8253 6.25
    endloop
  endfacet
  facet normal -0 0.41272 0.910858
    outer loop
      vertex 11.5 5.52861 11.2109
      vertex 13 4.78354 11.5485
      vertex 13 5.52861 11.2109
    endloop
  endfacet
  facet normal 0 0.41272 0.910858
    outer loop
      vertex 13 4.78354 11.5485
      vertex 11.5 5.52861 11.2109
      vertex 11.5 4.78354 11.5485
    endloop
  endfacet
  facet normal 0 0.0327638 -0.999463
    outer loop
      vertex 11.5 0 -12.5
      vertex 13 0.817538 -12.4732
      vertex 13 0 -12.5
    endloop
  endfacet
  facet normal 0 0.0327638 -0.999463
    outer loop
      vertex 13 0.817538 -12.4732
      vertex 11.5 0 -12.5
      vertex 11.5 0.817538 -12.4732
    endloop
  endfacet
  facet normal 0 0.935919 0.352215
    outer loop
      vertex 13 11.8366 4.01799
      vertex 11.5 11.5485 4.78354
      vertex 13 11.5485 4.78354
    endloop
  endfacet
  facet normal 0 0.935919 0.352215
    outer loop
      vertex 11.5 11.5485 4.78354
      vertex 13 11.8366 4.01799
      vertex 11.5 11.8366 4.01799
    endloop
  endfacet
  facet normal 0 -0.773008 0.634397
    outer loop
      vertex 11.5 -9.91692 7.60952
      vertex 13 -9.398 8.24182
      vertex 11.5 -9.398 8.24182
    endloop
  endfacet
  facet normal 0 -0.773008 0.634397
    outer loop
      vertex 13 -9.398 8.24182
      vertex 11.5 -9.91692 7.60952
      vertex 13 -9.91692 7.60952
    endloop
  endfacet
  facet normal 0 -0.683598 -0.729859
    outer loop
      vertex 11.5 -8.83883 -8.83883
      vertex 13 -8.24182 -9.398
      vertex 13 -8.83883 -8.83883
    endloop
  endfacet
  facet normal -0 -0.683598 -0.729859
    outer loop
      vertex 13 -8.24182 -9.398
      vertex 11.5 -8.83883 -8.83883
      vertex 11.5 -8.24182 -9.398
    endloop
  endfacet
  facet normal 0 -0.995194 -0.097925
    outer loop
      vertex 11.5 -12.3931 -1.63158
      vertex 13 -12.4732 -0.817538
      vertex 11.5 -12.4732 -0.817538
    endloop
  endfacet
  facet normal 0 -0.995194 -0.097925
    outer loop
      vertex 13 -12.4732 -0.817538
      vertex 11.5 -12.3931 -1.63158
      vertex 13 -12.3931 -1.63158
    endloop
  endfacet
  facet normal -0 0.528025 0.849229
    outer loop
      vertex 11.5 6.94463 10.3934
      vertex 13 6.25 10.8253
      vertex 13 6.94463 10.3934
    endloop
  endfacet
  facet normal 0 0.528025 0.849229
    outer loop
      vertex 13 6.25 10.8253
      vertex 11.5 6.94463 10.3934
      vertex 11.5 6.25 10.8253
    endloop
  endfacet
  facet normal -1 0 0
    outer loop
      vertex 11.5 -10.3963 3.40685
      vertex 11.5 -8.87432 3.63189
      vertex 11.5 -9.08106 3.0826
    endloop
  endfacet
  facet normal -1 0 0
    outer loop
      vertex 11.5 -8.60101 4.24155
      vertex 11.5 -9.7603 4.94229
      vertex 11.5 -8.58817 4.26556
    endloop
  endfacet
  facet normal -1 0 0
    outer loop
      vertex 11.5 -8.84323 3.70696
      vertex 11.5 -9.7603 4.94229
      vertex 11.5 -8.60101 4.24155
    endloop
  endfacet
  facet normal -1 0 0
    outer loop
      vertex 11.5 -8.86 3.66993
      vertex 11.5 -9.7603 4.94229
      vertex 11.5 -8.84323 3.70696
    endloop
  endfacet
  facet normal -1 -0 0
    outer loop
      vertex 11.5 -8.87432 3.63189
      vertex 11.5 -10.3963 3.40685
      vertex 11.5 -8.86 3.66993
    endloop
  endfacet
  facet normal -1 0 0
    outer loop
      vertex 11.5 -10.3963 3.40685
      vertex 11.5 -9.08106 3.0826
      vertex 11.5 -9.08896 3.05655
    endloop
  endfacet
  facet normal -1 0 0
    outer loop
      vertex 11.5 -9.1603 5.98152
      vertex 11.5 -10.3934 6.94463
      vertex 11.5 -9.91692 7.60952
    endloop
  endfacet
  facet normal -1 -0 0
    outer loop
      vertex 11.5 -8.86 3.66993
      vertex 11.5 -10.3963 3.40685
      vertex 11.5 -9.7603 4.94229
    endloop
  endfacet
  facet normal -1 0 0
    outer loop
      vertex 11.5 -11.5485 4.78354
      vertex 11.5 -9.7603 4.94229
      vertex 11.5 -10.3963 3.40685
    endloop
  endfacet
  facet normal -1 0 0
    outer loop
      vertex 11.5 -12.0741 3.23524
      vertex 11.5 -10.3963 3.40685
      vertex 11.5 -10.7069 2.24773
    endloop
  endfacet
  facet normal -1 0 0
    outer loop
      vertex 11.5 -9.1603 5.98152
      vertex 11.5 -10.8253 6.25
      vertex 11.5 -10.3934 6.94463
    endloop
  endfacet
  facet normal -1 0 0
    outer loop
      vertex 11.5 -7.21014 6.32313
      vertex 11.5 -7.35605 6.50752
      vertex 11.5 -7.19153 6.343
    endloop
  endfacet
  facet normal -1 0 0
    outer loop
      vertex 11.5 -7.23593 6.29171
      vertex 11.5 -7.35605 6.50752
      vertex 11.5 -7.21014 6.32313
    endloop
  endfacet
  facet normal -1 0 0
    outer loop
      vertex 11.5 -7.60826 5.83802
      vertex 11.5 -7.35605 6.50752
      vertex 11.5 -7.23593 6.29171
    endloop
  endfacet
  facet normal -1 0 0
    outer loop
      vertex 11.5 -8.18967 5.42113
      vertex 11.5 -7.60826 5.83802
      vertex 11.5 -7.95012 5.36096
    endloop
  endfacet
  facet normal -1 0 0
    outer loop
      vertex 11.5 -8.18967 5.42113
      vertex 11.5 -7.95012 5.36096
      vertex 11.5 -7.97379 5.32792
    endloop
  endfacet
  facet normal -1 0 0
    outer loop
      vertex 11.5 -8.18967 5.42113
      vertex 11.5 -7.97379 5.32792
      vertex 11.5 -7.98817 5.30479
    endloop
  endfacet
  facet normal -1 0 0
    outer loop
      vertex 11.5 -9.1603 5.98152
      vertex 11.5 -7.60826 5.83802
      vertex 11.5 -8.18967 5.42113
    endloop
  endfacet
  facet normal -1 0 0
    outer loop
      vertex 11.5 -7.60826 5.83802
      vertex 11.5 -8.14856 7.30003
      vertex 11.5 -7.35605 6.50752
    endloop
  endfacet
  facet normal -1 0 0
    outer loop
      vertex 11.5 -3.0826 9.08106
      vertex 11.5 -3.40685 10.3963
      vertex 11.5 -3.05655 9.08896
    endloop
  endfacet
  facet normal -1 0 -0
    outer loop
      vertex 11.5 -3.40685 10.3963
      vertex 11.5 -3.0826 9.08106
      vertex 11.5 -3.63189 8.87432
    endloop
  endfacet
  facet normal -1 -0 0
    outer loop
      vertex 11.5 -0.599999 9.57036
      vertex 11.5 -0.627215 9.56947
      vertex 11.5 -0.599999 10.9238
    endloop
  endfacet
  facet normal -1 0 0
    outer loop
      vertex 11.5 3.0826 9.08106
      vertex 11.5 3.40685 10.3963
      vertex 11.5 3.63189 8.87432
    endloop
  endfacet
  facet normal -1 0 0
    outer loop
      vertex 11.5 3.40685 10.3963
      vertex 11.5 3.0826 9.08106
      vertex 11.5 3.05655 9.08896
    endloop
  endfacet
  facet normal -1 0 0
    outer loop
      vertex 11.5 4.94229 -9.7603
      vertex 11.5 6.25 -10.8253
      vertex 11.5 5.52861 -11.2109
    endloop
  endfacet
  facet normal -1 0 0
    outer loop
      vertex 11.5 6.25 -10.8253
      vertex 11.5 4.94229 -9.7603
      vertex 11.5 5.98152 -9.1603
    endloop
  endfacet
  facet normal -1 0 0
    outer loop
      vertex 11.5 4.78354 -11.5485
      vertex 11.5 4.94229 -9.7603
      vertex 11.5 5.52861 -11.2109
    endloop
  endfacet
  facet normal -1 0 0
    outer loop
      vertex 11.5 3.40685 -10.3963
      vertex 11.5 4.94229 -9.7603
      vertex 11.5 4.78354 -11.5485
    endloop
  endfacet
  facet normal -1 0 0
    outer loop
      vertex 11.5 4.94229 -9.7603
      vertex 11.5 4.24155 -8.60101
      vertex 11.5 4.26556 -8.58817
    endloop
  endfacet
  facet normal -1 0 0
    outer loop
      vertex 11.5 3.40685 -10.3963
      vertex 11.5 4.78354 -11.5485
      vertex 11.5 4.01799 -11.8366
    endloop
  endfacet
  facet normal -1 0 -0
    outer loop
      vertex 11.5 3.66993 -8.86
      vertex 11.5 4.94229 -9.7603
      vertex 11.5 3.40685 -10.3963
    endloop
  endfacet
  facet normal -1 0 0
    outer loop
      vertex 11.5 4.94229 -9.7603
      vertex 11.5 3.70696 -8.84323
      vertex 11.5 4.24155 -8.60101
    endloop
  endfacet
  facet normal -1 0 0
    outer loop
      vertex 11.5 4.94229 -9.7603
      vertex 11.5 3.66993 -8.86
      vertex 11.5 3.70696 -8.84323
    endloop
  endfacet
  facet normal -1 0 0
    outer loop
      vertex 11.5 3.66993 -8.86
      vertex 11.5 3.40685 -10.3963
      vertex 11.5 3.63189 -8.87432
    endloop
  endfacet
  facet normal -1 0 0
    outer loop
      vertex 11.5 3.23524 -12.0741
      vertex 11.5 3.40685 -10.3963
      vertex 11.5 4.01799 -11.8366
    endloop
  endfacet
  facet normal -1 0 0
    outer loop
      vertex 11.5 2.24773 -10.7069
      vertex 11.5 3.23524 -12.0741
      vertex 11.5 2.43863 -12.2598
    endloop
  endfacet
  facet normal -1 0 0
    outer loop
      vertex 11.5 3.23524 -12.0741
      vertex 11.5 2.24773 -10.7069
      vertex 11.5 3.40685 -10.3963
    endloop
  endfacet
  facet normal -1 0 0
    outer loop
      vertex 11.5 1.63158 -12.3931
      vertex 11.5 2.24773 -10.7069
      vertex 11.5 2.43863 -12.2598
    endloop
  endfacet
  facet normal -1 0 -0
    outer loop
      vertex 11.5 1.25175 -9.50796
      vertex 11.5 2.24773 -10.7069
      vertex 11.5 0.599999 -10.9238
    endloop
  endfacet
  facet normal -1 0 0
    outer loop
      vertex 11.5 1.95766 -9.62429
      vertex 11.5 1.87092 -9.40573
      vertex 11.5 1.89744 -9.39955
    endloop
  endfacet
  facet normal -1 0 0
    outer loop
      vertex 11.5 1.95766 -9.62429
      vertex 11.5 1.83081 -9.41235
      vertex 11.5 1.87092 -9.40573
    endloop
  endfacet
  facet normal -1 0 0
    outer loop
      vertex 11.5 2.24773 -10.7069
      vertex 11.5 1.63158 -12.3931
      vertex 11.5 0.599999 -10.9238
    endloop
  endfacet
  facet normal -1 0 0
    outer loop
      vertex 11.5 2.24773 -10.7069
      vertex 11.5 1.25175 -9.50796
      vertex 11.5 1.95766 -9.62429
    endloop
  endfacet
  facet normal -1 0 0
    outer loop
      vertex 11.5 1.95766 -9.62429
      vertex 11.5 1.25175 -9.50796
      vertex 11.5 1.83081 -9.41235
    endloop
  endfacet
  facet normal -1 0 0
    outer loop
      vertex 11.5 0.599999 -10.9238
      vertex 11.5 1.63158 -12.3931
      vertex 11.5 0.817538 -12.4732
    endloop
  endfacet
  facet normal -1 0 0
    outer loop
      vertex 11.5 1.25175 -9.50796
      vertex 11.5 0.599999 -10.9238
      vertex 11.5 1.2113 -9.51194
    endloop
  endfacet
  facet normal -1 0 0
    outer loop
      vertex 11.5 1.2113 -9.51194
      vertex 11.5 0.599999 -10.9238
      vertex 11.5 0.627215 -9.56947
    endloop
  endfacet
  facet normal -1 0 0
    outer loop
      vertex 11.5 0 -12.5
      vertex 11.5 0.599999 -10.9238
      vertex 11.5 0.817538 -12.4732
    endloop
  endfacet
  facet normal -1 0 0
    outer loop
      vertex 11.5 0 -12.5
      vertex 11.5 -0.599999 -10.9238
      vertex 11.5 0.599999 -10.9238
    endloop
  endfacet
  facet normal -1 0 0
    outer loop
      vertex 11.5 -0.599999 -10.9238
      vertex 11.5 -0.627215 -9.56947
      vertex 11.5 -0.599999 -9.57036
    endloop
  endfacet
  facet normal -1 0 0
    outer loop
      vertex 11.5 -0.817538 -12.4732
      vertex 11.5 -0.599999 -10.9238
      vertex 11.5 0 -12.5
    endloop
  endfacet
  facet normal -1 0 0
    outer loop
      vertex 11.5 -1.63158 -12.3931
      vertex 11.5 -0.599999 -10.9238
      vertex 11.5 -0.817538 -12.4732
    endloop
  endfacet
  facet normal -1 0 -0
    outer loop
      vertex 11.5 -1.25175 -9.50796
      vertex 11.5 -0.599999 -10.9238
      vertex 11.5 -2.24773 -10.7069
    endloop
  endfacet
  facet normal -1 0 0
    outer loop
      vertex 11.5 -0.599999 -10.9238
      vertex 11.5 -1.2113 -9.51194
      vertex 11.5 -0.627215 -9.56947
    endloop
  endfacet
  facet normal -1 -0 0
    outer loop
      vertex 11.5 -0.599999 -10.9238
      vertex 11.5 -1.63158 -12.3931
      vertex 11.5 -2.24773 -10.7069
    endloop
  endfacet
  facet normal -1 0 0
    outer loop
      vertex 11.5 -0.599999 -10.9238
      vertex 11.5 -1.25175 -9.50796
      vertex 11.5 -1.2113 -9.51194
    endloop
  endfacet
  facet normal -1 -0 0
    outer loop
      vertex 11.5 -1.25175 -9.50796
      vertex 11.5 -1.95766 -9.62429
      vertex 11.5 -1.83081 -9.41235
    endloop
  endfacet
  facet normal -1 -0 0
    outer loop
      vertex 11.5 -1.83081 -9.41235
      vertex 11.5 -1.95766 -9.62429
      vertex 11.5 -1.87092 -9.40573
    endloop
  endfacet
  facet normal -1 -0 0
    outer loop
      vertex 11.5 -1.87092 -9.40573
      vertex 11.5 -1.95766 -9.62429
      vertex 11.5 -1.89744 -9.39955
    endloop
  endfacet
  facet normal -1 0 0
    outer loop
      vertex 11.5 -1.25175 -9.50796
      vertex 11.5 -2.24773 -10.7069
      vertex 11.5 -1.95766 -9.62429
    endloop
  endfacet
  facet normal -1 0 0
    outer loop
      vertex 11.5 -2.43863 -12.2598
      vertex 11.5 -2.24773 -10.7069
      vertex 11.5 -1.63158 -12.3931
    endloop
  endfacet
  facet normal -1 0 0
    outer loop
      vertex 11.5 -3.23524 -12.0741
      vertex 11.5 -2.24773 -10.7069
      vertex 11.5 -2.43863 -12.2598
    endloop
  endfacet
  facet normal -1 0 0
    outer loop
      vertex 11.5 -3.23524 -12.0741
      vertex 11.5 -3.40685 -10.3963
      vertex 11.5 -2.24773 -10.7069
    endloop
  endfacet
  facet normal -1 0 0
    outer loop
      vertex 11.5 -4.01799 -11.8366
      vertex 11.5 -3.40685 -10.3963
      vertex 11.5 -3.23524 -12.0741
    endloop
  endfacet
  facet normal -1 0 0
    outer loop
      vertex 11.5 -4.78354 -11.5485
      vertex 11.5 -3.40685 -10.3963
      vertex 11.5 -4.01799 -11.8366
    endloop
  endfacet
  facet normal -1 0 -0
    outer loop
      vertex 11.5 -3.66993 -8.86
      vertex 11.5 -3.40685 -10.3963
      vertex 11.5 -4.94229 -9.7603
    endloop
  endfacet
  facet normal -1 0 0
    outer loop
      vertex 11.5 -3.40685 -10.3963
      vertex 11.5 -3.66993 -8.86
      vertex 11.5 -3.63189 -8.87432
    endloop
  endfacet
  facet normal -1 -0 0
    outer loop
      vertex 11.5 -3.66993 -8.86
      vertex 11.5 -4.94229 -9.7603
      vertex 11.5 -3.70696 -8.84323
    endloop
  endfacet
  facet normal -1 -0 0
    outer loop
      vertex 11.5 -3.70696 -8.84323
      vertex 11.5 -4.94229 -9.7603
      vertex 11.5 -4.24155 -8.60101
    endloop
  endfacet
  facet normal -1 -0 0
    outer loop
      vertex 11.5 -3.40685 -10.3963
      vertex 11.5 -4.78354 -11.5485
      vertex 11.5 -4.94229 -9.7603
    endloop
  endfacet
  facet normal -1 -0 0
    outer loop
      vertex 11.5 -4.24155 -8.60101
      vertex 11.5 -4.94229 -9.7603
      vertex 11.5 -4.26556 -8.58817
    endloop
  endfacet
  facet normal -1 0 0
    outer loop
      vertex 11.5 -5.52861 -11.2109
      vertex 11.5 -4.94229 -9.7603
      vertex 11.5 -4.78354 -11.5485
    endloop
  endfacet
  facet normal -1 0 0
    outer loop
      vertex 11.5 -6.25 -10.8253
      vertex 11.5 -4.94229 -9.7603
      vertex 11.5 -5.52861 -11.2109
    endloop
  endfacet
  facet normal -1 -0 0
    outer loop
      vertex 11.5 -4.94229 -9.7603
      vertex 11.5 -6.25 -10.8253
      vertex 11.5 -5.98152 -9.1603
    endloop
  endfacet
  facet normal -1 0 0
    outer loop
      vertex 11.5 7.97379 5.32792
      vertex 11.5 8.18967 5.42113
      vertex 11.5 7.98817 5.30479
    endloop
  endfacet
  facet normal -1 0 0
    outer loop
      vertex 11.5 7.95012 5.36096
      vertex 11.5 8.18967 5.42113
      vertex 11.5 7.97379 5.32792
    endloop
  endfacet
  facet normal -1 0 0
    outer loop
      vertex 11.5 7.60826 5.83802
      vertex 11.5 8.18967 5.42113
      vertex 11.5 7.95012 5.36096
    endloop
  endfacet
  facet normal -1 0 0
    outer loop
      vertex 11.5 8.18967 5.42113
      vertex 11.5 7.60826 5.83802
      vertex 11.5 8.14856 7.30003
    endloop
  endfacet
  facet normal -1 0 0
    outer loop
      vertex 11.5 7.60826 5.83802
      vertex 11.5 7.35605 6.50752
      vertex 11.5 8.14856 7.30003
    endloop
  endfacet
  facet normal -1 0 0
    outer loop
      vertex 11.5 7.23593 6.29171
      vertex 11.5 7.35605 6.50752
      vertex 11.5 7.60826 5.83802
    endloop
  endfacet
  facet normal -1 0 0
    outer loop
      vertex 11.5 7.21014 6.32313
      vertex 11.5 7.35605 6.50752
      vertex 11.5 7.23593 6.29171
    endloop
  endfacet
  facet normal -1 0 0
    outer loop
      vertex 11.5 7.35605 6.50752
      vertex 11.5 7.21014 6.32313
      vertex 11.5 7.19153 6.343
    endloop
  endfacet
  facet normal -1 0 0
    outer loop
      vertex 11.5 8.14856 -7.30003
      vertex 11.5 9.91692 -7.60952
      vertex 11.5 9.398 -8.24182
    endloop
  endfacet
  facet normal -1 0 0
    outer loop
      vertex 11.5 9.91692 -7.60952
      vertex 11.5 9.1603 -5.98152
      vertex 11.5 9.7603 -4.94229
    endloop
  endfacet
  facet normal -1 0 0
    outer loop
      vertex 11.5 8.14856 -7.30003
      vertex 11.5 9.398 -8.24182
      vertex 11.5 8.83883 -8.83883
    endloop
  endfacet
  facet normal -1 0 0
    outer loop
      vertex 11.5 7.30003 -8.14856
      vertex 11.5 8.83883 -8.83883
      vertex 11.5 8.24182 -9.398
    endloop
  endfacet
  facet normal -1 0 0
    outer loop
      vertex 11.5 9.91692 -7.60952
      vertex 11.5 8.14856 -7.30003
      vertex 11.5 9.1603 -5.98152
    endloop
  endfacet
  facet normal -1 0 0
    outer loop
      vertex 11.5 7.60826 -5.83802
      vertex 11.5 9.1603 -5.98152
      vertex 11.5 8.14856 -7.30003
    endloop
  endfacet
  facet normal -1 0 0
    outer loop
      vertex 11.5 7.30003 -8.14856
      vertex 11.5 8.24182 -9.398
      vertex 11.5 7.60952 -9.91692
    endloop
  endfacet
  facet normal -1 0 0
    outer loop
      vertex 11.5 8.83883 -8.83883
      vertex 11.5 7.30003 -8.14856
      vertex 11.5 8.14856 -7.30003
    endloop
  endfacet
  facet normal -1 0 0
    outer loop
      vertex 11.5 5.98152 -9.1603
      vertex 11.5 7.60952 -9.91692
      vertex 11.5 6.94463 -10.3934
    endloop
  endfacet
  facet normal -1 0 0
    outer loop
      vertex 11.5 7.60952 -9.91692
      vertex 11.5 5.98152 -9.1603
      vertex 11.5 7.30003 -8.14856
    endloop
  endfacet
  facet normal -1 0 0
    outer loop
      vertex 11.5 5.83802 -7.60826
      vertex 11.5 7.30003 -8.14856
      vertex 11.5 5.98152 -9.1603
    endloop
  endfacet
  facet normal -1 0 0
    outer loop
      vertex 11.5 7.30003 -8.14856
      vertex 11.5 5.83802 -7.60826
      vertex 11.5 6.50752 -7.35605
    endloop
  endfacet
  facet normal -1 0 0
    outer loop
      vertex 11.5 6.50752 -7.35605
      vertex 11.5 6.32313 -7.21014
      vertex 11.5 6.343 -7.19153
    endloop
  endfacet
  facet normal -1 0 0
    outer loop
      vertex 11.5 5.98152 -9.1603
      vertex 11.5 6.94463 -10.3934
      vertex 11.5 6.25 -10.8253
    endloop
  endfacet
  facet normal -1 0 0
    outer loop
      vertex 11.5 6.50752 -7.35605
      vertex 11.5 6.29171 -7.23593
      vertex 11.5 6.32313 -7.21014
    endloop
  endfacet
  facet normal -1 -0 0
    outer loop
      vertex 11.5 6.50752 -7.35605
      vertex 11.5 5.83802 -7.60826
      vertex 11.5 6.29171 -7.23593
    endloop
  endfacet
  facet normal -1 0 0
    outer loop
      vertex 11.5 5.42113 -8.18967
      vertex 11.5 5.83802 -7.60826
      vertex 11.5 5.98152 -9.1603
    endloop
  endfacet
  facet normal -1 0 0
    outer loop
      vertex 11.5 5.42113 -8.18967
      vertex 11.5 5.36096 -7.95012
      vertex 11.5 5.83802 -7.60826
    endloop
  endfacet
  facet normal -1 0 0
    outer loop
      vertex 11.5 5.42113 -8.18967
      vertex 11.5 5.32792 -7.97379
      vertex 11.5 5.36096 -7.95012
    endloop
  endfacet
  facet normal -1 0 -0
    outer loop
      vertex 11.5 5.32792 -7.97379
      vertex 11.5 5.42113 -8.18967
      vertex 11.5 5.30479 -7.98817
    endloop
  endfacet
  facet normal -1 -0 0
    outer loop
      vertex 11.5 12.0741 -3.23524
      vertex 11.5 10.3963 -3.40685
      vertex 11.5 10.7069 -2.24773
    endloop
  endfacet
  facet normal -1 0 0
    outer loop
      vertex 11.5 9.7603 -4.94229
      vertex 11.5 10.8253 -6.25
      vertex 11.5 10.3934 -6.94463
    endloop
  endfacet
  facet normal -1 0 0
    outer loop
      vertex 11.5 9.7603 -4.94229
      vertex 11.5 10.3934 -6.94463
      vertex 11.5 9.91692 -7.60952
    endloop
  endfacet
  facet normal -1 0 0
    outer loop
      vertex 11.5 11.2109 -5.52861
      vertex 11.5 9.7603 -4.94229
      vertex 11.5 10.3963 -3.40685
    endloop
  endfacet
  facet normal -1 0 0
    outer loop
      vertex 11.5 8.86 -3.66993
      vertex 11.5 10.3963 -3.40685
      vertex 11.5 9.7603 -4.94229
    endloop
  endfacet
  facet normal -1 0 0
    outer loop
      vertex 11.5 10.3963 -3.40685
      vertex 11.5 9.08106 -3.0826
      vertex 11.5 9.08896 -3.05655
    endloop
  endfacet
  facet normal -1 -0 0
    outer loop
      vertex 11.5 10.3963 -3.40685
      vertex 11.5 8.87432 -3.63189
      vertex 11.5 9.08106 -3.0826
    endloop
  endfacet
  facet normal -1 0 0
    outer loop
      vertex 11.5 10.3963 -3.40685
      vertex 11.5 8.86 -3.66993
      vertex 11.5 8.87432 -3.63189
    endloop
  endfacet
  facet normal -1 0 0
    outer loop
      vertex 11.5 9.7603 -4.94229
      vertex 11.5 8.84323 -3.70696
      vertex 11.5 8.86 -3.66993
    endloop
  endfacet
  facet normal -1 0 0
    outer loop
      vertex 11.5 9.7603 -4.94229
      vertex 11.5 8.60101 -4.24155
      vertex 11.5 8.84323 -3.70696
    endloop
  endfacet
  facet normal -1 0 -0
    outer loop
      vertex 11.5 8.60101 -4.24155
      vertex 11.5 9.7603 -4.94229
      vertex 11.5 8.58817 -4.26556
    endloop
  endfacet
  facet normal -1 0 0
    outer loop
      vertex 11.5 10.9238 -0.599999
      vertex 11.5 12.5 0
      vertex 11.5 12.4732 -0.817538
    endloop
  endfacet
  facet normal -1 0 0
    outer loop
      vertex 11.5 10.9238 -0.599999
      vertex 11.5 12.4732 -0.817538
      vertex 11.5 12.3931 -1.63158
    endloop
  endfacet
  facet normal -1 0 0
    outer loop
      vertex 11.5 10.9238 0.599999
      vertex 11.5 12.5 0
      vertex 11.5 10.9238 -0.599999
    endloop
  endfacet
  facet normal -1 0 0
    outer loop
      vertex 11.5 10.7069 -2.24773
      vertex 11.5 12.3931 -1.63158
      vertex 11.5 12.2598 -2.43863
    endloop
  endfacet
  facet normal -1 0 0
    outer loop
      vertex 11.5 12.5 0
      vertex 11.5 10.9238 0.599999
      vertex 11.5 12.4732 0.817538
    endloop
  endfacet
  facet normal -1 0 0
    outer loop
      vertex 11.5 10.7069 -2.24773
      vertex 11.5 12.2598 -2.43863
      vertex 11.5 12.0741 -3.23524
    endloop
  endfacet
  facet normal -1 -0 0
    outer loop
      vertex 11.5 12.4732 0.817538
      vertex 11.5 10.9238 0.599999
      vertex 11.5 12.3931 1.63158
    endloop
  endfacet
  facet normal -1 0 0
    outer loop
      vertex 11.5 10.3963 -3.40685
      vertex 11.5 12.0741 -3.23524
      vertex 11.5 11.8366 -4.01799
    endloop
  endfacet
  facet normal -1 0 0
    outer loop
      vertex 11.5 10.7069 2.24773
      vertex 11.5 12.3931 1.63158
      vertex 11.5 10.9238 0.599999
    endloop
  endfacet
  facet normal -1 0 0
    outer loop
      vertex 11.5 10.3963 -3.40685
      vertex 11.5 11.8366 -4.01799
      vertex 11.5 11.5485 -4.78354
    endloop
  endfacet
  facet normal -1 0 0
    outer loop
      vertex 11.5 12.3931 1.63158
      vertex 11.5 10.7069 2.24773
      vertex 11.5 12.2598 2.43863
    endloop
  endfacet
  facet normal -1 0 0
    outer loop
      vertex 11.5 10.3963 -3.40685
      vertex 11.5 11.5485 -4.78354
      vertex 11.5 11.2109 -5.52861
    endloop
  endfacet
  facet normal -1 -0 0
    outer loop
      vertex 11.5 12.2598 2.43863
      vertex 11.5 10.7069 2.24773
      vertex 11.5 12.0741 3.23524
    endloop
  endfacet
  facet normal -1 0 0
    outer loop
      vertex 11.5 10.3963 3.40685
      vertex 11.5 12.0741 3.23524
      vertex 11.5 10.7069 2.24773
    endloop
  endfacet
  facet normal -1 0 0
    outer loop
      vertex 11.5 9.7603 -4.94229
      vertex 11.5 11.2109 -5.52861
      vertex 11.5 10.8253 -6.25
    endloop
  endfacet
  facet normal -1 -0 0
    outer loop
      vertex 11.5 12.3931 -1.63158
      vertex 11.5 10.7069 -2.24773
      vertex 11.5 10.9238 -0.599999
    endloop
  endfacet
  facet normal -1 0 0
    outer loop
      vertex 11.5 9.50796 -1.25175
      vertex 11.5 10.7069 -2.24773
      vertex 11.5 9.62429 -1.95766
    endloop
  endfacet
  facet normal -1 0 0
    outer loop
      vertex 11.5 10.7069 -2.24773
      vertex 11.5 9.50796 -1.25175
      vertex 11.5 10.9238 -0.599999
    endloop
  endfacet
  facet normal -1 -0 0
    outer loop
      vertex 11.5 10.9238 -0.599999
      vertex 11.5 9.56947 -0.627215
      vertex 11.5 9.57036 -0.599999
    endloop
  endfacet
  facet normal -1 0 0
    outer loop
      vertex 11.5 10.9238 -0.599999
      vertex 11.5 9.51194 -1.2113
      vertex 11.5 9.56947 -0.627215
    endloop
  endfacet
  facet normal -1 0 0
    outer loop
      vertex 11.5 10.9238 -0.599999
      vertex 11.5 9.50796 -1.25175
      vertex 11.5 9.51194 -1.2113
    endloop
  endfacet
  facet normal -1 0 0
    outer loop
      vertex 11.5 9.62429 -1.95766
      vertex 11.5 9.41235 -1.83081
      vertex 11.5 9.50796 -1.25175
    endloop
  endfacet
  facet normal -1 0 0
    outer loop
      vertex 11.5 9.62429 -1.95766
      vertex 11.5 9.40573 -1.87092
      vertex 11.5 9.41235 -1.83081
    endloop
  endfacet
  facet normal -1 0 -0
    outer loop
      vertex 11.5 9.40573 -1.87092
      vertex 11.5 9.62429 -1.95766
      vertex 11.5 9.39955 -1.89744
    endloop
  endfacet
  facet normal -1 0 0
    outer loop
      vertex 11.5 12.0741 3.23524
      vertex 11.5 10.3963 3.40685
      vertex 11.5 11.8366 4.01799
    endloop
  endfacet
  facet normal -1 -0 0
    outer loop
      vertex 11.5 11.8366 4.01799
      vertex 11.5 10.3963 3.40685
      vertex 11.5 11.5485 4.78354
    endloop
  endfacet
  facet normal -1 0 0
    outer loop
      vertex 11.5 9.7603 4.94229
      vertex 11.5 11.5485 4.78354
      vertex 11.5 10.3963 3.40685
    endloop
  endfacet
  facet normal -1 0 0
    outer loop
      vertex 11.5 9.50796 1.25175
      vertex 11.5 10.7069 2.24773
      vertex 11.5 10.9238 0.599999
    endloop
  endfacet
  facet normal -1 0 0
    outer loop
      vertex 11.5 9.56947 0.627215
      vertex 11.5 10.9238 0.599999
      vertex 11.5 9.57036 0.599999
    endloop
  endfacet
  facet normal -1 0 0
    outer loop
      vertex 11.5 9.51194 1.2113
      vertex 11.5 10.9238 0.599999
      vertex 11.5 9.56947 0.627215
    endloop
  endfacet
  facet normal -1 0 0
    outer loop
      vertex 11.5 9.50796 1.25175
      vertex 11.5 10.9238 0.599999
      vertex 11.5 9.51194 1.2113
    endloop
  endfacet
  facet normal -1 0 0
    outer loop
      vertex 11.5 10.7069 2.24773
      vertex 11.5 9.50796 1.25175
      vertex 11.5 9.62429 1.95766
    endloop
  endfacet
  facet normal -1 0 0
    outer loop
      vertex 11.5 9.41235 1.83081
      vertex 11.5 9.62429 1.95766
      vertex 11.5 9.50796 1.25175
    endloop
  endfacet
  facet normal -1 0 0
    outer loop
      vertex 11.5 9.40573 1.87092
      vertex 11.5 9.62429 1.95766
      vertex 11.5 9.41235 1.83081
    endloop
  endfacet
  facet normal -1 0 0
    outer loop
      vertex 11.5 9.62429 1.95766
      vertex 11.5 9.40573 1.87092
      vertex 11.5 9.39955 1.89744
    endloop
  endfacet
  facet normal -1 0 0
    outer loop
      vertex 11.5 11.5485 4.78354
      vertex 11.5 9.7603 4.94229
      vertex 11.5 11.2109 5.52861
    endloop
  endfacet
  facet normal -1 -0 0
    outer loop
      vertex 11.5 11.2109 5.52861
      vertex 11.5 9.7603 4.94229
      vertex 11.5 10.8253 6.25
    endloop
  endfacet
  facet normal -1 0 0
    outer loop
      vertex 11.5 9.1603 5.98152
      vertex 11.5 10.8253 6.25
      vertex 11.5 9.7603 4.94229
    endloop
  endfacet
  facet normal -1 -0 0
    outer loop
      vertex 11.5 10.8253 6.25
      vertex 11.5 9.1603 5.98152
      vertex 11.5 10.3934 6.94463
    endloop
  endfacet
  facet normal -1 0 0
    outer loop
      vertex 11.5 9.08106 3.0826
      vertex 11.5 10.3963 3.40685
      vertex 11.5 9.08896 3.05655
    endloop
  endfacet
  facet normal -1 0 0
    outer loop
      vertex 11.5 8.87432 3.63189
      vertex 11.5 10.3963 3.40685
      vertex 11.5 9.08106 3.0826
    endloop
  endfacet
  facet normal -1 0 0
    outer loop
      vertex 11.5 8.86 3.66993
      vertex 11.5 10.3963 3.40685
      vertex 11.5 8.87432 3.63189
    endloop
  endfacet
  facet normal -1 0 0
    outer loop
      vertex 11.5 10.3963 3.40685
      vertex 11.5 8.86 3.66993
      vertex 11.5 9.7603 4.94229
    endloop
  endfacet
  facet normal -1 0 0
    outer loop
      vertex 11.5 8.84323 3.70696
      vertex 11.5 9.7603 4.94229
      vertex 11.5 8.86 3.66993
    endloop
  endfacet
  facet normal -1 0 0
    outer loop
      vertex 11.5 8.60101 4.24155
      vertex 11.5 9.7603 4.94229
      vertex 11.5 8.84323 3.70696
    endloop
  endfacet
  facet normal -1 0 0
    outer loop
      vertex 11.5 9.7603 4.94229
      vertex 11.5 8.60101 4.24155
      vertex 11.5 8.58817 4.26556
    endloop
  endfacet
  facet normal -1 -0 0
    outer loop
      vertex 11.5 10.3934 6.94463
      vertex 11.5 9.1603 5.98152
      vertex 11.5 9.91692 7.60952
    endloop
  endfacet
  facet normal -1 0 0
    outer loop
      vertex 11.5 8.14856 7.30003
      vertex 11.5 9.91692 7.60952
      vertex 11.5 9.1603 5.98152
    endloop
  endfacet
  facet normal -1 -0 0
    outer loop
      vertex 11.5 9.91692 7.60952
      vertex 11.5 8.14856 7.30003
      vertex 11.5 9.398 8.24182
    endloop
  endfacet
  facet normal -1 -0 0
    outer loop
      vertex 11.5 9.398 8.24182
      vertex 11.5 8.14856 7.30003
      vertex 11.5 8.83883 8.83883
    endloop
  endfacet
  facet normal -1 0 0
    outer loop
      vertex 11.5 8.14856 7.30003
      vertex 11.5 9.1603 5.98152
      vertex 11.5 8.18967 5.42113
    endloop
  endfacet
  facet normal -1 0 0
    outer loop
      vertex 11.5 7.30003 8.14856
      vertex 11.5 8.83883 8.83883
      vertex 11.5 8.14856 7.30003
    endloop
  endfacet
  facet normal -1 -0 0
    outer loop
      vertex 11.5 8.83883 8.83883
      vertex 11.5 7.30003 8.14856
      vertex 11.5 8.24182 9.398
    endloop
  endfacet
  facet normal -1 -0 0
    outer loop
      vertex 11.5 8.24182 9.398
      vertex 11.5 7.30003 8.14856
      vertex 11.5 7.60952 9.91692
    endloop
  endfacet
  facet normal -1 0 0
    outer loop
      vertex 11.5 5.98152 9.1603
      vertex 11.5 7.60952 9.91692
      vertex 11.5 7.30003 8.14856
    endloop
  endfacet
  facet normal -1 0 0
    outer loop
      vertex 11.5 5.83802 7.60826
      vertex 11.5 7.30003 8.14856
      vertex 11.5 6.50752 7.35605
    endloop
  endfacet
  facet normal -1 0 0
    outer loop
      vertex 11.5 6.32313 7.21014
      vertex 11.5 6.50752 7.35605
      vertex 11.5 6.343 7.19153
    endloop
  endfacet
  facet normal -1 0 0
    outer loop
      vertex 11.5 6.29171 7.23593
      vertex 11.5 6.50752 7.35605
      vertex 11.5 6.32313 7.21014
    endloop
  endfacet
  facet normal -1 0 0
    outer loop
      vertex 11.5 5.83802 7.60826
      vertex 11.5 6.50752 7.35605
      vertex 11.5 6.29171 7.23593
    endloop
  endfacet
  facet normal -1 -0 0
    outer loop
      vertex 11.5 7.60952 9.91692
      vertex 11.5 5.98152 9.1603
      vertex 11.5 6.94463 10.3934
    endloop
  endfacet
  facet normal -1 -0 0
    outer loop
      vertex 11.5 6.94463 10.3934
      vertex 11.5 5.98152 9.1603
      vertex 11.5 6.25 10.8253
    endloop
  endfacet
  facet normal -1 -0 0
    outer loop
      vertex 11.5 7.30003 8.14856
      vertex 11.5 5.83802 7.60826
      vertex 11.5 5.98152 9.1603
    endloop
  endfacet
  facet normal -1 0 0
    outer loop
      vertex 11.5 5.83802 7.60826
      vertex 11.5 5.42113 8.18967
      vertex 11.5 5.98152 9.1603
    endloop
  endfacet
  facet normal -1 0 0
    outer loop
      vertex 11.5 5.36096 7.95012
      vertex 11.5 5.42113 8.18967
      vertex 11.5 5.83802 7.60826
    endloop
  endfacet
  facet normal -1 0 0
    outer loop
      vertex 11.5 5.32792 7.97379
      vertex 11.5 5.42113 8.18967
      vertex 11.5 5.36096 7.95012
    endloop
  endfacet
  facet normal -1 0 0
    outer loop
      vertex 11.5 5.42113 8.18967
      vertex 11.5 5.32792 7.97379
      vertex 11.5 5.30479 7.98817
    endloop
  endfacet
  facet normal -1 0 0
    outer loop
      vertex 11.5 9.1603 -5.98152
      vertex 11.5 7.60826 -5.83802
      vertex 11.5 8.18967 -5.42113
    endloop
  endfacet
  facet normal -1 0 0
    outer loop
      vertex 11.5 8.18967 -5.42113
      vertex 11.5 7.97379 -5.32792
      vertex 11.5 7.98817 -5.30479
    endloop
  endfacet
  facet normal -1 0 0
    outer loop
      vertex 11.5 8.18967 -5.42113
      vertex 11.5 7.95012 -5.36096
      vertex 11.5 7.97379 -5.32792
    endloop
  endfacet
  facet normal -1 -0 0
    outer loop
      vertex 11.5 8.18967 -5.42113
      vertex 11.5 7.60826 -5.83802
      vertex 11.5 7.95012 -5.36096
    endloop
  endfacet
  facet normal -1 0 0
    outer loop
      vertex 11.5 7.35605 -6.50752
      vertex 11.5 7.60826 -5.83802
      vertex 11.5 8.14856 -7.30003
    endloop
  endfacet
  facet normal -1 0 0
    outer loop
      vertex 11.5 7.35605 -6.50752
      vertex 11.5 7.23593 -6.29171
      vertex 11.5 7.60826 -5.83802
    endloop
  endfacet
  facet normal -1 0 0
    outer loop
      vertex 11.5 7.35605 -6.50752
      vertex 11.5 7.21014 -6.32313
      vertex 11.5 7.23593 -6.29171
    endloop
  endfacet
  facet normal -1 0 -0
    outer loop
      vertex 11.5 7.21014 -6.32313
      vertex 11.5 7.35605 -6.50752
      vertex 11.5 7.19153 -6.343
    endloop
  endfacet
  facet normal -1 0 0
    outer loop
      vertex 11.5 4.94229 9.7603
      vertex 11.5 6.25 10.8253
      vertex 11.5 5.98152 9.1603
    endloop
  endfacet
  facet normal -1 -0 0
    outer loop
      vertex 11.5 6.25 10.8253
      vertex 11.5 4.94229 9.7603
      vertex 11.5 5.52861 11.2109
    endloop
  endfacet
  facet normal -1 0 0
    outer loop
      vertex 11.5 4.94229 9.7603
      vertex 11.5 4.78354 11.5485
      vertex 11.5 5.52861 11.2109
    endloop
  endfacet
  facet normal -1 0 0
    outer loop
      vertex 11.5 4.24155 8.60101
      vertex 11.5 4.94229 9.7603
      vertex 11.5 4.26556 8.58817
    endloop
  endfacet
  facet normal -1 0 0
    outer loop
      vertex 11.5 3.70696 8.84323
      vertex 11.5 4.94229 9.7603
      vertex 11.5 4.24155 8.60101
    endloop
  endfacet
  facet normal -1 0 0
    outer loop
      vertex 11.5 4.94229 9.7603
      vertex 11.5 3.40685 10.3963
      vertex 11.5 4.78354 11.5485
    endloop
  endfacet
  facet normal -1 0 0
    outer loop
      vertex 11.5 3.66993 8.86
      vertex 11.5 4.94229 9.7603
      vertex 11.5 3.70696 8.84323
    endloop
  endfacet
  facet normal -1 -0 0
    outer loop
      vertex 11.5 4.94229 9.7603
      vertex 11.5 3.66993 8.86
      vertex 11.5 3.40685 10.3963
    endloop
  endfacet
  facet normal -1 0 0
    outer loop
      vertex 11.5 3.40685 10.3963
      vertex 11.5 3.66993 8.86
      vertex 11.5 3.63189 8.87432
    endloop
  endfacet
  facet normal -1 -0 0
    outer loop
      vertex 11.5 4.78354 11.5485
      vertex 11.5 3.40685 10.3963
      vertex 11.5 4.01799 11.8366
    endloop
  endfacet
  facet normal -1 0 0
    outer loop
      vertex 11.5 3.40685 10.3963
      vertex 11.5 3.23524 12.0741
      vertex 11.5 4.01799 11.8366
    endloop
  endfacet
  facet normal -1 0 0
    outer loop
      vertex 11.5 2.24773 10.7069
      vertex 11.5 3.23524 12.0741
      vertex 11.5 3.40685 10.3963
    endloop
  endfacet
  facet normal -1 -0 0
    outer loop
      vertex 11.5 3.23524 12.0741
      vertex 11.5 2.24773 10.7069
      vertex 11.5 2.43863 12.2598
    endloop
  endfacet
  facet normal -1 0 0
    outer loop
      vertex 11.5 1.25175 9.50796
      vertex 11.5 2.24773 10.7069
      vertex 11.5 1.95766 9.62429
    endloop
  endfacet
  facet normal -1 0 0
    outer loop
      vertex 11.5 1.87092 9.40573
      vertex 11.5 1.95766 9.62429
      vertex 11.5 1.89744 9.39955
    endloop
  endfacet
  facet normal -1 0 0
    outer loop
      vertex 11.5 1.83081 9.41235
      vertex 11.5 1.95766 9.62429
      vertex 11.5 1.87092 9.40573
    endloop
  endfacet
  facet normal -1 0 0
    outer loop
      vertex 11.5 1.25175 9.50796
      vertex 11.5 1.95766 9.62429
      vertex 11.5 1.83081 9.41235
    endloop
  endfacet
  facet normal -1 0 -0
    outer loop
      vertex 11.5 1.63158 12.3931
      vertex 11.5 2.24773 10.7069
      vertex 11.5 0.599999 10.9238
    endloop
  endfacet
  facet normal -1 -0 0
    outer loop
      vertex 11.5 2.24773 10.7069
      vertex 11.5 1.25175 9.50796
      vertex 11.5 0.599999 10.9238
    endloop
  endfacet
  facet normal -1 0 0
    outer loop
      vertex 11.5 0.599999 10.9238
      vertex 11.5 1.25175 9.50796
      vertex 11.5 1.2113 9.51194
    endloop
  endfacet
  facet normal -1 0 0
    outer loop
      vertex 11.5 2.24773 10.7069
      vertex 11.5 1.63158 12.3931
      vertex 11.5 2.43863 12.2598
    endloop
  endfacet
  facet normal -1 0 0
    outer loop
      vertex 11.5 0.599999 10.9238
      vertex 11.5 1.2113 9.51194
      vertex 11.5 0.627215 9.56947
    endloop
  endfacet
  facet normal -1 0 0
    outer loop
      vertex 11.5 0.599999 10.9238
      vertex 11.5 0.627215 9.56947
      vertex 11.5 0.599999 9.57036
    endloop
  endfacet
  facet normal -1 -0 0
    outer loop
      vertex 11.5 1.63158 12.3931
      vertex 11.5 0.599999 10.9238
      vertex 11.5 0.817538 12.4732
    endloop
  endfacet
  facet normal -1 0 0
    outer loop
      vertex 11.5 0.599999 10.9238
      vertex 11.5 0 12.5
      vertex 11.5 0.817538 12.4732
    endloop
  endfacet
  facet normal -1 0 0
    outer loop
      vertex 11.5 -0.599999 10.9238
      vertex 11.5 0 12.5
      vertex 11.5 0.599999 10.9238
    endloop
  endfacet
  facet normal -1 0 0
    outer loop
      vertex 11.5 -0.599999 10.9238
      vertex 11.5 -0.817538 12.4732
      vertex 11.5 0 12.5
    endloop
  endfacet
  facet normal -1 0 0
    outer loop
      vertex 11.5 -1.2113 9.51194
      vertex 11.5 -0.599999 10.9238
      vertex 11.5 -0.627215 9.56947
    endloop
  endfacet
  facet normal -1 0 0
    outer loop
      vertex 11.5 -1.25175 9.50796
      vertex 11.5 -0.599999 10.9238
      vertex 11.5 -1.2113 9.51194
    endloop
  endfacet
  facet normal -1 0 0
    outer loop
      vertex 11.5 -0.599999 10.9238
      vertex 11.5 -1.25175 9.50796
      vertex 11.5 -2.24773 10.7069
    endloop
  endfacet
  facet normal -1 0 -0
    outer loop
      vertex 11.5 -1.63158 12.3931
      vertex 11.5 -0.599999 10.9238
      vertex 11.5 -2.24773 10.7069
    endloop
  endfacet
  facet normal -1 0 0
    outer loop
      vertex 11.5 -1.95766 9.62429
      vertex 11.5 -1.25175 9.50796
      vertex 11.5 -1.83081 9.41235
    endloop
  endfacet
  facet normal -1 0 0
    outer loop
      vertex 11.5 -1.95766 9.62429
      vertex 11.5 -1.83081 9.41235
      vertex 11.5 -1.87092 9.40573
    endloop
  endfacet
  facet normal -1 0 0
    outer loop
      vertex 11.5 -1.95766 9.62429
      vertex 11.5 -1.87092 9.40573
      vertex 11.5 -1.89744 9.39955
    endloop
  endfacet
  facet normal -1 0 0
    outer loop
      vertex 11.5 -2.24773 10.7069
      vertex 11.5 -1.25175 9.50796
      vertex 11.5 -1.95766 9.62429
    endloop
  endfacet
  facet normal -1 0 0
    outer loop
      vertex 11.5 -0.599999 10.9238
      vertex 11.5 -1.63158 12.3931
      vertex 11.5 -0.817538 12.4732
    endloop
  endfacet
  facet normal -1 0 0
    outer loop
      vertex 11.5 -2.24773 10.7069
      vertex 11.5 -2.43863 12.2598
      vertex 11.5 -1.63158 12.3931
    endloop
  endfacet
  facet normal -1 0 0
    outer loop
      vertex 11.5 -2.24773 10.7069
      vertex 11.5 -3.23524 12.0741
      vertex 11.5 -2.43863 12.2598
    endloop
  endfacet
  facet normal -1 0 0
    outer loop
      vertex 11.5 -3.40685 10.3963
      vertex 11.5 -3.23524 12.0741
      vertex 11.5 -2.24773 10.7069
    endloop
  endfacet
  facet normal -1 0 0
    outer loop
      vertex 11.5 -3.66993 8.86
      vertex 11.5 -3.40685 10.3963
      vertex 11.5 -3.63189 8.87432
    endloop
  endfacet
  facet normal -1 0 0
    outer loop
      vertex 11.5 -3.40685 10.3963
      vertex 11.5 -3.66993 8.86
      vertex 11.5 -4.94229 9.7603
    endloop
  endfacet
  facet normal -1 0 0
    outer loop
      vertex 11.5 -4.94229 9.7603
      vertex 11.5 -3.66993 8.86
      vertex 11.5 -3.70696 8.84323
    endloop
  endfacet
  facet normal -1 0 0
    outer loop
      vertex 11.5 -3.40685 10.3963
      vertex 11.5 -4.01799 11.8366
      vertex 11.5 -3.23524 12.0741
    endloop
  endfacet
  facet normal -1 0 0
    outer loop
      vertex 11.5 -4.94229 9.7603
      vertex 11.5 -3.70696 8.84323
      vertex 11.5 -4.24155 8.60101
    endloop
  endfacet
  facet normal -1 0 0
    outer loop
      vertex 11.5 -4.94229 9.7603
      vertex 11.5 -4.24155 8.60101
      vertex 11.5 -4.26556 8.58817
    endloop
  endfacet
  facet normal -1 0 -0
    outer loop
      vertex 11.5 -4.78354 11.5485
      vertex 11.5 -3.40685 10.3963
      vertex 11.5 -4.94229 9.7603
    endloop
  endfacet
  facet normal -1 0 0
    outer loop
      vertex 11.5 -3.40685 10.3963
      vertex 11.5 -4.78354 11.5485
      vertex 11.5 -4.01799 11.8366
    endloop
  endfacet
  facet normal -1 0 0
    outer loop
      vertex 11.5 -4.94229 9.7603
      vertex 11.5 -5.52861 11.2109
      vertex 11.5 -4.78354 11.5485
    endloop
  endfacet
  facet normal -1 0 0
    outer loop
      vertex 11.5 -6.25 10.8253
      vertex 11.5 -4.94229 9.7603
      vertex 11.5 -5.98152 9.1603
    endloop
  endfacet
  facet normal -1 0 0
    outer loop
      vertex 11.5 -4.94229 9.7603
      vertex 11.5 -6.25 10.8253
      vertex 11.5 -5.52861 11.2109
    endloop
  endfacet
  facet normal -1 0 0
    outer loop
      vertex 11.5 3.40685 -10.3963
      vertex 11.5 3.0826 -9.08106
      vertex 11.5 3.63189 -8.87432
    endloop
  endfacet
  facet normal -1 0 -0
    outer loop
      vertex 11.5 3.0826 -9.08106
      vertex 11.5 3.40685 -10.3963
      vertex 11.5 3.05655 -9.08896
    endloop
  endfacet
  facet normal -1 0 0
    outer loop
      vertex 11.5 0.627215 -9.56947
      vertex 11.5 0.599999 -10.9238
      vertex 11.5 0.599999 -9.57036
    endloop
  endfacet
  facet normal -1 0 0
    outer loop
      vertex 11.5 -3.40685 -10.3963
      vertex 11.5 -3.0826 -9.08106
      vertex 11.5 -3.05655 -9.08896
    endloop
  endfacet
  facet normal -1 -0 0
    outer loop
      vertex 11.5 -3.0826 -9.08106
      vertex 11.5 -3.40685 -10.3963
      vertex 11.5 -3.63189 -8.87432
    endloop
  endfacet
  facet normal -1 0 0
    outer loop
      vertex 11.5 -5.42113 -8.18967
      vertex 11.5 -5.32792 -7.97379
      vertex 11.5 -5.30479 -7.98817
    endloop
  endfacet
  facet normal -1 0 0
    outer loop
      vertex 11.5 -5.42113 -8.18967
      vertex 11.5 -5.36096 -7.95012
      vertex 11.5 -5.32792 -7.97379
    endloop
  endfacet
  facet normal -1 0 0
    outer loop
      vertex 11.5 -5.42113 -8.18967
      vertex 11.5 -5.83802 -7.60826
      vertex 11.5 -5.36096 -7.95012
    endloop
  endfacet
  facet normal -1 0 0
    outer loop
      vertex 11.5 -5.98152 -9.1603
      vertex 11.5 -5.83802 -7.60826
      vertex 11.5 -5.42113 -8.18967
    endloop
  endfacet
  facet normal -1 0 0
    outer loop
      vertex 11.5 -6.94463 -10.3934
      vertex 11.5 -5.98152 -9.1603
      vertex 11.5 -6.25 -10.8253
    endloop
  endfacet
  facet normal -1 0 0
    outer loop
      vertex 11.5 -7.60952 -9.91692
      vertex 11.5 -5.98152 -9.1603
      vertex 11.5 -6.94463 -10.3934
    endloop
  endfacet
  facet normal -1 0 0
    outer loop
      vertex 11.5 -5.83802 -7.60826
      vertex 11.5 -6.50752 -7.35605
      vertex 11.5 -6.29171 -7.23593
    endloop
  endfacet
  facet normal -1 -0 0
    outer loop
      vertex 11.5 -6.29171 -7.23593
      vertex 11.5 -6.50752 -7.35605
      vertex 11.5 -6.32313 -7.21014
    endloop
  endfacet
  facet normal -1 -0 0
    outer loop
      vertex 11.5 -6.32313 -7.21014
      vertex 11.5 -6.50752 -7.35605
      vertex 11.5 -6.343 -7.19153
    endloop
  endfacet
  facet normal -1 0 0
    outer loop
      vertex 11.5 -5.98152 -9.1603
      vertex 11.5 -7.30003 -8.14856
      vertex 11.5 -5.83802 -7.60826
    endloop
  endfacet
  facet normal -1 -0 0
    outer loop
      vertex 11.5 -5.83802 -7.60826
      vertex 11.5 -7.30003 -8.14856
      vertex 11.5 -6.50752 -7.35605
    endloop
  endfacet
  facet normal -1 -0 0
    outer loop
      vertex 11.5 -5.98152 -9.1603
      vertex 11.5 -7.60952 -9.91692
      vertex 11.5 -7.30003 -8.14856
    endloop
  endfacet
  facet normal -1 0 0
    outer loop
      vertex 11.5 -8.24182 -9.398
      vertex 11.5 -7.30003 -8.14856
      vertex 11.5 -7.60952 -9.91692
    endloop
  endfacet
  facet normal -1 0 0
    outer loop
      vertex 11.5 -8.83883 -8.83883
      vertex 11.5 -7.30003 -8.14856
      vertex 11.5 -8.24182 -9.398
    endloop
  endfacet
  facet normal -1 -0 0
    outer loop
      vertex 11.5 -7.30003 -8.14856
      vertex 11.5 -8.83883 -8.83883
      vertex 11.5 -8.14856 -7.30003
    endloop
  endfacet
  facet normal -1 0 0
    outer loop
      vertex 11.5 -9.398 -8.24182
      vertex 11.5 -8.14856 -7.30003
      vertex 11.5 -8.83883 -8.83883
    endloop
  endfacet
  facet normal -1 0 0
    outer loop
      vertex 11.5 -8.14856 -7.30003
      vertex 11.5 -9.1603 -5.98152
      vertex 11.5 -8.18967 -5.42113
    endloop
  endfacet
  facet normal -1 0 0
    outer loop
      vertex 11.5 -9.91692 -7.60952
      vertex 11.5 -8.14856 -7.30003
      vertex 11.5 -9.398 -8.24182
    endloop
  endfacet
  facet normal -1 -0 0
    outer loop
      vertex 11.5 -8.14856 -7.30003
      vertex 11.5 -9.91692 -7.60952
      vertex 11.5 -9.1603 -5.98152
    endloop
  endfacet
  facet normal -1 0 0
    outer loop
      vertex 11.5 -10.3934 -6.94463
      vertex 11.5 -9.1603 -5.98152
      vertex 11.5 -9.91692 -7.60952
    endloop
  endfacet
  facet normal -1 0 0
    outer loop
      vertex 11.5 -5.32792 7.97379
      vertex 11.5 -5.42113 8.18967
      vertex 11.5 -5.30479 7.98817
    endloop
  endfacet
  facet normal -1 0 0
    outer loop
      vertex 11.5 -5.36096 7.95012
      vertex 11.5 -5.42113 8.18967
      vertex 11.5 -5.32792 7.97379
    endloop
  endfacet
  facet normal -1 0 0
    outer loop
      vertex 11.5 -5.83802 7.60826
      vertex 11.5 -5.42113 8.18967
      vertex 11.5 -5.36096 7.95012
    endloop
  endfacet
  facet normal -1 0 0
    outer loop
      vertex 11.5 -5.83802 7.60826
      vertex 11.5 -5.98152 9.1603
      vertex 11.5 -5.42113 8.18967
    endloop
  endfacet
  facet normal -1 0 0
    outer loop
      vertex 11.5 -7.30003 8.14856
      vertex 11.5 -5.98152 9.1603
      vertex 11.5 -5.83802 7.60826
    endloop
  endfacet
  facet normal -1 0 0
    outer loop
      vertex 11.5 -6.50752 7.35605
      vertex 11.5 -5.83802 7.60826
      vertex 11.5 -6.29171 7.23593
    endloop
  endfacet
  facet normal -1 0 0
    outer loop
      vertex 11.5 -6.50752 7.35605
      vertex 11.5 -6.29171 7.23593
      vertex 11.5 -6.32313 7.21014
    endloop
  endfacet
  facet normal -1 0 0
    outer loop
      vertex 11.5 -6.50752 7.35605
      vertex 11.5 -6.32313 7.21014
      vertex 11.5 -6.343 7.19153
    endloop
  endfacet
  facet normal -1 0 0
    outer loop
      vertex 11.5 -7.30003 8.14856
      vertex 11.5 -5.83802 7.60826
      vertex 11.5 -6.50752 7.35605
    endloop
  endfacet
  facet normal -1 0 0
    outer loop
      vertex 11.5 -5.98152 9.1603
      vertex 11.5 -6.94463 10.3934
      vertex 11.5 -6.25 10.8253
    endloop
  endfacet
  facet normal -1 0 0
    outer loop
      vertex 11.5 -7.60952 9.91692
      vertex 11.5 -5.98152 9.1603
      vertex 11.5 -7.30003 8.14856
    endloop
  endfacet
  facet normal -1 0 0
    outer loop
      vertex 11.5 -5.98152 9.1603
      vertex 11.5 -7.60952 9.91692
      vertex 11.5 -6.94463 10.3934
    endloop
  endfacet
  facet normal -1 0 0
    outer loop
      vertex 11.5 -8.83883 8.83883
      vertex 11.5 -7.30003 8.14856
      vertex 11.5 -8.14856 7.30003
    endloop
  endfacet
  facet normal -1 0 0
    outer loop
      vertex 11.5 -7.30003 8.14856
      vertex 11.5 -8.24182 9.398
      vertex 11.5 -7.60952 9.91692
    endloop
  endfacet
  facet normal -1 0 0
    outer loop
      vertex 11.5 -7.60826 5.83802
      vertex 11.5 -9.1603 5.98152
      vertex 11.5 -8.14856 7.30003
    endloop
  endfacet
  facet normal -1 0 0
    outer loop
      vertex 11.5 -7.30003 8.14856
      vertex 11.5 -8.83883 8.83883
      vertex 11.5 -8.24182 9.398
    endloop
  endfacet
  facet normal -1 0 0
    outer loop
      vertex 11.5 -9.91692 7.60952
      vertex 11.5 -8.14856 7.30003
      vertex 11.5 -9.1603 5.98152
    endloop
  endfacet
  facet normal -1 0 0
    outer loop
      vertex 11.5 -8.14856 7.30003
      vertex 11.5 -9.398 8.24182
      vertex 11.5 -8.83883 8.83883
    endloop
  endfacet
  facet normal -1 0 0
    outer loop
      vertex 11.5 -10.8253 6.25
      vertex 11.5 -9.1603 5.98152
      vertex 11.5 -9.7603 4.94229
    endloop
  endfacet
  facet normal -1 0 0
    outer loop
      vertex 11.5 -8.14856 7.30003
      vertex 11.5 -9.91692 7.60952
      vertex 11.5 -9.398 8.24182
    endloop
  endfacet
  facet normal -1 0 0
    outer loop
      vertex 11.5 -7.35605 -6.50752
      vertex 11.5 -7.21014 -6.32313
      vertex 11.5 -7.19153 -6.343
    endloop
  endfacet
  facet normal -1 0 0
    outer loop
      vertex 11.5 -7.35605 -6.50752
      vertex 11.5 -7.23593 -6.29171
      vertex 11.5 -7.21014 -6.32313
    endloop
  endfacet
  facet normal -1 0 0
    outer loop
      vertex 11.5 -7.35605 -6.50752
      vertex 11.5 -7.60826 -5.83802
      vertex 11.5 -7.23593 -6.29171
    endloop
  endfacet
  facet normal -1 0 0
    outer loop
      vertex 11.5 -8.14856 -7.30003
      vertex 11.5 -7.60826 -5.83802
      vertex 11.5 -7.35605 -6.50752
    endloop
  endfacet
  facet normal -1 0 0
    outer loop
      vertex 11.5 -7.60826 -5.83802
      vertex 11.5 -8.18967 -5.42113
      vertex 11.5 -7.95012 -5.36096
    endloop
  endfacet
  facet normal -1 -0 0
    outer loop
      vertex 11.5 -7.95012 -5.36096
      vertex 11.5 -8.18967 -5.42113
      vertex 11.5 -7.97379 -5.32792
    endloop
  endfacet
  facet normal -1 -0 0
    outer loop
      vertex 11.5 -7.60826 -5.83802
      vertex 11.5 -8.14856 -7.30003
      vertex 11.5 -8.18967 -5.42113
    endloop
  endfacet
  facet normal -1 -0 0
    outer loop
      vertex 11.5 -7.97379 -5.32792
      vertex 11.5 -8.18967 -5.42113
      vertex 11.5 -7.98817 -5.30479
    endloop
  endfacet
  facet normal -1 0 0
    outer loop
      vertex 11.5 -10.3963 -3.40685
      vertex 11.5 -8.87432 -3.63189
      vertex 11.5 -8.86 -3.66993
    endloop
  endfacet
  facet normal -1 0 0
    outer loop
      vertex 11.5 -9.7603 -4.94229
      vertex 11.5 -8.60101 -4.24155
      vertex 11.5 -8.58817 -4.26556
    endloop
  endfacet
  facet normal -1 0 0
    outer loop
      vertex 11.5 -9.7603 -4.94229
      vertex 11.5 -8.84323 -3.70696
      vertex 11.5 -8.60101 -4.24155
    endloop
  endfacet
  facet normal -1 0 0
    outer loop
      vertex 11.5 -9.7603 -4.94229
      vertex 11.5 -8.86 -3.66993
      vertex 11.5 -8.84323 -3.70696
    endloop
  endfacet
  facet normal -1 0 0
    outer loop
      vertex 11.5 -10.3963 -3.40685
      vertex 11.5 -8.86 -3.66993
      vertex 11.5 -9.7603 -4.94229
    endloop
  endfacet
  facet normal -1 0 0
    outer loop
      vertex 11.5 -8.87432 -3.63189
      vertex 11.5 -10.3963 -3.40685
      vertex 11.5 -9.08106 -3.0826
    endloop
  endfacet
  facet normal -1 0 0
    outer loop
      vertex 11.5 -10.8253 -6.25
      vertex 11.5 -9.1603 -5.98152
      vertex 11.5 -10.3934 -6.94463
    endloop
  endfacet
  facet normal -1 -0 0
    outer loop
      vertex 11.5 -9.08106 -3.0826
      vertex 11.5 -10.3963 -3.40685
      vertex 11.5 -9.08896 -3.05655
    endloop
  endfacet
  facet normal -1 -0 0
    outer loop
      vertex 11.5 -9.1603 -5.98152
      vertex 11.5 -10.8253 -6.25
      vertex 11.5 -9.7603 -4.94229
    endloop
  endfacet
  facet normal -1 0 0
    outer loop
      vertex 11.5 -11.2109 -5.52861
      vertex 11.5 -9.7603 -4.94229
      vertex 11.5 -10.8253 -6.25
    endloop
  endfacet
  facet normal -1 0 0
    outer loop
      vertex 11.5 -11.5485 -4.78354
      vertex 11.5 -9.7603 -4.94229
      vertex 11.5 -11.2109 -5.52861
    endloop
  endfacet
  facet normal -1 0 0
    outer loop
      vertex 11.5 -9.62429 -1.95766
      vertex 11.5 -9.41235 -1.83081
      vertex 11.5 -9.40573 -1.87092
    endloop
  endfacet
  facet normal -1 0 0
    outer loop
      vertex 11.5 -9.62429 -1.95766
      vertex 11.5 -9.40573 -1.87092
      vertex 11.5 -9.39955 -1.89744
    endloop
  endfacet
  facet normal -1 -0 0
    outer loop
      vertex 11.5 -9.41235 -1.83081
      vertex 11.5 -9.62429 -1.95766
      vertex 11.5 -9.50796 -1.25175
    endloop
  endfacet
  facet normal -1 0 0
    outer loop
      vertex 11.5 -10.7069 -2.24773
      vertex 11.5 -9.50796 -1.25175
      vertex 11.5 -9.62429 -1.95766
    endloop
  endfacet
  facet normal -1 0 0
    outer loop
      vertex 11.5 -10.9238 -0.599999
      vertex 11.5 -9.50796 -1.25175
      vertex 11.5 -10.7069 -2.24773
    endloop
  endfacet
  facet normal -1 0 0
    outer loop
      vertex 11.5 -9.51194 -1.2113
      vertex 11.5 -10.9238 -0.599999
      vertex 11.5 -9.56947 -0.627215
    endloop
  endfacet
  facet normal -1 0 0
    outer loop
      vertex 11.5 -9.50796 -1.25175
      vertex 11.5 -10.9238 -0.599999
      vertex 11.5 -9.51194 -1.2113
    endloop
  endfacet
  facet normal -1 0 0
    outer loop
      vertex 11.5 -9.56947 -0.627215
      vertex 11.5 -10.9238 -0.599999
      vertex 11.5 -9.57036 -0.599999
    endloop
  endfacet
  facet normal -1 0 0
    outer loop
      vertex 11.5 -9.7603 -4.94229
      vertex 11.5 -11.5485 -4.78354
      vertex 11.5 -10.3963 -3.40685
    endloop
  endfacet
  facet normal -1 0 0
    outer loop
      vertex 11.5 -12.0741 -3.23524
      vertex 11.5 -10.3963 -3.40685
      vertex 11.5 -11.8366 -4.01799
    endloop
  endfacet
  facet normal -1 0 0
    outer loop
      vertex 11.5 -11.8366 -4.01799
      vertex 11.5 -10.3963 -3.40685
      vertex 11.5 -11.5485 -4.78354
    endloop
  endfacet
  facet normal -1 0 0
    outer loop
      vertex 11.5 -9.62429 1.95766
      vertex 11.5 -9.41235 1.83081
      vertex 11.5 -9.50796 1.25175
    endloop
  endfacet
  facet normal -1 0 0
    outer loop
      vertex 11.5 -9.40573 1.87092
      vertex 11.5 -9.62429 1.95766
      vertex 11.5 -9.39955 1.89744
    endloop
  endfacet
  facet normal -1 0 0
    outer loop
      vertex 11.5 -9.41235 1.83081
      vertex 11.5 -9.62429 1.95766
      vertex 11.5 -9.40573 1.87092
    endloop
  endfacet
  facet normal -1 0 0
    outer loop
      vertex 11.5 -10.9238 0.599999
      vertex 11.5 -9.50796 1.25175
      vertex 11.5 -9.51194 1.2113
    endloop
  endfacet
  facet normal -1 0 0
    outer loop
      vertex 11.5 -10.9238 0.599999
      vertex 11.5 -9.51194 1.2113
      vertex 11.5 -9.56947 0.627215
    endloop
  endfacet
  facet normal -1 0 0
    outer loop
      vertex 11.5 -10.9238 0.599999
      vertex 11.5 -9.56947 0.627215
      vertex 11.5 -9.57036 0.599999
    endloop
  endfacet
  facet normal -1 -0 0
    outer loop
      vertex 11.5 -9.50796 1.25175
      vertex 11.5 -10.9238 0.599999
      vertex 11.5 -10.7069 2.24773
    endloop
  endfacet
  facet normal -1 0 0
    outer loop
      vertex 11.5 -9.50796 1.25175
      vertex 11.5 -10.7069 2.24773
      vertex 11.5 -9.62429 1.95766
    endloop
  endfacet
  facet normal -1 0 0
    outer loop
      vertex 11.5 -12.3931 1.63158
      vertex 11.5 -10.7069 2.24773
      vertex 11.5 -10.9238 0.599999
    endloop
  endfacet
  facet normal -1 0 0
    outer loop
      vertex 11.5 -10.3963 -3.40685
      vertex 11.5 -12.0741 -3.23524
      vertex 11.5 -10.7069 -2.24773
    endloop
  endfacet
  facet normal -1 0 0
    outer loop
      vertex 11.5 -9.7603 4.94229
      vertex 11.5 -11.2109 5.52861
      vertex 11.5 -10.8253 6.25
    endloop
  endfacet
  facet normal -1 0 0
    outer loop
      vertex 11.5 -12.2598 -2.43863
      vertex 11.5 -10.7069 -2.24773
      vertex 11.5 -12.0741 -3.23524
    endloop
  endfacet
  facet normal -1 -0 0
    outer loop
      vertex 11.5 -9.7603 4.94229
      vertex 11.5 -11.5485 4.78354
      vertex 11.5 -11.2109 5.52861
    endloop
  endfacet
  facet normal -1 0 0
    outer loop
      vertex 11.5 -12.3931 -1.63158
      vertex 11.5 -10.7069 -2.24773
      vertex 11.5 -12.2598 -2.43863
    endloop
  endfacet
  facet normal -1 0 0
    outer loop
      vertex 11.5 -10.3963 3.40685
      vertex 11.5 -11.8366 4.01799
      vertex 11.5 -11.5485 4.78354
    endloop
  endfacet
  facet normal -1 0 0
    outer loop
      vertex 11.5 -10.7069 -2.24773
      vertex 11.5 -12.3931 -1.63158
      vertex 11.5 -10.9238 -0.599999
    endloop
  endfacet
  facet normal -1 -0 0
    outer loop
      vertex 11.5 -10.3963 3.40685
      vertex 11.5 -12.0741 3.23524
      vertex 11.5 -11.8366 4.01799
    endloop
  endfacet
  facet normal -1 0 0
    outer loop
      vertex 11.5 -12.4732 -0.817538
      vertex 11.5 -10.9238 -0.599999
      vertex 11.5 -12.3931 -1.63158
    endloop
  endfacet
  facet normal -1 0 0
    outer loop
      vertex 11.5 -10.7069 2.24773
      vertex 11.5 -12.2598 2.43863
      vertex 11.5 -12.0741 3.23524
    endloop
  endfacet
  facet normal -1 0 0
    outer loop
      vertex 11.5 -12.5 0
      vertex 11.5 -10.9238 -0.599999
      vertex 11.5 -12.4732 -0.817538
    endloop
  endfacet
  facet normal -1 -0 0
    outer loop
      vertex 11.5 -10.7069 2.24773
      vertex 11.5 -12.3931 1.63158
      vertex 11.5 -12.2598 2.43863
    endloop
  endfacet
  facet normal -1 0 0
    outer loop
      vertex 11.5 -10.9238 -0.599999
      vertex 11.5 -12.5 0
      vertex 11.5 -10.9238 0.599999
    endloop
  endfacet
  facet normal -1 0 0
    outer loop
      vertex 11.5 -10.9238 0.599999
      vertex 11.5 -12.4732 0.817538
      vertex 11.5 -12.3931 1.63158
    endloop
  endfacet
  facet normal -1 -0 0
    outer loop
      vertex 11.5 -10.9238 0.599999
      vertex 11.5 -12.5 0
      vertex 11.5 -12.4732 0.817538
    endloop
  endfacet
  facet normal -0 0.352215 0.935919
    outer loop
      vertex 11.5 4.78354 11.5485
      vertex 13 4.01799 11.8366
      vertex 13 4.78354 11.5485
    endloop
  endfacet
  facet normal 0 0.352215 0.935919
    outer loop
      vertex 13 4.01799 11.8366
      vertex 11.5 4.78354 11.5485
      vertex 11.5 4.01799 11.8366
    endloop
  endfacet
  facet normal 0 0.986632 -0.162962
    outer loop
      vertex 13 12.2598 -2.43863
      vertex 11.5 12.3931 -1.63158
      vertex 13 12.3931 -1.63158
    endloop
  endfacet
  facet normal 0 0.986632 -0.162962
    outer loop
      vertex 11.5 12.3931 -1.63158
      vertex 13 12.2598 -2.43863
      vertex 11.5 12.2598 -2.43863
    endloop
  endfacet
  facet normal -0 0.582499 0.812831
    outer loop
      vertex 11.5 7.60952 9.91692
      vertex 13 6.94463 10.3934
      vertex 13 7.60952 9.91692
    endloop
  endfacet
  facet normal 0 0.582499 0.812831
    outer loop
      vertex 13 6.94463 10.3934
      vertex 11.5 7.60952 9.91692
      vertex 11.5 6.94463 10.3934
    endloop
  endfacet
  facet normal 0 -0.162962 0.986632
    outer loop
      vertex 11.5 -1.63158 12.3931
      vertex 13 -2.43863 12.2598
      vertex 13 -1.63158 12.3931
    endloop
  endfacet
  facet normal 0 -0.162962 0.986632
    outer loop
      vertex 13 -2.43863 12.2598
      vertex 11.5 -1.63158 12.3931
      vertex 11.5 -2.43863 12.2598
    endloop
  endfacet
  facet normal 0 0.812831 0.582499
    outer loop
      vertex 13 10.3934 6.94463
      vertex 11.5 9.91692 7.60952
      vertex 13 9.91692 7.60952
    endloop
  endfacet
  facet normal 0 0.812831 0.582499
    outer loop
      vertex 11.5 9.91692 7.60952
      vertex 13 10.3934 6.94463
      vertex 11.5 10.3934 6.94463
    endloop
  endfacet
  facet normal 0 -0.097925 0.995194
    outer loop
      vertex 11.5 -0.817538 12.4732
      vertex 13 -1.63158 12.3931
      vertex 13 -0.817538 12.4732
    endloop
  endfacet
  facet normal 0 -0.097925 0.995194
    outer loop
      vertex 13 -1.63158 12.3931
      vertex 11.5 -0.817538 12.4732
      vertex 11.5 -1.63158 12.3931
    endloop
  endfacet
  facet normal 0 0.41272 -0.910858
    outer loop
      vertex 11.5 4.78354 -11.5485
      vertex 13 5.52861 -11.2109
      vertex 13 4.78354 -11.5485
    endloop
  endfacet
  facet normal 0 0.41272 -0.910858
    outer loop
      vertex 13 5.52861 -11.2109
      vertex 11.5 4.78354 -11.5485
      vertex 11.5 5.52861 -11.2109
    endloop
  endfacet
  facet normal 0 0.162962 -0.986632
    outer loop
      vertex 11.5 1.63158 -12.3931
      vertex 13 2.43863 -12.2598
      vertex 13 1.63158 -12.3931
    endloop
  endfacet
  facet normal 0 0.162962 -0.986632
    outer loop
      vertex 13 2.43863 -12.2598
      vertex 11.5 1.63158 -12.3931
      vertex 11.5 2.43863 -12.2598
    endloop
  endfacet
  facet normal -0 0.290347 0.956922
    outer loop
      vertex 11.5 4.01799 11.8366
      vertex 13 3.23524 12.0741
      vertex 13 4.01799 11.8366
    endloop
  endfacet
  facet normal 0 0.290347 0.956922
    outer loop
      vertex 13 3.23524 12.0741
      vertex 11.5 4.01799 11.8366
      vertex 11.5 3.23524 12.0741
    endloop
  endfacet
  facet normal 0 -0.290347 0.956922
    outer loop
      vertex 11.5 -3.23524 12.0741
      vertex 13 -4.01799 11.8366
      vertex 13 -3.23524 12.0741
    endloop
  endfacet
  facet normal 0 -0.290347 0.956922
    outer loop
      vertex 13 -4.01799 11.8366
      vertex 11.5 -3.23524 12.0741
      vertex 11.5 -4.01799 11.8366
    endloop
  endfacet
  facet normal 0 0.910858 0.41272
    outer loop
      vertex 13 11.5485 4.78354
      vertex 11.5 11.2109 5.52861
      vertex 13 11.2109 5.52861
    endloop
  endfacet
  facet normal 0 0.910858 0.41272
    outer loop
      vertex 11.5 11.2109 5.52861
      vertex 13 11.5485 4.78354
      vertex 11.5 11.5485 4.78354
    endloop
  endfacet
  facet normal 0 -0.352215 0.935919
    outer loop
      vertex 11.5 -4.01799 11.8366
      vertex 13 -4.78354 11.5485
      vertex 13 -4.01799 11.8366
    endloop
  endfacet
  facet normal 0 -0.352215 0.935919
    outer loop
      vertex 13 -4.78354 11.5485
      vertex 11.5 -4.01799 11.8366
      vertex 11.5 -4.78354 11.5485
    endloop
  endfacet
  facet normal 0 0.910858 -0.41272
    outer loop
      vertex 13 11.2109 -5.52861
      vertex 11.5 11.5485 -4.78354
      vertex 13 11.5485 -4.78354
    endloop
  endfacet
  facet normal 0 0.910858 -0.41272
    outer loop
      vertex 11.5 11.5485 -4.78354
      vertex 13 11.2109 -5.52861
      vertex 11.5 11.2109 -5.52861
    endloop
  endfacet
  facet normal 0 -0.290347 -0.956922
    outer loop
      vertex 11.5 -4.01799 -11.8366
      vertex 13 -3.23524 -12.0741
      vertex 13 -4.01799 -11.8366
    endloop
  endfacet
  facet normal -0 -0.290347 -0.956922
    outer loop
      vertex 13 -3.23524 -12.0741
      vertex 11.5 -4.01799 -11.8366
      vertex 11.5 -3.23524 -12.0741
    endloop
  endfacet
  facet normal 0 -0.41272 -0.910858
    outer loop
      vertex 11.5 -5.52861 -11.2109
      vertex 13 -4.78354 -11.5485
      vertex 13 -5.52861 -11.2109
    endloop
  endfacet
  facet normal -0 -0.41272 -0.910858
    outer loop
      vertex 13 -4.78354 -11.5485
      vertex 11.5 -5.52861 -11.2109
      vertex 11.5 -4.78354 -11.5485
    endloop
  endfacet
  facet normal -0 0.683598 0.729859
    outer loop
      vertex 11.5 8.83883 8.83883
      vertex 13 8.24182 9.398
      vertex 13 8.83883 8.83883
    endloop
  endfacet
  facet normal 0 0.683598 0.729859
    outer loop
      vertex 13 8.24182 9.398
      vertex 11.5 8.83883 8.83883
      vertex 11.5 8.24182 9.398
    endloop
  endfacet
  facet normal 0 -0.849229 -0.528025
    outer loop
      vertex 11.5 -10.3934 -6.94463
      vertex 13 -10.8253 -6.25
      vertex 11.5 -10.8253 -6.25
    endloop
  endfacet
  facet normal 0 -0.849229 -0.528025
    outer loop
      vertex 13 -10.8253 -6.25
      vertex 11.5 -10.3934 -6.94463
      vertex 13 -10.3934 -6.94463
    endloop
  endfacet
  facet normal 0 0.097925 -0.995194
    outer loop
      vertex 11.5 0.817538 -12.4732
      vertex 13 1.63158 -12.3931
      vertex 13 0.817538 -12.4732
    endloop
  endfacet
  facet normal 0 0.097925 -0.995194
    outer loop
      vertex 13 1.63158 -12.3931
      vertex 11.5 0.817538 -12.4732
      vertex 11.5 1.63158 -12.3931
    endloop
  endfacet
  facet normal 0 -0.227026 0.973889
    outer loop
      vertex 11.5 -2.43863 12.2598
      vertex 13 -3.23524 12.0741
      vertex 13 -2.43863 12.2598
    endloop
  endfacet
  facet normal 0 -0.227026 0.973889
    outer loop
      vertex 13 -3.23524 12.0741
      vertex 11.5 -2.43863 12.2598
      vertex 11.5 -3.23524 12.0741
    endloop
  endfacet
  facet normal 0 -0.162962 -0.986632
    outer loop
      vertex 11.5 -2.43863 -12.2598
      vertex 13 -1.63158 -12.3931
      vertex 13 -2.43863 -12.2598
    endloop
  endfacet
  facet normal -0 -0.162962 -0.986632
    outer loop
      vertex 13 -1.63158 -12.3931
      vertex 11.5 -2.43863 -12.2598
      vertex 11.5 -1.63158 -12.3931
    endloop
  endfacet
  facet normal -0 0.471405 0.881917
    outer loop
      vertex 11.5 6.25 10.8253
      vertex 13 5.52861 11.2109
      vertex 13 6.25 10.8253
    endloop
  endfacet
  facet normal 0 0.471405 0.881917
    outer loop
      vertex 13 5.52861 11.2109
      vertex 11.5 6.25 10.8253
      vertex 11.5 5.52861 11.2109
    endloop
  endfacet
  facet normal 0 -0.881917 0.471405
    outer loop
      vertex 11.5 -11.2109 5.52861
      vertex 13 -10.8253 6.25
      vertex 11.5 -10.8253 6.25
    endloop
  endfacet
  facet normal 0 -0.881917 0.471405
    outer loop
      vertex 13 -10.8253 6.25
      vertex 11.5 -11.2109 5.52861
      vertex 13 -11.2109 5.52861
    endloop
  endfacet
  facet normal 0 0.227026 -0.973889
    outer loop
      vertex 11.5 2.43863 -12.2598
      vertex 13 3.23524 -12.0741
      vertex 13 2.43863 -12.2598
    endloop
  endfacet
  facet normal 0 0.227026 -0.973889
    outer loop
      vertex 13 3.23524 -12.0741
      vertex 11.5 2.43863 -12.2598
      vertex 11.5 3.23524 -12.0741
    endloop
  endfacet
  facet normal 0 -0.999463 -0.0327638
    outer loop
      vertex 11.5 -12.4732 -0.817538
      vertex 13 -12.5 0
      vertex 11.5 -12.5 0
    endloop
  endfacet
  facet normal 0 -0.999463 -0.0327638
    outer loop
      vertex 13 -12.5 0
      vertex 11.5 -12.4732 -0.817538
      vertex 13 -12.4732 -0.817538
    endloop
  endfacet
  facet normal 0 0.986632 0.162962
    outer loop
      vertex 13 12.3931 1.63158
      vertex 11.5 12.2598 2.43863
      vertex 13 12.2598 2.43863
    endloop
  endfacet
  facet normal 0 0.986632 0.162962
    outer loop
      vertex 11.5 12.2598 2.43863
      vertex 13 12.3931 1.63158
      vertex 11.5 12.3931 1.63158
    endloop
  endfacet
  facet normal 0 -0.582499 -0.812831
    outer loop
      vertex 11.5 -7.60952 -9.91692
      vertex 13 -6.94463 -10.3934
      vertex 13 -7.60952 -9.91692
    endloop
  endfacet
  facet normal -0 -0.582499 -0.812831
    outer loop
      vertex 13 -6.94463 -10.3934
      vertex 11.5 -7.60952 -9.91692
      vertex 11.5 -6.94463 -10.3934
    endloop
  endfacet
  facet normal 0 -0.999463 0.0327638
    outer loop
      vertex 11.5 -12.5 0
      vertex 13 -12.4732 0.817538
      vertex 11.5 -12.4732 0.817538
    endloop
  endfacet
  facet normal 0 -0.999463 0.0327638
    outer loop
      vertex 13 -12.4732 0.817538
      vertex 11.5 -12.5 0
      vertex 13 -12.5 0
    endloop
  endfacet
  facet normal 0 -0.528025 -0.849229
    outer loop
      vertex 11.5 -6.94463 -10.3934
      vertex 13 -6.25 -10.8253
      vertex 13 -6.94463 -10.3934
    endloop
  endfacet
  facet normal -0 -0.528025 -0.849229
    outer loop
      vertex 13 -6.25 -10.8253
      vertex 11.5 -6.94463 -10.3934
      vertex 11.5 -6.25 -10.8253
    endloop
  endfacet
  facet normal 0 0.471405 -0.881917
    outer loop
      vertex 11.5 5.52861 -11.2109
      vertex 13 6.25 -10.8253
      vertex 13 5.52861 -11.2109
    endloop
  endfacet
  facet normal 0 0.471405 -0.881917
    outer loop
      vertex 13 6.25 -10.8253
      vertex 11.5 5.52861 -11.2109
      vertex 11.5 6.25 -10.8253
    endloop
  endfacet
  facet normal 0 -0.956922 -0.290347
    outer loop
      vertex 11.5 -11.8366 -4.01799
      vertex 13 -12.0741 -3.23524
      vertex 11.5 -12.0741 -3.23524
    endloop
  endfacet
  facet normal 0 -0.956922 -0.290347
    outer loop
      vertex 13 -12.0741 -3.23524
      vertex 11.5 -11.8366 -4.01799
      vertex 13 -11.8366 -4.01799
    endloop
  endfacet
  facet normal 0 -0.683598 0.729859
    outer loop
      vertex 11.5 -8.24182 9.398
      vertex 13 -8.83883 8.83883
      vertex 13 -8.24182 9.398
    endloop
  endfacet
  facet normal 0 -0.683598 0.729859
    outer loop
      vertex 13 -8.83883 8.83883
      vertex 11.5 -8.24182 9.398
      vertex 11.5 -8.83883 8.83883
    endloop
  endfacet
  facet normal 0 0.956922 0.290347
    outer loop
      vertex 13 12.0741 3.23524
      vertex 11.5 11.8366 4.01799
      vertex 13 11.8366 4.01799
    endloop
  endfacet
  facet normal 0 0.956922 0.290347
    outer loop
      vertex 11.5 11.8366 4.01799
      vertex 13 12.0741 3.23524
      vertex 11.5 12.0741 3.23524
    endloop
  endfacet
  facet normal 0 -0.986632 -0.162962
    outer loop
      vertex 11.5 -12.2598 -2.43863
      vertex 13 -12.3931 -1.63158
      vertex 11.5 -12.3931 -1.63158
    endloop
  endfacet
  facet normal 0 -0.986632 -0.162962
    outer loop
      vertex 13 -12.3931 -1.63158
      vertex 11.5 -12.2598 -2.43863
      vertex 13 -12.2598 -2.43863
    endloop
  endfacet
  facet normal 0 -0.956922 0.290347
    outer loop
      vertex 11.5 -12.0741 3.23524
      vertex 13 -11.8366 4.01799
      vertex 11.5 -11.8366 4.01799
    endloop
  endfacet
  facet normal 0 -0.956922 0.290347
    outer loop
      vertex 13 -11.8366 4.01799
      vertex 11.5 -12.0741 3.23524
      vertex 13 -12.0741 3.23524
    endloop
  endfacet
  facet normal 0 0.582499 -0.812831
    outer loop
      vertex 11.5 6.94463 -10.3934
      vertex 13 7.60952 -9.91692
      vertex 13 6.94463 -10.3934
    endloop
  endfacet
  facet normal 0 0.582499 -0.812831
    outer loop
      vertex 13 7.60952 -9.91692
      vertex 11.5 6.94463 -10.3934
      vertex 11.5 7.60952 -9.91692
    endloop
  endfacet
  facet normal 0 0.352215 -0.935919
    outer loop
      vertex 11.5 4.01799 -11.8366
      vertex 13 4.78354 -11.5485
      vertex 13 4.01799 -11.8366
    endloop
  endfacet
  facet normal 0 0.352215 -0.935919
    outer loop
      vertex 13 4.78354 -11.5485
      vertex 11.5 4.01799 -11.8366
      vertex 11.5 4.78354 -11.5485
    endloop
  endfacet
  facet normal 0 -0.935919 0.352215
    outer loop
      vertex 11.5 -11.8366 4.01799
      vertex 13 -11.5485 4.78354
      vertex 11.5 -11.5485 4.78354
    endloop
  endfacet
  facet normal 0 -0.935919 0.352215
    outer loop
      vertex 13 -11.5485 4.78354
      vertex 11.5 -11.8366 4.01799
      vertex 13 -11.8366 4.01799
    endloop
  endfacet
  facet normal -0 0.227026 0.973889
    outer loop
      vertex 11.5 3.23524 12.0741
      vertex 13 2.43863 12.2598
      vertex 13 3.23524 12.0741
    endloop
  endfacet
  facet normal 0 0.227026 0.973889
    outer loop
      vertex 13 2.43863 12.2598
      vertex 11.5 3.23524 12.0741
      vertex 11.5 2.43863 12.2598
    endloop
  endfacet
  facet normal 0 -0.973889 -0.227026
    outer loop
      vertex 11.5 -12.0741 -3.23524
      vertex 13 -12.2598 -2.43863
      vertex 11.5 -12.2598 -2.43863
    endloop
  endfacet
  facet normal 0 -0.973889 -0.227026
    outer loop
      vertex 13 -12.2598 -2.43863
      vertex 11.5 -12.0741 -3.23524
      vertex 13 -12.0741 -3.23524
    endloop
  endfacet
  facet normal 0 0.528025 -0.849229
    outer loop
      vertex 11.5 6.25 -10.8253
      vertex 13 6.94463 -10.3934
      vertex 13 6.25 -10.8253
    endloop
  endfacet
  facet normal 0 0.528025 -0.849229
    outer loop
      vertex 13 6.94463 -10.3934
      vertex 11.5 6.25 -10.8253
      vertex 11.5 6.94463 -10.3934
    endloop
  endfacet
  facet normal -0 0.162962 0.986632
    outer loop
      vertex 11.5 2.43863 12.2598
      vertex 13 1.63158 12.3931
      vertex 13 2.43863 12.2598
    endloop
  endfacet
  facet normal 0 0.162962 0.986632
    outer loop
      vertex 13 1.63158 12.3931
      vertex 11.5 2.43863 12.2598
      vertex 11.5 1.63158 12.3931
    endloop
  endfacet
  facet normal 0 0.773008 -0.634397
    outer loop
      vertex 13 9.398 -8.24182
      vertex 11.5 9.91692 -7.60952
      vertex 13 9.91692 -7.60952
    endloop
  endfacet
  facet normal 0 0.773008 -0.634397
    outer loop
      vertex 11.5 9.91692 -7.60952
      vertex 13 9.398 -8.24182
      vertex 11.5 9.398 -8.24182
    endloop
  endfacet
  facet normal 0 0.995194 -0.097925
    outer loop
      vertex 13 12.3931 -1.63158
      vertex 11.5 12.4732 -0.817538
      vertex 13 12.4732 -0.817538
    endloop
  endfacet
  facet normal 0 0.995194 -0.097925
    outer loop
      vertex 11.5 12.4732 -0.817538
      vertex 13 12.3931 -1.63158
      vertex 11.5 12.3931 -1.63158
    endloop
  endfacet
  facet normal 0 0.683598 -0.729859
    outer loop
      vertex 11.5 8.24182 -9.398
      vertex 13 8.83883 -8.83883
      vertex 13 8.24182 -9.398
    endloop
  endfacet
  facet normal 0 0.683598 -0.729859
    outer loop
      vertex 13 8.83883 -8.83883
      vertex 11.5 8.24182 -9.398
      vertex 11.5 8.83883 -8.83883
    endloop
  endfacet
  facet normal 0 0.849229 -0.528025
    outer loop
      vertex 13 10.3934 -6.94463
      vertex 11.5 10.8253 -6.25
      vertex 13 10.8253 -6.25
    endloop
  endfacet
  facet normal 0 0.849229 -0.528025
    outer loop
      vertex 11.5 10.8253 -6.25
      vertex 13 10.3934 -6.94463
      vertex 11.5 10.3934 -6.94463
    endloop
  endfacet
  facet normal 0 0.812831 -0.582499
    outer loop
      vertex 13 9.91692 -7.60952
      vertex 11.5 10.3934 -6.94463
      vertex 13 10.3934 -6.94463
    endloop
  endfacet
  facet normal 0 0.812831 -0.582499
    outer loop
      vertex 11.5 10.3934 -6.94463
      vertex 13 9.91692 -7.60952
      vertex 11.5 9.91692 -7.60952
    endloop
  endfacet
  facet normal 0 -0.729859 0.683598
    outer loop
      vertex 11.5 -9.398 8.24182
      vertex 13 -8.83883 8.83883
      vertex 11.5 -8.83883 8.83883
    endloop
  endfacet
  facet normal 0 -0.729859 0.683598
    outer loop
      vertex 13 -8.83883 8.83883
      vertex 11.5 -9.398 8.24182
      vertex 13 -9.398 8.24182
    endloop
  endfacet
  facet normal 0 0.999463 -0.0327638
    outer loop
      vertex 13 12.4732 -0.817538
      vertex 11.5 12.5 0
      vertex 13 12.5 0
    endloop
  endfacet
  facet normal 0 0.999463 -0.0327638
    outer loop
      vertex 11.5 12.5 0
      vertex 13 12.4732 -0.817538
      vertex 11.5 12.4732 -0.817538
    endloop
  endfacet
  facet normal 0 -0.582499 0.812831
    outer loop
      vertex 11.5 -6.94463 10.3934
      vertex 13 -7.60952 9.91692
      vertex 13 -6.94463 10.3934
    endloop
  endfacet
  facet normal 0 -0.582499 0.812831
    outer loop
      vertex 13 -7.60952 9.91692
      vertex 11.5 -6.94463 10.3934
      vertex 11.5 -7.60952 9.91692
    endloop
  endfacet
  facet normal 0 -0.097925 -0.995194
    outer loop
      vertex 11.5 -1.63158 -12.3931
      vertex 13 -0.817538 -12.4732
      vertex 13 -1.63158 -12.3931
    endloop
  endfacet
  facet normal -0 -0.097925 -0.995194
    outer loop
      vertex 13 -0.817538 -12.4732
      vertex 11.5 -1.63158 -12.3931
      vertex 11.5 -0.817538 -12.4732
    endloop
  endfacet
  facet normal 0 0.999463 0.0327638
    outer loop
      vertex 13 12.5 0
      vertex 11.5 12.4732 0.817538
      vertex 13 12.4732 0.817538
    endloop
  endfacet
  facet normal 0 0.999463 0.0327638
    outer loop
      vertex 11.5 12.4732 0.817538
      vertex 13 12.5 0
      vertex 11.5 12.5 0
    endloop
  endfacet
  facet normal 0 -0.634397 -0.773008
    outer loop
      vertex 11.5 -8.24182 -9.398
      vertex 13 -7.60952 -9.91692
      vertex 13 -8.24182 -9.398
    endloop
  endfacet
  facet normal -0 -0.634397 -0.773008
    outer loop
      vertex 13 -7.60952 -9.91692
      vertex 11.5 -8.24182 -9.398
      vertex 11.5 -7.60952 -9.91692
    endloop
  endfacet
  facet normal 0 -0.41272 0.910858
    outer loop
      vertex 11.5 -4.78354 11.5485
      vertex 13 -5.52861 11.2109
      vertex 13 -4.78354 11.5485
    endloop
  endfacet
  facet normal 0 -0.41272 0.910858
    outer loop
      vertex 13 -5.52861 11.2109
      vertex 11.5 -4.78354 11.5485
      vertex 11.5 -5.52861 11.2109
    endloop
  endfacet
  facet normal 0 -0.528025 0.849229
    outer loop
      vertex 11.5 -6.25 10.8253
      vertex 13 -6.94463 10.3934
      vertex 13 -6.25 10.8253
    endloop
  endfacet
  facet normal 0 -0.528025 0.849229
    outer loop
      vertex 13 -6.94463 10.3934
      vertex 11.5 -6.25 10.8253
      vertex 11.5 -6.94463 10.3934
    endloop
  endfacet
  facet normal 0 -0.773008 -0.634397
    outer loop
      vertex 11.5 -9.398 -8.24182
      vertex 13 -9.91692 -7.60952
      vertex 11.5 -9.91692 -7.60952
    endloop
  endfacet
  facet normal 0 -0.773008 -0.634397
    outer loop
      vertex 13 -9.91692 -7.60952
      vertex 11.5 -9.398 -8.24182
      vertex 13 -9.398 -8.24182
    endloop
  endfacet
  facet normal 0 -0.471405 -0.881917
    outer loop
      vertex 11.5 -6.25 -10.8253
      vertex 13 -5.52861 -11.2109
      vertex 13 -6.25 -10.8253
    endloop
  endfacet
  facet normal -0 -0.471405 -0.881917
    outer loop
      vertex 13 -5.52861 -11.2109
      vertex 11.5 -6.25 -10.8253
      vertex 11.5 -5.52861 -11.2109
    endloop
  endfacet
  facet normal 0 0.634397 -0.773008
    outer loop
      vertex 11.5 7.60952 -9.91692
      vertex 13 8.24182 -9.398
      vertex 13 7.60952 -9.91692
    endloop
  endfacet
  facet normal 0 0.634397 -0.773008
    outer loop
      vertex 13 8.24182 -9.398
      vertex 11.5 7.60952 -9.91692
      vertex 11.5 8.24182 -9.398
    endloop
  endfacet
  facet normal 0 -0.910858 -0.41272
    outer loop
      vertex 11.5 -11.2109 -5.52861
      vertex 13 -11.5485 -4.78354
      vertex 11.5 -11.5485 -4.78354
    endloop
  endfacet
  facet normal 0 -0.910858 -0.41272
    outer loop
      vertex 13 -11.5485 -4.78354
      vertex 11.5 -11.2109 -5.52861
      vertex 13 -11.2109 -5.52861
    endloop
  endfacet
  facet normal 0 0.973889 0.227026
    outer loop
      vertex 13 12.2598 2.43863
      vertex 11.5 12.0741 3.23524
      vertex 13 12.0741 3.23524
    endloop
  endfacet
  facet normal 0 0.973889 0.227026
    outer loop
      vertex 11.5 12.0741 3.23524
      vertex 13 12.2598 2.43863
      vertex 11.5 12.2598 2.43863
    endloop
  endfacet
  facet normal 0 0.881917 -0.471405
    outer loop
      vertex 13 10.8253 -6.25
      vertex 11.5 11.2109 -5.52861
      vertex 13 11.2109 -5.52861
    endloop
  endfacet
  facet normal 0 0.881917 -0.471405
    outer loop
      vertex 11.5 11.2109 -5.52861
      vertex 13 10.8253 -6.25
      vertex 11.5 10.8253 -6.25
    endloop
  endfacet
  facet normal 0 -0.812831 -0.582499
    outer loop
      vertex 11.5 -9.91692 -7.60952
      vertex 13 -10.3934 -6.94463
      vertex 11.5 -10.3934 -6.94463
    endloop
  endfacet
  facet normal 0 -0.812831 -0.582499
    outer loop
      vertex 13 -10.3934 -6.94463
      vertex 11.5 -9.91692 -7.60952
      vertex 13 -9.91692 -7.60952
    endloop
  endfacet
  facet normal 0 -0.812831 0.582499
    outer loop
      vertex 11.5 -10.3934 6.94463
      vertex 13 -9.91692 7.60952
      vertex 11.5 -9.91692 7.60952
    endloop
  endfacet
  facet normal 0 -0.812831 0.582499
    outer loop
      vertex 13 -9.91692 7.60952
      vertex 11.5 -10.3934 6.94463
      vertex 13 -10.3934 6.94463
    endloop
  endfacet
  facet normal 0 -0.881917 -0.471405
    outer loop
      vertex 11.5 -10.8253 -6.25
      vertex 13 -11.2109 -5.52861
      vertex 11.5 -11.2109 -5.52861
    endloop
  endfacet
  facet normal 0 -0.881917 -0.471405
    outer loop
      vertex 13 -11.2109 -5.52861
      vertex 11.5 -10.8253 -6.25
      vertex 13 -10.8253 -6.25
    endloop
  endfacet
  facet normal 0 0.162852 -0.986651
    outer loop
      vertex 16 0.391578 9.02567
      vertex 16.2 0.585271 9.05764
      vertex 16.2 0.391578 9.02567
    endloop
  endfacet
  facet normal 0 0.162852 -0.986651
    outer loop
      vertex 16.2 0.585271 9.05764
      vertex 16 0.391578 9.02567
      vertex 16 0.585271 9.05764
    endloop
  endfacet
  facet normal 0 0.95691 0.290385
    outer loop
      vertex 16.2 2.89778 12.7765
      vertex 16 2.84079 12.9643
      vertex 16.2 2.84079 12.9643
    endloop
  endfacet
  facet normal 0 0.95691 0.290385
    outer loop
      vertex 16 2.84079 12.9643
      vertex 16.2 2.89778 12.7765
      vertex 16 2.89778 12.7765
    endloop
  endfacet
  facet normal 0 0.995182 0.0980413
    outer loop
      vertex 16.2 2.99358 12.1962
      vertex 16 2.97433 12.3916
      vertex 16.2 2.97433 12.3916
    endloop
  endfacet
  facet normal 0 0.995182 0.0980413
    outer loop
      vertex 16 2.97433 12.3916
      vertex 16.2 2.99358 12.1962
      vertex 16 2.99358 12.1962
    endloop
  endfacet
  facet normal 0 0.634374 -0.773026
    outer loop
      vertex 14.5 1.82628 9.61994
      vertex 16.2 1.97804 9.74448
      vertex 16.2 1.82628 9.61994
    endloop
  endfacet
  facet normal 0 0.634374 -0.773026
    outer loop
      vertex 16.2 1.97804 9.74448
      vertex 14.5 1.82628 9.61994
      vertex 14.5 1.97804 9.74448
    endloop
  endfacet
  facet normal 0 -0.72995 -0.683501
    outer loop
      vertex 14.5 -2.12132 9.87868
      vertex 16.2 -2.25552 10.022
      vertex 14.5 -2.25552 10.022
    endloop
  endfacet
  facet normal 0 -0.72995 -0.683501
    outer loop
      vertex 16.2 -2.25552 10.022
      vertex 14.5 -2.12132 9.87868
      vertex 16.2 -2.12132 9.87868
    endloop
  endfacet
  facet normal 0 0.910938 0.412544
    outer loop
      vertex 16.2 2.77164 13.148
      vertex 16 2.69062 13.3269
      vertex 16.2 2.69062 13.3269
    endloop
  endfacet
  facet normal 0 0.910938 0.412544
    outer loop
      vertex 16 2.69062 13.3269
      vertex 16.2 2.77164 13.148
      vertex 16 2.77164 13.148
    endloop
  endfacet
  facet normal 0 0.471397 -0.881921
    outer loop
      vertex 16 1.32687 9.30938
      vertex 16.2 1.5 9.40192
      vertex 16.2 1.32687 9.30938
    endloop
  endfacet
  facet normal 0 0.471397 -0.881921
    outer loop
      vertex 16.2 1.5 9.40192
      vertex 16 1.32687 9.30938
      vertex 16 1.5 9.40192
    endloop
  endfacet
  facet normal 0 0.227084 -0.973875
    outer loop
      vertex 16 0.585271 9.05764
      vertex 16.2 0.776457 9.10222
      vertex 16.2 0.585271 9.05764
    endloop
  endfacet
  facet normal 0 0.227084 -0.973875
    outer loop
      vertex 16.2 0.776457 9.10222
      vertex 16 0.585271 9.05764
      vertex 16 0.776457 9.10222
    endloop
  endfacet
  facet normal 0 0.58249 -0.812838
    outer loop
      vertex 14.5 1.66671 9.50559
      vertex 16.2 1.82628 9.61994
      vertex 16.2 1.66671 9.50559
    endloop
  endfacet
  facet normal 0 0.58249 -0.812838
    outer loop
      vertex 16.2 1.82628 9.61994
      vertex 14.5 1.66671 9.50559
      vertex 14.5 1.82628 9.61994
    endloop
  endfacet
  facet normal 0 -0.999465 0.0327042
    outer loop
      vertex 16 -3 12
      vertex 16.2 -2.99358 12.1962
      vertex 16 -2.99358 12.1962
    endloop
  endfacet
  facet normal 0 -0.999465 0.0327042
    outer loop
      vertex 16.2 -2.99358 12.1962
      vertex 16 -3 12
      vertex 16.2 -3 12
    endloop
  endfacet
  facet normal 0 -0.986652 -0.162846
    outer loop
      vertex 14.5 -2.94236 11.4147
      vertex 16.2 -2.97433 11.6084
      vertex 14.5 -2.97433 11.6084
    endloop
  endfacet
  facet normal 0 -0.986652 -0.162846
    outer loop
      vertex 16.2 -2.97433 11.6084
      vertex 14.5 -2.94236 11.4147
      vertex 16.2 -2.94236 11.4147
    endloop
  endfacet
  facet normal 0 0.528079 -0.849195
    outer loop
      vertex 16 1.5 9.40192
      vertex 16.2 1.66671 9.50559
      vertex 16.2 1.5 9.40192
    endloop
  endfacet
  facet normal 0 0.528079 -0.849195
    outer loop
      vertex 14.5 1.66671 9.50559
      vertex 16 1.5 9.40192
      vertex 14.5 1.5 9.40192
    endloop
  endfacet
  facet normal 0 0.528079 -0.849195
    outer loop
      vertex 16 1.5 9.40192
      vertex 14.5 1.66671 9.50559
      vertex 16.2 1.66671 9.50559
    endloop
  endfacet
  facet normal 0 0.986652 -0.162846
    outer loop
      vertex 16.2 2.94236 11.4147
      vertex 14.5 2.97433 11.6084
      vertex 16.2 2.97433 11.6084
    endloop
  endfacet
  facet normal 0 0.986652 -0.162846
    outer loop
      vertex 14.5 2.97433 11.6084
      vertex 16.2 2.94236 11.4147
      vertex 14.5 2.94236 11.4147
    endloop
  endfacet
  facet normal 0 0.352242 -0.935909
    outer loop
      vertex 16 0.964318 9.15921
      vertex 16.2 1.14805 9.22836
      vertex 16.2 0.964318 9.15921
    endloop
  endfacet
  facet normal 0 0.352242 -0.935909
    outer loop
      vertex 16.2 1.14805 9.22836
      vertex 16 0.964318 9.15921
      vertex 16 1.14805 9.22836
    endloop
  endfacet
  facet normal 0 0.0327027 -0.999465
    outer loop
      vertex 16 0 9
      vertex 16.2 0.196209 9.00642
      vertex 16.2 0 9
    endloop
  endfacet
  facet normal 0 0.0327027 -0.999465
    outer loop
      vertex 16.2 0.196209 9.00642
      vertex 16 0 9
      vertex 16 0.196209 9.00642
    endloop
  endfacet
  facet normal -0 0.412613 0.910906
    outer loop
      vertex 16 1.32687 14.6906
      vertex 16.2 1.14805 14.7716
      vertex 16.2 1.32687 14.6906
    endloop
  endfacet
  facet normal 0 0.412613 0.910906
    outer loop
      vertex 16.2 1.14805 14.7716
      vertex 16 1.32687 14.6906
      vertex 16 1.14805 14.7716
    endloop
  endfacet
  facet normal 0 0.95691 -0.290385
    outer loop
      vertex 16.2 2.84079 11.0357
      vertex 14.5 2.89778 11.2235
      vertex 16.2 2.89778 11.2235
    endloop
  endfacet
  facet normal 0 0.95691 -0.290385
    outer loop
      vertex 14.5 2.89778 11.2235
      vertex 16.2 2.84079 11.0357
      vertex 14.5 2.84079 11.0357
    endloop
  endfacet
  facet normal 0 0.729902 0.683551
    outer loop
      vertex 16.2 2.25552 13.978
      vertex 16 2.12132 14.1213
      vertex 16.2 2.12132 14.1213
    endloop
  endfacet
  facet normal 0 0.729902 0.683551
    outer loop
      vertex 16 2.12132 14.1213
      vertex 16.2 2.25552 13.978
      vertex 16 2.25552 13.978
    endloop
  endfacet
  facet normal 0 -0.0983089 0.995156
    outer loop
      vertex 16 -0.196209 14.9936
      vertex 16.2 -0.391578 14.9743
      vertex 16.2 -0.196209 14.9936
    endloop
  endfacet
  facet normal 0 -0.0983089 0.995156
    outer loop
      vertex 16.2 -0.391578 14.9743
      vertex 16 -0.196209 14.9936
      vertex 16 -0.391578 14.9743
    endloop
  endfacet
  facet normal 0 -0.0327027 -0.999465
    outer loop
      vertex 16 -0.196209 9.00642
      vertex 16.2 0 9
      vertex 16.2 -0.196209 9.00642
    endloop
  endfacet
  facet normal -0 -0.0327027 -0.999465
    outer loop
      vertex 16.2 0 9
      vertex 16 -0.196209 9.00642
      vertex 16 0 9
    endloop
  endfacet
  facet normal 0 0.290299 -0.956936
    outer loop
      vertex 16 0.776457 9.10222
      vertex 16.2 0.964318 9.15921
      vertex 16.2 0.776457 9.10222
    endloop
  endfacet
  facet normal 0 0.290299 -0.956936
    outer loop
      vertex 16.2 0.964318 9.15921
      vertex 16 0.776457 9.10222
      vertex 16 0.964318 9.15921
    endloop
  endfacet
  facet normal 0 -0.0980567 -0.995181
    outer loop
      vertex 16 -0.391578 9.02567
      vertex 16.2 -0.196209 9.00642
      vertex 16.2 -0.391578 9.02567
    endloop
  endfacet
  facet normal -0 -0.0980567 -0.995181
    outer loop
      vertex 16.2 -0.196209 9.00642
      vertex 16 -0.391578 9.02567
      vertex 16 -0.196209 9.00642
    endloop
  endfacet
  facet normal 0 0.849181 -0.528102
    outer loop
      vertex 16.2 2.49441 10.3333
      vertex 14.5 2.59808 10.5
      vertex 16.2 2.59808 10.5
    endloop
  endfacet
  facet normal 0 0.849181 -0.528102
    outer loop
      vertex 14.5 2.59808 10.5
      vertex 16.2 2.49441 10.3333
      vertex 14.5 2.49441 10.3333
    endloop
  endfacet
  facet normal 0 0.881887 -0.471461
    outer loop
      vertex 16.2 2.59808 10.5
      vertex 14.5 2.69062 10.6731
      vertex 16.2 2.69062 10.6731
    endloop
  endfacet
  facet normal 0 0.881887 -0.471461
    outer loop
      vertex 14.5 2.69062 10.6731
      vertex 16.2 2.59808 10.5
      vertex 14.5 2.59808 10.5
    endloop
  endfacet
  facet normal 0 -0.634374 -0.773026
    outer loop
      vertex 14.5 -1.97804 9.74448
      vertex 16.2 -1.82628 9.61994
      vertex 16.2 -1.97804 9.74448
    endloop
  endfacet
  facet normal -0 -0.634374 -0.773026
    outer loop
      vertex 16.2 -1.82628 9.61994
      vertex 14.5 -1.97804 9.74448
      vertex 14.5 -1.82628 9.61994
    endloop
  endfacet
  facet normal 0 -0.881887 0.471461
    outer loop
      vertex 16 -2.69062 13.3269
      vertex 16.2 -2.59808 13.5
      vertex 16 -2.59808 13.5
    endloop
  endfacet
  facet normal 0 -0.881887 0.471461
    outer loop
      vertex 16.2 -2.59808 13.5
      vertex 16 -2.69062 13.3269
      vertex 16.2 -2.69062 13.3269
    endloop
  endfacet
  facet normal 0 0.973879 0.227069
    outer loop
      vertex 16.2 2.94236 12.5853
      vertex 16 2.89778 12.7765
      vertex 16.2 2.89778 12.7765
    endloop
  endfacet
  facet normal 0 0.973879 0.227069
    outer loop
      vertex 16 2.89778 12.7765
      vertex 16.2 2.94236 12.5853
      vertex 16 2.94236 12.5853
    endloop
  endfacet
  facet normal 0 0.412697 -0.910868
    outer loop
      vertex 16 1.14805 9.22836
      vertex 16.2 1.32687 9.30938
      vertex 16.2 1.14805 9.22836
    endloop
  endfacet
  facet normal 0 0.412697 -0.910868
    outer loop
      vertex 16.2 1.32687 9.30938
      vertex 16 1.14805 9.22836
      vertex 16 1.32687 9.30938
    endloop
  endfacet
  facet normal 0 -0.162504 0.986708
    outer loop
      vertex 16 -0.391578 14.9743
      vertex 16.2 -0.585271 14.9424
      vertex 16.2 -0.391578 14.9743
    endloop
  endfacet
  facet normal 0 -0.162504 0.986708
    outer loop
      vertex 16.2 -0.585271 14.9424
      vertex 16 -0.391578 14.9743
      vertex 16 -0.585271 14.9424
    endloop
  endfacet
  facet normal 0 0.772903 -0.634524
    outer loop
      vertex 16.2 2.25552 10.022
      vertex 14.5 2.38006 10.1737
      vertex 16.2 2.38006 10.1737
    endloop
  endfacet
  facet normal 0 0.772903 -0.634524
    outer loop
      vertex 14.5 2.38006 10.1737
      vertex 16.2 2.25552 10.022
      vertex 14.5 2.25552 10.022
    endloop
  endfacet
  facet normal 0 -0.683602 0.729855
    outer loop
      vertex 16 -1.97804 14.2555
      vertex 16.2 -2.12132 14.1213
      vertex 16.2 -1.97804 14.2555
    endloop
  endfacet
  facet normal 0 -0.683602 0.729855
    outer loop
      vertex 16.2 -2.12132 14.1213
      vertex 16 -1.97804 14.2555
      vertex 16 -2.12132 14.1213
    endloop
  endfacet
  facet normal 0 -0.471397 -0.881921
    outer loop
      vertex 16 -1.5 9.40192
      vertex 16.2 -1.32687 9.30938
      vertex 16.2 -1.5 9.40192
    endloop
  endfacet
  facet normal -0 -0.471397 -0.881921
    outer loop
      vertex 16.2 -1.32687 9.30938
      vertex 16 -1.5 9.40192
      vertex 16 -1.32687 9.30938
    endloop
  endfacet
  facet normal 0 0.973879 -0.227069
    outer loop
      vertex 16.2 2.89778 11.2235
      vertex 14.5 2.94236 11.4147
      vertex 16.2 2.94236 11.4147
    endloop
  endfacet
  facet normal 0 0.973879 -0.227069
    outer loop
      vertex 14.5 2.94236 11.4147
      vertex 16.2 2.89778 11.2235
      vertex 14.5 2.89778 11.2235
    endloop
  endfacet
  facet normal 0 -0.935889 0.352296
    outer loop
      vertex 16 -2.84079 12.9643
      vertex 16.2 -2.77164 13.148
      vertex 16 -2.77164 13.148
    endloop
  endfacet
  facet normal 0 -0.935889 0.352296
    outer loop
      vertex 16.2 -2.77164 13.148
      vertex 16 -2.84079 12.9643
      vertex 16.2 -2.84079 12.9643
    endloop
  endfacet
  facet normal 0 -0.729902 0.683551
    outer loop
      vertex 16 -2.25552 13.978
      vertex 16.2 -2.12132 14.1213
      vertex 16 -2.12132 14.1213
    endloop
  endfacet
  facet normal 0 -0.729902 0.683551
    outer loop
      vertex 16.2 -2.12132 14.1213
      vertex 16 -2.25552 13.978
      vertex 16.2 -2.25552 13.978
    endloop
  endfacet
  facet normal 0 -0.849181 -0.528102
    outer loop
      vertex 14.5 -2.49441 10.3333
      vertex 16.2 -2.59808 10.5
      vertex 14.5 -2.59808 10.5
    endloop
  endfacet
  facet normal 0 -0.849181 -0.528102
    outer loop
      vertex 16.2 -2.59808 10.5
      vertex 14.5 -2.49441 10.3333
      vertex 16.2 -2.49441 10.3333
    endloop
  endfacet
  facet normal 0 0.910851 -0.412736
    outer loop
      vertex 16.2 2.69062 10.6731
      vertex 14.5 2.77164 10.8519
      vertex 16.2 2.77164 10.8519
    endloop
  endfacet
  facet normal 0 0.910851 -0.412736
    outer loop
      vertex 14.5 2.77164 10.8519
      vertex 16.2 2.69062 10.6731
      vertex 14.5 2.69062 10.6731
    endloop
  endfacet
  facet normal 0 -0.582322 0.812958
    outer loop
      vertex 16 -1.66671 14.4944
      vertex 16.2 -1.82628 14.3801
      vertex 16.2 -1.66671 14.4944
    endloop
  endfacet
  facet normal 0 -0.582322 0.812958
    outer loop
      vertex 16.2 -1.82628 14.3801
      vertex 16 -1.66671 14.4944
      vertex 16 -1.82628 14.3801
    endloop
  endfacet
  facet normal 0 0.935889 0.352296
    outer loop
      vertex 16.2 2.84079 12.9643
      vertex 16 2.77164 13.148
      vertex 16.2 2.77164 13.148
    endloop
  endfacet
  facet normal 0 0.935889 0.352296
    outer loop
      vertex 16 2.77164 13.148
      vertex 16.2 2.84079 12.9643
      vertex 16 2.84079 12.9643
    endloop
  endfacet
  facet normal 0 -0.995182 -0.0980443
    outer loop
      vertex 16 -2.97562 11.6215
      vertex 16.2 -2.99358 11.8038
      vertex 16 -2.99358 11.8038
    endloop
  endfacet
  facet normal -2.77571e-06 -0.995182 -0.0980413
    outer loop
      vertex 16 -2.97562 11.6215
      vertex 16.2 -2.97433 11.6084
      vertex 16.2 -2.99358 11.8038
    endloop
  endfacet
  facet normal -0 -0.995186 -0.0979993
    outer loop
      vertex 16.2 -2.97433 11.6084
      vertex 16 -2.97562 11.6215
      vertex 14.5 -2.97433 11.6084
    endloop
  endfacet
  facet normal 0 -0.995186 -0.0979993
    outer loop
      vertex 14.5 -2.97562 11.6215
      vertex 14.5 -2.97433 11.6084
      vertex 16 -2.97562 11.6215
    endloop
  endfacet
  facet normal 0 0.995182 -0.0980443
    outer loop
      vertex 16.2 2.99358 11.8038
      vertex 16 2.97562 11.6215
      vertex 16 2.99358 11.8038
    endloop
  endfacet
  facet normal -2.77571e-06 0.995182 -0.0980413
    outer loop
      vertex 16.2 2.97433 11.6084
      vertex 16 2.97562 11.6215
      vertex 16.2 2.99358 11.8038
    endloop
  endfacet
  facet normal 0 0.995186 -0.0979993
    outer loop
      vertex 14.5 2.97433 11.6084
      vertex 16 2.97562 11.6215
      vertex 16.2 2.97433 11.6084
    endloop
  endfacet
  facet normal 0 0.995186 -0.0979993
    outer loop
      vertex 16 2.97562 11.6215
      vertex 14.5 2.97433 11.6084
      vertex 14.5 2.97562 11.6215
    endloop
  endfacet
  facet normal 0 0.849181 0.528102
    outer loop
      vertex 16.2 2.59808 13.5
      vertex 16 2.49441 13.6667
      vertex 16.2 2.49441 13.6667
    endloop
  endfacet
  facet normal 0 0.849181 0.528102
    outer loop
      vertex 16 2.49441 13.6667
      vertex 16.2 2.59808 13.5
      vertex 16 2.59808 13.5
    endloop
  endfacet
  facet normal 0 -0.528189 0.849127
    outer loop
      vertex 16 -1.5 14.5981
      vertex 16.2 -1.66671 14.4944
      vertex 16.2 -1.5 14.5981
    endloop
  endfacet
  facet normal 0 -0.528189 0.849127
    outer loop
      vertex 16.2 -1.66671 14.4944
      vertex 16 -1.5 14.5981
      vertex 16 -1.66671 14.4944
    endloop
  endfacet
  facet normal 0 -0.290299 -0.956936
    outer loop
      vertex 16 -0.964318 9.15921
      vertex 16.2 -0.776457 9.10222
      vertex 16.2 -0.964318 9.15921
    endloop
  endfacet
  facet normal -0 -0.290299 -0.956936
    outer loop
      vertex 16.2 -0.776457 9.10222
      vertex 16 -0.964318 9.15921
      vertex 16 -0.776457 9.10222
    endloop
  endfacet
  facet normal 0 -0.528079 -0.849195
    outer loop
      vertex 16.2 -1.66671 9.50559
      vertex 16 -1.5 9.40192
      vertex 16.2 -1.5 9.40192
    endloop
  endfacet
  facet normal 0 -0.528079 -0.849195
    outer loop
      vertex 14.5 -1.66671 9.50559
      vertex 16 -1.5 9.40192
      vertex 16.2 -1.66671 9.50559
    endloop
  endfacet
  facet normal -0 -0.528079 -0.849195
    outer loop
      vertex 16 -1.5 9.40192
      vertex 14.5 -1.66671 9.50559
      vertex 14.5 -1.5 9.40192
    endloop
  endfacet
  facet normal 0 0.772903 0.634524
    outer loop
      vertex 16.2 2.38006 13.8263
      vertex 16 2.25552 13.978
      vertex 16.2 2.25552 13.978
    endloop
  endfacet
  facet normal 0 0.772903 0.634524
    outer loop
      vertex 16 2.25552 13.978
      vertex 16.2 2.38006 13.8263
      vertex 16 2.38006 13.8263
    endloop
  endfacet
  facet normal 0 -0.290345 0.956922
    outer loop
      vertex 16 -0.776457 14.8978
      vertex 16.2 -0.964318 14.8408
      vertex 16.2 -0.776457 14.8978
    endloop
  endfacet
  facet normal 0 -0.290345 0.956922
    outer loop
      vertex 16.2 -0.964318 14.8408
      vertex 16 -0.776457 14.8978
      vertex 16 -0.964318 14.8408
    endloop
  endfacet
  facet normal 0 -0.58249 -0.812838
    outer loop
      vertex 14.5 -1.82628 9.61994
      vertex 16.2 -1.66671 9.50559
      vertex 16.2 -1.82628 9.61994
    endloop
  endfacet
  facet normal -0 -0.58249 -0.812838
    outer loop
      vertex 16.2 -1.66671 9.50559
      vertex 14.5 -1.82628 9.61994
      vertex 14.5 -1.66671 9.50559
    endloop
  endfacet
  facet normal 0 -0.995182 0.0980413
    outer loop
      vertex 16 -2.99358 12.1962
      vertex 16.2 -2.97433 12.3916
      vertex 16 -2.97433 12.3916
    endloop
  endfacet
  facet normal 0 -0.995182 0.0980413
    outer loop
      vertex 16.2 -2.97433 12.3916
      vertex 16 -2.99358 12.1962
      vertex 16.2 -2.99358 12.1962
    endloop
  endfacet
  facet normal -1 0 0
    outer loop
      vertex 14.5 2.34108 11.7694
      vertex 14.5 2.97433 11.6084
      vertex 14.5 2.94236 11.4147
    endloop
  endfacet
  facet normal -1 0 0
    outer loop
      vertex 14.5 2.34108 11.7694
      vertex 14.5 2.94236 11.4147
      vertex 14.5 2.89778 11.2235
    endloop
  endfacet
  facet normal -1 0 0
    outer loop
      vertex 14.5 2.34108 11.7694
      vertex 14.5 2.89778 11.2235
      vertex 14.5 2.84079 11.0357
    endloop
  endfacet
  facet normal -1 0 0
    outer loop
      vertex 14.5 2.34108 11.7694
      vertex 14.5 2.84079 11.0357
      vertex 14.5 2.77164 10.8519
    endloop
  endfacet
  facet normal -1 0 0
    outer loop
      vertex 14.5 2.34108 11.7694
      vertex 14.5 2.77164 10.8519
      vertex 14.5 2.69062 10.6731
    endloop
  endfacet
  facet normal -1 0 0
    outer loop
      vertex 14.5 2.34108 11.7694
      vertex 14.5 2.69062 10.6731
      vertex 14.5 2.59808 10.5
    endloop
  endfacet
  facet normal -1 0 0
    outer loop
      vertex 14.5 1.56631 11.8973
      vertex 14.5 2.59808 10.5
      vertex 14.5 2.49441 10.3333
    endloop
  endfacet
  facet normal -1 0 0
    outer loop
      vertex 14.5 1.56631 11.8973
      vertex 14.5 2.49441 10.3333
      vertex 14.5 2.38006 10.1737
    endloop
  endfacet
  facet normal -1 0 0
    outer loop
      vertex 14.5 2.97433 11.6084
      vertex 14.5 2.34108 11.7694
      vertex 14.5 2.97562 11.6215
    endloop
  endfacet
  facet normal -1 0 0
    outer loop
      vertex 14.5 1.56631 11.8973
      vertex 14.5 2.38006 10.1737
      vertex 14.5 2.25552 10.022
    endloop
  endfacet
  facet normal -1 0 0
    outer loop
      vertex 14.5 1.5 11.9039
      vertex 14.5 2.25552 10.022
      vertex 14.5 2.12132 9.87868
    endloop
  endfacet
  facet normal -1 0 0
    outer loop
      vertex 14.5 1.5 11.9039
      vertex 14.5 2.12132 9.87868
      vertex 14.5 1.97804 9.74448
    endloop
  endfacet
  facet normal -1 0 0
    outer loop
      vertex 14.5 1.5 11.9039
      vertex 14.5 1.97804 9.74448
      vertex 14.5 1.82628 9.61994
    endloop
  endfacet
  facet normal -1 0 0
    outer loop
      vertex 14.5 1.5 11.9039
      vertex 14.5 1.82628 9.61994
      vertex 14.5 1.66671 9.50559
    endloop
  endfacet
  facet normal -1 0 0
    outer loop
      vertex 14.5 2.59808 10.5
      vertex 14.5 1.56631 11.8973
      vertex 14.5 2.34108 11.7694
    endloop
  endfacet
  facet normal -1 0 0
    outer loop
      vertex 14.5 1.5 11.9039
      vertex 14.5 1.66671 9.50559
      vertex 14.5 1.5 9.40192
    endloop
  endfacet
  facet normal -1 0 0
    outer loop
      vertex 14.5 2.25552 10.022
      vertex 14.5 1.5 11.9039
      vertex 14.5 1.56631 11.8973
    endloop
  endfacet
  facet normal -1 0 0
    outer loop
      vertex 14.5 -1.66671 9.50559
      vertex 14.5 -1.5 11.9039
      vertex 14.5 -1.5 9.40192
    endloop
  endfacet
  facet normal -1 0 0
    outer loop
      vertex 14.5 -1.82628 9.61994
      vertex 14.5 -1.5 11.9039
      vertex 14.5 -1.66671 9.50559
    endloop
  endfacet
  facet normal -1 0 0
    outer loop
      vertex 14.5 -1.97804 9.74448
      vertex 14.5 -1.5 11.9039
      vertex 14.5 -1.82628 9.61994
    endloop
  endfacet
  facet normal -1 0 0
    outer loop
      vertex 14.5 -2.12132 9.87868
      vertex 14.5 -1.5 11.9039
      vertex 14.5 -1.97804 9.74448
    endloop
  endfacet
  facet normal -1 0 0
    outer loop
      vertex 14.5 -2.25552 10.022
      vertex 14.5 -1.5 11.9039
      vertex 14.5 -2.12132 9.87868
    endloop
  endfacet
  facet normal -1 0 0
    outer loop
      vertex 14.5 -1.5 11.9039
      vertex 14.5 -2.25552 10.022
      vertex 14.5 -1.56631 11.8973
    endloop
  endfacet
  facet normal -1 0 0
    outer loop
      vertex 14.5 -2.38006 10.1737
      vertex 14.5 -1.56631 11.8973
      vertex 14.5 -2.25552 10.022
    endloop
  endfacet
  facet normal -1 0 0
    outer loop
      vertex 14.5 -2.49441 10.3333
      vertex 14.5 -1.56631 11.8973
      vertex 14.5 -2.38006 10.1737
    endloop
  endfacet
  facet normal -1 0 0
    outer loop
      vertex 14.5 -2.59808 10.5
      vertex 14.5 -1.56631 11.8973
      vertex 14.5 -2.49441 10.3333
    endloop
  endfacet
  facet normal -1 0 0
    outer loop
      vertex 14.5 -1.56631 11.8973
      vertex 14.5 -2.59808 10.5
      vertex 14.5 -2.34108 11.7694
    endloop
  endfacet
  facet normal -1 0 0
    outer loop
      vertex 14.5 -2.69062 10.6731
      vertex 14.5 -2.34108 11.7694
      vertex 14.5 -2.59808 10.5
    endloop
  endfacet
  facet normal -1 0 0
    outer loop
      vertex 14.5 -2.77164 10.8519
      vertex 14.5 -2.34108 11.7694
      vertex 14.5 -2.69062 10.6731
    endloop
  endfacet
  facet normal -1 0 0
    outer loop
      vertex 14.5 -2.84079 11.0357
      vertex 14.5 -2.34108 11.7694
      vertex 14.5 -2.77164 10.8519
    endloop
  endfacet
  facet normal -1 0 0
    outer loop
      vertex 14.5 -2.89778 11.2235
      vertex 14.5 -2.34108 11.7694
      vertex 14.5 -2.84079 11.0357
    endloop
  endfacet
  facet normal -1 0 0
    outer loop
      vertex 14.5 -2.94236 11.4147
      vertex 14.5 -2.34108 11.7694
      vertex 14.5 -2.89778 11.2235
    endloop
  endfacet
  facet normal -1 0 0
    outer loop
      vertex 14.5 -2.97433 11.6084
      vertex 14.5 -2.34108 11.7694
      vertex 14.5 -2.94236 11.4147
    endloop
  endfacet
  facet normal -1 0 0
    outer loop
      vertex 14.5 -2.34108 11.7694
      vertex 14.5 -2.97433 11.6084
      vertex 14.5 -2.97562 11.6215
    endloop
  endfacet
  facet normal 0 0.0980567 -0.995181
    outer loop
      vertex 16 0.196209 9.00642
      vertex 16.2 0.391578 9.02567
      vertex 16.2 0.196209 9.00642
    endloop
  endfacet
  facet normal 0 0.0980567 -0.995181
    outer loop
      vertex 16.2 0.391578 9.02567
      vertex 16 0.196209 9.00642
      vertex 16 0.391578 9.02567
    endloop
  endfacet
  facet normal -0 0.471239 0.882006
    outer loop
      vertex 16 1.5 14.5981
      vertex 16.2 1.32687 14.6906
      vertex 16.2 1.5 14.5981
    endloop
  endfacet
  facet normal 0 0.471239 0.882006
    outer loop
      vertex 16.2 1.32687 14.6906
      vertex 16 1.5 14.5981
      vertex 16 1.32687 14.6906
    endloop
  endfacet
  facet normal 0 -0.999465 -0.0327042
    outer loop
      vertex 16 -2.99358 11.8038
      vertex 16.2 -3 12
      vertex 16 -3 12
    endloop
  endfacet
  facet normal 0 -0.999465 -0.0327042
    outer loop
      vertex 16.2 -3 12
      vertex 16 -2.99358 11.8038
      vertex 16.2 -2.99358 11.8038
    endloop
  endfacet
  facet normal 0 0.812889 -0.582418
    outer loop
      vertex 16.2 2.38006 10.1737
      vertex 14.5 2.49441 10.3333
      vertex 16.2 2.49441 10.3333
    endloop
  endfacet
  facet normal 0 0.812889 -0.582418
    outer loop
      vertex 14.5 2.49441 10.3333
      vertex 16.2 2.38006 10.1737
      vertex 14.5 2.38006 10.1737
    endloop
  endfacet
  facet normal 0 0.72995 -0.683501
    outer loop
      vertex 16.2 2.12132 9.87868
      vertex 14.5 2.25552 10.022
      vertex 16.2 2.25552 10.022
    endloop
  endfacet
  facet normal 0 0.72995 -0.683501
    outer loop
      vertex 14.5 2.25552 10.022
      vertex 16.2 2.12132 9.87868
      vertex 14.5 2.12132 9.87868
    endloop
  endfacet
  facet normal 0 0.683602 -0.729855
    outer loop
      vertex 14.5 1.97804 9.74448
      vertex 16.2 2.12132 9.87868
      vertex 16.2 1.97804 9.74448
    endloop
  endfacet
  facet normal 0 0.683602 -0.729855
    outer loop
      vertex 16.2 2.12132 9.87868
      vertex 14.5 1.97804 9.74448
      vertex 14.5 2.12132 9.87868
    endloop
  endfacet
  facet normal 0 -0.0326009 0.999468
    outer loop
      vertex 16 0 15
      vertex 16.2 -0.196209 14.9936
      vertex 16.2 0 15
    endloop
  endfacet
  facet normal 0 -0.0326009 0.999468
    outer loop
      vertex 16.2 -0.196209 14.9936
      vertex 16 0 15
      vertex 16 -0.196209 14.9936
    endloop
  endfacet
  facet normal 0 -0.812889 -0.582418
    outer loop
      vertex 14.5 -2.38006 10.1737
      vertex 16.2 -2.49441 10.3333
      vertex 14.5 -2.49441 10.3333
    endloop
  endfacet
  facet normal 0 -0.812889 -0.582418
    outer loop
      vertex 16.2 -2.49441 10.3333
      vertex 14.5 -2.38006 10.1737
      vertex 16.2 -2.38006 10.1737
    endloop
  endfacet
  facet normal 0 -0.910938 0.412544
    outer loop
      vertex 16 -2.77164 13.148
      vertex 16.2 -2.69062 13.3269
      vertex 16 -2.69062 13.3269
    endloop
  endfacet
  facet normal 0 -0.910938 0.412544
    outer loop
      vertex 16.2 -2.69062 13.3269
      vertex 16 -2.77164 13.148
      vertex 16.2 -2.77164 13.148
    endloop
  endfacet
  facet normal 0 0.986652 0.162846
    outer loop
      vertex 16.2 2.97433 12.3916
      vertex 16 2.94236 12.5853
      vertex 16.2 2.94236 12.5853
    endloop
  endfacet
  facet normal 0 0.986652 0.162846
    outer loop
      vertex 16 2.94236 12.5853
      vertex 16.2 2.97433 12.3916
      vertex 16 2.97433 12.3916
    endloop
  endfacet
  facet normal 0 -0.352465 0.935825
    outer loop
      vertex 16 -0.964318 14.8408
      vertex 16.2 -1.14805 14.7716
      vertex 16.2 -0.964318 14.8408
    endloop
  endfacet
  facet normal 0 -0.352465 0.935825
    outer loop
      vertex 16.2 -1.14805 14.7716
      vertex 16 -0.964318 14.8408
      vertex 16 -1.14805 14.7716
    endloop
  endfacet
  facet normal 0 -0.849181 0.528102
    outer loop
      vertex 16 -2.59808 13.5
      vertex 16.2 -2.49441 13.6667
      vertex 16 -2.49441 13.6667
    endloop
  endfacet
  facet normal 0 -0.849181 0.528102
    outer loop
      vertex 16.2 -2.49441 13.6667
      vertex 16 -2.59808 13.5
      vertex 16.2 -2.59808 13.5
    endloop
  endfacet
  facet normal 0 -0.772903 0.634524
    outer loop
      vertex 16 -2.38006 13.8263
      vertex 16.2 -2.25552 13.978
      vertex 16 -2.25552 13.978
    endloop
  endfacet
  facet normal 0 -0.772903 0.634524
    outer loop
      vertex 16.2 -2.25552 13.978
      vertex 16 -2.38006 13.8263
      vertex 16.2 -2.38006 13.8263
    endloop
  endfacet
  facet normal -0 0.528189 0.849127
    outer loop
      vertex 16 1.66671 14.4944
      vertex 16.2 1.5 14.5981
      vertex 16.2 1.66671 14.4944
    endloop
  endfacet
  facet normal 0 0.528189 0.849127
    outer loop
      vertex 16.2 1.5 14.5981
      vertex 16 1.66671 14.4944
      vertex 16 1.5 14.5981
    endloop
  endfacet
  facet normal -0 0.352465 0.935825
    outer loop
      vertex 16 1.14805 14.7716
      vertex 16.2 0.964318 14.8408
      vertex 16.2 1.14805 14.7716
    endloop
  endfacet
  facet normal 0 0.352465 0.935825
    outer loop
      vertex 16.2 0.964318 14.8408
      vertex 16 1.14805 14.7716
      vertex 16 0.964318 14.8408
    endloop
  endfacet
  facet normal 0 -0.935952 -0.352128
    outer loop
      vertex 14.5 -2.77164 10.8519
      vertex 16.2 -2.84079 11.0357
      vertex 14.5 -2.84079 11.0357
    endloop
  endfacet
  facet normal 0 -0.935952 -0.352128
    outer loop
      vertex 16.2 -2.84079 11.0357
      vertex 14.5 -2.77164 10.8519
      vertex 16.2 -2.77164 10.8519
    endloop
  endfacet
  facet normal 0 -0.352242 -0.935909
    outer loop
      vertex 16 -1.14805 9.22836
      vertex 16.2 -0.964318 9.15921
      vertex 16.2 -1.14805 9.22836
    endloop
  endfacet
  facet normal -0 -0.352242 -0.935909
    outer loop
      vertex 16.2 -0.964318 9.15921
      vertex 16 -1.14805 9.22836
      vertex 16 -0.964318 9.15921
    endloop
  endfacet
  facet normal 0 0.935952 -0.352128
    outer loop
      vertex 16.2 2.77164 10.8519
      vertex 14.5 2.84079 11.0357
      vertex 16.2 2.84079 11.0357
    endloop
  endfacet
  facet normal 0 0.935952 -0.352128
    outer loop
      vertex 14.5 2.84079 11.0357
      vertex 16.2 2.77164 10.8519
      vertex 14.5 2.77164 10.8519
    endloop
  endfacet
  facet normal 0 -0.973879 0.227069
    outer loop
      vertex 16 -2.94236 12.5853
      vertex 16.2 -2.89778 12.7765
      vertex 16 -2.89778 12.7765
    endloop
  endfacet
  facet normal 0 -0.973879 0.227069
    outer loop
      vertex 16.2 -2.89778 12.7765
      vertex 16 -2.94236 12.5853
      vertex 16.2 -2.94236 12.5853
    endloop
  endfacet
  facet normal -0 0.683602 0.729855
    outer loop
      vertex 16 2.12132 14.1213
      vertex 16.2 1.97804 14.2555
      vertex 16.2 2.12132 14.1213
    endloop
  endfacet
  facet normal 0 0.683602 0.729855
    outer loop
      vertex 16.2 1.97804 14.2555
      vertex 16 2.12132 14.1213
      vertex 16 1.97804 14.2555
    endloop
  endfacet
  facet normal 0 0.812889 0.582418
    outer loop
      vertex 16.2 2.49441 13.6667
      vertex 16 2.38006 13.8263
      vertex 16.2 2.38006 13.8263
    endloop
  endfacet
  facet normal 0 0.812889 0.582418
    outer loop
      vertex 16 2.38006 13.8263
      vertex 16.2 2.49441 13.6667
      vertex 16 2.49441 13.6667
    endloop
  endfacet
  facet normal -0 0.0983089 0.995156
    outer loop
      vertex 16 0.391578 14.9743
      vertex 16.2 0.196209 14.9936
      vertex 16.2 0.391578 14.9743
    endloop
  endfacet
  facet normal 0 0.0983089 0.995156
    outer loop
      vertex 16.2 0.196209 14.9936
      vertex 16 0.391578 14.9743
      vertex 16 0.196209 14.9936
    endloop
  endfacet
  facet normal 0 -0.910851 -0.412736
    outer loop
      vertex 14.5 -2.69062 10.6731
      vertex 16.2 -2.77164 10.8519
      vertex 14.5 -2.77164 10.8519
    endloop
  endfacet
  facet normal 0 -0.910851 -0.412736
    outer loop
      vertex 16.2 -2.77164 10.8519
      vertex 14.5 -2.69062 10.6731
      vertex 16.2 -2.69062 10.6731
    endloop
  endfacet
  facet normal -0 0.227181 0.973853
    outer loop
      vertex 16 0.776457 14.8978
      vertex 16.2 0.585271 14.9424
      vertex 16.2 0.776457 14.8978
    endloop
  endfacet
  facet normal 0 0.227181 0.973853
    outer loop
      vertex 16.2 0.585271 14.9424
      vertex 16 0.776457 14.8978
      vertex 16 0.585271 14.9424
    endloop
  endfacet
  facet normal 0 -0.973879 -0.227069
    outer loop
      vertex 14.5 -2.89778 11.2235
      vertex 16.2 -2.94236 11.4147
      vertex 14.5 -2.94236 11.4147
    endloop
  endfacet
  facet normal 0 -0.973879 -0.227069
    outer loop
      vertex 16.2 -2.94236 11.4147
      vertex 14.5 -2.89778 11.2235
      vertex 16.2 -2.89778 11.2235
    endloop
  endfacet
  facet normal -0 0.582322 0.812958
    outer loop
      vertex 16 1.82628 14.3801
      vertex 16.2 1.66671 14.4944
      vertex 16.2 1.82628 14.3801
    endloop
  endfacet
  facet normal 0 0.582322 0.812958
    outer loop
      vertex 16.2 1.66671 14.4944
      vertex 16 1.82628 14.3801
      vertex 16 1.66671 14.4944
    endloop
  endfacet
  facet normal 0 -0.95691 -0.290385
    outer loop
      vertex 14.5 -2.84079 11.0357
      vertex 16.2 -2.89778 11.2235
      vertex 14.5 -2.89778 11.2235
    endloop
  endfacet
  facet normal 0 -0.95691 -0.290385
    outer loop
      vertex 16.2 -2.89778 11.2235
      vertex 14.5 -2.84079 11.0357
      vertex 16.2 -2.84079 11.0357
    endloop
  endfacet
  facet normal 0 -0.412697 -0.910868
    outer loop
      vertex 16 -1.32687 9.30938
      vertex 16.2 -1.14805 9.22836
      vertex 16.2 -1.32687 9.30938
    endloop
  endfacet
  facet normal -0 -0.412697 -0.910868
    outer loop
      vertex 16.2 -1.14805 9.22836
      vertex 16 -1.32687 9.30938
      vertex 16 -1.14805 9.22836
    endloop
  endfacet
  facet normal 0 0.999465 0.0327042
    outer loop
      vertex 16.2 3 12
      vertex 16 2.99358 12.1962
      vertex 16.2 2.99358 12.1962
    endloop
  endfacet
  facet normal 0 0.999465 0.0327042
    outer loop
      vertex 16 2.99358 12.1962
      vertex 16.2 3 12
      vertex 16 3 12
    endloop
  endfacet
  facet normal 0 -0.227084 -0.973875
    outer loop
      vertex 16 -0.776457 9.10222
      vertex 16.2 -0.585271 9.05764
      vertex 16.2 -0.776457 9.10222
    endloop
  endfacet
  facet normal -0 -0.227084 -0.973875
    outer loop
      vertex 16.2 -0.585271 9.05764
      vertex 16 -0.776457 9.10222
      vertex 16 -0.585271 9.05764
    endloop
  endfacet
  facet normal -0 0.162504 0.986708
    outer loop
      vertex 16 0.585271 14.9424
      vertex 16.2 0.391578 14.9743
      vertex 16.2 0.585271 14.9424
    endloop
  endfacet
  facet normal 0 0.162504 0.986708
    outer loop
      vertex 16.2 0.391578 14.9743
      vertex 16 0.585271 14.9424
      vertex 16 0.391578 14.9743
    endloop
  endfacet
  facet normal 0 -0.162852 -0.986651
    outer loop
      vertex 16 -0.585271 9.05764
      vertex 16.2 -0.391578 9.02567
      vertex 16.2 -0.585271 9.05764
    endloop
  endfacet
  facet normal -0 -0.162852 -0.986651
    outer loop
      vertex 16.2 -0.391578 9.02567
      vertex 16 -0.585271 9.05764
      vertex 16 -0.391578 9.02567
    endloop
  endfacet
  facet normal 1 0 0
    outer loop
      vertex 16.2 2.99358 12.1962
      vertex 16.2 1.49679 12.0981
      vertex 16.2 1.5 12
    endloop
  endfacet
  facet normal 1 0 0
    outer loop
      vertex 16.2 1.66671 14.4944
      vertex 16.2 1.48717 12.1958
      vertex 16.2 1.49679 12.0981
    endloop
  endfacet
  facet normal 1 0 0
    outer loop
      vertex 16.2 1.66671 14.4944
      vertex 16.2 1.47118 12.2926
      vertex 16.2 1.48717 12.1958
    endloop
  endfacet
  facet normal 1 0 0
    outer loop
      vertex 16.2 1.66671 14.4944
      vertex 16.2 1.44889 12.3882
      vertex 16.2 1.47118 12.2926
    endloop
  endfacet
  facet normal 1 0 0
    outer loop
      vertex 16.2 1.66671 14.4944
      vertex 16.2 1.42039 12.4822
      vertex 16.2 1.44889 12.3882
    endloop
  endfacet
  facet normal 1 0 0
    outer loop
      vertex 16.2 1.66671 14.4944
      vertex 16.2 1.38582 12.574
      vertex 16.2 1.42039 12.4822
    endloop
  endfacet
  facet normal 1 0 0
    outer loop
      vertex 16.2 1.66671 14.4944
      vertex 16.2 1.34531 12.6634
      vertex 16.2 1.38582 12.574
    endloop
  endfacet
  facet normal 1 0 0
    outer loop
      vertex 16.2 0.75 13.299
      vertex 16.2 1.5 14.5981
      vertex 16.2 1.32687 14.6906
    endloop
  endfacet
  facet normal 1 0 0
    outer loop
      vertex 16.2 1.66671 14.4944
      vertex 16.2 1.29904 12.75
      vertex 16.2 1.34531 12.6634
    endloop
  endfacet
  facet normal 1 0 0
    outer loop
      vertex 16.2 1.66671 14.4944
      vertex 16.2 1.2472 12.8334
      vertex 16.2 1.29904 12.75
    endloop
  endfacet
  facet normal 1 0 0
    outer loop
      vertex 16.2 1.66671 14.4944
      vertex 16.2 1.19003 12.9131
      vertex 16.2 1.2472 12.8334
    endloop
  endfacet
  facet normal 1 0 0
    outer loop
      vertex 16.2 0.663432 13.3453
      vertex 16.2 1.32687 14.6906
      vertex 16.2 1.14805 14.7716
    endloop
  endfacet
  facet normal 1 0 0
    outer loop
      vertex 16.2 1.66671 14.4944
      vertex 16.2 1.12776 12.989
      vertex 16.2 1.19003 12.9131
    endloop
  endfacet
  facet normal 1 0 0
    outer loop
      vertex 16.2 1.66671 14.4944
      vertex 16.2 1.06066 13.0607
      vertex 16.2 1.12776 12.989
    endloop
  endfacet
  facet normal 1 0 0
    outer loop
      vertex 16.2 1.66671 14.4944
      vertex 16.2 0.989018 13.1278
      vertex 16.2 1.06066 13.0607
    endloop
  endfacet
  facet normal 1 0 0
    outer loop
      vertex 16.2 0.574024 13.3858
      vertex 16.2 1.14805 14.7716
      vertex 16.2 0.964318 14.8408
    endloop
  endfacet
  facet normal 1 0 0
    outer loop
      vertex 16.2 1.66671 14.4944
      vertex 16.2 0.913141 13.19
      vertex 16.2 0.989018 13.1278
    endloop
  endfacet
  facet normal 1 0 0
    outer loop
      vertex 16.2 1.66671 14.4944
      vertex 16.2 0.833355 13.2472
      vertex 16.2 0.913141 13.19
    endloop
  endfacet
  facet normal 1 0 0
    outer loop
      vertex 16.2 0.482159 13.4204
      vertex 16.2 0.964318 14.8408
      vertex 16.2 0.776457 14.8978
    endloop
  endfacet
  facet normal 1 0 0
    outer loop
      vertex 16.2 1.5 14.5981
      vertex 16.2 0.75 13.299
      vertex 16.2 0.833355 13.2472
    endloop
  endfacet
  facet normal 1 0 0
    outer loop
      vertex 16.2 1.32687 14.6906
      vertex 16.2 0.663432 13.3453
      vertex 16.2 0.75 13.299
    endloop
  endfacet
  facet normal 1 0 0
    outer loop
      vertex 16.2 0.388228 13.4489
      vertex 16.2 0.776457 14.8978
      vertex 16.2 0.585271 14.9424
    endloop
  endfacet
  facet normal 1 0 0
    outer loop
      vertex 16.2 1.14805 14.7716
      vertex 16.2 0.574024 13.3858
      vertex 16.2 0.663432 13.3453
    endloop
  endfacet
  facet normal 1 0 0
    outer loop
      vertex 16.2 0.964318 14.8408
      vertex 16.2 0.482159 13.4204
      vertex 16.2 0.574024 13.3858
    endloop
  endfacet
  facet normal 1 0 0
    outer loop
      vertex 16.2 0.292635 13.4712
      vertex 16.2 0.585271 14.9424
      vertex 16.2 0.391578 14.9743
    endloop
  endfacet
  facet normal 1 0 0
    outer loop
      vertex 16.2 0.776457 14.8978
      vertex 16.2 0.388228 13.4489
      vertex 16.2 0.482159 13.4204
    endloop
  endfacet
  facet normal 1 0 0
    outer loop
      vertex 16.2 0.585271 14.9424
      vertex 16.2 0.292635 13.4712
      vertex 16.2 0.388228 13.4489
    endloop
  endfacet
  facet normal 1 0 0
    outer loop
      vertex 16.2 0.195788 13.4872
      vertex 16.2 0.391578 14.9743
      vertex 16.2 0.196209 14.9936
    endloop
  endfacet
  facet normal 1 0 0
    outer loop
      vertex 16.2 0.391578 14.9743
      vertex 16.2 0.195788 13.4872
      vertex 16.2 0.292635 13.4712
    endloop
  endfacet
  facet normal 1 0 0
    outer loop
      vertex 16.2 0.196209 14.9936
      vertex 16.2 0.0981045 13.4968
      vertex 16.2 0.195788 13.4872
    endloop
  endfacet
  facet normal 1 0 0
    outer loop
      vertex 16.2 0 15
      vertex 16.2 0.0981045 13.4968
      vertex 16.2 0.196209 14.9936
    endloop
  endfacet
  facet normal 1 0 0
    outer loop
      vertex 16.2 0 15
      vertex 16.2 0 13.5
      vertex 16.2 0.0981045 13.4968
    endloop
  endfacet
  facet normal 1 0 0
    outer loop
      vertex 16.2 0 15
      vertex 16.2 -0.0981045 13.4968
      vertex 16.2 0 13.5
    endloop
  endfacet
  facet normal 1 -0 0
    outer loop
      vertex 16.2 -0.196209 14.9936
      vertex 16.2 -0.0981045 13.4968
      vertex 16.2 0 15
    endloop
  endfacet
  facet normal 1 0 0
    outer loop
      vertex 16.2 -0.0981045 13.4968
      vertex 16.2 -0.196209 14.9936
      vertex 16.2 -0.195788 13.4872
    endloop
  endfacet
  facet normal 1 -0 0
    outer loop
      vertex 16.2 -0.391578 14.9743
      vertex 16.2 -0.195788 13.4872
      vertex 16.2 -0.196209 14.9936
    endloop
  endfacet
  facet normal 1 0 0
    outer loop
      vertex 16.2 -0.195788 13.4872
      vertex 16.2 -0.391578 14.9743
      vertex 16.2 -0.292635 13.4712
    endloop
  endfacet
  facet normal 1 -0 0
    outer loop
      vertex 16.2 -0.585271 14.9424
      vertex 16.2 -0.292635 13.4712
      vertex 16.2 -0.391578 14.9743
    endloop
  endfacet
  facet normal 1 0 0
    outer loop
      vertex 16.2 -0.292635 13.4712
      vertex 16.2 -0.585271 14.9424
      vertex 16.2 -0.388228 13.4489
    endloop
  endfacet
  facet normal 1 -0 0
    outer loop
      vertex 16.2 -0.776457 14.8978
      vertex 16.2 -0.388228 13.4489
      vertex 16.2 -0.585271 14.9424
    endloop
  endfacet
  facet normal 1 0 0
    outer loop
      vertex 16.2 -0.388228 13.4489
      vertex 16.2 -0.776457 14.8978
      vertex 16.2 -0.482159 13.4204
    endloop
  endfacet
  facet normal 1 -0 0
    outer loop
      vertex 16.2 -0.964318 14.8408
      vertex 16.2 -0.482159 13.4204
      vertex 16.2 -0.776457 14.8978
    endloop
  endfacet
  facet normal 1 0 0
    outer loop
      vertex 16.2 -0.482159 13.4204
      vertex 16.2 -0.964318 14.8408
      vertex 16.2 -0.574024 13.3858
    endloop
  endfacet
  facet normal 1 -0 0
    outer loop
      vertex 16.2 -1.14805 14.7716
      vertex 16.2 -0.574024 13.3858
      vertex 16.2 -0.964318 14.8408
    endloop
  endfacet
  facet normal 1 0 0
    outer loop
      vertex 16.2 -0.574024 13.3858
      vertex 16.2 -1.14805 14.7716
      vertex 16.2 -0.663432 13.3453
    endloop
  endfacet
  facet normal 1 -0 0
    outer loop
      vertex 16.2 -1.32687 14.6906
      vertex 16.2 -0.663432 13.3453
      vertex 16.2 -1.14805 14.7716
    endloop
  endfacet
  facet normal 1 0 0
    outer loop
      vertex 16.2 -0.663432 13.3453
      vertex 16.2 -1.32687 14.6906
      vertex 16.2 -0.75 13.299
    endloop
  endfacet
  facet normal 1 -0 0
    outer loop
      vertex 16.2 -1.5 14.5981
      vertex 16.2 -0.75 13.299
      vertex 16.2 -1.32687 14.6906
    endloop
  endfacet
  facet normal 1 0 0
    outer loop
      vertex 16.2 -0.75 13.299
      vertex 16.2 -1.5 14.5981
      vertex 16.2 -0.833355 13.2472
    endloop
  endfacet
  facet normal 1 -0 0
    outer loop
      vertex 16.2 -1.66671 14.4944
      vertex 16.2 -0.833355 13.2472
      vertex 16.2 -1.5 14.5981
    endloop
  endfacet
  facet normal 1 0 0
    outer loop
      vertex 16.2 -0.833355 13.2472
      vertex 16.2 -1.66671 14.4944
      vertex 16.2 -0.913141 13.19
    endloop
  endfacet
  facet normal 1 -0 0
    outer loop
      vertex 16.2 -1.82628 14.3801
      vertex 16.2 -0.913141 13.19
      vertex 16.2 -1.66671 14.4944
    endloop
  endfacet
  facet normal 1 0 0
    outer loop
      vertex 16.2 -0.913141 13.19
      vertex 16.2 -1.82628 14.3801
      vertex 16.2 -0.989018 13.1278
    endloop
  endfacet
  facet normal 1 -0 0
    outer loop
      vertex 16.2 -1.97804 14.2555
      vertex 16.2 -0.989018 13.1278
      vertex 16.2 -1.82628 14.3801
    endloop
  endfacet
  facet normal 1 0 0
    outer loop
      vertex 16.2 -0.989018 13.1278
      vertex 16.2 -1.97804 14.2555
      vertex 16.2 -1.06066 13.0607
    endloop
  endfacet
  facet normal 1 -0 0
    outer loop
      vertex 16.2 -2.12132 14.1213
      vertex 16.2 -1.06066 13.0607
      vertex 16.2 -1.97804 14.2555
    endloop
  endfacet
  facet normal 1 0 0
    outer loop
      vertex 16.2 -1.06066 13.0607
      vertex 16.2 -2.12132 14.1213
      vertex 16.2 -1.12776 12.989
    endloop
  endfacet
  facet normal 1 -0 0
    outer loop
      vertex 16.2 -2.25552 13.978
      vertex 16.2 -1.12776 12.989
      vertex 16.2 -2.12132 14.1213
    endloop
  endfacet
  facet normal 1 0 0
    outer loop
      vertex 16.2 -1.12776 12.989
      vertex 16.2 -2.25552 13.978
      vertex 16.2 -1.19003 12.9131
    endloop
  endfacet
  facet normal 1 -0 0
    outer loop
      vertex 16.2 -2.38006 13.8263
      vertex 16.2 -1.19003 12.9131
      vertex 16.2 -2.25552 13.978
    endloop
  endfacet
  facet normal 1 0 0
    outer loop
      vertex 16.2 -1.19003 12.9131
      vertex 16.2 -2.38006 13.8263
      vertex 16.2 -1.2472 12.8334
    endloop
  endfacet
  facet normal 1 -0 0
    outer loop
      vertex 16.2 -2.49441 13.6667
      vertex 16.2 -1.2472 12.8334
      vertex 16.2 -2.38006 13.8263
    endloop
  endfacet
  facet normal 1 0 0
    outer loop
      vertex 16.2 -1.2472 12.8334
      vertex 16.2 -2.49441 13.6667
      vertex 16.2 -1.29904 12.75
    endloop
  endfacet
  facet normal 1 -0 0
    outer loop
      vertex 16.2 -2.59808 13.5
      vertex 16.2 -1.29904 12.75
      vertex 16.2 -2.49441 13.6667
    endloop
  endfacet
  facet normal 1 0 0
    outer loop
      vertex 16.2 -1.29904 12.75
      vertex 16.2 -2.59808 13.5
      vertex 16.2 -1.34531 12.6634
    endloop
  endfacet
  facet normal 1 -0 0
    outer loop
      vertex 16.2 -2.69062 13.3269
      vertex 16.2 -1.34531 12.6634
      vertex 16.2 -2.59808 13.5
    endloop
  endfacet
  facet normal 1 0 0
    outer loop
      vertex 16.2 -1.5 12
      vertex 16.2 -1.66671 9.50559
      vertex 16.2 -1.5 9.40192
    endloop
  endfacet
  facet normal 1 0 0
    outer loop
      vertex 16.2 -1.34531 12.6634
      vertex 16.2 -2.69062 13.3269
      vertex 16.2 -1.38582 12.574
    endloop
  endfacet
  facet normal 1 0 0
    outer loop
      vertex 16.2 -1.5 12
      vertex 16.2 -1.82628 9.61994
      vertex 16.2 -1.66671 9.50559
    endloop
  endfacet
  facet normal 1 -0 0
    outer loop
      vertex 16.2 -2.77164 13.148
      vertex 16.2 -1.38582 12.574
      vertex 16.2 -2.69062 13.3269
    endloop
  endfacet
  facet normal 1 0 0
    outer loop
      vertex 16.2 -1.5 12
      vertex 16.2 -1.97804 9.74448
      vertex 16.2 -1.82628 9.61994
    endloop
  endfacet
  facet normal 1 0 0
    outer loop
      vertex 16.2 -1.38582 12.574
      vertex 16.2 -2.77164 13.148
      vertex 16.2 -1.42039 12.4822
    endloop
  endfacet
  facet normal 1 0 0
    outer loop
      vertex 16.2 -1.5 12
      vertex 16.2 -2.12132 9.87868
      vertex 16.2 -1.97804 9.74448
    endloop
  endfacet
  facet normal 1 -0 0
    outer loop
      vertex 16.2 -2.84079 12.9643
      vertex 16.2 -1.42039 12.4822
      vertex 16.2 -2.77164 13.148
    endloop
  endfacet
  facet normal 1 0 0
    outer loop
      vertex 16.2 -1.5 12
      vertex 16.2 -2.25552 10.022
      vertex 16.2 -2.12132 9.87868
    endloop
  endfacet
  facet normal 1 0 0
    outer loop
      vertex 16.2 -1.42039 12.4822
      vertex 16.2 -2.84079 12.9643
      vertex 16.2 -1.44889 12.3882
    endloop
  endfacet
  facet normal 1 0 0
    outer loop
      vertex 16.2 -1.5 12
      vertex 16.2 -2.38006 10.1737
      vertex 16.2 -2.25552 10.022
    endloop
  endfacet
  facet normal 1 -0 0
    outer loop
      vertex 16.2 -2.89778 12.7765
      vertex 16.2 -1.44889 12.3882
      vertex 16.2 -2.84079 12.9643
    endloop
  endfacet
  facet normal 1 0 0
    outer loop
      vertex 16.2 -1.5 12
      vertex 16.2 -2.49441 10.3333
      vertex 16.2 -2.38006 10.1737
    endloop
  endfacet
  facet normal 1 0 0
    outer loop
      vertex 16.2 -1.44889 12.3882
      vertex 16.2 -2.89778 12.7765
      vertex 16.2 -1.47118 12.2926
    endloop
  endfacet
  facet normal 1 0 0
    outer loop
      vertex 16.2 -1.5 12
      vertex 16.2 -2.59808 10.5
      vertex 16.2 -2.49441 10.3333
    endloop
  endfacet
  facet normal 1 -0 0
    outer loop
      vertex 16.2 -2.94236 12.5853
      vertex 16.2 -1.47118 12.2926
      vertex 16.2 -2.89778 12.7765
    endloop
  endfacet
  facet normal 1 0 0
    outer loop
      vertex 16.2 -1.5 12
      vertex 16.2 -2.69062 10.6731
      vertex 16.2 -2.59808 10.5
    endloop
  endfacet
  facet normal 1 0 0
    outer loop
      vertex 16.2 -1.47118 12.2926
      vertex 16.2 -2.94236 12.5853
      vertex 16.2 -1.48717 12.1958
    endloop
  endfacet
  facet normal 1 0 0
    outer loop
      vertex 16.2 -1.5 12
      vertex 16.2 -2.77164 10.8519
      vertex 16.2 -2.69062 10.6731
    endloop
  endfacet
  facet normal 1 -0 0
    outer loop
      vertex 16.2 -2.97433 12.3916
      vertex 16.2 -1.48717 12.1958
      vertex 16.2 -2.94236 12.5853
    endloop
  endfacet
  facet normal 1 0 0
    outer loop
      vertex 16.2 -1.5 12
      vertex 16.2 -2.84079 11.0357
      vertex 16.2 -2.77164 10.8519
    endloop
  endfacet
  facet normal 1 0 0
    outer loop
      vertex 16.2 -1.48717 12.1958
      vertex 16.2 -2.97433 12.3916
      vertex 16.2 -1.49679 12.0981
    endloop
  endfacet
  facet normal 1 0 0
    outer loop
      vertex 16.2 -1.5 12
      vertex 16.2 -2.89778 11.2235
      vertex 16.2 -2.84079 11.0357
    endloop
  endfacet
  facet normal 1 -0 0
    outer loop
      vertex 16.2 -2.99358 12.1962
      vertex 16.2 -1.49679 12.0981
      vertex 16.2 -2.97433 12.3916
    endloop
  endfacet
  facet normal 1 0 0
    outer loop
      vertex 16.2 -1.5 12
      vertex 16.2 -2.94236 11.4147
      vertex 16.2 -2.89778 11.2235
    endloop
  endfacet
  facet normal 1 0 0
    outer loop
      vertex 16.2 -1.49679 12.0981
      vertex 16.2 -2.99358 12.1962
      vertex 16.2 -1.5 12
    endloop
  endfacet
  facet normal 1 0 0
    outer loop
      vertex 16.2 -1.5 12
      vertex 16.2 -2.97433 11.6084
      vertex 16.2 -2.94236 11.4147
    endloop
  endfacet
  facet normal 1 0 0
    outer loop
      vertex 16.2 -3 12
      vertex 16.2 -1.5 12
      vertex 16.2 -2.99358 12.1962
    endloop
  endfacet
  facet normal 1 0 0
    outer loop
      vertex 16.2 -1.5 12
      vertex 16.2 -2.99358 11.8038
      vertex 16.2 -2.97433 11.6084
    endloop
  endfacet
  facet normal 1 0 0
    outer loop
      vertex 16.2 -1.5 12
      vertex 16.2 -3 12
      vertex 16.2 -2.99358 11.8038
    endloop
  endfacet
  facet normal 1 0 0
    outer loop
      vertex 16.2 1.5 12
      vertex 16.2 3 12
      vertex 16.2 2.99358 12.1962
    endloop
  endfacet
  facet normal 1 0 0
    outer loop
      vertex 16.2 1.49679 12.0981
      vertex 16.2 2.99358 12.1962
      vertex 16.2 2.97433 12.3916
    endloop
  endfacet
  facet normal 1 0 0
    outer loop
      vertex 16.2 3 12
      vertex 16.2 1.5 12
      vertex 16.2 2.99358 11.8038
    endloop
  endfacet
  facet normal 1 0 0
    outer loop
      vertex 16.2 1.49679 12.0981
      vertex 16.2 2.97433 12.3916
      vertex 16.2 2.94236 12.5853
    endloop
  endfacet
  facet normal 1 -0 0
    outer loop
      vertex 16.2 1.49679 11.9019
      vertex 16.2 2.99358 11.8038
      vertex 16.2 1.5 12
    endloop
  endfacet
  facet normal 1 0 0
    outer loop
      vertex 16.2 1.49679 12.0981
      vertex 16.2 2.94236 12.5853
      vertex 16.2 2.89778 12.7765
    endloop
  endfacet
  facet normal 1 0 0
    outer loop
      vertex 16.2 2.99358 11.8038
      vertex 16.2 1.49679 11.9019
      vertex 16.2 2.97433 11.6084
    endloop
  endfacet
  facet normal 1 0 0
    outer loop
      vertex 16.2 1.49679 12.0981
      vertex 16.2 2.89778 12.7765
      vertex 16.2 2.84079 12.9643
    endloop
  endfacet
  facet normal 1 -0 0
    outer loop
      vertex 16.2 1.48717 11.8042
      vertex 16.2 2.97433 11.6084
      vertex 16.2 1.49679 11.9019
    endloop
  endfacet
  facet normal 1 0 0
    outer loop
      vertex 16.2 1.49679 12.0981
      vertex 16.2 2.84079 12.9643
      vertex 16.2 2.77164 13.148
    endloop
  endfacet
  facet normal 1 0 0
    outer loop
      vertex 16.2 2.97433 11.6084
      vertex 16.2 1.48717 11.8042
      vertex 16.2 2.94236 11.4147
    endloop
  endfacet
  facet normal 1 0 0
    outer loop
      vertex 16.2 1.49679 12.0981
      vertex 16.2 2.77164 13.148
      vertex 16.2 2.69062 13.3269
    endloop
  endfacet
  facet normal 1 -0 0
    outer loop
      vertex 16.2 1.47118 11.7074
      vertex 16.2 2.94236 11.4147
      vertex 16.2 1.48717 11.8042
    endloop
  endfacet
  facet normal 1 0 0
    outer loop
      vertex 16.2 1.49679 12.0981
      vertex 16.2 2.69062 13.3269
      vertex 16.2 2.59808 13.5
    endloop
  endfacet
  facet normal 1 0 0
    outer loop
      vertex 16.2 2.94236 11.4147
      vertex 16.2 1.47118 11.7074
      vertex 16.2 2.89778 11.2235
    endloop
  endfacet
  facet normal 1 0 0
    outer loop
      vertex 16.2 1.49679 12.0981
      vertex 16.2 2.59808 13.5
      vertex 16.2 2.49441 13.6667
    endloop
  endfacet
  facet normal 1 -0 0
    outer loop
      vertex 16.2 1.44889 11.6118
      vertex 16.2 2.89778 11.2235
      vertex 16.2 1.47118 11.7074
    endloop
  endfacet
  facet normal 1 0 0
    outer loop
      vertex 16.2 1.49679 12.0981
      vertex 16.2 2.49441 13.6667
      vertex 16.2 2.38006 13.8263
    endloop
  endfacet
  facet normal 1 0 0
    outer loop
      vertex 16.2 2.89778 11.2235
      vertex 16.2 1.44889 11.6118
      vertex 16.2 2.84079 11.0357
    endloop
  endfacet
  facet normal 1 0 0
    outer loop
      vertex 16.2 1.49679 12.0981
      vertex 16.2 2.38006 13.8263
      vertex 16.2 2.25552 13.978
    endloop
  endfacet
  facet normal 1 -0 0
    outer loop
      vertex 16.2 1.42039 11.5178
      vertex 16.2 2.84079 11.0357
      vertex 16.2 1.44889 11.6118
    endloop
  endfacet
  facet normal 1 0 0
    outer loop
      vertex 16.2 1.49679 12.0981
      vertex 16.2 2.25552 13.978
      vertex 16.2 2.12132 14.1213
    endloop
  endfacet
  facet normal 1 0 0
    outer loop
      vertex 16.2 2.84079 11.0357
      vertex 16.2 1.42039 11.5178
      vertex 16.2 2.77164 10.8519
    endloop
  endfacet
  facet normal 1 0 0
    outer loop
      vertex 16.2 1.49679 12.0981
      vertex 16.2 2.12132 14.1213
      vertex 16.2 1.97804 14.2555
    endloop
  endfacet
  facet normal 1 -0 0
    outer loop
      vertex 16.2 1.38582 11.426
      vertex 16.2 2.77164 10.8519
      vertex 16.2 1.42039 11.5178
    endloop
  endfacet
  facet normal 1 0 0
    outer loop
      vertex 16.2 1.49679 12.0981
      vertex 16.2 1.97804 14.2555
      vertex 16.2 1.82628 14.3801
    endloop
  endfacet
  facet normal 1 0 0
    outer loop
      vertex 16.2 2.77164 10.8519
      vertex 16.2 1.38582 11.426
      vertex 16.2 2.69062 10.6731
    endloop
  endfacet
  facet normal 1 0 0
    outer loop
      vertex 16.2 1.49679 12.0981
      vertex 16.2 1.82628 14.3801
      vertex 16.2 1.66671 14.4944
    endloop
  endfacet
  facet normal 1 -0 0
    outer loop
      vertex 16.2 1.34531 11.3366
      vertex 16.2 2.69062 10.6731
      vertex 16.2 1.38582 11.426
    endloop
  endfacet
  facet normal 1 0 0
    outer loop
      vertex 16.2 0.833355 13.2472
      vertex 16.2 1.66671 14.4944
      vertex 16.2 1.5 14.5981
    endloop
  endfacet
  facet normal 1 0 0
    outer loop
      vertex 16.2 2.69062 10.6731
      vertex 16.2 1.34531 11.3366
      vertex 16.2 2.59808 10.5
    endloop
  endfacet
  facet normal 1 -0 0
    outer loop
      vertex 16.2 1.29904 11.25
      vertex 16.2 2.59808 10.5
      vertex 16.2 1.34531 11.3366
    endloop
  endfacet
  facet normal 1 0 0
    outer loop
      vertex 16.2 2.59808 10.5
      vertex 16.2 1.29904 11.25
      vertex 16.2 2.49441 10.3333
    endloop
  endfacet
  facet normal 1 -0 0
    outer loop
      vertex 16.2 1.2472 11.1666
      vertex 16.2 2.49441 10.3333
      vertex 16.2 1.29904 11.25
    endloop
  endfacet
  facet normal 1 0 0
    outer loop
      vertex 16.2 2.49441 10.3333
      vertex 16.2 1.2472 11.1666
      vertex 16.2 2.38006 10.1737
    endloop
  endfacet
  facet normal 1 -0 0
    outer loop
      vertex 16.2 1.19003 11.0869
      vertex 16.2 2.38006 10.1737
      vertex 16.2 1.2472 11.1666
    endloop
  endfacet
  facet normal 1 0 0
    outer loop
      vertex 16.2 2.38006 10.1737
      vertex 16.2 1.19003 11.0869
      vertex 16.2 2.25552 10.022
    endloop
  endfacet
  facet normal 1 -0 0
    outer loop
      vertex 16.2 1.12776 11.011
      vertex 16.2 2.25552 10.022
      vertex 16.2 1.19003 11.0869
    endloop
  endfacet
  facet normal 1 0 0
    outer loop
      vertex 16.2 2.25552 10.022
      vertex 16.2 1.12776 11.011
      vertex 16.2 2.12132 9.87868
    endloop
  endfacet
  facet normal 1 -0 0
    outer loop
      vertex 16.2 1.06066 10.9393
      vertex 16.2 2.12132 9.87868
      vertex 16.2 1.12776 11.011
    endloop
  endfacet
  facet normal 1 0 0
    outer loop
      vertex 16.2 2.12132 9.87868
      vertex 16.2 1.06066 10.9393
      vertex 16.2 1.97804 9.74448
    endloop
  endfacet
  facet normal 1 -0 0
    outer loop
      vertex 16.2 0.989018 10.8722
      vertex 16.2 1.97804 9.74448
      vertex 16.2 1.06066 10.9393
    endloop
  endfacet
  facet normal 1 0 0
    outer loop
      vertex 16.2 1.97804 9.74448
      vertex 16.2 0.989018 10.8722
      vertex 16.2 1.82628 9.61994
    endloop
  endfacet
  facet normal 1 -0 0
    outer loop
      vertex 16.2 0.913141 10.81
      vertex 16.2 1.82628 9.61994
      vertex 16.2 0.989018 10.8722
    endloop
  endfacet
  facet normal 1 0 0
    outer loop
      vertex 16.2 1.82628 9.61994
      vertex 16.2 0.913141 10.81
      vertex 16.2 1.66671 9.50559
    endloop
  endfacet
  facet normal 1 -0 0
    outer loop
      vertex 16.2 0.833355 10.7528
      vertex 16.2 1.66671 9.50559
      vertex 16.2 0.913141 10.81
    endloop
  endfacet
  facet normal 1 0 0
    outer loop
      vertex 16.2 1.66671 9.50559
      vertex 16.2 0.833355 10.7528
      vertex 16.2 1.5 9.40192
    endloop
  endfacet
  facet normal 1 -0 0
    outer loop
      vertex 16.2 0.75 10.701
      vertex 16.2 1.5 9.40192
      vertex 16.2 0.833355 10.7528
    endloop
  endfacet
  facet normal 1 0 0
    outer loop
      vertex 16.2 1.5 9.40192
      vertex 16.2 0.75 10.701
      vertex 16.2 1.32687 9.30938
    endloop
  endfacet
  facet normal 1 -0 0
    outer loop
      vertex 16.2 0.663432 10.6547
      vertex 16.2 1.32687 9.30938
      vertex 16.2 0.75 10.701
    endloop
  endfacet
  facet normal 1 0 0
    outer loop
      vertex 16.2 1.32687 9.30938
      vertex 16.2 0.663432 10.6547
      vertex 16.2 1.14805 9.22836
    endloop
  endfacet
  facet normal 1 -0 0
    outer loop
      vertex 16.2 0.574024 10.6142
      vertex 16.2 1.14805 9.22836
      vertex 16.2 0.663432 10.6547
    endloop
  endfacet
  facet normal 1 0 0
    outer loop
      vertex 16.2 1.14805 9.22836
      vertex 16.2 0.574024 10.6142
      vertex 16.2 0.964318 9.15921
    endloop
  endfacet
  facet normal 1 -0 0
    outer loop
      vertex 16.2 0.482159 10.5796
      vertex 16.2 0.964318 9.15921
      vertex 16.2 0.574024 10.6142
    endloop
  endfacet
  facet normal 1 0 0
    outer loop
      vertex 16.2 0.964318 9.15921
      vertex 16.2 0.482159 10.5796
      vertex 16.2 0.776457 9.10222
    endloop
  endfacet
  facet normal 1 -0 0
    outer loop
      vertex 16.2 0.388228 10.5511
      vertex 16.2 0.776457 9.10222
      vertex 16.2 0.482159 10.5796
    endloop
  endfacet
  facet normal 1 0 0
    outer loop
      vertex 16.2 0.776457 9.10222
      vertex 16.2 0.388228 10.5511
      vertex 16.2 0.585271 9.05764
    endloop
  endfacet
  facet normal 1 -0 0
    outer loop
      vertex 16.2 0.292635 10.5288
      vertex 16.2 0.585271 9.05764
      vertex 16.2 0.388228 10.5511
    endloop
  endfacet
  facet normal 1 0 0
    outer loop
      vertex 16.2 0.585271 9.05764
      vertex 16.2 0.292635 10.5288
      vertex 16.2 0.391578 9.02567
    endloop
  endfacet
  facet normal 1 -0 0
    outer loop
      vertex 16.2 0.195788 10.5128
      vertex 16.2 0.391578 9.02567
      vertex 16.2 0.292635 10.5288
    endloop
  endfacet
  facet normal 1 0 0
    outer loop
      vertex 16.2 0.391578 9.02567
      vertex 16.2 0.195788 10.5128
      vertex 16.2 0.196209 9.00642
    endloop
  endfacet
  facet normal 1 -0 0
    outer loop
      vertex 16.2 0.0981045 10.5032
      vertex 16.2 0.196209 9.00642
      vertex 16.2 0.195788 10.5128
    endloop
  endfacet
  facet normal 1 -0 0
    outer loop
      vertex 16.2 0 10.5
      vertex 16.2 0.196209 9.00642
      vertex 16.2 0.0981045 10.5032
    endloop
  endfacet
  facet normal 1 0 0
    outer loop
      vertex 16.2 0 10.5
      vertex 16.2 0 9
      vertex 16.2 0.196209 9.00642
    endloop
  endfacet
  facet normal 1 0 0
    outer loop
      vertex 16.2 -0.0981045 10.5032
      vertex 16.2 0 9
      vertex 16.2 0 10.5
    endloop
  endfacet
  facet normal 1 0 0
    outer loop
      vertex 16.2 -0.196209 9.00642
      vertex 16.2 -0.0981045 10.5032
      vertex 16.2 -0.195788 10.5128
    endloop
  endfacet
  facet normal 1 0 0
    outer loop
      vertex 16.2 -0.0981045 10.5032
      vertex 16.2 -0.196209 9.00642
      vertex 16.2 0 9
    endloop
  endfacet
  facet normal 1 0 0
    outer loop
      vertex 16.2 -0.391578 9.02567
      vertex 16.2 -0.195788 10.5128
      vertex 16.2 -0.292635 10.5288
    endloop
  endfacet
  facet normal 1 0 0
    outer loop
      vertex 16.2 -0.585271 9.05764
      vertex 16.2 -0.292635 10.5288
      vertex 16.2 -0.388228 10.5511
    endloop
  endfacet
  facet normal 1 0 0
    outer loop
      vertex 16.2 -0.195788 10.5128
      vertex 16.2 -0.391578 9.02567
      vertex 16.2 -0.196209 9.00642
    endloop
  endfacet
  facet normal 1 0 0
    outer loop
      vertex 16.2 -0.776457 9.10222
      vertex 16.2 -0.388228 10.5511
      vertex 16.2 -0.482159 10.5796
    endloop
  endfacet
  facet normal 1 0 0
    outer loop
      vertex 16.2 -0.964318 9.15921
      vertex 16.2 -0.482159 10.5796
      vertex 16.2 -0.574024 10.6142
    endloop
  endfacet
  facet normal 1 0 0
    outer loop
      vertex 16.2 -0.292635 10.5288
      vertex 16.2 -0.585271 9.05764
      vertex 16.2 -0.391578 9.02567
    endloop
  endfacet
  facet normal 1 0 0
    outer loop
      vertex 16.2 -1.14805 9.22836
      vertex 16.2 -0.574024 10.6142
      vertex 16.2 -0.663432 10.6547
    endloop
  endfacet
  facet normal 1 0 0
    outer loop
      vertex 16.2 -1.32687 9.30938
      vertex 16.2 -0.663432 10.6547
      vertex 16.2 -0.75 10.701
    endloop
  endfacet
  facet normal 1 0 0
    outer loop
      vertex 16.2 -0.388228 10.5511
      vertex 16.2 -0.776457 9.10222
      vertex 16.2 -0.585271 9.05764
    endloop
  endfacet
  facet normal 1 0 0
    outer loop
      vertex 16.2 -1.5 9.40192
      vertex 16.2 -0.75 10.701
      vertex 16.2 -0.833355 10.7528
    endloop
  endfacet
  facet normal 1 0 0
    outer loop
      vertex 16.2 -1.5 9.40192
      vertex 16.2 -0.833355 10.7528
      vertex 16.2 -0.913141 10.81
    endloop
  endfacet
  facet normal 1 0 0
    outer loop
      vertex 16.2 -0.482159 10.5796
      vertex 16.2 -0.964318 9.15921
      vertex 16.2 -0.776457 9.10222
    endloop
  endfacet
  facet normal 1 0 0
    outer loop
      vertex 16.2 -1.5 9.40192
      vertex 16.2 -0.913141 10.81
      vertex 16.2 -0.989018 10.8722
    endloop
  endfacet
  facet normal 1 0 0
    outer loop
      vertex 16.2 -1.5 9.40192
      vertex 16.2 -0.989018 10.8722
      vertex 16.2 -1.06066 10.9393
    endloop
  endfacet
  facet normal 1 0 0
    outer loop
      vertex 16.2 -1.5 9.40192
      vertex 16.2 -1.06066 10.9393
      vertex 16.2 -1.12776 11.011
    endloop
  endfacet
  facet normal 1 0 0
    outer loop
      vertex 16.2 -0.574024 10.6142
      vertex 16.2 -1.14805 9.22836
      vertex 16.2 -0.964318 9.15921
    endloop
  endfacet
  facet normal 1 0 0
    outer loop
      vertex 16.2 -1.5 9.40192
      vertex 16.2 -1.12776 11.011
      vertex 16.2 -1.19003 11.0869
    endloop
  endfacet
  facet normal 1 0 0
    outer loop
      vertex 16.2 -1.5 9.40192
      vertex 16.2 -1.19003 11.0869
      vertex 16.2 -1.2472 11.1666
    endloop
  endfacet
  facet normal 1 0 0
    outer loop
      vertex 16.2 -1.5 9.40192
      vertex 16.2 -1.2472 11.1666
      vertex 16.2 -1.29904 11.25
    endloop
  endfacet
  facet normal 1 0 0
    outer loop
      vertex 16.2 -0.663432 10.6547
      vertex 16.2 -1.32687 9.30938
      vertex 16.2 -1.14805 9.22836
    endloop
  endfacet
  facet normal 1 0 0
    outer loop
      vertex 16.2 -1.5 9.40192
      vertex 16.2 -1.29904 11.25
      vertex 16.2 -1.34531 11.3366
    endloop
  endfacet
  facet normal 1 0 0
    outer loop
      vertex 16.2 -1.5 9.40192
      vertex 16.2 -1.34531 11.3366
      vertex 16.2 -1.38582 11.426
    endloop
  endfacet
  facet normal 1 0 0
    outer loop
      vertex 16.2 -1.5 9.40192
      vertex 16.2 -1.38582 11.426
      vertex 16.2 -1.42039 11.5178
    endloop
  endfacet
  facet normal 1 0 0
    outer loop
      vertex 16.2 -1.5 9.40192
      vertex 16.2 -1.42039 11.5178
      vertex 16.2 -1.44889 11.6118
    endloop
  endfacet
  facet normal 1 0 0
    outer loop
      vertex 16.2 -1.5 9.40192
      vertex 16.2 -1.44889 11.6118
      vertex 16.2 -1.47118 11.7074
    endloop
  endfacet
  facet normal 1 0 0
    outer loop
      vertex 16.2 -1.5 9.40192
      vertex 16.2 -1.47118 11.7074
      vertex 16.2 -1.48717 11.8042
    endloop
  endfacet
  facet normal 1 0 0
    outer loop
      vertex 16.2 -1.5 9.40192
      vertex 16.2 -1.48717 11.8042
      vertex 16.2 -1.49679 11.9019
    endloop
  endfacet
  facet normal 1 0 0
    outer loop
      vertex 16.2 -0.75 10.701
      vertex 16.2 -1.5 9.40192
      vertex 16.2 -1.32687 9.30938
    endloop
  endfacet
  facet normal 1 0 0
    outer loop
      vertex 16.2 -1.5 9.40192
      vertex 16.2 -1.49679 11.9019
      vertex 16.2 -1.5 12
    endloop
  endfacet
  facet normal 0 -0.412613 0.910906
    outer loop
      vertex 16 -1.14805 14.7716
      vertex 16.2 -1.32687 14.6906
      vertex 16.2 -1.14805 14.7716
    endloop
  endfacet
  facet normal 0 -0.412613 0.910906
    outer loop
      vertex 16.2 -1.32687 14.6906
      vertex 16 -1.14805 14.7716
      vertex 16 -1.32687 14.6906
    endloop
  endfacet
  facet normal 0 -0.986652 0.162846
    outer loop
      vertex 16 -2.97433 12.3916
      vertex 16.2 -2.94236 12.5853
      vertex 16 -2.94236 12.5853
    endloop
  endfacet
  facet normal 0 -0.986652 0.162846
    outer loop
      vertex 16.2 -2.94236 12.5853
      vertex 16 -2.97433 12.3916
      vertex 16.2 -2.97433 12.3916
    endloop
  endfacet
  facet normal 0 -0.772903 -0.634524
    outer loop
      vertex 14.5 -2.25552 10.022
      vertex 16.2 -2.38006 10.1737
      vertex 14.5 -2.38006 10.1737
    endloop
  endfacet
  facet normal 0 -0.772903 -0.634524
    outer loop
      vertex 16.2 -2.38006 10.1737
      vertex 14.5 -2.25552 10.022
      vertex 16.2 -2.25552 10.022
    endloop
  endfacet
  facet normal 0 -0.881887 -0.471461
    outer loop
      vertex 14.5 -2.59808 10.5
      vertex 16.2 -2.69062 10.6731
      vertex 14.5 -2.69062 10.6731
    endloop
  endfacet
  facet normal 0 -0.881887 -0.471461
    outer loop
      vertex 16.2 -2.69062 10.6731
      vertex 14.5 -2.59808 10.5
      vertex 16.2 -2.59808 10.5
    endloop
  endfacet
  facet normal 0 0.999465 -0.0327042
    outer loop
      vertex 16.2 2.99358 11.8038
      vertex 16 3 12
      vertex 16.2 3 12
    endloop
  endfacet
  facet normal 0 0.999465 -0.0327042
    outer loop
      vertex 16 3 12
      vertex 16.2 2.99358 11.8038
      vertex 16 2.99358 11.8038
    endloop
  endfacet
  facet normal 0 -0.471239 0.882006
    outer loop
      vertex 16 -1.32687 14.6906
      vertex 16.2 -1.5 14.5981
      vertex 16.2 -1.32687 14.6906
    endloop
  endfacet
  facet normal 0 -0.471239 0.882006
    outer loop
      vertex 16.2 -1.5 14.5981
      vertex 16 -1.32687 14.6906
      vertex 16 -1.5 14.5981
    endloop
  endfacet
  facet normal -0 0.634557 0.772876
    outer loop
      vertex 16 1.97804 14.2555
      vertex 16.2 1.82628 14.3801
      vertex 16.2 1.97804 14.2555
    endloop
  endfacet
  facet normal 0 0.634557 0.772876
    outer loop
      vertex 16.2 1.82628 14.3801
      vertex 16 1.97804 14.2555
      vertex 16 1.82628 14.3801
    endloop
  endfacet
  facet normal 0 -0.634557 0.772876
    outer loop
      vertex 16 -1.82628 14.3801
      vertex 16.2 -1.97804 14.2555
      vertex 16.2 -1.82628 14.3801
    endloop
  endfacet
  facet normal 0 -0.634557 0.772876
    outer loop
      vertex 16.2 -1.97804 14.2555
      vertex 16 -1.82628 14.3801
      vertex 16 -1.97804 14.2555
    endloop
  endfacet
  facet normal 0 -0.227181 0.973853
    outer loop
      vertex 16 -0.585271 14.9424
      vertex 16.2 -0.776457 14.8978
      vertex 16.2 -0.585271 14.9424
    endloop
  endfacet
  facet normal 0 -0.227181 0.973853
    outer loop
      vertex 16.2 -0.776457 14.8978
      vertex 16 -0.585271 14.9424
      vertex 16 -0.776457 14.8978
    endloop
  endfacet
  facet normal 0 -0.683602 -0.729855
    outer loop
      vertex 14.5 -2.12132 9.87868
      vertex 16.2 -1.97804 9.74448
      vertex 16.2 -2.12132 9.87868
    endloop
  endfacet
  facet normal -0 -0.683602 -0.729855
    outer loop
      vertex 16.2 -1.97804 9.74448
      vertex 14.5 -2.12132 9.87868
      vertex 14.5 -1.97804 9.74448
    endloop
  endfacet
  facet normal -0 0.0326009 0.999468
    outer loop
      vertex 16 0.196209 14.9936
      vertex 16.2 0 15
      vertex 16.2 0.196209 14.9936
    endloop
  endfacet
  facet normal 0 0.0326009 0.999468
    outer loop
      vertex 16.2 0 15
      vertex 16 0.196209 14.9936
      vertex 16 0 15
    endloop
  endfacet
  facet normal 0 -0.95691 0.290385
    outer loop
      vertex 16 -2.89778 12.7765
      vertex 16.2 -2.84079 12.9643
      vertex 16 -2.84079 12.9643
    endloop
  endfacet
  facet normal 0 -0.95691 0.290385
    outer loop
      vertex 16.2 -2.84079 12.9643
      vertex 16 -2.89778 12.7765
      vertex 16.2 -2.89778 12.7765
    endloop
  endfacet
  facet normal -0 0.290345 0.956922
    outer loop
      vertex 16 0.964318 14.8408
      vertex 16.2 0.776457 14.8978
      vertex 16.2 0.964318 14.8408
    endloop
  endfacet
  facet normal 0 0.290345 0.956922
    outer loop
      vertex 16.2 0.776457 14.8978
      vertex 16 0.964318 14.8408
      vertex 16 0.776457 14.8978
    endloop
  endfacet
  facet normal 0 0.881887 0.471461
    outer loop
      vertex 16.2 2.69062 13.3269
      vertex 16 2.59808 13.5
      vertex 16.2 2.59808 13.5
    endloop
  endfacet
  facet normal 0 0.881887 0.471461
    outer loop
      vertex 16 2.59808 13.5
      vertex 16.2 2.69062 13.3269
      vertex 16 2.69062 13.3269
    endloop
  endfacet
  facet normal 0 -0.812889 0.582418
    outer loop
      vertex 16 -2.49441 13.6667
      vertex 16.2 -2.38006 13.8263
      vertex 16 -2.38006 13.8263
    endloop
  endfacet
  facet normal 0 -0.812889 0.582418
    outer loop
      vertex 16.2 -2.38006 13.8263
      vertex 16 -2.49441 13.6667
      vertex 16.2 -2.49441 13.6667
    endloop
  endfacet
  facet normal 0 0.163 -0.986626
    outer loop
      vertex 16.2 0.195788 10.5128
      vertex 22.4 0.292635 10.5288
      vertex 22.4 0.195788 10.5128
    endloop
  endfacet
  facet normal 0 0.163 -0.986626
    outer loop
      vertex 22.4 0.292635 10.5288
      vertex 16.2 0.195788 10.5128
      vertex 16.2 0.292635 10.5288
    endloop
  endfacet
  facet normal 0 -0.471622 -0.881801
    outer loop
      vertex 16.2 -0.75 10.701
      vertex 22.4 -0.663432 10.6547
      vertex 22.4 -0.75 10.701
    endloop
  endfacet
  facet normal -0 -0.471622 -0.881801
    outer loop
      vertex 22.4 -0.663432 10.6547
      vertex 16.2 -0.75 10.701
      vertex 16.2 -0.663432 10.6547
    endloop
  endfacet
  facet normal 0 0.633963 -0.773363
    outer loop
      vertex 16.2 0.913141 10.81
      vertex 22.4 0.989018 10.8722
      vertex 22.4 0.913141 10.81
    endloop
  endfacet
  facet normal 0 0.633963 -0.773363
    outer loop
      vertex 22.4 0.989018 10.8722
      vertex 16.2 0.913141 10.81
      vertex 16.2 0.989018 10.8722
    endloop
  endfacet
  facet normal 0 0.973879 0.227069
    outer loop
      vertex 22.4 1.47118 12.2926
      vertex 16.2 1.44889 12.3882
      vertex 22.4 1.44889 12.3882
    endloop
  endfacet
  facet normal 0 0.973879 0.227069
    outer loop
      vertex 16.2 1.44889 12.3882
      vertex 22.4 1.47118 12.2926
      vertex 16.2 1.47118 12.2926
    endloop
  endfacet
  facet normal 0 0.471622 -0.881801
    outer loop
      vertex 16.2 0.663432 10.6547
      vertex 22.4 0.75 10.701
      vertex 22.4 0.663432 10.6547
    endloop
  endfacet
  facet normal 0 0.471622 -0.881801
    outer loop
      vertex 22.4 0.75 10.701
      vertex 16.2 0.663432 10.6547
      vertex 16.2 0.75 10.701
    endloop
  endfacet
  facet normal 0 0.227181 -0.973853
    outer loop
      vertex 16.2 0.292635 10.5288
      vertex 22.4 0.388228 10.5511
      vertex 22.4 0.292635 10.5288
    endloop
  endfacet
  facet normal 0 0.227181 -0.973853
    outer loop
      vertex 22.4 0.388228 10.5511
      vertex 16.2 0.292635 10.5288
      vertex 16.2 0.388228 10.5511
    endloop
  endfacet
  facet normal 0 0.910851 -0.412736
    outer loop
      vertex 22.4 1.34531 11.3366
      vertex 16.2 1.38582 11.426
      vertex 22.4 1.38582 11.426
    endloop
  endfacet
  facet normal 0 0.910851 -0.412736
    outer loop
      vertex 16.2 1.38582 11.426
      vertex 22.4 1.34531 11.3366
      vertex 16.2 1.34531 11.3366
    endloop
  endfacet
  facet normal 0 -0.8493 -0.52791
    outer loop
      vertex 16.2 -1.2472 11.1666
      vertex 22.4 -1.29904 11.25
      vertex 16.2 -1.29904 11.25
    endloop
  endfacet
  facet normal 0 -0.8493 -0.52791
    outer loop
      vertex 22.4 -1.29904 11.25
      vertex 16.2 -1.2472 11.1666
      vertex 22.4 -1.2472 11.1666
    endloop
  endfacet
  facet normal 0 0.582654 -0.81272
    outer loop
      vertex 16.2 0.833355 10.7528
      vertex 22.4 0.913141 10.81
      vertex 22.4 0.833355 10.7528
    endloop
  endfacet
  facet normal 0 0.582654 -0.81272
    outer loop
      vertex 22.4 0.913141 10.81
      vertex 16.2 0.833355 10.7528
      vertex 16.2 0.913141 10.81
    endloop
  endfacet
  facet normal 0 -0.683592 -0.729864
    outer loop
      vertex 16.2 -1.06066 10.9393
      vertex 22.4 -0.989018 10.8722
      vertex 22.4 -1.06066 10.9393
    endloop
  endfacet
  facet normal -0 -0.683592 -0.729864
    outer loop
      vertex 22.4 -0.989018 10.8722
      vertex 16.2 -1.06066 10.9393
      vertex 16.2 -0.989018 10.8722
    endloop
  endfacet
  facet normal 0 -0.290344 0.956922
    outer loop
      vertex 16.2 -0.388228 13.4489
      vertex 22.4 -0.482159 13.4204
      vertex 22.4 -0.388228 13.4489
    endloop
  endfacet
  facet normal 0 -0.290344 0.956922
    outer loop
      vertex 22.4 -0.482159 13.4204
      vertex 16.2 -0.388228 13.4489
      vertex 16.2 -0.482159 13.4204
    endloop
  endfacet
  facet normal 0 0.527822 -0.849355
    outer loop
      vertex 16.2 0.75 10.701
      vertex 22.4 0.833355 10.7528
      vertex 22.4 0.75 10.701
    endloop
  endfacet
  facet normal 0 0.527822 -0.849355
    outer loop
      vertex 22.4 0.833355 10.7528
      vertex 16.2 0.75 10.701
      vertex 16.2 0.833355 10.7528
    endloop
  endfacet
  facet normal -0 0.163 0.986626
    outer loop
      vertex 16.2 0.292635 13.4712
      vertex 22.4 0.195788 13.4872
      vertex 22.4 0.292635 13.4712
    endloop
  endfacet
  facet normal 0 0.163 0.986626
    outer loop
      vertex 22.4 0.195788 13.4872
      vertex 16.2 0.292635 13.4712
      vertex 16.2 0.195788 13.4872
    endloop
  endfacet
  facet normal 0 0.0326009 -0.999468
    outer loop
      vertex 16.2 0 10.5
      vertex 22.4 0.0981045 10.5032
      vertex 22.4 0 10.5
    endloop
  endfacet
  facet normal 0 0.0326009 -0.999468
    outer loop
      vertex 22.4 0.0981045 10.5032
      vertex 16.2 0 10.5
      vertex 16.2 0.0981045 10.5032
    endloop
  endfacet
  facet normal -0 0.41262 0.910903
    outer loop
      vertex 16.2 0.663432 13.3453
      vertex 22.4 0.574024 13.3858
      vertex 22.4 0.663432 13.3453
    endloop
  endfacet
  facet normal 0 0.41262 0.910903
    outer loop
      vertex 22.4 0.574024 13.3858
      vertex 16.2 0.663432 13.3453
      vertex 16.2 0.574024 13.3858
    endloop
  endfacet
  facet normal 0 0.812568 0.582867
    outer loop
      vertex 22.4 1.2472 12.8334
      vertex 16.2 1.19003 12.9131
      vertex 22.4 1.19003 12.9131
    endloop
  endfacet
  facet normal 0 0.812568 0.582867
    outer loop
      vertex 16.2 1.19003 12.9131
      vertex 22.4 1.2472 12.8334
      vertex 16.2 1.2472 12.8334
    endloop
  endfacet
  facet normal 0 -0.999465 -0.0327042
    outer loop
      vertex 16.2 -1.49679 11.9019
      vertex 22.4 -1.5 12
      vertex 16.2 -1.5 12
    endloop
  endfacet
  facet normal 0 -0.999465 -0.0327042
    outer loop
      vertex 22.4 -1.5 12
      vertex 16.2 -1.49679 11.9019
      vertex 22.4 -1.49679 11.9019
    endloop
  endfacet
  facet normal 0 0.73014 0.683297
    outer loop
      vertex 22.4 1.12776 12.989
      vertex 16.2 1.06066 13.0607
      vertex 22.4 1.06066 13.0607
    endloop
  endfacet
  facet normal 0 0.73014 0.683297
    outer loop
      vertex 16.2 1.06066 13.0607
      vertex 22.4 1.12776 12.989
      vertex 16.2 1.12776 12.989
    endloop
  endfacet
  facet normal 0 0.973879 -0.227069
    outer loop
      vertex 22.4 1.44889 11.6118
      vertex 16.2 1.47118 11.7074
      vertex 22.4 1.47118 11.7074
    endloop
  endfacet
  facet normal 0 0.973879 -0.227069
    outer loop
      vertex 16.2 1.47118 11.7074
      vertex 22.4 1.44889 11.6118
      vertex 16.2 1.44889 11.6118
    endloop
  endfacet
  facet normal 0 -0.973879 -0.227069
    outer loop
      vertex 16.2 -1.44889 11.6118
      vertex 22.4 -1.47118 11.7074
      vertex 16.2 -1.47118 11.7074
    endloop
  endfacet
  facet normal 0 -0.973879 -0.227069
    outer loop
      vertex 22.4 -1.47118 11.7074
      vertex 16.2 -1.44889 11.6118
      vertex 22.4 -1.44889 11.6118
    endloop
  endfacet
  facet normal 0 -0.0326009 -0.999468
    outer loop
      vertex 16.2 -0.0981045 10.5032
      vertex 22.4 0 10.5
      vertex 22.4 -0.0981045 10.5032
    endloop
  endfacet
  facet normal -0 -0.0326009 -0.999468
    outer loop
      vertex 22.4 0 10.5
      vertex 16.2 -0.0981045 10.5032
      vertex 16.2 0 10.5
    endloop
  endfacet
  facet normal 0 0.290344 -0.956922
    outer loop
      vertex 16.2 0.388228 10.5511
      vertex 22.4 0.482159 10.5796
      vertex 22.4 0.388228 10.5511
    endloop
  endfacet
  facet normal 0 0.290344 -0.956922
    outer loop
      vertex 22.4 0.482159 10.5796
      vertex 16.2 0.388228 10.5511
      vertex 16.2 0.482159 10.5796
    endloop
  endfacet
  facet normal 0 0.8493 -0.52791
    outer loop
      vertex 22.4 1.2472 11.1666
      vertex 16.2 1.29904 11.25
      vertex 22.4 1.29904 11.25
    endloop
  endfacet
  facet normal 0 0.8493 -0.52791
    outer loop
      vertex 16.2 1.29904 11.25
      vertex 22.4 1.2472 11.1666
      vertex 16.2 1.2472 11.1666
    endloop
  endfacet
  facet normal 0 0.956982 -0.290149
    outer loop
      vertex 22.4 1.42039 11.5178
      vertex 16.2 1.44889 11.6118
      vertex 22.4 1.44889 11.6118
    endloop
  endfacet
  facet normal 0 0.956982 -0.290149
    outer loop
      vertex 16.2 1.44889 11.6118
      vertex 22.4 1.42039 11.5178
      vertex 16.2 1.42039 11.5178
    endloop
  endfacet
  facet normal 0 0.882 -0.471249
    outer loop
      vertex 22.4 1.29904 11.25
      vertex 16.2 1.34531 11.3366
      vertex 22.4 1.34531 11.3366
    endloop
  endfacet
  facet normal 0 0.882 -0.471249
    outer loop
      vertex 16.2 1.34531 11.3366
      vertex 22.4 1.29904 11.25
      vertex 16.2 1.29904 11.25
    endloop
  endfacet
  facet normal 0 0.98663 0.162977
    outer loop
      vertex 22.4 1.48717 12.1958
      vertex 16.2 1.47118 12.2926
      vertex 22.4 1.47118 12.2926
    endloop
  endfacet
  facet normal 0 0.98663 0.162977
    outer loop
      vertex 16.2 1.47118 12.2926
      vertex 22.4 1.48717 12.1958
      vertex 16.2 1.48717 12.1958
    endloop
  endfacet
  facet normal -0 0.227181 0.973853
    outer loop
      vertex 16.2 0.388228 13.4489
      vertex 22.4 0.292635 13.4712
      vertex 22.4 0.388228 13.4489
    endloop
  endfacet
  facet normal 0 0.227181 0.973853
    outer loop
      vertex 22.4 0.292635 13.4712
      vertex 16.2 0.388228 13.4489
      vertex 16.2 0.292635 13.4712
    endloop
  endfacet
  facet normal 0 0.956982 0.290149
    outer loop
      vertex 22.4 1.44889 12.3882
      vertex 16.2 1.42039 12.4822
      vertex 22.4 1.42039 12.4822
    endloop
  endfacet
  facet normal 0 0.956982 0.290149
    outer loop
      vertex 16.2 1.42039 12.4822
      vertex 22.4 1.44889 12.3882
      vertex 16.2 1.44889 12.3882
    endloop
  endfacet
  facet normal 0 0.41262 -0.910903
    outer loop
      vertex 16.2 0.574024 10.6142
      vertex 22.4 0.663432 10.6547
      vertex 22.4 0.574024 10.6142
    endloop
  endfacet
  facet normal 0 0.41262 -0.910903
    outer loop
      vertex 22.4 0.663432 10.6547
      vertex 16.2 0.574024 10.6142
      vertex 16.2 0.663432 10.6547
    endloop
  endfacet
  facet normal 0 -0.633963 -0.773363
    outer loop
      vertex 16.2 -0.989018 10.8722
      vertex 22.4 -0.913141 10.81
      vertex 22.4 -0.989018 10.8722
    endloop
  endfacet
  facet normal -0 -0.633963 -0.773363
    outer loop
      vertex 22.4 -0.913141 10.81
      vertex 16.2 -0.989018 10.8722
      vertex 16.2 -0.913141 10.81
    endloop
  endfacet
  facet normal 0 -0.995187 0.0979908
    outer loop
      vertex 16.2 -1.49679 12.0981
      vertex 22.4 -1.48717 12.1958
      vertex 16.2 -1.48717 12.1958
    endloop
  endfacet
  facet normal 0 -0.995187 0.0979908
    outer loop
      vertex 22.4 -1.48717 12.1958
      vertex 16.2 -1.49679 12.0981
      vertex 22.4 -1.49679 12.0981
    endloop
  endfacet
  facet normal 0 -0.471622 0.881801
    outer loop
      vertex 16.2 -0.663432 13.3453
      vertex 22.4 -0.75 13.299
      vertex 22.4 -0.663432 13.3453
    endloop
  endfacet
  facet normal 0 -0.471622 0.881801
    outer loop
      vertex 22.4 -0.75 13.299
      vertex 16.2 -0.663432 13.3453
      vertex 16.2 -0.75 13.299
    endloop
  endfacet
  facet normal 0 -0.683592 0.729864
    outer loop
      vertex 16.2 -0.989018 13.1278
      vertex 22.4 -1.06066 13.0607
      vertex 22.4 -0.989018 13.1278
    endloop
  endfacet
  facet normal 0 -0.683592 0.729864
    outer loop
      vertex 22.4 -1.06066 13.0607
      vertex 16.2 -0.989018 13.1278
      vertex 16.2 -1.06066 13.0607
    endloop
  endfacet
  facet normal 0 -0.0978054 -0.995206
    outer loop
      vertex 16.2 -0.195788 10.5128
      vertex 22.4 -0.0981045 10.5032
      vertex 22.4 -0.195788 10.5128
    endloop
  endfacet
  facet normal -0 -0.0978054 -0.995206
    outer loop
      vertex 22.4 -0.0981045 10.5032
      vertex 16.2 -0.195788 10.5128
      vertex 16.2 -0.0981045 10.5032
    endloop
  endfacet
  facet normal 0 -0.882 -0.471249
    outer loop
      vertex 16.2 -1.29904 11.25
      vertex 22.4 -1.34531 11.3366
      vertex 16.2 -1.34531 11.3366
    endloop
  endfacet
  facet normal 0 -0.882 -0.471249
    outer loop
      vertex 22.4 -1.34531 11.3366
      vertex 16.2 -1.29904 11.25
      vertex 22.4 -1.29904 11.25
    endloop
  endfacet
  facet normal 0 -0.910851 -0.412736
    outer loop
      vertex 16.2 -1.34531 11.3366
      vertex 22.4 -1.38582 11.426
      vertex 16.2 -1.38582 11.426
    endloop
  endfacet
  facet normal 0 -0.910851 -0.412736
    outer loop
      vertex 22.4 -1.38582 11.426
      vertex 16.2 -1.34531 11.3366
      vertex 22.4 -1.34531 11.3366
    endloop
  endfacet
  facet normal 0 -0.8493 0.52791
    outer loop
      vertex 16.2 -1.29904 12.75
      vertex 22.4 -1.2472 12.8334
      vertex 16.2 -1.2472 12.8334
    endloop
  endfacet
  facet normal 0 -0.8493 0.52791
    outer loop
      vertex 22.4 -1.2472 12.8334
      vertex 16.2 -1.29904 12.75
      vertex 22.4 -1.29904 12.75
    endloop
  endfacet
  facet normal 0 0.935842 0.352419
    outer loop
      vertex 22.4 1.42039 12.4822
      vertex 16.2 1.38582 12.574
      vertex 22.4 1.38582 12.574
    endloop
  endfacet
  facet normal 0 0.935842 0.352419
    outer loop
      vertex 16.2 1.38582 12.574
      vertex 22.4 1.42039 12.4822
      vertex 16.2 1.42039 12.4822
    endloop
  endfacet
  facet normal 0 -0.935842 0.352419
    outer loop
      vertex 16.2 -1.42039 12.4822
      vertex 22.4 -1.38582 12.574
      vertex 16.2 -1.38582 12.574
    endloop
  endfacet
  facet normal 0 -0.935842 0.352419
    outer loop
      vertex 22.4 -1.38582 12.574
      vertex 16.2 -1.42039 12.4822
      vertex 22.4 -1.42039 12.4822
    endloop
  endfacet
  facet normal 0 -0.0978054 0.995206
    outer loop
      vertex 16.2 -0.0981045 13.4968
      vertex 22.4 -0.195788 13.4872
      vertex 22.4 -0.0981045 13.4968
    endloop
  endfacet
  facet normal 0 -0.0978054 0.995206
    outer loop
      vertex 22.4 -0.195788 13.4872
      vertex 16.2 -0.0981045 13.4968
      vertex 16.2 -0.195788 13.4872
    endloop
  endfacet
  facet normal 0 -0.527822 -0.849355
    outer loop
      vertex 16.2 -0.833355 10.7528
      vertex 22.4 -0.75 10.701
      vertex 22.4 -0.833355 10.7528
    endloop
  endfacet
  facet normal -0 -0.527822 -0.849355
    outer loop
      vertex 22.4 -0.75 10.701
      vertex 16.2 -0.833355 10.7528
      vertex 16.2 -0.75 10.701
    endloop
  endfacet
  facet normal -0 0.527822 0.849355
    outer loop
      vertex 16.2 0.833355 13.2472
      vertex 22.4 0.75 13.299
      vertex 22.4 0.833355 13.2472
    endloop
  endfacet
  facet normal 0 0.527822 0.849355
    outer loop
      vertex 22.4 0.75 13.299
      vertex 16.2 0.833355 13.2472
      vertex 16.2 0.75 13.299
    endloop
  endfacet
  facet normal 0 0.812568 -0.582867
    outer loop
      vertex 22.4 1.19003 11.0869
      vertex 16.2 1.2472 11.1666
      vertex 22.4 1.2472 11.1666
    endloop
  endfacet
  facet normal 0 0.812568 -0.582867
    outer loop
      vertex 16.2 1.2472 11.1666
      vertex 22.4 1.19003 11.0869
      vertex 16.2 1.19003 11.0869
    endloop
  endfacet
  facet normal 0 -0.98663 -0.162977
    outer loop
      vertex 16.2 -1.47118 11.7074
      vertex 22.4 -1.48717 11.8042
      vertex 16.2 -1.48717 11.8042
    endloop
  endfacet
  facet normal 0 -0.98663 -0.162977
    outer loop
      vertex 22.4 -1.48717 11.8042
      vertex 16.2 -1.47118 11.7074
      vertex 22.4 -1.47118 11.7074
    endloop
  endfacet
  facet normal 0 -0.582654 0.81272
    outer loop
      vertex 16.2 -0.833355 13.2472
      vertex 22.4 -0.913141 13.19
      vertex 22.4 -0.833355 13.2472
    endloop
  endfacet
  facet normal 0 -0.582654 0.81272
    outer loop
      vertex 22.4 -0.913141 13.19
      vertex 16.2 -0.833355 13.2472
      vertex 16.2 -0.913141 13.19
    endloop
  endfacet
  facet normal 0 -0.882 0.471249
    outer loop
      vertex 16.2 -1.34531 12.6634
      vertex 22.4 -1.29904 12.75
      vertex 16.2 -1.29904 12.75
    endloop
  endfacet
  facet normal 0 -0.882 0.471249
    outer loop
      vertex 22.4 -1.29904 12.75
      vertex 16.2 -1.34531 12.6634
      vertex 22.4 -1.34531 12.6634
    endloop
  endfacet
  facet normal 0 -0.41262 0.910903
    outer loop
      vertex 16.2 -0.574024 13.3858
      vertex 22.4 -0.663432 13.3453
      vertex 22.4 -0.574024 13.3858
    endloop
  endfacet
  facet normal 0 -0.41262 0.910903
    outer loop
      vertex 22.4 -0.663432 13.3453
      vertex 16.2 -0.574024 13.3858
      vertex 16.2 -0.663432 13.3453
    endloop
  endfacet
  facet normal 0 -0.527822 0.849355
    outer loop
      vertex 16.2 -0.75 13.299
      vertex 22.4 -0.833355 13.2472
      vertex 22.4 -0.75 13.299
    endloop
  endfacet
  facet normal 0 -0.527822 0.849355
    outer loop
      vertex 22.4 -0.833355 13.2472
      vertex 16.2 -0.75 13.299
      vertex 16.2 -0.833355 13.2472
    endloop
  endfacet
  facet normal 0 0.98663 -0.162977
    outer loop
      vertex 22.4 1.47118 11.7074
      vertex 16.2 1.48717 11.8042
      vertex 22.4 1.48717 11.8042
    endloop
  endfacet
  facet normal 0 0.98663 -0.162977
    outer loop
      vertex 16.2 1.48717 11.8042
      vertex 22.4 1.47118 11.7074
      vertex 16.2 1.47118 11.7074
    endloop
  endfacet
  facet normal 0 0.0978054 -0.995206
    outer loop
      vertex 16.2 0.0981045 10.5032
      vertex 22.4 0.195788 10.5128
      vertex 22.4 0.0981045 10.5032
    endloop
  endfacet
  facet normal 0 0.0978054 -0.995206
    outer loop
      vertex 22.4 0.195788 10.5128
      vertex 16.2 0.0981045 10.5032
      vertex 16.2 0.195788 10.5128
    endloop
  endfacet
  facet normal 0 0.999465 0.0327042
    outer loop
      vertex 22.4 1.5 12
      vertex 16.2 1.49679 12.0981
      vertex 22.4 1.49679 12.0981
    endloop
  endfacet
  facet normal 0 0.999465 0.0327042
    outer loop
      vertex 16.2 1.49679 12.0981
      vertex 22.4 1.5 12
      vertex 16.2 1.5 12
    endloop
  endfacet
  facet normal 0 -0.582654 -0.81272
    outer loop
      vertex 16.2 -0.913141 10.81
      vertex 22.4 -0.833355 10.7528
      vertex 22.4 -0.913141 10.81
    endloop
  endfacet
  facet normal -0 -0.582654 -0.81272
    outer loop
      vertex 22.4 -0.833355 10.7528
      vertex 16.2 -0.913141 10.81
      vertex 16.2 -0.833355 10.7528
    endloop
  endfacet
  facet normal 0 0.352468 -0.935824
    outer loop
      vertex 16.2 0.482159 10.5796
      vertex 22.4 0.574024 10.6142
      vertex 22.4 0.482159 10.5796
    endloop
  endfacet
  facet normal 0 0.352468 -0.935824
    outer loop
      vertex 22.4 0.574024 10.6142
      vertex 16.2 0.482159 10.5796
      vertex 16.2 0.574024 10.6142
    endloop
  endfacet
  facet normal 0 -0.995187 -0.0979908
    outer loop
      vertex 16.2 -1.48717 11.8042
      vertex 22.4 -1.49679 11.9019
      vertex 16.2 -1.49679 11.9019
    endloop
  endfacet
  facet normal 0 -0.995187 -0.0979908
    outer loop
      vertex 22.4 -1.49679 11.9019
      vertex 16.2 -1.48717 11.8042
      vertex 22.4 -1.48717 11.8042
    endloop
  endfacet
  facet normal 0 -0.0326009 0.999468
    outer loop
      vertex 16.2 0 13.5
      vertex 22.4 -0.0981045 13.4968
      vertex 22.4 0 13.5
    endloop
  endfacet
  facet normal 0 -0.0326009 0.999468
    outer loop
      vertex 22.4 -0.0981045 13.4968
      vertex 16.2 0 13.5
      vertex 16.2 -0.0981045 13.4968
    endloop
  endfacet
  facet normal 0 0.773108 -0.634274
    outer loop
      vertex 22.4 1.12776 11.011
      vertex 16.2 1.19003 11.0869
      vertex 22.4 1.19003 11.0869
    endloop
  endfacet
  facet normal 0 0.773108 -0.634274
    outer loop
      vertex 16.2 1.19003 11.0869
      vertex 22.4 1.12776 11.011
      vertex 16.2 1.12776 11.011
    endloop
  endfacet
  facet normal 0 -0.352468 0.935824
    outer loop
      vertex 16.2 -0.482159 13.4204
      vertex 22.4 -0.574024 13.3858
      vertex 22.4 -0.482159 13.4204
    endloop
  endfacet
  facet normal 0 -0.352468 0.935824
    outer loop
      vertex 22.4 -0.574024 13.3858
      vertex 16.2 -0.482159 13.4204
      vertex 16.2 -0.574024 13.3858
    endloop
  endfacet
  facet normal -0 0.0978054 0.995206
    outer loop
      vertex 16.2 0.195788 13.4872
      vertex 22.4 0.0981045 13.4968
      vertex 22.4 0.195788 13.4872
    endloop
  endfacet
  facet normal 0 0.0978054 0.995206
    outer loop
      vertex 22.4 0.0981045 13.4968
      vertex 16.2 0.195788 13.4872
      vertex 16.2 0.0981045 13.4968
    endloop
  endfacet
  facet normal 0 0.73014 -0.683297
    outer loop
      vertex 22.4 1.06066 10.9393
      vertex 16.2 1.12776 11.011
      vertex 22.4 1.12776 11.011
    endloop
  endfacet
  facet normal 0 0.73014 -0.683297
    outer loop
      vertex 16.2 1.12776 11.011
      vertex 22.4 1.06066 10.9393
      vertex 16.2 1.06066 10.9393
    endloop
  endfacet
  facet normal 0 0.683592 -0.729864
    outer loop
      vertex 16.2 0.989018 10.8722
      vertex 22.4 1.06066 10.9393
      vertex 22.4 0.989018 10.8722
    endloop
  endfacet
  facet normal 0 0.683592 -0.729864
    outer loop
      vertex 22.4 1.06066 10.9393
      vertex 16.2 0.989018 10.8722
      vertex 16.2 1.06066 10.9393
    endloop
  endfacet
  facet normal 0 -0.812568 -0.582867
    outer loop
      vertex 16.2 -1.19003 11.0869
      vertex 22.4 -1.2472 11.1666
      vertex 16.2 -1.2472 11.1666
    endloop
  endfacet
  facet normal 0 -0.812568 -0.582867
    outer loop
      vertex 22.4 -1.2472 11.1666
      vertex 16.2 -1.19003 11.0869
      vertex 22.4 -1.19003 11.0869
    endloop
  endfacet
  facet normal 0 0.999465 -0.0327042
    outer loop
      vertex 22.4 1.49679 11.9019
      vertex 16.2 1.5 12
      vertex 22.4 1.5 12
    endloop
  endfacet
  facet normal 0 0.999465 -0.0327042
    outer loop
      vertex 16.2 1.5 12
      vertex 22.4 1.49679 11.9019
      vertex 16.2 1.49679 11.9019
    endloop
  endfacet
  facet normal 0 -0.973879 0.227069
    outer loop
      vertex 16.2 -1.47118 12.2926
      vertex 22.4 -1.44889 12.3882
      vertex 16.2 -1.44889 12.3882
    endloop
  endfacet
  facet normal 0 -0.973879 0.227069
    outer loop
      vertex 22.4 -1.44889 12.3882
      vertex 16.2 -1.47118 12.2926
      vertex 22.4 -1.47118 12.2926
    endloop
  endfacet
  facet normal 0 -0.163 0.986626
    outer loop
      vertex 16.2 -0.195788 13.4872
      vertex 22.4 -0.292635 13.4712
      vertex 22.4 -0.195788 13.4872
    endloop
  endfacet
  facet normal 0 -0.163 0.986626
    outer loop
      vertex 22.4 -0.292635 13.4712
      vertex 16.2 -0.195788 13.4872
      vertex 16.2 -0.292635 13.4712
    endloop
  endfacet
  facet normal -0 0.471622 0.881801
    outer loop
      vertex 16.2 0.75 13.299
      vertex 22.4 0.663432 13.3453
      vertex 22.4 0.75 13.299
    endloop
  endfacet
  facet normal 0 0.471622 0.881801
    outer loop
      vertex 22.4 0.663432 13.3453
      vertex 16.2 0.75 13.299
      vertex 16.2 0.663432 13.3453
    endloop
  endfacet
  facet normal 0 -0.773108 0.634274
    outer loop
      vertex 16.2 -1.19003 12.9131
      vertex 22.4 -1.12776 12.989
      vertex 16.2 -1.12776 12.989
    endloop
  endfacet
  facet normal 0 -0.773108 0.634274
    outer loop
      vertex 22.4 -1.12776 12.989
      vertex 16.2 -1.19003 12.9131
      vertex 22.4 -1.19003 12.9131
    endloop
  endfacet
  facet normal 0 -0.956982 -0.290149
    outer loop
      vertex 16.2 -1.42039 11.5178
      vertex 22.4 -1.44889 11.6118
      vertex 16.2 -1.44889 11.6118
    endloop
  endfacet
  facet normal 0 -0.956982 -0.290149
    outer loop
      vertex 22.4 -1.44889 11.6118
      vertex 16.2 -1.42039 11.5178
      vertex 22.4 -1.42039 11.5178
    endloop
  endfacet
  facet normal 0 -0.73014 0.683297
    outer loop
      vertex 16.2 -1.12776 12.989
      vertex 22.4 -1.06066 13.0607
      vertex 16.2 -1.06066 13.0607
    endloop
  endfacet
  facet normal 0 -0.73014 0.683297
    outer loop
      vertex 22.4 -1.06066 13.0607
      vertex 16.2 -1.12776 12.989
      vertex 22.4 -1.12776 12.989
    endloop
  endfacet
  facet normal 0 -0.227181 0.973853
    outer loop
      vertex 16.2 -0.292635 13.4712
      vertex 22.4 -0.388228 13.4489
      vertex 22.4 -0.292635 13.4712
    endloop
  endfacet
  facet normal 0 -0.227181 0.973853
    outer loop
      vertex 22.4 -0.388228 13.4489
      vertex 16.2 -0.292635 13.4712
      vertex 16.2 -0.388228 13.4489
    endloop
  endfacet
  facet normal 0 -0.935842 -0.352419
    outer loop
      vertex 16.2 -1.38582 11.426
      vertex 22.4 -1.42039 11.5178
      vertex 16.2 -1.42039 11.5178
    endloop
  endfacet
  facet normal 0 -0.935842 -0.352419
    outer loop
      vertex 22.4 -1.42039 11.5178
      vertex 16.2 -1.38582 11.426
      vertex 22.4 -1.38582 11.426
    endloop
  endfacet
  facet normal 0 -0.41262 -0.910903
    outer loop
      vertex 16.2 -0.663432 10.6547
      vertex 22.4 -0.574024 10.6142
      vertex 22.4 -0.663432 10.6547
    endloop
  endfacet
  facet normal -0 -0.41262 -0.910903
    outer loop
      vertex 22.4 -0.574024 10.6142
      vertex 16.2 -0.663432 10.6547
      vertex 16.2 -0.574024 10.6142
    endloop
  endfacet
  facet normal 0 0.8493 0.52791
    outer loop
      vertex 22.4 1.29904 12.75
      vertex 16.2 1.2472 12.8334
      vertex 22.4 1.2472 12.8334
    endloop
  endfacet
  facet normal 0 0.8493 0.52791
    outer loop
      vertex 16.2 1.2472 12.8334
      vertex 22.4 1.29904 12.75
      vertex 16.2 1.29904 12.75
    endloop
  endfacet
  facet normal -0 0.352468 0.935824
    outer loop
      vertex 16.2 0.574024 13.3858
      vertex 22.4 0.482159 13.4204
      vertex 22.4 0.574024 13.3858
    endloop
  endfacet
  facet normal 0 0.352468 0.935824
    outer loop
      vertex 22.4 0.482159 13.4204
      vertex 16.2 0.574024 13.3858
      vertex 16.2 0.482159 13.4204
    endloop
  endfacet
  facet normal 0 0.995187 0.0979908
    outer loop
      vertex 22.4 1.49679 12.0981
      vertex 16.2 1.48717 12.1958
      vertex 22.4 1.48717 12.1958
    endloop
  endfacet
  facet normal 0 0.995187 0.0979908
    outer loop
      vertex 16.2 1.48717 12.1958
      vertex 22.4 1.49679 12.0981
      vertex 16.2 1.49679 12.0981
    endloop
  endfacet
  facet normal 0 -0.352468 -0.935824
    outer loop
      vertex 16.2 -0.574024 10.6142
      vertex 22.4 -0.482159 10.5796
      vertex 22.4 -0.574024 10.6142
    endloop
  endfacet
  facet normal -0 -0.352468 -0.935824
    outer loop
      vertex 22.4 -0.482159 10.5796
      vertex 16.2 -0.574024 10.6142
      vertex 16.2 -0.482159 10.5796
    endloop
  endfacet
  facet normal 0 0.935842 -0.352419
    outer loop
      vertex 22.4 1.38582 11.426
      vertex 16.2 1.42039 11.5178
      vertex 22.4 1.42039 11.5178
    endloop
  endfacet
  facet normal 0 0.935842 -0.352419
    outer loop
      vertex 16.2 1.42039 11.5178
      vertex 22.4 1.38582 11.426
      vertex 16.2 1.38582 11.426
    endloop
  endfacet
  facet normal 0 0.910851 0.412736
    outer loop
      vertex 22.4 1.38582 12.574
      vertex 16.2 1.34531 12.6634
      vertex 22.4 1.34531 12.6634
    endloop
  endfacet
  facet normal 0 0.910851 0.412736
    outer loop
      vertex 16.2 1.34531 12.6634
      vertex 22.4 1.38582 12.574
      vertex 16.2 1.38582 12.574
    endloop
  endfacet
  facet normal 0 -0.290344 -0.956922
    outer loop
      vertex 16.2 -0.482159 10.5796
      vertex 22.4 -0.388228 10.5511
      vertex 22.4 -0.482159 10.5796
    endloop
  endfacet
  facet normal -0 -0.290344 -0.956922
    outer loop
      vertex 22.4 -0.388228 10.5511
      vertex 16.2 -0.482159 10.5796
      vertex 16.2 -0.388228 10.5511
    endloop
  endfacet
  facet normal 0 -0.910851 0.412736
    outer loop
      vertex 16.2 -1.38582 12.574
      vertex 22.4 -1.34531 12.6634
      vertex 16.2 -1.34531 12.6634
    endloop
  endfacet
  facet normal 0 -0.910851 0.412736
    outer loop
      vertex 22.4 -1.34531 12.6634
      vertex 16.2 -1.38582 12.574
      vertex 22.4 -1.38582 12.574
    endloop
  endfacet
  facet normal 0 -0.227181 -0.973853
    outer loop
      vertex 16.2 -0.388228 10.5511
      vertex 22.4 -0.292635 10.5288
      vertex 22.4 -0.388228 10.5511
    endloop
  endfacet
  facet normal -0 -0.227181 -0.973853
    outer loop
      vertex 22.4 -0.292635 10.5288
      vertex 16.2 -0.388228 10.5511
      vertex 16.2 -0.292635 10.5288
    endloop
  endfacet
  facet normal -0 0.0326009 0.999468
    outer loop
      vertex 16.2 0.0981045 13.4968
      vertex 22.4 0 13.5
      vertex 22.4 0.0981045 13.4968
    endloop
  endfacet
  facet normal 0 0.0326009 0.999468
    outer loop
      vertex 22.4 0 13.5
      vertex 16.2 0.0981045 13.4968
      vertex 16.2 0 13.5
    endloop
  endfacet
  facet normal 0 -0.163 -0.986626
    outer loop
      vertex 16.2 -0.292635 10.5288
      vertex 22.4 -0.195788 10.5128
      vertex 22.4 -0.292635 10.5288
    endloop
  endfacet
  facet normal -0 -0.163 -0.986626
    outer loop
      vertex 22.4 -0.195788 10.5128
      vertex 16.2 -0.292635 10.5288
      vertex 16.2 -0.195788 10.5128
    endloop
  endfacet
  facet normal 0 -0.999465 0.0327042
    outer loop
      vertex 16.2 -1.5 12
      vertex 22.4 -1.49679 12.0981
      vertex 16.2 -1.49679 12.0981
    endloop
  endfacet
  facet normal 0 -0.999465 0.0327042
    outer loop
      vertex 22.4 -1.49679 12.0981
      vertex 16.2 -1.5 12
      vertex 22.4 -1.5 12
    endloop
  endfacet
  facet normal 0 -0.773108 -0.634274
    outer loop
      vertex 16.2 -1.12776 11.011
      vertex 22.4 -1.19003 11.0869
      vertex 16.2 -1.19003 11.0869
    endloop
  endfacet
  facet normal 0 -0.773108 -0.634274
    outer loop
      vertex 22.4 -1.19003 11.0869
      vertex 16.2 -1.12776 11.011
      vertex 22.4 -1.12776 11.011
    endloop
  endfacet
  facet normal 1 0 0
    outer loop
      vertex 22.4 1.49679 12.0981
      vertex 22.4 1.49679 11.9019
      vertex 22.4 1.5 12
    endloop
  endfacet
  facet normal 1 0 0
    outer loop
      vertex 22.4 1.48717 12.1958
      vertex 22.4 1.49679 11.9019
      vertex 22.4 1.49679 12.0981
    endloop
  endfacet
  facet normal 1 0 0
    outer loop
      vertex 22.4 1.48717 12.1958
      vertex 22.4 1.48717 11.8042
      vertex 22.4 1.49679 11.9019
    endloop
  endfacet
  facet normal 1 0 0
    outer loop
      vertex 22.4 1.47118 12.2926
      vertex 22.4 1.48717 11.8042
      vertex 22.4 1.48717 12.1958
    endloop
  endfacet
  facet normal 1 0 0
    outer loop
      vertex 22.4 1.47118 12.2926
      vertex 22.4 1.47118 11.7074
      vertex 22.4 1.48717 11.8042
    endloop
  endfacet
  facet normal 1 0 0
    outer loop
      vertex 22.4 1.44889 12.3882
      vertex 22.4 1.47118 11.7074
      vertex 22.4 1.47118 12.2926
    endloop
  endfacet
  facet normal 1 0 0
    outer loop
      vertex 22.4 1.44889 12.3882
      vertex 22.4 1.44889 11.6118
      vertex 22.4 1.47118 11.7074
    endloop
  endfacet
  facet normal 1 0 0
    outer loop
      vertex 22.4 1.42039 12.4822
      vertex 22.4 1.44889 11.6118
      vertex 22.4 1.44889 12.3882
    endloop
  endfacet
  facet normal 1 0 0
    outer loop
      vertex 22.4 1.42039 12.4822
      vertex 22.4 1.42039 11.5178
      vertex 22.4 1.44889 11.6118
    endloop
  endfacet
  facet normal 1 0 0
    outer loop
      vertex 22.4 1.38582 12.574
      vertex 22.4 1.42039 11.5178
      vertex 22.4 1.42039 12.4822
    endloop
  endfacet
  facet normal 1 0 0
    outer loop
      vertex 22.4 1.38582 12.574
      vertex 22.4 1.38582 11.426
      vertex 22.4 1.42039 11.5178
    endloop
  endfacet
  facet normal 1 0 0
    outer loop
      vertex 22.4 1.34531 12.6634
      vertex 22.4 1.38582 11.426
      vertex 22.4 1.38582 12.574
    endloop
  endfacet
  facet normal 1 0 0
    outer loop
      vertex 22.4 1.34531 12.6634
      vertex 22.4 1.34531 11.3366
      vertex 22.4 1.38582 11.426
    endloop
  endfacet
  facet normal 1 0 0
    outer loop
      vertex 22.4 1.29904 12.75
      vertex 22.4 1.34531 11.3366
      vertex 22.4 1.34531 12.6634
    endloop
  endfacet
  facet normal 1 0 0
    outer loop
      vertex 22.4 1.29904 12.75
      vertex 22.4 1.29904 11.25
      vertex 22.4 1.34531 11.3366
    endloop
  endfacet
  facet normal 1 0 0
    outer loop
      vertex 22.4 1.2472 12.8334
      vertex 22.4 1.29904 11.25
      vertex 22.4 1.29904 12.75
    endloop
  endfacet
  facet normal 1 0 0
    outer loop
      vertex 22.4 1.2472 12.8334
      vertex 22.4 1.2472 11.1666
      vertex 22.4 1.29904 11.25
    endloop
  endfacet
  facet normal 1 0 0
    outer loop
      vertex 22.4 1.19003 12.9131
      vertex 22.4 1.2472 11.1666
      vertex 22.4 1.2472 12.8334
    endloop
  endfacet
  facet normal 1 0 0
    outer loop
      vertex 22.4 1.19003 12.9131
      vertex 22.4 1.19003 11.0869
      vertex 22.4 1.2472 11.1666
    endloop
  endfacet
  facet normal 1 0 0
    outer loop
      vertex 22.4 1.12776 12.989
      vertex 22.4 1.19003 11.0869
      vertex 22.4 1.19003 12.9131
    endloop
  endfacet
  facet normal 1 0 0
    outer loop
      vertex 22.4 1.12776 12.989
      vertex 22.4 1.12776 11.011
      vertex 22.4 1.19003 11.0869
    endloop
  endfacet
  facet normal 1 0 0
    outer loop
      vertex 22.4 1.06066 13.0607
      vertex 22.4 1.12776 11.011
      vertex 22.4 1.12776 12.989
    endloop
  endfacet
  facet normal 1 0 0
    outer loop
      vertex 22.4 1.06066 13.0607
      vertex 22.4 1.06066 10.9393
      vertex 22.4 1.12776 11.011
    endloop
  endfacet
  facet normal 1 0 0
    outer loop
      vertex 22.4 0.989018 13.1278
      vertex 22.4 1.06066 10.9393
      vertex 22.4 1.06066 13.0607
    endloop
  endfacet
  facet normal 1 0 0
    outer loop
      vertex 22.4 0.989018 13.1278
      vertex 22.4 0.989018 10.8722
      vertex 22.4 1.06066 10.9393
    endloop
  endfacet
  facet normal 1 0 0
    outer loop
      vertex 22.4 0.913141 13.19
      vertex 22.4 0.989018 10.8722
      vertex 22.4 0.989018 13.1278
    endloop
  endfacet
  facet normal 1 0 0
    outer loop
      vertex 22.4 0.913141 13.19
      vertex 22.4 0.913141 10.81
      vertex 22.4 0.989018 10.8722
    endloop
  endfacet
  facet normal 1 0 0
    outer loop
      vertex 22.4 0.833355 13.2472
      vertex 22.4 0.913141 10.81
      vertex 22.4 0.913141 13.19
    endloop
  endfacet
  facet normal 1 0 0
    outer loop
      vertex 22.4 0.833355 13.2472
      vertex 22.4 0.833355 10.7528
      vertex 22.4 0.913141 10.81
    endloop
  endfacet
  facet normal 1 0 0
    outer loop
      vertex 22.4 0.75 13.299
      vertex 22.4 0.833355 10.7528
      vertex 22.4 0.833355 13.2472
    endloop
  endfacet
  facet normal 1 0 0
    outer loop
      vertex 22.4 0.75 13.299
      vertex 22.4 0.75 10.701
      vertex 22.4 0.833355 10.7528
    endloop
  endfacet
  facet normal 1 0 0
    outer loop
      vertex 22.4 0.663432 13.3453
      vertex 22.4 0.75 10.701
      vertex 22.4 0.75 13.299
    endloop
  endfacet
  facet normal 1 0 0
    outer loop
      vertex 22.4 0.663432 13.3453
      vertex 22.4 0.663432 10.6547
      vertex 22.4 0.75 10.701
    endloop
  endfacet
  facet normal 1 0 0
    outer loop
      vertex 22.4 0.574024 13.3858
      vertex 22.4 0.663432 10.6547
      vertex 22.4 0.663432 13.3453
    endloop
  endfacet
  facet normal 1 0 0
    outer loop
      vertex 22.4 0.574024 13.3858
      vertex 22.4 0.574024 10.6142
      vertex 22.4 0.663432 10.6547
    endloop
  endfacet
  facet normal 1 0 0
    outer loop
      vertex 22.4 0.482159 13.4204
      vertex 22.4 0.574024 10.6142
      vertex 22.4 0.574024 13.3858
    endloop
  endfacet
  facet normal 1 0 0
    outer loop
      vertex 22.4 0.482159 13.4204
      vertex 22.4 0.482159 10.5796
      vertex 22.4 0.574024 10.6142
    endloop
  endfacet
  facet normal 1 0 0
    outer loop
      vertex 22.4 0.388228 13.4489
      vertex 22.4 0.482159 10.5796
      vertex 22.4 0.482159 13.4204
    endloop
  endfacet
  facet normal 1 0 0
    outer loop
      vertex 22.4 0.388228 13.4489
      vertex 22.4 0.388228 10.5511
      vertex 22.4 0.482159 10.5796
    endloop
  endfacet
  facet normal 1 0 0
    outer loop
      vertex 22.4 0.292635 13.4712
      vertex 22.4 0.388228 10.5511
      vertex 22.4 0.388228 13.4489
    endloop
  endfacet
  facet normal 1 0 0
    outer loop
      vertex 22.4 0.292635 13.4712
      vertex 22.4 0.292635 10.5288
      vertex 22.4 0.388228 10.5511
    endloop
  endfacet
  facet normal 1 0 0
    outer loop
      vertex 22.4 0.195788 13.4872
      vertex 22.4 0.292635 10.5288
      vertex 22.4 0.292635 13.4712
    endloop
  endfacet
  facet normal 1 0 0
    outer loop
      vertex 22.4 0.195788 13.4872
      vertex 22.4 0.195788 10.5128
      vertex 22.4 0.292635 10.5288
    endloop
  endfacet
  facet normal 1 0 0
    outer loop
      vertex 22.4 0.0981045 13.4968
      vertex 22.4 0.195788 10.5128
      vertex 22.4 0.195788 13.4872
    endloop
  endfacet
  facet normal 1 0 0
    outer loop
      vertex 22.4 0.0981045 13.4968
      vertex 22.4 0.0981045 10.5032
      vertex 22.4 0.195788 10.5128
    endloop
  endfacet
  facet normal 1 0 0
    outer loop
      vertex 22.4 0 13.5
      vertex 22.4 0.0981045 10.5032
      vertex 22.4 0.0981045 13.4968
    endloop
  endfacet
  facet normal 1 0 0
    outer loop
      vertex 22.4 0 13.5
      vertex 22.4 0 10.5
      vertex 22.4 0.0981045 10.5032
    endloop
  endfacet
  facet normal 1 -0 0
    outer loop
      vertex 22.4 -0.0981045 13.4968
      vertex 22.4 0 10.5
      vertex 22.4 0 13.5
    endloop
  endfacet
  facet normal 1 0 0
    outer loop
      vertex 22.4 -0.0981045 13.4968
      vertex 22.4 -0.0981045 10.5032
      vertex 22.4 0 10.5
    endloop
  endfacet
  facet normal 1 -0 0
    outer loop
      vertex 22.4 -0.195788 13.4872
      vertex 22.4 -0.0981045 10.5032
      vertex 22.4 -0.0981045 13.4968
    endloop
  endfacet
  facet normal 1 0 0
    outer loop
      vertex 22.4 -0.195788 13.4872
      vertex 22.4 -0.195788 10.5128
      vertex 22.4 -0.0981045 10.5032
    endloop
  endfacet
  facet normal 1 -0 0
    outer loop
      vertex 22.4 -0.292635 13.4712
      vertex 22.4 -0.195788 10.5128
      vertex 22.4 -0.195788 13.4872
    endloop
  endfacet
  facet normal 1 0 0
    outer loop
      vertex 22.4 -0.292635 13.4712
      vertex 22.4 -0.292635 10.5288
      vertex 22.4 -0.195788 10.5128
    endloop
  endfacet
  facet normal 1 -0 0
    outer loop
      vertex 22.4 -0.388228 13.4489
      vertex 22.4 -0.292635 10.5288
      vertex 22.4 -0.292635 13.4712
    endloop
  endfacet
  facet normal 1 0 0
    outer loop
      vertex 22.4 -0.388228 13.4489
      vertex 22.4 -0.388228 10.5511
      vertex 22.4 -0.292635 10.5288
    endloop
  endfacet
  facet normal 1 -0 0
    outer loop
      vertex 22.4 -0.482159 13.4204
      vertex 22.4 -0.388228 10.5511
      vertex 22.4 -0.388228 13.4489
    endloop
  endfacet
  facet normal 1 0 0
    outer loop
      vertex 22.4 -0.482159 13.4204
      vertex 22.4 -0.482159 10.5796
      vertex 22.4 -0.388228 10.5511
    endloop
  endfacet
  facet normal 1 -0 0
    outer loop
      vertex 22.4 -0.574024 13.3858
      vertex 22.4 -0.482159 10.5796
      vertex 22.4 -0.482159 13.4204
    endloop
  endfacet
  facet normal 1 0 0
    outer loop
      vertex 22.4 -0.574024 13.3858
      vertex 22.4 -0.574024 10.6142
      vertex 22.4 -0.482159 10.5796
    endloop
  endfacet
  facet normal 1 -0 0
    outer loop
      vertex 22.4 -0.663432 13.3453
      vertex 22.4 -0.574024 10.6142
      vertex 22.4 -0.574024 13.3858
    endloop
  endfacet
  facet normal 1 0 0
    outer loop
      vertex 22.4 -0.663432 13.3453
      vertex 22.4 -0.663432 10.6547
      vertex 22.4 -0.574024 10.6142
    endloop
  endfacet
  facet normal 1 -0 0
    outer loop
      vertex 22.4 -0.75 13.299
      vertex 22.4 -0.663432 10.6547
      vertex 22.4 -0.663432 13.3453
    endloop
  endfacet
  facet normal 1 0 0
    outer loop
      vertex 22.4 -0.75 13.299
      vertex 22.4 -0.75 10.701
      vertex 22.4 -0.663432 10.6547
    endloop
  endfacet
  facet normal 1 -0 0
    outer loop
      vertex 22.4 -0.833355 13.2472
      vertex 22.4 -0.75 10.701
      vertex 22.4 -0.75 13.299
    endloop
  endfacet
  facet normal 1 0 0
    outer loop
      vertex 22.4 -0.833355 13.2472
      vertex 22.4 -0.833355 10.7528
      vertex 22.4 -0.75 10.701
    endloop
  endfacet
  facet normal 1 -0 0
    outer loop
      vertex 22.4 -0.913141 13.19
      vertex 22.4 -0.833355 10.7528
      vertex 22.4 -0.833355 13.2472
    endloop
  endfacet
  facet normal 1 0 0
    outer loop
      vertex 22.4 -0.913141 13.19
      vertex 22.4 -0.913141 10.81
      vertex 22.4 -0.833355 10.7528
    endloop
  endfacet
  facet normal 1 -0 0
    outer loop
      vertex 22.4 -0.989018 13.1278
      vertex 22.4 -0.913141 10.81
      vertex 22.4 -0.913141 13.19
    endloop
  endfacet
  facet normal 1 0 0
    outer loop
      vertex 22.4 -0.989018 13.1278
      vertex 22.4 -0.989018 10.8722
      vertex 22.4 -0.913141 10.81
    endloop
  endfacet
  facet normal 1 -0 0
    outer loop
      vertex 22.4 -1.06066 13.0607
      vertex 22.4 -0.989018 10.8722
      vertex 22.4 -0.989018 13.1278
    endloop
  endfacet
  facet normal 1 0 0
    outer loop
      vertex 22.4 -1.06066 13.0607
      vertex 22.4 -1.06066 10.9393
      vertex 22.4 -0.989018 10.8722
    endloop
  endfacet
  facet normal 1 -0 0
    outer loop
      vertex 22.4 -1.12776 12.989
      vertex 22.4 -1.06066 10.9393
      vertex 22.4 -1.06066 13.0607
    endloop
  endfacet
  facet normal 1 0 0
    outer loop
      vertex 22.4 -1.12776 12.989
      vertex 22.4 -1.12776 11.011
      vertex 22.4 -1.06066 10.9393
    endloop
  endfacet
  facet normal 1 -0 0
    outer loop
      vertex 22.4 -1.19003 12.9131
      vertex 22.4 -1.12776 11.011
      vertex 22.4 -1.12776 12.989
    endloop
  endfacet
  facet normal 1 0 0
    outer loop
      vertex 22.4 -1.19003 12.9131
      vertex 22.4 -1.19003 11.0869
      vertex 22.4 -1.12776 11.011
    endloop
  endfacet
  facet normal 1 -0 0
    outer loop
      vertex 22.4 -1.2472 12.8334
      vertex 22.4 -1.19003 11.0869
      vertex 22.4 -1.19003 12.9131
    endloop
  endfacet
  facet normal 1 0 0
    outer loop
      vertex 22.4 -1.2472 12.8334
      vertex 22.4 -1.2472 11.1666
      vertex 22.4 -1.19003 11.0869
    endloop
  endfacet
  facet normal 1 -0 0
    outer loop
      vertex 22.4 -1.29904 12.75
      vertex 22.4 -1.2472 11.1666
      vertex 22.4 -1.2472 12.8334
    endloop
  endfacet
  facet normal 1 0 0
    outer loop
      vertex 22.4 -1.29904 12.75
      vertex 22.4 -1.29904 11.25
      vertex 22.4 -1.2472 11.1666
    endloop
  endfacet
  facet normal 1 -0 0
    outer loop
      vertex 22.4 -1.34531 12.6634
      vertex 22.4 -1.29904 11.25
      vertex 22.4 -1.29904 12.75
    endloop
  endfacet
  facet normal 1 0 0
    outer loop
      vertex 22.4 -1.34531 12.6634
      vertex 22.4 -1.34531 11.3366
      vertex 22.4 -1.29904 11.25
    endloop
  endfacet
  facet normal 1 -0 0
    outer loop
      vertex 22.4 -1.38582 12.574
      vertex 22.4 -1.34531 11.3366
      vertex 22.4 -1.34531 12.6634
    endloop
  endfacet
  facet normal 1 0 0
    outer loop
      vertex 22.4 -1.38582 12.574
      vertex 22.4 -1.38582 11.426
      vertex 22.4 -1.34531 11.3366
    endloop
  endfacet
  facet normal 1 -0 0
    outer loop
      vertex 22.4 -1.42039 12.4822
      vertex 22.4 -1.38582 11.426
      vertex 22.4 -1.38582 12.574
    endloop
  endfacet
  facet normal 1 0 0
    outer loop
      vertex 22.4 -1.42039 12.4822
      vertex 22.4 -1.42039 11.5178
      vertex 22.4 -1.38582 11.426
    endloop
  endfacet
  facet normal 1 -0 0
    outer loop
      vertex 22.4 -1.44889 12.3882
      vertex 22.4 -1.42039 11.5178
      vertex 22.4 -1.42039 12.4822
    endloop
  endfacet
  facet normal 1 0 0
    outer loop
      vertex 22.4 -1.44889 12.3882
      vertex 22.4 -1.44889 11.6118
      vertex 22.4 -1.42039 11.5178
    endloop
  endfacet
  facet normal 1 -0 0
    outer loop
      vertex 22.4 -1.47118 12.2926
      vertex 22.4 -1.44889 11.6118
      vertex 22.4 -1.44889 12.3882
    endloop
  endfacet
  facet normal 1 0 0
    outer loop
      vertex 22.4 -1.47118 12.2926
      vertex 22.4 -1.47118 11.7074
      vertex 22.4 -1.44889 11.6118
    endloop
  endfacet
  facet normal 1 -0 0
    outer loop
      vertex 22.4 -1.48717 12.1958
      vertex 22.4 -1.47118 11.7074
      vertex 22.4 -1.47118 12.2926
    endloop
  endfacet
  facet normal 1 0 0
    outer loop
      vertex 22.4 -1.48717 12.1958
      vertex 22.4 -1.48717 11.8042
      vertex 22.4 -1.47118 11.7074
    endloop
  endfacet
  facet normal 1 -0 0
    outer loop
      vertex 22.4 -1.49679 12.0981
      vertex 22.4 -1.48717 11.8042
      vertex 22.4 -1.48717 12.1958
    endloop
  endfacet
  facet normal 1 0 0
    outer loop
      vertex 22.4 -1.49679 12.0981
      vertex 22.4 -1.49679 11.9019
      vertex 22.4 -1.48717 11.8042
    endloop
  endfacet
  facet normal 1 0 -0
    outer loop
      vertex 22.4 -1.49679 11.9019
      vertex 22.4 -1.49679 12.0981
      vertex 22.4 -1.5 12
    endloop
  endfacet
  facet normal 0 0.995187 -0.0979908
    outer loop
      vertex 22.4 1.48717 11.8042
      vertex 16.2 1.49679 11.9019
      vertex 22.4 1.49679 11.9019
    endloop
  endfacet
  facet normal 0 0.995187 -0.0979908
    outer loop
      vertex 16.2 1.49679 11.9019
      vertex 22.4 1.48717 11.8042
      vertex 16.2 1.48717 11.8042
    endloop
  endfacet
  facet normal -0 0.582654 0.81272
    outer loop
      vertex 16.2 0.913141 13.19
      vertex 22.4 0.833355 13.2472
      vertex 22.4 0.913141 13.19
    endloop
  endfacet
  facet normal 0 0.582654 0.81272
    outer loop
      vertex 22.4 0.833355 13.2472
      vertex 16.2 0.913141 13.19
      vertex 16.2 0.833355 13.2472
    endloop
  endfacet
  facet normal -0 0.683592 0.729864
    outer loop
      vertex 16.2 1.06066 13.0607
      vertex 22.4 0.989018 13.1278
      vertex 22.4 1.06066 13.0607
    endloop
  endfacet
  facet normal 0 0.683592 0.729864
    outer loop
      vertex 22.4 0.989018 13.1278
      vertex 16.2 1.06066 13.0607
      vertex 16.2 0.989018 13.1278
    endloop
  endfacet
  facet normal 0 -0.98663 0.162977
    outer loop
      vertex 16.2 -1.48717 12.1958
      vertex 22.4 -1.47118 12.2926
      vertex 16.2 -1.47118 12.2926
    endloop
  endfacet
  facet normal 0 -0.98663 0.162977
    outer loop
      vertex 22.4 -1.47118 12.2926
      vertex 16.2 -1.48717 12.1958
      vertex 22.4 -1.48717 12.1958
    endloop
  endfacet
  facet normal -0 0.633963 0.773363
    outer loop
      vertex 16.2 0.989018 13.1278
      vertex 22.4 0.913141 13.19
      vertex 22.4 0.989018 13.1278
    endloop
  endfacet
  facet normal 0 0.633963 0.773363
    outer loop
      vertex 22.4 0.913141 13.19
      vertex 16.2 0.989018 13.1278
      vertex 16.2 0.913141 13.19
    endloop
  endfacet
  facet normal 0 -0.633963 0.773363
    outer loop
      vertex 16.2 -0.913141 13.19
      vertex 22.4 -0.989018 13.1278
      vertex 22.4 -0.913141 13.19
    endloop
  endfacet
  facet normal 0 -0.633963 0.773363
    outer loop
      vertex 22.4 -0.989018 13.1278
      vertex 16.2 -0.913141 13.19
      vertex 16.2 -0.989018 13.1278
    endloop
  endfacet
  facet normal 0 -0.73014 -0.683297
    outer loop
      vertex 16.2 -1.06066 10.9393
      vertex 22.4 -1.12776 11.011
      vertex 16.2 -1.12776 11.011
    endloop
  endfacet
  facet normal 0 -0.73014 -0.683297
    outer loop
      vertex 22.4 -1.12776 11.011
      vertex 16.2 -1.06066 10.9393
      vertex 22.4 -1.06066 10.9393
    endloop
  endfacet
  facet normal 0 0.773108 0.634274
    outer loop
      vertex 22.4 1.19003 12.9131
      vertex 16.2 1.12776 12.989
      vertex 22.4 1.12776 12.989
    endloop
  endfacet
  facet normal 0 0.773108 0.634274
    outer loop
      vertex 16.2 1.12776 12.989
      vertex 22.4 1.19003 12.9131
      vertex 16.2 1.19003 12.9131
    endloop
  endfacet
  facet normal 0 -0.956982 0.290149
    outer loop
      vertex 16.2 -1.44889 12.3882
      vertex 22.4 -1.42039 12.4822
      vertex 16.2 -1.42039 12.4822
    endloop
  endfacet
  facet normal 0 -0.956982 0.290149
    outer loop
      vertex 22.4 -1.42039 12.4822
      vertex 16.2 -1.44889 12.3882
      vertex 22.4 -1.44889 12.3882
    endloop
  endfacet
  facet normal -0 0.290344 0.956922
    outer loop
      vertex 16.2 0.482159 13.4204
      vertex 22.4 0.388228 13.4489
      vertex 22.4 0.482159 13.4204
    endloop
  endfacet
  facet normal 0 0.290344 0.956922
    outer loop
      vertex 22.4 0.388228 13.4489
      vertex 16.2 0.482159 13.4204
      vertex 16.2 0.388228 13.4489
    endloop
  endfacet
  facet normal 0 0.882 0.471249
    outer loop
      vertex 22.4 1.34531 12.6634
      vertex 16.2 1.29904 12.75
      vertex 22.4 1.29904 12.75
    endloop
  endfacet
  facet normal 0 0.882 0.471249
    outer loop
      vertex 16.2 1.29904 12.75
      vertex 22.4 1.34531 12.6634
      vertex 16.2 1.34531 12.6634
    endloop
  endfacet
  facet normal 0 -0.812568 0.582867
    outer loop
      vertex 16.2 -1.2472 12.8334
      vertex 22.4 -1.19003 12.9131
      vertex 16.2 -1.19003 12.9131
    endloop
  endfacet
  facet normal 0 -0.812568 0.582867
    outer loop
      vertex 22.4 -1.19003 12.9131
      vertex 16.2 -1.2472 12.8334
      vertex 22.4 -1.2472 12.8334
    endloop
  endfacet
  facet normal -0 0.412698 0.910868
    outer loop
      vertex 7.5 -0.612293 -1.47821
      vertex 16 -0.707662 -1.435
      vertex 16 -0.612293 -1.47821
    endloop
  endfacet
  facet normal 0 0.412698 0.910868
    outer loop
      vertex 16 -0.707662 -1.435
      vertex 7.5 -0.612293 -1.47821
      vertex 7.5 -0.707662 -1.435
    endloop
  endfacet
  facet normal 0 -0.93591 0.35224
    outer loop
      vertex 7.5 1.47821 -0.612293
      vertex 16 1.51509 -0.514302
      vertex 7.5 1.51509 -0.514302
    endloop
  endfacet
  facet normal 0 -0.93591 0.35224
    outer loop
      vertex 16 1.51509 -0.514302
      vertex 7.5 1.47821 -0.612293
      vertex 16 1.47821 -0.612293
    endloop
  endfacet
  facet normal -0 0.22712 0.973867
    outer loop
      vertex 7.5 -0.312144 -1.56926
      vertex 16 -0.41411 -1.54548
      vertex 16 -0.312144 -1.56926
    endloop
  endfacet
  facet normal 0 0.22712 0.973867
    outer loop
      vertex 16 -0.41411 -1.54548
      vertex 7.5 -0.312144 -1.56926
      vertex 7.5 -0.41411 -1.54548
    endloop
  endfacet
  facet normal 0 0.995187 -0.0979943
    outer loop
      vertex 16 -1.59657 0.104645
      vertex 7.5 -1.58631 0.208841
      vertex 16 -1.58631 0.208841
    endloop
  endfacet
  facet normal 0 0.995187 -0.0979943
    outer loop
      vertex 7.5 -1.58631 0.208841
      vertex 16 -1.59657 0.104645
      vertex 7.5 -1.59657 0.104645
    endloop
  endfacet
  facet normal 0 0.973867 0.22712
    outer loop
      vertex 16 -1.54548 -0.41411
      vertex 7.5 -1.56926 -0.312144
      vertex 16 -1.56926 -0.312144
    endloop
  endfacet
  facet normal 0 0.973867 0.22712
    outer loop
      vertex 7.5 -1.56926 -0.312144
      vertex 16 -1.54548 -0.41411
      vertex 7.5 -1.54548 -0.41411
    endloop
  endfacet
  facet normal 0 0.93591 0.35224
    outer loop
      vertex 16 -1.47821 -0.612293
      vertex 7.5 -1.51509 -0.514302
      vertex 16 -1.51509 -0.514302
    endloop
  endfacet
  facet normal 0 0.93591 0.35224
    outer loop
      vertex 7.5 -1.51509 -0.514302
      vertex 16 -1.47821 -0.612293
      vertex 7.5 -1.47821 -0.612293
    endloop
  endfacet
  facet normal 0 -0.995187 -0.0979943
    outer loop
      vertex 7.5 1.59657 0.104645
      vertex 16 1.58631 0.208841
      vertex 7.5 1.58631 0.208841
    endloop
  endfacet
  facet normal 0 -0.995187 -0.0979943
    outer loop
      vertex 16 1.58631 0.208841
      vertex 7.5 1.59657 0.104645
      vertex 16 1.59657 0.104645
    endloop
  endfacet
  facet normal 0 -0.0327599 0.999463
    outer loop
      vertex 7.5 0.104645 -1.59657
      vertex 16 0 -1.6
      vertex 16 0.104645 -1.59657
    endloop
  endfacet
  facet normal 0 -0.0327599 0.999463
    outer loop
      vertex 16 0 -1.6
      vertex 7.5 0.104645 -1.59657
      vertex 7.5 0 -1.6
    endloop
  endfacet
  facet normal 0 -0.582439 0.812874
    outer loop
      vertex 7.5 0.974018 -1.26937
      vertex 16 0.888912 -1.33035
      vertex 16 0.974018 -1.26937
    endloop
  endfacet
  facet normal 0 -0.582439 0.812874
    outer loop
      vertex 16 0.888912 -1.33035
      vertex 7.5 0.974018 -1.26937
      vertex 7.5 0.888912 -1.33035
    endloop
  endfacet
  facet normal 0 -0.986652 -0.162845
    outer loop
      vertex 7.5 1.58631 0.208841
      vertex 16 1.56926 0.312144
      vertex 7.5 1.56926 0.312144
    endloop
  endfacet
  facet normal 0 -0.986652 -0.162845
    outer loop
      vertex 16 1.56926 0.312144
      vertex 7.5 1.58631 0.208841
      vertex 16 1.58631 0.208841
    endloop
  endfacet
  facet normal -0 0.582439 0.812874
    outer loop
      vertex 7.5 -0.888912 -1.33035
      vertex 16 -0.974018 -1.26937
      vertex 16 -0.888912 -1.33035
    endloop
  endfacet
  facet normal 0 0.582439 0.812874
    outer loop
      vertex 16 -0.974018 -1.26937
      vertex 7.5 -0.888912 -1.33035
      vertex 7.5 -0.974018 -1.26937
    endloop
  endfacet
  facet normal 0 0.290259 -0.956948
    outer loop
      vertex 7.5 -0.514302 1.51509
      vertex 16 -0.41411 1.54548
      vertex 16 -0.514302 1.51509
    endloop
  endfacet
  facet normal 0 0.290259 -0.956948
    outer loop
      vertex 16 -0.41411 1.54548
      vertex 7.5 -0.514302 1.51509
      vertex 7.5 -0.41411 1.54548
    endloop
  endfacet
  facet normal 0 -0.471433 -0.881902
    outer loop
      vertex 7.5 0.707662 1.435
      vertex 16 0.799999 1.38564
      vertex 16 0.707662 1.435
    endloop
  endfacet
  facet normal -0 -0.471433 -0.881902
    outer loop
      vertex 16 0.799999 1.38564
      vertex 7.5 0.707662 1.435
      vertex 7.5 0.799999 1.38564
    endloop
  endfacet
  facet normal 0 -0.634455 0.77296
    outer loop
      vertex 7.5 1.05495 -1.20294
      vertex 16 0.974018 -1.26937
      vertex 16 1.05495 -1.20294
    endloop
  endfacet
  facet normal 0 -0.634455 0.77296
    outer loop
      vertex 16 0.974018 -1.26937
      vertex 7.5 1.05495 -1.20294
      vertex 7.5 0.974018 -1.26937
    endloop
  endfacet
  facet normal 0 -0.812874 0.582439
    outer loop
      vertex 7.5 1.26937 -0.974018
      vertex 16 1.33035 -0.888912
      vertex 7.5 1.33035 -0.888912
    endloop
  endfacet
  facet normal 0 -0.812874 0.582439
    outer loop
      vertex 16 1.33035 -0.888912
      vertex 7.5 1.26937 -0.974018
      vertex 16 1.26937 -0.974018
    endloop
  endfacet
  facet normal 0 0.849201 -0.52807
    outer loop
      vertex 16 -1.38564 0.799999
      vertex 7.5 -1.33035 0.888912
      vertex 16 -1.33035 0.888912
    endloop
  endfacet
  facet normal 0 0.849201 -0.52807
    outer loop
      vertex 7.5 -1.33035 0.888912
      vertex 16 -1.38564 0.799999
      vertex 7.5 -1.38564 0.799999
    endloop
  endfacet
  facet normal 0 0.999463 0.0327599
    outer loop
      vertex 16 -1.59657 -0.104645
      vertex 7.5 -1.6 0
      vertex 16 -1.6 0
    endloop
  endfacet
  facet normal 0 0.999463 0.0327599
    outer loop
      vertex 7.5 -1.6 0
      vertex 16 -1.59657 -0.104645
      vertex 7.5 -1.59657 -0.104645
    endloop
  endfacet
  facet normal 0 0.412698 -0.910868
    outer loop
      vertex 7.5 -0.707662 1.435
      vertex 16 -0.612293 1.47821
      vertex 16 -0.707662 1.435
    endloop
  endfacet
  facet normal 0 0.412698 -0.910868
    outer loop
      vertex 16 -0.612293 1.47821
      vertex 7.5 -0.707662 1.435
      vertex 7.5 -0.612293 1.47821
    endloop
  endfacet
  facet normal 0 0.22712 -0.973867
    outer loop
      vertex 7.5 -0.41411 1.54548
      vertex 16 -0.312144 1.56926
      vertex 16 -0.41411 1.54548
    endloop
  endfacet
  facet normal 0 0.22712 -0.973867
    outer loop
      vertex 16 -0.312144 1.56926
      vertex 7.5 -0.41411 1.54548
      vertex 7.5 -0.312144 1.56926
    endloop
  endfacet
  facet normal 0 0.35224 -0.93591
    outer loop
      vertex 7.5 -0.612293 1.47821
      vertex 16 -0.514302 1.51509
      vertex 16 -0.612293 1.47821
    endloop
  endfacet
  facet normal 0 0.35224 -0.93591
    outer loop
      vertex 16 -0.514302 1.51509
      vertex 7.5 -0.612293 1.47821
      vertex 7.5 -0.514302 1.51509
    endloop
  endfacet
  facet normal 0 -0.52807 0.849201
    outer loop
      vertex 7.5 0.888912 -1.33035
      vertex 16 0.799999 -1.38564
      vertex 16 0.888912 -1.33035
    endloop
  endfacet
  facet normal 0 -0.52807 0.849201
    outer loop
      vertex 16 0.799999 -1.38564
      vertex 7.5 0.888912 -1.33035
      vertex 7.5 0.799999 -1.38564
    endloop
  endfacet
  facet normal 0 -0.93591 -0.35224
    outer loop
      vertex 7.5 1.51509 0.514302
      vertex 16 1.47821 0.612293
      vertex 7.5 1.47821 0.612293
    endloop
  endfacet
  facet normal 0 -0.93591 -0.35224
    outer loop
      vertex 16 1.47821 0.612293
      vertex 7.5 1.51509 0.514302
      vertex 16 1.51509 0.514302
    endloop
  endfacet
  facet normal 0 -0.999463 -0.0327599
    outer loop
      vertex 7.5 1.6 0
      vertex 16 1.59657 0.104645
      vertex 7.5 1.59657 0.104645
    endloop
  endfacet
  facet normal 0 -0.999463 -0.0327599
    outer loop
      vertex 16 1.59657 0.104645
      vertex 7.5 1.6 0
      vertex 16 1.6 0
    endloop
  endfacet
  facet normal 0 -0.290259 0.956948
    outer loop
      vertex 7.5 0.514302 -1.51509
      vertex 16 0.41411 -1.54548
      vertex 16 0.514302 -1.51509
    endloop
  endfacet
  facet normal 0 -0.290259 0.956948
    outer loop
      vertex 16 0.41411 -1.54548
      vertex 7.5 0.514302 -1.51509
      vertex 7.5 0.41411 -1.54548
    endloop
  endfacet
  facet normal 0 -0.999463 0.0327599
    outer loop
      vertex 7.5 1.59657 -0.104645
      vertex 16 1.6 0
      vertex 7.5 1.6 0
    endloop
  endfacet
  facet normal 0 -0.999463 0.0327599
    outer loop
      vertex 16 1.6 0
      vertex 7.5 1.59657 -0.104645
      vertex 16 1.59657 -0.104645
    endloop
  endfacet
  facet normal 0 0.0327599 -0.999463
    outer loop
      vertex 7.5 -0.104645 1.59657
      vertex 16 0 1.6
      vertex 16 -0.104645 1.59657
    endloop
  endfacet
  facet normal 0 0.0327599 -0.999463
    outer loop
      vertex 16 0 1.6
      vertex 7.5 -0.104645 1.59657
      vertex 7.5 0 1.6
    endloop
  endfacet
  facet normal 0 0.849201 0.52807
    outer loop
      vertex 16 -1.33035 -0.888912
      vertex 7.5 -1.38564 -0.799999
      vertex 16 -1.38564 -0.799999
    endloop
  endfacet
  facet normal 0 0.849201 0.52807
    outer loop
      vertex 7.5 -1.38564 -0.799999
      vertex 16 -1.33035 -0.888912
      vertex 7.5 -1.33035 -0.888912
    endloop
  endfacet
  facet normal 0 -0.582439 -0.812874
    outer loop
      vertex 7.5 0.888912 1.33035
      vertex 16 0.974018 1.26937
      vertex 16 0.888912 1.33035
    endloop
  endfacet
  facet normal -0 -0.582439 -0.812874
    outer loop
      vertex 16 0.974018 1.26937
      vertex 7.5 0.888912 1.33035
      vertex 7.5 0.974018 1.26937
    endloop
  endfacet
  facet normal 0 -0.35224 -0.93591
    outer loop
      vertex 7.5 0.514302 1.51509
      vertex 16 0.612293 1.47821
      vertex 16 0.514302 1.51509
    endloop
  endfacet
  facet normal -0 -0.35224 -0.93591
    outer loop
      vertex 16 0.612293 1.47821
      vertex 7.5 0.514302 1.51509
      vertex 7.5 0.612293 1.47821
    endloop
  endfacet
  facet normal -0 0.683566 0.729889
    outer loop
      vertex 7.5 -1.05495 -1.20294
      vertex 16 -1.13137 -1.13137
      vertex 16 -1.05495 -1.20294
    endloop
  endfacet
  facet normal 0 0.683566 0.729889
    outer loop
      vertex 16 -1.13137 -1.13137
      vertex 7.5 -1.05495 -1.20294
      vertex 7.5 -1.13137 -1.13137
    endloop
  endfacet
  facet normal 0 -0.812874 -0.582439
    outer loop
      vertex 7.5 1.33035 0.888912
      vertex 16 1.26937 0.974018
      vertex 7.5 1.26937 0.974018
    endloop
  endfacet
  facet normal 0 -0.812874 -0.582439
    outer loop
      vertex 16 1.26937 0.974018
      vertex 7.5 1.33035 0.888912
      vertex 16 1.33035 0.888912
    endloop
  endfacet
  facet normal 0 0.729889 -0.683566
    outer loop
      vertex 16 -1.20294 1.05495
      vertex 7.5 -1.13137 1.13137
      vertex 16 -1.13137 1.13137
    endloop
  endfacet
  facet normal 0 0.729889 -0.683566
    outer loop
      vertex 7.5 -1.13137 1.13137
      vertex 16 -1.20294 1.05495
      vertex 7.5 -1.20294 1.05495
    endloop
  endfacet
  facet normal 0 -0.910868 -0.412698
    outer loop
      vertex 7.5 1.47821 0.612293
      vertex 16 1.435 0.707662
      vertex 7.5 1.435 0.707662
    endloop
  endfacet
  facet normal 0 -0.910868 -0.412698
    outer loop
      vertex 16 1.435 0.707662
      vertex 7.5 1.47821 0.612293
      vertex 16 1.47821 0.612293
    endloop
  endfacet
  facet normal 0 -0.729889 -0.683566
    outer loop
      vertex 7.5 1.20294 1.05495
      vertex 16 1.13137 1.13137
      vertex 7.5 1.13137 1.13137
    endloop
  endfacet
  facet normal 0 -0.729889 -0.683566
    outer loop
      vertex 16 1.13137 1.13137
      vertex 7.5 1.20294 1.05495
      vertex 16 1.20294 1.05495
    endloop
  endfacet
  facet normal 0 -0.0979943 0.995187
    outer loop
      vertex 7.5 0.208841 -1.58631
      vertex 16 0.104645 -1.59657
      vertex 16 0.208841 -1.58631
    endloop
  endfacet
  facet normal 0 -0.0979943 0.995187
    outer loop
      vertex 16 0.104645 -1.59657
      vertex 7.5 0.208841 -1.58631
      vertex 7.5 0.104645 -1.59657
    endloop
  endfacet
  facet normal 0 0.986652 0.162845
    outer loop
      vertex 16 -1.56926 -0.312144
      vertex 7.5 -1.58631 -0.208841
      vertex 16 -1.58631 -0.208841
    endloop
  endfacet
  facet normal 0 0.986652 0.162845
    outer loop
      vertex 7.5 -1.58631 -0.208841
      vertex 16 -1.56926 -0.312144
      vertex 7.5 -1.56926 -0.312144
    endloop
  endfacet
  facet normal 0 0.995187 0.0979943
    outer loop
      vertex 16 -1.58631 -0.208841
      vertex 7.5 -1.59657 -0.104645
      vertex 16 -1.59657 -0.104645
    endloop
  endfacet
  facet normal 0 0.995187 0.0979943
    outer loop
      vertex 7.5 -1.59657 -0.104645
      vertex 16 -1.58631 -0.208841
      vertex 7.5 -1.58631 -0.208841
    endloop
  endfacet
  facet normal 0 -0.471433 0.881902
    outer loop
      vertex 7.5 0.799999 -1.38564
      vertex 16 0.707662 -1.435
      vertex 16 0.799999 -1.38564
    endloop
  endfacet
  facet normal 0 -0.471433 0.881902
    outer loop
      vertex 16 0.707662 -1.435
      vertex 7.5 0.799999 -1.38564
      vertex 7.5 0.707662 -1.435
    endloop
  endfacet
  facet normal 0 -0.986652 0.162845
    outer loop
      vertex 7.5 1.56926 -0.312144
      vertex 16 1.58631 -0.208841
      vertex 7.5 1.58631 -0.208841
    endloop
  endfacet
  facet normal 0 -0.986652 0.162845
    outer loop
      vertex 16 1.58631 -0.208841
      vertex 7.5 1.56926 -0.312144
      vertex 16 1.56926 -0.312144
    endloop
  endfacet
  facet normal 0 -0.162845 -0.986652
    outer loop
      vertex 7.5 0.208841 1.58631
      vertex 16 0.312144 1.56926
      vertex 16 0.208841 1.58631
    endloop
  endfacet
  facet normal -0 -0.162845 -0.986652
    outer loop
      vertex 16 0.312144 1.56926
      vertex 7.5 0.208841 1.58631
      vertex 7.5 0.312144 1.56926
    endloop
  endfacet
  facet normal -0 0.162845 0.986652
    outer loop
      vertex 7.5 -0.208841 -1.58631
      vertex 16 -0.312144 -1.56926
      vertex 16 -0.208841 -1.58631
    endloop
  endfacet
  facet normal 0 0.162845 0.986652
    outer loop
      vertex 16 -0.312144 -1.56926
      vertex 7.5 -0.208841 -1.58631
      vertex 7.5 -0.312144 -1.56926
    endloop
  endfacet
  facet normal 0 -0.729889 0.683566
    outer loop
      vertex 7.5 1.13137 -1.13137
      vertex 16 1.20294 -1.05495
      vertex 7.5 1.20294 -1.05495
    endloop
  endfacet
  facet normal 0 -0.729889 0.683566
    outer loop
      vertex 16 1.20294 -1.05495
      vertex 7.5 1.13137 -1.13137
      vertex 16 1.13137 -1.13137
    endloop
  endfacet
  facet normal -0 0.634455 0.77296
    outer loop
      vertex 7.5 -0.974018 -1.26937
      vertex 16 -1.05495 -1.20294
      vertex 16 -0.974018 -1.26937
    endloop
  endfacet
  facet normal 0 0.634455 0.77296
    outer loop
      vertex 16 -1.05495 -1.20294
      vertex 7.5 -0.974018 -1.26937
      vertex 7.5 -1.05495 -1.20294
    endloop
  endfacet
  facet normal -0 0.290259 0.956948
    outer loop
      vertex 7.5 -0.41411 -1.54548
      vertex 16 -0.514302 -1.51509
      vertex 16 -0.41411 -1.54548
    endloop
  endfacet
  facet normal 0 0.290259 0.956948
    outer loop
      vertex 16 -0.514302 -1.51509
      vertex 7.5 -0.41411 -1.54548
      vertex 7.5 -0.514302 -1.51509
    endloop
  endfacet
  facet normal 0 0.162845 -0.986652
    outer loop
      vertex 7.5 -0.312144 1.56926
      vertex 16 -0.208841 1.58631
      vertex 16 -0.312144 1.56926
    endloop
  endfacet
  facet normal 0 0.162845 -0.986652
    outer loop
      vertex 16 -0.208841 1.58631
      vertex 7.5 -0.312144 1.56926
      vertex 7.5 -0.208841 1.58631
    endloop
  endfacet
  facet normal 0 -0.77296 0.634455
    outer loop
      vertex 7.5 1.20294 -1.05495
      vertex 16 1.26937 -0.974018
      vertex 7.5 1.26937 -0.974018
    endloop
  endfacet
  facet normal 0 -0.77296 0.634455
    outer loop
      vertex 16 1.26937 -0.974018
      vertex 7.5 1.20294 -1.05495
      vertex 16 1.20294 -1.05495
    endloop
  endfacet
  facet normal 0 0.77296 0.634455
    outer loop
      vertex 16 -1.20294 -1.05495
      vertex 7.5 -1.26937 -0.974018
      vertex 16 -1.26937 -0.974018
    endloop
  endfacet
  facet normal 0 0.77296 0.634455
    outer loop
      vertex 7.5 -1.26937 -0.974018
      vertex 16 -1.20294 -1.05495
      vertex 7.5 -1.20294 -1.05495
    endloop
  endfacet
  facet normal 0 -0.956948 -0.290259
    outer loop
      vertex 7.5 1.54548 0.41411
      vertex 16 1.51509 0.514302
      vertex 7.5 1.51509 0.514302
    endloop
  endfacet
  facet normal 0 -0.956948 -0.290259
    outer loop
      vertex 16 1.51509 0.514302
      vertex 7.5 1.54548 0.41411
      vertex 16 1.54548 0.41411
    endloop
  endfacet
  facet normal 0 -0.881902 0.471433
    outer loop
      vertex 7.5 1.38564 -0.799999
      vertex 16 1.435 -0.707662
      vertex 7.5 1.435 -0.707662
    endloop
  endfacet
  facet normal 0 -0.881902 0.471433
    outer loop
      vertex 16 1.435 -0.707662
      vertex 7.5 1.38564 -0.799999
      vertex 16 1.38564 -0.799999
    endloop
  endfacet
  facet normal 0 -0.995187 0.0979943
    outer loop
      vertex 7.5 1.58631 -0.208841
      vertex 16 1.59657 -0.104645
      vertex 7.5 1.59657 -0.104645
    endloop
  endfacet
  facet normal 0 -0.995187 0.0979943
    outer loop
      vertex 16 1.59657 -0.104645
      vertex 7.5 1.58631 -0.208841
      vertex 16 1.58631 -0.208841
    endloop
  endfacet
  facet normal 0 0.812874 -0.582439
    outer loop
      vertex 16 -1.33035 0.888912
      vertex 7.5 -1.26937 0.974018
      vertex 16 -1.26937 0.974018
    endloop
  endfacet
  facet normal 0 0.812874 -0.582439
    outer loop
      vertex 7.5 -1.26937 0.974018
      vertex 16 -1.33035 0.888912
      vertex 7.5 -1.33035 0.888912
    endloop
  endfacet
  facet normal 0 -0.910868 0.412698
    outer loop
      vertex 7.5 1.435 -0.707662
      vertex 16 1.47821 -0.612293
      vertex 7.5 1.47821 -0.612293
    endloop
  endfacet
  facet normal 0 -0.910868 0.412698
    outer loop
      vertex 16 1.47821 -0.612293
      vertex 7.5 1.435 -0.707662
      vertex 16 1.435 -0.707662
    endloop
  endfacet
  facet normal 0 0.52807 -0.849201
    outer loop
      vertex 7.5 -0.888912 1.33035
      vertex 16 -0.799999 1.38564
      vertex 16 -0.888912 1.33035
    endloop
  endfacet
  facet normal 0 0.52807 -0.849201
    outer loop
      vertex 16 -0.799999 1.38564
      vertex 7.5 -0.888912 1.33035
      vertex 7.5 -0.799999 1.38564
    endloop
  endfacet
  facet normal 0 0.77296 -0.634455
    outer loop
      vertex 16 -1.26937 0.974018
      vertex 7.5 -1.20294 1.05495
      vertex 16 -1.20294 1.05495
    endloop
  endfacet
  facet normal 0 0.77296 -0.634455
    outer loop
      vertex 7.5 -1.20294 1.05495
      vertex 16 -1.26937 0.974018
      vertex 7.5 -1.26937 0.974018
    endloop
  endfacet
  facet normal 0 -0.35224 0.93591
    outer loop
      vertex 7.5 0.612293 -1.47821
      vertex 16 0.514302 -1.51509
      vertex 16 0.612293 -1.47821
    endloop
  endfacet
  facet normal 0 -0.35224 0.93591
    outer loop
      vertex 16 0.514302 -1.51509
      vertex 7.5 0.612293 -1.47821
      vertex 7.5 0.514302 -1.51509
    endloop
  endfacet
  facet normal -0 0.0979943 0.995187
    outer loop
      vertex 7.5 -0.104645 -1.59657
      vertex 16 -0.208841 -1.58631
      vertex 16 -0.104645 -1.59657
    endloop
  endfacet
  facet normal 0 0.0979943 0.995187
    outer loop
      vertex 16 -0.208841 -1.58631
      vertex 7.5 -0.104645 -1.59657
      vertex 7.5 -0.208841 -1.58631
    endloop
  endfacet
  facet normal 0 0.973867 -0.22712
    outer loop
      vertex 16 -1.56926 0.312144
      vertex 7.5 -1.54548 0.41411
      vertex 16 -1.54548 0.41411
    endloop
  endfacet
  facet normal 0 0.973867 -0.22712
    outer loop
      vertex 7.5 -1.54548 0.41411
      vertex 16 -1.56926 0.312144
      vertex 7.5 -1.56926 0.312144
    endloop
  endfacet
  facet normal 0 0.582439 -0.812874
    outer loop
      vertex 7.5 -0.974018 1.26937
      vertex 16 -0.888912 1.33035
      vertex 16 -0.974018 1.26937
    endloop
  endfacet
  facet normal 0 0.582439 -0.812874
    outer loop
      vertex 16 -0.888912 1.33035
      vertex 7.5 -0.974018 1.26937
      vertex 7.5 -0.888912 1.33035
    endloop
  endfacet
  facet normal 0 -0.956948 0.290259
    outer loop
      vertex 7.5 1.51509 -0.514302
      vertex 16 1.54548 -0.41411
      vertex 7.5 1.54548 -0.41411
    endloop
  endfacet
  facet normal 0 -0.956948 0.290259
    outer loop
      vertex 16 1.54548 -0.41411
      vertex 7.5 1.51509 -0.514302
      vertex 16 1.51509 -0.514302
    endloop
  endfacet
  facet normal 0 -0.22712 -0.973867
    outer loop
      vertex 7.5 0.312144 1.56926
      vertex 16 0.41411 1.54548
      vertex 16 0.312144 1.56926
    endloop
  endfacet
  facet normal -0 -0.22712 -0.973867
    outer loop
      vertex 16 0.41411 1.54548
      vertex 7.5 0.312144 1.56926
      vertex 7.5 0.41411 1.54548
    endloop
  endfacet
  facet normal 0 -0.683566 -0.729889
    outer loop
      vertex 7.5 1.05495 1.20294
      vertex 16 1.13137 1.13137
      vertex 16 1.05495 1.20294
    endloop
  endfacet
  facet normal -0 -0.683566 -0.729889
    outer loop
      vertex 16 1.13137 1.13137
      vertex 7.5 1.05495 1.20294
      vertex 7.5 1.13137 1.13137
    endloop
  endfacet
  facet normal -0 0.0327599 0.999463
    outer loop
      vertex 7.5 0 -1.6
      vertex 16 -0.104645 -1.59657
      vertex 16 0 -1.6
    endloop
  endfacet
  facet normal 0 0.0327599 0.999463
    outer loop
      vertex 16 -0.104645 -1.59657
      vertex 7.5 0 -1.6
      vertex 7.5 -0.104645 -1.59657
    endloop
  endfacet
  facet normal 0 -0.22712 0.973867
    outer loop
      vertex 7.5 0.41411 -1.54548
      vertex 16 0.312144 -1.56926
      vertex 16 0.41411 -1.54548
    endloop
  endfacet
  facet normal 0 -0.22712 0.973867
    outer loop
      vertex 16 0.312144 -1.56926
      vertex 7.5 0.41411 -1.54548
      vertex 7.5 0.312144 -1.56926
    endloop
  endfacet
  facet normal 0 -0.52807 -0.849201
    outer loop
      vertex 7.5 0.799999 1.38564
      vertex 16 0.888912 1.33035
      vertex 16 0.799999 1.38564
    endloop
  endfacet
  facet normal -0 -0.52807 -0.849201
    outer loop
      vertex 16 0.888912 1.33035
      vertex 7.5 0.799999 1.38564
      vertex 7.5 0.888912 1.33035
    endloop
  endfacet
  facet normal 0 0.956948 -0.290259
    outer loop
      vertex 16 -1.54548 0.41411
      vertex 7.5 -1.51509 0.514302
      vertex 16 -1.51509 0.514302
    endloop
  endfacet
  facet normal 0 0.956948 -0.290259
    outer loop
      vertex 7.5 -1.51509 0.514302
      vertex 16 -1.54548 0.41411
      vertex 7.5 -1.54548 0.41411
    endloop
  endfacet
  facet normal 0 -0.412698 -0.910868
    outer loop
      vertex 7.5 0.612293 1.47821
      vertex 16 0.707662 1.435
      vertex 16 0.612293 1.47821
    endloop
  endfacet
  facet normal -0 -0.412698 -0.910868
    outer loop
      vertex 16 0.707662 1.435
      vertex 7.5 0.612293 1.47821
      vertex 7.5 0.707662 1.435
    endloop
  endfacet
  facet normal -0 0.35224 0.93591
    outer loop
      vertex 7.5 -0.514302 -1.51509
      vertex 16 -0.612293 -1.47821
      vertex 16 -0.514302 -1.51509
    endloop
  endfacet
  facet normal 0 0.35224 0.93591
    outer loop
      vertex 16 -0.612293 -1.47821
      vertex 7.5 -0.514302 -1.51509
      vertex 7.5 -0.612293 -1.47821
    endloop
  endfacet
  facet normal 0 0.910868 0.412698
    outer loop
      vertex 16 -1.435 -0.707662
      vertex 7.5 -1.47821 -0.612293
      vertex 16 -1.47821 -0.612293
    endloop
  endfacet
  facet normal 0 0.910868 0.412698
    outer loop
      vertex 7.5 -1.47821 -0.612293
      vertex 16 -1.435 -0.707662
      vertex 7.5 -1.435 -0.707662
    endloop
  endfacet
  facet normal 0 0.0979943 -0.995187
    outer loop
      vertex 7.5 -0.208841 1.58631
      vertex 16 -0.104645 1.59657
      vertex 16 -0.208841 1.58631
    endloop
  endfacet
  facet normal 0 0.0979943 -0.995187
    outer loop
      vertex 16 -0.104645 1.59657
      vertex 7.5 -0.208841 1.58631
      vertex 7.5 -0.104645 1.59657
    endloop
  endfacet
  facet normal 0 0.956948 0.290259
    outer loop
      vertex 16 -1.51509 -0.514302
      vertex 7.5 -1.54548 -0.41411
      vertex 16 -1.54548 -0.41411
    endloop
  endfacet
  facet normal 0 0.956948 0.290259
    outer loop
      vertex 7.5 -1.54548 -0.41411
      vertex 16 -1.51509 -0.514302
      vertex 7.5 -1.51509 -0.514302
    endloop
  endfacet
  facet normal 0 -0.77296 -0.634455
    outer loop
      vertex 7.5 1.26937 0.974018
      vertex 16 1.20294 1.05495
      vertex 7.5 1.20294 1.05495
    endloop
  endfacet
  facet normal 0 -0.77296 -0.634455
    outer loop
      vertex 16 1.20294 1.05495
      vertex 7.5 1.26937 0.974018
      vertex 16 1.26937 0.974018
    endloop
  endfacet
  facet normal 0 -0.849201 0.52807
    outer loop
      vertex 7.5 1.33035 -0.888912
      vertex 16 1.38564 -0.799999
      vertex 7.5 1.38564 -0.799999
    endloop
  endfacet
  facet normal 0 -0.849201 0.52807
    outer loop
      vertex 16 1.38564 -0.799999
      vertex 7.5 1.33035 -0.888912
      vertex 16 1.33035 -0.888912
    endloop
  endfacet
  facet normal 0 0.812874 0.582439
    outer loop
      vertex 16 -1.26937 -0.974018
      vertex 7.5 -1.33035 -0.888912
      vertex 16 -1.33035 -0.888912
    endloop
  endfacet
  facet normal 0 0.812874 0.582439
    outer loop
      vertex 7.5 -1.33035 -0.888912
      vertex 16 -1.26937 -0.974018
      vertex 7.5 -1.26937 -0.974018
    endloop
  endfacet
  facet normal 0 0.910868 -0.412698
    outer loop
      vertex 16 -1.47821 0.612293
      vertex 7.5 -1.435 0.707662
      vertex 16 -1.435 0.707662
    endloop
  endfacet
  facet normal 0 0.910868 -0.412698
    outer loop
      vertex 7.5 -1.435 0.707662
      vertex 16 -1.47821 0.612293
      vertex 7.5 -1.47821 0.612293
    endloop
  endfacet
  facet normal 0 0.881902 0.471433
    outer loop
      vertex 16 -1.38564 -0.799999
      vertex 7.5 -1.435 -0.707662
      vertex 16 -1.435 -0.707662
    endloop
  endfacet
  facet normal 0 0.881902 0.471433
    outer loop
      vertex 7.5 -1.435 -0.707662
      vertex 16 -1.38564 -0.799999
      vertex 7.5 -1.38564 -0.799999
    endloop
  endfacet
  facet normal 0 -0.162845 0.986652
    outer loop
      vertex 7.5 0.312144 -1.56926
      vertex 16 0.208841 -1.58631
      vertex 16 0.312144 -1.56926
    endloop
  endfacet
  facet normal 0 -0.162845 0.986652
    outer loop
      vertex 16 0.208841 -1.58631
      vertex 7.5 0.312144 -1.56926
      vertex 7.5 0.208841 -1.58631
    endloop
  endfacet
  facet normal 0 -0.973867 -0.22712
    outer loop
      vertex 7.5 1.56926 0.312144
      vertex 16 1.54548 0.41411
      vertex 7.5 1.54548 0.41411
    endloop
  endfacet
  facet normal 0 -0.973867 -0.22712
    outer loop
      vertex 16 1.54548 0.41411
      vertex 7.5 1.56926 0.312144
      vertex 16 1.56926 0.312144
    endloop
  endfacet
  facet normal 0 0.93591 -0.35224
    outer loop
      vertex 16 -1.51509 0.514302
      vertex 7.5 -1.47821 0.612293
      vertex 16 -1.47821 0.612293
    endloop
  endfacet
  facet normal 0 0.93591 -0.35224
    outer loop
      vertex 7.5 -1.47821 0.612293
      vertex 16 -1.51509 0.514302
      vertex 7.5 -1.51509 0.514302
    endloop
  endfacet
  facet normal -0 0.52807 0.849201
    outer loop
      vertex 7.5 -0.799999 -1.38564
      vertex 16 -0.888912 -1.33035
      vertex 16 -0.799999 -1.38564
    endloop
  endfacet
  facet normal 0 0.52807 0.849201
    outer loop
      vertex 16 -0.888912 -1.33035
      vertex 7.5 -0.799999 -1.38564
      vertex 7.5 -0.888912 -1.33035
    endloop
  endfacet
  facet normal 0 -0.849201 -0.52807
    outer loop
      vertex 7.5 1.38564 0.799999
      vertex 16 1.33035 0.888912
      vertex 7.5 1.33035 0.888912
    endloop
  endfacet
  facet normal 0 -0.849201 -0.52807
    outer loop
      vertex 16 1.33035 0.888912
      vertex 7.5 1.38564 0.799999
      vertex 16 1.38564 0.799999
    endloop
  endfacet
  facet normal 0 0.683566 -0.729889
    outer loop
      vertex 7.5 -1.13137 1.13137
      vertex 16 -1.05495 1.20294
      vertex 16 -1.13137 1.13137
    endloop
  endfacet
  facet normal 0 0.683566 -0.729889
    outer loop
      vertex 16 -1.05495 1.20294
      vertex 7.5 -1.13137 1.13137
      vertex 7.5 -1.05495 1.20294
    endloop
  endfacet
  facet normal 0 0.634455 -0.77296
    outer loop
      vertex 7.5 -1.05495 1.20294
      vertex 16 -0.974018 1.26937
      vertex 16 -1.05495 1.20294
    endloop
  endfacet
  facet normal 0 0.634455 -0.77296
    outer loop
      vertex 16 -0.974018 1.26937
      vertex 7.5 -1.05495 1.20294
      vertex 7.5 -0.974018 1.26937
    endloop
  endfacet
  facet normal 0 -0.0327599 -0.999463
    outer loop
      vertex 7.5 0 1.6
      vertex 16 0.104645 1.59657
      vertex 16 0 1.6
    endloop
  endfacet
  facet normal -0 -0.0327599 -0.999463
    outer loop
      vertex 16 0.104645 1.59657
      vertex 7.5 0 1.6
      vertex 7.5 0.104645 1.59657
    endloop
  endfacet
  facet normal 0 -0.881902 -0.471433
    outer loop
      vertex 7.5 1.435 0.707662
      vertex 16 1.38564 0.799999
      vertex 7.5 1.38564 0.799999
    endloop
  endfacet
  facet normal 0 -0.881902 -0.471433
    outer loop
      vertex 16 1.38564 0.799999
      vertex 7.5 1.435 0.707662
      vertex 16 1.435 0.707662
    endloop
  endfacet
  facet normal 0 0.986652 -0.162845
    outer loop
      vertex 16 -1.58631 0.208841
      vertex 7.5 -1.56926 0.312144
      vertex 16 -1.56926 0.312144
    endloop
  endfacet
  facet normal 0 0.986652 -0.162845
    outer loop
      vertex 7.5 -1.56926 0.312144
      vertex 16 -1.58631 0.208841
      vertex 7.5 -1.58631 0.208841
    endloop
  endfacet
  facet normal 0 -0.973867 0.22712
    outer loop
      vertex 7.5 1.54548 -0.41411
      vertex 16 1.56926 -0.312144
      vertex 7.5 1.56926 -0.312144
    endloop
  endfacet
  facet normal 0 -0.973867 0.22712
    outer loop
      vertex 16 1.56926 -0.312144
      vertex 7.5 1.54548 -0.41411
      vertex 16 1.54548 -0.41411
    endloop
  endfacet
  facet normal 0 0.471433 -0.881902
    outer loop
      vertex 7.5 -0.799999 1.38564
      vertex 16 -0.707662 1.435
      vertex 16 -0.799999 1.38564
    endloop
  endfacet
  facet normal 0 0.471433 -0.881902
    outer loop
      vertex 16 -0.707662 1.435
      vertex 7.5 -0.799999 1.38564
      vertex 7.5 -0.707662 1.435
    endloop
  endfacet
  facet normal 0 -0.412698 0.910868
    outer loop
      vertex 7.5 0.707662 -1.435
      vertex 16 0.612293 -1.47821
      vertex 16 0.707662 -1.435
    endloop
  endfacet
  facet normal 0 -0.412698 0.910868
    outer loop
      vertex 16 0.612293 -1.47821
      vertex 7.5 0.707662 -1.435
      vertex 7.5 0.612293 -1.47821
    endloop
  endfacet
  facet normal 0 0.999463 -0.0327599
    outer loop
      vertex 16 -1.6 0
      vertex 7.5 -1.59657 0.104645
      vertex 16 -1.59657 0.104645
    endloop
  endfacet
  facet normal 0 0.999463 -0.0327599
    outer loop
      vertex 7.5 -1.59657 0.104645
      vertex 16 -1.6 0
      vertex 7.5 -1.6 0
    endloop
  endfacet
  facet normal 0 0.729889 0.683566
    outer loop
      vertex 16 -1.13137 -1.13137
      vertex 7.5 -1.20294 -1.05495
      vertex 16 -1.20294 -1.05495
    endloop
  endfacet
  facet normal 0 0.729889 0.683566
    outer loop
      vertex 7.5 -1.20294 -1.05495
      vertex 16 -1.13137 -1.13137
      vertex 7.5 -1.13137 -1.13137
    endloop
  endfacet
  facet normal 0 -0.290259 -0.956948
    outer loop
      vertex 7.5 0.41411 1.54548
      vertex 16 0.514302 1.51509
      vertex 16 0.41411 1.54548
    endloop
  endfacet
  facet normal -0 -0.290259 -0.956948
    outer loop
      vertex 16 0.514302 1.51509
      vertex 7.5 0.41411 1.54548
      vertex 7.5 0.514302 1.51509
    endloop
  endfacet
  facet normal 0 -0.683566 0.729889
    outer loop
      vertex 7.5 1.13137 -1.13137
      vertex 16 1.05495 -1.20294
      vertex 16 1.13137 -1.13137
    endloop
  endfacet
  facet normal 0 -0.683566 0.729889
    outer loop
      vertex 16 1.05495 -1.20294
      vertex 7.5 1.13137 -1.13137
      vertex 7.5 1.05495 -1.20294
    endloop
  endfacet
  facet normal 0 0.881902 -0.471433
    outer loop
      vertex 16 -1.435 0.707662
      vertex 7.5 -1.38564 0.799999
      vertex 16 -1.38564 0.799999
    endloop
  endfacet
  facet normal 0 0.881902 -0.471433
    outer loop
      vertex 7.5 -1.38564 0.799999
      vertex 16 -1.435 0.707662
      vertex 7.5 -1.435 0.707662
    endloop
  endfacet
  facet normal -0 0.471433 0.881902
    outer loop
      vertex 7.5 -0.707662 -1.435
      vertex 16 -0.799999 -1.38564
      vertex 16 -0.707662 -1.435
    endloop
  endfacet
  facet normal 0 0.471433 0.881902
    outer loop
      vertex 16 -0.799999 -1.38564
      vertex 7.5 -0.707662 -1.435
      vertex 7.5 -0.799999 -1.38564
    endloop
  endfacet
  facet normal 0 -0.634455 -0.77296
    outer loop
      vertex 7.5 0.974018 1.26937
      vertex 16 1.05495 1.20294
      vertex 16 0.974018 1.26937
    endloop
  endfacet
  facet normal -0 -0.634455 -0.77296
    outer loop
      vertex 16 1.05495 1.20294
      vertex 7.5 0.974018 1.26937
      vertex 7.5 1.05495 1.20294
    endloop
  endfacet
  facet normal 0 -0.0979943 -0.995187
    outer loop
      vertex 7.5 0.104645 1.59657
      vertex 16 0.208841 1.58631
      vertex 16 0.104645 1.59657
    endloop
  endfacet
  facet normal -0 -0.0979943 -0.995187
    outer loop
      vertex 16 0.208841 1.58631
      vertex 7.5 0.104645 1.59657
      vertex 7.5 0.208841 1.58631
    endloop
  endfacet
endsolid OpenSCAD_Model
