solid OpenSCAD_Model
  facet normal 0.5280678506503647 0.8492021815265809 0
    outer loop
      vertex -18.388912372831363 -9.330351379684073 -24.9
      vertex -18.3 -9.385640646055101 -26.4
      vertex -18.388912372831363 -9.330351379684073 -26.4
    endloop
  endfacet
  facet normal 0.47139673682599903 0.8819212643483543 0
    outer loop
      vertex -18.3 -9.385640646055101 -24.9
      vertex -18.207661904350402 -9.434996386452301 -26.4
      vertex -18.3 -9.385640646055101 -26.4
    endloop
  endfacet
  facet normal 0.41270702980439566 0.9108638249211753 0
    outer loop
      vertex -18.207661904350402 -9.434996386452301 -24.9
      vertex -18.112293491784143 -9.47820725201806 -26.4
      vertex -18.207661904350402 -9.434996386452301 -26.4
    endloop
  endfacet
  facet normal 0.6835923020228775 0.7298640726978299 0
    outer loop
      vertex -18.631370849898477 -9.131370849898476 -24.9
      vertex -18.55495330416011 -9.202943691966365 -26.4
      vertex -18.631370849898477 -9.131370849898476 -26.4
    endloop
  endfacet
  facet normal 0.7298640726978384 0.6835923020228684 0
    outer loop
      vertex -18.702943691966365 -9.05495330416011 -24.9
      vertex -18.631370849898477 -9.131370849898476 -26.4
      vertex -18.702943691966365 -9.05495330416011 -26.4
    endloop
  endfacet
  facet normal 0.8128466845916131 0.582477696867805 0
    outer loop
      vertex -18.83035137968407 -8.888912372831363 -24.9
      vertex -18.769365344465974 -8.974018286413953 -26.4
      vertex -18.83035137968407 -8.888912372831363 -26.4
    endloop
  endfacet
  facet normal 0.8492021815265732 0.5280678506503769 0
    outer loop
      vertex -18.8856406460551 -8.8 -24.9
      vertex -18.83035137968407 -8.888912372831363 -26.4
      vertex -18.8856406460551 -8.8 -26.4
    endloop
  endfacet
  facet normal 0.7730104533627468 0.6343932841636333 0
    outer loop
      vertex -18.769365344465974 -8.974018286413953 -24.9
      vertex -18.702943691966365 -9.05495330416011 -26.4
      vertex -18.769365344465974 -8.974018286413953 -26.4
    endloop
  endfacet
  facet normal 0.6343932841636268 0.7730104533627522 0
    outer loop
      vertex -18.55495330416011 -9.202943691966365 -24.9
      vertex -18.47401828641395 -9.269365344465976 -26.4
      vertex -18.55495330416011 -9.202943691966365 -26.4
    endloop
  endfacet
  facet normal 0.5824776968678131 0.8128466845916075 0
    outer loop
      vertex -18.47401828641395 -9.269365344465976 -24.9
      vertex -18.388912372831363 -9.330351379684073 -26.4
      vertex -18.47401828641395 -9.269365344465976 -26.4
    endloop
  endfacet
  facet normal 0.9569403357322023 0.29028467725448404 0
    outer loop
      vertex -19.04548132206251 -8.414110472164033 -24.9
      vertex -19.015088207192168 -8.514303144485059 -26.4
      vertex -19.04548132206251 -8.414110472164033 -26.4
    endloop
  endfacet
  facet normal 0.9738769792773335 0.227076263034374 0
    outer loop
      vertex -19.06925644864517 -8.312144515225805 -24.9
      vertex -19.04548132206251 -8.414110472164033 -26.4
      vertex -19.06925644864517 -8.312144515225805 -26.4
    endloop
  endfacet
  facet normal 0.9866433320848786 0.16289547339459093 0
    outer loop
      vertex -19.086311778198098 -8.208841907552083 -24.9
      vertex -19.06925644864517 -8.312144515225805 -26.4
      vertex -19.086311778198098 -8.208841907552083 -26.4
    endloop
  endfacet
  facet normal 0.9951847266721981 0.09801714032954799 0
    outer loop
      vertex -19.096574277181766 -8.104645006768228 -24.9
      vertex -19.086311778198098 -8.208841907552083 -26.4
      vertex -19.096574277181766 -8.104645006768228 -26.4
    endloop
  endfacet
  facet normal 0.9994645874763652 0.03271908282178692 0
    outer loop
      vertex -19.1 -8 -24.9
      vertex -19.096574277181766 -8.104645006768228 -26.4
      vertex -19.1 -8 -26.4
    endloop
  endfacet
  facet normal 0.9994645874763652 -0.03271908282178664 0
    outer loop
      vertex -19.096574277181766 -7.895354993231771 -24.9
      vertex -19.1 -8 -26.4
      vertex -19.096574277181766 -7.895354993231771 -26.4
    endloop
  endfacet
  facet normal 0.9951847266721981 -0.09801714032954882 0
    outer loop
      vertex -19.086311778198098 -7.791158092447917 -24.9
      vertex -19.096574277181766 -7.895354993231771 -26.4
      vertex -19.086311778198098 -7.791158092447917 -26.4
    endloop
  endfacet
  facet normal 0.9866433320848786 -0.16289547339459093 0
    outer loop
      vertex -19.06925644864517 -7.687855484774195 -24.9
      vertex -19.086311778198098 -7.791158092447917 -26.4
      vertex -19.06925644864517 -7.687855484774195 -26.4
    endloop
  endfacet
  facet normal 0.8819212643483543 0.47139673682599903 0
    outer loop
      vertex -18.9349963864523 -8.707661904350402 -24.9
      vertex -18.8856406460551 -8.8 -26.4
      vertex -18.9349963864523 -8.707661904350402 -26.4
    endloop
  endfacet
  facet normal 0.9108638249211753 0.41270702980439566 0
    outer loop
      vertex -18.97820725201806 -8.612293491784143 -24.9
      vertex -18.9349963864523 -8.707661904350402 -26.4
      vertex -18.97820725201806 -8.612293491784143 -26.4
    endloop
  endfacet
  facet normal 0.9359059267573302 0.3522500479212215 0
    outer loop
      vertex -19.015088207192168 -8.514303144485059 -24.9
      vertex -18.97820725201806 -8.612293491784143 -26.4
      vertex -19.015088207192168 -8.514303144485059 -26.4
    endloop
  endfacet
  facet normal 0.9738769792773335 -0.227076263034374 0
    outer loop
      vertex -19.04548132206251 -7.585889527835967 -24.9
      vertex -19.06925644864517 -7.687855484774195 -26.4
      vertex -19.04548132206251 -7.585889527835967 -26.4
    endloop
  endfacet
  facet normal 0.9569403357322023 -0.29028467725448404 0
    outer loop
      vertex -19.015088207192168 -7.4856968555149415 -24.9
      vertex -19.04548132206251 -7.585889527835967 -26.4
      vertex -19.015088207192168 -7.4856968555149415 -26.4
    endloop
  endfacet
  facet normal 0.9359059267573302 -0.3522500479212215 0
    outer loop
      vertex -18.97820725201806 -7.387706508215857 -24.9
      vertex -19.015088207192168 -7.4856968555149415 -26.4
      vertex -18.97820725201806 -7.387706508215857 -26.4
    endloop
  endfacet
  facet normal 0.9108638249211753 -0.41270702980439566 0
    outer loop
      vertex -18.9349963864523 -7.292338095649598 -24.9
      vertex -18.97820725201806 -7.387706508215857 -26.4
      vertex -18.9349963864523 -7.292338095649598 -26.4
    endloop
  endfacet
  facet normal 0.8819212643483524 -0.4713967368260025 0
    outer loop
      vertex -18.8856406460551 -7.2 -24.9
      vertex -18.9349963864523 -7.292338095649598 -26.4
      vertex -18.8856406460551 -7.2 -26.4
    endloop
  endfacet
  facet normal 0.8492021815265758 -0.5280678506503732 0
    outer loop
      vertex -18.83035137968407 -7.1110876271686365 -24.9
      vertex -18.8856406460551 -7.2 -26.4
      vertex -18.83035137968407 -7.1110876271686365 -26.4
    endloop
  endfacet
  facet normal 0.8128466845916131 -0.582477696867805 0
    outer loop
      vertex -18.769365344465974 -7.025981713586047 -24.9
      vertex -18.83035137968407 -7.1110876271686365 -26.4
      vertex -18.769365344465974 -7.025981713586047 -26.4
    endloop
  endfacet
  facet normal 0.7730104533627468 -0.6343932841636333 0
    outer loop
      vertex -18.702943691966365 -6.94504669583989 -24.9
      vertex -18.769365344465974 -7.025981713586047 -26.4
      vertex -18.702943691966365 -6.94504669583989 -26.4
    endloop
  endfacet
  facet normal 0.7298640726978424 -0.6835923020228641 0
    outer loop
      vertex -18.631370849898477 -6.8686291501015235 -24.9
      vertex -18.702943691966365 -6.94504669583989 -26.4
      vertex -18.631370849898477 -6.8686291501015235 -26.4
    endloop
  endfacet
  facet normal 0.6835923020228728 -0.7298640726978342 0
    outer loop
      vertex -18.55495330416011 -6.7970563080336355 -24.9
      vertex -18.631370849898477 -6.8686291501015235 -26.4
      vertex -18.55495330416011 -6.7970563080336355 -26.4
    endloop
  endfacet
  facet normal 0.6343932841636268 -0.7730104533627522 0
    outer loop
      vertex -18.47401828641395 -6.730634655534024 -24.9
      vertex -18.55495330416011 -6.7970563080336355 -26.4
      vertex -18.47401828641395 -6.730634655534024 -26.4
    endloop
  endfacet
  facet normal 0.5824776968678131 -0.8128466845916075 0
    outer loop
      vertex -18.388912372831363 -6.669648620315927 -24.9
      vertex -18.47401828641395 -6.730634655534024 -26.4
      vertex -18.388912372831363 -6.669648620315927 -26.4
    endloop
  endfacet
  facet normal 0.5280678506503647 -0.8492021815265809 0
    outer loop
      vertex -18.3 -6.614359353944899 -24.9
      vertex -18.388912372831363 -6.669648620315927 -26.4
      vertex -18.3 -6.614359353944899 -26.4
    endloop
  endfacet
  facet normal 0.47139673682599903 -0.8819212643483543 0
    outer loop
      vertex -18.207661904350402 -6.565003613547699 -24.9
      vertex -18.3 -6.614359353944899 -26.4
      vertex -18.207661904350402 -6.565003613547699 -26.4
    endloop
  endfacet
  facet normal 0.41270702980439566 -0.9108638249211753 0
    outer loop
      vertex -18.112293491784143 -6.521792747981941 -24.9
      vertex -18.207661904350402 -6.565003613547699 -26.4
      vertex -18.112293491784143 -6.521792747981941 -26.4
    endloop
  endfacet
  facet normal 0.3522500479212364 0.9359059267573246 0
    outer loop
      vertex -18.112293491784143 -9.47820725201806 -24.9
      vertex -18.01430314448506 -9.51508820719217 -26.4
      vertex -18.112293491784143 -9.47820725201806 -26.4
    endloop
  endfacet
  facet normal 0.29028467725445295 0.9569403357322117 0
    outer loop
      vertex -18.01430314448506 -9.51508820719217 -24.9
      vertex -17.914110472164033 -9.545481322062509 -26.4
      vertex -18.01430314448506 -9.51508820719217 -26.4
    endloop
  endfacet
  facet normal 0.22707626303437775 0.9738769792773325 0
    outer loop
      vertex -17.914110472164033 -9.545481322062509 -24.9
      vertex -17.812144515225807 -9.569256448645168 -26.4
      vertex -17.914110472164033 -9.545481322062509 -26.4
    endloop
  endfacet
  facet normal 0.16289547339458546 0.9866433320848794 0
    outer loop
      vertex -17.812144515225807 -9.569256448645168 -24.9
      vertex -17.70884190755208 -9.586311778198096 -26.4
      vertex -17.812144515225807 -9.569256448645168 -26.4
    endloop
  endfacet
  facet normal 0.0980171403295681 0.995184726672196 0
    outer loop
      vertex -17.70884190755208 -9.586311778198096 -24.9
      vertex -17.60464500676823 -9.596574277181766 -26.4
      vertex -17.70884190755208 -9.586311778198096 -26.4
    endloop
  endfacet
  facet normal 0.03271908282176942 0.9994645874763659 0
    outer loop
      vertex -17.60464500676823 -9.596574277181766 -24.9
      vertex -17.5 -9.6 -26.4
      vertex -17.60464500676823 -9.596574277181766 -26.4
    endloop
  endfacet
  facet normal -0.03271908282176942 0.9994645874763659 0
    outer loop
      vertex -17.5 -9.6 -24.9
      vertex -17.39535499323177 -9.596574277181766 -26.4
      vertex -17.5 -9.6 -26.4
    endloop
  endfacet
  facet normal -0.0980171403295681 0.995184726672196 0
    outer loop
      vertex -17.39535499323177 -9.596574277181766 -24.9
      vertex -17.29115809244792 -9.586311778198096 -26.4
      vertex -17.39535499323177 -9.596574277181766 -26.4
    endloop
  endfacet
  facet normal -0.16289547339458546 0.9866433320848794 0
    outer loop
      vertex -17.29115809244792 -9.586311778198096 -24.9
      vertex -17.187855484774193 -9.569256448645168 -26.4
      vertex -17.29115809244792 -9.586311778198096 -26.4
    endloop
  endfacet
  facet normal -0.22707626303437775 0.9738769792773325 0
    outer loop
      vertex -17.187855484774193 -9.569256448645168 -24.9
      vertex -17.085889527835967 -9.545481322062509 -26.4
      vertex -17.187855484774193 -9.569256448645168 -26.4
    endloop
  endfacet
  facet normal -0.29028467725445295 0.9569403357322117 0
    outer loop
      vertex -17.085889527835967 -9.545481322062509 -24.9
      vertex -16.98569685551494 -9.51508820719217 -26.4
      vertex -17.085889527835967 -9.545481322062509 -26.4
    endloop
  endfacet
  facet normal -0.3522500479212364 0.9359059267573246 0
    outer loop
      vertex -16.98569685551494 -9.51508820719217 -24.9
      vertex -16.887706508215857 -9.47820725201806 -26.4
      vertex -16.98569685551494 -9.51508820719217 -26.4
    endloop
  endfacet
  facet normal -0.41270702980439566 0.9108638249211753 0
    outer loop
      vertex -16.887706508215857 -9.47820725201806 -24.9
      vertex -16.792338095649598 -9.434996386452301 -26.4
      vertex -16.887706508215857 -9.47820725201806 -26.4
    endloop
  endfacet
  facet normal -0.47139673682599903 0.8819212643483543 0
    outer loop
      vertex -16.792338095649598 -9.434996386452301 -24.9
      vertex -16.7 -9.385640646055101 -26.4
      vertex -16.792338095649598 -9.434996386452301 -26.4
    endloop
  endfacet
  facet normal -0.5280678506503647 0.8492021815265809 0
    outer loop
      vertex -16.7 -9.385640646055101 -24.9
      vertex -16.611087627168637 -9.330351379684073 -26.4
      vertex -16.7 -9.385640646055101 -26.4
    endloop
  endfacet
  facet normal -0.5824776968678131 0.8128466845916075 0
    outer loop
      vertex -16.611087627168637 -9.330351379684073 -24.9
      vertex -16.52598171358605 -9.269365344465976 -26.4
      vertex -16.611087627168637 -9.330351379684073 -26.4
    endloop
  endfacet
  facet normal -0.6343932841636268 0.7730104533627522 0
    outer loop
      vertex -16.52598171358605 -9.269365344465976 -24.9
      vertex -16.44504669583989 -9.202943691966365 -26.4
      vertex -16.52598171358605 -9.269365344465976 -26.4
    endloop
  endfacet
  facet normal -0.6835923020228775 0.7298640726978299 0
    outer loop
      vertex -16.44504669583989 -9.202943691966365 -24.9
      vertex -16.368629150101523 -9.131370849898476 -26.4
      vertex -16.44504669583989 -9.202943691966365 -26.4
    endloop
  endfacet
  facet normal -0.7298640726978384 0.6835923020228684 0
    outer loop
      vertex -16.368629150101523 -9.131370849898476 -24.9
      vertex -16.297056308033635 -9.05495330416011 -26.4
      vertex -16.368629150101523 -9.131370849898476 -26.4
    endloop
  endfacet
  facet normal -0.7730104533627468 0.6343932841636333 0
    outer loop
      vertex -16.297056308033635 -9.05495330416011 -24.9
      vertex -16.230634655534026 -8.974018286413953 -26.4
      vertex -16.297056308033635 -9.05495330416011 -26.4
    endloop
  endfacet
  facet normal -0.8128466845916131 0.582477696867805 0
    outer loop
      vertex -16.230634655534026 -8.974018286413953 -24.9
      vertex -16.16964862031593 -8.888912372831363 -26.4
      vertex -16.230634655534026 -8.974018286413953 -26.4
    endloop
  endfacet
  facet normal -0.8492021815265732 0.5280678506503769 0
    outer loop
      vertex -16.16964862031593 -8.888912372831363 -24.9
      vertex -16.1143593539449 -8.8 -26.4
      vertex -16.16964862031593 -8.888912372831363 -26.4
    endloop
  endfacet
  facet normal -0.8819212643483543 0.47139673682599903 0
    outer loop
      vertex -16.1143593539449 -8.8 -24.9
      vertex -16.0650036135477 -8.707661904350402 -26.4
      vertex -16.1143593539449 -8.8 -26.4
    endloop
  endfacet
  facet normal -0.3522500479212364 -0.9359059267573246 0
    outer loop
      vertex -16.887706508215857 -6.521792747981941 -24.9
      vertex -16.98569685551494 -6.48491179280783 -26.4
      vertex -16.887706508215857 -6.521792747981941 -26.4
    endloop
  endfacet
  facet normal -0.41270702980439566 -0.9108638249211753 0
    outer loop
      vertex -16.792338095649598 -6.565003613547699 -24.9
      vertex -16.887706508215857 -6.521792747981941 -26.4
      vertex -16.792338095649598 -6.565003613547699 -26.4
    endloop
  endfacet
  facet normal -0.7298640726978424 -0.6835923020228641 0
    outer loop
      vertex -16.297056308033635 -6.94504669583989 -24.9
      vertex -16.368629150101523 -6.8686291501015235 -26.4
      vertex -16.297056308033635 -6.94504669583989 -26.4
    endloop
  endfacet
  facet normal -0.6835923020228728 -0.7298640726978342 0
    outer loop
      vertex -16.368629150101523 -6.8686291501015235 -24.9
      vertex -16.44504669583989 -6.7970563080336355 -26.4
      vertex -16.368629150101523 -6.8686291501015235 -26.4
    endloop
  endfacet
  facet normal -0.5280678506503647 -0.8492021815265809 0
    outer loop
      vertex -16.611087627168637 -6.669648620315927 -24.9
      vertex -16.7 -6.614359353944899 -26.4
      vertex -16.611087627168637 -6.669648620315927 -26.4
    endloop
  endfacet
  facet normal -0.5824776968678131 -0.8128466845916075 0
    outer loop
      vertex -16.52598171358605 -6.730634655534024 -24.9
      vertex -16.611087627168637 -6.669648620315927 -26.4
      vertex -16.52598171358605 -6.730634655534024 -26.4
    endloop
  endfacet
  facet normal -0.47139673682599903 -0.8819212643483543 0
    outer loop
      vertex -16.7 -6.614359353944899 -24.9
      vertex -16.792338095649598 -6.565003613547699 -26.4
      vertex -16.7 -6.614359353944899 -26.4
    endloop
  endfacet
  facet normal -0.6343932841636268 -0.7730104533627522 0
    outer loop
      vertex -16.44504669583989 -6.7970563080336355 -24.9
      vertex -16.52598171358605 -6.730634655534024 -26.4
      vertex -16.44504669583989 -6.7970563080336355 -26.4
    endloop
  endfacet
  facet normal -0.9108638249211753 0.41270702980439566 0
    outer loop
      vertex -16.0650036135477 -8.707661904350402 -24.9
      vertex -16.02179274798194 -8.612293491784143 -26.4
      vertex -16.0650036135477 -8.707661904350402 -26.4
    endloop
  endfacet
  facet normal -0.9359059267573246 0.3522500479212364 0
    outer loop
      vertex -16.02179274798194 -8.612293491784143 -24.9
      vertex -15.98491179280783 -8.514303144485059 -26.4
      vertex -16.02179274798194 -8.612293491784143 -26.4
    endloop
  endfacet
  facet normal -0.9569403357322117 0.29028467725445295 0
    outer loop
      vertex -15.98491179280783 -8.514303144485059 -24.9
      vertex -15.954518677937491 -8.414110472164033 -26.4
      vertex -15.98491179280783 -8.514303144485059 -26.4
    endloop
  endfacet
  facet normal -0.9738769792773335 0.227076263034374 0
    outer loop
      vertex -15.954518677937491 -8.414110472164033 -24.9
      vertex -15.930743551354832 -8.312144515225805 -26.4
      vertex -15.954518677937491 -8.414110472164033 -26.4
    endloop
  endfacet
  facet normal -0.9866433320848786 0.16289547339459093 0
    outer loop
      vertex -15.930743551354832 -8.312144515225805 -24.9
      vertex -15.913688221801904 -8.208841907552083 -26.4
      vertex -15.930743551354832 -8.312144515225805 -26.4
    endloop
  endfacet
  facet normal -0.9951847266721964 0.09801714032956478 0
    outer loop
      vertex -15.913688221801904 -8.208841907552083 -24.9
      vertex -15.903425722818234 -8.104645006768228 -26.4
      vertex -15.913688221801904 -8.208841907552083 -26.4
    endloop
  endfacet
  facet normal -0.9994645874763658 0.032719082821769975 0
    outer loop
      vertex -15.903425722818234 -8.104645006768228 -24.9
      vertex -15.9 -8 -26.4
      vertex -15.903425722818234 -8.104645006768228 -26.4
    endloop
  endfacet
  facet normal -0.9994645874763659 -0.0327190828217697 0
    outer loop
      vertex -15.9 -8 -24.9
      vertex -15.903425722818234 -7.895354993231771 -26.4
      vertex -15.9 -8 -26.4
    endloop
  endfacet
  facet normal -0.9951847266721964 -0.09801714032956561 0
    outer loop
      vertex -15.903425722818234 -7.895354993231771 -24.9
      vertex -15.913688221801904 -7.791158092447917 -26.4
      vertex -15.903425722818234 -7.895354993231771 -26.4
    endloop
  endfacet
  facet normal -0.9866433320848786 -0.16289547339459093 0
    outer loop
      vertex -15.913688221801904 -7.791158092447917 -24.9
      vertex -15.930743551354832 -7.687855484774195 -26.4
      vertex -15.913688221801904 -7.791158092447917 -26.4
    endloop
  endfacet
  facet normal -0.9738769792773335 -0.227076263034374 0
    outer loop
      vertex -15.930743551354832 -7.687855484774195 -24.9
      vertex -15.954518677937491 -7.585889527835967 -26.4
      vertex -15.930743551354832 -7.687855484774195 -26.4
    endloop
  endfacet
  facet normal -0.9569403357322117 -0.29028467725445295 0
    outer loop
      vertex -15.954518677937491 -7.585889527835967 -24.9
      vertex -15.98491179280783 -7.4856968555149415 -26.4
      vertex -15.954518677937491 -7.585889527835967 -26.4
    endloop
  endfacet
  facet normal -0.9359059267573246 -0.3522500479212364 0
    outer loop
      vertex -15.98491179280783 -7.4856968555149415 -24.9
      vertex -16.02179274798194 -7.387706508215857 -26.4
      vertex -15.98491179280783 -7.4856968555149415 -26.4
    endloop
  endfacet
  facet normal -0.9108638249211753 -0.41270702980439566 0
    outer loop
      vertex -16.02179274798194 -7.387706508215857 -24.9
      vertex -16.0650036135477 -7.292338095649598 -26.4
      vertex -16.02179274798194 -7.387706508215857 -26.4
    endloop
  endfacet
  facet normal -0.8492021815265758 -0.5280678506503732 0
    outer loop
      vertex -16.1143593539449 -7.2 -24.9
      vertex -16.16964862031593 -7.1110876271686365 -26.4
      vertex -16.1143593539449 -7.2 -26.4
    endloop
  endfacet
  facet normal -0.8128466845916131 -0.582477696867805 0
    outer loop
      vertex -16.16964862031593 -7.1110876271686365 -24.9
      vertex -16.230634655534026 -7.025981713586047 -26.4
      vertex -16.16964862031593 -7.1110876271686365 -26.4
    endloop
  endfacet
  facet normal -0.8819212643483524 -0.4713967368260025 0
    outer loop
      vertex -16.0650036135477 -7.292338095649598 -24.9
      vertex -16.1143593539449 -7.2 -26.4
      vertex -16.0650036135477 -7.292338095649598 -26.4
    endloop
  endfacet
  facet normal -0.7730104533627468 -0.6343932841636333 0
    outer loop
      vertex -16.230634655534026 -7.025981713586047 -24.9
      vertex -16.297056308033635 -6.94504669583989 -26.4
      vertex -16.230634655534026 -7.025981713586047 -26.4
    endloop
  endfacet
  facet normal 0.3522500479212364 -0.9359059267573246 0
    outer loop
      vertex -18.01430314448506 -6.48491179280783 -24.9
      vertex -18.112293491784143 -6.521792747981941 -26.4
      vertex -18.01430314448506 -6.48491179280783 -26.4
    endloop
  endfacet
  facet normal 0.2902846772544607 -0.9569403357322094 0
    outer loop
      vertex -17.914110472164033 -6.45451867793749 -24.9
      vertex -18.01430314448506 -6.48491179280783 -26.4
      vertex -17.914110472164033 -6.45451867793749 -26.4
    endloop
  endfacet
  facet normal 0.2270762630343697 -0.9738769792773344 0
    outer loop
      vertex -17.812144515225807 -6.430743551354832 -24.9
      vertex -17.914110472164033 -6.45451867793749 -26.4
      vertex -17.812144515225807 -6.430743551354832 -26.4
    endloop
  endfacet
  facet normal 0.16289547339458546 -0.9866433320848794 0
    outer loop
      vertex -17.70884190755208 -6.413688221801904 -24.9
      vertex -17.812144515225807 -6.430743551354832 -26.4
      vertex -17.70884190755208 -6.413688221801904 -26.4
    endloop
  endfacet
  facet normal 0.0980171403295681 -0.995184726672196 0
    outer loop
      vertex -17.60464500676823 -6.403425722818234 -24.9
      vertex -17.70884190755208 -6.413688221801904 -26.4
      vertex -17.60464500676823 -6.403425722818234 -26.4
    endloop
  endfacet
  facet normal 0.03271908282176942 -0.9994645874763659 0
    outer loop
      vertex -17.5 -6.4 -24.9
      vertex -17.60464500676823 -6.403425722818234 -26.4
      vertex -17.5 -6.4 -26.4
    endloop
  endfacet
  facet normal -0.03271908282176942 -0.9994645874763659 0
    outer loop
      vertex -17.39535499323177 -6.403425722818234 -24.9
      vertex -17.5 -6.4 -26.4
      vertex -17.39535499323177 -6.403425722818234 -26.4
    endloop
  endfacet
  facet normal -0.0980171403295681 -0.995184726672196 0
    outer loop
      vertex -17.29115809244792 -6.413688221801904 -24.9
      vertex -17.39535499323177 -6.403425722818234 -26.4
      vertex -17.29115809244792 -6.413688221801904 -26.4
    endloop
  endfacet
  facet normal -0.16289547339458546 -0.9866433320848794 0
    outer loop
      vertex -17.187855484774193 -6.430743551354832 -24.9
      vertex -17.29115809244792 -6.413688221801904 -26.4
      vertex -17.187855484774193 -6.430743551354832 -26.4
    endloop
  endfacet
  facet normal -0.2270762630343697 -0.9738769792773344 0
    outer loop
      vertex -17.085889527835967 -6.45451867793749 -24.9
      vertex -17.187855484774193 -6.430743551354832 -26.4
      vertex -17.085889527835967 -6.45451867793749 -26.4
    endloop
  endfacet
  facet normal -0.2902846772544607 -0.9569403357322094 0
    outer loop
      vertex -16.98569685551494 -6.48491179280783 -24.9
      vertex -17.085889527835967 -6.45451867793749 -26.4
      vertex -16.98569685551494 -6.48491179280783 -26.4
    endloop
  endfacet
  facet normal 0.41270702980439566 0.9108638249211753 8.059954068888471e-19
    outer loop
      vertex -18.207661904350402 -9.434996386452301 -24.9
      vertex -18.112293491784143 -9.47820725201806 -24.9
      vertex -18.112293491784143 -9.47820725201806 -26.4
    endloop
  endfacet
  facet normal 0.47139673682599903 0.8819212643483543 0
    outer loop
      vertex -18.207661904350402 -9.434996386452301 -24.9
      vertex -18.207661904350402 -9.434996386452301 -26.4
      vertex -18.3 -9.385640646055101 -24.9
    endloop
  endfacet
  facet normal 0.5280678506503647 0.8492021815265809 1.7598732745461344e-19
    outer loop
      vertex -18.388912372831363 -9.330351379684073 -24.9
      vertex -18.3 -9.385640646055101 -24.9
      vertex -18.3 -9.385640646055101 -26.4
    endloop
  endfacet
  facet normal 0.6835923020228775 0.7298640726978299 0
    outer loop
      vertex -18.55495330416011 -9.202943691966365 -24.9
      vertex -18.55495330416011 -9.202943691966365 -26.4
      vertex -18.631370849898477 -9.131370849898476 -24.9
    endloop
  endfacet
  facet normal 0.7298640726978384 0.6835923020228684 -4.714536531122299e-19
    outer loop
      vertex -18.702943691966365 -9.05495330416011 -24.9
      vertex -18.631370849898477 -9.131370849898476 -24.9
      vertex -18.631370849898477 -9.131370849898476 -26.4
    endloop
  endfacet
  facet normal 0.8492021815265732 0.5280678506503769 -3.350884824178345e-19
    outer loop
      vertex -18.8856406460551 -8.8 -24.9
      vertex -18.83035137968407 -8.888912372831363 -24.9
      vertex -18.83035137968407 -8.888912372831363 -26.4
    endloop
  endfacet
  facet normal 0.8819212643483543 0.47139673682599903 0
    outer loop
      vertex -18.8856406460551 -8.8 -24.9
      vertex -18.8856406460551 -8.8 -26.4
      vertex -18.9349963864523 -8.707661904350402 -24.9
    endloop
  endfacet
  facet normal 0.7730104533627468 0.6343932841636333 0
    outer loop
      vertex -18.702943691966365 -9.05495330416011 -24.9
      vertex -18.702943691966365 -9.05495330416011 -26.4
      vertex -18.769365344465974 -8.974018286413953 -24.9
    endloop
  endfacet
  facet normal 0.8128466845916131 0.582477696867805 0
    outer loop
      vertex -18.769365344465974 -8.974018286413953 -24.9
      vertex -18.769365344465974 -8.974018286413953 -26.4
      vertex -18.83035137968407 -8.888912372831363 -24.9
    endloop
  endfacet
  facet normal 0.6343932841636268 0.7730104533627522 0
    outer loop
      vertex -18.47401828641395 -9.269365344465976 -24.9
      vertex -18.47401828641395 -9.269365344465976 -26.4
      vertex -18.55495330416011 -9.202943691966365 -24.9
    endloop
  endfacet
  facet normal 0.5824776968678131 0.8128466845916075 -3.2111188272525793e-19
    outer loop
      vertex -18.47401828641395 -9.269365344465976 -24.9
      vertex -18.388912372831363 -9.330351379684073 -24.9
      vertex -18.388912372831363 -9.330351379684073 -26.4
    endloop
  endfacet
  facet normal 0.9738769792773335 0.227076263034374 0
    outer loop
      vertex -19.04548132206251 -8.414110472164033 -24.9
      vertex -19.04548132206251 -8.414110472164033 -26.4
      vertex -19.06925644864517 -8.312144515225805 -24.9
    endloop
  endfacet
  facet normal 0.9866433320848786 0.16289547339459093 3.1287332155477414e-19
    outer loop
      vertex -19.086311778198098 -8.208841907552083 -24.9
      vertex -19.06925644864517 -8.312144515225805 -24.9
      vertex -19.06925644864517 -8.312144515225805 -26.4
    endloop
  endfacet
  facet normal 0.9951847266721981 0.09801714032954799 0
    outer loop
      vertex -19.086311778198098 -8.208841907552083 -24.9
      vertex -19.086311778198098 -8.208841907552083 -26.4
      vertex -19.096574277181766 -8.104645006768228 -24.9
    endloop
  endfacet
  facet normal 0.9994645874763652 0.03271908282178692 0
    outer loop
      vertex -19.096574277181766 -8.104645006768228 -24.9
      vertex -19.096574277181766 -8.104645006768228 -26.4
      vertex -19.1 -8 -24.9
    endloop
  endfacet
  facet normal 0.9994645874763652 -0.03271908282178664 0
    outer loop
      vertex -19.1 -8 -24.9
      vertex -19.1 -8 -26.4
      vertex -19.096574277181766 -7.895354993231771 -24.9
    endloop
  endfacet
  facet normal 0.9951847266721981 -0.09801714032954882 0
    outer loop
      vertex -19.096574277181766 -7.895354993231771 -24.9
      vertex -19.096574277181766 -7.895354993231771 -26.4
      vertex -19.086311778198098 -7.791158092447917 -24.9
    endloop
  endfacet
  facet normal 0.9866433320848786 -0.16289547339459093 0
    outer loop
      vertex -19.086311778198098 -7.791158092447917 -24.9
      vertex -19.086311778198098 -7.791158092447917 -26.4
      vertex -19.06925644864517 -7.687855484774195 -24.9
    endloop
  endfacet
  facet normal 0.9738769792773335 -0.227076263034374 0
    outer loop
      vertex -19.06925644864517 -7.687855484774195 -24.9
      vertex -19.06925644864517 -7.687855484774195 -26.4
      vertex -19.04548132206251 -7.585889527835967 -24.9
    endloop
  endfacet
  facet normal 0.9108638249211753 0.41270702980439566 0
    outer loop
      vertex -18.9349963864523 -8.707661904350402 -24.9
      vertex -18.9349963864523 -8.707661904350402 -26.4
      vertex -18.97820725201806 -8.612293491784143 -24.9
    endloop
  endfacet
  facet normal 0.9359059267573302 0.3522500479212215 0
    outer loop
      vertex -18.97820725201806 -8.612293491784143 -24.9
      vertex -18.97820725201806 -8.612293491784143 -26.4
      vertex -19.015088207192168 -8.514303144485059 -24.9
    endloop
  endfacet
  facet normal 0.9569403357322023 0.29028467725448404 0
    outer loop
      vertex -19.015088207192168 -8.514303144485059 -24.9
      vertex -19.015088207192168 -8.514303144485059 -26.4
      vertex -19.04548132206251 -8.414110472164033 -24.9
    endloop
  endfacet
  facet normal 0.9569403357322023 -0.29028467725448404 0
    outer loop
      vertex -19.04548132206251 -7.585889527835967 -24.9
      vertex -19.04548132206251 -7.585889527835967 -26.4
      vertex -19.015088207192168 -7.4856968555149415 -24.9
    endloop
  endfacet
  facet normal 0.9359059267573302 -0.3522500479212215 0
    outer loop
      vertex -19.015088207192168 -7.4856968555149415 -24.9
      vertex -19.015088207192168 -7.4856968555149415 -26.4
      vertex -18.97820725201806 -7.387706508215857 -24.9
    endloop
  endfacet
  facet normal 0.9108638249211753 -0.41270702980439566 0
    outer loop
      vertex -18.97820725201806 -7.387706508215857 -24.9
      vertex -18.97820725201806 -7.387706508215857 -26.4
      vertex -18.9349963864523 -7.292338095649598 -24.9
    endloop
  endfacet
  facet normal 0.8819212643483524 -0.4713967368260025 0
    outer loop
      vertex -18.9349963864523 -7.292338095649598 -24.9
      vertex -18.9349963864523 -7.292338095649598 -26.4
      vertex -18.8856406460551 -7.2 -24.9
    endloop
  endfacet
  facet normal 0.8492021815265758 -0.5280678506503732 0
    outer loop
      vertex -18.8856406460551 -7.2 -24.9
      vertex -18.8856406460551 -7.2 -26.4
      vertex -18.83035137968407 -7.1110876271686365 -24.9
    endloop
  endfacet
  facet normal 0.8128466845916131 -0.582477696867805 0
    outer loop
      vertex -18.83035137968407 -7.1110876271686365 -24.9
      vertex -18.83035137968407 -7.1110876271686365 -26.4
      vertex -18.769365344465974 -7.025981713586047 -24.9
    endloop
  endfacet
  facet normal 0.7730104533627468 -0.6343932841636333 0
    outer loop
      vertex -18.769365344465974 -7.025981713586047 -24.9
      vertex -18.769365344465974 -7.025981713586047 -26.4
      vertex -18.702943691966365 -6.94504669583989 -24.9
    endloop
  endfacet
  facet normal 0.7298640726978424 -0.6835923020228641 0
    outer loop
      vertex -18.702943691966365 -6.94504669583989 -24.9
      vertex -18.702943691966365 -6.94504669583989 -26.4
      vertex -18.631370849898477 -6.8686291501015235 -24.9
    endloop
  endfacet
  facet normal 0.6835923020228728 -0.7298640726978342 0
    outer loop
      vertex -18.631370849898477 -6.8686291501015235 -24.9
      vertex -18.631370849898477 -6.8686291501015235 -26.4
      vertex -18.55495330416011 -6.7970563080336355 -24.9
    endloop
  endfacet
  facet normal 0.6343932841636268 -0.7730104533627522 0
    outer loop
      vertex -18.55495330416011 -6.7970563080336355 -24.9
      vertex -18.55495330416011 -6.7970563080336355 -26.4
      vertex -18.47401828641395 -6.730634655534024 -24.9
    endloop
  endfacet
  facet normal 0.5824776968678131 -0.8128466845916075 0
    outer loop
      vertex -18.47401828641395 -6.730634655534024 -24.9
      vertex -18.47401828641395 -6.730634655534024 -26.4
      vertex -18.388912372831363 -6.669648620315927 -24.9
    endloop
  endfacet
  facet normal 0.5280678506503647 -0.8492021815265809 0
    outer loop
      vertex -18.388912372831363 -6.669648620315927 -24.9
      vertex -18.388912372831363 -6.669648620315927 -26.4
      vertex -18.3 -6.614359353944899 -24.9
    endloop
  endfacet
  facet normal 0.47139673682599903 -0.8819212643483543 0
    outer loop
      vertex -18.3 -6.614359353944899 -24.9
      vertex -18.3 -6.614359353944899 -26.4
      vertex -18.207661904350402 -6.565003613547699 -24.9
    endloop
  endfacet
  facet normal 0.41270702980439566 -0.9108638249211753 0
    outer loop
      vertex -18.207661904350402 -6.565003613547699 -24.9
      vertex -18.207661904350402 -6.565003613547699 -26.4
      vertex -18.112293491784143 -6.521792747981941 -24.9
    endloop
  endfacet
  facet normal 0.3522500479212364 0.9359059267573246 -9.364293178132362e-19
    outer loop
      vertex -18.112293491784143 -9.47820725201806 -24.9
      vertex -18.01430314448506 -9.51508820719217 -24.9
      vertex -18.01430314448506 -9.51508820719217 -26.4
    endloop
  endfacet
  facet normal 0.29028467725445295 0.9569403357322117 1.1782602389575502e-18
    outer loop
      vertex -18.01430314448506 -9.51508820719217 -24.9
      vertex -17.914110472164033 -9.545481322062509 -24.9
      vertex -17.914110472164033 -9.545481322062509 -26.4
    endloop
  endfacet
  facet normal 0.22707626303437775 0.9738769792773325 9.668938286016309e-19
    outer loop
      vertex -17.914110472164033 -9.545481322062509 -24.9
      vertex -17.812144515225807 -9.569256448645168 -24.9
      vertex -17.812144515225807 -9.569256448645168 -26.4
    endloop
  endfacet
  facet normal 0.16289547339458546 0.9866433320848794 -2.8706565340682985e-19
    outer loop
      vertex -17.812144515225807 -9.569256448645168 -24.9
      vertex -17.70884190755208 -9.586311778198096 -24.9
      vertex -17.70884190755208 -9.586311778198096 -26.4
    endloop
  endfacet
  facet normal 0.03271908282176942 0.9994645874763659 8.906584296778667e-20
    outer loop
      vertex -17.60464500676823 -9.596574277181766 -24.9
      vertex -17.5 -9.6 -24.9
      vertex -17.5 -9.6 -26.4
    endloop
  endfacet
  facet normal -0.03271908282176942 0.9994645874763659 -8.906584296778667e-20
    outer loop
      vertex -17.5 -9.6 -24.9
      vertex -17.39535499323177 -9.596574277181766 -24.9
      vertex -17.39535499323177 -9.596574277181766 -26.4
    endloop
  endfacet
  facet normal 0.0980171403295681 0.995184726672196 5.04452812570755e-19
    outer loop
      vertex -17.70884190755208 -9.586311778198096 -24.9
      vertex -17.60464500676823 -9.596574277181766 -24.9
      vertex -17.60464500676823 -9.596574277181766 -26.4
    endloop
  endfacet
  facet normal -0.0980171403295681 0.995184726672196 -5.04452812570755e-19
    outer loop
      vertex -17.39535499323177 -9.596574277181766 -24.9
      vertex -17.29115809244792 -9.586311778198096 -24.9
      vertex -17.29115809244792 -9.586311778198096 -26.4
    endloop
  endfacet
  facet normal -0.16289547339458546 0.9866433320848794 2.8706565340682985e-19
    outer loop
      vertex -17.29115809244792 -9.586311778198096 -24.9
      vertex -17.187855484774193 -9.569256448645168 -24.9
      vertex -17.187855484774193 -9.569256448645168 -26.4
    endloop
  endfacet
  facet normal -0.22707626303437775 0.9738769792773325 -9.668938286016309e-19
    outer loop
      vertex -17.187855484774193 -9.569256448645168 -24.9
      vertex -17.085889527835967 -9.545481322062509 -24.9
      vertex -17.085889527835967 -9.545481322062509 -26.4
    endloop
  endfacet
  facet normal -0.29028467725445295 0.9569403357322117 -1.1782602389575502e-18
    outer loop
      vertex -17.085889527835967 -9.545481322062509 -24.9
      vertex -16.98569685551494 -9.51508820719217 -24.9
      vertex -16.98569685551494 -9.51508820719217 -26.4
    endloop
  endfacet
  facet normal -0.3522500479212364 0.9359059267573246 9.364293178132362e-19
    outer loop
      vertex -16.98569685551494 -9.51508820719217 -24.9
      vertex -16.887706508215857 -9.47820725201806 -24.9
      vertex -16.887706508215857 -9.47820725201806 -26.4
    endloop
  endfacet
  facet normal -0.41270702980439566 0.9108638249211753 -8.059954068888471e-19
    outer loop
      vertex -16.887706508215857 -9.47820725201806 -24.9
      vertex -16.792338095649598 -9.434996386452301 -24.9
      vertex -16.792338095649598 -9.434996386452301 -26.4
    endloop
  endfacet
  facet normal -0.47139673682599903 0.8819212643483543 1.871551873248366e-18
    outer loop
      vertex -16.792338095649598 -9.434996386452301 -24.9
      vertex -16.7 -9.385640646055101 -24.9
      vertex -16.7 -9.385640646055101 -26.4
    endloop
  endfacet
  facet normal -0.5280678506503647 0.8492021815265809 -1.7598732745461344e-19
    outer loop
      vertex -16.7 -9.385640646055101 -24.9
      vertex -16.611087627168637 -9.330351379684073 -24.9
      vertex -16.611087627168637 -9.330351379684073 -26.4
    endloop
  endfacet
  facet normal -0.5824776968678131 0.8128466845916075 3.2111188272525793e-19
    outer loop
      vertex -16.611087627168637 -9.330351379684073 -24.9
      vertex -16.52598171358605 -9.269365344465976 -24.9
      vertex -16.52598171358605 -9.269365344465976 -26.4
    endloop
  endfacet
  facet normal -0.6343932841636268 0.7730104533627522 7.379184487665846e-19
    outer loop
      vertex -16.52598171358605 -9.269365344465976 -24.9
      vertex -16.44504669583989 -9.202943691966365 -24.9
      vertex -16.44504669583989 -9.202943691966365 -26.4
    endloop
  endfacet
  facet normal -0.6835923020228775 0.7298640726978299 -2.2726307649379696e-18
    outer loop
      vertex -16.44504669583989 -9.202943691966365 -24.9
      vertex -16.368629150101523 -9.131370849898476 -24.9
      vertex -16.368629150101523 -9.131370849898476 -26.4
    endloop
  endfacet
  facet normal -0.7298640726978384 0.6835923020228684 4.714536531122299e-19
    outer loop
      vertex -16.368629150101523 -9.131370849898476 -24.9
      vertex -16.297056308033635 -9.05495330416011 -24.9
      vertex -16.297056308033635 -9.05495330416011 -26.4
    endloop
  endfacet
  facet normal -0.7730104533627468 0.6343932841636333 1.7430372576072286e-18
    outer loop
      vertex -16.297056308033635 -9.05495330416011 -24.9
      vertex -16.230634655534026 -8.974018286413953 -24.9
      vertex -16.230634655534026 -8.974018286413953 -26.4
    endloop
  endfacet
  facet normal -0.8128466845916131 0.582477696867805 -2.344792882285011e-19
    outer loop
      vertex -16.230634655534026 -8.974018286413953 -24.9
      vertex -16.16964862031593 -8.888912372831363 -24.9
      vertex -16.16964862031593 -8.888912372831363 -26.4
    endloop
  endfacet
  facet normal -0.8492021815265732 0.5280678506503769 3.350884824178345e-19
    outer loop
      vertex -16.16964862031593 -8.888912372831363 -24.9
      vertex -16.1143593539449 -8.8 -24.9
      vertex -16.1143593539449 -8.8 -26.4
    endloop
  endfacet
  facet normal 0.3522500479212364 -0.9359059267573246 0
    outer loop
      vertex -18.112293491784143 -6.521792747981941 -24.9
      vertex -18.112293491784143 -6.521792747981941 -26.4
      vertex -18.01430314448506 -6.48491179280783 -24.9
    endloop
  endfacet
  facet normal -0.41270702980439566 -0.9108638249211753 0
    outer loop
      vertex -16.887706508215857 -6.521792747981941 -24.9
      vertex -16.887706508215857 -6.521792747981941 -26.4
      vertex -16.792338095649598 -6.565003613547699 -24.9
    endloop
  endfacet
  facet normal -0.7298640726978424 -0.6835923020228641 -2.0763204108524618e-18
    outer loop
      vertex -16.297056308033635 -6.94504669583989 -24.9
      vertex -16.368629150101523 -6.8686291501015235 -24.9
      vertex -16.368629150101523 -6.8686291501015235 -26.4
    endloop
  endfacet
  facet normal -0.6835923020228728 -0.7298640726978342 -1.860802450448894e-18
    outer loop
      vertex -16.368629150101523 -6.8686291501015235 -24.9
      vertex -16.44504669583989 -6.7970563080336355 -24.9
      vertex -16.44504669583989 -6.7970563080336355 -26.4
    endloop
  endfacet
  facet normal -0.5824776968678131 -0.8128466845916075 0
    outer loop
      vertex -16.611087627168637 -6.669648620315927 -24.9
      vertex -16.611087627168637 -6.669648620315927 -26.4
      vertex -16.52598171358605 -6.730634655534024 -24.9
    endloop
  endfacet
  facet normal -0.47139673682599903 -0.8819212643483543 0
    outer loop
      vertex -16.792338095649598 -6.565003613547699 -24.9
      vertex -16.792338095649598 -6.565003613547699 -26.4
      vertex -16.7 -6.614359353944899 -24.9
    endloop
  endfacet
  facet normal -0.5280678506503647 -0.8492021815265809 0
    outer loop
      vertex -16.7 -6.614359353944899 -24.9
      vertex -16.7 -6.614359353944899 -26.4
      vertex -16.611087627168637 -6.669648620315927 -24.9
    endloop
  endfacet
  facet normal -0.6343932841636268 -0.7730104533627522 0
    outer loop
      vertex -16.52598171358605 -6.730634655534024 -24.9
      vertex -16.52598171358605 -6.730634655534024 -26.4
      vertex -16.44504669583989 -6.7970563080336355 -24.9
    endloop
  endfacet
  facet normal -0.8819212643483543 0.47139673682599903 1.871551873248366e-18
    outer loop
      vertex -16.1143593539449 -8.8 -24.9
      vertex -16.0650036135477 -8.707661904350402 -24.9
      vertex -16.0650036135477 -8.707661904350402 -26.4
    endloop
  endfacet
  facet normal -0.9108638249211753 0.41270702980439566 -8.059954068888471e-19
    outer loop
      vertex -16.0650036135477 -8.707661904350402 -24.9
      vertex -16.02179274798194 -8.612293491784143 -24.9
      vertex -16.02179274798194 -8.612293491784143 -26.4
    endloop
  endfacet
  facet normal -0.9359059267573246 0.3522500479212364 9.364293178132362e-19
    outer loop
      vertex -16.02179274798194 -8.612293491784143 -24.9
      vertex -15.98491179280783 -8.514303144485059 -24.9
      vertex -15.98491179280783 -8.514303144485059 -26.4
    endloop
  endfacet
  facet normal -0.9569403357322117 0.29028467725445295 -1.1782602389575502e-18
    outer loop
      vertex -15.98491179280783 -8.514303144485059 -24.9
      vertex -15.954518677937491 -8.414110472164033 -24.9
      vertex -15.954518677937491 -8.414110472164033 -26.4
    endloop
  endfacet
  facet normal -0.9738769792773335 0.227076263034374 9.049382534678417e-20
    outer loop
      vertex -15.954518677937491 -8.414110472164033 -24.9
      vertex -15.930743551354832 -8.312144515225805 -24.9
      vertex -15.930743551354832 -8.312144515225805 -26.4
    endloop
  endfacet
  facet normal -0.9866433320848786 0.16289547339459093 -3.1287332155477414e-19
    outer loop
      vertex -15.930743551354832 -8.312144515225805 -24.9
      vertex -15.913688221801904 -8.208841907552083 -24.9
      vertex -15.913688221801904 -8.208841907552083 -26.4
    endloop
  endfacet
  facet normal -0.9951847266721964 0.09801714032956478 -3.100738764556534e-19
    outer loop
      vertex -15.913688221801904 -8.208841907552083 -24.9
      vertex -15.903425722818234 -8.104645006768228 -24.9
      vertex -15.903425722818234 -8.104645006768228 -26.4
    endloop
  endfacet
  facet normal -0.9994645874763658 0.032719082821769975 1.684044223229646e-19
    outer loop
      vertex -15.903425722818234 -8.104645006768228 -24.9
      vertex -15.9 -8 -24.9
      vertex -15.9 -8 -26.4
    endloop
  endfacet
  facet normal -0.9994645874763659 -0.0327190828217697 1.3291764822002266e-19
    outer loop
      vertex -15.9 -8 -24.9
      vertex -15.903425722818234 -7.895354993231771 -24.9
      vertex -15.903425722818234 -7.895354993231771 -26.4
    endloop
  endfacet
  facet normal -0.9951847266721964 -0.09801714032956561 3.586686104844276e-19
    outer loop
      vertex -15.903425722818234 -7.895354993231771 -24.9
      vertex -15.913688221801904 -7.791158092447917 -24.9
      vertex -15.913688221801904 -7.791158092447917 -26.4
    endloop
  endfacet
  facet normal -0.9866433320848786 -0.16289547339459093 3.1287332155477414e-19
    outer loop
      vertex -15.913688221801904 -7.791158092447917 -24.9
      vertex -15.930743551354832 -7.687855484774195 -24.9
      vertex -15.930743551354832 -7.687855484774195 -26.4
    endloop
  endfacet
  facet normal -0.9569403357322117 -0.29028467725445295 0
    outer loop
      vertex -15.98491179280783 -7.4856968555149415 -24.9
      vertex -15.98491179280783 -7.4856968555149415 -26.4
      vertex -15.954518677937491 -7.585889527835967 -24.9
    endloop
  endfacet
  facet normal -0.9738769792773335 -0.227076263034374 -9.049382534678417e-20
    outer loop
      vertex -15.930743551354832 -7.687855484774195 -24.9
      vertex -15.954518677937491 -7.585889527835967 -24.9
      vertex -15.954518677937491 -7.585889527835967 -26.4
    endloop
  endfacet
  facet normal -0.9359059267573246 -0.3522500479212364 -9.364293178132362e-19
    outer loop
      vertex -15.98491179280783 -7.4856968555149415 -24.9
      vertex -16.02179274798194 -7.387706508215857 -24.9
      vertex -16.02179274798194 -7.387706508215857 -26.4
    endloop
  endfacet
  facet normal -0.8819212643483524 -0.4713967368260025 1.1122866678497176e-18
    outer loop
      vertex -16.0650036135477 -7.292338095649598 -24.9
      vertex -16.1143593539449 -7.2 -24.9
      vertex -16.1143593539449 -7.2 -26.4
    endloop
  endfacet
  facet normal -0.8492021815265758 -0.5280678506503732 1.784506852762922e-18
    outer loop
      vertex -16.1143593539449 -7.2 -24.9
      vertex -16.16964862031593 -7.1110876271686365 -24.9
      vertex -16.16964862031593 -7.1110876271686365 -26.4
    endloop
  endfacet
  facet normal -0.9108638249211753 -0.41270702980439566 0
    outer loop
      vertex -16.0650036135477 -7.292338095649598 -24.9
      vertex -16.0650036135477 -7.292338095649598 -26.4
      vertex -16.02179274798194 -7.387706508215857 -24.9
    endloop
  endfacet
  facet normal -0.8128466845916131 -0.582477696867805 2.344792882285011e-19
    outer loop
      vertex -16.16964862031593 -7.1110876271686365 -24.9
      vertex -16.230634655534026 -7.025981713586047 -24.9
      vertex -16.230634655534026 -7.025981713586047 -26.4
    endloop
  endfacet
  facet normal -0.7730104533627468 -0.6343932841636333 -1.7430372576072286e-18
    outer loop
      vertex -16.230634655534026 -7.025981713586047 -24.9
      vertex -16.297056308033635 -6.94504669583989 -24.9
      vertex -16.297056308033635 -6.94504669583989 -26.4
    endloop
  endfacet
  facet normal 0.2902846772544607 -0.9569403357322094 0
    outer loop
      vertex -18.01430314448506 -6.48491179280783 -24.9
      vertex -18.01430314448506 -6.48491179280783 -26.4
      vertex -17.914110472164033 -6.45451867793749 -24.9
    endloop
  endfacet
  facet normal 0.2270762630343697 -0.9738769792773344 0
    outer loop
      vertex -17.914110472164033 -6.45451867793749 -24.9
      vertex -17.914110472164033 -6.45451867793749 -26.4
      vertex -17.812144515225807 -6.430743551354832 -24.9
    endloop
  endfacet
  facet normal 0.16289547339458546 -0.9866433320848794 0
    outer loop
      vertex -17.812144515225807 -6.430743551354832 -24.9
      vertex -17.812144515225807 -6.430743551354832 -26.4
      vertex -17.70884190755208 -6.413688221801904 -24.9
    endloop
  endfacet
  facet normal 0.0980171403295681 -0.995184726672196 0
    outer loop
      vertex -17.70884190755208 -6.413688221801904 -24.9
      vertex -17.70884190755208 -6.413688221801904 -26.4
      vertex -17.60464500676823 -6.403425722818234 -24.9
    endloop
  endfacet
  facet normal 0.03271908282176942 -0.9994645874763659 0
    outer loop
      vertex -17.60464500676823 -6.403425722818234 -24.9
      vertex -17.60464500676823 -6.403425722818234 -26.4
      vertex -17.5 -6.4 -24.9
    endloop
  endfacet
  facet normal -0.03271908282176942 -0.9994645874763659 0
    outer loop
      vertex -17.5 -6.4 -24.9
      vertex -17.5 -6.4 -26.4
      vertex -17.39535499323177 -6.403425722818234 -24.9
    endloop
  endfacet
  facet normal -0.0980171403295681 -0.995184726672196 0
    outer loop
      vertex -17.39535499323177 -6.403425722818234 -24.9
      vertex -17.39535499323177 -6.403425722818234 -26.4
      vertex -17.29115809244792 -6.413688221801904 -24.9
    endloop
  endfacet
  facet normal -0.16289547339458546 -0.9866433320848794 0
    outer loop
      vertex -17.29115809244792 -6.413688221801904 -24.9
      vertex -17.29115809244792 -6.413688221801904 -26.4
      vertex -17.187855484774193 -6.430743551354832 -24.9
    endloop
  endfacet
  facet normal -0.2270762630343697 -0.9738769792773344 0
    outer loop
      vertex -17.187855484774193 -6.430743551354832 -24.9
      vertex -17.187855484774193 -6.430743551354832 -26.4
      vertex -17.085889527835967 -6.45451867793749 -24.9
    endloop
  endfacet
  facet normal -0.2902846772544607 -0.9569403357322094 0
    outer loop
      vertex -17.085889527835967 -6.45451867793749 -24.9
      vertex -17.085889527835967 -6.45451867793749 -26.4
      vertex -16.98569685551494 -6.48491179280783 -24.9
    endloop
  endfacet
  facet normal -0.3522500479212364 -0.9359059267573246 -9.364293178132362e-19
    outer loop
      vertex -16.887706508215857 -6.521792747981941 -24.9
      vertex -16.98569685551494 -6.48491179280783 -24.9
      vertex -16.98569685551494 -6.48491179280783 -26.4
    endloop
  endfacet
  facet normal 0.8128466845916131 0.582477696867805 0
    outer loop
      vertex 16.16964862031593 -8.888912372831363 -24.9
      vertex 16.230634655534026 -8.974018286413953 -26.4
      vertex 16.16964862031593 -8.888912372831363 -26.4
    endloop
  endfacet
  facet normal 0.7730104533627468 0.6343932841636333 0
    outer loop
      vertex 16.230634655534026 -8.974018286413953 -24.9
      vertex 16.297056308033635 -9.05495330416011 -26.4
      vertex 16.230634655534026 -8.974018286413953 -26.4
    endloop
  endfacet
  facet normal 0.8492021815265732 0.5280678506503769 0
    outer loop
      vertex 16.1143593539449 -8.8 -24.9
      vertex 16.16964862031593 -8.888912372831363 -26.4
      vertex 16.1143593539449 -8.8 -26.4
    endloop
  endfacet
  facet normal 0.5280678506503647 0.8492021815265809 0
    outer loop
      vertex 16.611087627168637 -9.330351379684073 -24.9
      vertex 16.7 -9.385640646055101 -26.4
      vertex 16.611087627168637 -9.330351379684073 -26.4
    endloop
  endfacet
  facet normal 0.47139673682599903 0.8819212643483543 0
    outer loop
      vertex 16.7 -9.385640646055101 -24.9
      vertex 16.792338095649598 -9.434996386452301 -26.4
      vertex 16.7 -9.385640646055101 -26.4
    endloop
  endfacet
  facet normal 0.3522500479212364 0.9359059267573246 0
    outer loop
      vertex 16.887706508215857 -9.47820725201806 -24.9
      vertex 16.98569685551494 -9.51508820719217 -26.4
      vertex 16.887706508215857 -9.47820725201806 -26.4
    endloop
  endfacet
  facet normal 0.41270702980439566 0.9108638249211753 0
    outer loop
      vertex 16.792338095649598 -9.434996386452301 -24.9
      vertex 16.887706508215857 -9.47820725201806 -26.4
      vertex 16.792338095649598 -9.434996386452301 -26.4
    endloop
  endfacet
  facet normal 0.29028467725445295 0.9569403357322117 0
    outer loop
      vertex 16.98569685551494 -9.51508820719217 -24.9
      vertex 17.085889527835967 -9.545481322062509 -26.4
      vertex 16.98569685551494 -9.51508820719217 -26.4
    endloop
  endfacet
  facet normal 0.22707626303437775 0.9738769792773325 0
    outer loop
      vertex 17.085889527835967 -9.545481322062509 -24.9
      vertex 17.187855484774193 -9.569256448645168 -26.4
      vertex 17.085889527835967 -9.545481322062509 -26.4
    endloop
  endfacet
  facet normal 0.6343932841636268 0.7730104533627522 0
    outer loop
      vertex 16.44504669583989 -9.202943691966365 -24.9
      vertex 16.52598171358605 -9.269365344465976 -26.4
      vertex 16.44504669583989 -9.202943691966365 -26.4
    endloop
  endfacet
  facet normal 0.6835923020228775 0.7298640726978299 0
    outer loop
      vertex 16.368629150101523 -9.131370849898476 -24.9
      vertex 16.44504669583989 -9.202943691966365 -26.4
      vertex 16.368629150101523 -9.131370849898476 -26.4
    endloop
  endfacet
  facet normal 0.7298640726978384 0.6835923020228684 0
    outer loop
      vertex 16.297056308033635 -9.05495330416011 -24.9
      vertex 16.368629150101523 -9.131370849898476 -26.4
      vertex 16.297056308033635 -9.05495330416011 -26.4
    endloop
  endfacet
  facet normal 0.5824776968678131 0.8128466845916075 0
    outer loop
      vertex 16.52598171358605 -9.269365344465976 -24.9
      vertex 16.611087627168637 -9.330351379684073 -26.4
      vertex 16.52598171358605 -9.269365344465976 -26.4
    endloop
  endfacet
  facet normal 0.03271908282176942 0.9994645874763659 0
    outer loop
      vertex 17.39535499323177 -9.596574277181766 -24.9
      vertex 17.5 -9.6 -26.4
      vertex 17.39535499323177 -9.596574277181766 -26.4
    endloop
  endfacet
  facet normal -0.03271908282176942 0.9994645874763659 0
    outer loop
      vertex 17.5 -9.6 -24.9
      vertex 17.60464500676823 -9.596574277181766 -26.4
      vertex 17.5 -9.6 -26.4
    endloop
  endfacet
  facet normal 0.16289547339458546 0.9866433320848794 0
    outer loop
      vertex 17.187855484774193 -9.569256448645168 -24.9
      vertex 17.29115809244792 -9.586311778198096 -26.4
      vertex 17.187855484774193 -9.569256448645168 -26.4
    endloop
  endfacet
  facet normal 0.0980171403295681 0.995184726672196 0
    outer loop
      vertex 17.29115809244792 -9.586311778198096 -24.9
      vertex 17.39535499323177 -9.596574277181766 -26.4
      vertex 17.29115809244792 -9.586311778198096 -26.4
    endloop
  endfacet
  facet normal -0.0980171403295681 0.995184726672196 0
    outer loop
      vertex 17.60464500676823 -9.596574277181766 -24.9
      vertex 17.70884190755208 -9.586311778198096 -26.4
      vertex 17.60464500676823 -9.596574277181766 -26.4
    endloop
  endfacet
  facet normal -0.16289547339458546 0.9866433320848794 0
    outer loop
      vertex 17.70884190755208 -9.586311778198096 -24.9
      vertex 17.812144515225807 -9.569256448645168 -26.4
      vertex 17.70884190755208 -9.586311778198096 -26.4
    endloop
  endfacet
  facet normal -0.22707626303437775 0.9738769792773325 0
    outer loop
      vertex 17.812144515225807 -9.569256448645168 -24.9
      vertex 17.914110472164033 -9.545481322062509 -26.4
      vertex 17.812144515225807 -9.569256448645168 -26.4
    endloop
  endfacet
  facet normal -0.29028467725445295 0.9569403357322117 0
    outer loop
      vertex 17.914110472164033 -9.545481322062509 -24.9
      vertex 18.01430314448506 -9.51508820719217 -26.4
      vertex 17.914110472164033 -9.545481322062509 -26.4
    endloop
  endfacet
  facet normal -0.3522500479212364 0.9359059267573246 0
    outer loop
      vertex 18.01430314448506 -9.51508820719217 -24.9
      vertex 18.112293491784143 -9.47820725201806 -26.4
      vertex 18.01430314448506 -9.51508820719217 -26.4
    endloop
  endfacet
  facet normal 0.8819212643483543 0.47139673682599903 0
    outer loop
      vertex 16.0650036135477 -8.707661904350402 -24.9
      vertex 16.1143593539449 -8.8 -26.4
      vertex 16.0650036135477 -8.707661904350402 -26.4
    endloop
  endfacet
  facet normal 0.9108638249211753 0.41270702980439566 0
    outer loop
      vertex 16.02179274798194 -8.612293491784143 -24.9
      vertex 16.0650036135477 -8.707661904350402 -26.4
      vertex 16.02179274798194 -8.612293491784143 -26.4
    endloop
  endfacet
  facet normal 0.9359059267573246 0.3522500479212364 0
    outer loop
      vertex 15.98491179280783 -8.514303144485059 -24.9
      vertex 16.02179274798194 -8.612293491784143 -26.4
      vertex 15.98491179280783 -8.514303144485059 -26.4
    endloop
  endfacet
  facet normal 0.9569403357322117 0.29028467725445295 0
    outer loop
      vertex 15.954518677937491 -8.414110472164033 -24.9
      vertex 15.98491179280783 -8.514303144485059 -26.4
      vertex 15.954518677937491 -8.414110472164033 -26.4
    endloop
  endfacet
  facet normal 0.9738769792773335 0.227076263034374 0
    outer loop
      vertex 15.930743551354832 -8.312144515225805 -24.9
      vertex 15.954518677937491 -8.414110472164033 -26.4
      vertex 15.930743551354832 -8.312144515225805 -26.4
    endloop
  endfacet
  facet normal 0.9866433320848786 0.16289547339459093 0
    outer loop
      vertex 15.913688221801904 -8.208841907552083 -24.9
      vertex 15.930743551354832 -8.312144515225805 -26.4
      vertex 15.913688221801904 -8.208841907552083 -26.4
    endloop
  endfacet
  facet normal 0.9951847266721964 0.09801714032956478 0
    outer loop
      vertex 15.903425722818234 -8.104645006768228 -24.9
      vertex 15.913688221801904 -8.208841907552083 -26.4
      vertex 15.903425722818234 -8.104645006768228 -26.4
    endloop
  endfacet
  facet normal 0.9994645874763658 0.032719082821769975 0
    outer loop
      vertex 15.9 -8 -24.9
      vertex 15.903425722818234 -8.104645006768228 -26.4
      vertex 15.9 -8 -26.4
    endloop
  endfacet
  facet normal 0.9994645874763659 -0.0327190828217697 0
    outer loop
      vertex 15.903425722818234 -7.895354993231771 -24.9
      vertex 15.9 -8 -26.4
      vertex 15.903425722818234 -7.895354993231771 -26.4
    endloop
  endfacet
  facet normal 0.9951847266721964 -0.09801714032956561 0
    outer loop
      vertex 15.913688221801904 -7.791158092447917 -24.9
      vertex 15.903425722818234 -7.895354993231771 -26.4
      vertex 15.913688221801904 -7.791158092447917 -26.4
    endloop
  endfacet
  facet normal 0.9866433320848786 -0.16289547339459093 0
    outer loop
      vertex 15.930743551354832 -7.687855484774195 -24.9
      vertex 15.913688221801904 -7.791158092447917 -26.4
      vertex 15.930743551354832 -7.687855484774195 -26.4
    endloop
  endfacet
  facet normal 0.9738769792773335 -0.227076263034374 0
    outer loop
      vertex 15.954518677937491 -7.585889527835967 -24.9
      vertex 15.930743551354832 -7.687855484774195 -26.4
      vertex 15.954518677937491 -7.585889527835967 -26.4
    endloop
  endfacet
  facet normal 0.9569403357322117 -0.29028467725445295 0
    outer loop
      vertex 15.98491179280783 -7.4856968555149415 -24.9
      vertex 15.954518677937491 -7.585889527835967 -26.4
      vertex 15.98491179280783 -7.4856968555149415 -26.4
    endloop
  endfacet
  facet normal 0.9359059267573246 -0.3522500479212364 0
    outer loop
      vertex 16.02179274798194 -7.387706508215857 -24.9
      vertex 15.98491179280783 -7.4856968555149415 -26.4
      vertex 16.02179274798194 -7.387706508215857 -26.4
    endloop
  endfacet
  facet normal 0.9108638249211753 -0.41270702980439566 0
    outer loop
      vertex 16.0650036135477 -7.292338095649598 -24.9
      vertex 16.02179274798194 -7.387706508215857 -26.4
      vertex 16.0650036135477 -7.292338095649598 -26.4
    endloop
  endfacet
  facet normal 0.8819212643483524 -0.4713967368260025 0
    outer loop
      vertex 16.1143593539449 -7.2 -24.9
      vertex 16.0650036135477 -7.292338095649598 -26.4
      vertex 16.1143593539449 -7.2 -26.4
    endloop
  endfacet
  facet normal 0.8492021815265758 -0.5280678506503732 0
    outer loop
      vertex 16.16964862031593 -7.1110876271686365 -24.9
      vertex 16.1143593539449 -7.2 -26.4
      vertex 16.16964862031593 -7.1110876271686365 -26.4
    endloop
  endfacet
  facet normal 0.8128466845916131 -0.582477696867805 0
    outer loop
      vertex 16.230634655534026 -7.025981713586047 -24.9
      vertex 16.16964862031593 -7.1110876271686365 -26.4
      vertex 16.230634655534026 -7.025981713586047 -26.4
    endloop
  endfacet
  facet normal 0.7730104533627468 -0.6343932841636333 0
    outer loop
      vertex 16.297056308033635 -6.94504669583989 -24.9
      vertex 16.230634655534026 -7.025981713586047 -26.4
      vertex 16.297056308033635 -6.94504669583989 -26.4
    endloop
  endfacet
  facet normal 0.7298640726978424 -0.6835923020228641 0
    outer loop
      vertex 16.368629150101523 -6.8686291501015235 -24.9
      vertex 16.297056308033635 -6.94504669583989 -26.4
      vertex 16.368629150101523 -6.8686291501015235 -26.4
    endloop
  endfacet
  facet normal 0.6835923020228728 -0.7298640726978342 0
    outer loop
      vertex 16.44504669583989 -6.7970563080336355 -24.9
      vertex 16.368629150101523 -6.8686291501015235 -26.4
      vertex 16.44504669583989 -6.7970563080336355 -26.4
    endloop
  endfacet
  facet normal 0.6343932841636268 -0.7730104533627522 0
    outer loop
      vertex 16.52598171358605 -6.730634655534024 -24.9
      vertex 16.44504669583989 -6.7970563080336355 -26.4
      vertex 16.52598171358605 -6.730634655534024 -26.4
    endloop
  endfacet
  facet normal 0.5824776968678131 -0.8128466845916075 0
    outer loop
      vertex 16.611087627168637 -6.669648620315927 -24.9
      vertex 16.52598171358605 -6.730634655534024 -26.4
      vertex 16.611087627168637 -6.669648620315927 -26.4
    endloop
  endfacet
  facet normal 0.5280678506503647 -0.8492021815265809 0
    outer loop
      vertex 16.7 -6.614359353944899 -24.9
      vertex 16.611087627168637 -6.669648620315927 -26.4
      vertex 16.7 -6.614359353944899 -26.4
    endloop
  endfacet
  facet normal 0.47139673682599903 -0.8819212643483543 0
    outer loop
      vertex 16.792338095649598 -6.565003613547699 -24.9
      vertex 16.7 -6.614359353944899 -26.4
      vertex 16.792338095649598 -6.565003613547699 -26.4
    endloop
  endfacet
  facet normal 0.41270702980439566 -0.9108638249211753 0
    outer loop
      vertex 16.887706508215857 -6.521792747981941 -24.9
      vertex 16.792338095649598 -6.565003613547699 -26.4
      vertex 16.887706508215857 -6.521792747981941 -26.4
    endloop
  endfacet
  facet normal -0.3522500479212364 -0.9359059267573246 0
    outer loop
      vertex 18.112293491784143 -6.521792747981941 -24.9
      vertex 18.01430314448506 -6.48491179280783 -26.4
      vertex 18.112293491784143 -6.521792747981941 -26.4
    endloop
  endfacet
  facet normal -0.41270702980439566 0.9108638249211753 0
    outer loop
      vertex 18.112293491784143 -9.47820725201806 -24.9
      vertex 18.207661904350402 -9.434996386452301 -26.4
      vertex 18.112293491784143 -9.47820725201806 -26.4
    endloop
  endfacet
  facet normal -0.47139673682599903 0.8819212643483543 0
    outer loop
      vertex 18.207661904350402 -9.434996386452301 -24.9
      vertex 18.3 -9.385640646055101 -26.4
      vertex 18.207661904350402 -9.434996386452301 -26.4
    endloop
  endfacet
  facet normal -0.5280678506503647 0.8492021815265809 0
    outer loop
      vertex 18.3 -9.385640646055101 -24.9
      vertex 18.388912372831363 -9.330351379684073 -26.4
      vertex 18.3 -9.385640646055101 -26.4
    endloop
  endfacet
  facet normal -0.5824776968678131 0.8128466845916075 0
    outer loop
      vertex 18.388912372831363 -9.330351379684073 -24.9
      vertex 18.47401828641395 -9.269365344465976 -26.4
      vertex 18.388912372831363 -9.330351379684073 -26.4
    endloop
  endfacet
  facet normal -0.6343932841636268 0.7730104533627522 0
    outer loop
      vertex 18.47401828641395 -9.269365344465976 -24.9
      vertex 18.55495330416011 -9.202943691966365 -26.4
      vertex 18.47401828641395 -9.269365344465976 -26.4
    endloop
  endfacet
  facet normal -0.6835923020228775 0.7298640726978299 0
    outer loop
      vertex 18.55495330416011 -9.202943691966365 -24.9
      vertex 18.631370849898477 -9.131370849898476 -26.4
      vertex 18.55495330416011 -9.202943691966365 -26.4
    endloop
  endfacet
  facet normal -0.7298640726978384 0.6835923020228684 0
    outer loop
      vertex 18.631370849898477 -9.131370849898476 -24.9
      vertex 18.702943691966365 -9.05495330416011 -26.4
      vertex 18.631370849898477 -9.131370849898476 -26.4
    endloop
  endfacet
  facet normal -0.7730104533627468 0.6343932841636333 0
    outer loop
      vertex 18.702943691966365 -9.05495330416011 -24.9
      vertex 18.769365344465974 -8.974018286413953 -26.4
      vertex 18.702943691966365 -9.05495330416011 -26.4
    endloop
  endfacet
  facet normal -0.8128466845916131 0.582477696867805 0
    outer loop
      vertex 18.769365344465974 -8.974018286413953 -24.9
      vertex 18.83035137968407 -8.888912372831363 -26.4
      vertex 18.769365344465974 -8.974018286413953 -26.4
    endloop
  endfacet
  facet normal -0.8492021815265732 0.5280678506503769 0
    outer loop
      vertex 18.83035137968407 -8.888912372831363 -24.9
      vertex 18.8856406460551 -8.8 -26.4
      vertex 18.83035137968407 -8.888912372831363 -26.4
    endloop
  endfacet
  facet normal -0.8819212643483543 0.47139673682599903 0
    outer loop
      vertex 18.8856406460551 -8.8 -24.9
      vertex 18.9349963864523 -8.707661904350402 -26.4
      vertex 18.8856406460551 -8.8 -26.4
    endloop
  endfacet
  facet normal -0.9108638249211753 0.41270702980439566 0
    outer loop
      vertex 18.9349963864523 -8.707661904350402 -24.9
      vertex 18.97820725201806 -8.612293491784143 -26.4
      vertex 18.9349963864523 -8.707661904350402 -26.4
    endloop
  endfacet
  facet normal -0.9359059267573302 0.3522500479212215 0
    outer loop
      vertex 18.97820725201806 -8.612293491784143 -24.9
      vertex 19.015088207192168 -8.514303144485059 -26.4
      vertex 18.97820725201806 -8.612293491784143 -26.4
    endloop
  endfacet
  facet normal -0.9569403357322023 0.29028467725448404 0
    outer loop
      vertex 19.015088207192168 -8.514303144485059 -24.9
      vertex 19.04548132206251 -8.414110472164033 -26.4
      vertex 19.015088207192168 -8.514303144485059 -26.4
    endloop
  endfacet
  facet normal -0.9738769792773335 0.227076263034374 0
    outer loop
      vertex 19.04548132206251 -8.414110472164033 -24.9
      vertex 19.06925644864517 -8.312144515225805 -26.4
      vertex 19.04548132206251 -8.414110472164033 -26.4
    endloop
  endfacet
  facet normal -0.9866433320848786 0.16289547339459093 0
    outer loop
      vertex 19.06925644864517 -8.312144515225805 -24.9
      vertex 19.086311778198098 -8.208841907552083 -26.4
      vertex 19.06925644864517 -8.312144515225805 -26.4
    endloop
  endfacet
  facet normal -0.9951847266721981 0.09801714032954799 0
    outer loop
      vertex 19.086311778198098 -8.208841907552083 -24.9
      vertex 19.096574277181766 -8.104645006768228 -26.4
      vertex 19.086311778198098 -8.208841907552083 -26.4
    endloop
  endfacet
  facet normal -0.9994645874763652 0.03271908282178692 0
    outer loop
      vertex 19.096574277181766 -8.104645006768228 -24.9
      vertex 19.1 -8 -26.4
      vertex 19.096574277181766 -8.104645006768228 -26.4
    endloop
  endfacet
  facet normal -0.9994645874763652 -0.03271908282178664 0
    outer loop
      vertex 19.1 -8 -24.9
      vertex 19.096574277181766 -7.895354993231771 -26.4
      vertex 19.1 -8 -26.4
    endloop
  endfacet
  facet normal -0.9951847266721981 -0.09801714032954882 0
    outer loop
      vertex 19.096574277181766 -7.895354993231771 -24.9
      vertex 19.086311778198098 -7.791158092447917 -26.4
      vertex 19.096574277181766 -7.895354993231771 -26.4
    endloop
  endfacet
  facet normal -0.9866433320848786 -0.16289547339459093 0
    outer loop
      vertex 19.086311778198098 -7.791158092447917 -24.9
      vertex 19.06925644864517 -7.687855484774195 -26.4
      vertex 19.086311778198098 -7.791158092447917 -26.4
    endloop
  endfacet
  facet normal -0.9738769792773335 -0.227076263034374 0
    outer loop
      vertex 19.06925644864517 -7.687855484774195 -24.9
      vertex 19.04548132206251 -7.585889527835967 -26.4
      vertex 19.06925644864517 -7.687855484774195 -26.4
    endloop
  endfacet
  facet normal -0.9359059267573302 -0.3522500479212215 0
    outer loop
      vertex 19.015088207192168 -7.4856968555149415 -24.9
      vertex 18.97820725201806 -7.387706508215857 -26.4
      vertex 19.015088207192168 -7.4856968555149415 -26.4
    endloop
  endfacet
  facet normal -0.9108638249211753 -0.41270702980439566 0
    outer loop
      vertex 18.97820725201806 -7.387706508215857 -24.9
      vertex 18.9349963864523 -7.292338095649598 -26.4
      vertex 18.97820725201806 -7.387706508215857 -26.4
    endloop
  endfacet
  facet normal -0.8819212643483524 -0.4713967368260025 0
    outer loop
      vertex 18.9349963864523 -7.292338095649598 -24.9
      vertex 18.8856406460551 -7.2 -26.4
      vertex 18.9349963864523 -7.292338095649598 -26.4
    endloop
  endfacet
  facet normal -0.8492021815265758 -0.5280678506503732 0
    outer loop
      vertex 18.8856406460551 -7.2 -24.9
      vertex 18.83035137968407 -7.1110876271686365 -26.4
      vertex 18.8856406460551 -7.2 -26.4
    endloop
  endfacet
  facet normal -0.8128466845916131 -0.582477696867805 0
    outer loop
      vertex 18.83035137968407 -7.1110876271686365 -24.9
      vertex 18.769365344465974 -7.025981713586047 -26.4
      vertex 18.83035137968407 -7.1110876271686365 -26.4
    endloop
  endfacet
  facet normal -0.41270702980439566 -0.9108638249211753 0
    outer loop
      vertex 18.207661904350402 -6.565003613547699 -24.9
      vertex 18.112293491784143 -6.521792747981941 -26.4
      vertex 18.207661904350402 -6.565003613547699 -26.4
    endloop
  endfacet
  facet normal -0.47139673682599903 -0.8819212643483543 0
    outer loop
      vertex 18.3 -6.614359353944899 -24.9
      vertex 18.207661904350402 -6.565003613547699 -26.4
      vertex 18.3 -6.614359353944899 -26.4
    endloop
  endfacet
  facet normal -0.5280678506503647 -0.8492021815265809 0
    outer loop
      vertex 18.388912372831363 -6.669648620315927 -24.9
      vertex 18.3 -6.614359353944899 -26.4
      vertex 18.388912372831363 -6.669648620315927 -26.4
    endloop
  endfacet
  facet normal -0.5824776968678131 -0.8128466845916075 0
    outer loop
      vertex 18.47401828641395 -6.730634655534024 -24.9
      vertex 18.388912372831363 -6.669648620315927 -26.4
      vertex 18.47401828641395 -6.730634655534024 -26.4
    endloop
  endfacet
  facet normal -0.6343932841636268 -0.7730104533627522 0
    outer loop
      vertex 18.55495330416011 -6.7970563080336355 -24.9
      vertex 18.47401828641395 -6.730634655534024 -26.4
      vertex 18.55495330416011 -6.7970563080336355 -26.4
    endloop
  endfacet
  facet normal -0.7730104533627468 -0.6343932841636333 0
    outer loop
      vertex 18.769365344465974 -7.025981713586047 -24.9
      vertex 18.702943691966365 -6.94504669583989 -26.4
      vertex 18.769365344465974 -7.025981713586047 -26.4
    endloop
  endfacet
  facet normal -0.7298640726978424 -0.6835923020228641 0
    outer loop
      vertex 18.702943691966365 -6.94504669583989 -24.9
      vertex 18.631370849898477 -6.8686291501015235 -26.4
      vertex 18.702943691966365 -6.94504669583989 -26.4
    endloop
  endfacet
  facet normal -0.6835923020228728 -0.7298640726978342 0
    outer loop
      vertex 18.631370849898477 -6.8686291501015235 -24.9
      vertex 18.55495330416011 -6.7970563080336355 -26.4
      vertex 18.631370849898477 -6.8686291501015235 -26.4
    endloop
  endfacet
  facet normal -0.9569403357322023 -0.29028467725448404 0
    outer loop
      vertex 19.04548132206251 -7.585889527835967 -24.9
      vertex 19.015088207192168 -7.4856968555149415 -26.4
      vertex 19.04548132206251 -7.585889527835967 -26.4
    endloop
  endfacet
  facet normal 0.3522500479212364 -0.9359059267573246 0
    outer loop
      vertex 16.98569685551494 -6.48491179280783 -24.9
      vertex 16.887706508215857 -6.521792747981941 -26.4
      vertex 16.98569685551494 -6.48491179280783 -26.4
    endloop
  endfacet
  facet normal 0.2902846772544607 -0.9569403357322094 0
    outer loop
      vertex 17.085889527835967 -6.45451867793749 -24.9
      vertex 16.98569685551494 -6.48491179280783 -26.4
      vertex 17.085889527835967 -6.45451867793749 -26.4
    endloop
  endfacet
  facet normal 0.2270762630343697 -0.9738769792773344 0
    outer loop
      vertex 17.187855484774193 -6.430743551354832 -24.9
      vertex 17.085889527835967 -6.45451867793749 -26.4
      vertex 17.187855484774193 -6.430743551354832 -26.4
    endloop
  endfacet
  facet normal 0.16289547339458546 -0.9866433320848794 0
    outer loop
      vertex 17.29115809244792 -6.413688221801904 -24.9
      vertex 17.187855484774193 -6.430743551354832 -26.4
      vertex 17.29115809244792 -6.413688221801904 -26.4
    endloop
  endfacet
  facet normal 0.0980171403295681 -0.995184726672196 0
    outer loop
      vertex 17.39535499323177 -6.403425722818234 -24.9
      vertex 17.29115809244792 -6.413688221801904 -26.4
      vertex 17.39535499323177 -6.403425722818234 -26.4
    endloop
  endfacet
  facet normal 0.03271908282176942 -0.9994645874763659 0
    outer loop
      vertex 17.5 -6.4 -24.9
      vertex 17.39535499323177 -6.403425722818234 -26.4
      vertex 17.5 -6.4 -26.4
    endloop
  endfacet
  facet normal -0.03271908282176942 -0.9994645874763659 0
    outer loop
      vertex 17.60464500676823 -6.403425722818234 -24.9
      vertex 17.5 -6.4 -26.4
      vertex 17.60464500676823 -6.403425722818234 -26.4
    endloop
  endfacet
  facet normal -0.0980171403295681 -0.995184726672196 0
    outer loop
      vertex 17.70884190755208 -6.413688221801904 -24.9
      vertex 17.60464500676823 -6.403425722818234 -26.4
      vertex 17.70884190755208 -6.413688221801904 -26.4
    endloop
  endfacet
  facet normal -0.16289547339458546 -0.9866433320848794 0
    outer loop
      vertex 17.812144515225807 -6.430743551354832 -24.9
      vertex 17.70884190755208 -6.413688221801904 -26.4
      vertex 17.812144515225807 -6.430743551354832 -26.4
    endloop
  endfacet
  facet normal -0.2270762630343697 -0.9738769792773344 0
    outer loop
      vertex 17.914110472164033 -6.45451867793749 -24.9
      vertex 17.812144515225807 -6.430743551354832 -26.4
      vertex 17.914110472164033 -6.45451867793749 -26.4
    endloop
  endfacet
  facet normal -0.2902846772544607 -0.9569403357322094 0
    outer loop
      vertex 18.01430314448506 -6.48491179280783 -24.9
      vertex 17.914110472164033 -6.45451867793749 -26.4
      vertex 18.01430314448506 -6.48491179280783 -26.4
    endloop
  endfacet
  facet normal 0.7730104533627468 0.6343932841636333 -1.7430372576072286e-18
    outer loop
      vertex 16.230634655534026 -8.974018286413953 -24.9
      vertex 16.297056308033635 -9.05495330416011 -24.9
      vertex 16.297056308033635 -9.05495330416011 -26.4
    endloop
  endfacet
  facet normal 0.8128466845916131 0.582477696867805 0
    outer loop
      vertex 16.230634655534026 -8.974018286413953 -24.9
      vertex 16.230634655534026 -8.974018286413953 -26.4
      vertex 16.16964862031593 -8.888912372831363 -24.9
    endloop
  endfacet
  facet normal 0.8492021815265732 0.5280678506503769 -3.350884824178345e-19
    outer loop
      vertex 16.1143593539449 -8.8 -24.9
      vertex 16.16964862031593 -8.888912372831363 -24.9
      vertex 16.16964862031593 -8.888912372831363 -26.4
    endloop
  endfacet
  facet normal 0.8819212643483543 0.47139673682599903 0
    outer loop
      vertex 16.1143593539449 -8.8 -24.9
      vertex 16.1143593539449 -8.8 -26.4
      vertex 16.0650036135477 -8.707661904350402 -24.9
    endloop
  endfacet
  facet normal 0.47139673682599903 0.8819212643483543 0
    outer loop
      vertex 16.792338095649598 -9.434996386452301 -24.9
      vertex 16.792338095649598 -9.434996386452301 -26.4
      vertex 16.7 -9.385640646055101 -24.9
    endloop
  endfacet
  facet normal 0.5280678506503647 0.8492021815265809 1.7598732745461344e-19
    outer loop
      vertex 16.611087627168637 -9.330351379684073 -24.9
      vertex 16.7 -9.385640646055101 -24.9
      vertex 16.7 -9.385640646055101 -26.4
    endloop
  endfacet
  facet normal 0.41270702980439566 0.9108638249211753 8.059954068888471e-19
    outer loop
      vertex 16.792338095649598 -9.434996386452301 -24.9
      vertex 16.887706508215857 -9.47820725201806 -24.9
      vertex 16.887706508215857 -9.47820725201806 -26.4
    endloop
  endfacet
  facet normal 0.3522500479212364 0.9359059267573246 0
    outer loop
      vertex 16.98569685551494 -9.51508820719217 -24.9
      vertex 16.98569685551494 -9.51508820719217 -26.4
      vertex 16.887706508215857 -9.47820725201806 -24.9
    endloop
  endfacet
  facet normal 0.29028467725445295 0.9569403357322117 1.1782602389575502e-18
    outer loop
      vertex 16.98569685551494 -9.51508820719217 -24.9
      vertex 17.085889527835967 -9.545481322062509 -24.9
      vertex 17.085889527835967 -9.545481322062509 -26.4
    endloop
  endfacet
  facet normal 0.22707626303437775 0.9738769792773325 9.668938286016309e-19
    outer loop
      vertex 17.085889527835967 -9.545481322062509 -24.9
      vertex 17.187855484774193 -9.569256448645168 -24.9
      vertex 17.187855484774193 -9.569256448645168 -26.4
    endloop
  endfacet
  facet normal 0.6835923020228775 0.7298640726978299 0
    outer loop
      vertex 16.44504669583989 -9.202943691966365 -24.9
      vertex 16.44504669583989 -9.202943691966365 -26.4
      vertex 16.368629150101523 -9.131370849898476 -24.9
    endloop
  endfacet
  facet normal 0.6343932841636268 0.7730104533627522 -7.379184487665846e-19
    outer loop
      vertex 16.44504669583989 -9.202943691966365 -24.9
      vertex 16.52598171358605 -9.269365344465976 -24.9
      vertex 16.52598171358605 -9.269365344465976 -26.4
    endloop
  endfacet
  facet normal 0.7298640726978384 0.6835923020228684 -4.714536531122299e-19
    outer loop
      vertex 16.297056308033635 -9.05495330416011 -24.9
      vertex 16.368629150101523 -9.131370849898476 -24.9
      vertex 16.368629150101523 -9.131370849898476 -26.4
    endloop
  endfacet
  facet normal 0.5824776968678131 0.8128466845916075 0
    outer loop
      vertex 16.611087627168637 -9.330351379684073 -24.9
      vertex 16.611087627168637 -9.330351379684073 -26.4
      vertex 16.52598171358605 -9.269365344465976 -24.9
    endloop
  endfacet
  facet normal 0.03271908282176942 0.9994645874763659 8.906584296778667e-20
    outer loop
      vertex 17.39535499323177 -9.596574277181766 -24.9
      vertex 17.5 -9.6 -24.9
      vertex 17.5 -9.6 -26.4
    endloop
  endfacet
  facet normal -0.03271908282176942 0.9994645874763659 -8.906584296778667e-20
    outer loop
      vertex 17.5 -9.6 -24.9
      vertex 17.60464500676823 -9.596574277181766 -24.9
      vertex 17.60464500676823 -9.596574277181766 -26.4
    endloop
  endfacet
  facet normal 0.16289547339458546 0.9866433320848794 -2.8706565340682985e-19
    outer loop
      vertex 17.187855484774193 -9.569256448645168 -24.9
      vertex 17.29115809244792 -9.586311778198096 -24.9
      vertex 17.29115809244792 -9.586311778198096 -26.4
    endloop
  endfacet
  facet normal 0.0980171403295681 0.995184726672196 5.04452812570755e-19
    outer loop
      vertex 17.29115809244792 -9.586311778198096 -24.9
      vertex 17.39535499323177 -9.596574277181766 -24.9
      vertex 17.39535499323177 -9.596574277181766 -26.4
    endloop
  endfacet
  facet normal -0.0980171403295681 0.995184726672196 -5.04452812570755e-19
    outer loop
      vertex 17.60464500676823 -9.596574277181766 -24.9
      vertex 17.70884190755208 -9.586311778198096 -24.9
      vertex 17.70884190755208 -9.586311778198096 -26.4
    endloop
  endfacet
  facet normal -0.16289547339458546 0.9866433320848794 2.8706565340682985e-19
    outer loop
      vertex 17.70884190755208 -9.586311778198096 -24.9
      vertex 17.812144515225807 -9.569256448645168 -24.9
      vertex 17.812144515225807 -9.569256448645168 -26.4
    endloop
  endfacet
  facet normal -0.22707626303437775 0.9738769792773325 -9.668938286016309e-19
    outer loop
      vertex 17.812144515225807 -9.569256448645168 -24.9
      vertex 17.914110472164033 -9.545481322062509 -24.9
      vertex 17.914110472164033 -9.545481322062509 -26.4
    endloop
  endfacet
  facet normal -0.29028467725445295 0.9569403357322117 -1.1782602389575502e-18
    outer loop
      vertex 17.914110472164033 -9.545481322062509 -24.9
      vertex 18.01430314448506 -9.51508820719217 -24.9
      vertex 18.01430314448506 -9.51508820719217 -26.4
    endloop
  endfacet
  facet normal -0.3522500479212364 0.9359059267573246 9.364293178132362e-19
    outer loop
      vertex 18.01430314448506 -9.51508820719217 -24.9
      vertex 18.112293491784143 -9.47820725201806 -24.9
      vertex 18.112293491784143 -9.47820725201806 -26.4
    endloop
  endfacet
  facet normal 0.9108638249211753 0.41270702980439566 8.059954068888471e-19
    outer loop
      vertex 16.02179274798194 -8.612293491784143 -24.9
      vertex 16.0650036135477 -8.707661904350402 -24.9
      vertex 16.0650036135477 -8.707661904350402 -26.4
    endloop
  endfacet
  facet normal 0.9359059267573246 0.3522500479212364 0
    outer loop
      vertex 16.02179274798194 -8.612293491784143 -24.9
      vertex 16.02179274798194 -8.612293491784143 -26.4
      vertex 15.98491179280783 -8.514303144485059 -24.9
    endloop
  endfacet
  facet normal 0.9569403357322117 0.29028467725445295 0
    outer loop
      vertex 15.98491179280783 -8.514303144485059 -24.9
      vertex 15.98491179280783 -8.514303144485059 -26.4
      vertex 15.954518677937491 -8.414110472164033 -24.9
    endloop
  endfacet
  facet normal 0.9738769792773335 0.227076263034374 0
    outer loop
      vertex 15.954518677937491 -8.414110472164033 -24.9
      vertex 15.954518677937491 -8.414110472164033 -26.4
      vertex 15.930743551354832 -8.312144515225805 -24.9
    endloop
  endfacet
  facet normal 0.9866433320848786 0.16289547339459093 0
    outer loop
      vertex 15.930743551354832 -8.312144515225805 -24.9
      vertex 15.930743551354832 -8.312144515225805 -26.4
      vertex 15.913688221801904 -8.208841907552083 -24.9
    endloop
  endfacet
  facet normal 0.9951847266721964 0.09801714032956478 0
    outer loop
      vertex 15.913688221801904 -8.208841907552083 -24.9
      vertex 15.913688221801904 -8.208841907552083 -26.4
      vertex 15.903425722818234 -8.104645006768228 -24.9
    endloop
  endfacet
  facet normal 0.9994645874763658 0.032719082821769975 0
    outer loop
      vertex 15.903425722818234 -8.104645006768228 -24.9
      vertex 15.903425722818234 -8.104645006768228 -26.4
      vertex 15.9 -8 -24.9
    endloop
  endfacet
  facet normal 0.9994645874763659 -0.0327190828217697 0
    outer loop
      vertex 15.9 -8 -24.9
      vertex 15.9 -8 -26.4
      vertex 15.903425722818234 -7.895354993231771 -24.9
    endloop
  endfacet
  facet normal 0.9951847266721964 -0.09801714032956561 0
    outer loop
      vertex 15.903425722818234 -7.895354993231771 -24.9
      vertex 15.903425722818234 -7.895354993231771 -26.4
      vertex 15.913688221801904 -7.791158092447917 -24.9
    endloop
  endfacet
  facet normal 0.9866433320848786 -0.16289547339459093 0
    outer loop
      vertex 15.913688221801904 -7.791158092447917 -24.9
      vertex 15.913688221801904 -7.791158092447917 -26.4
      vertex 15.930743551354832 -7.687855484774195 -24.9
    endloop
  endfacet
  facet normal 0.9738769792773335 -0.227076263034374 0
    outer loop
      vertex 15.930743551354832 -7.687855484774195 -24.9
      vertex 15.930743551354832 -7.687855484774195 -26.4
      vertex 15.954518677937491 -7.585889527835967 -24.9
    endloop
  endfacet
  facet normal 0.9569403357322117 -0.29028467725445295 0
    outer loop
      vertex 15.954518677937491 -7.585889527835967 -24.9
      vertex 15.954518677937491 -7.585889527835967 -26.4
      vertex 15.98491179280783 -7.4856968555149415 -24.9
    endloop
  endfacet
  facet normal 0.9359059267573246 -0.3522500479212364 0
    outer loop
      vertex 15.98491179280783 -7.4856968555149415 -24.9
      vertex 15.98491179280783 -7.4856968555149415 -26.4
      vertex 16.02179274798194 -7.387706508215857 -24.9
    endloop
  endfacet
  facet normal 0.9108638249211753 -0.41270702980439566 0
    outer loop
      vertex 16.02179274798194 -7.387706508215857 -24.9
      vertex 16.02179274798194 -7.387706508215857 -26.4
      vertex 16.0650036135477 -7.292338095649598 -24.9
    endloop
  endfacet
  facet normal 0.8819212643483524 -0.4713967368260025 0
    outer loop
      vertex 16.0650036135477 -7.292338095649598 -24.9
      vertex 16.0650036135477 -7.292338095649598 -26.4
      vertex 16.1143593539449 -7.2 -24.9
    endloop
  endfacet
  facet normal 0.8492021815265758 -0.5280678506503732 0
    outer loop
      vertex 16.1143593539449 -7.2 -24.9
      vertex 16.1143593539449 -7.2 -26.4
      vertex 16.16964862031593 -7.1110876271686365 -24.9
    endloop
  endfacet
  facet normal 0.8128466845916131 -0.582477696867805 0
    outer loop
      vertex 16.16964862031593 -7.1110876271686365 -24.9
      vertex 16.16964862031593 -7.1110876271686365 -26.4
      vertex 16.230634655534026 -7.025981713586047 -24.9
    endloop
  endfacet
  facet normal 0.7730104533627468 -0.6343932841636333 0
    outer loop
      vertex 16.230634655534026 -7.025981713586047 -24.9
      vertex 16.230634655534026 -7.025981713586047 -26.4
      vertex 16.297056308033635 -6.94504669583989 -24.9
    endloop
  endfacet
  facet normal 0.7298640726978424 -0.6835923020228641 0
    outer loop
      vertex 16.297056308033635 -6.94504669583989 -24.9
      vertex 16.297056308033635 -6.94504669583989 -26.4
      vertex 16.368629150101523 -6.8686291501015235 -24.9
    endloop
  endfacet
  facet normal 0.6835923020228728 -0.7298640726978342 0
    outer loop
      vertex 16.368629150101523 -6.8686291501015235 -24.9
      vertex 16.368629150101523 -6.8686291501015235 -26.4
      vertex 16.44504669583989 -6.7970563080336355 -24.9
    endloop
  endfacet
  facet normal 0.6343932841636268 -0.7730104533627522 0
    outer loop
      vertex 16.44504669583989 -6.7970563080336355 -24.9
      vertex 16.44504669583989 -6.7970563080336355 -26.4
      vertex 16.52598171358605 -6.730634655534024 -24.9
    endloop
  endfacet
  facet normal 0.5824776968678131 -0.8128466845916075 0
    outer loop
      vertex 16.52598171358605 -6.730634655534024 -24.9
      vertex 16.52598171358605 -6.730634655534024 -26.4
      vertex 16.611087627168637 -6.669648620315927 -24.9
    endloop
  endfacet
  facet normal 0.5280678506503647 -0.8492021815265809 0
    outer loop
      vertex 16.611087627168637 -6.669648620315927 -24.9
      vertex 16.611087627168637 -6.669648620315927 -26.4
      vertex 16.7 -6.614359353944899 -24.9
    endloop
  endfacet
  facet normal 0.47139673682599903 -0.8819212643483543 0
    outer loop
      vertex 16.7 -6.614359353944899 -24.9
      vertex 16.7 -6.614359353944899 -26.4
      vertex 16.792338095649598 -6.565003613547699 -24.9
    endloop
  endfacet
  facet normal 0.41270702980439566 -0.9108638249211753 0
    outer loop
      vertex 16.792338095649598 -6.565003613547699 -24.9
      vertex 16.792338095649598 -6.565003613547699 -26.4
      vertex 16.887706508215857 -6.521792747981941 -24.9
    endloop
  endfacet
  facet normal 0.3522500479212364 -0.9359059267573246 0
    outer loop
      vertex 16.887706508215857 -6.521792747981941 -24.9
      vertex 16.887706508215857 -6.521792747981941 -26.4
      vertex 16.98569685551494 -6.48491179280783 -24.9
    endloop
  endfacet
  facet normal -0.41270702980439566 0.9108638249211753 -8.059954068888471e-19
    outer loop
      vertex 18.112293491784143 -9.47820725201806 -24.9
      vertex 18.207661904350402 -9.434996386452301 -24.9
      vertex 18.207661904350402 -9.434996386452301 -26.4
    endloop
  endfacet
  facet normal -0.47139673682599903 0.8819212643483543 1.871551873248366e-18
    outer loop
      vertex 18.207661904350402 -9.434996386452301 -24.9
      vertex 18.3 -9.385640646055101 -24.9
      vertex 18.3 -9.385640646055101 -26.4
    endloop
  endfacet
  facet normal -0.5280678506503647 0.8492021815265809 -1.7598732745461344e-19
    outer loop
      vertex 18.3 -9.385640646055101 -24.9
      vertex 18.388912372831363 -9.330351379684073 -24.9
      vertex 18.388912372831363 -9.330351379684073 -26.4
    endloop
  endfacet
  facet normal -0.5824776968678131 0.8128466845916075 3.2111188272525793e-19
    outer loop
      vertex 18.388912372831363 -9.330351379684073 -24.9
      vertex 18.47401828641395 -9.269365344465976 -24.9
      vertex 18.47401828641395 -9.269365344465976 -26.4
    endloop
  endfacet
  facet normal -0.6343932841636268 0.7730104533627522 7.379184487665846e-19
    outer loop
      vertex 18.47401828641395 -9.269365344465976 -24.9
      vertex 18.55495330416011 -9.202943691966365 -24.9
      vertex 18.55495330416011 -9.202943691966365 -26.4
    endloop
  endfacet
  facet normal -0.6835923020228775 0.7298640726978299 -2.2726307649379696e-18
    outer loop
      vertex 18.55495330416011 -9.202943691966365 -24.9
      vertex 18.631370849898477 -9.131370849898476 -24.9
      vertex 18.631370849898477 -9.131370849898476 -26.4
    endloop
  endfacet
  facet normal -0.7298640726978384 0.6835923020228684 4.714536531122299e-19
    outer loop
      vertex 18.631370849898477 -9.131370849898476 -24.9
      vertex 18.702943691966365 -9.05495330416011 -24.9
      vertex 18.702943691966365 -9.05495330416011 -26.4
    endloop
  endfacet
  facet normal -0.7730104533627468 0.6343932841636333 1.7430372576072286e-18
    outer loop
      vertex 18.702943691966365 -9.05495330416011 -24.9
      vertex 18.769365344465974 -8.974018286413953 -24.9
      vertex 18.769365344465974 -8.974018286413953 -26.4
    endloop
  endfacet
  facet normal -0.8128466845916131 0.582477696867805 -2.344792882285011e-19
    outer loop
      vertex 18.769365344465974 -8.974018286413953 -24.9
      vertex 18.83035137968407 -8.888912372831363 -24.9
      vertex 18.83035137968407 -8.888912372831363 -26.4
    endloop
  endfacet
  facet normal -0.8492021815265732 0.5280678506503769 3.350884824178345e-19
    outer loop
      vertex 18.83035137968407 -8.888912372831363 -24.9
      vertex 18.8856406460551 -8.8 -24.9
      vertex 18.8856406460551 -8.8 -26.4
    endloop
  endfacet
  facet normal -0.8819212643483543 0.47139673682599903 1.871551873248366e-18
    outer loop
      vertex 18.8856406460551 -8.8 -24.9
      vertex 18.9349963864523 -8.707661904350402 -24.9
      vertex 18.9349963864523 -8.707661904350402 -26.4
    endloop
  endfacet
  facet normal -0.9108638249211753 0.41270702980439566 -8.059954068888471e-19
    outer loop
      vertex 18.9349963864523 -8.707661904350402 -24.9
      vertex 18.97820725201806 -8.612293491784143 -24.9
      vertex 18.97820725201806 -8.612293491784143 -26.4
    endloop
  endfacet
  facet normal -0.9359059267573302 0.3522500479212215 -8.103981818209706e-20
    outer loop
      vertex 18.97820725201806 -8.612293491784143 -24.9
      vertex 19.015088207192168 -8.514303144485059 -24.9
      vertex 19.015088207192168 -8.514303144485059 -26.4
    endloop
  endfacet
  facet normal -0.9569403357322023 0.29028467725448404 9.711282455623703e-19
    outer loop
      vertex 19.015088207192168 -8.514303144485059 -24.9
      vertex 19.04548132206251 -8.414110472164033 -24.9
      vertex 19.04548132206251 -8.414110472164033 -26.4
    endloop
  endfacet
  facet normal -0.9738769792773335 0.227076263034374 9.049382534678417e-20
    outer loop
      vertex 19.04548132206251 -8.414110472164033 -24.9
      vertex 19.06925644864517 -8.312144515225805 -24.9
      vertex 19.06925644864517 -8.312144515225805 -26.4
    endloop
  endfacet
  facet normal -0.9866433320848786 0.16289547339459093 -3.1287332155477414e-19
    outer loop
      vertex 19.06925644864517 -8.312144515225805 -24.9
      vertex 19.086311778198098 -8.208841907552083 -24.9
      vertex 19.086311778198098 -8.208841907552083 -26.4
    endloop
  endfacet
  facet normal -0.9951847266721981 0.09801714032954799 2.6842204612805845e-19
    outer loop
      vertex 19.086311778198098 -8.208841907552083 -24.9
      vertex 19.096574277181766 -8.104645006768228 -24.9
      vertex 19.096574277181766 -8.104645006768228 -26.4
    endloop
  endfacet
  facet normal -0.9994645874763652 0.03271908282178692 1.7102145516141103e-19
    outer loop
      vertex 19.096574277181766 -8.104645006768228 -24.9
      vertex 19.1 -8 -24.9
      vertex 19.1 -8 -26.4
    endloop
  endfacet
  facet normal -0.9994645874763652 -0.03271908282178664 1.3030061537153018e-19
    outer loop
      vertex 19.1 -8 -24.9
      vertex 19.096574277181766 -7.895354993231771 -24.9
      vertex 19.096574277181766 -7.895354993231771 -26.4
    endloop
  endfacet
  facet normal -0.9951847266721981 -0.09801714032954882 -2.1982731210933496e-19
    outer loop
      vertex 19.096574277181766 -7.895354993231771 -24.9
      vertex 19.086311778198098 -7.791158092447917 -24.9
      vertex 19.086311778198098 -7.791158092447917 -26.4
    endloop
  endfacet
  facet normal -0.9866433320848786 -0.16289547339459093 3.1287332155477414e-19
    outer loop
      vertex 19.086311778198098 -7.791158092447917 -24.9
      vertex 19.06925644864517 -7.687855484774195 -24.9
      vertex 19.06925644864517 -7.687855484774195 -26.4
    endloop
  endfacet
  facet normal -0.9569403357322023 -0.29028467725448404 -9.711282455623703e-19
    outer loop
      vertex 19.04548132206251 -7.585889527835967 -24.9
      vertex 19.015088207192168 -7.4856968555149415 -24.9
      vertex 19.015088207192168 -7.4856968555149415 -26.4
    endloop
  endfacet
  facet normal -0.9359059267573302 -0.3522500479212215 8.103981818209706e-20
    outer loop
      vertex 19.015088207192168 -7.4856968555149415 -24.9
      vertex 18.97820725201806 -7.387706508215857 -24.9
      vertex 18.97820725201806 -7.387706508215857 -26.4
    endloop
  endfacet
  facet normal -0.8819212643483524 -0.4713967368260025 1.1122866678497176e-18
    outer loop
      vertex 18.9349963864523 -7.292338095649598 -24.9
      vertex 18.8856406460551 -7.2 -24.9
      vertex 18.8856406460551 -7.2 -26.4
    endloop
  endfacet
  facet normal -0.9108638249211753 -0.41270702980439566 8.059954068888471e-19
    outer loop
      vertex 18.97820725201806 -7.387706508215857 -24.9
      vertex 18.9349963864523 -7.292338095649598 -24.9
      vertex 18.9349963864523 -7.292338095649598 -26.4
    endloop
  endfacet
  facet normal -0.8492021815265758 -0.5280678506503732 0
    outer loop
      vertex 18.83035137968407 -7.1110876271686365 -24.9
      vertex 18.83035137968407 -7.1110876271686365 -26.4
      vertex 18.8856406460551 -7.2 -24.9
    endloop
  endfacet
  facet normal -0.41270702980439566 -0.9108638249211753 0
    outer loop
      vertex 18.112293491784143 -6.521792747981941 -24.9
      vertex 18.112293491784143 -6.521792747981941 -26.4
      vertex 18.207661904350402 -6.565003613547699 -24.9
    endloop
  endfacet
  facet normal -0.47139673682599903 -0.8819212643483543 0
    outer loop
      vertex 18.207661904350402 -6.565003613547699 -24.9
      vertex 18.207661904350402 -6.565003613547699 -26.4
      vertex 18.3 -6.614359353944899 -24.9
    endloop
  endfacet
  facet normal -0.5280678506503647 -0.8492021815265809 1.7598732745461344e-19
    outer loop
      vertex 18.388912372831363 -6.669648620315927 -24.9
      vertex 18.3 -6.614359353944899 -24.9
      vertex 18.3 -6.614359353944899 -26.4
    endloop
  endfacet
  facet normal -0.5824776968678131 -0.8128466845916075 0
    outer loop
      vertex 18.388912372831363 -6.669648620315927 -24.9
      vertex 18.388912372831363 -6.669648620315927 -26.4
      vertex 18.47401828641395 -6.730634655534024 -24.9
    endloop
  endfacet
  facet normal -0.6343932841636268 -0.7730104533627522 -7.379184487665846e-19
    outer loop
      vertex 18.55495330416011 -6.7970563080336355 -24.9
      vertex 18.47401828641395 -6.730634655534024 -24.9
      vertex 18.47401828641395 -6.730634655534024 -26.4
    endloop
  endfacet
  facet normal -0.8128466845916131 -0.582477696867805 0
    outer loop
      vertex 18.769365344465974 -7.025981713586047 -24.9
      vertex 18.769365344465974 -7.025981713586047 -26.4
      vertex 18.83035137968407 -7.1110876271686365 -24.9
    endloop
  endfacet
  facet normal -0.7730104533627468 -0.6343932841636333 -1.7430372576072286e-18
    outer loop
      vertex 18.769365344465974 -7.025981713586047 -24.9
      vertex 18.702943691966365 -6.94504669583989 -24.9
      vertex 18.702943691966365 -6.94504669583989 -26.4
    endloop
  endfacet
  facet normal -0.7298640726978424 -0.6835923020228641 0
    outer loop
      vertex 18.631370849898477 -6.8686291501015235 -24.9
      vertex 18.631370849898477 -6.8686291501015235 -26.4
      vertex 18.702943691966365 -6.94504669583989 -24.9
    endloop
  endfacet
  facet normal -0.6835923020228728 -0.7298640726978342 0
    outer loop
      vertex 18.55495330416011 -6.7970563080336355 -24.9
      vertex 18.55495330416011 -6.7970563080336355 -26.4
      vertex 18.631370849898477 -6.8686291501015235 -24.9
    endloop
  endfacet
  facet normal -0.9738769792773335 -0.227076263034374 -9.049382534678417e-20
    outer loop
      vertex 19.06925644864517 -7.687855484774195 -24.9
      vertex 19.04548132206251 -7.585889527835967 -24.9
      vertex 19.04548132206251 -7.585889527835967 -26.4
    endloop
  endfacet
  facet normal 0.2902846772544607 -0.9569403357322094 0
    outer loop
      vertex 16.98569685551494 -6.48491179280783 -24.9
      vertex 16.98569685551494 -6.48491179280783 -26.4
      vertex 17.085889527835967 -6.45451867793749 -24.9
    endloop
  endfacet
  facet normal 0.2270762630343697 -0.9738769792773344 0
    outer loop
      vertex 17.085889527835967 -6.45451867793749 -24.9
      vertex 17.085889527835967 -6.45451867793749 -26.4
      vertex 17.187855484774193 -6.430743551354832 -24.9
    endloop
  endfacet
  facet normal 0.16289547339458546 -0.9866433320848794 0
    outer loop
      vertex 17.187855484774193 -6.430743551354832 -24.9
      vertex 17.187855484774193 -6.430743551354832 -26.4
      vertex 17.29115809244792 -6.413688221801904 -24.9
    endloop
  endfacet
  facet normal 0.0980171403295681 -0.995184726672196 0
    outer loop
      vertex 17.29115809244792 -6.413688221801904 -24.9
      vertex 17.29115809244792 -6.413688221801904 -26.4
      vertex 17.39535499323177 -6.403425722818234 -24.9
    endloop
  endfacet
  facet normal 0.03271908282176942 -0.9994645874763659 0
    outer loop
      vertex 17.39535499323177 -6.403425722818234 -24.9
      vertex 17.39535499323177 -6.403425722818234 -26.4
      vertex 17.5 -6.4 -24.9
    endloop
  endfacet
  facet normal -0.03271908282176942 -0.9994645874763659 0
    outer loop
      vertex 17.5 -6.4 -24.9
      vertex 17.5 -6.4 -26.4
      vertex 17.60464500676823 -6.403425722818234 -24.9
    endloop
  endfacet
  facet normal -0.0980171403295681 -0.995184726672196 0
    outer loop
      vertex 17.60464500676823 -6.403425722818234 -24.9
      vertex 17.60464500676823 -6.403425722818234 -26.4
      vertex 17.70884190755208 -6.413688221801904 -24.9
    endloop
  endfacet
  facet normal -0.16289547339458546 -0.9866433320848794 0
    outer loop
      vertex 17.70884190755208 -6.413688221801904 -24.9
      vertex 17.70884190755208 -6.413688221801904 -26.4
      vertex 17.812144515225807 -6.430743551354832 -24.9
    endloop
  endfacet
  facet normal -0.2270762630343697 -0.9738769792773344 0
    outer loop
      vertex 17.812144515225807 -6.430743551354832 -24.9
      vertex 17.812144515225807 -6.430743551354832 -26.4
      vertex 17.914110472164033 -6.45451867793749 -24.9
    endloop
  endfacet
  facet normal -0.2902846772544607 -0.9569403357322094 0
    outer loop
      vertex 17.914110472164033 -6.45451867793749 -24.9
      vertex 17.914110472164033 -6.45451867793749 -26.4
      vertex 18.01430314448506 -6.48491179280783 -24.9
    endloop
  endfacet
  facet normal -0.3522500479212364 -0.9359059267573246 -9.364293178132362e-19
    outer loop
      vertex 18.112293491784143 -6.521792747981941 -24.9
      vertex 18.01430314448506 -6.48491179280783 -24.9
      vertex 18.01430314448506 -6.48491179280783 -26.4
    endloop
  endfacet
  facet normal 0.2928737242881521 0.6463860837322105 0.7045637035633635
    outer loop
      vertex -18.207661904350402 -9.434996386452301 -24.9
      vertex -18.866701343418452 -10.771396166881802 -23.4
      vertex -18.112293491784143 -9.47820725201806 -24.9
    endloop
  endfacet
  facet normal 0.24997098659615266 0.6641569795471722 0.7045637035633633
    outer loop
      vertex -18.112293491784143 -9.47820725201806 -24.9
      vertex -18.682517149281793 -10.854848939534875 -23.4
      vertex -18.01430314448506 -9.51508820719217 -24.9
    endloop
  endfacet
  facet normal 0.2059978347632943 0.6790838532124817 0.7045637035633634
    outer loop
      vertex -18.01430314448506 -9.51508820719217 -24.9
      vertex -18.49326923516858 -10.926076810744478 -23.4
      vertex -17.914110472164033 -9.545481322062509 -24.9
    endloop
  endfacet
  facet normal 0.5179412846358497 0.4851049508001777 0.7045637035633633
    outer loop
      vertex -18.702943691966365 -9.05495330416011 -24.9
      vertex -19.823234795825766 -10.03742223394498 -23.4
      vertex -18.631370849898477 -9.131370849898476 -24.9
    endloop
  endfacet
  facet normal 0.6026284691472008 0.37473846319050147 0.7045637035633631
    outer loop
      vertex -18.8856406460551 -8.8 -24.9
      vertex -20.17607585036966 -9.54503311258278 -23.4
      vertex -18.83035137968407 -8.888912372831363 -24.9
    endloop
  endfacet
  facet normal 0.5768291272006026 0.4133499070207561 0.7045637035633634
    outer loop
      vertex -18.769365344465974 -8.974018286413953 -24.9
      vertex -18.83035137968407 -8.888912372831363 -24.9
      vertex -20.0692961662276 -9.716748812761233 -23.4
    endloop
  endfacet
  facet normal 0.5485597143749189 0.4501913230905094 0.7045637035633641
    outer loop
      vertex -18.702943691966365 -9.05495330416011 -24.9
      vertex -18.769365344465974 -8.974018286413953 -24.9
      vertex -19.951514361456226 -9.88111313096337 -23.4
    endloop
  endfacet
  facet normal 0.6258472634717105 0.3345223317299596 0.704563703563363
    outer loop
      vertex -18.8856406460551 -8.8 -24.9
      vertex -18.9349963864523 -8.707661904350402 -24.9
      vertex -20.2713961668818 -9.36670134341845 -23.4
    endloop
  endfacet
  facet normal 0.6463860837322107 0.2928737242881522 0.7045637035633633
    outer loop
      vertex -18.9349963864523 -8.707661904350402 -24.9
      vertex -18.97820725201806 -8.612293491784143 -24.9
      vertex -20.354848939534875 -9.182517149281793 -23.4
    endloop
  endfacet
  facet normal 0.4501913230905054 0.5485597143749235 0.7045637035633631
    outer loop
      vertex -18.47401828641395 -9.269365344465976 -24.9
      vertex -18.55495330416011 -9.202943691966365 -24.9
      vertex -19.53742223394498 -10.323234795825767 -23.4
    endloop
  endfacet
  facet normal 0.3747384631904928 0.6026284691472062 0.7045637035633628
    outer loop
      vertex -18.388912372831363 -9.330351379684073 -24.9
      vertex -19.21674881276123 -10.569296166227598 -23.4
      vertex -18.3 -9.385640646055101 -24.9
    endloop
  endfacet
  facet normal 0.41334990702076163 0.5768291272005983 0.704563703563364
    outer loop
      vertex -18.47401828641395 -9.269365344465976 -24.9
      vertex -19.38111313096337 -10.451514361456226 -23.4
      vertex -18.388912372831363 -9.330351379684073 -24.9
    endloop
  endfacet
  facet normal 0.48510495080018423 0.5179412846358439 0.7045637035633631
    outer loop
      vertex -18.55495330416011 -9.202943691966365 -24.9
      vertex -18.631370849898477 -9.131370849898476 -24.9
      vertex -19.685006782130085 -10.185006782130085 -23.4
    endloop
  endfacet
  facet normal 0.3345223317299592 0.6258472634717097 0.7045637035633636
    outer loop
      vertex -18.207661904350402 -9.434996386452301 -24.9
      vertex -18.3 -9.385640646055101 -24.9
      vertex -19.045033112582782 -10.676075850369662 -23.4
    endloop
  endfacet
  facet normal 0.6790838532124752 0.20599783476331646 0.7045637035633632
    outer loop
      vertex -19.015088207192168 -8.514303144485059 -24.9
      vertex -19.04548132206251 -8.414110472164033 -24.9
      vertex -20.48477477183099 -8.799767989700902 -23.4
    endloop
  endfacet
  facet normal 0.6911027855634811 0.1611425685766327 0.7045637035633628
    outer loop
      vertex -19.04548132206251 -8.414110472164033 -24.9
      vertex -19.06925644864517 -8.312144515225805 -24.9
      vertex -20.530691469113556 -8.60284201491871 -23.4
    endloop
  endfacet
  facet normal 0.7001623096866691 0.11559726517226228 0.7045637035633631
    outer loop
      vertex -19.086311778198098 -8.208841907552083 -24.9
      vertex -20.563630280245164 -8.403334578078649 -23.4
      vertex -19.06925644864517 -8.312144515225805 -24.9
    endloop
  endfacet
  facet normal 0.6641569795471762 0.24997098659614211 0.7045637035633636
    outer loop
      vertex -18.97820725201806 -8.612293491784143 -24.9
      vertex -19.015088207192168 -8.514303144485059 -24.9
      vertex -20.426076810744476 -8.993269235168576 -23.4
    endloop
  endfacet
  facet normal 0.7062236313089064 0.06955695653159771 0.7045637035633636
    outer loop
      vertex -19.086311778198098 -8.208841907552083 -24.9
      vertex -19.096574277181766 -8.104645006768228 -24.9
      vertex -20.583450156179683 -8.202100000654204 -23.4
    endloop
  endfacet
  facet normal 0.7092607949204536 0.023218794324513792 0.704563703563363
    outer loop
      vertex -19.096574277181766 -8.104645006768228 -24.9
      vertex -19.1 -8 -24.9
      vertex -20.59006622516556 -8 -23.4
    endloop
  endfacet
  facet normal 0.7092607949204529 -0.023218794324513577 0.7045637035633635
    outer loop
      vertex -19.1 -8 -24.9
      vertex -19.096574277181766 -7.895354993231771 -24.9
      vertex -20.583450156179683 -7.7978999993457965 -23.4
    endloop
  endfacet
  facet normal 0.706223631308907 -0.06955695653159837 0.704563703563363
    outer loop
      vertex -19.096574277181766 -7.895354993231771 -24.9
      vertex -19.086311778198098 -7.791158092447917 -24.9
      vertex -20.563630280245164 -7.596665421921351 -23.4
    endloop
  endfacet
  facet normal 0.7001623096866693 -0.11559726517226229 0.7045637035633628
    outer loop
      vertex -19.086311778198098 -7.791158092447917 -24.9
      vertex -19.06925644864517 -7.687855484774195 -24.9
      vertex -20.530691469113556 -7.3971579850812885 -23.4
    endloop
  endfacet
  facet normal 0.6911027855634805 -0.16114256857663256 0.7045637035633635
    outer loop
      vertex -19.06925644864517 -7.687855484774195 -24.9
      vertex -19.04548132206251 -7.585889527835967 -24.9
      vertex -20.48477477183099 -7.200232010299098 -23.4
    endloop
  endfacet
  facet normal 0.6790838532124748 -0.20599783476331632 0.7045637035633636
    outer loop
      vertex -19.04548132206251 -7.585889527835967 -24.9
      vertex -19.015088207192168 -7.4856968555149415 -24.9
      vertex -20.426076810744476 -7.006730764831423 -23.4
    endloop
  endfacet
  facet normal 0.6641569795471763 -0.24997098659614217 0.7045637035633633
    outer loop
      vertex -19.015088207192168 -7.4856968555149415 -24.9
      vertex -18.97820725201806 -7.387706508215857 -24.9
      vertex -20.354848939534875 -6.817482850718206 -23.4
    endloop
  endfacet
  facet normal 0.6463860837322111 -0.2928737242881524 0.7045637035633628
    outer loop
      vertex -18.97820725201806 -7.387706508215857 -24.9
      vertex -18.9349963864523 -7.292338095649598 -24.9
      vertex -20.2713961668818 -6.633298656581551 -23.4
    endloop
  endfacet
  facet normal 0.6258472634717087 -0.3345223317299619 0.7045637035633633
    outer loop
      vertex -18.9349963864523 -7.292338095649598 -24.9
      vertex -18.8856406460551 -7.2 -24.9
      vertex -20.17607585036966 -6.4549668874172195 -23.4
    endloop
  endfacet
  facet normal 0.6026284691472018 -0.37473846319049836 0.7045637035633637
    outer loop
      vertex -18.8856406460551 -7.2 -24.9
      vertex -18.83035137968407 -7.1110876271686365 -24.9
      vertex -20.0692961662276 -6.283251187238766 -23.4
    endloop
  endfacet
  facet normal 0.5768291272006023 -0.4133499070207559 0.7045637035633638
    outer loop
      vertex -18.83035137968407 -7.1110876271686365 -24.9
      vertex -18.769365344465974 -7.025981713586047 -24.9
      vertex -19.951514361456226 -6.118886869036629 -23.4
    endloop
  endfacet
  facet normal 0.5485597143749198 -0.4501913230905101 0.7045637035633628
    outer loop
      vertex -18.769365344465974 -7.025981713586047 -24.9
      vertex -18.702943691966365 -6.94504669583989 -24.9
      vertex -19.823234795825766 -5.962577766055021 -23.4
    endloop
  endfacet
  facet normal 0.5179412846358529 -0.485104950800175 0.7045637035633628
    outer loop
      vertex -18.702943691966365 -6.94504669583989 -24.9
      vertex -18.631370849898477 -6.8686291501015235 -24.9
      vertex -19.685006782130085 -5.814993217869914 -23.4
    endloop
  endfacet
  facet normal 0.16114256857663525 0.69110278556348 0.7045637035633634
    outer loop
      vertex -17.914110472164033 -9.545481322062509 -24.9
      vertex -18.2997679897009 -10.984774771830986 -23.4
      vertex -17.812144515225807 -9.569256448645168 -24.9
    endloop
  endfacet
  facet normal 0.11559726517225831 0.7001623096866691 0.7045637035633637
    outer loop
      vertex -17.812144515225807 -9.569256448645168 -24.9
      vertex -18.102842014918714 -11.030691469113558 -23.4
      vertex -17.70884190755208 -9.586311778198096 -24.9
    endloop
  endfacet
  facet normal 0.06955695653161198 0.706223631308905 0.7045637035633636
    outer loop
      vertex -17.70884190755208 -9.586311778198096 -24.9
      vertex -17.90333457807865 -11.063630280245164 -23.4
      vertex -17.60464500676823 -9.596574277181766 -24.9
    endloop
  endfacet
  facet normal 0.02321879432450137 0.709260794920454 0.7045637035633628
    outer loop
      vertex -17.60464500676823 -9.596574277181766 -24.9
      vertex -17.7021000006542 -11.083450156179682 -23.4
      vertex -17.5 -9.6 -24.9
    endloop
  endfacet
  facet normal -0.02321879432450135 0.7092607949204534 0.7045637035633635
    outer loop
      vertex -17.5 -9.6 -24.9
      vertex -17.5 -11.090066225165561 -23.4
      vertex -17.39535499323177 -9.596574277181766 -24.9
    endloop
  endfacet
  facet normal -0.06955695653161208 0.7062236313089059 0.7045637035633628
    outer loop
      vertex -17.39535499323177 -9.596574277181766 -24.9
      vertex -17.2978999993458 -11.083450156179682 -23.4
      vertex -17.29115809244792 -9.586311778198096 -24.9
    endloop
  endfacet
  facet normal -0.11559726517225832 0.7001623096866693 0.7045637035633636
    outer loop
      vertex -17.29115809244792 -9.586311778198096 -24.9
      vertex -17.09666542192135 -11.063630280245164 -23.4
      vertex -17.187855484774193 -9.569256448645168 -24.9
    endloop
  endfacet
  facet normal -0.16114256857663517 0.6911027855634796 0.7045637035633637
    outer loop
      vertex -17.187855484774193 -9.569256448645168 -24.9
      vertex -16.897157985081286 -11.030691469113558 -23.4
      vertex -17.085889527835967 -9.545481322062509 -24.9
    endloop
  endfacet
  facet normal -0.20599783476329434 0.6790838532124818 0.7045637035633634
    outer loop
      vertex -17.085889527835967 -9.545481322062509 -24.9
      vertex -16.7002320102991 -10.984774771830986 -23.4
      vertex -16.98569685551494 -9.51508820719217 -24.9
    endloop
  endfacet
  facet normal -0.24997098659615263 0.6641569795471722 0.7045637035633636
    outer loop
      vertex -16.98569685551494 -9.51508820719217 -24.9
      vertex -16.50673076483142 -10.926076810744478 -23.4
      vertex -16.887706508215857 -9.47820725201806 -24.9
    endloop
  endfacet
  facet normal -0.2928737242881522 0.6463860837322107 0.7045637035633634
    outer loop
      vertex -16.887706508215857 -9.47820725201806 -24.9
      vertex -16.317482850718207 -10.854848939534875 -23.4
      vertex -16.792338095649598 -9.434996386452301 -24.9
    endloop
  endfacet
  facet normal -0.3345223317299593 0.6258472634717099 0.7045637035633635
    outer loop
      vertex -16.792338095649598 -9.434996386452301 -24.9
      vertex -16.133298656581548 -10.771396166881802 -23.4
      vertex -16.7 -9.385640646055101 -24.9
    endloop
  endfacet
  facet normal -0.3747384631904925 0.6026284691472057 0.7045637035633635
    outer loop
      vertex -16.7 -9.385640646055101 -24.9
      vertex -15.95496688741722 -10.676075850369662 -23.4
      vertex -16.611087627168637 -9.330351379684073 -24.9
    endloop
  endfacet
  facet normal -0.41334990702076213 0.576829127200599 0.7045637035633632
    outer loop
      vertex -16.611087627168637 -9.330351379684073 -24.9
      vertex -15.783251187238767 -10.569296166227598 -23.4
      vertex -16.52598171358605 -9.269365344465976 -24.9
    endloop
  endfacet
  facet normal -0.4501913230905048 0.5485597143749228 0.7045637035633641
    outer loop
      vertex -16.52598171358605 -9.269365344465976 -24.9
      vertex -15.61888686903663 -10.451514361456226 -23.4
      vertex -16.44504669583989 -9.202943691966365 -24.9
    endloop
  endfacet
  facet normal -0.4851049508001842 0.5179412846358438 0.7045637035633633
    outer loop
      vertex -16.44504669583989 -9.202943691966365 -24.9
      vertex -15.46257776605502 -10.323234795825767 -23.4
      vertex -16.368629150101523 -9.131370849898476 -24.9
    endloop
  endfacet
  facet normal -0.51794128463585 0.48510495080017796 0.704563703563363
    outer loop
      vertex -16.368629150101523 -9.131370849898476 -24.9
      vertex -15.314993217869915 -10.185006782130085 -23.4
      vertex -16.297056308033635 -9.05495330416011 -24.9
    endloop
  endfacet
  facet normal -0.5485597143749193 0.45019132309050974 0.7045637035633634
    outer loop
      vertex -16.297056308033635 -9.05495330416011 -24.9
      vertex -15.176765204174233 -10.03742223394498 -23.4
      vertex -16.230634655534026 -8.974018286413953 -24.9
    endloop
  endfacet
  facet normal -0.5768291272006023 0.4133499070207559 0.7045637035633638
    outer loop
      vertex -16.230634655534026 -8.974018286413953 -24.9
      vertex -15.048485638543774 -9.88111313096337 -23.4
      vertex -16.16964862031593 -8.888912372831363 -24.9
    endloop
  endfacet
  facet normal -0.6026284691472003 0.3747384631905011 0.7045637035633637
    outer loop
      vertex -16.16964862031593 -8.888912372831363 -24.9
      vertex -14.930703833772402 -9.716748812761233 -23.4
      vertex -16.1143593539449 -8.8 -24.9
    endloop
  endfacet
  facet normal -0.6258472634717099 0.3345223317299593 0.7045637035633635
    outer loop
      vertex -16.1143593539449 -8.8 -24.9
      vertex -14.823924149630338 -9.54503311258278 -23.4
      vertex -16.0650036135477 -8.707661904350402 -24.9
    endloop
  endfacet
  facet normal -0.6463860837322107 0.2928737242881522 0.7045637035633634
    outer loop
      vertex -16.0650036135477 -8.707661904350402 -24.9
      vertex -14.728603833118198 -9.36670134341845 -23.4
      vertex -16.02179274798194 -8.612293491784143 -24.9
    endloop
  endfacet
  facet normal -0.6641569795471722 0.24997098659615266 0.7045637035633633
    outer loop
      vertex -16.02179274798194 -8.612293491784143 -24.9
      vertex -14.645151060465125 -9.182517149281793 -23.4
      vertex -15.98491179280783 -8.514303144485059 -24.9
    endloop
  endfacet
  facet normal -0.679083853212482 0.20599783476329442 0.7045637035633633
    outer loop
      vertex -15.98491179280783 -8.514303144485059 -24.9
      vertex -14.573923189255522 -8.993269235168576 -23.4
      vertex -15.954518677937491 -8.414110472164033 -24.9
    endloop
  endfacet
  facet normal -0.6911027855634806 0.1611425685766326 0.7045637035633634
    outer loop
      vertex -15.954518677937491 -8.414110472164033 -24.9
      vertex -14.515225228169014 -8.799767989700902 -23.4
      vertex -15.930743551354832 -8.312144515225805 -24.9
    endloop
  endfacet
  facet normal -0.7001623096866685 0.11559726517226215 0.7045637035633637
    outer loop
      vertex -15.930743551354832 -8.312144515225805 -24.9
      vertex -14.469308530886442 -8.60284201491871 -23.4
      vertex -15.913688221801904 -8.208841907552083 -24.9
    endloop
  endfacet
  facet normal -0.7062236313089053 0.06955695653160965 0.7045637035633636
    outer loop
      vertex -15.913688221801904 -8.208841907552083 -24.9
      vertex -14.436369719754836 -8.403334578078649 -23.4
      vertex -15.903425722818234 -8.104645006768228 -24.9
    endloop
  endfacet
  facet normal -0.7092607949204539 0.023218794324501767 0.7045637035633628
    outer loop
      vertex -15.903425722818234 -8.104645006768228 -24.9
      vertex -14.416549843820318 -8.202100000654204 -23.4
      vertex -15.9 -8 -24.9
    endloop
  endfacet
  facet normal -0.7062236313089059 -0.06955695653161029 0.704563703563363
    outer loop
      vertex -15.903425722818234 -7.895354993231771 -24.9
      vertex -14.416549843820318 -7.7978999993457965 -23.4
      vertex -15.913688221801904 -7.791158092447917 -24.9
    endloop
  endfacet
  facet normal -0.7001623096866687 -0.11559726517226221 0.7045637035633635
    outer loop
      vertex -15.913688221801904 -7.791158092447917 -24.9
      vertex -14.436369719754836 -7.596665421921351 -23.4
      vertex -15.930743551354832 -7.687855484774195 -24.9
    endloop
  endfacet
  facet normal -0.7092607949204532 -0.023218794324501548 0.7045637035633635
    outer loop
      vertex -15.9 -8 -24.9
      vertex -14.409933774834439 -8 -23.4
      vertex -15.903425722818234 -7.895354993231771 -24.9
    endloop
  endfacet
  facet normal -0.6911027855634803 -0.1611425685766325 0.7045637035633637
    outer loop
      vertex -15.930743551354832 -7.687855484774195 -24.9
      vertex -14.469308530886442 -7.3971579850812885 -23.4
      vertex -15.954518677937491 -7.585889527835967 -24.9
    endloop
  endfacet
  facet normal -0.6790838532124815 -0.20599783476329428 0.7045637035633636
    outer loop
      vertex -15.98491179280783 -7.4856968555149415 -24.9
      vertex -15.954518677937491 -7.585889527835967 -24.9
      vertex -14.515225228169014 -7.200232010299098 -23.4
    endloop
  endfacet
  facet normal -0.6641569795471722 -0.24997098659615266 0.7045637035633633
    outer loop
      vertex -15.98491179280783 -7.4856968555149415 -24.9
      vertex -14.573923189255522 -7.006730764831423 -23.4
      vertex -16.02179274798194 -7.387706508215857 -24.9
    endloop
  endfacet
  facet normal -0.6463860837322107 -0.29287372428815217 0.7045637035633635
    outer loop
      vertex -16.0650036135477 -7.292338095649598 -24.9
      vertex -16.02179274798194 -7.387706508215857 -24.9
      vertex -14.645151060465125 -6.817482850718206 -23.4
    endloop
  endfacet
  facet normal -0.5179412846358523 -0.4851049508001745 0.7045637035633636
    outer loop
      vertex -16.297056308033635 -6.94504669583989 -24.9
      vertex -15.176765204174233 -5.962577766055021 -23.4
      vertex -16.368629150101523 -6.8686291501015235 -24.9
    endloop
  endfacet
  facet normal -0.6258472634717088 -0.33452233172996193 0.7045637035633632
    outer loop
      vertex -16.0650036135477 -7.292338095649598 -24.9
      vertex -14.728603833118198 -6.633298656581551 -23.4
      vertex -16.1143593539449 -7.2 -24.9
    endloop
  endfacet
  facet normal -0.602628469147202 -0.3747384631904984 0.7045637035633635
    outer loop
      vertex -16.1143593539449 -7.2 -24.9
      vertex -14.823924149630338 -6.4549668874172195 -23.4
      vertex -16.16964862031593 -7.1110876271686365 -24.9
    endloop
  endfacet
  facet normal -0.5768291272006025 -0.413349907020756 0.7045637035633636
    outer loop
      vertex -16.16964862031593 -7.1110876271686365 -24.9
      vertex -14.930703833772402 -6.283251187238766 -23.4
      vertex -16.230634655534026 -7.025981713586047 -24.9
    endloop
  endfacet
  facet normal -0.5485597143749189 -0.4501913230905094 0.7045637035633641
    outer loop
      vertex -16.230634655534026 -7.025981713586047 -24.9
      vertex -15.048485638543774 -6.118886869036629 -23.4
      vertex -16.297056308033635 -6.94504669583989 -24.9
    endloop
  endfacet
  facet normal 0.485104950800181 -0.5179412846358469 0.7045637035633632
    outer loop
      vertex -18.631370849898477 -6.8686291501015235 -24.9
      vertex -18.55495330416011 -6.7970563080336355 -24.9
      vertex -19.53742223394498 -5.676765204174234 -23.4
    endloop
  endfacet
  facet normal 0.4501913230905048 -0.5485597143749228 0.7045637035633641
    outer loop
      vertex -18.55495330416011 -6.7970563080336355 -24.9
      vertex -18.47401828641395 -6.730634655534024 -24.9
      vertex -19.38111313096337 -5.548485638543774 -23.4
    endloop
  endfacet
  facet normal 0.41334990702076224 -0.5768291272005992 0.7045637035633628
    outer loop
      vertex -18.47401828641395 -6.730634655534024 -24.9
      vertex -18.388912372831363 -6.669648620315927 -24.9
      vertex -19.21674881276123 -5.430703833772402 -23.4
    endloop
  endfacet
  facet normal 0.3747384631904925 -0.6026284691472057 0.7045637035633636
    outer loop
      vertex -18.388912372831363 -6.669648620315927 -24.9
      vertex -18.3 -6.614359353944899 -24.9
      vertex -19.045033112582782 -5.323924149630339 -23.4
    endloop
  endfacet
  facet normal 0.3345223317299592 -0.6258472634717097 0.7045637035633636
    outer loop
      vertex -18.3 -6.614359353944899 -24.9
      vertex -18.207661904350402 -6.565003613547699 -24.9
      vertex -18.866701343418452 -5.228603833118197 -23.4
    endloop
  endfacet
  facet normal 0.2928737242881522 -0.6463860837322107 0.7045637035633633
    outer loop
      vertex -18.207661904350402 -6.565003613547699 -24.9
      vertex -18.112293491784143 -6.521792747981941 -24.9
      vertex -18.682517149281793 -5.145151060465125 -23.4
    endloop
  endfacet
  facet normal 0.24997098659615263 -0.6641569795471722 0.7045637035633636
    outer loop
      vertex -18.112293491784143 -6.521792747981941 -24.9
      vertex -18.01430314448506 -6.48491179280783 -24.9
      vertex -18.49326923516858 -5.073923189255522 -23.4
    endloop
  endfacet
  facet normal 0.20599783476329994 -0.6790838532124803 0.7045637035633631
    outer loop
      vertex -18.01430314448506 -6.48491179280783 -24.9
      vertex -17.914110472164033 -6.45451867793749 -24.9
      vertex -18.2997679897009 -5.0152252281690135 -23.4
    endloop
  endfacet
  facet normal 0.16114256857662942 -0.6911027855634808 0.7045637035633638
    outer loop
      vertex -17.914110472164033 -6.45451867793749 -24.9
      vertex -17.812144515225807 -6.430743551354832 -24.9
      vertex -18.102842014918714 -4.969308530886442 -23.4
    endloop
  endfacet
  facet normal 0.11559726517225832 -0.7001623096866693 0.7045637035633636
    outer loop
      vertex -17.812144515225807 -6.430743551354832 -24.9
      vertex -17.70884190755208 -6.413688221801904 -24.9
      vertex -17.90333457807865 -4.936369719754836 -23.4
    endloop
  endfacet
  facet normal 0.06955695653161202 -0.7062236313089053 0.7045637035633633
    outer loop
      vertex -17.70884190755208 -6.413688221801904 -24.9
      vertex -17.60464500676823 -6.403425722818234 -24.9
      vertex -17.7021000006542 -4.916549843820317 -23.4
    endloop
  endfacet
  facet normal 0.02321879432450135 -0.7092607949204534 0.7045637035633635
    outer loop
      vertex -17.60464500676823 -6.403425722818234 -24.9
      vertex -17.5 -6.4 -24.9
      vertex -17.5 -4.909933774834439 -23.4
    endloop
  endfacet
  facet normal -0.023218794324501357 -0.7092607949204536 0.7045637035633633
    outer loop
      vertex -17.5 -6.4 -24.9
      vertex -17.39535499323177 -6.403425722818234 -24.9
      vertex -17.2978999993458 -4.916549843820317 -23.4
    endloop
  endfacet
  facet normal -0.06955695653161198 -0.706223631308905 0.7045637035633636
    outer loop
      vertex -17.39535499323177 -6.403425722818234 -24.9
      vertex -17.29115809244792 -6.413688221801904 -24.9
      vertex -17.09666542192135 -4.936369719754836 -23.4
    endloop
  endfacet
  facet normal -0.11559726517225828 -0.700162309686669 0.7045637035633637
    outer loop
      vertex -17.29115809244792 -6.413688221801904 -24.9
      vertex -17.187855484774193 -6.430743551354832 -24.9
      vertex -16.897157985081286 -4.969308530886442 -23.4
    endloop
  endfacet
  facet normal -0.16114256857662962 -0.6911027855634816 0.7045637035633631
    outer loop
      vertex -17.187855484774193 -6.430743551354832 -24.9
      vertex -17.085889527835967 -6.45451867793749 -24.9
      vertex -16.7002320102991 -5.0152252281690135 -23.4
    endloop
  endfacet
  facet normal -0.2059978347632998 -0.6790838532124799 0.7045637035633635
    outer loop
      vertex -17.085889527835967 -6.45451867793749 -24.9
      vertex -16.98569685551494 -6.48491179280783 -24.9
      vertex -16.50673076483142 -5.073923189255522 -23.4
    endloop
  endfacet
  facet normal -0.3747384631904927 -0.6026284691472061 0.7045637035633632
    outer loop
      vertex -16.7 -6.614359353944899 -24.9
      vertex -16.611087627168637 -6.669648620315927 -24.9
      vertex -15.783251187238767 -5.430703833772402 -23.4
    endloop
  endfacet
  facet normal -0.29287372428815206 -0.6463860837322104 0.7045637035633637
    outer loop
      vertex -16.887706508215857 -6.521792747981941 -24.9
      vertex -16.792338095649598 -6.565003613547699 -24.9
      vertex -16.133298656581548 -5.228603833118197 -23.4
    endloop
  endfacet
  facet normal -0.24997098659615266 -0.6641569795471722 0.7045637035633633
    outer loop
      vertex -16.887706508215857 -6.521792747981941 -24.9
      vertex -16.317482850718207 -5.145151060465125 -23.4
      vertex -16.98569685551494 -6.48491179280783 -24.9
    endloop
  endfacet
  facet normal -0.3345223317299594 -0.62584726347171 0.7045637035633633
    outer loop
      vertex -16.792338095649598 -6.565003613547699 -24.9
      vertex -16.7 -6.614359353944899 -24.9
      vertex -15.95496688741722 -5.323924149630339 -23.4
    endloop
  endfacet
  facet normal -0.4501913230905055 -0.5485597143749237 0.7045637035633628
    outer loop
      vertex -16.52598171358605 -6.730634655534024 -24.9
      vertex -16.44504669583989 -6.7970563080336355 -24.9
      vertex -15.46257776605502 -5.676765204174234 -23.4
    endloop
  endfacet
  facet normal -0.41334990702076163 -0.5768291272005983 0.704563703563364
    outer loop
      vertex -16.611087627168637 -6.669648620315927 -24.9
      vertex -16.52598171358605 -6.730634655534024 -24.9
      vertex -15.61888686903663 -5.548485638543774 -23.4
    endloop
  endfacet
  facet normal -0.48510495080018107 -0.5179412846358469 0.704563703563363
    outer loop
      vertex -16.368629150101523 -6.8686291501015235 -24.9
      vertex -15.314993217869915 -5.814993217869914 -23.4
      vertex -16.44504669583989 -6.7970563080336355 -24.9
    endloop
  endfacet
  facet normal 0.6790838532124768 0.20599783476331038 0.7045637035633634
    outer loop
      vertex -19.015088207192168 -8.514303144485059 -24.9
      vertex -20.48477477183099 -8.799767989700902 -23.4
      vertex -20.426076810744476 -8.993269235168576 -23.4
    endloop
  endfacet
  facet normal 0.4851049508001852 0.5179412846358428 0.7045637035633632
    outer loop
      vertex -18.55495330416011 -9.202943691966365 -24.9
      vertex -19.685006782130085 -10.185006782130085 -23.4
      vertex -19.53742223394498 -10.323234795825767 -23.4
    endloop
  endfacet
  facet normal 0.4501913230905166 0.5485597143749132 0.7045637035633638
    outer loop
      vertex -18.47401828641395 -9.269365344465976 -24.9
      vertex -19.53742223394498 -10.323234795825767 -23.4
      vertex -19.38111313096337 -10.451514361456226 -23.4
    endloop
  endfacet
  facet normal 0.20599783476329375 0.6790838532124818 0.7045637035633634
    outer loop
      vertex -17.914110472164033 -9.545481322062509 -24.9
      vertex -18.49326923516858 -10.926076810744478 -23.4
      vertex -18.2997679897009 -10.984774771830986 -23.4
    endloop
  endfacet
  facet normal 0.37473846319050236 0.6026284691471995 0.7045637035633635
    outer loop
      vertex -18.3 -9.385640646055101 -24.9
      vertex -19.21674881276123 -10.569296166227598 -23.4
      vertex -19.045033112582782 -10.676075850369662 -23.4
    endloop
  endfacet
  facet normal 0.3345223317299569 0.6258472634717112 0.7045637035633636
    outer loop
      vertex -18.207661904350402 -9.434996386452301 -24.9
      vertex -19.045033112582782 -10.676075850369662 -23.4
      vertex -18.866701343418452 -10.771396166881802 -23.4
    endloop
  endfacet
  facet normal 0.4133499070207488 0.5768291272006084 0.7045637035633632
    outer loop
      vertex -18.388912372831363 -9.330351379684073 -24.9
      vertex -19.38111313096337 -10.451514361456226 -23.4
      vertex -19.21674881276123 -10.569296166227598 -23.4
    endloop
  endfacet
  facet normal 0.292873724288149 0.6463860837322121 0.7045637035633634
    outer loop
      vertex -18.112293491784143 -9.47820725201806 -24.9
      vertex -18.866701343418452 -10.771396166881802 -23.4
      vertex -18.682517149281793 -10.854848939534875 -23.4
    endloop
  endfacet
  facet normal 0.24997098659615594 0.6641569795471709 0.7045637035633636
    outer loop
      vertex -18.01430314448506 -9.51508820719217 -24.9
      vertex -18.682517149281793 -10.854848939534875 -23.4
      vertex -18.49326923516858 -10.926076810744478 -23.4
    endloop
  endfacet
  facet normal 0.5485597143749106 0.45019132309052073 0.7045637035633632
    outer loop
      vertex -18.702943691966365 -9.05495330416011 -24.9
      vertex -19.951514361456226 -9.88111313096337 -23.4
      vertex -19.823234795825766 -10.03742223394498 -23.4
    endloop
  endfacet
  facet normal 0.5768291272006058 0.41334990702075136 0.7045637035633638
    outer loop
      vertex -18.769365344465974 -8.974018286413953 -24.9
      vertex -20.0692961662276 -9.716748812761233 -23.4
      vertex -19.951514361456226 -9.88111313096337 -23.4
    endloop
  endfacet
  facet normal 0.6026284691472058 0.37473846319049237 0.7045637035633635
    outer loop
      vertex -18.83035137968407 -8.888912372831363 -24.9
      vertex -20.17607585036966 -9.54503311258278 -23.4
      vertex -20.0692961662276 -9.716748812761233 -23.4
    endloop
  endfacet
  facet normal 0.5179412846358461 0.48510495080018207 0.7045637035633631
    outer loop
      vertex -18.631370849898477 -9.131370849898476 -24.9
      vertex -19.823234795825766 -10.03742223394498 -23.4
      vertex -19.685006782130085 -10.185006782130085 -23.4
    endloop
  endfacet
  facet normal 0.6258472634717116 0.33452233172995716 0.7045637035633631
    outer loop
      vertex -18.8856406460551 -8.8 -24.9
      vertex -20.2713961668818 -9.36670134341845 -23.4
      vertex -20.17607585036966 -9.54503311258278 -23.4
    endloop
  endfacet
  facet normal 0.6463860837322088 0.29287372428815667 0.7045637035633631
    outer loop
      vertex -18.9349963864523 -8.707661904350402 -24.9
      vertex -20.354848939534875 -9.182517149281793 -23.4
      vertex -20.2713961668818 -9.36670134341845 -23.4
    endloop
  endfacet
  facet normal 0.6641569795471748 0.2499709865961465 0.7045637035633633
    outer loop
      vertex -18.97820725201806 -8.612293491784143 -24.9
      vertex -20.426076810744476 -8.993269235168576 -23.4
      vertex -20.354848939534875 -9.182517149281793 -23.4
    endloop
  endfacet
  facet normal 0.6911027855634827 0.16114256857662398 0.7045637035633633
    outer loop
      vertex -19.04548132206251 -8.414110472164033 -24.9
      vertex -20.530691469113556 -8.60284201491871 -23.4
      vertex -20.48477477183099 -8.799767989700902 -23.4
    endloop
  endfacet
  facet normal 0.7001623096866689 0.11559726517226482 0.704563703563363
    outer loop
      vertex -19.06925644864517 -8.312144515225805 -24.9
      vertex -20.563630280245164 -8.403334578078649 -23.4
      vertex -20.530691469113556 -8.60284201491871 -23.4
    endloop
  endfacet
  facet normal 0.706223631308906 0.0695569565316069 0.7045637035633631
    outer loop
      vertex -19.086311778198098 -8.208841907552083 -24.9
      vertex -20.583450156179683 -8.202100000654204 -23.4
      vertex -20.563630280245164 -8.403334578078649 -23.4
    endloop
  endfacet
  facet normal 0.7092607949204534 0.023218794324504254 0.7045637035633633
    outer loop
      vertex -19.096574277181766 -8.104645006768228 -24.9
      vertex -20.59006622516556 -8 -23.4
      vertex -20.583450156179683 -8.202100000654204 -23.4
    endloop
  endfacet
  facet normal 0.7092607949204536 -0.023218794324504265 0.704563703563363
    outer loop
      vertex -19.1 -8 -24.9
      vertex -20.583450156179683 -7.7978999993457965 -23.4
      vertex -20.59006622516556 -8 -23.4
    endloop
  endfacet
  facet normal 0.7062236313089058 -0.06955695653160687 0.7045637035633635
    outer loop
      vertex -19.096574277181766 -7.895354993231771 -24.9
      vertex -20.563630280245164 -7.596665421921351 -23.4
      vertex -20.583450156179683 -7.7978999993457965 -23.4
    endloop
  endfacet
  facet normal 0.7001623096866688 -0.11559726517226429 0.704563703563363
    outer loop
      vertex -19.086311778198098 -7.791158092447917 -24.9
      vertex -20.530691469113556 -7.3971579850812885 -23.4
      vertex -20.563630280245164 -7.596665421921351 -23.4
    endloop
  endfacet
  facet normal 0.6911027855634827 -0.1611425685766247 0.7045637035633631
    outer loop
      vertex -19.06925644864517 -7.687855484774195 -24.9
      vertex -20.48477477183099 -7.200232010299098 -23.4
      vertex -20.530691469113556 -7.3971579850812885 -23.4
    endloop
  endfacet
  facet normal 0.6790838532124772 -0.20599783476330957 0.7045637035633633
    outer loop
      vertex -19.04548132206251 -7.585889527835967 -24.9
      vertex -20.426076810744476 -7.006730764831423 -23.4
      vertex -20.48477477183099 -7.200232010299098 -23.4
    endloop
  endfacet
  facet normal 0.6641569795471746 -0.2499709865961464 0.7045637035633635
    outer loop
      vertex -19.015088207192168 -7.4856968555149415 -24.9
      vertex -20.354848939534875 -6.817482850718206 -23.4
      vertex -20.426076810744476 -7.006730764831423 -23.4
    endloop
  endfacet
  facet normal 0.6463860837322077 -0.29287372428815894 0.7045637035633633
    outer loop
      vertex -18.97820725201806 -7.387706508215857 -24.9
      vertex -20.2713961668818 -6.633298656581551 -23.4
      vertex -20.354848939534875 -6.817482850718206 -23.4
    endloop
  endfacet
  facet normal 0.6258472634717124 -0.3345223317299559 0.704563703563363
    outer loop
      vertex -18.9349963864523 -7.292338095649598 -24.9
      vertex -20.17607585036966 -6.4549668874172195 -23.4
      vertex -20.2713961668818 -6.633298656581551 -23.4
    endloop
  endfacet
  facet normal 0.602628469147207 -0.37473846319049114 0.7045637035633632
    outer loop
      vertex -18.8856406460551 -7.2 -24.9
      vertex -20.0692961662276 -6.283251187238766 -23.4
      vertex -20.17607585036966 -6.4549668874172195 -23.4
    endloop
  endfacet
  facet normal 0.5768291272006048 -0.4133499070207529 0.7045637035633636
    outer loop
      vertex -18.83035137968407 -7.1110876271686365 -24.9
      vertex -19.951514361456226 -6.118886869036629 -23.4
      vertex -20.0692961662276 -6.283251187238766 -23.4
    endloop
  endfacet
  facet normal 0.16114256857663986 0.6911027855634786 0.7045637035633636
    outer loop
      vertex -17.812144515225807 -9.569256448645168 -24.9
      vertex -18.2997679897009 -10.984774771830986 -23.4
      vertex -18.102842014918714 -11.030691469113558 -23.4
    endloop
  endfacet
  facet normal 0.11559726517225662 0.7001623096866695 0.7045637035633637
    outer loop
      vertex -17.70884190755208 -9.586311778198096 -24.9
      vertex -18.102842014918714 -11.030691469113558 -23.4
      vertex -17.90333457807865 -11.063630280245164 -23.4
    endloop
  endfacet
  facet normal 0.06955695653160011 0.7062236313089066 0.704563703563363
    outer loop
      vertex -17.60464500676823 -9.596574277181766 -24.9
      vertex -17.90333457807865 -11.063630280245164 -23.4
      vertex -17.7021000006542 -11.083450156179682 -23.4
    endloop
  endfacet
  facet normal 0.023218794324510683 0.709260794920453 0.7045637035633633
    outer loop
      vertex -17.5 -9.6 -24.9
      vertex -17.7021000006542 -11.083450156179682 -23.4
      vertex -17.5 -11.090066225165561 -23.4
    endloop
  endfacet
  facet normal -0.023218794324510697 0.7092607949204535 0.7045637035633631
    outer loop
      vertex -17.39535499323177 -9.596574277181766 -24.9
      vertex -17.5 -11.090066225165561 -23.4
      vertex -17.2978999993458 -11.083450156179682 -23.4
    endloop
  endfacet
  facet normal -0.06955695653160009 0.7062236313089063 0.7045637035633634
    outer loop
      vertex -17.29115809244792 -9.586311778198096 -24.9
      vertex -17.2978999993458 -11.083450156179682 -23.4
      vertex -17.09666542192135 -11.063630280245164 -23.4
    endloop
  endfacet
  facet normal -0.11559726517225662 0.7001623096866695 0.7045637035633637
    outer loop
      vertex -17.187855484774193 -9.569256448645168 -24.9
      vertex -17.09666542192135 -11.063630280245164 -23.4
      vertex -16.897157985081286 -11.030691469113558 -23.4
    endloop
  endfacet
  facet normal -0.1611425685766399 0.6911027855634788 0.7045637035633634
    outer loop
      vertex -17.085889527835967 -9.545481322062509 -24.9
      vertex -16.897157985081286 -11.030691469113558 -23.4
      vertex -16.7002320102991 -10.984774771830986 -23.4
    endloop
  endfacet
  facet normal -0.20599783476329378 0.6790838532124819 0.7045637035633634
    outer loop
      vertex -16.98569685551494 -9.51508820719217 -24.9
      vertex -16.7002320102991 -10.984774771830986 -23.4
      vertex -16.50673076483142 -10.926076810744478 -23.4
    endloop
  endfacet
  facet normal -0.249970986596156 0.6641569795471711 0.7045637035633634
    outer loop
      vertex -16.887706508215857 -9.47820725201806 -24.9
      vertex -16.50673076483142 -10.926076810744478 -23.4
      vertex -16.317482850718207 -10.854848939534875 -23.4
    endloop
  endfacet
  facet normal -0.29287372428814895 0.6463860837322118 0.7045637035633635
    outer loop
      vertex -16.792338095649598 -9.434996386452301 -24.9
      vertex -16.317482850718207 -10.854848939534875 -23.4
      vertex -16.133298656581548 -10.771396166881802 -23.4
    endloop
  endfacet
  facet normal -0.3345223317299595 0.6258472634717097 0.7045637035633636
    outer loop
      vertex -16.7 -9.385640646055101 -24.9
      vertex -16.133298656581548 -10.771396166881802 -23.4
      vertex -15.95496688741722 -10.676075850369662 -23.4
    endloop
  endfacet
  facet normal -0.3747384631904969 0.6026284691472031 0.7045637035633634
    outer loop
      vertex -16.611087627168637 -9.330351379684073 -24.9
      vertex -15.95496688741722 -10.676075850369662 -23.4
      vertex -15.783251187238767 -10.569296166227598 -23.4
    endloop
  endfacet
  facet normal -0.4133499070207514 0.5768291272006058 0.7045637035633638
    outer loop
      vertex -16.52598171358605 -9.269365344465976 -24.9
      vertex -15.783251187238767 -10.569296166227598 -23.4
      vertex -15.61888686903663 -10.451514361456226 -23.4
    endloop
  endfacet
  facet normal -0.450191323090517 0.5485597143749137 0.7045637035633634
    outer loop
      vertex -16.44504669583989 -9.202943691966365 -24.9
      vertex -15.61888686903663 -10.451514361456226 -23.4
      vertex -15.46257776605502 -10.323234795825767 -23.4
    endloop
  endfacet
  facet normal -0.4851049508001853 0.5179412846358429 0.7045637035633631
    outer loop
      vertex -16.368629150101523 -9.131370849898476 -24.9
      vertex -15.46257776605502 -10.323234795825767 -23.4
      vertex -15.314993217869915 -10.185006782130085 -23.4
    endloop
  endfacet
  facet normal -0.5179412846358427 0.4851049508001851 0.7045637035633634
    outer loop
      vertex -16.297056308033635 -9.05495330416011 -24.9
      vertex -15.314993217869915 -10.185006782130085 -23.4
      vertex -15.176765204174233 -10.03742223394498 -23.4
    endloop
  endfacet
  facet normal -0.5485597143749131 0.4501913230905165 0.704563703563364
    outer loop
      vertex -16.230634655534026 -8.974018286413953 -24.9
      vertex -15.176765204174233 -10.03742223394498 -23.4
      vertex -15.048485638543774 -9.88111313096337 -23.4
    endloop
  endfacet
  facet normal -0.576829127200606 0.41334990702075153 0.7045637035633636
    outer loop
      vertex -16.16964862031593 -8.888912372831363 -24.9
      vertex -15.048485638543774 -9.88111313096337 -23.4
      vertex -14.930703833772402 -9.716748812761233 -23.4
    endloop
  endfacet
  facet normal -0.6026284691472032 0.374738463190497 0.7045637035633634
    outer loop
      vertex -16.1143593539449 -8.8 -24.9
      vertex -14.930703833772402 -9.716748812761233 -23.4
      vertex -14.823924149630338 -9.54503311258278 -23.4
    endloop
  endfacet
  facet normal -0.6258472634717112 0.33452233172995693 0.7045637035633634
    outer loop
      vertex -16.0650036135477 -8.707661904350402 -24.9
      vertex -14.823924149630338 -9.54503311258278 -23.4
      vertex -14.728603833118198 -9.36670134341845 -23.4
    endloop
  endfacet
  facet normal -0.646386083732211 0.2928737242881514 0.7045637035633634
    outer loop
      vertex -16.02179274798194 -8.612293491784143 -24.9
      vertex -14.728603833118198 -9.36670134341845 -23.4
      vertex -14.645151060465125 -9.182517149281793 -23.4
    endloop
  endfacet
  facet normal -0.6641569795471726 0.24997098659615188 0.7045637035633633
    outer loop
      vertex -15.98491179280783 -8.514303144485059 -24.9
      vertex -14.645151060465125 -9.182517149281793 -23.4
      vertex -14.573923189255522 -8.993269235168576 -23.4
    endloop
  endfacet
  facet normal -0.6790838532124803 0.20599783476329897 0.7045637035633635
    outer loop
      vertex -15.954518677937491 -8.414110472164033 -24.9
      vertex -14.573923189255522 -8.993269235168576 -23.4
      vertex -14.515225228169014 -8.799767989700902 -23.4
    endloop
  endfacet
  facet normal -0.6911027855634796 0.16114256857663573 0.7045637035633635
    outer loop
      vertex -15.930743551354832 -8.312144515225805 -24.9
      vertex -14.515225228169014 -8.799767989700902 -23.4
      vertex -14.469308530886442 -8.60284201491871 -23.4
    endloop
  endfacet
  facet normal -0.7001623096866693 0.11559726517225864 0.7045637035633634
    outer loop
      vertex -15.913688221801904 -8.208841907552083 -24.9
      vertex -14.469308530886442 -8.60284201491871 -23.4
      vertex -14.436369719754836 -8.403334578078649 -23.4
    endloop
  endfacet
  facet normal -0.7062236313089066 0.06955695653160072 0.7045637035633631
    outer loop
      vertex -15.903425722818234 -8.104645006768228 -24.9
      vertex -14.436369719754836 -8.403334578078649 -23.4
      vertex -14.416549843820318 -8.202100000654204 -23.4
    endloop
  endfacet
  facet normal -0.7092607949204532 0.023218794324510485 0.7045637035633634
    outer loop
      vertex -15.9 -8 -24.9
      vertex -14.416549843820318 -8.202100000654204 -23.4
      vertex -14.409933774834439 -8 -23.4
    endloop
  endfacet
  facet normal -0.7092607949204534 -0.023218794324510492 0.7045637035633631
    outer loop
      vertex -15.903425722818234 -7.895354993231771 -24.9
      vertex -14.409933774834439 -8 -23.4
      vertex -14.416549843820318 -7.7978999993457965 -23.4
    endloop
  endfacet
  facet normal -0.7062236313089063 -0.0695569565316007 0.7045637035633634
    outer loop
      vertex -15.913688221801904 -7.791158092447917 -24.9
      vertex -14.416549843820318 -7.7978999993457965 -23.4
      vertex -14.436369719754836 -7.596665421921351 -23.4
    endloop
  endfacet
  facet normal -0.6911027855634796 -0.16114256857663645 0.7045637035633635
    outer loop
      vertex -15.954518677937491 -7.585889527835967 -24.9
      vertex -14.469308530886442 -7.3971579850812885 -23.4
      vertex -14.515225228169014 -7.200232010299098 -23.4
    endloop
  endfacet
  facet normal -0.6790838532124807 -0.20599783476329814 0.7045637035633634
    outer loop
      vertex -15.98491179280783 -7.4856968555149415 -24.9
      vertex -14.515225228169014 -7.200232010299098 -23.4
      vertex -14.573923189255522 -7.006730764831423 -23.4
    endloop
  endfacet
  facet normal -0.6641569795471726 -0.24997098659615188 0.7045637035633633
    outer loop
      vertex -16.02179274798194 -7.387706508215857 -24.9
      vertex -14.573923189255522 -7.006730764831423 -23.4
      vertex -14.645151060465125 -6.817482850718206 -23.4
    endloop
  endfacet
  facet normal -0.7001623096866691 -0.11559726517225812 0.7045637035633636
    outer loop
      vertex -15.930743551354832 -7.687855484774195 -24.9
      vertex -14.436369719754836 -7.596665421921351 -23.4
      vertex -14.469308530886442 -7.3971579850812885 -23.4
    endloop
  endfacet
  facet normal -0.64638608373221 -0.2928737242881537 0.7045637035633634
    outer loop
      vertex -16.0650036135477 -7.292338095649598 -24.9
      vertex -14.645151060465125 -6.817482850718206 -23.4
      vertex -14.728603833118198 -6.633298656581551 -23.4
    endloop
  endfacet
  facet normal -0.6258472634717119 -0.33452233172995566 0.7045637035633635
    outer loop
      vertex -16.1143593539449 -7.2 -24.9
      vertex -14.728603833118198 -6.633298656581551 -23.4
      vertex -14.823924149630338 -6.4549668874172195 -23.4
    endloop
  endfacet
  facet normal -0.6026284691472038 -0.37473846319049536 0.7045637035633637
    outer loop
      vertex -16.16964862031593 -7.1110876271686365 -24.9
      vertex -14.823924149630338 -6.4549668874172195 -23.4
      vertex -14.930703833772402 -6.283251187238766 -23.4
    endloop
  endfacet
  facet normal 0.548559714374909 -0.45019132309052196 0.7045637035633638
    outer loop
      vertex -18.769365344465974 -7.025981713586047 -24.9
      vertex -19.823234795825766 -5.962577766055021 -23.4
      vertex -19.951514361456226 -6.118886869036629 -23.4
    endloop
  endfacet
  facet normal 0.5179412846358488 -0.4851049508001788 0.7045637035633632
    outer loop
      vertex -18.702943691966365 -6.94504669583989 -24.9
      vertex -19.685006782130085 -5.814993217869914 -23.4
      vertex -19.823234795825766 -5.962577766055021 -23.4
    endloop
  endfacet
  facet normal 0.48510495080018196 -0.517941284635846 0.7045637035633631
    outer loop
      vertex -18.631370849898477 -6.8686291501015235 -24.9
      vertex -19.53742223394498 -5.676765204174234 -23.4
      vertex -19.685006782130085 -5.814993217869914 -23.4
    endloop
  endfacet
  facet normal 0.45019132309051896 -0.5485597143749122 0.7045637035633633
    outer loop
      vertex -18.55495330416011 -6.7970563080336355 -24.9
      vertex -19.38111313096337 -5.548485638543774 -23.4
      vertex -19.53742223394498 -5.676765204174234 -23.4
    endloop
  endfacet
  facet normal 0.4133499070207485 -0.5768291272006079 0.7045637035633637
    outer loop
      vertex -18.47401828641395 -6.730634655534024 -24.9
      vertex -19.21674881276123 -5.430703833772402 -23.4
      vertex -19.38111313096337 -5.548485638543774 -23.4
    endloop
  endfacet
  facet normal 0.37473846319050047 -0.6026284691472015 0.704563703563363
    outer loop
      vertex -18.388912372831363 -6.669648620315927 -24.9
      vertex -19.045033112582782 -5.323924149630339 -23.4
      vertex -19.21674881276123 -5.430703833772402 -23.4
    endloop
  endfacet
  facet normal 0.3345223317299617 -0.6258472634717084 0.7045637035633637
    outer loop
      vertex -18.3 -6.614359353944899 -24.9
      vertex -18.866701343418452 -5.228603833118197 -23.4
      vertex -19.045033112582782 -5.323924149630339 -23.4
    endloop
  endfacet
  facet normal 0.29287372428814634 -0.646386083732213 0.7045637035633636
    outer loop
      vertex -18.207661904350402 -6.565003613547699 -24.9
      vertex -18.682517149281793 -5.145151060465125 -23.4
      vertex -18.866701343418452 -5.228603833118197 -23.4
    endloop
  endfacet
  facet normal 0.249970986596156 -0.6641569795471711 0.7045637035633634
    outer loop
      vertex -18.112293491784143 -6.521792747981941 -24.9
      vertex -18.49326923516858 -5.073923189255522 -23.4
      vertex -18.682517149281793 -5.145151060465125 -23.4
    endloop
  endfacet
  facet normal 0.20599783476329378 -0.6790838532124819 0.7045637035633634
    outer loop
      vertex -18.01430314448506 -6.48491179280783 -24.9
      vertex -18.2997679897009 -5.0152252281690135 -23.4
      vertex -18.49326923516858 -5.073923189255522 -23.4
    endloop
  endfacet
  facet normal 0.16114256857663994 -0.6911027855634789 0.7045637035633632
    outer loop
      vertex -17.914110472164033 -6.45451867793749 -24.9
      vertex -18.102842014918714 -4.969308530886442 -23.4
      vertex -18.2997679897009 -5.0152252281690135 -23.4
    endloop
  endfacet
  facet normal 0.11559726517225662 -0.7001623096866695 0.7045637035633637
    outer loop
      vertex -17.812144515225807 -6.430743551354832 -24.9
      vertex -17.90333457807865 -4.936369719754836 -23.4
      vertex -18.102842014918714 -4.969308530886442 -23.4
    endloop
  endfacet
  facet normal 0.06955695653160625 -0.7062236313089055 0.7045637035633636
    outer loop
      vertex -17.70884190755208 -6.413688221801904 -24.9
      vertex -17.7021000006542 -4.916549843820317 -23.4
      vertex -17.90333457807865 -4.936369719754836 -23.4
    endloop
  endfacet
  facet normal 0.02321879432450446 -0.7092607949204534 0.7045637035633633
    outer loop
      vertex -17.60464500676823 -6.403425722818234 -24.9
      vertex -17.5 -4.909933774834439 -23.4
      vertex -17.7021000006542 -4.916549843820317 -23.4
    endloop
  endfacet
  facet normal -0.023218794324504455 -0.7092607949204532 0.7045637035633635
    outer loop
      vertex -17.5 -6.4 -24.9
      vertex -17.2978999993458 -4.916549843820317 -23.4
      vertex -17.5 -4.909933774834439 -23.4
    endloop
  endfacet
  facet normal -0.06955695653160628 -0.7062236313089059 0.7045637035633633
    outer loop
      vertex -17.39535499323177 -6.403425722818234 -24.9
      vertex -17.09666542192135 -4.936369719754836 -23.4
      vertex -17.2978999993458 -4.916549843820317 -23.4
    endloop
  endfacet
  facet normal -0.11559726517225662 -0.7001623096866695 0.7045637035633637
    outer loop
      vertex -17.29115809244792 -6.413688221801904 -24.9
      vertex -16.897157985081286 -4.969308530886442 -23.4
      vertex -17.09666542192135 -4.936369719754836 -23.4
    endloop
  endfacet
  facet normal -0.16114256857663986 -0.6911027855634786 0.7045637035633636
    outer loop
      vertex -17.187855484774193 -6.430743551354832 -24.9
      vertex -16.7002320102991 -5.0152252281690135 -23.4
      vertex -16.897157985081286 -4.969308530886442 -23.4
    endloop
  endfacet
  facet normal -0.24997098659615594 -0.6641569795471709 0.7045637035633636
    outer loop
      vertex -16.98569685551494 -6.48491179280783 -24.9
      vertex -16.317482850718207 -5.145151060465125 -23.4
      vertex -16.50673076483142 -5.073923189255522 -23.4
    endloop
  endfacet
  facet normal -0.20599783476329384 -0.6790838532124821 0.7045637035633632
    outer loop
      vertex -17.085889527835967 -6.45451867793749 -24.9
      vertex -16.50673076483142 -5.073923189255522 -23.4
      vertex -16.7002320102991 -5.0152252281690135 -23.4
    endloop
  endfacet
  facet normal -0.29287372428814645 -0.6463860837322132 0.7045637035633634
    outer loop
      vertex -16.887706508215857 -6.521792747981941 -24.9
      vertex -16.133298656581548 -5.228603833118197 -23.4
      vertex -16.317482850718207 -5.145151060465125 -23.4
    endloop
  endfacet
  facet normal -0.4501913230905185 -0.5485597143749118 0.7045637035633637
    outer loop
      vertex -16.52598171358605 -6.730634655534024 -24.9
      vertex -15.46257776605502 -5.676765204174234 -23.4
      vertex -15.61888686903663 -5.548485638543774 -23.4
    endloop
  endfacet
  facet normal -0.5485597143749122 -0.4501913230905184 0.7045637035633634
    outer loop
      vertex -16.297056308033635 -6.94504669583989 -24.9
      vertex -15.048485638543774 -6.118886869036629 -23.4
      vertex -15.176765204174233 -5.962577766055021 -23.4
    endloop
  endfacet
  facet normal -0.4851049508001819 -0.517941284635846 0.7045637035633631
    outer loop
      vertex -16.44504669583989 -6.7970563080336355 -24.9
      vertex -15.314993217869915 -5.814993217869914 -23.4
      vertex -15.46257776605502 -5.676765204174234 -23.4
    endloop
  endfacet
  facet normal -0.5179412846358458 -0.4851049508001822 0.704563703563363
    outer loop
      vertex -16.368629150101523 -6.8686291501015235 -24.9
      vertex -15.176765204174233 -5.962577766055021 -23.4
      vertex -15.314993217869915 -5.814993217869914 -23.4
    endloop
  endfacet
  facet normal -0.3345223317299644 -0.6258472634717072 0.7045637035633636
    outer loop
      vertex -16.792338095649598 -6.565003613547699 -24.9
      vertex -15.95496688741722 -5.323924149630339 -23.4
      vertex -16.133298656581548 -5.228603833118197 -23.4
    endloop
  endfacet
  facet normal -0.3747384631904947 -0.6026284691472046 0.7045637035633633
    outer loop
      vertex -16.7 -6.614359353944899 -24.9
      vertex -15.783251187238767 -5.430703833772402 -23.4
      vertex -15.95496688741722 -5.323924149630339 -23.4
    endloop
  endfacet
  facet normal -0.4133499070207517 -0.5768291272006062 0.7045637035633633
    outer loop
      vertex -16.611087627168637 -6.669648620315927 -24.9
      vertex -15.61888686903663 -5.548485638543774 -23.4
      vertex -15.783251187238767 -5.430703833772402 -23.4
    endloop
  endfacet
  facet normal -0.5768291272006046 -0.4133499070207528 0.704563703563364
    outer loop
      vertex -16.230634655534026 -7.025981713586047 -24.9
      vertex -14.930703833772402 -6.283251187238766 -23.4
      vertex -15.048485638543774 -6.118886869036629 -23.4
    endloop
  endfacet
  facet normal 0.4501913230905054 0.5485597143749235 0.7045637035633631
    outer loop
      vertex 16.44504669583989 -9.202943691966365 -24.9
      vertex 15.46257776605502 -10.323234795825767 -23.4
      vertex 16.52598171358605 -9.269365344465976 -24.9
    endloop
  endfacet
  facet normal 0.41334990702076163 0.5768291272005983 0.704563703563364
    outer loop
      vertex 16.611087627168637 -9.330351379684073 -24.9
      vertex 16.52598171358605 -9.269365344465976 -24.9
      vertex 15.61888686903663 -10.451514361456226 -23.4
    endloop
  endfacet
  facet normal 0.48510495080018423 0.5179412846358439 0.7045637035633631
    outer loop
      vertex 16.44504669583989 -9.202943691966365 -24.9
      vertex 16.368629150101523 -9.131370849898476 -24.9
      vertex 15.314993217869915 -10.185006782130085 -23.4
    endloop
  endfacet
  facet normal 0.5179412846358495 0.4851049508001775 0.7045637035633636
    outer loop
      vertex 16.297056308033635 -9.05495330416011 -24.9
      vertex 15.176765204174233 -10.03742223394498 -23.4
      vertex 16.368629150101523 -9.131370849898476 -24.9
    endloop
  endfacet
  facet normal 0.5485597143749189 0.4501913230905094 0.7045637035633641
    outer loop
      vertex 16.230634655534026 -8.974018286413953 -24.9
      vertex 15.048485638543774 -9.88111313096337 -23.4
      vertex 16.297056308033635 -9.05495330416011 -24.9
    endloop
  endfacet
  facet normal 0.5768291272006026 0.4133499070207561 0.7045637035633634
    outer loop
      vertex 16.230634655534026 -8.974018286413953 -24.9
      vertex 16.16964862031593 -8.888912372831363 -24.9
      vertex 14.930703833772402 -9.716748812761233 -23.4
    endloop
  endfacet
  facet normal 0.6026284691472005 0.37473846319050125 0.7045637035633633
    outer loop
      vertex 16.1143593539449 -8.8 -24.9
      vertex 14.823924149630338 -9.54503311258278 -23.4
      vertex 16.16964862031593 -8.888912372831363 -24.9
    endloop
  endfacet
  facet normal 0.6463860837322107 0.2928737242881522 0.7045637035633633
    outer loop
      vertex 16.02179274798194 -8.612293491784143 -24.9
      vertex 14.645151060465125 -9.182517149281793 -23.4
      vertex 16.0650036135477 -8.707661904350402 -24.9
    endloop
  endfacet
  facet normal 0.62584726347171 0.3345223317299594 0.7045637035633633
    outer loop
      vertex 16.1143593539449 -8.8 -24.9
      vertex 16.0650036135477 -8.707661904350402 -24.9
      vertex 14.728603833118198 -9.36670134341845 -23.4
    endloop
  endfacet
  facet normal 0.2928737242881521 0.6463860837322105 0.7045637035633635
    outer loop
      vertex 16.792338095649598 -9.434996386452301 -24.9
      vertex 16.133298656581548 -10.771396166881802 -23.4
      vertex 16.887706508215857 -9.47820725201806 -24.9
    endloop
  endfacet
  facet normal 0.24997098659615266 0.6641569795471722 0.7045637035633633
    outer loop
      vertex 16.98569685551494 -9.51508820719217 -24.9
      vertex 16.887706508215857 -9.47820725201806 -24.9
      vertex 16.317482850718207 -10.854848939534875 -23.4
    endloop
  endfacet
  facet normal 0.16114256857663525 0.69110278556348 0.7045637035633634
    outer loop
      vertex 17.085889527835967 -9.545481322062509 -24.9
      vertex 16.7002320102991 -10.984774771830986 -23.4
      vertex 17.187855484774193 -9.569256448645168 -24.9
    endloop
  endfacet
  facet normal 0.2059978347632943 0.6790838532124817 0.7045637035633634
    outer loop
      vertex 16.98569685551494 -9.51508820719217 -24.9
      vertex 16.50673076483142 -10.926076810744478 -23.4
      vertex 17.085889527835967 -9.545481322062509 -24.9
    endloop
  endfacet
  facet normal 0.11559726517225831 0.7001623096866691 0.7045637035633637
    outer loop
      vertex 17.187855484774193 -9.569256448645168 -24.9
      vertex 16.897157985081286 -11.030691469113558 -23.4
      vertex 17.29115809244792 -9.586311778198096 -24.9
    endloop
  endfacet
  facet normal 0.06955695653161198 0.706223631308905 0.7045637035633636
    outer loop
      vertex 17.29115809244792 -9.586311778198096 -24.9
      vertex 17.09666542192135 -11.063630280245164 -23.4
      vertex 17.39535499323177 -9.596574277181766 -24.9
    endloop
  endfacet
  facet normal 0.02321879432450137 0.709260794920454 0.7045637035633628
    outer loop
      vertex 17.39535499323177 -9.596574277181766 -24.9
      vertex 17.2978999993458 -11.083450156179682 -23.4
      vertex 17.5 -9.6 -24.9
    endloop
  endfacet
  facet normal -0.02321879432450135 0.7092607949204534 0.7045637035633635
    outer loop
      vertex 17.5 -9.6 -24.9
      vertex 17.5 -11.090066225165561 -23.4
      vertex 17.60464500676823 -9.596574277181766 -24.9
    endloop
  endfacet
  facet normal -0.06955695653161208 0.7062236313089059 0.7045637035633628
    outer loop
      vertex 17.60464500676823 -9.596574277181766 -24.9
      vertex 17.7021000006542 -11.083450156179682 -23.4
      vertex 17.70884190755208 -9.586311778198096 -24.9
    endloop
  endfacet
  facet normal -0.11559726517225832 0.7001623096866693 0.7045637035633636
    outer loop
      vertex 17.70884190755208 -9.586311778198096 -24.9
      vertex 17.90333457807865 -11.063630280245164 -23.4
      vertex 17.812144515225807 -9.569256448645168 -24.9
    endloop
  endfacet
  facet normal -0.16114256857663517 0.6911027855634796 0.7045637035633637
    outer loop
      vertex 17.812144515225807 -9.569256448645168 -24.9
      vertex 18.102842014918714 -11.030691469113558 -23.4
      vertex 17.914110472164033 -9.545481322062509 -24.9
    endloop
  endfacet
  facet normal -0.20599783476329434 0.6790838532124818 0.7045637035633634
    outer loop
      vertex 17.914110472164033 -9.545481322062509 -24.9
      vertex 18.2997679897009 -10.984774771830986 -23.4
      vertex 18.01430314448506 -9.51508820719217 -24.9
    endloop
  endfacet
  facet normal 0.3747384631904927 0.6026284691472061 0.7045637035633632
    outer loop
      vertex 16.611087627168637 -9.330351379684073 -24.9
      vertex 15.783251187238767 -10.569296166227598 -23.4
      vertex 16.7 -9.385640646055101 -24.9
    endloop
  endfacet
  facet normal 0.3345223317299593 0.6258472634717099 0.7045637035633635
    outer loop
      vertex 16.792338095649598 -9.434996386452301 -24.9
      vertex 16.7 -9.385640646055101 -24.9
      vertex 15.95496688741722 -10.676075850369662 -23.4
    endloop
  endfacet
  facet normal 0.7092607949204534 0.023218794324501746 0.7045637035633635
    outer loop
      vertex 15.903425722818234 -8.104645006768228 -24.9
      vertex 15.9 -8 -24.9
      vertex 14.409933774834439 -8 -23.4
    endloop
  endfacet
  facet normal 0.6641569795471725 0.24997098659615274 0.7045637035633634
    outer loop
      vertex 16.02179274798194 -8.612293491784143 -24.9
      vertex 15.98491179280783 -8.514303144485059 -24.9
      vertex 14.573923189255522 -8.993269235168576 -23.4
    endloop
  endfacet
  facet normal 0.6790838532124815 0.20599783476329428 0.7045637035633636
    outer loop
      vertex 15.98491179280783 -8.514303144485059 -24.9
      vertex 15.954518677937491 -8.414110472164033 -24.9
      vertex 14.515225228169014 -8.799767989700902 -23.4
    endloop
  endfacet
  facet normal 0.6911027855634804 0.1611425685766325 0.7045637035633636
    outer loop
      vertex 15.954518677937491 -8.414110472164033 -24.9
      vertex 15.930743551354832 -8.312144515225805 -24.9
      vertex 14.469308530886442 -8.60284201491871 -23.4
    endloop
  endfacet
  facet normal 0.7001623096866687 0.11559726517226221 0.7045637035633635
    outer loop
      vertex 15.930743551354832 -8.312144515225805 -24.9
      vertex 15.913688221801904 -8.208841907552083 -24.9
      vertex 14.436369719754836 -8.403334578078649 -23.4
    endloop
  endfacet
  facet normal 0.7062236313089058 0.0695569565316097 0.704563703563363
    outer loop
      vertex 15.913688221801904 -8.208841907552083 -24.9
      vertex 15.903425722818234 -8.104645006768228 -24.9
      vertex 14.416549843820318 -8.202100000654204 -23.4
    endloop
  endfacet
  facet normal 0.7092607949204539 -0.02321879432450157 0.704563703563363
    outer loop
      vertex 15.9 -8 -24.9
      vertex 15.903425722818234 -7.895354993231771 -24.9
      vertex 14.416549843820318 -7.7978999993457965 -23.4
    endloop
  endfacet
  facet normal 0.7062236313089052 -0.06955695653161023 0.7045637035633636
    outer loop
      vertex 15.903425722818234 -7.895354993231771 -24.9
      vertex 15.913688221801904 -7.791158092447917 -24.9
      vertex 14.436369719754836 -7.596665421921351 -23.4
    endloop
  endfacet
  facet normal 0.7001623096866685 -0.11559726517226215 0.7045637035633637
    outer loop
      vertex 15.913688221801904 -7.791158092447917 -24.9
      vertex 15.930743551354832 -7.687855484774195 -24.9
      vertex 14.469308530886442 -7.3971579850812885 -23.4
    endloop
  endfacet
  facet normal 0.6911027855634805 -0.16114256857663256 0.7045637035633635
    outer loop
      vertex 15.930743551354832 -7.687855484774195 -24.9
      vertex 15.954518677937491 -7.585889527835967 -24.9
      vertex 14.515225228169014 -7.200232010299098 -23.4
    endloop
  endfacet
  facet normal 0.6790838532124818 -0.20599783476329436 0.7045637035633633
    outer loop
      vertex 15.954518677937491 -7.585889527835967 -24.9
      vertex 15.98491179280783 -7.4856968555149415 -24.9
      vertex 14.573923189255522 -7.006730764831423 -23.4
    endloop
  endfacet
  facet normal 0.6641569795471722 -0.24997098659615266 0.7045637035633634
    outer loop
      vertex 15.98491179280783 -7.4856968555149415 -24.9
      vertex 16.02179274798194 -7.387706508215857 -24.9
      vertex 14.645151060465125 -6.817482850718206 -23.4
    endloop
  endfacet
  facet normal 0.6463860837322107 -0.2928737242881522 0.7045637035633633
    outer loop
      vertex 16.02179274798194 -7.387706508215857 -24.9
      vertex 16.0650036135477 -7.292338095649598 -24.9
      vertex 14.728603833118198 -6.633298656581551 -23.4
    endloop
  endfacet
  facet normal 0.6258472634717085 -0.33452233172996176 0.7045637035633636
    outer loop
      vertex 16.0650036135477 -7.292338095649598 -24.9
      vertex 16.1143593539449 -7.2 -24.9
      vertex 14.823924149630338 -6.4549668874172195 -23.4
    endloop
  endfacet
  facet normal 0.6026284691472018 -0.37473846319049836 0.7045637035633637
    outer loop
      vertex 16.1143593539449 -7.2 -24.9
      vertex 16.16964862031593 -7.1110876271686365 -24.9
      vertex 14.930703833772402 -6.283251187238766 -23.4
    endloop
  endfacet
  facet normal 0.5768291272006023 -0.4133499070207559 0.7045637035633638
    outer loop
      vertex 16.16964862031593 -7.1110876271686365 -24.9
      vertex 16.230634655534026 -7.025981713586047 -24.9
      vertex 15.048485638543774 -6.118886869036629 -23.4
    endloop
  endfacet
  facet normal 0.5485597143749195 -0.45019132309050985 0.7045637035633633
    outer loop
      vertex 16.230634655534026 -7.025981713586047 -24.9
      vertex 16.297056308033635 -6.94504669583989 -24.9
      vertex 15.176765204174233 -5.962577766055021 -23.4
    endloop
  endfacet
  facet normal 0.5179412846358529 -0.485104950800175 0.7045637035633628
    outer loop
      vertex 16.297056308033635 -6.94504669583989 -24.9
      vertex 16.368629150101523 -6.8686291501015235 -24.9
      vertex 15.314993217869915 -5.814993217869914 -23.4
    endloop
  endfacet
  facet normal -0.24997098659615263 0.6641569795471722 0.7045637035633636
    outer loop
      vertex 18.01430314448506 -9.51508820719217 -24.9
      vertex 18.49326923516858 -10.926076810744478 -23.4
      vertex 18.112293491784143 -9.47820725201806 -24.9
    endloop
  endfacet
  facet normal -0.2928737242881522 0.6463860837322107 0.7045637035633634
    outer loop
      vertex 18.112293491784143 -9.47820725201806 -24.9
      vertex 18.682517149281793 -10.854848939534875 -23.4
      vertex 18.207661904350402 -9.434996386452301 -24.9
    endloop
  endfacet
  facet normal -0.3345223317299593 0.6258472634717099 0.7045637035633635
    outer loop
      vertex 18.207661904350402 -9.434996386452301 -24.9
      vertex 18.866701343418452 -10.771396166881802 -23.4
      vertex 18.3 -9.385640646055101 -24.9
    endloop
  endfacet
  facet normal -0.37473846319049237 0.6026284691472056 0.7045637035633637
    outer loop
      vertex 18.3 -9.385640646055101 -24.9
      vertex 19.045033112582782 -10.676075850369662 -23.4
      vertex 18.388912372831363 -9.330351379684073 -24.9
    endloop
  endfacet
  facet normal -0.4133499070207622 0.5768291272005991 0.7045637035633628
    outer loop
      vertex 18.388912372831363 -9.330351379684073 -24.9
      vertex 19.21674881276123 -10.569296166227598 -23.4
      vertex 18.47401828641395 -9.269365344465976 -24.9
    endloop
  endfacet
  facet normal -0.4501913230905048 0.5485597143749228 0.7045637035633641
    outer loop
      vertex 18.47401828641395 -9.269365344465976 -24.9
      vertex 19.38111313096337 -10.451514361456226 -23.4
      vertex 18.55495330416011 -9.202943691966365 -24.9
    endloop
  endfacet
  facet normal -0.4851049508001842 0.5179412846358438 0.7045637035633633
    outer loop
      vertex 18.55495330416011 -9.202943691966365 -24.9
      vertex 19.53742223394498 -10.323234795825767 -23.4
      vertex 18.631370849898477 -9.131370849898476 -24.9
    endloop
  endfacet
  facet normal -0.51794128463585 0.48510495080017796 0.704563703563363
    outer loop
      vertex 18.631370849898477 -9.131370849898476 -24.9
      vertex 19.685006782130085 -10.185006782130085 -23.4
      vertex 18.702943691966365 -9.05495330416011 -24.9
    endloop
  endfacet
  facet normal -0.5485597143749197 0.45019132309050996 0.7045637035633631
    outer loop
      vertex 18.702943691966365 -9.05495330416011 -24.9
      vertex 19.823234795825766 -10.03742223394498 -23.4
      vertex 18.769365344465974 -8.974018286413953 -24.9
    endloop
  endfacet
  facet normal -0.5768291272006023 0.4133499070207559 0.7045637035633638
    outer loop
      vertex 18.769365344465974 -8.974018286413953 -24.9
      vertex 19.951514361456226 -9.88111313096337 -23.4
      vertex 18.83035137968407 -8.888912372831363 -24.9
    endloop
  endfacet
  facet normal -0.6026284691472003 0.3747384631905011 0.7045637035633637
    outer loop
      vertex 18.83035137968407 -8.888912372831363 -24.9
      vertex 20.0692961662276 -9.716748812761233 -23.4
      vertex 18.8856406460551 -8.8 -24.9
    endloop
  endfacet
  facet normal -0.6258472634717102 0.3345223317299595 0.7045637035633631
    outer loop
      vertex 18.8856406460551 -8.8 -24.9
      vertex 20.17607585036966 -9.54503311258278 -23.4
      vertex 18.9349963864523 -8.707661904350402 -24.9
    endloop
  endfacet
  facet normal -0.6463860837322111 0.2928737242881524 0.7045637035633631
    outer loop
      vertex 18.9349963864523 -8.707661904350402 -24.9
      vertex 20.2713961668818 -9.36670134341845 -23.4
      vertex 18.97820725201806 -8.612293491784143 -24.9
    endloop
  endfacet
  facet normal -0.6641569795471766 0.24997098659614223 0.7045637035633632
    outer loop
      vertex 18.97820725201806 -8.612293491784143 -24.9
      vertex 20.354848939534875 -9.182517149281793 -23.4
      vertex 19.015088207192168 -8.514303144485059 -24.9
    endloop
  endfacet
  facet normal -0.6790838532124749 0.20599783476331635 0.7045637035633636
    outer loop
      vertex 19.015088207192168 -8.514303144485059 -24.9
      vertex 20.426076810744476 -8.993269235168576 -23.4
      vertex 19.04548132206251 -8.414110472164033 -24.9
    endloop
  endfacet
  facet normal -0.6911027855634806 0.1611425685766326 0.7045637035633634
    outer loop
      vertex 19.04548132206251 -8.414110472164033 -24.9
      vertex 20.48477477183099 -8.799767989700902 -23.4
      vertex 19.06925644864517 -8.312144515225805 -24.9
    endloop
  endfacet
  facet normal -0.7001623096866693 0.11559726517226229 0.7045637035633628
    outer loop
      vertex 19.06925644864517 -8.312144515225805 -24.9
      vertex 20.530691469113556 -8.60284201491871 -23.4
      vertex 19.086311778198098 -8.208841907552083 -24.9
    endloop
  endfacet
  facet normal -0.7062236313089071 0.06955695653159778 0.704563703563363
    outer loop
      vertex 19.086311778198098 -8.208841907552083 -24.9
      vertex 20.563630280245164 -8.403334578078649 -23.4
      vertex 19.096574277181766 -8.104645006768228 -24.9
    endloop
  endfacet
  facet normal -0.7092607949204529 0.02321879432451377 0.7045637035633635
    outer loop
      vertex 19.096574277181766 -8.104645006768228 -24.9
      vertex 20.583450156179683 -8.202100000654204 -23.4
      vertex 19.1 -8 -24.9
    endloop
  endfacet
  facet normal -0.7092607949204536 -0.023218794324513594 0.704563703563363
    outer loop
      vertex 19.1 -8 -24.9
      vertex 20.59006622516556 -8 -23.4
      vertex 19.096574277181766 -7.895354993231771 -24.9
    endloop
  endfacet
  facet normal -0.7062236313089064 -0.06955695653159831 0.7045637035633636
    outer loop
      vertex 19.096574277181766 -7.895354993231771 -24.9
      vertex 20.583450156179683 -7.7978999993457965 -23.4
      vertex 19.086311778198098 -7.791158092447917 -24.9
    endloop
  endfacet
  facet normal -0.7001623096866691 -0.11559726517226228 0.7045637035633631
    outer loop
      vertex 19.086311778198098 -7.791158092447917 -24.9
      vertex 20.563630280245164 -7.596665421921351 -23.4
      vertex 19.06925644864517 -7.687855484774195 -24.9
    endloop
  endfacet
  facet normal -0.6641569795471762 -0.24997098659614211 0.7045637035633636
    outer loop
      vertex 19.015088207192168 -7.4856968555149415 -24.9
      vertex 20.426076810744476 -7.006730764831423 -23.4
      vertex 18.97820725201806 -7.387706508215857 -24.9
    endloop
  endfacet
  facet normal -0.6463860837322107 -0.29287372428815217 0.7045637035633635
    outer loop
      vertex 18.97820725201806 -7.387706508215857 -24.9
      vertex 20.354848939534875 -6.817482850718206 -23.4
      vertex 18.9349963864523 -7.292338095649598 -24.9
    endloop
  endfacet
  facet normal -0.6911027855634811 -0.1611425685766327 0.704563703563363
    outer loop
      vertex 19.06925644864517 -7.687855484774195 -24.9
      vertex 20.530691469113556 -7.3971579850812885 -23.4
      vertex 19.04548132206251 -7.585889527835967 -24.9
    endloop
  endfacet
  facet normal -0.6790838532124752 -0.20599783476331646 0.7045637035633632
    outer loop
      vertex 19.04548132206251 -7.585889527835967 -24.9
      vertex 20.48477477183099 -7.200232010299098 -23.4
      vertex 19.015088207192168 -7.4856968555149415 -24.9
    endloop
  endfacet
  facet normal -0.5768291272006025 -0.413349907020756 0.7045637035633636
    outer loop
      vertex 18.769365344465974 -7.025981713586047 -24.9
      vertex 18.83035137968407 -7.1110876271686365 -24.9
      vertex 20.0692961662276 -6.283251187238766 -23.4
    endloop
  endfacet
  facet normal -0.6258472634717092 -0.33452233172996215 0.7045637035633628
    outer loop
      vertex 18.9349963864523 -7.292338095649598 -24.9
      vertex 20.2713961668818 -6.633298656581551 -23.4
      vertex 18.8856406460551 -7.2 -24.9
    endloop
  endfacet
  facet normal -0.6026284691472024 -0.3747384631904987 0.7045637035633632
    outer loop
      vertex 18.83035137968407 -7.1110876271686365 -24.9
      vertex 18.8856406460551 -7.2 -24.9
      vertex 20.17607585036966 -6.4549668874172195 -23.4
    endloop
  endfacet
  facet normal -0.5485597143749189 -0.4501913230905094 0.7045637035633641
    outer loop
      vertex 18.769365344465974 -7.025981713586047 -24.9
      vertex 19.951514361456226 -6.118886869036629 -23.4
      vertex 18.702943691966365 -6.94504669583989 -24.9
    endloop
  endfacet
  facet normal -0.5179412846358525 -0.48510495080017474 0.7045637035633633
    outer loop
      vertex 18.631370849898477 -6.8686291501015235 -24.9
      vertex 18.702943691966365 -6.94504669583989 -24.9
      vertex 19.823234795825766 -5.962577766055021 -23.4
    endloop
  endfacet
  facet normal 0.485104950800181 -0.5179412846358469 0.7045637035633632
    outer loop
      vertex 16.368629150101523 -6.8686291501015235 -24.9
      vertex 16.44504669583989 -6.7970563080336355 -24.9
      vertex 15.46257776605502 -5.676765204174234 -23.4
    endloop
  endfacet
  facet normal 0.4501913230905048 -0.5485597143749228 0.7045637035633641
    outer loop
      vertex 16.44504669583989 -6.7970563080336355 -24.9
      vertex 16.52598171358605 -6.730634655534024 -24.9
      vertex 15.61888686903663 -5.548485638543774 -23.4
    endloop
  endfacet
  facet normal 0.4133499070207622 -0.576829127200599 0.7045637035633632
    outer loop
      vertex 16.52598171358605 -6.730634655534024 -24.9
      vertex 16.611087627168637 -6.669648620315927 -24.9
      vertex 15.783251187238767 -5.430703833772402 -23.4
    endloop
  endfacet
  facet normal 0.37473846319049253 -0.6026284691472059 0.7045637035633633
    outer loop
      vertex 16.611087627168637 -6.669648620315927 -24.9
      vertex 16.7 -6.614359353944899 -24.9
      vertex 15.95496688741722 -5.323924149630339 -23.4
    endloop
  endfacet
  facet normal 0.3345223317299592 -0.6258472634717097 0.7045637035633636
    outer loop
      vertex 16.7 -6.614359353944899 -24.9
      vertex 16.792338095649598 -6.565003613547699 -24.9
      vertex 16.133298656581548 -5.228603833118197 -23.4
    endloop
  endfacet
  facet normal 0.2928737242881522 -0.6463860837322107 0.7045637035633633
    outer loop
      vertex 16.792338095649598 -6.565003613547699 -24.9
      vertex 16.887706508215857 -6.521792747981941 -24.9
      vertex 16.317482850718207 -5.145151060465125 -23.4
    endloop
  endfacet
  facet normal 0.24997098659615263 -0.6641569795471722 0.7045637035633636
    outer loop
      vertex 16.887706508215857 -6.521792747981941 -24.9
      vertex 16.98569685551494 -6.48491179280783 -24.9
      vertex 16.50673076483142 -5.073923189255522 -23.4
    endloop
  endfacet
  facet normal 0.20599783476329994 -0.6790838532124803 0.7045637035633631
    outer loop
      vertex 16.98569685551494 -6.48491179280783 -24.9
      vertex 17.085889527835967 -6.45451867793749 -24.9
      vertex 16.7002320102991 -5.0152252281690135 -23.4
    endloop
  endfacet
  facet normal 0.16114256857662942 -0.6911027855634808 0.7045637035633638
    outer loop
      vertex 17.085889527835967 -6.45451867793749 -24.9
      vertex 17.187855484774193 -6.430743551354832 -24.9
      vertex 16.897157985081286 -4.969308530886442 -23.4
    endloop
  endfacet
  facet normal 0.11559726517225832 -0.7001623096866693 0.7045637035633636
    outer loop
      vertex 17.187855484774193 -6.430743551354832 -24.9
      vertex 17.29115809244792 -6.413688221801904 -24.9
      vertex 17.09666542192135 -4.936369719754836 -23.4
    endloop
  endfacet
  facet normal -0.11559726517225828 -0.700162309686669 0.7045637035633637
    outer loop
      vertex 17.70884190755208 -6.413688221801904 -24.9
      vertex 17.812144515225807 -6.430743551354832 -24.9
      vertex 18.102842014918714 -4.969308530886442 -23.4
    endloop
  endfacet
  facet normal -0.16114256857662962 -0.6911027855634816 0.7045637035633631
    outer loop
      vertex 17.812144515225807 -6.430743551354832 -24.9
      vertex 17.914110472164033 -6.45451867793749 -24.9
      vertex 18.2997679897009 -5.0152252281690135 -23.4
    endloop
  endfacet
  facet normal 0.06955695653161202 -0.7062236313089053 0.7045637035633633
    outer loop
      vertex 17.29115809244792 -6.413688221801904 -24.9
      vertex 17.39535499323177 -6.403425722818234 -24.9
      vertex 17.2978999993458 -4.916549843820317 -23.4
    endloop
  endfacet
  facet normal 0.02321879432450135 -0.7092607949204534 0.7045637035633635
    outer loop
      vertex 17.39535499323177 -6.403425722818234 -24.9
      vertex 17.5 -6.4 -24.9
      vertex 17.5 -4.909933774834439 -23.4
    endloop
  endfacet
  facet normal -0.023218794324501357 -0.7092607949204536 0.7045637035633633
    outer loop
      vertex 17.5 -6.4 -24.9
      vertex 17.60464500676823 -6.403425722818234 -24.9
      vertex 17.7021000006542 -4.916549843820317 -23.4
    endloop
  endfacet
  facet normal -0.06955695653161198 -0.706223631308905 0.7045637035633636
    outer loop
      vertex 17.60464500676823 -6.403425722818234 -24.9
      vertex 17.70884190755208 -6.413688221801904 -24.9
      vertex 17.90333457807865 -4.936369719754836 -23.4
    endloop
  endfacet
  facet normal -0.2059978347632998 -0.6790838532124799 0.7045637035633635
    outer loop
      vertex 17.914110472164033 -6.45451867793749 -24.9
      vertex 18.01430314448506 -6.48491179280783 -24.9
      vertex 18.49326923516858 -5.073923189255522 -23.4
    endloop
  endfacet
  facet normal -0.24997098659615266 -0.6641569795471722 0.7045637035633633
    outer loop
      vertex 18.112293491784143 -6.521792747981941 -24.9
      vertex 18.682517149281793 -5.145151060465125 -23.4
      vertex 18.01430314448506 -6.48491179280783 -24.9
    endloop
  endfacet
  facet normal -0.29287372428815206 -0.6463860837322104 0.7045637035633637
    outer loop
      vertex 18.112293491784143 -6.521792747981941 -24.9
      vertex 18.207661904350402 -6.565003613547699 -24.9
      vertex 18.866701343418452 -5.228603833118197 -23.4
    endloop
  endfacet
  facet normal -0.3345223317299593 -0.6258472634717099 0.7045637035633636
    outer loop
      vertex 18.207661904350402 -6.565003613547699 -24.9
      vertex 18.3 -6.614359353944899 -24.9
      vertex 19.045033112582782 -5.323924149630339 -23.4
    endloop
  endfacet
  facet normal -0.3747384631904928 -0.6026284691472062 0.7045637035633628
    outer loop
      vertex 18.388912372831363 -6.669648620315927 -24.9
      vertex 19.21674881276123 -5.430703833772402 -23.4
      vertex 18.3 -6.614359353944899 -24.9
    endloop
  endfacet
  facet normal -0.41334990702076163 -0.5768291272005983 0.704563703563364
    outer loop
      vertex 18.388912372831363 -6.669648620315927 -24.9
      vertex 18.47401828641395 -6.730634655534024 -24.9
      vertex 19.38111313096337 -5.548485638543774 -23.4
    endloop
  endfacet
  facet normal -0.4501913230905055 -0.5485597143749237 0.7045637035633628
    outer loop
      vertex 18.55495330416011 -6.7970563080336355 -24.9
      vertex 19.53742223394498 -5.676765204174234 -23.4
      vertex 18.47401828641395 -6.730634655534024 -24.9
    endloop
  endfacet
  facet normal -0.48510495080018107 -0.5179412846358469 0.704563703563363
    outer loop
      vertex 18.55495330416011 -6.7970563080336355 -24.9
      vertex 18.631370849898477 -6.8686291501015235 -24.9
      vertex 19.685006782130085 -5.814993217869914 -23.4
    endloop
  endfacet
  facet normal 0.4851049508001852 0.5179412846358428 0.7045637035633632
    outer loop
      vertex 16.44504669583989 -9.202943691966365 -24.9
      vertex 15.314993217869915 -10.185006782130085 -23.4
      vertex 15.46257776605502 -10.323234795825767 -23.4
    endloop
  endfacet
  facet normal 0.37473846319049686 0.6026284691472031 0.7045637035633635
    outer loop
      vertex 16.7 -9.385640646055101 -24.9
      vertex 15.783251187238767 -10.569296166227598 -23.4
      vertex 15.95496688741722 -10.676075850369662 -23.4
    endloop
  endfacet
  facet normal 0.3345223317299595 0.6258472634717097 0.7045637035633635
    outer loop
      vertex 16.792338095649598 -9.434996386452301 -24.9
      vertex 15.95496688741722 -10.676075850369662 -23.4
      vertex 16.133298656581548 -10.771396166881802 -23.4
    endloop
  endfacet
  facet normal 0.4133499070207517 0.5768291272006062 0.7045637035633633
    outer loop
      vertex 16.611087627168637 -9.330351379684073 -24.9
      vertex 15.61888686903663 -10.451514361456226 -23.4
      vertex 15.783251187238767 -10.569296166227598 -23.4
    endloop
  endfacet
  facet normal 0.4501913230905166 0.5485597143749132 0.7045637035633638
    outer loop
      vertex 16.52598171358605 -9.269365344465976 -24.9
      vertex 15.46257776605502 -10.323234795825767 -23.4
      vertex 15.61888686903663 -10.451514361456226 -23.4
    endloop
  endfacet
  facet normal 0.5768291272006058 0.41334990702075136 0.7045637035633638
    outer loop
      vertex 16.230634655534026 -8.974018286413953 -24.9
      vertex 14.930703833772402 -9.716748812761233 -23.4
      vertex 15.048485638543774 -9.88111313096337 -23.4
    endloop
  endfacet
  facet normal 0.6026284691472029 0.3747384631904968 0.7045637035633636
    outer loop
      vertex 16.16964862031593 -8.888912372831363 -24.9
      vertex 14.823924149630338 -9.54503311258278 -23.4
      vertex 14.930703833772402 -9.716748812761233 -23.4
    endloop
  endfacet
  facet normal 0.6463860837322111 0.2928737242881514 0.7045637035633634
    outer loop
      vertex 16.0650036135477 -8.707661904350402 -24.9
      vertex 14.645151060465125 -9.182517149281793 -23.4
      vertex 14.728603833118198 -9.36670134341845 -23.4
    endloop
  endfacet
  facet normal 0.6258472634717112 0.33452233172995693 0.7045637035633634
    outer loop
      vertex 16.1143593539449 -8.8 -24.9
      vertex 14.728603833118198 -9.36670134341845 -23.4
      vertex 14.823924149630338 -9.54503311258278 -23.4
    endloop
  endfacet
  facet normal 0.6641569795471727 0.2499709865961519 0.7045637035633633
    outer loop
      vertex 16.02179274798194 -8.612293491784143 -24.9
      vertex 14.573923189255522 -8.993269235168576 -23.4
      vertex 14.645151060465125 -9.182517149281793 -23.4
    endloop
  endfacet
  facet normal 0.6790838532124804 0.205997834763299 0.7045637035633633
    outer loop
      vertex 15.98491179280783 -8.514303144485059 -24.9
      vertex 14.515225228169014 -8.799767989700902 -23.4
      vertex 14.573923189255522 -8.993269235168576 -23.4
    endloop
  endfacet
  facet normal 0.5179412846358429 0.4851049508001853 0.7045637035633632
    outer loop
      vertex 16.368629150101523 -9.131370849898476 -24.9
      vertex 15.176765204174233 -10.03742223394498 -23.4
      vertex 15.314993217869915 -10.185006782130085 -23.4
    endloop
  endfacet
  facet normal 0.5485597143749135 0.4501913230905168 0.7045637035633635
    outer loop
      vertex 16.297056308033635 -9.05495330416011 -24.9
      vertex 15.048485638543774 -9.88111313096337 -23.4
      vertex 15.176765204174233 -10.03742223394498 -23.4
    endloop
  endfacet
  facet normal 0.20599783476329375 0.6790838532124818 0.7045637035633634
    outer loop
      vertex 17.085889527835967 -9.545481322062509 -24.9
      vertex 16.50673076483142 -10.926076810744478 -23.4
      vertex 16.7002320102991 -10.984774771830986 -23.4
    endloop
  endfacet
  facet normal 0.16114256857663986 0.6911027855634786 0.7045637035633636
    outer loop
      vertex 17.187855484774193 -9.569256448645168 -24.9
      vertex 16.7002320102991 -10.984774771830986 -23.4
      vertex 16.897157985081286 -11.030691469113558 -23.4
    endloop
  endfacet
  facet normal 0.11559726517225662 0.7001623096866695 0.7045637035633637
    outer loop
      vertex 17.29115809244792 -9.586311778198096 -24.9
      vertex 16.897157985081286 -11.030691469113558 -23.4
      vertex 17.09666542192135 -11.063630280245164 -23.4
    endloop
  endfacet
  facet normal 0.292873724288149 0.6463860837322121 0.7045637035633634
    outer loop
      vertex 16.887706508215857 -9.47820725201806 -24.9
      vertex 16.133298656581548 -10.771396166881802 -23.4
      vertex 16.317482850718207 -10.854848939534875 -23.4
    endloop
  endfacet
  facet normal 0.24997098659615594 0.6641569795471709 0.7045637035633636
    outer loop
      vertex 16.98569685551494 -9.51508820719217 -24.9
      vertex 16.317482850718207 -10.854848939534875 -23.4
      vertex 16.50673076483142 -10.926076810744478 -23.4
    endloop
  endfacet
  facet normal 0.06955695653160011 0.7062236313089066 0.704563703563363
    outer loop
      vertex 17.39535499323177 -9.596574277181766 -24.9
      vertex 17.09666542192135 -11.063630280245164 -23.4
      vertex 17.2978999993458 -11.083450156179682 -23.4
    endloop
  endfacet
  facet normal 0.023218794324510683 0.709260794920453 0.7045637035633633
    outer loop
      vertex 17.5 -9.6 -24.9
      vertex 17.2978999993458 -11.083450156179682 -23.4
      vertex 17.5 -11.090066225165561 -23.4
    endloop
  endfacet
  facet normal -0.023218794324510697 0.7092607949204535 0.7045637035633631
    outer loop
      vertex 17.60464500676823 -9.596574277181766 -24.9
      vertex 17.5 -11.090066225165561 -23.4
      vertex 17.7021000006542 -11.083450156179682 -23.4
    endloop
  endfacet
  facet normal -0.06955695653160009 0.7062236313089063 0.7045637035633634
    outer loop
      vertex 17.70884190755208 -9.586311778198096 -24.9
      vertex 17.7021000006542 -11.083450156179682 -23.4
      vertex 17.90333457807865 -11.063630280245164 -23.4
    endloop
  endfacet
  facet normal -0.11559726517225662 0.7001623096866695 0.7045637035633637
    outer loop
      vertex 17.812144515225807 -9.569256448645168 -24.9
      vertex 17.90333457807865 -11.063630280245164 -23.4
      vertex 18.102842014918714 -11.030691469113558 -23.4
    endloop
  endfacet
  facet normal -0.1611425685766399 0.6911027855634788 0.7045637035633634
    outer loop
      vertex 17.914110472164033 -9.545481322062509 -24.9
      vertex 18.102842014918714 -11.030691469113558 -23.4
      vertex 18.2997679897009 -10.984774771830986 -23.4
    endloop
  endfacet
  facet normal 0.7001623096866691 0.11559726517225863 0.7045637035633636
    outer loop
      vertex 15.930743551354832 -8.312144515225805 -24.9
      vertex 14.436369719754836 -8.403334578078649 -23.4
      vertex 14.469308530886442 -8.60284201491871 -23.4
    endloop
  endfacet
  facet normal 0.7062236313089063 0.0695569565316007 0.7045637035633634
    outer loop
      vertex 15.913688221801904 -8.208841907552083 -24.9
      vertex 14.416549843820318 -8.202100000654204 -23.4
      vertex 14.436369719754836 -8.403334578078649 -23.4
    endloop
  endfacet
  facet normal 0.6911027855634797 0.16114256857663575 0.7045637035633635
    outer loop
      vertex 15.954518677937491 -8.414110472164033 -24.9
      vertex 14.469308530886442 -8.60284201491871 -23.4
      vertex 14.515225228169014 -8.799767989700902 -23.4
    endloop
  endfacet
  facet normal 0.7092607949204534 0.023218794324510492 0.7045637035633631
    outer loop
      vertex 15.903425722818234 -8.104645006768228 -24.9
      vertex 14.409933774834439 -8 -23.4
      vertex 14.416549843820318 -8.202100000654204 -23.4
    endloop
  endfacet
  facet normal 0.7092607949204532 -0.023218794324510485 0.7045637035633634
    outer loop
      vertex 15.9 -8 -24.9
      vertex 14.416549843820318 -7.7978999993457965 -23.4
      vertex 14.409933774834439 -8 -23.4
    endloop
  endfacet
  facet normal 0.7062236313089065 -0.06955695653160072 0.7045637035633632
    outer loop
      vertex 15.903425722818234 -7.895354993231771 -24.9
      vertex 14.436369719754836 -7.596665421921351 -23.4
      vertex 14.416549843820318 -7.7978999993457965 -23.4
    endloop
  endfacet
  facet normal 0.7001623096866694 -0.11559726517225816 0.7045637035633635
    outer loop
      vertex 15.913688221801904 -7.791158092447917 -24.9
      vertex 14.469308530886442 -7.3971579850812885 -23.4
      vertex 14.436369719754836 -7.596665421921351 -23.4
    endloop
  endfacet
  facet normal 0.6911027855634794 -0.16114256857663642 0.7045637035633636
    outer loop
      vertex 15.930743551354832 -7.687855484774195 -24.9
      vertex 14.515225228169014 -7.200232010299098 -23.4
      vertex 14.469308530886442 -7.3971579850812885 -23.4
    endloop
  endfacet
  facet normal 0.6790838532124804 -0.20599783476329805 0.7045637035633635
    outer loop
      vertex 15.954518677937491 -7.585889527835967 -24.9
      vertex 14.573923189255522 -7.006730764831423 -23.4
      vertex 14.515225228169014 -7.200232010299098 -23.4
    endloop
  endfacet
  facet normal 0.6641569795471726 -0.24997098659615188 0.7045637035633633
    outer loop
      vertex 15.98491179280783 -7.4856968555149415 -24.9
      vertex 14.645151060465125 -6.817482850718206 -23.4
      vertex 14.573923189255522 -7.006730764831423 -23.4
    endloop
  endfacet
  facet normal 0.64638608373221 -0.2928737242881537 0.7045637035633634
    outer loop
      vertex 16.02179274798194 -7.387706508215857 -24.9
      vertex 14.728603833118198 -6.633298656581551 -23.4
      vertex 14.645151060465125 -6.817482850718206 -23.4
    endloop
  endfacet
  facet normal 0.6258472634717119 -0.3345223317299557 0.7045637035633634
    outer loop
      vertex 16.0650036135477 -7.292338095649598 -24.9
      vertex 14.823924149630338 -6.4549668874172195 -23.4
      vertex 14.728603833118198 -6.633298656581551 -23.4
    endloop
  endfacet
  facet normal 0.6026284691472039 -0.3747384631904954 0.7045637035633637
    outer loop
      vertex 16.1143593539449 -7.2 -24.9
      vertex 14.930703833772402 -6.283251187238766 -23.4
      vertex 14.823924149630338 -6.4549668874172195 -23.4
    endloop
  endfacet
  facet normal 0.5768291272006048 -0.4133499070207529 0.7045637035633636
    outer loop
      vertex 16.16964862031593 -7.1110876271686365 -24.9
      vertex 15.048485638543774 -6.118886869036629 -23.4
      vertex 14.930703833772402 -6.283251187238766 -23.4
    endloop
  endfacet
  facet normal -0.20599783476329378 0.6790838532124819 0.7045637035633634
    outer loop
      vertex 18.01430314448506 -9.51508820719217 -24.9
      vertex 18.2997679897009 -10.984774771830986 -23.4
      vertex 18.49326923516858 -10.926076810744478 -23.4
    endloop
  endfacet
  facet normal -0.249970986596156 0.6641569795471711 0.7045637035633634
    outer loop
      vertex 18.112293491784143 -9.47820725201806 -24.9
      vertex 18.49326923516858 -10.926076810744478 -23.4
      vertex 18.682517149281793 -10.854848939534875 -23.4
    endloop
  endfacet
  facet normal -0.29287372428814895 0.6463860837322118 0.7045637035633635
    outer loop
      vertex 18.207661904350402 -9.434996386452301 -24.9
      vertex 18.682517149281793 -10.854848939534875 -23.4
      vertex 18.866701343418452 -10.771396166881802 -23.4
    endloop
  endfacet
  facet normal -0.3345223317299568 0.6258472634717109 0.7045637035633638
    outer loop
      vertex 18.3 -9.385640646055101 -24.9
      vertex 18.866701343418452 -10.771396166881802 -23.4
      vertex 19.045033112582782 -10.676075850369662 -23.4
    endloop
  endfacet
  facet normal -0.37473846319050264 0.6026284691471999 0.7045637035633632
    outer loop
      vertex 18.388912372831363 -9.330351379684073 -24.9
      vertex 19.045033112582782 -10.676075850369662 -23.4
      vertex 19.21674881276123 -10.569296166227598 -23.4
    endloop
  endfacet
  facet normal -0.4133499070207485 0.5768291272006079 0.7045637035633637
    outer loop
      vertex 18.47401828641395 -9.269365344465976 -24.9
      vertex 19.21674881276123 -10.569296166227598 -23.4
      vertex 19.38111313096337 -10.451514361456226 -23.4
    endloop
  endfacet
  facet normal -0.450191323090517 0.5485597143749137 0.7045637035633634
    outer loop
      vertex 18.55495330416011 -9.202943691966365 -24.9
      vertex 19.38111313096337 -10.451514361456226 -23.4
      vertex 19.53742223394498 -10.323234795825767 -23.4
    endloop
  endfacet
  facet normal -0.4851049508001853 0.5179412846358429 0.7045637035633631
    outer loop
      vertex 18.631370849898477 -9.131370849898476 -24.9
      vertex 19.53742223394498 -10.323234795825767 -23.4
      vertex 19.685006782130085 -10.185006782130085 -23.4
    endloop
  endfacet
  facet normal -0.517941284635846 0.4851049508001819 0.7045637035633631
    outer loop
      vertex 18.702943691966365 -9.05495330416011 -24.9
      vertex 19.685006782130085 -10.185006782130085 -23.4
      vertex 19.823234795825766 -10.03742223394498 -23.4
    endloop
  endfacet
  facet normal -0.5485597143749101 0.4501913230905203 0.7045637035633638
    outer loop
      vertex 18.769365344465974 -8.974018286413953 -24.9
      vertex 19.823234795825766 -10.03742223394498 -23.4
      vertex 19.951514361456226 -9.88111313096337 -23.4
    endloop
  endfacet
  facet normal -0.576829127200606 0.41334990702075153 0.7045637035633636
    outer loop
      vertex 18.83035137968407 -8.888912372831363 -24.9
      vertex 19.951514361456226 -9.88111313096337 -23.4
      vertex 20.0692961662276 -9.716748812761233 -23.4
    endloop
  endfacet
  facet normal -0.6026284691472061 0.37473846319049253 0.7045637035633632
    outer loop
      vertex 18.8856406460551 -8.8 -24.9
      vertex 20.0692961662276 -9.716748812761233 -23.4
      vertex 20.17607585036966 -9.54503311258278 -23.4
    endloop
  endfacet
  facet normal -0.6258472634717116 0.33452233172995716 0.704563703563363
    outer loop
      vertex 18.9349963864523 -8.707661904350402 -24.9
      vertex 20.17607585036966 -9.54503311258278 -23.4
      vertex 20.2713961668818 -9.36670134341845 -23.4
    endloop
  endfacet
  facet normal -0.6463860837322087 0.2928737242881566 0.7045637035633633
    outer loop
      vertex 18.97820725201806 -8.612293491784143 -24.9
      vertex 20.2713961668818 -9.36670134341845 -23.4
      vertex 20.354848939534875 -9.182517149281793 -23.4
    endloop
  endfacet
  facet normal -0.6641569795471746 0.2499709865961464 0.7045637035633635
    outer loop
      vertex 19.015088207192168 -8.514303144485059 -24.9
      vertex 20.354848939534875 -9.182517149281793 -23.4
      vertex 20.426076810744476 -8.993269235168576 -23.4
    endloop
  endfacet
  facet normal -0.6641569795471748 -0.24997098659614644 0.7045637035633633
    outer loop
      vertex 18.97820725201806 -7.387706508215857 -24.9
      vertex 20.426076810744476 -7.006730764831423 -23.4
      vertex 20.354848939534875 -6.817482850718206 -23.4
    endloop
  endfacet
  facet normal -0.646386083732208 -0.29287372428815905 0.704563703563363
    outer loop
      vertex 18.9349963864523 -7.292338095649598 -24.9
      vertex 20.354848939534875 -6.817482850718206 -23.4
      vertex 20.2713961668818 -6.633298656581551 -23.4
    endloop
  endfacet
  facet normal -0.6026284691472066 -0.37473846319049087 0.7045637035633636
    outer loop
      vertex 18.83035137968407 -7.1110876271686365 -24.9
      vertex 20.17607585036966 -6.4549668874172195 -23.4
      vertex 20.0692961662276 -6.283251187238766 -23.4
    endloop
  endfacet
  facet normal -0.6258472634717122 -0.3345223317299558 0.7045637035633633
    outer loop
      vertex 18.8856406460551 -7.2 -24.9
      vertex 20.2713961668818 -6.633298656581551 -23.4
      vertex 20.17607585036966 -6.4549668874172195 -23.4
    endloop
  endfacet
  facet normal -0.679083853212477 0.20599783476331046 0.7045637035633632
    outer loop
      vertex 19.04548132206251 -8.414110472164033 -24.9
      vertex 20.426076810744476 -8.993269235168576 -23.4
      vertex 20.48477477183099 -8.799767989700902 -23.4
    endloop
  endfacet
  facet normal -0.691102785563483 0.16114256857662407 0.7045637035633631
    outer loop
      vertex 19.06925644864517 -8.312144515225805 -24.9
      vertex 20.48477477183099 -8.799767989700902 -23.4
      vertex 20.530691469113556 -8.60284201491871 -23.4
    endloop
  endfacet
  facet normal -0.7001623096866688 0.1155972651722648 0.704563703563363
    outer loop
      vertex 19.086311778198098 -8.208841907552083 -24.9
      vertex 20.530691469113556 -8.60284201491871 -23.4
      vertex 20.563630280245164 -8.403334578078649 -23.4
    endloop
  endfacet
  facet normal -0.7062236313089058 0.06955695653160687 0.7045637035633635
    outer loop
      vertex 19.096574277181766 -8.104645006768228 -24.9
      vertex 20.563630280245164 -8.403334578078649 -23.4
      vertex 20.583450156179683 -8.202100000654204 -23.4
    endloop
  endfacet
  facet normal -0.7092607949204536 0.023218794324504265 0.704563703563363
    outer loop
      vertex 19.1 -8 -24.9
      vertex 20.583450156179683 -8.202100000654204 -23.4
      vertex 20.59006622516556 -8 -23.4
    endloop
  endfacet
  facet normal -0.7092607949204534 -0.023218794324504254 0.7045637035633633
    outer loop
      vertex 19.096574277181766 -7.895354993231771 -24.9
      vertex 20.59006622516556 -8 -23.4
      vertex 20.583450156179683 -7.7978999993457965 -23.4
    endloop
  endfacet
  facet normal -0.706223631308906 -0.0695569565316069 0.7045637035633631
    outer loop
      vertex 19.086311778198098 -7.791158092447917 -24.9
      vertex 20.583450156179683 -7.7978999993457965 -23.4
      vertex 20.563630280245164 -7.596665421921351 -23.4
    endloop
  endfacet
  facet normal -0.7001623096866689 -0.1155972651722643 0.704563703563363
    outer loop
      vertex 19.06925644864517 -7.687855484774195 -24.9
      vertex 20.563630280245164 -7.596665421921351 -23.4
      vertex 20.530691469113556 -7.3971579850812885 -23.4
    endloop
  endfacet
  facet normal -0.6911027855634826 -0.16114256857662468 0.7045637035633633
    outer loop
      vertex 19.04548132206251 -7.585889527835967 -24.9
      vertex 20.530691469113556 -7.3971579850812885 -23.4
      vertex 20.48477477183099 -7.200232010299098 -23.4
    endloop
  endfacet
  facet normal -0.679083853212477 -0.2059978347633095 0.7045637035633635
    outer loop
      vertex 19.015088207192168 -7.4856968555149415 -24.9
      vertex 20.48477477183099 -7.200232010299098 -23.4
      vertex 20.426076810744476 -7.006730764831423 -23.4
    endloop
  endfacet
  facet normal 0.5485597143749119 -0.4501913230905181 0.7045637035633638
    outer loop
      vertex 16.230634655534026 -7.025981713586047 -24.9
      vertex 15.176765204174233 -5.962577766055021 -23.4
      vertex 15.048485638543774 -6.118886869036629 -23.4
    endloop
  endfacet
  facet normal 0.5179412846358455 -0.4851049508001819 0.7045637035633634
    outer loop
      vertex 16.297056308033635 -6.94504669583989 -24.9
      vertex 15.314993217869915 -5.814993217869914 -23.4
      vertex 15.176765204174233 -5.962577766055021 -23.4
    endloop
  endfacet
  facet normal 0.48510495080018196 -0.517941284635846 0.7045637035633631
    outer loop
      vertex 16.368629150101523 -6.8686291501015235 -24.9
      vertex 15.46257776605502 -5.676765204174234 -23.4
      vertex 15.314993217869915 -5.814993217869914 -23.4
    endloop
  endfacet
  facet normal 0.45019132309051896 -0.5485597143749122 0.7045637035633633
    outer loop
      vertex 16.44504669583989 -6.7970563080336355 -24.9
      vertex 15.61888686903663 -5.548485638543774 -23.4
      vertex 15.46257776605502 -5.676765204174234 -23.4
    endloop
  endfacet
  facet normal 0.4133499070207514 -0.5768291272006058 0.7045637035633638
    outer loop
      vertex 16.52598171358605 -6.730634655534024 -24.9
      vertex 15.783251187238767 -5.430703833772402 -23.4
      vertex 15.61888686903663 -5.548485638543774 -23.4
    endloop
  endfacet
  facet normal 0.3747384631904948 -0.6026284691472047 0.7045637035633632
    outer loop
      vertex 16.611087627168637 -6.669648620315927 -24.9
      vertex 15.95496688741722 -5.323924149630339 -23.4
      vertex 15.783251187238767 -5.430703833772402 -23.4
    endloop
  endfacet
  facet normal 0.3345223317299644 -0.6258472634717072 0.7045637035633636
    outer loop
      vertex 16.7 -6.614359353944899 -24.9
      vertex 16.133298656581548 -5.228603833118197 -23.4
      vertex 15.95496688741722 -5.323924149630339 -23.4
    endloop
  endfacet
  facet normal 0.29287372428814634 -0.646386083732213 0.7045637035633636
    outer loop
      vertex 16.792338095649598 -6.565003613547699 -24.9
      vertex 16.317482850718207 -5.145151060465125 -23.4
      vertex 16.133298656581548 -5.228603833118197 -23.4
    endloop
  endfacet
  facet normal 0.249970986596156 -0.6641569795471711 0.7045637035633634
    outer loop
      vertex 16.887706508215857 -6.521792747981941 -24.9
      vertex 16.50673076483142 -5.073923189255522 -23.4
      vertex 16.317482850718207 -5.145151060465125 -23.4
    endloop
  endfacet
  facet normal 0.20599783476329378 -0.6790838532124819 0.7045637035633634
    outer loop
      vertex 16.98569685551494 -6.48491179280783 -24.9
      vertex 16.7002320102991 -5.0152252281690135 -23.4
      vertex 16.50673076483142 -5.073923189255522 -23.4
    endloop
  endfacet
  facet normal 0.16114256857663994 -0.6911027855634789 0.7045637035633632
    outer loop
      vertex 17.085889527835967 -6.45451867793749 -24.9
      vertex 16.897157985081286 -4.969308530886442 -23.4
      vertex 16.7002320102991 -5.0152252281690135 -23.4
    endloop
  endfacet
  facet normal 0.11559726517225662 -0.7001623096866695 0.7045637035633637
    outer loop
      vertex 17.187855484774193 -6.430743551354832 -24.9
      vertex 17.09666542192135 -4.936369719754836 -23.4
      vertex 16.897157985081286 -4.969308530886442 -23.4
    endloop
  endfacet
  facet normal 0.06955695653160625 -0.7062236313089055 0.7045637035633636
    outer loop
      vertex 17.29115809244792 -6.413688221801904 -24.9
      vertex 17.2978999993458 -4.916549843820317 -23.4
      vertex 17.09666542192135 -4.936369719754836 -23.4
    endloop
  endfacet
  facet normal 0.02321879432450446 -0.7092607949204534 0.7045637035633633
    outer loop
      vertex 17.39535499323177 -6.403425722818234 -24.9
      vertex 17.5 -4.909933774834439 -23.4
      vertex 17.2978999993458 -4.916549843820317 -23.4
    endloop
  endfacet
  facet normal -0.023218794324504455 -0.7092607949204532 0.7045637035633635
    outer loop
      vertex 17.5 -6.4 -24.9
      vertex 17.7021000006542 -4.916549843820317 -23.4
      vertex 17.5 -4.909933774834439 -23.4
    endloop
  endfacet
  facet normal -0.06955695653160628 -0.7062236313089059 0.7045637035633633
    outer loop
      vertex 17.60464500676823 -6.403425722818234 -24.9
      vertex 17.90333457807865 -4.936369719754836 -23.4
      vertex 17.7021000006542 -4.916549843820317 -23.4
    endloop
  endfacet
  facet normal -0.11559726517225662 -0.7001623096866695 0.7045637035633637
    outer loop
      vertex 17.70884190755208 -6.413688221801904 -24.9
      vertex 18.102842014918714 -4.969308530886442 -23.4
      vertex 17.90333457807865 -4.936369719754836 -23.4
    endloop
  endfacet
  facet normal -0.16114256857663986 -0.6911027855634786 0.7045637035633636
    outer loop
      vertex 17.812144515225807 -6.430743551354832 -24.9
      vertex 18.2997679897009 -5.0152252281690135 -23.4
      vertex 18.102842014918714 -4.969308530886442 -23.4
    endloop
  endfacet
  facet normal -0.20599783476329384 -0.6790838532124821 0.7045637035633632
    outer loop
      vertex 17.914110472164033 -6.45451867793749 -24.9
      vertex 18.49326923516858 -5.073923189255522 -23.4
      vertex 18.2997679897009 -5.0152252281690135 -23.4
    endloop
  endfacet
  facet normal -0.24997098659615594 -0.6641569795471709 0.7045637035633636
    outer loop
      vertex 18.01430314448506 -6.48491179280783 -24.9
      vertex 18.682517149281793 -5.145151060465125 -23.4
      vertex 18.49326923516858 -5.073923189255522 -23.4
    endloop
  endfacet
  facet normal -0.29287372428814645 -0.6463860837322132 0.7045637035633634
    outer loop
      vertex 18.112293491784143 -6.521792747981941 -24.9
      vertex 18.866701343418452 -5.228603833118197 -23.4
      vertex 18.682517149281793 -5.145151060465125 -23.4
    endloop
  endfacet
  facet normal -0.33452233172996176 -0.6258472634717085 0.7045637035633636
    outer loop
      vertex 18.207661904350402 -6.565003613547699 -24.9
      vertex 19.045033112582782 -5.323924149630339 -23.4
      vertex 18.866701343418452 -5.228603833118197 -23.4
    endloop
  endfacet
  facet normal -0.4133499070207488 -0.5768291272006084 0.7045637035633632
    outer loop
      vertex 18.388912372831363 -6.669648620315927 -24.9
      vertex 19.38111313096337 -5.548485638543774 -23.4
      vertex 19.21674881276123 -5.430703833772402 -23.4
    endloop
  endfacet
  facet normal -0.37473846319050025 -0.602628469147201 0.7045637035633634
    outer loop
      vertex 18.3 -6.614359353944899 -24.9
      vertex 19.21674881276123 -5.430703833772402 -23.4
      vertex 19.045033112582782 -5.323924149630339 -23.4
    endloop
  endfacet
  facet normal -0.4501913230905185 -0.5485597143749118 0.7045637035633637
    outer loop
      vertex 18.47401828641395 -6.730634655534024 -24.9
      vertex 19.53742223394498 -5.676765204174234 -23.4
      vertex 19.38111313096337 -5.548485638543774 -23.4
    endloop
  endfacet
  facet normal -0.4851049508001819 -0.517941284635846 0.7045637035633631
    outer loop
      vertex 18.55495330416011 -6.7970563080336355 -24.9
      vertex 19.685006782130085 -5.814993217869914 -23.4
      vertex 19.53742223394498 -5.676765204174234 -23.4
    endloop
  endfacet
  facet normal -0.517941284635849 -0.48510495080017896 0.704563703563363
    outer loop
      vertex 18.631370849898477 -6.8686291501015235 -24.9
      vertex 19.823234795825766 -5.962577766055021 -23.4
      vertex 19.685006782130085 -5.814993217869914 -23.4
    endloop
  endfacet
  facet normal -0.5768291272006046 -0.4133499070207528 0.704563703563364
    outer loop
      vertex 18.769365344465974 -7.025981713586047 -24.9
      vertex 20.0692961662276 -6.283251187238766 -23.4
      vertex 19.951514361456226 -6.118886869036629 -23.4
    endloop
  endfacet
  facet normal -0.5485597143749095 -0.45019132309052234 0.7045637035633632
    outer loop
      vertex 18.702943691966365 -6.94504669583989 -24.9
      vertex 19.951514361456226 -6.118886869036629 -23.4
      vertex 19.823234795825766 -5.962577766055021 -23.4
    endloop
  endfacet
  facet normal 0.8128466845916097 0.5824776968678098 4.480397391944577e-19
    outer loop
      vertex -25.3487006784951 -25.034894429314825 -26.4
      vertex -25.413498340914327 -24.944469396133325 -26.4
      vertex -25.413498340914327 -24.944469396133325 -23.4
    endloop
  endfacet
  facet normal 0.8819212643483482 0.4713967368260105 3.1137619680948246e-19
    outer loop
      vertex -25.472243186433545 -24.85 -26.4
      vertex -25.52468366060557 -24.751890773372303 -26.4
      vertex -25.52468366060557 -24.751890773372303 -23.4
    endloop
  endfacet
  facet normal 0.8492021815265812 0.5280678506503642 1.134841172938304e-18
    outer loop
      vertex -25.413498340914327 -24.944469396133325 -26.4
      vertex -25.472243186433545 -24.85 -26.4
      vertex -25.472243186433545 -24.85 -23.4
    endloop
  endfacet
  facet normal 0.9108638249211869 0.4127070298043705 -1.0822335965609772e-18
    outer loop
      vertex -25.52468366060557 -24.751890773372303 -26.4
      vertex -25.570595205269186 -24.650561835020653 -26.4
      vertex -25.570595205269186 -24.650561835020653 -23.4
    endloop
  endfacet
  facet normal 0.9359059267573187 0.3522500479212523 9.324521639785565e-19
    outer loop
      vertex -25.570595205269186 -24.650561835020653 -26.4
      vertex -25.60978122014168 -24.546447091015374 -26.4
      vertex -25.60978122014168 -24.546447091015374 -23.4
    endloop
  endfacet
  facet normal 0.22707626303438147 0.9738769792773317 0
    outer loop
      vertex -24.439992376674287 -25.642073904691415 -26.4
      vertex -24.439992376674287 -25.642073904691415 -23.4
      vertex -24.33165354742742 -25.667334976685492 -26.4
    endloop
  endfacet
  facet normal 0.16289547339458998 0.9866433320848789 0
    outer loop
      vertex -24.33165354742742 -25.667334976685492 -26.4
      vertex -24.33165354742742 -25.667334976685492 -23.4
      vertex -24.221894526774086 -25.68545626433548 -26.4
    endloop
  endfacet
  facet normal 0.09801714032954162 0.9951847266721988 0
    outer loop
      vertex -24.221894526774086 -25.68545626433548 -26.4
      vertex -24.221894526774086 -25.68545626433548 -23.4
      vertex -24.111185319691245 -25.696360169505624 -26.4
    endloop
  endfacet
  facet normal 0.03271908282178623 0.9994645874763652 0
    outer loop
      vertex -24.111185319691245 -25.696360169505624 -26.4
      vertex -24.111185319691245 -25.696360169505624 -23.4
      vertex -24 -25.7 -26.4
    endloop
  endfacet
  facet normal -0.03271908282178623 0.9994645874763652 0
    outer loop
      vertex -24 -25.7 -26.4
      vertex -24 -25.7 -23.4
      vertex -23.888814680308755 -25.696360169505624 -26.4
    endloop
  endfacet
  facet normal -0.09801714032954162 0.9951847266721988 0
    outer loop
      vertex -23.888814680308755 -25.696360169505624 -26.4
      vertex -23.888814680308755 -25.696360169505624 -23.4
      vertex -23.778105473225914 -25.68545626433548 -26.4
    endloop
  endfacet
  facet normal -0.16289547339458998 0.9866433320848789 0
    outer loop
      vertex -23.778105473225914 -25.68545626433548 -26.4
      vertex -23.778105473225914 -25.68545626433548 -23.4
      vertex -23.66834645257258 -25.667334976685492 -26.4
    endloop
  endfacet
  facet normal -0.22707626303438147 0.9738769792773317 0
    outer loop
      vertex -23.66834645257258 -25.667334976685492 -26.4
      vertex -23.66834645257258 -25.667334976685492 -23.4
      vertex -23.560007623325713 -25.642073904691415 -26.4
    endloop
  endfacet
  facet normal 0.5824776968678098 0.8128466845916097 0
    outer loop
      vertex -25.034894429314825 -25.3487006784951 -26.4
      vertex -25.034894429314825 -25.3487006784951 -23.4
      vertex -24.944469396133325 -25.413498340914327 -26.4
    endloop
  endfacet
  facet normal 0.6835923020228705 0.7298640726978364 4.478768476531349e-19
    outer loop
      vertex -25.12088788567012 -25.278127672714263 -26.4
      vertex -25.202081528017132 -25.202081528017132 -26.4
      vertex -25.202081528017132 -25.202081528017132 -23.4
    endloop
  endfacet
  facet normal 0.7730104533627484 0.6343932841636315 -2.0432979843323885e-19
    outer loop
      vertex -25.278127672714263 -25.12088788567012 -26.4
      vertex -25.3487006784951 -25.034894429314825 -26.4
      vertex -25.3487006784951 -25.034894429314825 -23.4
    endloop
  endfacet
  facet normal 0.7298640726978364 0.6835923020228705 4.478768476531349e-19
    outer loop
      vertex -25.202081528017132 -25.202081528017132 -26.4
      vertex -25.278127672714263 -25.12088788567012 -26.4
      vertex -25.278127672714263 -25.12088788567012 -23.4
    endloop
  endfacet
  facet normal 0.6343932841636315 0.7730104533627484 0
    outer loop
      vertex -25.12088788567012 -25.278127672714263 -26.4
      vertex -25.12088788567012 -25.278127672714263 -23.4
      vertex -25.034894429314825 -25.3487006784951 -26.4
    endloop
  endfacet
  facet normal 0.4713967368260105 0.8819212643483482 0
    outer loop
      vertex -24.85 -25.472243186433545 -26.4
      vertex -24.85 -25.472243186433545 -23.4
      vertex -24.751890773372303 -25.52468366060557 -26.4
    endloop
  endfacet
  facet normal 0.4127070298043705 0.9108638249211869 0
    outer loop
      vertex -24.751890773372303 -25.52468366060557 -26.4
      vertex -24.751890773372303 -25.52468366060557 -23.4
      vertex -24.650561835020653 -25.570595205269186 -26.4
    endloop
  endfacet
  facet normal 0.5280678506503642 0.8492021815265812 0
    outer loop
      vertex -24.944469396133325 -25.413498340914327 -26.4
      vertex -24.944469396133325 -25.413498340914327 -23.4
      vertex -24.85 -25.472243186433545 -26.4
    endloop
  endfacet
  facet normal 0.3522500479212523 0.9359059267573187 0
    outer loop
      vertex -24.650561835020653 -25.570595205269186 -26.4
      vertex -24.650561835020653 -25.570595205269186 -23.4
      vertex -24.546447091015374 -25.60978122014168 -26.4
    endloop
  endfacet
  facet normal 0.2902846772544499 0.9569403357322126 0
    outer loop
      vertex -24.546447091015374 -25.60978122014168 -26.4
      vertex -24.546447091015374 -25.60978122014168 -23.4
      vertex -24.439992376674287 -25.642073904691415 -26.4
    endloop
  endfacet
  facet normal -0.2902846772544499 0.9569403357322126 0
    outer loop
      vertex -23.560007623325713 -25.642073904691415 -26.4
      vertex -23.560007623325713 -25.642073904691415 -23.4
      vertex -23.453552908984626 -25.60978122014168 -26.4
    endloop
  endfacet
  facet normal -0.3522500479212523 0.9359059267573187 0
    outer loop
      vertex -23.453552908984626 -25.60978122014168 -26.4
      vertex -23.453552908984626 -25.60978122014168 -23.4
      vertex -23.349438164979347 -25.570595205269186 -26.4
    endloop
  endfacet
  facet normal -0.4127070298043705 0.9108638249211869 0
    outer loop
      vertex -23.349438164979347 -25.570595205269186 -26.4
      vertex -23.349438164979347 -25.570595205269186 -23.4
      vertex -23.248109226627697 -25.52468366060557 -26.4
    endloop
  endfacet
  facet normal -0.4713967368260105 0.8819212643483482 0
    outer loop
      vertex -23.248109226627697 -25.52468366060557 -26.4
      vertex -23.248109226627697 -25.52468366060557 -23.4
      vertex -23.15 -25.472243186433545 -26.4
    endloop
  endfacet
  facet normal -0.5280678506503642 0.8492021815265812 -1.134841172938304e-18
    outer loop
      vertex -23.055530603866675 -25.413498340914327 -26.4
      vertex -23.15 -25.472243186433545 -26.4
      vertex -23.15 -25.472243186433545 -23.4
    endloop
  endfacet
  facet normal -0.5824776968678098 0.8128466845916097 0
    outer loop
      vertex -23.055530603866675 -25.413498340914327 -26.4
      vertex -23.055530603866675 -25.413498340914327 -23.4
      vertex -22.965105570685175 -25.3487006784951 -26.4
    endloop
  endfacet
  facet normal -0.6343932841636315 0.7730104533627484 0
    outer loop
      vertex -22.965105570685175 -25.3487006784951 -26.4
      vertex -22.965105570685175 -25.3487006784951 -23.4
      vertex -22.87911211432988 -25.278127672714263 -26.4
    endloop
  endfacet
  facet normal -0.6835923020228705 0.7298640726978364 0
    outer loop
      vertex -22.87911211432988 -25.278127672714263 -26.4
      vertex -22.87911211432988 -25.278127672714263 -23.4
      vertex -22.797918471982868 -25.202081528017132 -26.4
    endloop
  endfacet
  facet normal -0.7298640726978364 0.6835923020228705 0
    outer loop
      vertex -22.797918471982868 -25.202081528017132 -26.4
      vertex -22.797918471982868 -25.202081528017132 -23.4
      vertex -22.721872327285737 -25.12088788567012 -26.4
    endloop
  endfacet
  facet normal -0.7730104533627484 0.6343932841636315 2.0432979843323885e-19
    outer loop
      vertex -22.6512993215049 -25.034894429314825 -26.4
      vertex -22.721872327285737 -25.12088788567012 -26.4
      vertex -22.721872327285737 -25.12088788567012 -23.4
    endloop
  endfacet
  facet normal -0.8128466845916097 0.5824776968678098 -4.480397391944577e-19
    outer loop
      vertex -22.586501659085673 -24.944469396133325 -26.4
      vertex -22.6512993215049 -25.034894429314825 -26.4
      vertex -22.6512993215049 -25.034894429314825 -23.4
    endloop
  endfacet
  facet normal -0.8492021815265812 0.5280678506503642 -1.134841172938304e-18
    outer loop
      vertex -22.527756813566455 -24.85 -26.4
      vertex -22.586501659085673 -24.944469396133325 -26.4
      vertex -22.586501659085673 -24.944469396133325 -23.4
    endloop
  endfacet
  facet normal -0.8819212643483482 0.4713967368260105 -3.1137619680948246e-19
    outer loop
      vertex -22.47531633939443 -24.751890773372303 -26.4
      vertex -22.527756813566455 -24.85 -26.4
      vertex -22.527756813566455 -24.85 -23.4
    endloop
  endfacet
  facet normal -0.9108638249211869 0.4127070298043705 1.0822335965609772e-18
    outer loop
      vertex -22.429404794730814 -24.650561835020653 -26.4
      vertex -22.47531633939443 -24.751890773372303 -26.4
      vertex -22.47531633939443 -24.751890773372303 -23.4
    endloop
  endfacet
  facet normal -0.9359059267573187 0.3522500479212523 -9.324521639785565e-19
    outer loop
      vertex -22.39021877985832 -24.546447091015374 -26.4
      vertex -22.429404794730814 -24.650561835020653 -26.4
      vertex -22.429404794730814 -24.650561835020653 -23.4
    endloop
  endfacet
  facet normal -0.9569403357322126 0.2902846772544499 -2.629894211950571e-19
    outer loop
      vertex -22.357926095308585 -24.439992376674287 -26.4
      vertex -22.39021877985832 -24.546447091015374 -26.4
      vertex -22.39021877985832 -24.546447091015374 -23.4
    endloop
  endfacet
  facet normal 0.9569403357322126 0.2902846772544499 2.629894211950571e-19
    outer loop
      vertex -25.60978122014168 -24.546447091015374 -26.4
      vertex -25.642073904691415 -24.439992376674287 -26.4
      vertex -25.642073904691415 -24.439992376674287 -23.4
    endloop
  endfacet
  facet normal 0.9738769792773317 0.22707626303438147 -6.497010477242105e-19
    outer loop
      vertex -25.642073904691415 -24.439992376674287 -26.4
      vertex -25.667334976685492 -24.33165354742742 -26.4
      vertex -25.667334976685492 -24.33165354742742 -23.4
    endloop
  endfacet
  facet normal 0.9866433320848789 0.16289547339458998 -5.803519072698362e-19
    outer loop
      vertex -25.667334976685492 -24.33165354742742 -26.4
      vertex -25.68545626433548 -24.221894526774086 -26.4
      vertex -25.68545626433548 -24.221894526774086 -23.4
    endloop
  endfacet
  facet normal 0.9951847266721988 0.09801714032954162 -6.175844402151067e-20
    outer loop
      vertex -25.68545626433548 -24.221894526774086 -26.4
      vertex -25.696360169505624 -24.111185319691245 -26.4
      vertex -25.696360169505624 -24.111185319691245 -23.4
    endloop
  endfacet
  facet normal 0.9994645874763652 0.03271908282178623 -5.577206550149531e-20
    outer loop
      vertex -25.696360169505624 -24.111185319691245 -26.4
      vertex -25.7 -24 -26.4
      vertex -25.7 -24 -23.4
    endloop
  endfacet
  facet normal 0.9994645874763652 -0.03271908282178623 5.577206550149531e-20
    outer loop
      vertex -25.7 -24 -26.4
      vertex -25.696360169505624 -23.888814680308755 -26.4
      vertex -25.696360169505624 -23.888814680308755 -23.4
    endloop
  endfacet
  facet normal 0.9951847266721988 -0.09801714032954162 6.175844402151067e-20
    outer loop
      vertex -25.696360169505624 -23.888814680308755 -26.4
      vertex -25.68545626433548 -23.778105473225914 -26.4
      vertex -25.68545626433548 -23.778105473225914 -23.4
    endloop
  endfacet
  facet normal 0.9866433320848789 -0.16289547339458998 5.803519072698362e-19
    outer loop
      vertex -25.68545626433548 -23.778105473225914 -26.4
      vertex -25.667334976685492 -23.66834645257258 -26.4
      vertex -25.667334976685492 -23.66834645257258 -23.4
    endloop
  endfacet
  facet normal 0.9738769792773317 -0.22707626303438147 6.497010477242105e-19
    outer loop
      vertex -25.667334976685492 -23.66834645257258 -26.4
      vertex -25.642073904691415 -23.560007623325713 -26.4
      vertex -25.642073904691415 -23.560007623325713 -23.4
    endloop
  endfacet
  facet normal 0.9569403357322126 -0.2902846772544499 -2.629894211950571e-19
    outer loop
      vertex -25.642073904691415 -23.560007623325713 -26.4
      vertex -25.60978122014168 -23.453552908984626 -26.4
      vertex -25.60978122014168 -23.453552908984626 -23.4
    endloop
  endfacet
  facet normal 0.9359059267573187 -0.3522500479212523 -9.324521639785565e-19
    outer loop
      vertex -25.60978122014168 -23.453552908984626 -26.4
      vertex -25.570595205269186 -23.349438164979347 -26.4
      vertex -25.570595205269186 -23.349438164979347 -23.4
    endloop
  endfacet
  facet normal 0.9108638249211869 -0.4127070298043705 1.0822335965609772e-18
    outer loop
      vertex -25.570595205269186 -23.349438164979347 -26.4
      vertex -25.52468366060557 -23.248109226627697 -26.4
      vertex -25.52468366060557 -23.248109226627697 -23.4
    endloop
  endfacet
  facet normal 0.8819212643483482 -0.4713967368260105 -3.1137619680948246e-19
    outer loop
      vertex -25.52468366060557 -23.248109226627697 -26.4
      vertex -25.472243186433545 -23.15 -26.4
      vertex -25.472243186433545 -23.15 -23.4
    endloop
  endfacet
  facet normal 0.8492021815265812 -0.5280678506503642 -1.134841172938304e-18
    outer loop
      vertex -25.472243186433545 -23.15 -26.4
      vertex -25.413498340914327 -23.055530603866675 -26.4
      vertex -25.413498340914327 -23.055530603866675 -23.4
    endloop
  endfacet
  facet normal 0.8128466845916097 -0.5824776968678098 -4.480397391944577e-19
    outer loop
      vertex -25.413498340914327 -23.055530603866675 -26.4
      vertex -25.3487006784951 -22.965105570685175 -26.4
      vertex -25.3487006784951 -22.965105570685175 -23.4
    endloop
  endfacet
  facet normal 0.7730104533627484 -0.6343932841636315 2.0432979843323885e-19
    outer loop
      vertex -25.3487006784951 -22.965105570685175 -26.4
      vertex -25.278127672714263 -22.87911211432988 -26.4
      vertex -25.278127672714263 -22.87911211432988 -23.4
    endloop
  endfacet
  facet normal 0.7298640726978364 -0.6835923020228705 -4.478768476531349e-19
    outer loop
      vertex -25.278127672714263 -22.87911211432988 -26.4
      vertex -25.202081528017132 -22.797918471982868 -26.4
      vertex -25.202081528017132 -22.797918471982868 -23.4
    endloop
  endfacet
  facet normal 0.6835923020228705 -0.7298640726978364 0
    outer loop
      vertex -25.12088788567012 -22.721872327285737 -26.4
      vertex -25.12088788567012 -22.721872327285737 -23.4
      vertex -25.202081528017132 -22.797918471982868 -26.4
    endloop
  endfacet
  facet normal 0.6343932841636315 -0.7730104533627484 0
    outer loop
      vertex -25.034894429314825 -22.6512993215049 -26.4
      vertex -25.034894429314825 -22.6512993215049 -23.4
      vertex -25.12088788567012 -22.721872327285737 -26.4
    endloop
  endfacet
  facet normal 0.5824776968678098 -0.8128466845916097 0
    outer loop
      vertex -24.944469396133325 -22.586501659085673 -26.4
      vertex -24.944469396133325 -22.586501659085673 -23.4
      vertex -25.034894429314825 -22.6512993215049 -26.4
    endloop
  endfacet
  facet normal 0.5280678506503642 -0.8492021815265812 0
    outer loop
      vertex -24.85 -22.527756813566455 -26.4
      vertex -24.85 -22.527756813566455 -23.4
      vertex -24.944469396133325 -22.586501659085673 -26.4
    endloop
  endfacet
  facet normal 0.4713967368260105 -0.8819212643483482 0
    outer loop
      vertex -24.751890773372303 -22.47531633939443 -26.4
      vertex -24.751890773372303 -22.47531633939443 -23.4
      vertex -24.85 -22.527756813566455 -26.4
    endloop
  endfacet
  facet normal 0.4127070298043705 -0.9108638249211869 0
    outer loop
      vertex -24.650561835020653 -22.429404794730814 -26.4
      vertex -24.650561835020653 -22.429404794730814 -23.4
      vertex -24.751890773372303 -22.47531633939443 -26.4
    endloop
  endfacet
  facet normal 0.3522500479212523 -0.9359059267573187 0
    outer loop
      vertex -24.546447091015374 -22.39021877985832 -26.4
      vertex -24.546447091015374 -22.39021877985832 -23.4
      vertex -24.650561835020653 -22.429404794730814 -26.4
    endloop
  endfacet
  facet normal 0.2902846772544499 -0.9569403357322126 0
    outer loop
      vertex -24.439992376674287 -22.357926095308585 -26.4
      vertex -24.439992376674287 -22.357926095308585 -23.4
      vertex -24.546447091015374 -22.39021877985832 -26.4
    endloop
  endfacet
  facet normal 0.22707626303438147 -0.9738769792773317 0
    outer loop
      vertex -24.33165354742742 -22.332665023314508 -26.4
      vertex -24.33165354742742 -22.332665023314508 -23.4
      vertex -24.439992376674287 -22.357926095308585 -26.4
    endloop
  endfacet
  facet normal 0.16289547339458998 -0.9866433320848789 0
    outer loop
      vertex -24.221894526774086 -22.31454373566452 -26.4
      vertex -24.221894526774086 -22.31454373566452 -23.4
      vertex -24.33165354742742 -22.332665023314508 -26.4
    endloop
  endfacet
  facet normal 0.09801714032954162 -0.9951847266721988 0
    outer loop
      vertex -24.111185319691245 -22.303639830494376 -26.4
      vertex -24.111185319691245 -22.303639830494376 -23.4
      vertex -24.221894526774086 -22.31454373566452 -26.4
    endloop
  endfacet
  facet normal 0.03271908282178623 -0.9994645874763652 0
    outer loop
      vertex -24 -22.3 -26.4
      vertex -24 -22.3 -23.4
      vertex -24.111185319691245 -22.303639830494376 -26.4
    endloop
  endfacet
  facet normal -0.03271908282178623 -0.9994645874763652 0
    outer loop
      vertex -23.888814680308755 -22.303639830494376 -26.4
      vertex -23.888814680308755 -22.303639830494376 -23.4
      vertex -24 -22.3 -26.4
    endloop
  endfacet
  facet normal -0.09801714032954162 -0.9951847266721988 0
    outer loop
      vertex -23.778105473225914 -22.31454373566452 -26.4
      vertex -23.778105473225914 -22.31454373566452 -23.4
      vertex -23.888814680308755 -22.303639830494376 -26.4
    endloop
  endfacet
  facet normal -0.16289547339458998 -0.9866433320848789 0
    outer loop
      vertex -23.66834645257258 -22.332665023314508 -26.4
      vertex -23.66834645257258 -22.332665023314508 -23.4
      vertex -23.778105473225914 -22.31454373566452 -26.4
    endloop
  endfacet
  facet normal -0.22707626303438147 -0.9738769792773317 0
    outer loop
      vertex -23.560007623325713 -22.357926095308585 -26.4
      vertex -23.560007623325713 -22.357926095308585 -23.4
      vertex -23.66834645257258 -22.332665023314508 -26.4
    endloop
  endfacet
  facet normal -0.9738769792773317 0.22707626303438147 6.497010477242105e-19
    outer loop
      vertex -22.332665023314508 -24.33165354742742 -26.4
      vertex -22.357926095308585 -24.439992376674287 -26.4
      vertex -22.357926095308585 -24.439992376674287 -23.4
    endloop
  endfacet
  facet normal -0.9866433320848789 0.16289547339458998 5.803519072698362e-19
    outer loop
      vertex -22.31454373566452 -24.221894526774086 -26.4
      vertex -22.332665023314508 -24.33165354742742 -26.4
      vertex -22.332665023314508 -24.33165354742742 -23.4
    endloop
  endfacet
  facet normal -0.9951847266721988 0.09801714032954162 6.175844402151067e-20
    outer loop
      vertex -22.303639830494376 -24.111185319691245 -26.4
      vertex -22.31454373566452 -24.221894526774086 -26.4
      vertex -22.31454373566452 -24.221894526774086 -23.4
    endloop
  endfacet
  facet normal -0.9994645874763652 0.03271908282178623 5.577206550149531e-20
    outer loop
      vertex -22.3 -24 -26.4
      vertex -22.303639830494376 -24.111185319691245 -26.4
      vertex -22.303639830494376 -24.111185319691245 -23.4
    endloop
  endfacet
  facet normal -0.9994645874763652 -0.03271908282178623 -5.577206550149531e-20
    outer loop
      vertex -22.303639830494376 -23.888814680308755 -26.4
      vertex -22.3 -24 -26.4
      vertex -22.3 -24 -23.4
    endloop
  endfacet
  facet normal -0.9951847266721988 -0.09801714032954162 -6.175844402151067e-20
    outer loop
      vertex -22.31454373566452 -23.778105473225914 -26.4
      vertex -22.303639830494376 -23.888814680308755 -26.4
      vertex -22.303639830494376 -23.888814680308755 -23.4
    endloop
  endfacet
  facet normal -0.9866433320848789 -0.16289547339458998 -5.803519072698362e-19
    outer loop
      vertex -22.332665023314508 -23.66834645257258 -26.4
      vertex -22.31454373566452 -23.778105473225914 -26.4
      vertex -22.31454373566452 -23.778105473225914 -23.4
    endloop
  endfacet
  facet normal -0.9738769792773317 -0.22707626303438147 -6.497010477242105e-19
    outer loop
      vertex -22.357926095308585 -23.560007623325713 -26.4
      vertex -22.332665023314508 -23.66834645257258 -26.4
      vertex -22.332665023314508 -23.66834645257258 -23.4
    endloop
  endfacet
  facet normal -0.9569403357322126 -0.2902846772544499 2.629894211950571e-19
    outer loop
      vertex -22.39021877985832 -23.453552908984626 -26.4
      vertex -22.357926095308585 -23.560007623325713 -26.4
      vertex -22.357926095308585 -23.560007623325713 -23.4
    endloop
  endfacet
  facet normal -0.9359059267573187 -0.3522500479212523 9.324521639785565e-19
    outer loop
      vertex -22.429404794730814 -23.349438164979347 -26.4
      vertex -22.39021877985832 -23.453552908984626 -26.4
      vertex -22.39021877985832 -23.453552908984626 -23.4
    endloop
  endfacet
  facet normal -0.7730104533627484 -0.6343932841636315 -2.0432979843323885e-19
    outer loop
      vertex -22.721872327285737 -22.87911211432988 -26.4
      vertex -22.6512993215049 -22.965105570685175 -26.4
      vertex -22.6512993215049 -22.965105570685175 -23.4
    endloop
  endfacet
  facet normal -0.7298640726978364 -0.6835923020228705 4.478768476531349e-19
    outer loop
      vertex -22.797918471982868 -22.797918471982868 -26.4
      vertex -22.721872327285737 -22.87911211432988 -26.4
      vertex -22.721872327285737 -22.87911211432988 -23.4
    endloop
  endfacet
  facet normal -0.3522500479212523 -0.9359059267573187 0
    outer loop
      vertex -23.349438164979347 -22.429404794730814 -26.4
      vertex -23.349438164979347 -22.429404794730814 -23.4
      vertex -23.453552908984626 -22.39021877985832 -26.4
    endloop
  endfacet
  facet normal -0.2902846772544499 -0.9569403357322126 0
    outer loop
      vertex -23.453552908984626 -22.39021877985832 -26.4
      vertex -23.453552908984626 -22.39021877985832 -23.4
      vertex -23.560007623325713 -22.357926095308585 -26.4
    endloop
  endfacet
  facet normal -0.4127070298043705 -0.9108638249211869 0
    outer loop
      vertex -23.248109226627697 -22.47531633939443 -26.4
      vertex -23.248109226627697 -22.47531633939443 -23.4
      vertex -23.349438164979347 -22.429404794730814 -26.4
    endloop
  endfacet
  facet normal -0.4713967368260105 -0.8819212643483482 0
    outer loop
      vertex -23.15 -22.527756813566455 -26.4
      vertex -23.15 -22.527756813566455 -23.4
      vertex -23.248109226627697 -22.47531633939443 -26.4
    endloop
  endfacet
  facet normal -0.6343932841636315 -0.7730104533627484 0
    outer loop
      vertex -22.87911211432988 -22.721872327285737 -26.4
      vertex -22.87911211432988 -22.721872327285737 -23.4
      vertex -22.965105570685175 -22.6512993215049 -26.4
    endloop
  endfacet
  facet normal -0.5280678506503642 -0.8492021815265812 0
    outer loop
      vertex -23.055530603866675 -22.586501659085673 -26.4
      vertex -23.055530603866675 -22.586501659085673 -23.4
      vertex -23.15 -22.527756813566455 -26.4
    endloop
  endfacet
  facet normal -0.5824776968678098 -0.8128466845916097 0
    outer loop
      vertex -22.965105570685175 -22.6512993215049 -26.4
      vertex -22.965105570685175 -22.6512993215049 -23.4
      vertex -23.055530603866675 -22.586501659085673 -26.4
    endloop
  endfacet
  facet normal -0.6835923020228705 -0.7298640726978364 0
    outer loop
      vertex -22.797918471982868 -22.797918471982868 -26.4
      vertex -22.797918471982868 -22.797918471982868 -23.4
      vertex -22.87911211432988 -22.721872327285737 -26.4
    endloop
  endfacet
  facet normal -0.9108638249211869 -0.4127070298043705 -1.0822335965609772e-18
    outer loop
      vertex -22.47531633939443 -23.248109226627697 -26.4
      vertex -22.429404794730814 -23.349438164979347 -26.4
      vertex -22.429404794730814 -23.349438164979347 -23.4
    endloop
  endfacet
  facet normal -0.8492021815265812 -0.5280678506503642 1.134841172938304e-18
    outer loop
      vertex -22.586501659085673 -23.055530603866675 -26.4
      vertex -22.527756813566455 -23.15 -26.4
      vertex -22.527756813566455 -23.15 -23.4
    endloop
  endfacet
  facet normal -0.8819212643483482 -0.4713967368260105 3.1137619680948246e-19
    outer loop
      vertex -22.527756813566455 -23.15 -26.4
      vertex -22.47531633939443 -23.248109226627697 -26.4
      vertex -22.47531633939443 -23.248109226627697 -23.4
    endloop
  endfacet
  facet normal -0.8128466845916097 -0.5824776968678098 4.480397391944577e-19
    outer loop
      vertex -22.6512993215049 -22.965105570685175 -26.4
      vertex -22.586501659085673 -23.055530603866675 -26.4
      vertex -22.586501659085673 -23.055530603866675 -23.4
    endloop
  endfacet
  facet normal 0.8819212643483482 0.4713967368260105 0
    outer loop
      vertex -25.472243186433545 -24.85 -26.4
      vertex -25.52468366060557 -24.751890773372303 -23.4
      vertex -25.472243186433545 -24.85 -23.4
    endloop
  endfacet
  facet normal 0.8492021815265812 0.5280678506503642 0
    outer loop
      vertex -25.413498340914327 -24.944469396133325 -26.4
      vertex -25.472243186433545 -24.85 -23.4
      vertex -25.413498340914327 -24.944469396133325 -23.4
    endloop
  endfacet
  facet normal 0.9569403357322126 0.2902846772544499 0
    outer loop
      vertex -25.60978122014168 -24.546447091015374 -26.4
      vertex -25.642073904691415 -24.439992376674287 -23.4
      vertex -25.60978122014168 -24.546447091015374 -23.4
    endloop
  endfacet
  facet normal 0.9108638249211869 0.4127070298043705 -1.0822335965609772e-18
    outer loop
      vertex -25.570595205269186 -24.650561835020653 -23.4
      vertex -25.52468366060557 -24.751890773372303 -23.4
      vertex -25.52468366060557 -24.751890773372303 -26.4
    endloop
  endfacet
  facet normal 0.9359059267573187 0.3522500479212523 0
    outer loop
      vertex -25.570595205269186 -24.650561835020653 -26.4
      vertex -25.60978122014168 -24.546447091015374 -23.4
      vertex -25.570595205269186 -24.650561835020653 -23.4
    endloop
  endfacet
  facet normal 0.2902846772544499 0.9569403357322126 0
    outer loop
      vertex -24.439992376674287 -25.642073904691415 -26.4
      vertex -24.546447091015374 -25.60978122014168 -23.4
      vertex -24.439992376674287 -25.642073904691415 -23.4
    endloop
  endfacet
  facet normal 0.22707626303438147 0.9738769792773317 0
    outer loop
      vertex -24.33165354742742 -25.667334976685492 -26.4
      vertex -24.439992376674287 -25.642073904691415 -23.4
      vertex -24.33165354742742 -25.667334976685492 -23.4
    endloop
  endfacet
  facet normal 0.16289547339458998 0.9866433320848789 0
    outer loop
      vertex -24.221894526774086 -25.68545626433548 -26.4
      vertex -24.33165354742742 -25.667334976685492 -23.4
      vertex -24.221894526774086 -25.68545626433548 -23.4
    endloop
  endfacet
  facet normal 0.09801714032954162 0.9951847266721988 0
    outer loop
      vertex -24.111185319691245 -25.696360169505624 -26.4
      vertex -24.221894526774086 -25.68545626433548 -23.4
      vertex -24.111185319691245 -25.696360169505624 -23.4
    endloop
  endfacet
  facet normal 0.03271908282178623 0.9994645874763652 -5.577206550149531e-20
    outer loop
      vertex -24.111185319691245 -25.696360169505624 -23.4
      vertex -24 -25.7 -23.4
      vertex -24 -25.7 -26.4
    endloop
  endfacet
  facet normal -0.03271908282178623 0.9994645874763652 0
    outer loop
      vertex -23.888814680308755 -25.696360169505624 -26.4
      vertex -24 -25.7 -23.4
      vertex -23.888814680308755 -25.696360169505624 -23.4
    endloop
  endfacet
  facet normal -0.09801714032954162 0.9951847266721988 0
    outer loop
      vertex -23.778105473225914 -25.68545626433548 -26.4
      vertex -23.888814680308755 -25.696360169505624 -23.4
      vertex -23.778105473225914 -25.68545626433548 -23.4
    endloop
  endfacet
  facet normal -0.16289547339458998 0.9866433320848789 0
    outer loop
      vertex -23.66834645257258 -25.667334976685492 -26.4
      vertex -23.778105473225914 -25.68545626433548 -23.4
      vertex -23.66834645257258 -25.667334976685492 -23.4
    endloop
  endfacet
  facet normal -0.22707626303438147 0.9738769792773317 0
    outer loop
      vertex -23.560007623325713 -25.642073904691415 -26.4
      vertex -23.66834645257258 -25.667334976685492 -23.4
      vertex -23.560007623325713 -25.642073904691415 -23.4
    endloop
  endfacet
  facet normal 0.5824776968678098 0.8128466845916097 0
    outer loop
      vertex -24.944469396133325 -25.413498340914327 -26.4
      vertex -25.034894429314825 -25.3487006784951 -23.4
      vertex -24.944469396133325 -25.413498340914327 -23.4
    endloop
  endfacet
  facet normal 0.7730104533627484 0.6343932841636315 0
    outer loop
      vertex -25.278127672714263 -25.12088788567012 -26.4
      vertex -25.3487006784951 -25.034894429314825 -23.4
      vertex -25.278127672714263 -25.12088788567012 -23.4
    endloop
  endfacet
  facet normal 0.7298640726978364 0.6835923020228705 0
    outer loop
      vertex -25.202081528017132 -25.202081528017132 -26.4
      vertex -25.278127672714263 -25.12088788567012 -23.4
      vertex -25.202081528017132 -25.202081528017132 -23.4
    endloop
  endfacet
  facet normal 0.6343932841636315 0.7730104533627484 0
    outer loop
      vertex -25.034894429314825 -25.3487006784951 -26.4
      vertex -25.12088788567012 -25.278127672714263 -23.4
      vertex -25.034894429314825 -25.3487006784951 -23.4
    endloop
  endfacet
  facet normal 0.6835923020228705 0.7298640726978364 0
    outer loop
      vertex -25.12088788567012 -25.278127672714263 -26.4
      vertex -25.202081528017132 -25.202081528017132 -23.4
      vertex -25.12088788567012 -25.278127672714263 -23.4
    endloop
  endfacet
  facet normal 0.4713967368260105 0.8819212643483482 0
    outer loop
      vertex -24.751890773372303 -25.52468366060557 -26.4
      vertex -24.85 -25.472243186433545 -23.4
      vertex -24.751890773372303 -25.52468366060557 -23.4
    endloop
  endfacet
  facet normal 0.5280678506503642 0.8492021815265812 0
    outer loop
      vertex -24.85 -25.472243186433545 -26.4
      vertex -24.944469396133325 -25.413498340914327 -23.4
      vertex -24.85 -25.472243186433545 -23.4
    endloop
  endfacet
  facet normal 0.4127070298043705 0.9108638249211869 0
    outer loop
      vertex -24.650561835020653 -25.570595205269186 -26.4
      vertex -24.751890773372303 -25.52468366060557 -23.4
      vertex -24.650561835020653 -25.570595205269186 -23.4
    endloop
  endfacet
  facet normal 0.3522500479212523 0.9359059267573187 0
    outer loop
      vertex -24.546447091015374 -25.60978122014168 -26.4
      vertex -24.650561835020653 -25.570595205269186 -23.4
      vertex -24.546447091015374 -25.60978122014168 -23.4
    endloop
  endfacet
  facet normal 0.8128466845916097 0.5824776968678098 0
    outer loop
      vertex -25.3487006784951 -25.034894429314825 -26.4
      vertex -25.413498340914327 -24.944469396133325 -23.4
      vertex -25.3487006784951 -25.034894429314825 -23.4
    endloop
  endfacet
  facet normal -0.2902846772544499 0.9569403357322126 0
    outer loop
      vertex -23.453552908984626 -25.60978122014168 -26.4
      vertex -23.560007623325713 -25.642073904691415 -23.4
      vertex -23.453552908984626 -25.60978122014168 -23.4
    endloop
  endfacet
  facet normal -0.3522500479212523 0.9359059267573187 0
    outer loop
      vertex -23.349438164979347 -25.570595205269186 -26.4
      vertex -23.453552908984626 -25.60978122014168 -23.4
      vertex -23.349438164979347 -25.570595205269186 -23.4
    endloop
  endfacet
  facet normal -0.4127070298043705 0.9108638249211869 0
    outer loop
      vertex -23.248109226627697 -25.52468366060557 -26.4
      vertex -23.349438164979347 -25.570595205269186 -23.4
      vertex -23.248109226627697 -25.52468366060557 -23.4
    endloop
  endfacet
  facet normal -0.4713967368260105 0.8819212643483482 0
    outer loop
      vertex -23.15 -25.472243186433545 -26.4
      vertex -23.248109226627697 -25.52468366060557 -23.4
      vertex -23.15 -25.472243186433545 -23.4
    endloop
  endfacet
  facet normal -0.5280678506503642 0.8492021815265812 0
    outer loop
      vertex -23.055530603866675 -25.413498340914327 -26.4
      vertex -23.15 -25.472243186433545 -23.4
      vertex -23.055530603866675 -25.413498340914327 -23.4
    endloop
  endfacet
  facet normal -0.5824776968678098 0.8128466845916097 0
    outer loop
      vertex -22.965105570685175 -25.3487006784951 -26.4
      vertex -23.055530603866675 -25.413498340914327 -23.4
      vertex -22.965105570685175 -25.3487006784951 -23.4
    endloop
  endfacet
  facet normal -0.6343932841636315 0.7730104533627484 0
    outer loop
      vertex -22.87911211432988 -25.278127672714263 -26.4
      vertex -22.965105570685175 -25.3487006784951 -23.4
      vertex -22.87911211432988 -25.278127672714263 -23.4
    endloop
  endfacet
  facet normal -0.6835923020228705 0.7298640726978364 0
    outer loop
      vertex -22.797918471982868 -25.202081528017132 -26.4
      vertex -22.87911211432988 -25.278127672714263 -23.4
      vertex -22.797918471982868 -25.202081528017132 -23.4
    endloop
  endfacet
  facet normal -0.7298640726978364 0.6835923020228705 0
    outer loop
      vertex -22.721872327285737 -25.12088788567012 -26.4
      vertex -22.797918471982868 -25.202081528017132 -23.4
      vertex -22.721872327285737 -25.12088788567012 -23.4
    endloop
  endfacet
  facet normal -0.7730104533627484 0.6343932841636315 0
    outer loop
      vertex -22.6512993215049 -25.034894429314825 -26.4
      vertex -22.721872327285737 -25.12088788567012 -23.4
      vertex -22.6512993215049 -25.034894429314825 -23.4
    endloop
  endfacet
  facet normal -0.8128466845916097 0.5824776968678098 0
    outer loop
      vertex -22.586501659085673 -24.944469396133325 -26.4
      vertex -22.6512993215049 -25.034894429314825 -23.4
      vertex -22.586501659085673 -24.944469396133325 -23.4
    endloop
  endfacet
  facet normal -0.8492021815265812 0.5280678506503642 0
    outer loop
      vertex -22.527756813566455 -24.85 -26.4
      vertex -22.586501659085673 -24.944469396133325 -23.4
      vertex -22.527756813566455 -24.85 -23.4
    endloop
  endfacet
  facet normal -0.8819212643483482 0.4713967368260105 0
    outer loop
      vertex -22.47531633939443 -24.751890773372303 -26.4
      vertex -22.527756813566455 -24.85 -23.4
      vertex -22.47531633939443 -24.751890773372303 -23.4
    endloop
  endfacet
  facet normal -0.9108638249211869 0.4127070298043705 0
    outer loop
      vertex -22.429404794730814 -24.650561835020653 -26.4
      vertex -22.47531633939443 -24.751890773372303 -23.4
      vertex -22.429404794730814 -24.650561835020653 -23.4
    endloop
  endfacet
  facet normal -0.9359059267573187 0.3522500479212523 0
    outer loop
      vertex -22.39021877985832 -24.546447091015374 -26.4
      vertex -22.429404794730814 -24.650561835020653 -23.4
      vertex -22.39021877985832 -24.546447091015374 -23.4
    endloop
  endfacet
  facet normal 0.9738769792773317 0.22707626303438147 0
    outer loop
      vertex -25.642073904691415 -24.439992376674287 -26.4
      vertex -25.667334976685492 -24.33165354742742 -23.4
      vertex -25.642073904691415 -24.439992376674287 -23.4
    endloop
  endfacet
  facet normal 0.9866433320848789 0.16289547339458998 0
    outer loop
      vertex -25.667334976685492 -24.33165354742742 -26.4
      vertex -25.68545626433548 -24.221894526774086 -23.4
      vertex -25.667334976685492 -24.33165354742742 -23.4
    endloop
  endfacet
  facet normal 0.9951847266721988 0.09801714032954162 0
    outer loop
      vertex -25.68545626433548 -24.221894526774086 -26.4
      vertex -25.696360169505624 -24.111185319691245 -23.4
      vertex -25.68545626433548 -24.221894526774086 -23.4
    endloop
  endfacet
  facet normal 0.9994645874763652 0.03271908282178623 0
    outer loop
      vertex -25.696360169505624 -24.111185319691245 -26.4
      vertex -25.7 -24 -23.4
      vertex -25.696360169505624 -24.111185319691245 -23.4
    endloop
  endfacet
  facet normal 0.9994645874763652 -0.03271908282178623 5.577206550149531e-20
    outer loop
      vertex -25.696360169505624 -23.888814680308755 -23.4
      vertex -25.7 -24 -23.4
      vertex -25.7 -24 -26.4
    endloop
  endfacet
  facet normal 0.9951847266721988 -0.09801714032954162 0
    outer loop
      vertex -25.696360169505624 -23.888814680308755 -26.4
      vertex -25.68545626433548 -23.778105473225914 -23.4
      vertex -25.696360169505624 -23.888814680308755 -23.4
    endloop
  endfacet
  facet normal 0.9866433320848789 -0.16289547339458998 0
    outer loop
      vertex -25.68545626433548 -23.778105473225914 -26.4
      vertex -25.667334976685492 -23.66834645257258 -23.4
      vertex -25.68545626433548 -23.778105473225914 -23.4
    endloop
  endfacet
  facet normal 0.9738769792773317 -0.22707626303438147 0
    outer loop
      vertex -25.667334976685492 -23.66834645257258 -26.4
      vertex -25.642073904691415 -23.560007623325713 -23.4
      vertex -25.667334976685492 -23.66834645257258 -23.4
    endloop
  endfacet
  facet normal 0.9569403357322126 -0.2902846772544499 0
    outer loop
      vertex -25.642073904691415 -23.560007623325713 -26.4
      vertex -25.60978122014168 -23.453552908984626 -23.4
      vertex -25.642073904691415 -23.560007623325713 -23.4
    endloop
  endfacet
  facet normal 0.9359059267573187 -0.3522500479212523 0
    outer loop
      vertex -25.60978122014168 -23.453552908984626 -26.4
      vertex -25.570595205269186 -23.349438164979347 -23.4
      vertex -25.60978122014168 -23.453552908984626 -23.4
    endloop
  endfacet
  facet normal 0.9108638249211869 -0.4127070298043705 0
    outer loop
      vertex -25.570595205269186 -23.349438164979347 -26.4
      vertex -25.52468366060557 -23.248109226627697 -23.4
      vertex -25.570595205269186 -23.349438164979347 -23.4
    endloop
  endfacet
  facet normal 0.8819212643483482 -0.4713967368260105 -3.1137619680948246e-19
    outer loop
      vertex -25.472243186433545 -23.15 -23.4
      vertex -25.52468366060557 -23.248109226627697 -23.4
      vertex -25.52468366060557 -23.248109226627697 -26.4
    endloop
  endfacet
  facet normal 0.8492021815265812 -0.5280678506503642 0
    outer loop
      vertex -25.472243186433545 -23.15 -26.4
      vertex -25.413498340914327 -23.055530603866675 -23.4
      vertex -25.472243186433545 -23.15 -23.4
    endloop
  endfacet
  facet normal 0.8128466845916097 -0.5824776968678098 0
    outer loop
      vertex -25.413498340914327 -23.055530603866675 -26.4
      vertex -25.3487006784951 -22.965105570685175 -23.4
      vertex -25.413498340914327 -23.055530603866675 -23.4
    endloop
  endfacet
  facet normal 0.7730104533627484 -0.6343932841636315 0
    outer loop
      vertex -25.3487006784951 -22.965105570685175 -26.4
      vertex -25.278127672714263 -22.87911211432988 -23.4
      vertex -25.3487006784951 -22.965105570685175 -23.4
    endloop
  endfacet
  facet normal 0.7298640726978364 -0.6835923020228705 0
    outer loop
      vertex -25.278127672714263 -22.87911211432988 -26.4
      vertex -25.202081528017132 -22.797918471982868 -23.4
      vertex -25.278127672714263 -22.87911211432988 -23.4
    endloop
  endfacet
  facet normal 0.6835923020228705 -0.7298640726978364 0
    outer loop
      vertex -25.202081528017132 -22.797918471982868 -26.4
      vertex -25.12088788567012 -22.721872327285737 -23.4
      vertex -25.202081528017132 -22.797918471982868 -23.4
    endloop
  endfacet
  facet normal 0.6343932841636315 -0.7730104533627484 0
    outer loop
      vertex -25.12088788567012 -22.721872327285737 -26.4
      vertex -25.034894429314825 -22.6512993215049 -23.4
      vertex -25.12088788567012 -22.721872327285737 -23.4
    endloop
  endfacet
  facet normal 0.5824776968678098 -0.8128466845916097 0
    outer loop
      vertex -25.034894429314825 -22.6512993215049 -26.4
      vertex -24.944469396133325 -22.586501659085673 -23.4
      vertex -25.034894429314825 -22.6512993215049 -23.4
    endloop
  endfacet
  facet normal 0.5280678506503642 -0.8492021815265812 0
    outer loop
      vertex -24.944469396133325 -22.586501659085673 -26.4
      vertex -24.85 -22.527756813566455 -23.4
      vertex -24.944469396133325 -22.586501659085673 -23.4
    endloop
  endfacet
  facet normal 0.4713967368260105 -0.8819212643483482 0
    outer loop
      vertex -24.85 -22.527756813566455 -26.4
      vertex -24.751890773372303 -22.47531633939443 -23.4
      vertex -24.85 -22.527756813566455 -23.4
    endloop
  endfacet
  facet normal 0.4127070298043705 -0.9108638249211869 0
    outer loop
      vertex -24.751890773372303 -22.47531633939443 -26.4
      vertex -24.650561835020653 -22.429404794730814 -23.4
      vertex -24.751890773372303 -22.47531633939443 -23.4
    endloop
  endfacet
  facet normal 0.3522500479212523 -0.9359059267573187 0
    outer loop
      vertex -24.650561835020653 -22.429404794730814 -26.4
      vertex -24.546447091015374 -22.39021877985832 -23.4
      vertex -24.650561835020653 -22.429404794730814 -23.4
    endloop
  endfacet
  facet normal 0.2902846772544499 -0.9569403357322126 0
    outer loop
      vertex -24.546447091015374 -22.39021877985832 -26.4
      vertex -24.439992376674287 -22.357926095308585 -23.4
      vertex -24.546447091015374 -22.39021877985832 -23.4
    endloop
  endfacet
  facet normal 0.22707626303438147 -0.9738769792773317 0
    outer loop
      vertex -24.439992376674287 -22.357926095308585 -26.4
      vertex -24.33165354742742 -22.332665023314508 -23.4
      vertex -24.439992376674287 -22.357926095308585 -23.4
    endloop
  endfacet
  facet normal 0.16289547339458998 -0.9866433320848789 0
    outer loop
      vertex -24.33165354742742 -22.332665023314508 -26.4
      vertex -24.221894526774086 -22.31454373566452 -23.4
      vertex -24.33165354742742 -22.332665023314508 -23.4
    endloop
  endfacet
  facet normal 0.09801714032954162 -0.9951847266721988 0
    outer loop
      vertex -24.221894526774086 -22.31454373566452 -26.4
      vertex -24.111185319691245 -22.303639830494376 -23.4
      vertex -24.221894526774086 -22.31454373566452 -23.4
    endloop
  endfacet
  facet normal 0.03271908282178623 -0.9994645874763652 0
    outer loop
      vertex -24.111185319691245 -22.303639830494376 -26.4
      vertex -24 -22.3 -23.4
      vertex -24.111185319691245 -22.303639830494376 -23.4
    endloop
  endfacet
  facet normal -0.03271908282178623 -0.9994645874763652 0
    outer loop
      vertex -24 -22.3 -26.4
      vertex -23.888814680308755 -22.303639830494376 -23.4
      vertex -24 -22.3 -23.4
    endloop
  endfacet
  facet normal -0.09801714032954162 -0.9951847266721988 0
    outer loop
      vertex -23.888814680308755 -22.303639830494376 -26.4
      vertex -23.778105473225914 -22.31454373566452 -23.4
      vertex -23.888814680308755 -22.303639830494376 -23.4
    endloop
  endfacet
  facet normal -0.16289547339458998 -0.9866433320848789 0
    outer loop
      vertex -23.778105473225914 -22.31454373566452 -26.4
      vertex -23.66834645257258 -22.332665023314508 -23.4
      vertex -23.778105473225914 -22.31454373566452 -23.4
    endloop
  endfacet
  facet normal -0.22707626303438147 -0.9738769792773317 0
    outer loop
      vertex -23.66834645257258 -22.332665023314508 -26.4
      vertex -23.560007623325713 -22.357926095308585 -23.4
      vertex -23.66834645257258 -22.332665023314508 -23.4
    endloop
  endfacet
  facet normal -0.9569403357322126 0.2902846772544499 0
    outer loop
      vertex -22.357926095308585 -24.439992376674287 -26.4
      vertex -22.39021877985832 -24.546447091015374 -23.4
      vertex -22.357926095308585 -24.439992376674287 -23.4
    endloop
  endfacet
  facet normal -0.9738769792773317 0.22707626303438147 0
    outer loop
      vertex -22.332665023314508 -24.33165354742742 -26.4
      vertex -22.357926095308585 -24.439992376674287 -23.4
      vertex -22.332665023314508 -24.33165354742742 -23.4
    endloop
  endfacet
  facet normal -0.9866433320848789 0.16289547339458998 5.803519072698362e-19
    outer loop
      vertex -22.332665023314508 -24.33165354742742 -23.4
      vertex -22.31454373566452 -24.221894526774086 -23.4
      vertex -22.31454373566452 -24.221894526774086 -26.4
    endloop
  endfacet
  facet normal -0.9951847266721988 0.09801714032954162 6.175844402151067e-20
    outer loop
      vertex -22.31454373566452 -24.221894526774086 -23.4
      vertex -22.303639830494376 -24.111185319691245 -23.4
      vertex -22.303639830494376 -24.111185319691245 -26.4
    endloop
  endfacet
  facet normal -0.9994645874763652 0.03271908282178623 0
    outer loop
      vertex -22.3 -24 -26.4
      vertex -22.303639830494376 -24.111185319691245 -23.4
      vertex -22.3 -24 -23.4
    endloop
  endfacet
  facet normal -0.9994645874763652 -0.03271908282178623 0
    outer loop
      vertex -22.303639830494376 -23.888814680308755 -26.4
      vertex -22.3 -24 -23.4
      vertex -22.303639830494376 -23.888814680308755 -23.4
    endloop
  endfacet
  facet normal -0.9951847266721988 -0.09801714032954162 0
    outer loop
      vertex -22.31454373566452 -23.778105473225914 -26.4
      vertex -22.303639830494376 -23.888814680308755 -23.4
      vertex -22.31454373566452 -23.778105473225914 -23.4
    endloop
  endfacet
  facet normal -0.9866433320848789 -0.16289547339458998 -5.803519072698362e-19
    outer loop
      vertex -22.31454373566452 -23.778105473225914 -23.4
      vertex -22.332665023314508 -23.66834645257258 -23.4
      vertex -22.332665023314508 -23.66834645257258 -26.4
    endloop
  endfacet
  facet normal -0.9738769792773317 -0.22707626303438147 0
    outer loop
      vertex -22.357926095308585 -23.560007623325713 -26.4
      vertex -22.332665023314508 -23.66834645257258 -23.4
      vertex -22.357926095308585 -23.560007623325713 -23.4
    endloop
  endfacet
  facet normal -0.9569403357322126 -0.2902846772544499 0
    outer loop
      vertex -22.39021877985832 -23.453552908984626 -26.4
      vertex -22.357926095308585 -23.560007623325713 -23.4
      vertex -22.39021877985832 -23.453552908984626 -23.4
    endloop
  endfacet
  facet normal -0.9359059267573187 -0.3522500479212523 0
    outer loop
      vertex -22.429404794730814 -23.349438164979347 -26.4
      vertex -22.39021877985832 -23.453552908984626 -23.4
      vertex -22.429404794730814 -23.349438164979347 -23.4
    endloop
  endfacet
  facet normal -0.7298640726978364 -0.6835923020228705 0
    outer loop
      vertex -22.797918471982868 -22.797918471982868 -26.4
      vertex -22.721872327285737 -22.87911211432988 -23.4
      vertex -22.797918471982868 -22.797918471982868 -23.4
    endloop
  endfacet
  facet normal -0.7730104533627484 -0.6343932841636315 0
    outer loop
      vertex -22.721872327285737 -22.87911211432988 -26.4
      vertex -22.6512993215049 -22.965105570685175 -23.4
      vertex -22.721872327285737 -22.87911211432988 -23.4
    endloop
  endfacet
  facet normal -0.5280678506503642 -0.8492021815265812 0
    outer loop
      vertex -23.15 -22.527756813566455 -26.4
      vertex -23.055530603866675 -22.586501659085673 -23.4
      vertex -23.15 -22.527756813566455 -23.4
    endloop
  endfacet
  facet normal -0.3522500479212523 -0.9359059267573187 0
    outer loop
      vertex -23.453552908984626 -22.39021877985832 -26.4
      vertex -23.349438164979347 -22.429404794730814 -23.4
      vertex -23.453552908984626 -22.39021877985832 -23.4
    endloop
  endfacet
  facet normal -0.2902846772544499 -0.9569403357322126 0
    outer loop
      vertex -23.560007623325713 -22.357926095308585 -26.4
      vertex -23.453552908984626 -22.39021877985832 -23.4
      vertex -23.560007623325713 -22.357926095308585 -23.4
    endloop
  endfacet
  facet normal -0.4127070298043705 -0.9108638249211869 0
    outer loop
      vertex -23.349438164979347 -22.429404794730814 -26.4
      vertex -23.248109226627697 -22.47531633939443 -23.4
      vertex -23.349438164979347 -22.429404794730814 -23.4
    endloop
  endfacet
  facet normal -0.4713967368260105 -0.8819212643483482 0
    outer loop
      vertex -23.248109226627697 -22.47531633939443 -26.4
      vertex -23.15 -22.527756813566455 -23.4
      vertex -23.248109226627697 -22.47531633939443 -23.4
    endloop
  endfacet
  facet normal -0.6343932841636315 -0.7730104533627484 0
    outer loop
      vertex -22.965105570685175 -22.6512993215049 -26.4
      vertex -22.87911211432988 -22.721872327285737 -23.4
      vertex -22.965105570685175 -22.6512993215049 -23.4
    endloop
  endfacet
  facet normal -0.5824776968678098 -0.8128466845916097 0
    outer loop
      vertex -23.055530603866675 -22.586501659085673 -26.4
      vertex -22.965105570685175 -22.6512993215049 -23.4
      vertex -23.055530603866675 -22.586501659085673 -23.4
    endloop
  endfacet
  facet normal -0.6835923020228705 -0.7298640726978364 0
    outer loop
      vertex -22.87911211432988 -22.721872327285737 -26.4
      vertex -22.797918471982868 -22.797918471982868 -23.4
      vertex -22.87911211432988 -22.721872327285737 -23.4
    endloop
  endfacet
  facet normal -0.9108638249211869 -0.4127070298043705 -1.0822335965609772e-18
    outer loop
      vertex -22.429404794730814 -23.349438164979347 -23.4
      vertex -22.47531633939443 -23.248109226627697 -23.4
      vertex -22.47531633939443 -23.248109226627697 -26.4
    endloop
  endfacet
  facet normal -0.8819212643483482 -0.4713967368260105 0
    outer loop
      vertex -22.527756813566455 -23.15 -26.4
      vertex -22.47531633939443 -23.248109226627697 -23.4
      vertex -22.527756813566455 -23.15 -23.4
    endloop
  endfacet
  facet normal -0.8492021815265812 -0.5280678506503642 0
    outer loop
      vertex -22.586501659085673 -23.055530603866675 -26.4
      vertex -22.527756813566455 -23.15 -23.4
      vertex -22.586501659085673 -23.055530603866675 -23.4
    endloop
  endfacet
  facet normal -0.8128466845916097 -0.5824776968678098 4.480397391944577e-19
    outer loop
      vertex -22.586501659085673 -23.055530603866675 -23.4
      vertex -22.6512993215049 -22.965105570685175 -23.4
      vertex -22.6512993215049 -22.965105570685175 -26.4
    endloop
  endfacet
  facet normal 0.8128466845916097 0.5824776968678098 4.480397391944577e-19
    outer loop
      vertex 22.6512993215049 -25.034894429314825 -26.4
      vertex 22.586501659085673 -24.944469396133325 -26.4
      vertex 22.586501659085673 -24.944469396133325 -23.4
    endloop
  endfacet
  facet normal 0.8819212643483482 0.4713967368260105 3.1137619680948246e-19
    outer loop
      vertex 22.527756813566455 -24.85 -26.4
      vertex 22.47531633939443 -24.751890773372303 -26.4
      vertex 22.47531633939443 -24.751890773372303 -23.4
    endloop
  endfacet
  facet normal 0.8492021815265812 0.5280678506503642 1.134841172938304e-18
    outer loop
      vertex 22.586501659085673 -24.944469396133325 -26.4
      vertex 22.527756813566455 -24.85 -26.4
      vertex 22.527756813566455 -24.85 -23.4
    endloop
  endfacet
  facet normal 0.9359059267573187 0.3522500479212523 9.324521639785565e-19
    outer loop
      vertex 22.429404794730814 -24.650561835020653 -26.4
      vertex 22.39021877985832 -24.546447091015374 -26.4
      vertex 22.39021877985832 -24.546447091015374 -23.4
    endloop
  endfacet
  facet normal 0.9108638249211869 0.4127070298043705 -1.0822335965609772e-18
    outer loop
      vertex 22.47531633939443 -24.751890773372303 -26.4
      vertex 22.429404794730814 -24.650561835020653 -26.4
      vertex 22.429404794730814 -24.650561835020653 -23.4
    endloop
  endfacet
  facet normal 0.5824776968678098 0.8128466845916097 0
    outer loop
      vertex 22.965105570685175 -25.3487006784951 -26.4
      vertex 22.965105570685175 -25.3487006784951 -23.4
      vertex 23.055530603866675 -25.413498340914327 -26.4
    endloop
  endfacet
  facet normal 0.5280678506503642 0.8492021815265812 0
    outer loop
      vertex 23.055530603866675 -25.413498340914327 -26.4
      vertex 23.055530603866675 -25.413498340914327 -23.4
      vertex 23.15 -25.472243186433545 -26.4
    endloop
  endfacet
  facet normal 0.6835923020228705 0.7298640726978364 4.478768476531349e-19
    outer loop
      vertex 22.87911211432988 -25.278127672714263 -26.4
      vertex 22.797918471982868 -25.202081528017132 -26.4
      vertex 22.797918471982868 -25.202081528017132 -23.4
    endloop
  endfacet
  facet normal 0.7298640726978364 0.6835923020228705 4.478768476531349e-19
    outer loop
      vertex 22.797918471982868 -25.202081528017132 -26.4
      vertex 22.721872327285737 -25.12088788567012 -26.4
      vertex 22.721872327285737 -25.12088788567012 -23.4
    endloop
  endfacet
  facet normal 0.7730104533627484 0.6343932841636315 -2.0432979843323885e-19
    outer loop
      vertex 22.721872327285737 -25.12088788567012 -26.4
      vertex 22.6512993215049 -25.034894429314825 -26.4
      vertex 22.6512993215049 -25.034894429314825 -23.4
    endloop
  endfacet
  facet normal 0.6343932841636315 0.7730104533627484 0
    outer loop
      vertex 22.87911211432988 -25.278127672714263 -26.4
      vertex 22.87911211432988 -25.278127672714263 -23.4
      vertex 22.965105570685175 -25.3487006784951 -26.4
    endloop
  endfacet
  facet normal 0.4713967368260105 0.8819212643483482 0
    outer loop
      vertex 23.15 -25.472243186433545 -26.4
      vertex 23.15 -25.472243186433545 -23.4
      vertex 23.248109226627697 -25.52468366060557 -26.4
    endloop
  endfacet
  facet normal 0.4127070298043705 0.9108638249211869 0
    outer loop
      vertex 23.248109226627697 -25.52468366060557 -26.4
      vertex 23.248109226627697 -25.52468366060557 -23.4
      vertex 23.349438164979347 -25.570595205269186 -26.4
    endloop
  endfacet
  facet normal 0.3522500479212523 0.9359059267573187 0
    outer loop
      vertex 23.349438164979347 -25.570595205269186 -26.4
      vertex 23.349438164979347 -25.570595205269186 -23.4
      vertex 23.453552908984626 -25.60978122014168 -26.4
    endloop
  endfacet
  facet normal 0.2902846772544499 0.9569403357322126 0
    outer loop
      vertex 23.453552908984626 -25.60978122014168 -26.4
      vertex 23.453552908984626 -25.60978122014168 -23.4
      vertex 23.560007623325713 -25.642073904691415 -26.4
    endloop
  endfacet
  facet normal 0.22707626303438147 0.9738769792773317 -6.497010477242105e-19
    outer loop
      vertex 23.66834645257258 -25.667334976685492 -26.4
      vertex 23.560007623325713 -25.642073904691415 -26.4
      vertex 23.560007623325713 -25.642073904691415 -23.4
    endloop
  endfacet
  facet normal 0.16289547339458998 0.9866433320848789 0
    outer loop
      vertex 23.66834645257258 -25.667334976685492 -26.4
      vertex 23.66834645257258 -25.667334976685492 -23.4
      vertex 23.778105473225914 -25.68545626433548 -26.4
    endloop
  endfacet
  facet normal 0.09801714032954162 0.9951847266721988 0
    outer loop
      vertex 23.778105473225914 -25.68545626433548 -26.4
      vertex 23.778105473225914 -25.68545626433548 -23.4
      vertex 23.888814680308755 -25.696360169505624 -26.4
    endloop
  endfacet
  facet normal 0.03271908282178623 0.9994645874763652 0
    outer loop
      vertex 23.888814680308755 -25.696360169505624 -26.4
      vertex 23.888814680308755 -25.696360169505624 -23.4
      vertex 24 -25.7 -26.4
    endloop
  endfacet
  facet normal -0.03271908282178623 0.9994645874763652 0
    outer loop
      vertex 24 -25.7 -26.4
      vertex 24 -25.7 -23.4
      vertex 24.111185319691245 -25.696360169505624 -26.4
    endloop
  endfacet
  facet normal -0.09801714032954162 0.9951847266721988 0
    outer loop
      vertex 24.111185319691245 -25.696360169505624 -26.4
      vertex 24.111185319691245 -25.696360169505624 -23.4
      vertex 24.221894526774086 -25.68545626433548 -26.4
    endloop
  endfacet
  facet normal -0.16289547339458998 0.9866433320848789 0
    outer loop
      vertex 24.221894526774086 -25.68545626433548 -26.4
      vertex 24.221894526774086 -25.68545626433548 -23.4
      vertex 24.33165354742742 -25.667334976685492 -26.4
    endloop
  endfacet
  facet normal -0.22707626303438147 0.9738769792773317 6.497010477242105e-19
    outer loop
      vertex 24.439992376674287 -25.642073904691415 -26.4
      vertex 24.33165354742742 -25.667334976685492 -26.4
      vertex 24.33165354742742 -25.667334976685492 -23.4
    endloop
  endfacet
  facet normal -0.2902846772544499 0.9569403357322126 0
    outer loop
      vertex 24.439992376674287 -25.642073904691415 -26.4
      vertex 24.439992376674287 -25.642073904691415 -23.4
      vertex 24.546447091015374 -25.60978122014168 -26.4
    endloop
  endfacet
  facet normal -0.3522500479212523 0.9359059267573187 0
    outer loop
      vertex 24.546447091015374 -25.60978122014168 -26.4
      vertex 24.546447091015374 -25.60978122014168 -23.4
      vertex 24.650561835020653 -25.570595205269186 -26.4
    endloop
  endfacet
  facet normal -0.4127070298043705 0.9108638249211869 1.0822335965609772e-18
    outer loop
      vertex 24.751890773372303 -25.52468366060557 -26.4
      vertex 24.650561835020653 -25.570595205269186 -26.4
      vertex 24.650561835020653 -25.570595205269186 -23.4
    endloop
  endfacet
  facet normal -0.4713967368260105 0.8819212643483482 0
    outer loop
      vertex 24.751890773372303 -25.52468366060557 -26.4
      vertex 24.751890773372303 -25.52468366060557 -23.4
      vertex 24.85 -25.472243186433545 -26.4
    endloop
  endfacet
  facet normal -0.5280678506503642 0.8492021815265812 0
    outer loop
      vertex 24.85 -25.472243186433545 -26.4
      vertex 24.85 -25.472243186433545 -23.4
      vertex 24.944469396133325 -25.413498340914327 -26.4
    endloop
  endfacet
  facet normal -0.5824776968678098 0.8128466845916097 0
    outer loop
      vertex 24.944469396133325 -25.413498340914327 -26.4
      vertex 24.944469396133325 -25.413498340914327 -23.4
      vertex 25.034894429314825 -25.3487006784951 -26.4
    endloop
  endfacet
  facet normal -0.6343932841636315 0.7730104533627484 0
    outer loop
      vertex 25.034894429314825 -25.3487006784951 -26.4
      vertex 25.034894429314825 -25.3487006784951 -23.4
      vertex 25.12088788567012 -25.278127672714263 -26.4
    endloop
  endfacet
  facet normal -0.6835923020228705 0.7298640726978364 0
    outer loop
      vertex 25.12088788567012 -25.278127672714263 -26.4
      vertex 25.12088788567012 -25.278127672714263 -23.4
      vertex 25.202081528017132 -25.202081528017132 -26.4
    endloop
  endfacet
  facet normal -0.7298640726978364 0.6835923020228705 0
    outer loop
      vertex 25.202081528017132 -25.202081528017132 -26.4
      vertex 25.202081528017132 -25.202081528017132 -23.4
      vertex 25.278127672714263 -25.12088788567012 -26.4
    endloop
  endfacet
  facet normal -0.7730104533627484 0.6343932841636315 2.0432979843323885e-19
    outer loop
      vertex 25.3487006784951 -25.034894429314825 -26.4
      vertex 25.278127672714263 -25.12088788567012 -26.4
      vertex 25.278127672714263 -25.12088788567012 -23.4
    endloop
  endfacet
  facet normal -0.8128466845916097 0.5824776968678098 -4.480397391944577e-19
    outer loop
      vertex 25.413498340914327 -24.944469396133325 -26.4
      vertex 25.3487006784951 -25.034894429314825 -26.4
      vertex 25.3487006784951 -25.034894429314825 -23.4
    endloop
  endfacet
  facet normal -0.8492021815265812 0.5280678506503642 -1.134841172938304e-18
    outer loop
      vertex 25.472243186433545 -24.85 -26.4
      vertex 25.413498340914327 -24.944469396133325 -26.4
      vertex 25.413498340914327 -24.944469396133325 -23.4
    endloop
  endfacet
  facet normal -0.8819212643483482 0.4713967368260105 -3.1137619680948246e-19
    outer loop
      vertex 25.52468366060557 -24.751890773372303 -26.4
      vertex 25.472243186433545 -24.85 -26.4
      vertex 25.472243186433545 -24.85 -23.4
    endloop
  endfacet
  facet normal -0.9108638249211869 0.4127070298043705 1.0822335965609772e-18
    outer loop
      vertex 25.570595205269186 -24.650561835020653 -26.4
      vertex 25.52468366060557 -24.751890773372303 -26.4
      vertex 25.52468366060557 -24.751890773372303 -23.4
    endloop
  endfacet
  facet normal -0.9359059267573187 0.3522500479212523 -9.324521639785565e-19
    outer loop
      vertex 25.60978122014168 -24.546447091015374 -26.4
      vertex 25.570595205269186 -24.650561835020653 -26.4
      vertex 25.570595205269186 -24.650561835020653 -23.4
    endloop
  endfacet
  facet normal -0.9569403357322126 0.2902846772544499 -2.629894211950571e-19
    outer loop
      vertex 25.642073904691415 -24.439992376674287 -26.4
      vertex 25.60978122014168 -24.546447091015374 -26.4
      vertex 25.60978122014168 -24.546447091015374 -23.4
    endloop
  endfacet
  facet normal 0.9569403357322126 0.2902846772544499 2.629894211950571e-19
    outer loop
      vertex 22.39021877985832 -24.546447091015374 -26.4
      vertex 22.357926095308585 -24.439992376674287 -26.4
      vertex 22.357926095308585 -24.439992376674287 -23.4
    endloop
  endfacet
  facet normal 0.9738769792773317 0.22707626303438147 -6.497010477242105e-19
    outer loop
      vertex 22.357926095308585 -24.439992376674287 -26.4
      vertex 22.332665023314508 -24.33165354742742 -26.4
      vertex 22.332665023314508 -24.33165354742742 -23.4
    endloop
  endfacet
  facet normal 0.9866433320848789 0.16289547339458998 -5.803519072698362e-19
    outer loop
      vertex 22.332665023314508 -24.33165354742742 -26.4
      vertex 22.31454373566452 -24.221894526774086 -26.4
      vertex 22.31454373566452 -24.221894526774086 -23.4
    endloop
  endfacet
  facet normal 0.9951847266721988 0.09801714032954162 -6.175844402151067e-20
    outer loop
      vertex 22.31454373566452 -24.221894526774086 -26.4
      vertex 22.303639830494376 -24.111185319691245 -26.4
      vertex 22.303639830494376 -24.111185319691245 -23.4
    endloop
  endfacet
  facet normal 0.9994645874763652 0.03271908282178623 -5.577206550149531e-20
    outer loop
      vertex 22.303639830494376 -24.111185319691245 -26.4
      vertex 22.3 -24 -26.4
      vertex 22.3 -24 -23.4
    endloop
  endfacet
  facet normal 0.9994645874763652 -0.03271908282178623 5.577206550149531e-20
    outer loop
      vertex 22.3 -24 -26.4
      vertex 22.303639830494376 -23.888814680308755 -26.4
      vertex 22.303639830494376 -23.888814680308755 -23.4
    endloop
  endfacet
  facet normal 0.9951847266721988 -0.09801714032954162 6.175844402151067e-20
    outer loop
      vertex 22.303639830494376 -23.888814680308755 -26.4
      vertex 22.31454373566452 -23.778105473225914 -26.4
      vertex 22.31454373566452 -23.778105473225914 -23.4
    endloop
  endfacet
  facet normal 0.9866433320848789 -0.16289547339458998 5.803519072698362e-19
    outer loop
      vertex 22.31454373566452 -23.778105473225914 -26.4
      vertex 22.332665023314508 -23.66834645257258 -26.4
      vertex 22.332665023314508 -23.66834645257258 -23.4
    endloop
  endfacet
  facet normal 0.9738769792773317 -0.22707626303438147 6.497010477242105e-19
    outer loop
      vertex 22.332665023314508 -23.66834645257258 -26.4
      vertex 22.357926095308585 -23.560007623325713 -26.4
      vertex 22.357926095308585 -23.560007623325713 -23.4
    endloop
  endfacet
  facet normal 0.9569403357322126 -0.2902846772544499 -2.629894211950571e-19
    outer loop
      vertex 22.357926095308585 -23.560007623325713 -26.4
      vertex 22.39021877985832 -23.453552908984626 -26.4
      vertex 22.39021877985832 -23.453552908984626 -23.4
    endloop
  endfacet
  facet normal 0.9359059267573187 -0.3522500479212523 -9.324521639785565e-19
    outer loop
      vertex 22.39021877985832 -23.453552908984626 -26.4
      vertex 22.429404794730814 -23.349438164979347 -26.4
      vertex 22.429404794730814 -23.349438164979347 -23.4
    endloop
  endfacet
  facet normal 0.9108638249211869 -0.4127070298043705 1.0822335965609772e-18
    outer loop
      vertex 22.429404794730814 -23.349438164979347 -26.4
      vertex 22.47531633939443 -23.248109226627697 -26.4
      vertex 22.47531633939443 -23.248109226627697 -23.4
    endloop
  endfacet
  facet normal 0.8819212643483482 -0.4713967368260105 -3.1137619680948246e-19
    outer loop
      vertex 22.47531633939443 -23.248109226627697 -26.4
      vertex 22.527756813566455 -23.15 -26.4
      vertex 22.527756813566455 -23.15 -23.4
    endloop
  endfacet
  facet normal 0.8492021815265812 -0.5280678506503642 -1.134841172938304e-18
    outer loop
      vertex 22.527756813566455 -23.15 -26.4
      vertex 22.586501659085673 -23.055530603866675 -26.4
      vertex 22.586501659085673 -23.055530603866675 -23.4
    endloop
  endfacet
  facet normal 0.8128466845916097 -0.5824776968678098 -4.480397391944577e-19
    outer loop
      vertex 22.586501659085673 -23.055530603866675 -26.4
      vertex 22.6512993215049 -22.965105570685175 -26.4
      vertex 22.6512993215049 -22.965105570685175 -23.4
    endloop
  endfacet
  facet normal 0.7730104533627484 -0.6343932841636315 2.0432979843323885e-19
    outer loop
      vertex 22.6512993215049 -22.965105570685175 -26.4
      vertex 22.721872327285737 -22.87911211432988 -26.4
      vertex 22.721872327285737 -22.87911211432988 -23.4
    endloop
  endfacet
  facet normal 0.7298640726978364 -0.6835923020228705 -4.478768476531349e-19
    outer loop
      vertex 22.721872327285737 -22.87911211432988 -26.4
      vertex 22.797918471982868 -22.797918471982868 -26.4
      vertex 22.797918471982868 -22.797918471982868 -23.4
    endloop
  endfacet
  facet normal 0.6835923020228705 -0.7298640726978364 0
    outer loop
      vertex 22.87911211432988 -22.721872327285737 -26.4
      vertex 22.87911211432988 -22.721872327285737 -23.4
      vertex 22.797918471982868 -22.797918471982868 -26.4
    endloop
  endfacet
  facet normal 0.6343932841636315 -0.7730104533627484 0
    outer loop
      vertex 22.965105570685175 -22.6512993215049 -26.4
      vertex 22.965105570685175 -22.6512993215049 -23.4
      vertex 22.87911211432988 -22.721872327285737 -26.4
    endloop
  endfacet
  facet normal 0.5824776968678098 -0.8128466845916097 0
    outer loop
      vertex 23.055530603866675 -22.586501659085673 -26.4
      vertex 23.055530603866675 -22.586501659085673 -23.4
      vertex 22.965105570685175 -22.6512993215049 -26.4
    endloop
  endfacet
  facet normal 0.5280678506503642 -0.8492021815265812 0
    outer loop
      vertex 23.15 -22.527756813566455 -26.4
      vertex 23.15 -22.527756813566455 -23.4
      vertex 23.055530603866675 -22.586501659085673 -26.4
    endloop
  endfacet
  facet normal 0.4713967368260105 -0.8819212643483482 0
    outer loop
      vertex 23.248109226627697 -22.47531633939443 -26.4
      vertex 23.248109226627697 -22.47531633939443 -23.4
      vertex 23.15 -22.527756813566455 -26.4
    endloop
  endfacet
  facet normal 0.4127070298043705 -0.9108638249211869 0
    outer loop
      vertex 23.349438164979347 -22.429404794730814 -26.4
      vertex 23.349438164979347 -22.429404794730814 -23.4
      vertex 23.248109226627697 -22.47531633939443 -26.4
    endloop
  endfacet
  facet normal 0.3522500479212523 -0.9359059267573187 0
    outer loop
      vertex 23.453552908984626 -22.39021877985832 -26.4
      vertex 23.453552908984626 -22.39021877985832 -23.4
      vertex 23.349438164979347 -22.429404794730814 -26.4
    endloop
  endfacet
  facet normal 0.2902846772544499 -0.9569403357322126 0
    outer loop
      vertex 23.560007623325713 -22.357926095308585 -26.4
      vertex 23.560007623325713 -22.357926095308585 -23.4
      vertex 23.453552908984626 -22.39021877985832 -26.4
    endloop
  endfacet
  facet normal 0.22707626303438147 -0.9738769792773317 0
    outer loop
      vertex 23.66834645257258 -22.332665023314508 -26.4
      vertex 23.66834645257258 -22.332665023314508 -23.4
      vertex 23.560007623325713 -22.357926095308585 -26.4
    endloop
  endfacet
  facet normal 0.16289547339458998 -0.9866433320848789 0
    outer loop
      vertex 23.778105473225914 -22.31454373566452 -26.4
      vertex 23.778105473225914 -22.31454373566452 -23.4
      vertex 23.66834645257258 -22.332665023314508 -26.4
    endloop
  endfacet
  facet normal 0.09801714032954162 -0.9951847266721988 0
    outer loop
      vertex 23.888814680308755 -22.303639830494376 -26.4
      vertex 23.888814680308755 -22.303639830494376 -23.4
      vertex 23.778105473225914 -22.31454373566452 -26.4
    endloop
  endfacet
  facet normal 0.03271908282178623 -0.9994645874763652 0
    outer loop
      vertex 24 -22.3 -26.4
      vertex 24 -22.3 -23.4
      vertex 23.888814680308755 -22.303639830494376 -26.4
    endloop
  endfacet
  facet normal -0.03271908282178623 -0.9994645874763652 0
    outer loop
      vertex 24.111185319691245 -22.303639830494376 -26.4
      vertex 24.111185319691245 -22.303639830494376 -23.4
      vertex 24 -22.3 -26.4
    endloop
  endfacet
  facet normal -0.09801714032954162 -0.9951847266721988 0
    outer loop
      vertex 24.221894526774086 -22.31454373566452 -26.4
      vertex 24.221894526774086 -22.31454373566452 -23.4
      vertex 24.111185319691245 -22.303639830494376 -26.4
    endloop
  endfacet
  facet normal -0.16289547339458998 -0.9866433320848789 0
    outer loop
      vertex 24.33165354742742 -22.332665023314508 -26.4
      vertex 24.33165354742742 -22.332665023314508 -23.4
      vertex 24.221894526774086 -22.31454373566452 -26.4
    endloop
  endfacet
  facet normal -0.22707626303438147 -0.9738769792773317 0
    outer loop
      vertex 24.439992376674287 -22.357926095308585 -26.4
      vertex 24.439992376674287 -22.357926095308585 -23.4
      vertex 24.33165354742742 -22.332665023314508 -26.4
    endloop
  endfacet
  facet normal -0.7298640726978364 -0.6835923020228705 4.478768476531349e-19
    outer loop
      vertex 25.202081528017132 -22.797918471982868 -26.4
      vertex 25.278127672714263 -22.87911211432988 -26.4
      vertex 25.278127672714263 -22.87911211432988 -23.4
    endloop
  endfacet
  facet normal -0.7730104533627484 -0.6343932841636315 -2.0432979843323885e-19
    outer loop
      vertex 25.278127672714263 -22.87911211432988 -26.4
      vertex 25.3487006784951 -22.965105570685175 -26.4
      vertex 25.3487006784951 -22.965105570685175 -23.4
    endloop
  endfacet
  facet normal -0.5280678506503642 -0.8492021815265812 0
    outer loop
      vertex 24.944469396133325 -22.586501659085673 -26.4
      vertex 24.944469396133325 -22.586501659085673 -23.4
      vertex 24.85 -22.527756813566455 -26.4
    endloop
  endfacet
  facet normal -0.3522500479212523 -0.9359059267573187 0
    outer loop
      vertex 24.650561835020653 -22.429404794730814 -26.4
      vertex 24.650561835020653 -22.429404794730814 -23.4
      vertex 24.546447091015374 -22.39021877985832 -26.4
    endloop
  endfacet
  facet normal -0.2902846772544499 -0.9569403357322126 0
    outer loop
      vertex 24.546447091015374 -22.39021877985832 -26.4
      vertex 24.546447091015374 -22.39021877985832 -23.4
      vertex 24.439992376674287 -22.357926095308585 -26.4
    endloop
  endfacet
  facet normal -0.4127070298043705 -0.9108638249211869 0
    outer loop
      vertex 24.751890773372303 -22.47531633939443 -26.4
      vertex 24.751890773372303 -22.47531633939443 -23.4
      vertex 24.650561835020653 -22.429404794730814 -26.4
    endloop
  endfacet
  facet normal -0.4713967368260105 -0.8819212643483482 0
    outer loop
      vertex 24.85 -22.527756813566455 -26.4
      vertex 24.85 -22.527756813566455 -23.4
      vertex 24.751890773372303 -22.47531633939443 -26.4
    endloop
  endfacet
  facet normal -0.6343932841636315 -0.7730104533627484 0
    outer loop
      vertex 25.12088788567012 -22.721872327285737 -26.4
      vertex 25.12088788567012 -22.721872327285737 -23.4
      vertex 25.034894429314825 -22.6512993215049 -26.4
    endloop
  endfacet
  facet normal -0.5824776968678098 -0.8128466845916097 0
    outer loop
      vertex 25.034894429314825 -22.6512993215049 -26.4
      vertex 25.034894429314825 -22.6512993215049 -23.4
      vertex 24.944469396133325 -22.586501659085673 -26.4
    endloop
  endfacet
  facet normal -0.6835923020228705 -0.7298640726978364 0
    outer loop
      vertex 25.202081528017132 -22.797918471982868 -26.4
      vertex 25.202081528017132 -22.797918471982868 -23.4
      vertex 25.12088788567012 -22.721872327285737 -26.4
    endloop
  endfacet
  facet normal -0.9738769792773317 0.22707626303438147 6.497010477242105e-19
    outer loop
      vertex 25.667334976685492 -24.33165354742742 -26.4
      vertex 25.642073904691415 -24.439992376674287 -26.4
      vertex 25.642073904691415 -24.439992376674287 -23.4
    endloop
  endfacet
  facet normal -0.9866433320848789 0.16289547339458998 5.803519072698362e-19
    outer loop
      vertex 25.68545626433548 -24.221894526774086 -26.4
      vertex 25.667334976685492 -24.33165354742742 -26.4
      vertex 25.667334976685492 -24.33165354742742 -23.4
    endloop
  endfacet
  facet normal -0.9951847266721988 0.09801714032954162 6.175844402151067e-20
    outer loop
      vertex 25.696360169505624 -24.111185319691245 -26.4
      vertex 25.68545626433548 -24.221894526774086 -26.4
      vertex 25.68545626433548 -24.221894526774086 -23.4
    endloop
  endfacet
  facet normal -0.9994645874763652 0.03271908282178623 5.577206550149531e-20
    outer loop
      vertex 25.7 -24 -26.4
      vertex 25.696360169505624 -24.111185319691245 -26.4
      vertex 25.696360169505624 -24.111185319691245 -23.4
    endloop
  endfacet
  facet normal -0.9994645874763652 -0.03271908282178623 -5.577206550149531e-20
    outer loop
      vertex 25.696360169505624 -23.888814680308755 -26.4
      vertex 25.7 -24 -26.4
      vertex 25.7 -24 -23.4
    endloop
  endfacet
  facet normal -0.9951847266721988 -0.09801714032954162 -6.175844402151067e-20
    outer loop
      vertex 25.68545626433548 -23.778105473225914 -26.4
      vertex 25.696360169505624 -23.888814680308755 -26.4
      vertex 25.696360169505624 -23.888814680308755 -23.4
    endloop
  endfacet
  facet normal -0.9866433320848789 -0.16289547339458998 -5.803519072698362e-19
    outer loop
      vertex 25.667334976685492 -23.66834645257258 -26.4
      vertex 25.68545626433548 -23.778105473225914 -26.4
      vertex 25.68545626433548 -23.778105473225914 -23.4
    endloop
  endfacet
  facet normal -0.9359059267573187 -0.3522500479212523 9.324521639785565e-19
    outer loop
      vertex 25.570595205269186 -23.349438164979347 -26.4
      vertex 25.60978122014168 -23.453552908984626 -26.4
      vertex 25.60978122014168 -23.453552908984626 -23.4
    endloop
  endfacet
  facet normal -0.9738769792773317 -0.22707626303438147 -6.497010477242105e-19
    outer loop
      vertex 25.642073904691415 -23.560007623325713 -26.4
      vertex 25.667334976685492 -23.66834645257258 -26.4
      vertex 25.667334976685492 -23.66834645257258 -23.4
    endloop
  endfacet
  facet normal -0.9569403357322126 -0.2902846772544499 2.629894211950571e-19
    outer loop
      vertex 25.60978122014168 -23.453552908984626 -26.4
      vertex 25.642073904691415 -23.560007623325713 -26.4
      vertex 25.642073904691415 -23.560007623325713 -23.4
    endloop
  endfacet
  facet normal -0.9108638249211869 -0.4127070298043705 -1.0822335965609772e-18
    outer loop
      vertex 25.52468366060557 -23.248109226627697 -26.4
      vertex 25.570595205269186 -23.349438164979347 -26.4
      vertex 25.570595205269186 -23.349438164979347 -23.4
    endloop
  endfacet
  facet normal -0.8492021815265812 -0.5280678506503642 1.134841172938304e-18
    outer loop
      vertex 25.413498340914327 -23.055530603866675 -26.4
      vertex 25.472243186433545 -23.15 -26.4
      vertex 25.472243186433545 -23.15 -23.4
    endloop
  endfacet
  facet normal -0.8819212643483482 -0.4713967368260105 3.1137619680948246e-19
    outer loop
      vertex 25.472243186433545 -23.15 -26.4
      vertex 25.52468366060557 -23.248109226627697 -26.4
      vertex 25.52468366060557 -23.248109226627697 -23.4
    endloop
  endfacet
  facet normal -0.8128466845916097 -0.5824776968678098 4.480397391944577e-19
    outer loop
      vertex 25.3487006784951 -22.965105570685175 -26.4
      vertex 25.413498340914327 -23.055530603866675 -26.4
      vertex 25.413498340914327 -23.055530603866675 -23.4
    endloop
  endfacet
  facet normal 0.2902846772544499 0.9569403357322126 0
    outer loop
      vertex 23.560007623325713 -25.642073904691415 -26.4
      vertex 23.453552908984626 -25.60978122014168 -23.4
      vertex 23.560007623325713 -25.642073904691415 -23.4
    endloop
  endfacet
  facet normal 0.8128466845916097 0.5824776968678098 0
    outer loop
      vertex 22.6512993215049 -25.034894429314825 -26.4
      vertex 22.586501659085673 -24.944469396133325 -23.4
      vertex 22.6512993215049 -25.034894429314825 -23.4
    endloop
  endfacet
  facet normal 0.8819212643483482 0.4713967368260105 0
    outer loop
      vertex 22.527756813566455 -24.85 -26.4
      vertex 22.47531633939443 -24.751890773372303 -23.4
      vertex 22.527756813566455 -24.85 -23.4
    endloop
  endfacet
  facet normal 0.8492021815265812 0.5280678506503642 0
    outer loop
      vertex 22.586501659085673 -24.944469396133325 -26.4
      vertex 22.527756813566455 -24.85 -23.4
      vertex 22.586501659085673 -24.944469396133325 -23.4
    endloop
  endfacet
  facet normal 0.9359059267573187 0.3522500479212523 0
    outer loop
      vertex 22.429404794730814 -24.650561835020653 -26.4
      vertex 22.39021877985832 -24.546447091015374 -23.4
      vertex 22.429404794730814 -24.650561835020653 -23.4
    endloop
  endfacet
  facet normal 0.9569403357322126 0.2902846772544499 0
    outer loop
      vertex 22.39021877985832 -24.546447091015374 -26.4
      vertex 22.357926095308585 -24.439992376674287 -23.4
      vertex 22.39021877985832 -24.546447091015374 -23.4
    endloop
  endfacet
  facet normal 0.9108638249211869 0.4127070298043705 0
    outer loop
      vertex 22.47531633939443 -24.751890773372303 -26.4
      vertex 22.429404794730814 -24.650561835020653 -23.4
      vertex 22.47531633939443 -24.751890773372303 -23.4
    endloop
  endfacet
  facet normal 0.5824776968678098 0.8128466845916097 0
    outer loop
      vertex 23.055530603866675 -25.413498340914327 -26.4
      vertex 22.965105570685175 -25.3487006784951 -23.4
      vertex 23.055530603866675 -25.413498340914327 -23.4
    endloop
  endfacet
  facet normal 0.6835923020228705 0.7298640726978364 0
    outer loop
      vertex 22.87911211432988 -25.278127672714263 -26.4
      vertex 22.797918471982868 -25.202081528017132 -23.4
      vertex 22.87911211432988 -25.278127672714263 -23.4
    endloop
  endfacet
  facet normal 0.7730104533627484 0.6343932841636315 0
    outer loop
      vertex 22.721872327285737 -25.12088788567012 -26.4
      vertex 22.6512993215049 -25.034894429314825 -23.4
      vertex 22.721872327285737 -25.12088788567012 -23.4
    endloop
  endfacet
  facet normal 0.7298640726978364 0.6835923020228705 0
    outer loop
      vertex 22.797918471982868 -25.202081528017132 -26.4
      vertex 22.721872327285737 -25.12088788567012 -23.4
      vertex 22.797918471982868 -25.202081528017132 -23.4
    endloop
  endfacet
  facet normal 0.6343932841636315 0.7730104533627484 -2.0432979843323885e-19
    outer loop
      vertex 22.87911211432988 -25.278127672714263 -23.4
      vertex 22.965105570685175 -25.3487006784951 -23.4
      vertex 22.965105570685175 -25.3487006784951 -26.4
    endloop
  endfacet
  facet normal 0.4713967368260105 0.8819212643483482 0
    outer loop
      vertex 23.248109226627697 -25.52468366060557 -26.4
      vertex 23.15 -25.472243186433545 -23.4
      vertex 23.248109226627697 -25.52468366060557 -23.4
    endloop
  endfacet
  facet normal 0.4127070298043705 0.9108638249211869 0
    outer loop
      vertex 23.349438164979347 -25.570595205269186 -26.4
      vertex 23.248109226627697 -25.52468366060557 -23.4
      vertex 23.349438164979347 -25.570595205269186 -23.4
    endloop
  endfacet
  facet normal 0.5280678506503642 0.8492021815265812 0
    outer loop
      vertex 23.15 -25.472243186433545 -26.4
      vertex 23.055530603866675 -25.413498340914327 -23.4
      vertex 23.15 -25.472243186433545 -23.4
    endloop
  endfacet
  facet normal 0.3522500479212523 0.9359059267573187 0
    outer loop
      vertex 23.453552908984626 -25.60978122014168 -26.4
      vertex 23.349438164979347 -25.570595205269186 -23.4
      vertex 23.453552908984626 -25.60978122014168 -23.4
    endloop
  endfacet
  facet normal 0.22707626303438147 0.9738769792773317 0
    outer loop
      vertex 23.66834645257258 -25.667334976685492 -26.4
      vertex 23.560007623325713 -25.642073904691415 -23.4
      vertex 23.66834645257258 -25.667334976685492 -23.4
    endloop
  endfacet
  facet normal 0.16289547339458998 0.9866433320848789 0
    outer loop
      vertex 23.778105473225914 -25.68545626433548 -26.4
      vertex 23.66834645257258 -25.667334976685492 -23.4
      vertex 23.778105473225914 -25.68545626433548 -23.4
    endloop
  endfacet
  facet normal 0.09801714032954162 0.9951847266721988 0
    outer loop
      vertex 23.888814680308755 -25.696360169505624 -26.4
      vertex 23.778105473225914 -25.68545626433548 -23.4
      vertex 23.888814680308755 -25.696360169505624 -23.4
    endloop
  endfacet
  facet normal 0.03271908282178623 0.9994645874763652 -5.577206550149531e-20
    outer loop
      vertex 23.888814680308755 -25.696360169505624 -23.4
      vertex 24 -25.7 -23.4
      vertex 24 -25.7 -26.4
    endloop
  endfacet
  facet normal -0.03271908282178623 0.9994645874763652 0
    outer loop
      vertex 24.111185319691245 -25.696360169505624 -26.4
      vertex 24 -25.7 -23.4
      vertex 24.111185319691245 -25.696360169505624 -23.4
    endloop
  endfacet
  facet normal -0.09801714032954162 0.9951847266721988 0
    outer loop
      vertex 24.221894526774086 -25.68545626433548 -26.4
      vertex 24.111185319691245 -25.696360169505624 -23.4
      vertex 24.221894526774086 -25.68545626433548 -23.4
    endloop
  endfacet
  facet normal -0.16289547339458998 0.9866433320848789 5.803519072698362e-19
    outer loop
      vertex 24.221894526774086 -25.68545626433548 -23.4
      vertex 24.33165354742742 -25.667334976685492 -23.4
      vertex 24.33165354742742 -25.667334976685492 -26.4
    endloop
  endfacet
  facet normal -0.22707626303438147 0.9738769792773317 0
    outer loop
      vertex 24.439992376674287 -25.642073904691415 -26.4
      vertex 24.33165354742742 -25.667334976685492 -23.4
      vertex 24.439992376674287 -25.642073904691415 -23.4
    endloop
  endfacet
  facet normal -0.2902846772544499 0.9569403357322126 0
    outer loop
      vertex 24.546447091015374 -25.60978122014168 -26.4
      vertex 24.439992376674287 -25.642073904691415 -23.4
      vertex 24.546447091015374 -25.60978122014168 -23.4
    endloop
  endfacet
  facet normal -0.3522500479212523 0.9359059267573187 -9.324521639785565e-19
    outer loop
      vertex 24.546447091015374 -25.60978122014168 -23.4
      vertex 24.650561835020653 -25.570595205269186 -23.4
      vertex 24.650561835020653 -25.570595205269186 -26.4
    endloop
  endfacet
  facet normal -0.4127070298043705 0.9108638249211869 0
    outer loop
      vertex 24.751890773372303 -25.52468366060557 -26.4
      vertex 24.650561835020653 -25.570595205269186 -23.4
      vertex 24.751890773372303 -25.52468366060557 -23.4
    endloop
  endfacet
  facet normal -0.4713967368260105 0.8819212643483482 0
    outer loop
      vertex 24.85 -25.472243186433545 -26.4
      vertex 24.751890773372303 -25.52468366060557 -23.4
      vertex 24.85 -25.472243186433545 -23.4
    endloop
  endfacet
  facet normal -0.5280678506503642 0.8492021815265812 0
    outer loop
      vertex 24.944469396133325 -25.413498340914327 -26.4
      vertex 24.85 -25.472243186433545 -23.4
      vertex 24.944469396133325 -25.413498340914327 -23.4
    endloop
  endfacet
  facet normal -0.5824776968678098 0.8128466845916097 0
    outer loop
      vertex 25.034894429314825 -25.3487006784951 -26.4
      vertex 24.944469396133325 -25.413498340914327 -23.4
      vertex 25.034894429314825 -25.3487006784951 -23.4
    endloop
  endfacet
  facet normal -0.6343932841636315 0.7730104533627484 0
    outer loop
      vertex 25.12088788567012 -25.278127672714263 -26.4
      vertex 25.034894429314825 -25.3487006784951 -23.4
      vertex 25.12088788567012 -25.278127672714263 -23.4
    endloop
  endfacet
  facet normal -0.6835923020228705 0.7298640726978364 0
    outer loop
      vertex 25.202081528017132 -25.202081528017132 -26.4
      vertex 25.12088788567012 -25.278127672714263 -23.4
      vertex 25.202081528017132 -25.202081528017132 -23.4
    endloop
  endfacet
  facet normal -0.7298640726978364 0.6835923020228705 0
    outer loop
      vertex 25.278127672714263 -25.12088788567012 -26.4
      vertex 25.202081528017132 -25.202081528017132 -23.4
      vertex 25.278127672714263 -25.12088788567012 -23.4
    endloop
  endfacet
  facet normal -0.7730104533627484 0.6343932841636315 0
    outer loop
      vertex 25.3487006784951 -25.034894429314825 -26.4
      vertex 25.278127672714263 -25.12088788567012 -23.4
      vertex 25.3487006784951 -25.034894429314825 -23.4
    endloop
  endfacet
  facet normal -0.8128466845916097 0.5824776968678098 0
    outer loop
      vertex 25.413498340914327 -24.944469396133325 -26.4
      vertex 25.3487006784951 -25.034894429314825 -23.4
      vertex 25.413498340914327 -24.944469396133325 -23.4
    endloop
  endfacet
  facet normal -0.8492021815265812 0.5280678506503642 0
    outer loop
      vertex 25.472243186433545 -24.85 -26.4
      vertex 25.413498340914327 -24.944469396133325 -23.4
      vertex 25.472243186433545 -24.85 -23.4
    endloop
  endfacet
  facet normal -0.8819212643483482 0.4713967368260105 0
    outer loop
      vertex 25.52468366060557 -24.751890773372303 -26.4
      vertex 25.472243186433545 -24.85 -23.4
      vertex 25.52468366060557 -24.751890773372303 -23.4
    endloop
  endfacet
  facet normal -0.9108638249211869 0.4127070298043705 0
    outer loop
      vertex 25.570595205269186 -24.650561835020653 -26.4
      vertex 25.52468366060557 -24.751890773372303 -23.4
      vertex 25.570595205269186 -24.650561835020653 -23.4
    endloop
  endfacet
  facet normal -0.9359059267573187 0.3522500479212523 0
    outer loop
      vertex 25.60978122014168 -24.546447091015374 -26.4
      vertex 25.570595205269186 -24.650561835020653 -23.4
      vertex 25.60978122014168 -24.546447091015374 -23.4
    endloop
  endfacet
  facet normal 0.9738769792773317 0.22707626303438147 0
    outer loop
      vertex 22.357926095308585 -24.439992376674287 -26.4
      vertex 22.332665023314508 -24.33165354742742 -23.4
      vertex 22.357926095308585 -24.439992376674287 -23.4
    endloop
  endfacet
  facet normal 0.9866433320848789 0.16289547339458998 0
    outer loop
      vertex 22.332665023314508 -24.33165354742742 -26.4
      vertex 22.31454373566452 -24.221894526774086 -23.4
      vertex 22.332665023314508 -24.33165354742742 -23.4
    endloop
  endfacet
  facet normal 0.9951847266721988 0.09801714032954162 0
    outer loop
      vertex 22.31454373566452 -24.221894526774086 -26.4
      vertex 22.303639830494376 -24.111185319691245 -23.4
      vertex 22.31454373566452 -24.221894526774086 -23.4
    endloop
  endfacet
  facet normal 0.9994645874763652 0.03271908282178623 0
    outer loop
      vertex 22.303639830494376 -24.111185319691245 -26.4
      vertex 22.3 -24 -23.4
      vertex 22.303639830494376 -24.111185319691245 -23.4
    endloop
  endfacet
  facet normal 0.9994645874763652 -0.03271908282178623 0
    outer loop
      vertex 22.3 -24 -26.4
      vertex 22.303639830494376 -23.888814680308755 -23.4
      vertex 22.3 -24 -23.4
    endloop
  endfacet
  facet normal 0.9951847266721988 -0.09801714032954162 6.175844402151067e-20
    outer loop
      vertex 22.31454373566452 -23.778105473225914 -23.4
      vertex 22.303639830494376 -23.888814680308755 -23.4
      vertex 22.303639830494376 -23.888814680308755 -26.4
    endloop
  endfacet
  facet normal 0.9866433320848789 -0.16289547339458998 5.803519072698362e-19
    outer loop
      vertex 22.332665023314508 -23.66834645257258 -23.4
      vertex 22.31454373566452 -23.778105473225914 -23.4
      vertex 22.31454373566452 -23.778105473225914 -26.4
    endloop
  endfacet
  facet normal 0.9738769792773317 -0.22707626303438147 0
    outer loop
      vertex 22.332665023314508 -23.66834645257258 -26.4
      vertex 22.357926095308585 -23.560007623325713 -23.4
      vertex 22.332665023314508 -23.66834645257258 -23.4
    endloop
  endfacet
  facet normal 0.9569403357322126 -0.2902846772544499 0
    outer loop
      vertex 22.357926095308585 -23.560007623325713 -26.4
      vertex 22.39021877985832 -23.453552908984626 -23.4
      vertex 22.357926095308585 -23.560007623325713 -23.4
    endloop
  endfacet
  facet normal 0.9359059267573187 -0.3522500479212523 -9.324521639785565e-19
    outer loop
      vertex 22.429404794730814 -23.349438164979347 -23.4
      vertex 22.39021877985832 -23.453552908984626 -23.4
      vertex 22.39021877985832 -23.453552908984626 -26.4
    endloop
  endfacet
  facet normal 0.9108638249211869 -0.4127070298043705 0
    outer loop
      vertex 22.429404794730814 -23.349438164979347 -26.4
      vertex 22.47531633939443 -23.248109226627697 -23.4
      vertex 22.429404794730814 -23.349438164979347 -23.4
    endloop
  endfacet
  facet normal 0.8819212643483482 -0.4713967368260105 0
    outer loop
      vertex 22.47531633939443 -23.248109226627697 -26.4
      vertex 22.527756813566455 -23.15 -23.4
      vertex 22.47531633939443 -23.248109226627697 -23.4
    endloop
  endfacet
  facet normal 0.8492021815265812 -0.5280678506503642 -1.134841172938304e-18
    outer loop
      vertex 22.586501659085673 -23.055530603866675 -23.4
      vertex 22.527756813566455 -23.15 -23.4
      vertex 22.527756813566455 -23.15 -26.4
    endloop
  endfacet
  facet normal 0.8128466845916097 -0.5824776968678098 -4.480397391944577e-19
    outer loop
      vertex 22.6512993215049 -22.965105570685175 -23.4
      vertex 22.586501659085673 -23.055530603866675 -23.4
      vertex 22.586501659085673 -23.055530603866675 -26.4
    endloop
  endfacet
  facet normal 0.7730104533627484 -0.6343932841636315 0
    outer loop
      vertex 22.6512993215049 -22.965105570685175 -26.4
      vertex 22.721872327285737 -22.87911211432988 -23.4
      vertex 22.6512993215049 -22.965105570685175 -23.4
    endloop
  endfacet
  facet normal 0.7298640726978364 -0.6835923020228705 -4.478768476531349e-19
    outer loop
      vertex 22.797918471982868 -22.797918471982868 -23.4
      vertex 22.721872327285737 -22.87911211432988 -23.4
      vertex 22.721872327285737 -22.87911211432988 -26.4
    endloop
  endfacet
  facet normal 0.6835923020228705 -0.7298640726978364 -4.478768476531349e-19
    outer loop
      vertex 22.87911211432988 -22.721872327285737 -23.4
      vertex 22.797918471982868 -22.797918471982868 -23.4
      vertex 22.797918471982868 -22.797918471982868 -26.4
    endloop
  endfacet
  facet normal 0.6343932841636315 -0.7730104533627484 0
    outer loop
      vertex 22.87911211432988 -22.721872327285737 -26.4
      vertex 22.965105570685175 -22.6512993215049 -23.4
      vertex 22.87911211432988 -22.721872327285737 -23.4
    endloop
  endfacet
  facet normal 0.5824776968678098 -0.8128466845916097 0
    outer loop
      vertex 22.965105570685175 -22.6512993215049 -26.4
      vertex 23.055530603866675 -22.586501659085673 -23.4
      vertex 22.965105570685175 -22.6512993215049 -23.4
    endloop
  endfacet
  facet normal 0.5280678506503642 -0.8492021815265812 0
    outer loop
      vertex 23.055530603866675 -22.586501659085673 -26.4
      vertex 23.15 -22.527756813566455 -23.4
      vertex 23.055530603866675 -22.586501659085673 -23.4
    endloop
  endfacet
  facet normal 0.4713967368260105 -0.8819212643483482 0
    outer loop
      vertex 23.15 -22.527756813566455 -26.4
      vertex 23.248109226627697 -22.47531633939443 -23.4
      vertex 23.15 -22.527756813566455 -23.4
    endloop
  endfacet
  facet normal 0.4127070298043705 -0.9108638249211869 0
    outer loop
      vertex 23.248109226627697 -22.47531633939443 -26.4
      vertex 23.349438164979347 -22.429404794730814 -23.4
      vertex 23.248109226627697 -22.47531633939443 -23.4
    endloop
  endfacet
  facet normal 0.3522500479212523 -0.9359059267573187 0
    outer loop
      vertex 23.349438164979347 -22.429404794730814 -26.4
      vertex 23.453552908984626 -22.39021877985832 -23.4
      vertex 23.349438164979347 -22.429404794730814 -23.4
    endloop
  endfacet
  facet normal 0.2902846772544499 -0.9569403357322126 0
    outer loop
      vertex 23.453552908984626 -22.39021877985832 -26.4
      vertex 23.560007623325713 -22.357926095308585 -23.4
      vertex 23.453552908984626 -22.39021877985832 -23.4
    endloop
  endfacet
  facet normal 0.22707626303438147 -0.9738769792773317 0
    outer loop
      vertex 23.560007623325713 -22.357926095308585 -26.4
      vertex 23.66834645257258 -22.332665023314508 -23.4
      vertex 23.560007623325713 -22.357926095308585 -23.4
    endloop
  endfacet
  facet normal 0.16289547339458998 -0.9866433320848789 0
    outer loop
      vertex 23.66834645257258 -22.332665023314508 -26.4
      vertex 23.778105473225914 -22.31454373566452 -23.4
      vertex 23.66834645257258 -22.332665023314508 -23.4
    endloop
  endfacet
  facet normal 0.09801714032954162 -0.9951847266721988 0
    outer loop
      vertex 23.778105473225914 -22.31454373566452 -26.4
      vertex 23.888814680308755 -22.303639830494376 -23.4
      vertex 23.778105473225914 -22.31454373566452 -23.4
    endloop
  endfacet
  facet normal 0.03271908282178623 -0.9994645874763652 0
    outer loop
      vertex 23.888814680308755 -22.303639830494376 -26.4
      vertex 24 -22.3 -23.4
      vertex 23.888814680308755 -22.303639830494376 -23.4
    endloop
  endfacet
  facet normal -0.03271908282178623 -0.9994645874763652 0
    outer loop
      vertex 24 -22.3 -26.4
      vertex 24.111185319691245 -22.303639830494376 -23.4
      vertex 24 -22.3 -23.4
    endloop
  endfacet
  facet normal -0.09801714032954162 -0.9951847266721988 0
    outer loop
      vertex 24.111185319691245 -22.303639830494376 -26.4
      vertex 24.221894526774086 -22.31454373566452 -23.4
      vertex 24.111185319691245 -22.303639830494376 -23.4
    endloop
  endfacet
  facet normal -0.16289547339458998 -0.9866433320848789 0
    outer loop
      vertex 24.221894526774086 -22.31454373566452 -26.4
      vertex 24.33165354742742 -22.332665023314508 -23.4
      vertex 24.221894526774086 -22.31454373566452 -23.4
    endloop
  endfacet
  facet normal -0.22707626303438147 -0.9738769792773317 0
    outer loop
      vertex 24.33165354742742 -22.332665023314508 -26.4
      vertex 24.439992376674287 -22.357926095308585 -23.4
      vertex 24.33165354742742 -22.332665023314508 -23.4
    endloop
  endfacet
  facet normal -0.8128466845916097 -0.5824776968678098 0
    outer loop
      vertex 25.3487006784951 -22.965105570685175 -26.4
      vertex 25.413498340914327 -23.055530603866675 -23.4
      vertex 25.3487006784951 -22.965105570685175 -23.4
    endloop
  endfacet
  facet normal -0.7298640726978364 -0.6835923020228705 0
    outer loop
      vertex 25.202081528017132 -22.797918471982868 -26.4
      vertex 25.278127672714263 -22.87911211432988 -23.4
      vertex 25.202081528017132 -22.797918471982868 -23.4
    endloop
  endfacet
  facet normal -0.7730104533627484 -0.6343932841636315 0
    outer loop
      vertex 25.278127672714263 -22.87911211432988 -26.4
      vertex 25.3487006784951 -22.965105570685175 -23.4
      vertex 25.278127672714263 -22.87911211432988 -23.4
    endloop
  endfacet
  facet normal -0.5280678506503642 -0.8492021815265812 0
    outer loop
      vertex 24.85 -22.527756813566455 -26.4
      vertex 24.944469396133325 -22.586501659085673 -23.4
      vertex 24.85 -22.527756813566455 -23.4
    endloop
  endfacet
  facet normal -0.3522500479212523 -0.9359059267573187 0
    outer loop
      vertex 24.546447091015374 -22.39021877985832 -26.4
      vertex 24.650561835020653 -22.429404794730814 -23.4
      vertex 24.546447091015374 -22.39021877985832 -23.4
    endloop
  endfacet
  facet normal -0.4127070298043705 -0.9108638249211869 0
    outer loop
      vertex 24.650561835020653 -22.429404794730814 -26.4
      vertex 24.751890773372303 -22.47531633939443 -23.4
      vertex 24.650561835020653 -22.429404794730814 -23.4
    endloop
  endfacet
  facet normal -0.2902846772544499 -0.9569403357322126 0
    outer loop
      vertex 24.439992376674287 -22.357926095308585 -26.4
      vertex 24.546447091015374 -22.39021877985832 -23.4
      vertex 24.439992376674287 -22.357926095308585 -23.4
    endloop
  endfacet
  facet normal -0.4713967368260105 -0.8819212643483482 0
    outer loop
      vertex 24.751890773372303 -22.47531633939443 -26.4
      vertex 24.85 -22.527756813566455 -23.4
      vertex 24.751890773372303 -22.47531633939443 -23.4
    endloop
  endfacet
  facet normal -0.6835923020228705 -0.7298640726978364 0
    outer loop
      vertex 25.12088788567012 -22.721872327285737 -26.4
      vertex 25.202081528017132 -22.797918471982868 -23.4
      vertex 25.12088788567012 -22.721872327285737 -23.4
    endloop
  endfacet
  facet normal -0.6343932841636315 -0.7730104533627484 0
    outer loop
      vertex 25.034894429314825 -22.6512993215049 -26.4
      vertex 25.12088788567012 -22.721872327285737 -23.4
      vertex 25.034894429314825 -22.6512993215049 -23.4
    endloop
  endfacet
  facet normal -0.5824776968678098 -0.8128466845916097 0
    outer loop
      vertex 24.944469396133325 -22.586501659085673 -26.4
      vertex 25.034894429314825 -22.6512993215049 -23.4
      vertex 24.944469396133325 -22.586501659085673 -23.4
    endloop
  endfacet
  facet normal -0.9569403357322126 0.2902846772544499 0
    outer loop
      vertex 25.642073904691415 -24.439992376674287 -26.4
      vertex 25.60978122014168 -24.546447091015374 -23.4
      vertex 25.642073904691415 -24.439992376674287 -23.4
    endloop
  endfacet
  facet normal -0.9738769792773317 0.22707626303438147 0
    outer loop
      vertex 25.667334976685492 -24.33165354742742 -26.4
      vertex 25.642073904691415 -24.439992376674287 -23.4
      vertex 25.667334976685492 -24.33165354742742 -23.4
    endloop
  endfacet
  facet normal -0.9866433320848789 0.16289547339458998 0
    outer loop
      vertex 25.68545626433548 -24.221894526774086 -26.4
      vertex 25.667334976685492 -24.33165354742742 -23.4
      vertex 25.68545626433548 -24.221894526774086 -23.4
    endloop
  endfacet
  facet normal -0.9951847266721988 0.09801714032954162 0
    outer loop
      vertex 25.696360169505624 -24.111185319691245 -26.4
      vertex 25.68545626433548 -24.221894526774086 -23.4
      vertex 25.696360169505624 -24.111185319691245 -23.4
    endloop
  endfacet
  facet normal -0.9994645874763652 0.03271908282178623 0
    outer loop
      vertex 25.7 -24 -26.4
      vertex 25.696360169505624 -24.111185319691245 -23.4
      vertex 25.7 -24 -23.4
    endloop
  endfacet
  facet normal -0.9994645874763652 -0.03271908282178623 0
    outer loop
      vertex 25.696360169505624 -23.888814680308755 -26.4
      vertex 25.7 -24 -23.4
      vertex 25.696360169505624 -23.888814680308755 -23.4
    endloop
  endfacet
  facet normal -0.9951847266721988 -0.09801714032954162 0
    outer loop
      vertex 25.68545626433548 -23.778105473225914 -26.4
      vertex 25.696360169505624 -23.888814680308755 -23.4
      vertex 25.68545626433548 -23.778105473225914 -23.4
    endloop
  endfacet
  facet normal -0.9866433320848789 -0.16289547339458998 0
    outer loop
      vertex 25.667334976685492 -23.66834645257258 -26.4
      vertex 25.68545626433548 -23.778105473225914 -23.4
      vertex 25.667334976685492 -23.66834645257258 -23.4
    endloop
  endfacet
  facet normal -0.9359059267573187 -0.3522500479212523 0
    outer loop
      vertex 25.570595205269186 -23.349438164979347 -26.4
      vertex 25.60978122014168 -23.453552908984626 -23.4
      vertex 25.570595205269186 -23.349438164979347 -23.4
    endloop
  endfacet
  facet normal -0.9738769792773317 -0.22707626303438147 0
    outer loop
      vertex 25.642073904691415 -23.560007623325713 -26.4
      vertex 25.667334976685492 -23.66834645257258 -23.4
      vertex 25.642073904691415 -23.560007623325713 -23.4
    endloop
  endfacet
  facet normal -0.9569403357322126 -0.2902846772544499 0
    outer loop
      vertex 25.60978122014168 -23.453552908984626 -26.4
      vertex 25.642073904691415 -23.560007623325713 -23.4
      vertex 25.60978122014168 -23.453552908984626 -23.4
    endloop
  endfacet
  facet normal -0.9108638249211869 -0.4127070298043705 0
    outer loop
      vertex 25.52468366060557 -23.248109226627697 -26.4
      vertex 25.570595205269186 -23.349438164979347 -23.4
      vertex 25.52468366060557 -23.248109226627697 -23.4
    endloop
  endfacet
  facet normal -0.8819212643483482 -0.4713967368260105 0
    outer loop
      vertex 25.472243186433545 -23.15 -26.4
      vertex 25.52468366060557 -23.248109226627697 -23.4
      vertex 25.472243186433545 -23.15 -23.4
    endloop
  endfacet
  facet normal -0.8492021815265812 -0.5280678506503642 0
    outer loop
      vertex 25.413498340914327 -23.055530603866675 -26.4
      vertex 25.472243186433545 -23.15 -23.4
      vertex 25.413498340914327 -23.055530603866675 -23.4
    endloop
  endfacet
  facet normal 0 0 -1
    outer loop
      vertex -26.211443454027176 -28.484363704919815 -26.4
      vertex -24.33165354742742 -25.667334976685492 -26.4
      vertex -25.913417160511017 -28.619397662580013 -26.4
    endloop
  endfacet
  facet normal 0 0 -1
    outer loop
      vertex -26.777851164340973 -28.157348059117794 -26.4
      vertex -25.52468366060557 -24.751890773372303 -26.4
      vertex -26.5 -28.330127015709877 -26.4
    endloop
  endfacet
  facet normal 0 0 -1
    outer loop
      vertex -26.5 -28.330127015709877 -26.4
      vertex -25.278127672714263 -25.12088788567012 -26.4
      vertex -26.211443454027176 -28.484363704919815 -26.4
    endloop
  endfacet
  facet normal 0 0 -1
    outer loop
      vertex -28.619397662580013 -25.913417160511017 -26.4
      vertex -28.734650649130344 -25.60719732940197 -26.4
      vertex -28.619397662580013 -22.086582839488983 -26.4
    endloop
  endfacet
  facet normal 0 0 -1
    outer loop
      vertex -26.777851164340973 -28.157348059117794 -26.4
      vertex -27.04380714148283 -27.966766700148582 -26.4
      vertex -25.7 -24 -26.4
    endloop
  endfacet
  facet normal 0 0 -1
    outer loop
      vertex -26.211443454027176 -28.484363704919815 -26.4
      vertex -25.034894429314825 -25.3487006784951 -26.4
      vertex -24.944469396133325 -25.413498340914327 -26.4
    endloop
  endfacet
  facet normal 0 0 -1
    outer loop
      vertex -26.211443454027176 -28.484363704919815 -26.4
      vertex -25.12088788567012 -25.278127672714263 -26.4
      vertex -25.034894429314825 -25.3487006784951 -26.4
    endloop
  endfacet
  facet normal 0 0 -1
    outer loop
      vertex -26.211443454027176 -28.484363704919815 -26.4
      vertex -25.278127672714263 -25.12088788567012 -26.4
      vertex -25.202081528017132 -25.202081528017132 -26.4
    endloop
  endfacet
  facet normal 0 0 -1
    outer loop
      vertex -26.211443454027176 -28.484363704919815 -26.4
      vertex -25.202081528017132 -25.202081528017132 -26.4
      vertex -25.12088788567012 -25.278127672714263 -26.4
    endloop
  endfacet
  facet normal 0 0 -1
    outer loop
      vertex -26.5 -28.330127015709877 -26.4
      vertex -25.52468366060557 -24.751890773372303 -26.4
      vertex -25.472243186433545 -24.85 -26.4
    endloop
  endfacet
  facet normal 0 0 -1
    outer loop
      vertex -26.777851164340973 -28.157348059117794 -26.4
      vertex -25.570595205269186 -24.650561835020653 -26.4
      vertex -25.52468366060557 -24.751890773372303 -26.4
    endloop
  endfacet
  facet normal 0 0 -1
    outer loop
      vertex -26.777851164340973 -28.157348059117794 -26.4
      vertex -25.60978122014168 -24.546447091015374 -26.4
      vertex -25.570595205269186 -24.650561835020653 -26.4
    endloop
  endfacet
  facet normal 0 0 -1
    outer loop
      vertex -26.777851164340973 -28.157348059117794 -26.4
      vertex -25.642073904691415 -24.439992376674287 -26.4
      vertex -25.60978122014168 -24.546447091015374 -26.4
    endloop
  endfacet
  facet normal 0 0 -1
    outer loop
      vertex -26.777851164340973 -28.157348059117794 -26.4
      vertex -25.667334976685492 -24.33165354742742 -26.4
      vertex -25.642073904691415 -24.439992376674287 -26.4
    endloop
  endfacet
  facet normal 0 0 -1
    outer loop
      vertex -26.5 -28.330127015709877 -26.4
      vertex -25.413498340914327 -24.944469396133325 -26.4
      vertex -25.3487006784951 -25.034894429314825 -26.4
    endloop
  endfacet
  facet normal 0 0 -1
    outer loop
      vertex -26.5 -28.330127015709877 -26.4
      vertex -25.3487006784951 -25.034894429314825 -26.4
      vertex -25.278127672714263 -25.12088788567012 -26.4
    endloop
  endfacet
  facet normal 0 0 -1
    outer loop
      vertex -26.5 -28.330127015709877 -26.4
      vertex -25.472243186433545 -24.85 -26.4
      vertex -25.413498340914327 -24.944469396133325 -26.4
    endloop
  endfacet
  facet normal 0 0 -1
    outer loop
      vertex -26.777851164340973 -28.157348059117794 -26.4
      vertex -25.7 -24 -26.4
      vertex -25.696360169505624 -24.111185319691245 -26.4
    endloop
  endfacet
  facet normal 0 0 -1
    outer loop
      vertex -26.777851164340973 -28.157348059117794 -26.4
      vertex -25.68545626433548 -24.221894526774086 -26.4
      vertex -25.667334976685492 -24.33165354742742 -26.4
    endloop
  endfacet
  facet normal 0 0 -1
    outer loop
      vertex -26.777851164340973 -28.157348059117794 -26.4
      vertex -25.696360169505624 -24.111185319691245 -26.4
      vertex -25.68545626433548 -24.221894526774086 -26.4
    endloop
  endfacet
  facet normal 0 0 -1
    outer loop
      vertex -27.04380714148283 -27.966766700148582 -26.4
      vertex -25.696360169505624 -23.888814680308755 -26.4
      vertex -25.7 -24 -26.4
    endloop
  endfacet
  facet normal 0 0 -1
    outer loop
      vertex -27.04380714148283 -27.966766700148582 -26.4
      vertex -25.68545626433548 -23.778105473225914 -26.4
      vertex -25.696360169505624 -23.888814680308755 -26.4
    endloop
  endfacet
  facet normal 0 0 -1
    outer loop
      vertex -27.04380714148283 -27.966766700148582 -26.4
      vertex -25.667334976685492 -23.66834645257258 -26.4
      vertex -25.68545626433548 -23.778105473225914 -26.4
    endloop
  endfacet
  facet normal 0 0 -1
    outer loop
      vertex -27.04380714148283 -27.966766700148582 -26.4
      vertex -25.642073904691415 -23.560007623325713 -26.4
      vertex -25.667334976685492 -23.66834645257258 -26.4
    endloop
  endfacet
  facet normal 0 0 -1
    outer loop
      vertex -27.04380714148283 -27.966766700148582 -26.4
      vertex -25.60978122014168 -23.453552908984626 -26.4
      vertex -25.642073904691415 -23.560007623325713 -26.4
    endloop
  endfacet
  facet normal 0 0 -1
    outer loop
      vertex -25.913417160511017 -28.619397662580013 -26.4
      vertex -24 -25.7 -26.4
      vertex -25.60719732940197 -28.734650649130344 -26.4
    endloop
  endfacet
  facet normal 0 0 -1
    outer loop
      vertex -25.60719732940197 -28.734650649130344 -26.4
      vertex -23.560007623325713 -25.642073904691415 -26.4
      vertex -25.29409522563219 -28.829629130661488 -26.4
    endloop
  endfacet
  facet normal 0 0 -1
    outer loop
      vertex -25.29409522563219 -28.829629130661488 -26.4
      vertex -23.055530603866675 -25.413498340914327 -26.4
      vertex -24.975451610982418 -28.9039264023304 -26.4
    endloop
  endfacet
  facet normal 0 0 -1
    outer loop
      vertex -26.211443454027176 -28.484363704919815 -26.4
      vertex -24.85 -25.472243186433545 -26.4
      vertex -24.751890773372303 -25.52468366060557 -26.4
    endloop
  endfacet
  facet normal 0 0 -1
    outer loop
      vertex -26.211443454027176 -28.484363704919815 -26.4
      vertex -24.751890773372303 -25.52468366060557 -26.4
      vertex -24.650561835020653 -25.570595205269186 -26.4
    endloop
  endfacet
  facet normal 0 0 -1
    outer loop
      vertex -26.211443454027176 -28.484363704919815 -26.4
      vertex -24.650561835020653 -25.570595205269186 -26.4
      vertex -24.546447091015374 -25.60978122014168 -26.4
    endloop
  endfacet
  facet normal 0 0 -1
    outer loop
      vertex -26.211443454027176 -28.484363704919815 -26.4
      vertex -24.546447091015374 -25.60978122014168 -26.4
      vertex -24.439992376674287 -25.642073904691415 -26.4
    endloop
  endfacet
  facet normal 0 0 -1
    outer loop
      vertex -26.211443454027176 -28.484363704919815 -26.4
      vertex -24.439992376674287 -25.642073904691415 -26.4
      vertex -24.33165354742742 -25.667334976685492 -26.4
    endloop
  endfacet
  facet normal 0 0 -1
    outer loop
      vertex -26.211443454027176 -28.484363704919815 -26.4
      vertex -24.944469396133325 -25.413498340914327 -26.4
      vertex -24.85 -25.472243186433545 -26.4
    endloop
  endfacet
  facet normal 0 0 -1
    outer loop
      vertex -25.913417160511017 -28.619397662580013 -26.4
      vertex -24.33165354742742 -25.667334976685492 -26.4
      vertex -24.221894526774086 -25.68545626433548 -26.4
    endloop
  endfacet
  facet normal 0 0 -1
    outer loop
      vertex -25.913417160511017 -28.619397662580013 -26.4
      vertex -24.221894526774086 -25.68545626433548 -26.4
      vertex -24.111185319691245 -25.696360169505624 -26.4
    endloop
  endfacet
  facet normal 0 0 -1
    outer loop
      vertex -25.913417160511017 -28.619397662580013 -26.4
      vertex -24.111185319691245 -25.696360169505624 -26.4
      vertex -24 -25.7 -26.4
    endloop
  endfacet
  facet normal 0 0 -1
    outer loop
      vertex -25.60719732940197 -28.734650649130344 -26.4
      vertex -24 -25.7 -26.4
      vertex -23.888814680308755 -25.696360169505624 -26.4
    endloop
  endfacet
  facet normal 0 0 -1
    outer loop
      vertex -25.60719732940197 -28.734650649130344 -26.4
      vertex -23.888814680308755 -25.696360169505624 -26.4
      vertex -23.778105473225914 -25.68545626433548 -26.4
    endloop
  endfacet
  facet normal 0 0 -1
    outer loop
      vertex -25.60719732940197 -28.734650649130344 -26.4
      vertex -23.778105473225914 -25.68545626433548 -26.4
      vertex -23.66834645257258 -25.667334976685492 -26.4
    endloop
  endfacet
  facet normal 0 0 -1
    outer loop
      vertex -25.60719732940197 -28.734650649130344 -26.4
      vertex -23.66834645257258 -25.667334976685492 -26.4
      vertex -23.560007623325713 -25.642073904691415 -26.4
    endloop
  endfacet
  facet normal 0 0 -1
    outer loop
      vertex -25.29409522563219 -28.829629130661488 -26.4
      vertex -23.560007623325713 -25.642073904691415 -26.4
      vertex -23.453552908984626 -25.60978122014168 -26.4
    endloop
  endfacet
  facet normal 0 0 -1
    outer loop
      vertex -25.29409522563219 -28.829629130661488 -26.4
      vertex -23.453552908984626 -25.60978122014168 -26.4
      vertex -23.349438164979347 -25.570595205269186 -26.4
    endloop
  endfacet
  facet normal 0 0 -1
    outer loop
      vertex -25.29409522563219 -28.829629130661488 -26.4
      vertex -23.349438164979347 -25.570595205269186 -26.4
      vertex -23.248109226627697 -25.52468366060557 -26.4
    endloop
  endfacet
  facet normal 0 0 -1
    outer loop
      vertex -25.29409522563219 -28.829629130661488 -26.4
      vertex -23.248109226627697 -25.52468366060557 -26.4
      vertex -23.15 -25.472243186433545 -26.4
    endloop
  endfacet
  facet normal 0 0 -1
    outer loop
      vertex -25.29409522563219 -28.829629130661488 -26.4
      vertex -23.15 -25.472243186433545 -26.4
      vertex -23.055530603866675 -25.413498340914327 -26.4
    endloop
  endfacet
  facet normal 0 0 -1
    outer loop
      vertex -24.975451610982418 -28.9039264023304 -26.4
      vertex -23.055530603866675 -25.413498340914327 -26.4
      vertex -22.965105570685175 -25.3487006784951 -26.4
    endloop
  endfacet
  facet normal 0 0 -1
    outer loop
      vertex -24.975451610982418 -28.9039264023304 -26.4
      vertex -22.965105570685175 -25.3487006784951 -26.4
      vertex -22.87911211432988 -25.278127672714263 -26.4
    endloop
  endfacet
  facet normal 0 0 -1
    outer loop
      vertex -24.975451610982418 -28.9039264023304 -26.4
      vertex -22.87911211432988 -25.278127672714263 -26.4
      vertex -22.797918471982868 -25.202081528017132 -26.4
    endloop
  endfacet
  facet normal 0 0 -1
    outer loop
      vertex -24.975451610982418 -28.9039264023304 -26.4
      vertex -22.797918471982868 -25.202081528017132 -26.4
      vertex -22.721872327285737 -25.12088788567012 -26.4
    endloop
  endfacet
  facet normal 0 0 -1
    outer loop
      vertex -24.975451610982418 -28.9039264023304 -26.4
      vertex -22.721872327285737 -25.12088788567012 -26.4
      vertex -22.6512993215049 -25.034894429314825 -26.4
    endloop
  endfacet
  facet normal 0 0 -1
    outer loop
      vertex -24.975451610982418 -28.9039264023304 -26.4
      vertex -22.6512993215049 -25.034894429314825 -26.4
      vertex -22.586501659085673 -24.944469396133325 -26.4
    endloop
  endfacet
  facet normal 0 0 -1
    outer loop
      vertex -24.975451610982418 -28.9039264023304 -26.4
      vertex -22.586501659085673 -24.944469396133325 -26.4
      vertex -22.527756813566455 -24.85 -26.4
    endloop
  endfacet
  facet normal 0 0 -1
    outer loop
      vertex -28.829629130661488 -25.29409522563219 -26.4
      vertex -28.9039264023304 -24.975451610982418 -26.4
      vertex -28.829629130661488 -22.70590477436781 -26.4
    endloop
  endfacet
  facet normal 0 0 -1
    outer loop
      vertex -28.734650649130344 -25.60719732940197 -26.4
      vertex -28.829629130661488 -25.29409522563219 -26.4
      vertex -28.734650649130344 -22.39280267059803 -26.4
    endloop
  endfacet
  facet normal 0 0 -1
    outer loop
      vertex -28.9039264023304 -24.975451610982418 -26.4
      vertex -28.957224309444427 -24.65263096243143 -26.4
      vertex -28.9039264023304 -23.024548389017582 -26.4
    endloop
  endfacet
  facet normal 0 0 -1
    outer loop
      vertex -28.957224309444427 -24.65263096243143 -26.4
      vertex -28.98929461836815 -24.32701564580202 -26.4
      vertex -28.957224309444427 -23.34736903756857 -26.4
    endloop
  endfacet
  facet normal 0 0 -1
    outer loop
      vertex -28.98929461836815 -24.32701564580202 -26.4
      vertex -29 -24 -26.4
      vertex -28.98929461836815 -23.67298435419798 -26.4
    endloop
  endfacet
  facet normal 0 0 -1
    outer loop
      vertex -28.98929461836815 -24.32701564580202 -26.4
      vertex -28.98929461836815 -23.67298435419798 -26.4
      vertex -28.957224309444427 -23.34736903756857 -26.4
    endloop
  endfacet
  facet normal 0 0 -1
    outer loop
      vertex -28.957224309444427 -24.65263096243143 -26.4
      vertex -28.957224309444427 -23.34736903756857 -26.4
      vertex -28.9039264023304 -23.024548389017582 -26.4
    endloop
  endfacet
  facet normal 0 0 -1
    outer loop
      vertex -28.9039264023304 -24.975451610982418 -26.4
      vertex -28.9039264023304 -23.024548389017582 -26.4
      vertex -28.829629130661488 -22.70590477436781 -26.4
    endloop
  endfacet
  facet normal 0 0 -1
    outer loop
      vertex -28.829629130661488 -25.29409522563219 -26.4
      vertex -28.829629130661488 -22.70590477436781 -26.4
      vertex -28.734650649130344 -22.39280267059803 -26.4
    endloop
  endfacet
  facet normal 0 0 -1
    outer loop
      vertex -28.734650649130344 -25.60719732940197 -26.4
      vertex -28.734650649130344 -22.39280267059803 -26.4
      vertex -28.619397662580013 -22.086582839488983 -26.4
    endloop
  endfacet
  facet normal -0.81284668325773 -0.5824776987292368 0
    outer loop
      vertex -28.157348059117794 -26.777851164340973 -26.4
      vertex -27.966766700148582 -27.04380714148283 -26.4
      vertex -28.157348059117794 -26.777851164340973 -23.4
    endloop
  endfacet
  facet normal -0.7298640725548274 -0.6835923021755597 0
    outer loop
      vertex -27.535533905029297 -27.535533905029297 -26.4
      vertex -27.759199038147926 -27.29672907292843 -23.4
      vertex -27.759199038147926 -27.29672907292843 -26.4
    endloop
  endfacet
  facet normal -0.6835923021755597 -0.7298640725548274 0
    outer loop
      vertex -27.29672907292843 -27.759199038147926 -26.4
      vertex -27.535533905029297 -27.535533905029297 -23.4
      vertex -27.535533905029297 -27.535533905029297 -26.4
    endloop
  endfacet
  facet normal -0.6343932789182372 -0.7730104576675324 0
    outer loop
      vertex -27.29672907292843 -27.759199038147926 -26.4
      vertex -27.04380714148283 -27.966766700148582 -26.4
      vertex -27.29672907292843 -27.759199038147926 -23.4
    endloop
  endfacet
  facet normal -0.7730104576675324 -0.6343932789182372 0
    outer loop
      vertex -27.966766700148582 -27.04380714148283 -26.4
      vertex -27.759199038147926 -27.29672907292843 -26.4
      vertex -27.966766700148582 -27.04380714148283 -23.4
    endloop
  endfacet
  facet normal -0.5824776987292368 -0.81284668325773 0
    outer loop
      vertex -26.777851164340973 -28.157348059117794 -26.4
      vertex -27.04380714148283 -27.966766700148582 -23.4
      vertex -27.04380714148283 -27.966766700148582 -26.4
    endloop
  endfacet
  facet normal -0.5280678498863844 -0.8492021820016544 0
    outer loop
      vertex -26.777851164340973 -28.157348059117794 -26.4
      vertex -26.5 -28.330127015709877 -26.4
      vertex -26.777851164340973 -28.157348059117794 -23.4
    endloop
  endfacet
  facet normal -0.471396741665818 -0.881921261761417 0
    outer loop
      vertex -26.5 -28.330127015709877 -26.4
      vertex -26.211443454027176 -28.484363704919815 -26.4
      vertex -26.5 -28.330127015709877 -23.4
    endloop
  endfacet
  facet normal -0.4127070319422718 -0.9108638239525163 0
    outer loop
      vertex -26.211443454027176 -28.484363704919815 -26.4
      vertex -25.913417160511017 -28.619397662580013 -26.4
      vertex -26.211443454027176 -28.484363704919815 -23.4
    endloop
  endfacet
  facet normal -0.2902846680803412 -0.9569403385151481 0
    outer loop
      vertex -25.60719732940197 -28.734650649130344 -26.4
      vertex -25.29409522563219 -28.829629130661488 -26.4
      vertex -25.60719732940197 -28.734650649130344 -23.4
    endloop
  endfacet
  facet normal -0.3522500565206636 -0.9359059235207294 0
    outer loop
      vertex -25.913417160511017 -28.619397662580013 -26.4
      vertex -25.60719732940197 -28.734650649130344 -26.4
      vertex -25.913417160511017 -28.619397662580013 -23.4
    endloop
  endfacet
  facet normal -0.8492021820016544 -0.5280678498863844 0
    outer loop
      vertex -28.157348059117794 -26.777851164340973 -26.4
      vertex -28.330127015709877 -26.5 -23.4
      vertex -28.330127015709877 -26.5 -26.4
    endloop
  endfacet
  facet normal -0.881921261761417 -0.471396741665818 0
    outer loop
      vertex -28.330127015709877 -26.5 -26.4
      vertex -28.484363704919815 -26.211443454027176 -23.4
      vertex -28.484363704919815 -26.211443454027176 -26.4
    endloop
  endfacet
  facet normal -0.9108638239525163 -0.4127070319422718 0
    outer loop
      vertex -28.484363704919815 -26.211443454027176 -26.4
      vertex -28.619397662580013 -25.913417160511017 -23.4
      vertex -28.619397662580013 -25.913417160511017 -26.4
    endloop
  endfacet
  facet normal -0.9359059235207294 -0.3522500565206636 0
    outer loop
      vertex -28.619397662580013 -25.913417160511017 -26.4
      vertex -28.734650649130344 -25.60719732940197 -23.4
      vertex -28.734650649130344 -25.60719732940197 -26.4
    endloop
  endfacet
  facet normal -0.9569403385151481 -0.2902846680803412 0
    outer loop
      vertex -28.734650649130344 -25.60719732940197 -26.4
      vertex -28.829629130661488 -25.29409522563219 -23.4
      vertex -28.829629130661488 -25.29409522563219 -26.4
    endloop
  endfacet
  facet normal -0.9738769784118718 -0.2270762667461368 0
    outer loop
      vertex -28.829629130661488 -25.29409522563219 -26.4
      vertex -28.9039264023304 -24.975451610982418 -23.4
      vertex -28.9039264023304 -24.975451610982418 -26.4
    endloop
  endfacet
  facet normal -0.9866433309393638 -0.162895480332872 0
    outer loop
      vertex -28.9039264023304 -24.975451610982418 -26.4
      vertex -28.957224309444427 -24.65263096243143 -23.4
      vertex -28.957224309444427 -24.65263096243143 -26.4
    endloop
  endfacet
  facet normal -0.2270762667461368 -0.9738769784118718 0
    outer loop
      vertex -25.29409522563219 -28.829629130661488 -26.4
      vertex -24.975451610982418 -28.9039264023304 -26.4
      vertex -25.29409522563219 -28.829629130661488 -23.4
    endloop
  endfacet
  facet normal -0.162895480332872 -0.9866433309393638 0
    outer loop
      vertex -24.975451610982418 -28.9039264023304 -26.4
      vertex -24.65263096243143 -28.957224309444427 -26.4
      vertex -24.975451610982418 -28.9039264023304 -23.4
    endloop
  endfacet
  facet normal -0.09801713861722108 -0.9951847268408476 0
    outer loop
      vertex -24.65263096243143 -28.957224309444427 -26.4
      vertex -24.32701564580202 -28.98929461836815 -26.4
      vertex -24.65263096243143 -28.957224309444427 -23.4
    endloop
  endfacet
  facet normal -0.032719076215845674 -0.9994645876926215 0
    outer loop
      vertex -24.32701564580202 -28.98929461836815 -26.4
      vertex -24 -29 -26.4
      vertex -24.32701564580202 -28.98929461836815 -23.4
    endloop
  endfacet
  facet normal -0.9951847268408476 -0.09801713861722108 0
    outer loop
      vertex -28.957224309444427 -24.65263096243143 -26.4
      vertex -28.98929461836815 -24.32701564580202 -23.4
      vertex -28.98929461836815 -24.32701564580202 -26.4
    endloop
  endfacet
  facet normal -0.9994645876926215 -0.032719076215845674 0
    outer loop
      vertex -28.98929461836815 -24.32701564580202 -26.4
      vertex -29 -24 -23.4
      vertex -29 -24 -26.4
    endloop
  endfacet
  facet normal -0.9994645876926215 0.032719076215845674 0
    outer loop
      vertex -29 -24 -26.4
      vertex -28.98929461836815 -23.67298435419798 -23.4
      vertex -28.98929461836815 -23.67298435419798 -26.4
    endloop
  endfacet
  facet normal -0.9951847268408476 0.09801713861722108 0
    outer loop
      vertex -28.98929461836815 -23.67298435419798 -26.4
      vertex -28.957224309444427 -23.34736903756857 -23.4
      vertex -28.957224309444427 -23.34736903756857 -26.4
    endloop
  endfacet
  facet normal -0.9866433309393638 0.162895480332872 0
    outer loop
      vertex -28.957224309444427 -23.34736903756857 -26.4
      vertex -28.9039264023304 -23.024548389017582 -23.4
      vertex -28.9039264023304 -23.024548389017582 -26.4
    endloop
  endfacet
  facet normal -0.9738769784118718 0.2270762667461368 0
    outer loop
      vertex -28.9039264023304 -23.024548389017582 -26.4
      vertex -28.829629130661488 -22.70590477436781 -23.4
      vertex -28.829629130661488 -22.70590477436781 -26.4
    endloop
  endfacet
  facet normal -0.9569403385151481 0.2902846680803412 0
    outer loop
      vertex -28.829629130661488 -22.70590477436781 -26.4
      vertex -28.734650649130344 -22.39280267059803 -23.4
      vertex -28.734650649130344 -22.39280267059803 -26.4
    endloop
  endfacet
  facet normal -0.9359059235207294 0.3522500565206636 0
    outer loop
      vertex -28.734650649130344 -22.39280267059803 -26.4
      vertex -28.619397662580013 -22.086582839488983 -23.4
      vertex -28.619397662580013 -22.086582839488983 -26.4
    endloop
  endfacet
  facet normal 0 0 -1
    outer loop
      vertex -28.484363704919815 -26.211443454027176 -26.4
      vertex -28.619397662580013 -25.913417160511017 -26.4
      vertex -22.119397662580013 -6.086582839488983 -26.4
    endloop
  endfacet
  facet normal 0 0 -1
    outer loop
      vertex -28.157348059117794 -26.777851164340973 -26.4
      vertex -28.330127015709877 -26.5 -26.4
      vertex -21.830127015709877 -5.5 -26.4
    endloop
  endfacet
  facet normal 0 0 -1
    outer loop
      vertex -28.330127015709877 -26.5 -26.4
      vertex -28.484363704919815 -26.211443454027176 -26.4
      vertex -21.984363704919815 -5.788556545972824 -26.4
    endloop
  endfacet
  facet normal 0 0 -1
    outer loop
      vertex -28.157348059117794 -26.777851164340973 -26.4
      vertex -21.657348059117794 -5.222148835659027 -26.4
      vertex -27.966766700148582 -27.04380714148283 -26.4
    endloop
  endfacet
  facet normal 0 0 -1
    outer loop
      vertex -27.966766700148582 -27.04380714148283 -26.4
      vertex -21.466766700148582 -4.95619285851717 -26.4
      vertex -27.759199038147926 -27.29672907292843 -26.4
    endloop
  endfacet
  facet normal 0 0 -1
    outer loop
      vertex -27.535533905029297 -27.535533905029297 -26.4
      vertex -27.759199038147926 -27.29672907292843 -26.4
      vertex -21.259199038147926 -4.703270927071571 -26.4
    endloop
  endfacet
  facet normal 0 0 -1
    outer loop
      vertex -28.619397662580013 -25.913417160511017 -26.4
      vertex -28.619397662580013 -22.086582839488983 -26.4
      vertex -22.119397662580013 -6.086582839488983 -26.4
    endloop
  endfacet
  facet normal 0 0 -1
    outer loop
      vertex -27.29672907292843 -27.759199038147926 -26.4
      vertex -27.535533905029297 -27.535533905029297 -26.4
      vertex -21.035533905029297 -4.464466094970703 -26.4
    endloop
  endfacet
  facet normal 0 0 -1
    outer loop
      vertex -27.29672907292843 -27.759199038147926 -26.4
      vertex -20.79672907292843 -4.240800961852074 -26.4
      vertex -27.04380714148283 -27.966766700148582 -26.4
    endloop
  endfacet
  facet normal 0 0 -1
    outer loop
      vertex -27.04380714148283 -27.966766700148582 -26.4
      vertex -20.54380714148283 -4.0332332998514175 -26.4
      vertex -25.60978122014168 -23.453552908984626 -26.4
    endloop
  endfacet
  facet normal 0 0 -1
    outer loop
      vertex -24.650561835020653 -22.429404794730814 -26.4
      vertex -24.751890773372303 -22.47531633939443 -26.4
      vertex -18.97820725201806 -8.612293491784143 -26.4
    endloop
  endfacet
  facet normal 0 0 -1
    outer loop
      vertex -24.546447091015374 -22.39021877985832 -26.4
      vertex -24.650561835020653 -22.429404794730814 -26.4
      vertex -18.9349963864523 -8.707661904350402 -26.4
    endloop
  endfacet
  facet normal 0 0 -1
    outer loop
      vertex -24.439992376674287 -22.357926095308585 -26.4
      vertex -24.546447091015374 -22.39021877985832 -26.4
      vertex -18.8856406460551 -8.8 -26.4
    endloop
  endfacet
  facet normal 0 0 -1
    outer loop
      vertex -24.33165354742742 -22.332665023314508 -26.4
      vertex -24.439992376674287 -22.357926095308585 -26.4
      vertex -18.83035137968407 -8.888912372831363 -26.4
    endloop
  endfacet
  facet normal 0 0 -1
    outer loop
      vertex -24.221894526774086 -22.31454373566452 -26.4
      vertex -24.33165354742742 -22.332665023314508 -26.4
      vertex -18.769365344465974 -8.974018286413953 -26.4
    endloop
  endfacet
  facet normal 0 0 -1
    outer loop
      vertex -24.111185319691245 -22.303639830494376 -26.4
      vertex -24.221894526774086 -22.31454373566452 -26.4
      vertex -18.702943691966365 -9.05495330416011 -26.4
    endloop
  endfacet
  facet normal 0 0 -1
    outer loop
      vertex -24 -22.3 -26.4
      vertex -24.111185319691245 -22.303639830494376 -26.4
      vertex -18.631370849898477 -9.131370849898476 -26.4
    endloop
  endfacet
  facet normal 0 0 -1
    outer loop
      vertex -23.888814680308755 -22.303639830494376 -26.4
      vertex -24 -22.3 -26.4
      vertex -18.55495330416011 -9.202943691966365 -26.4
    endloop
  endfacet
  facet normal 0 0 -1
    outer loop
      vertex -23.778105473225914 -22.31454373566452 -26.4
      vertex -23.888814680308755 -22.303639830494376 -26.4
      vertex -18.47401828641395 -9.269365344465976 -26.4
    endloop
  endfacet
  facet normal 0 0 -1
    outer loop
      vertex -23.66834645257258 -22.332665023314508 -26.4
      vertex -23.778105473225914 -22.31454373566452 -26.4
      vertex -18.388912372831363 -9.330351379684073 -26.4
    endloop
  endfacet
  facet normal 0 0 -1
    outer loop
      vertex -23.560007623325713 -22.357926095308585 -26.4
      vertex -23.66834645257258 -22.332665023314508 -26.4
      vertex -18.3 -9.385640646055101 -26.4
    endloop
  endfacet
  facet normal 0 0 -1
    outer loop
      vertex -20.54380714148283 -4.0332332998514175 -26.4
      vertex -25.570595205269186 -23.349438164979347 -26.4
      vertex -25.60978122014168 -23.453552908984626 -26.4
    endloop
  endfacet
  facet normal 0 0 -1
    outer loop
      vertex -20.54380714148283 -4.0332332998514175 -26.4
      vertex -25.52468366060557 -23.248109226627697 -26.4
      vertex -25.570595205269186 -23.349438164979347 -26.4
    endloop
  endfacet
  facet normal 0 0 -1
    outer loop
      vertex -20.54380714148283 -4.0332332998514175 -26.4
      vertex -25.472243186433545 -23.15 -26.4
      vertex -25.52468366060557 -23.248109226627697 -26.4
    endloop
  endfacet
  facet normal 0 0 -1
    outer loop
      vertex -20.277851164340973 -3.842651940882206 -26.4
      vertex -25.413498340914327 -23.055530603866675 -26.4
      vertex -25.472243186433545 -23.15 -26.4
    endloop
  endfacet
  facet normal 0 0 -1
    outer loop
      vertex -20.277851164340973 -3.842651940882206 -26.4
      vertex -25.3487006784951 -22.965105570685175 -26.4
      vertex -25.413498340914327 -23.055530603866675 -26.4
    endloop
  endfacet
  facet normal 0 0 -1
    outer loop
      vertex -20.277851164340973 -3.842651940882206 -26.4
      vertex -25.278127672714263 -22.87911211432988 -26.4
      vertex -25.3487006784951 -22.965105570685175 -26.4
    endloop
  endfacet
  facet normal 0 0 -1
    outer loop
      vertex -20.277851164340973 -3.842651940882206 -26.4
      vertex -25.202081528017132 -22.797918471982868 -26.4
      vertex -25.278127672714263 -22.87911211432988 -26.4
    endloop
  endfacet
  facet normal 0 0 -1
    outer loop
      vertex -20.277851164340973 -3.842651940882206 -26.4
      vertex -25.12088788567012 -22.721872327285737 -26.4
      vertex -25.202081528017132 -22.797918471982868 -26.4
    endloop
  endfacet
  facet normal 0 0 -1
    outer loop
      vertex -20.277851164340973 -3.842651940882206 -26.4
      vertex -25.034894429314825 -22.6512993215049 -26.4
      vertex -25.12088788567012 -22.721872327285737 -26.4
    endloop
  endfacet
  facet normal 0 0 -1
    outer loop
      vertex -20 -3.669872984290123 -26.4
      vertex -24.944469396133325 -22.586501659085673 -26.4
      vertex -25.034894429314825 -22.6512993215049 -26.4
    endloop
  endfacet
  facet normal 0 0 -1
    outer loop
      vertex -20 -3.669872984290123 -26.4
      vertex -24.85 -22.527756813566455 -26.4
      vertex -24.944469396133325 -22.586501659085673 -26.4
    endloop
  endfacet
  facet normal 0 0 -1
    outer loop
      vertex -20 -3.669872984290123 -26.4
      vertex -24.751890773372303 -22.47531633939443 -26.4
      vertex -24.85 -22.527756813566455 -26.4
    endloop
  endfacet
  facet normal 0 0 -1
    outer loop
      vertex -28.484363704919815 -26.211443454027176 -26.4
      vertex -22.119397662580013 -6.086582839488983 -26.4
      vertex -21.984363704919815 -5.788556545972824 -26.4
    endloop
  endfacet
  facet normal 0 0 -1
    outer loop
      vertex -28.330127015709877 -26.5 -26.4
      vertex -21.984363704919815 -5.788556545972824 -26.4
      vertex -21.830127015709877 -5.5 -26.4
    endloop
  endfacet
  facet normal 0 0 -1
    outer loop
      vertex -28.157348059117794 -26.777851164340973 -26.4
      vertex -21.830127015709877 -5.5 -26.4
      vertex -21.657348059117794 -5.222148835659027 -26.4
    endloop
  endfacet
  facet normal 0 0 -1
    outer loop
      vertex -27.966766700148582 -27.04380714148283 -26.4
      vertex -21.657348059117794 -5.222148835659027 -26.4
      vertex -21.466766700148582 -4.95619285851717 -26.4
    endloop
  endfacet
  facet normal 0 0 -1
    outer loop
      vertex -27.759199038147926 -27.29672907292843 -26.4
      vertex -21.466766700148582 -4.95619285851717 -26.4
      vertex -21.259199038147926 -4.703270927071571 -26.4
    endloop
  endfacet
  facet normal 0 0 -1
    outer loop
      vertex -27.535533905029297 -27.535533905029297 -26.4
      vertex -21.259199038147926 -4.703270927071571 -26.4
      vertex -21.035533905029297 -4.464466094970703 -26.4
    endloop
  endfacet
  facet normal 0 0 -1
    outer loop
      vertex -27.29672907292843 -27.759199038147926 -26.4
      vertex -21.035533905029297 -4.464466094970703 -26.4
      vertex -20.79672907292843 -4.240800961852074 -26.4
    endloop
  endfacet
  facet normal 0 0 -1
    outer loop
      vertex -27.04380714148283 -27.966766700148582 -26.4
      vertex -20.79672907292843 -4.240800961852074 -26.4
      vertex -20.54380714148283 -4.0332332998514175 -26.4
    endloop
  endfacet
  facet normal 0 0 -1
    outer loop
      vertex -22.87911211432988 -22.721872327285737 -26.4
      vertex -22.965105570685175 -22.6512993215049 -26.4
      vertex -17.60464500676823 -9.596574277181766 -26.4
    endloop
  endfacet
  facet normal 0 0 -1
    outer loop
      vertex -22.721872327285737 -22.87911211432988 -26.4
      vertex -17.29115809244792 -9.586311778198096 -26.4
      vertex -22.6512993215049 -22.965105570685175 -26.4
    endloop
  endfacet
  facet normal 0 0 -1
    outer loop
      vertex -22.797918471982868 -22.797918471982868 -26.4
      vertex -17.39535499323177 -9.596574277181766 -26.4
      vertex -22.721872327285737 -22.87911211432988 -26.4
    endloop
  endfacet
  facet normal 0 0 -1
    outer loop
      vertex -22.797918471982868 -22.797918471982868 -26.4
      vertex -22.87911211432988 -22.721872327285737 -26.4
      vertex -17.5 -9.6 -26.4
    endloop
  endfacet
  facet normal 0 0 -1
    outer loop
      vertex -23.453552908984626 -22.39021877985832 -26.4
      vertex -23.560007623325713 -22.357926095308585 -26.4
      vertex -18.207661904350402 -9.434996386452301 -26.4
    endloop
  endfacet
  facet normal 0 0 -1
    outer loop
      vertex -23.349438164979347 -22.429404794730814 -26.4
      vertex -23.453552908984626 -22.39021877985832 -26.4
      vertex -18.112293491784143 -9.47820725201806 -26.4
    endloop
  endfacet
  facet normal 0 0 -1
    outer loop
      vertex -23.248109226627697 -22.47531633939443 -26.4
      vertex -23.349438164979347 -22.429404794730814 -26.4
      vertex -18.01430314448506 -9.51508820719217 -26.4
    endloop
  endfacet
  facet normal 0 0 -1
    outer loop
      vertex -23.15 -22.527756813566455 -26.4
      vertex -23.248109226627697 -22.47531633939443 -26.4
      vertex -17.914110472164033 -9.545481322062509 -26.4
    endloop
  endfacet
  facet normal 0 0 -1
    outer loop
      vertex -23.055530603866675 -22.586501659085673 -26.4
      vertex -23.15 -22.527756813566455 -26.4
      vertex -17.812144515225807 -9.569256448645168 -26.4
    endloop
  endfacet
  facet normal 0 0 -1
    outer loop
      vertex -22.965105570685175 -22.6512993215049 -26.4
      vertex -23.055530603866675 -22.586501659085673 -26.4
      vertex -17.70884190755208 -9.586311778198096 -26.4
    endloop
  endfacet
  facet normal 0 0 -1
    outer loop
      vertex -24.32701564580202 -28.98929461836815 -26.4
      vertex -4.957224306869052 0.6526309611002579 -26.4
      vertex -24 -29 -26.4
    endloop
  endfacet
  facet normal 0 0 -1
    outer loop
      vertex -24.65263096243143 -28.957224309444427 -26.4
      vertex -4.7346506474755286 1.607197326515808 -26.4
      vertex -24.32701564580202 -28.98929461836815 -26.4
    endloop
  endfacet
  facet normal 0 0 -1
    outer loop
      vertex -24.975451610982418 -28.9039264023304 -26.4
      vertex -1.8117333157176452 6.761480784023478 -26.4
      vertex -24.65263096243143 -28.957224309444427 -26.4
    endloop
  endfacet
  facet normal 0 0 -1
    outer loop
      vertex -24.975451610982418 -28.9039264023304 -26.4
      vertex -22.527756813566455 -24.85 -26.4
      vertex -2.250076257122131 6.62851090646574 -26.4
    endloop
  endfacet
  facet normal 0 0 -1
    outer loop
      vertex -24 -22.3 -26.4
      vertex -18.631370849898477 -9.131370849898476 -26.4
      vertex -18.55495330416011 -9.202943691966365 -26.4
    endloop
  endfacet
  facet normal 0 0 -1
    outer loop
      vertex -24.33165354742742 -22.332665023314508 -26.4
      vertex -18.83035137968407 -8.888912372831363 -26.4
      vertex -18.769365344465974 -8.974018286413953 -26.4
    endloop
  endfacet
  facet normal 0 0 -1
    outer loop
      vertex -24.546447091015374 -22.39021877985832 -26.4
      vertex -18.9349963864523 -8.707661904350402 -26.4
      vertex -18.8856406460551 -8.8 -26.4
    endloop
  endfacet
  facet normal 0 0 -1
    outer loop
      vertex -24.439992376674287 -22.357926095308585 -26.4
      vertex -18.8856406460551 -8.8 -26.4
      vertex -18.83035137968407 -8.888912372831363 -26.4
    endloop
  endfacet
  facet normal 0 0 -1
    outer loop
      vertex -24.221894526774086 -22.31454373566452 -26.4
      vertex -18.769365344465974 -8.974018286413953 -26.4
      vertex -18.702943691966365 -9.05495330416011 -26.4
    endloop
  endfacet
  facet normal 0 0 -1
    outer loop
      vertex -24.111185319691245 -22.303639830494376 -26.4
      vertex -18.702943691966365 -9.05495330416011 -26.4
      vertex -18.631370849898477 -9.131370849898476 -26.4
    endloop
  endfacet
  facet normal 0 0 -1
    outer loop
      vertex -23.888814680308755 -22.303639830494376 -26.4
      vertex -18.55495330416011 -9.202943691966365 -26.4
      vertex -18.47401828641395 -9.269365344465976 -26.4
    endloop
  endfacet
  facet normal 0 0 -1
    outer loop
      vertex -23.778105473225914 -22.31454373566452 -26.4
      vertex -18.47401828641395 -9.269365344465976 -26.4
      vertex -18.388912372831363 -9.330351379684073 -26.4
    endloop
  endfacet
  facet normal 0 0 -1
    outer loop
      vertex -23.66834645257258 -22.332665023314508 -26.4
      vertex -18.388912372831363 -9.330351379684073 -26.4
      vertex -18.3 -9.385640646055101 -26.4
    endloop
  endfacet
  facet normal 0 0 -1
    outer loop
      vertex -23.560007623325713 -22.357926095308585 -26.4
      vertex -18.3 -9.385640646055101 -26.4
      vertex -18.207661904350402 -9.434996386452301 -26.4
    endloop
  endfacet
  facet normal 0 0 -1
    outer loop
      vertex -23.248109226627697 -22.47531633939443 -26.4
      vertex -18.01430314448506 -9.51508820719217 -26.4
      vertex -17.914110472164033 -9.545481322062509 -26.4
    endloop
  endfacet
  facet normal 0 0 -1
    outer loop
      vertex -23.15 -22.527756813566455 -26.4
      vertex -17.914110472164033 -9.545481322062509 -26.4
      vertex -17.812144515225807 -9.569256448645168 -26.4
    endloop
  endfacet
  facet normal 0 0 -1
    outer loop
      vertex -23.055530603866675 -22.586501659085673 -26.4
      vertex -17.812144515225807 -9.569256448645168 -26.4
      vertex -17.70884190755208 -9.586311778198096 -26.4
    endloop
  endfacet
  facet normal 0 0 -1
    outer loop
      vertex -22.87911211432988 -22.721872327285737 -26.4
      vertex -17.60464500676823 -9.596574277181766 -26.4
      vertex -17.5 -9.6 -26.4
    endloop
  endfacet
  facet normal 0 0 -1
    outer loop
      vertex -22.965105570685175 -22.6512993215049 -26.4
      vertex -17.70884190755208 -9.586311778198096 -26.4
      vertex -17.60464500676823 -9.596574277181766 -26.4
    endloop
  endfacet
  facet normal 0 0 -1
    outer loop
      vertex -22.797918471982868 -22.797918471982868 -26.4
      vertex -17.5 -9.6 -26.4
      vertex -17.39535499323177 -9.596574277181766 -26.4
    endloop
  endfacet
  facet normal 0 0 -1
    outer loop
      vertex -22.6512993215049 -22.965105570685175 -26.4
      vertex -17.29115809244792 -9.586311778198096 -26.4
      vertex -17.187855484774193 -9.569256448645168 -26.4
    endloop
  endfacet
  facet normal 0 0 -1
    outer loop
      vertex -22.721872327285737 -22.87911211432988 -26.4
      vertex -17.39535499323177 -9.596574277181766 -26.4
      vertex -17.29115809244792 -9.586311778198096 -26.4
    endloop
  endfacet
  facet normal 0 0 -1
    outer loop
      vertex -23.453552908984626 -22.39021877985832 -26.4
      vertex -18.207661904350402 -9.434996386452301 -26.4
      vertex -18.112293491784143 -9.47820725201806 -26.4
    endloop
  endfacet
  facet normal 0 0 -1
    outer loop
      vertex -23.349438164979347 -22.429404794730814 -26.4
      vertex -18.112293491784143 -9.47820725201806 -26.4
      vertex -18.01430314448506 -9.51508820719217 -26.4
    endloop
  endfacet
  facet normal 0 0 -1
    outer loop
      vertex -22.6512993215049 -22.965105570685175 -26.4
      vertex -17.187855484774193 -9.569256448645168 -26.4
      vertex -17.085889527835967 -9.545481322062509 -26.4
    endloop
  endfacet
  facet normal 0 0 -1
    outer loop
      vertex -22.6512993215049 -22.965105570685175 -26.4
      vertex -17.085889527835967 -9.545481322062509 -26.4
      vertex -16.98569685551494 -9.51508820719217 -26.4
    endloop
  endfacet
  facet normal 0 0 -1
    outer loop
      vertex -22.6512993215049 -22.965105570685175 -26.4
      vertex -16.98569685551494 -9.51508820719217 -26.4
      vertex -16.887706508215857 -9.47820725201806 -26.4
    endloop
  endfacet
  facet normal 0 0 -1
    outer loop
      vertex -22.6512993215049 -22.965105570685175 -26.4
      vertex -16.887706508215857 -9.47820725201806 -26.4
      vertex -16.792338095649598 -9.434996386452301 -26.4
    endloop
  endfacet
  facet normal 0 0 -1
    outer loop
      vertex -22.6512993215049 -22.965105570685175 -26.4
      vertex -16.792338095649598 -9.434996386452301 -26.4
      vertex -16.7 -9.385640646055101 -26.4
    endloop
  endfacet
  facet normal 0 0 -1
    outer loop
      vertex -22.6512993215049 -22.965105570685175 -26.4
      vertex -16.7 -9.385640646055101 -26.4
      vertex -16.611087627168637 -9.330351379684073 -26.4
    endloop
  endfacet
  facet normal 0 0 -1
    outer loop
      vertex -22.6512993215049 -22.965105570685175 -26.4
      vertex -16.611087627168637 -9.330351379684073 -26.4
      vertex -16.52598171358605 -9.269365344465976 -26.4
    endloop
  endfacet
  facet normal 0 0 -1
    outer loop
      vertex -22.6512993215049 -22.965105570685175 -26.4
      vertex -16.52598171358605 -9.269365344465976 -26.4
      vertex -16.44504669583989 -9.202943691966365 -26.4
    endloop
  endfacet
  facet normal 0 0 -1
    outer loop
      vertex -22.6512993215049 -22.965105570685175 -26.4
      vertex -16.44504669583989 -9.202943691966365 -26.4
      vertex -16.368629150101523 -9.131370849898476 -26.4
    endloop
  endfacet
  facet normal 0 0 -1
    outer loop
      vertex -22.6512993215049 -22.965105570685175 -26.4
      vertex -16.368629150101523 -9.131370849898476 -26.4
      vertex -16.297056308033635 -9.05495330416011 -26.4
    endloop
  endfacet
  facet normal 0 0 -1
    outer loop
      vertex -24.751890773372303 -22.47531633939443 -26.4
      vertex -19.015088207192168 -8.514303144485059 -26.4
      vertex -18.97820725201806 -8.612293491784143 -26.4
    endloop
  endfacet
  facet normal 0 0 -1
    outer loop
      vertex -24.650561835020653 -22.429404794730814 -26.4
      vertex -18.97820725201806 -8.612293491784143 -26.4
      vertex -18.9349963864523 -8.707661904350402 -26.4
    endloop
  endfacet
  facet normal 0 0 -1
    outer loop
      vertex -24.751890773372303 -22.47531633939443 -26.4
      vertex -19.04548132206251 -8.414110472164033 -26.4
      vertex -19.015088207192168 -8.514303144485059 -26.4
    endloop
  endfacet
  facet normal 0 0 -1
    outer loop
      vertex -24.751890773372303 -22.47531633939443 -26.4
      vertex -19.086311778198098 -8.208841907552083 -26.4
      vertex -19.06925644864517 -8.312144515225805 -26.4
    endloop
  endfacet
  facet normal 0 0 -1
    outer loop
      vertex -24.751890773372303 -22.47531633939443 -26.4
      vertex -19.06925644864517 -8.312144515225805 -26.4
      vertex -19.04548132206251 -8.414110472164033 -26.4
    endloop
  endfacet
  facet normal 0 0 -1
    outer loop
      vertex -24.751890773372303 -22.47531633939443 -26.4
      vertex -19.096574277181766 -8.104645006768228 -26.4
      vertex -19.086311778198098 -8.208841907552083 -26.4
    endloop
  endfacet
  facet normal 0 0 -1
    outer loop
      vertex -24.751890773372303 -22.47531633939443 -26.4
      vertex -19.1 -8 -26.4
      vertex -19.096574277181766 -8.104645006768228 -26.4
    endloop
  endfacet
  facet normal 0 0 -1
    outer loop
      vertex -20 -3.669872984290123 -26.4
      vertex -19.1 -8 -26.4
      vertex -24.751890773372303 -22.47531633939443 -26.4
    endloop
  endfacet
  facet normal 0 0 -1
    outer loop
      vertex -2.250076257122131 6.62851090646574 -26.4
      vertex -22.527756813566455 -24.85 -26.4
      vertex -22.47531633939443 -24.751890773372303 -26.4
    endloop
  endfacet
  facet normal 0 0 -1
    outer loop
      vertex -2.250076257122131 6.62851090646574 -26.4
      vertex -22.47531633939443 -24.751890773372303 -26.4
      vertex -22.429404794730814 -24.650561835020653 -26.4
    endloop
  endfacet
  facet normal 0 0 -1
    outer loop
      vertex -2.250076257122131 6.62851090646574 -26.4
      vertex -22.429404794730814 -24.650561835020653 -26.4
      vertex -22.39021877985832 -24.546447091015374 -26.4
    endloop
  endfacet
  facet normal 0 0 -1
    outer loop
      vertex -2.250076257122131 6.62851090646574 -26.4
      vertex -22.39021877985832 -24.546447091015374 -26.4
      vertex -22.357926095308585 -24.439992376674287 -26.4
    endloop
  endfacet
  facet normal 0 0 -1
    outer loop
      vertex -2.6787840265556286 6.467156727579007 -26.4
      vertex -22.31454373566452 -24.221894526774086 -26.4
      vertex -22.303639830494376 -24.111185319691245 -26.4
    endloop
  endfacet
  facet normal 0 0 -1
    outer loop
      vertex -2.250076257122131 6.62851090646574 -26.4
      vertex -22.357926095308585 -24.439992376674287 -26.4
      vertex -22.332665023314508 -24.33165354742742 -26.4
    endloop
  endfacet
  facet normal 0 0 -1
    outer loop
      vertex -2.6787840265556286 6.467156727579007 -26.4
      vertex -22.303639830494376 -24.111185319691245 -26.4
      vertex -22.3 -24 -26.4
    endloop
  endfacet
  facet normal 0 0 -1
    outer loop
      vertex -2.250076257122131 6.62851090646574 -26.4
      vertex -22.332665023314508 -24.33165354742742 -26.4
      vertex -22.31454373566452 -24.221894526774086 -26.4
    endloop
  endfacet
  facet normal 0 0 -1
    outer loop
      vertex -3.096020831533009 6.278109190728818 -26.4
      vertex -22.332665023314508 -23.66834645257258 -26.4
      vertex -22.357926095308585 -23.560007623325713 -26.4
    endloop
  endfacet
  facet normal 0 0 -1
    outer loop
      vertex -3.096020831533009 6.278109190728818 -26.4
      vertex -22.357926095308585 -23.560007623325713 -26.4
      vertex -22.39021877985832 -23.453552908984626 -26.4
    endloop
  endfacet
  facet normal 0 0 -1
    outer loop
      vertex -3.5 6.06217782649107 -26.4
      vertex -22.47531633939443 -23.248109226627697 -26.4
      vertex -22.527756813566455 -23.15 -26.4
    endloop
  endfacet
  facet normal 0 0 -1
    outer loop
      vertex -3.5 6.06217782649107 -26.4
      vertex -22.527756813566455 -23.15 -26.4
      vertex -22.586501659085673 -23.055530603866675 -26.4
    endloop
  endfacet
  facet normal 0 0 -1
    outer loop
      vertex -3.5 6.06217782649107 -26.4
      vertex -22.586501659085673 -23.055530603866675 -26.4
      vertex -22.6512993215049 -22.965105570685175 -26.4
    endloop
  endfacet
  facet normal 0 0 -1
    outer loop
      vertex -3.096020831533009 6.278109190728818 -26.4
      vertex -22.429404794730814 -23.349438164979347 -26.4
      vertex -22.47531633939443 -23.248109226627697 -26.4
    endloop
  endfacet
  facet normal 0 0 -1
    outer loop
      vertex -3.096020831533009 6.278109190728818 -26.4
      vertex -22.39021877985832 -23.453552908984626 -26.4
      vertex -22.429404794730814 -23.349438164979347 -26.4
    endloop
  endfacet
  facet normal 0 0 -1
    outer loop
      vertex -2.6787840265556286 6.467156727579007 -26.4
      vertex -22.3 -24 -26.4
      vertex -22.303639830494376 -23.888814680308755 -26.4
    endloop
  endfacet
  facet normal 0 0 -1
    outer loop
      vertex -2.6787840265556286 6.467156727579007 -26.4
      vertex -22.303639830494376 -23.888814680308755 -26.4
      vertex -22.31454373566452 -23.778105473225914 -26.4
    endloop
  endfacet
  facet normal 0 0 -1
    outer loop
      vertex -2.6787840265556286 6.467156727579007 -26.4
      vertex -22.31454373566452 -23.778105473225914 -26.4
      vertex -22.332665023314508 -23.66834645257258 -26.4
    endloop
  endfacet
  facet normal -0.9264665771223092 0.3763770469559381 0
    outer loop
      vertex -28.619397662580013 -22.086582839488983 -26.4
      vertex -22.119397662580013 -6.086582839488983 -23.4
      vertex -22.119397662580013 -6.086582839488983 -26.4
    endloop
  endfacet
  facet normal 0 -1 0
    outer loop
      vertex -24 -29 -26.4
      vertex 24 -29 -26.4
      vertex -24 -29 -23.4
    endloop
  endfacet
  facet normal 0 0 -1
    outer loop
      vertex -24 -29 -26.4
      vertex -4.484363707663441 -2.2114434510950067 -26.4
      vertex -4.330127018922193 -2.5 -26.4
    endloop
  endfacet
  facet normal 0 0 -1
    outer loop
      vertex -24 -29 -26.4
      vertex -4.619397662556434 -1.913417161825449 -26.4
      vertex -4.484363707663441 -2.2114434510950067 -26.4
    endloop
  endfacet
  facet normal 0 0 -1
    outer loop
      vertex -24 -29 -26.4
      vertex -3.296729075500344 -3.7591990373948874 -26.4
      vertex -3.043807145043603 -3.9667667014561756 -26.4
    endloop
  endfacet
  facet normal 0 0 -1
    outer loop
      vertex -24 -29 -26.4
      vertex -2.2114434510950067 -4.484363707663441 -26.4
      vertex -1.913417161825449 -4.619397662556434 -26.4
    endloop
  endfacet
  facet normal 0 0 -1
    outer loop
      vertex -24 -29 -26.4
      vertex -1.913417161825449 -4.619397662556434 -26.4
      vertex -1.607197326515808 -4.7346506474755286 -26.4
    endloop
  endfacet
  facet normal 0 0 -1
    outer loop
      vertex -24 -29 -26.4
      vertex -2.777851165098011 -4.157348061512726 -26.4
      vertex -2.5 -4.330127018922193 -26.4
    endloop
  endfacet
  facet normal 0 0 -1
    outer loop
      vertex -24 -29 -26.4
      vertex -2.5 -4.330127018922193 -26.4
      vertex -2.2114434510950067 -4.484363707663441 -26.4
    endloop
  endfacet
  facet normal 0 0 -1
    outer loop
      vertex -24 -29 -26.4
      vertex -3.043807145043603 -3.9667667014561756 -26.4
      vertex -2.777851165098011 -4.157348061512726 -26.4
    endloop
  endfacet
  facet normal 0 0 -1
    outer loop
      vertex -24 -29 -26.4
      vertex -3.7591990373948874 -3.296729075500344 -26.4
      vertex -3.5355339059327378 -3.5355339059327378 -26.4
    endloop
  endfacet
  facet normal 0 0 -1
    outer loop
      vertex -24 -29 -26.4
      vertex -4.157348061512726 -2.777851165098011 -26.4
      vertex -3.9667667014561756 -3.043807145043603 -26.4
    endloop
  endfacet
  facet normal 0 0 -1
    outer loop
      vertex -24 -29 -26.4
      vertex -3.9667667014561756 -3.043807145043603 -26.4
      vertex -3.7591990373948874 -3.296729075500344 -26.4
    endloop
  endfacet
  facet normal 0 0 -1
    outer loop
      vertex -24 -29 -26.4
      vertex -3.5355339059327378 -3.5355339059327378 -26.4
      vertex -3.296729075500344 -3.7591990373948874 -26.4
    endloop
  endfacet
  facet normal 0 0 -1
    outer loop
      vertex -24 -29 -26.4
      vertex -4.330127018922193 -2.5 -26.4
      vertex -4.157348061512726 -2.777851165098011 -26.4
    endloop
  endfacet
  facet normal 0 0 -1
    outer loop
      vertex -24 -29 -26.4
      vertex -1.607197326515808 -4.7346506474755286 -26.4
      vertex -1.2940952255126037 -4.8296291314453415 -26.4
    endloop
  endfacet
  facet normal 0 0 -1
    outer loop
      vertex -24 -29 -26.4
      vertex -1.2940952255126037 -4.8296291314453415 -26.4
      vertex -0.9754516100806412 -4.903926402016152 -26.4
    endloop
  endfacet
  facet normal 0 0 -1
    outer loop
      vertex -24 -29 -26.4
      vertex -0.6526309611002579 -4.957224306869052 -26.4
      vertex -0.3270156461507153 -4.989294616193018 -26.4
    endloop
  endfacet
  facet normal 0 0 -1
    outer loop
      vertex -24 -29 -26.4
      vertex -0.9754516100806412 -4.903926402016152 -26.4
      vertex -0.6526309611002579 -4.957224306869052 -26.4
    endloop
  endfacet
  facet normal 0 0 -1
    outer loop
      vertex -24 -29 -26.4
      vertex -0.3270156461507153 -4.989294616193018 -26.4
      vertex 0 -5 -26.4
    endloop
  endfacet
  facet normal 0 0 -1
    outer loop
      vertex -24 -29 -26.4
      vertex 0 -5 -26.4
      vertex 0.3270156461507153 -4.989294616193018 -26.4
    endloop
  endfacet
  facet normal 0 0 -1
    outer loop
      vertex -24 -29 -26.4
      vertex 0.3270156461507153 -4.989294616193018 -26.4
      vertex 0.6526309611002579 -4.957224306869052 -26.4
    endloop
  endfacet
  facet normal 0 0 -1
    outer loop
      vertex -24 -29 -26.4
      vertex 0.6526309611002579 -4.957224306869052 -26.4
      vertex 0.9754516100806412 -4.903926402016152 -26.4
    endloop
  endfacet
  facet normal 0 0 -1
    outer loop
      vertex -24 -29 -26.4
      vertex 0.9754516100806412 -4.903926402016152 -26.4
      vertex 1.2940952255126037 -4.8296291314453415 -26.4
    endloop
  endfacet
  facet normal 0 0 -1
    outer loop
      vertex -24 -29 -26.4
      vertex 1.2940952255126037 -4.8296291314453415 -26.4
      vertex 1.607197326515808 -4.7346506474755286 -26.4
    endloop
  endfacet
  facet normal 0 0 -1
    outer loop
      vertex -24 -29 -26.4
      vertex 1.607197326515808 -4.7346506474755286 -26.4
      vertex 1.913417161825449 -4.619397662556434 -26.4
    endloop
  endfacet
  facet normal 0 0 -1
    outer loop
      vertex -24 -29 -26.4
      vertex 1.913417161825449 -4.619397662556434 -26.4
      vertex 2.2114434510950067 -4.484363707663441 -26.4
    endloop
  endfacet
  facet normal -0.6835923021755597 -0.7298640725548274 0
    outer loop
      vertex -27.29672907292843 -27.759199038147926 -26.4
      vertex -27.29672907292843 -27.759199038147926 -23.4
      vertex -27.535533905029297 -27.535533905029297 -23.4
    endloop
  endfacet
  facet normal -0.7298640725548274 -0.6835923021755597 0
    outer loop
      vertex -27.535533905029297 -27.535533905029297 -26.4
      vertex -27.535533905029297 -27.535533905029297 -23.4
      vertex -27.759199038147926 -27.29672907292843 -23.4
    endloop
  endfacet
  facet normal -0.7730104576675324 -0.6343932789182372 0
    outer loop
      vertex -27.759199038147926 -27.29672907292843 -26.4
      vertex -27.759199038147926 -27.29672907292843 -23.4
      vertex -27.966766700148582 -27.04380714148283 -23.4
    endloop
  endfacet
  facet normal -0.81284668325773 -0.5824776987292368 0
    outer loop
      vertex -27.966766700148582 -27.04380714148283 -26.4
      vertex -27.966766700148582 -27.04380714148283 -23.4
      vertex -28.157348059117794 -26.777851164340973 -23.4
    endloop
  endfacet
  facet normal -0.6343932789182372 -0.7730104576675324 0
    outer loop
      vertex -27.04380714148283 -27.966766700148582 -26.4
      vertex -27.04380714148283 -27.966766700148582 -23.4
      vertex -27.29672907292843 -27.759199038147926 -23.4
    endloop
  endfacet
  facet normal -0.5824776987292368 -0.81284668325773 0
    outer loop
      vertex -26.777851164340973 -28.157348059117794 -26.4
      vertex -26.777851164340973 -28.157348059117794 -23.4
      vertex -27.04380714148283 -27.966766700148582 -23.4
    endloop
  endfacet
  facet normal -0.5280678498863844 -0.8492021820016544 0
    outer loop
      vertex -26.5 -28.330127015709877 -26.4
      vertex -26.5 -28.330127015709877 -23.4
      vertex -26.777851164340973 -28.157348059117794 -23.4
    endloop
  endfacet
  facet normal -0.471396741665818 -0.881921261761417 0
    outer loop
      vertex -26.211443454027176 -28.484363704919815 -26.4
      vertex -26.211443454027176 -28.484363704919815 -23.4
      vertex -26.5 -28.330127015709877 -23.4
    endloop
  endfacet
  facet normal -0.4127070319422718 -0.9108638239525163 0
    outer loop
      vertex -25.913417160511017 -28.619397662580013 -26.4
      vertex -25.913417160511017 -28.619397662580013 -23.4
      vertex -26.211443454027176 -28.484363704919815 -23.4
    endloop
  endfacet
  facet normal -0.2902846680803412 -0.9569403385151481 0
    outer loop
      vertex -25.29409522563219 -28.829629130661488 -26.4
      vertex -25.29409522563219 -28.829629130661488 -23.4
      vertex -25.60719732940197 -28.734650649130344 -23.4
    endloop
  endfacet
  facet normal -0.3522500565206636 -0.9359059235207294 0
    outer loop
      vertex -25.60719732940197 -28.734650649130344 -26.4
      vertex -25.60719732940197 -28.734650649130344 -23.4
      vertex -25.913417160511017 -28.619397662580013 -23.4
    endloop
  endfacet
  facet normal -0.8492021820016544 -0.5280678498863844 0
    outer loop
      vertex -28.157348059117794 -26.777851164340973 -26.4
      vertex -28.157348059117794 -26.777851164340973 -23.4
      vertex -28.330127015709877 -26.5 -23.4
    endloop
  endfacet
  facet normal -0.881921261761417 -0.471396741665818 0
    outer loop
      vertex -28.330127015709877 -26.5 -26.4
      vertex -28.330127015709877 -26.5 -23.4
      vertex -28.484363704919815 -26.211443454027176 -23.4
    endloop
  endfacet
  facet normal -0.9359059235207294 -0.3522500565206636 0
    outer loop
      vertex -28.619397662580013 -25.913417160511017 -26.4
      vertex -28.619397662580013 -25.913417160511017 -23.4
      vertex -28.734650649130344 -25.60719732940197 -23.4
    endloop
  endfacet
  facet normal -0.9108638239525163 -0.4127070319422718 0
    outer loop
      vertex -28.484363704919815 -26.211443454027176 -26.4
      vertex -28.484363704919815 -26.211443454027176 -23.4
      vertex -28.619397662580013 -25.913417160511017 -23.4
    endloop
  endfacet
  facet normal -0.9569403385151481 -0.2902846680803412 0
    outer loop
      vertex -28.734650649130344 -25.60719732940197 -26.4
      vertex -28.734650649130344 -25.60719732940197 -23.4
      vertex -28.829629130661488 -25.29409522563219 -23.4
    endloop
  endfacet
  facet normal -0.9738769784118718 -0.2270762667461368 0
    outer loop
      vertex -28.829629130661488 -25.29409522563219 -26.4
      vertex -28.829629130661488 -25.29409522563219 -23.4
      vertex -28.9039264023304 -24.975451610982418 -23.4
    endloop
  endfacet
  facet normal -0.9866433309393638 -0.162895480332872 0
    outer loop
      vertex -28.9039264023304 -24.975451610982418 -26.4
      vertex -28.9039264023304 -24.975451610982418 -23.4
      vertex -28.957224309444427 -24.65263096243143 -23.4
    endloop
  endfacet
  facet normal -0.9951847268408476 -0.09801713861722108 0
    outer loop
      vertex -28.957224309444427 -24.65263096243143 -26.4
      vertex -28.957224309444427 -24.65263096243143 -23.4
      vertex -28.98929461836815 -24.32701564580202 -23.4
    endloop
  endfacet
  facet normal -0.2270762667461368 -0.9738769784118718 0
    outer loop
      vertex -24.975451610982418 -28.9039264023304 -26.4
      vertex -24.975451610982418 -28.9039264023304 -23.4
      vertex -25.29409522563219 -28.829629130661488 -23.4
    endloop
  endfacet
  facet normal -0.162895480332872 -0.9866433309393638 0
    outer loop
      vertex -24.65263096243143 -28.957224309444427 -26.4
      vertex -24.65263096243143 -28.957224309444427 -23.4
      vertex -24.975451610982418 -28.9039264023304 -23.4
    endloop
  endfacet
  facet normal -0.09801713861722108 -0.9951847268408476 0
    outer loop
      vertex -24.32701564580202 -28.98929461836815 -26.4
      vertex -24.32701564580202 -28.98929461836815 -23.4
      vertex -24.65263096243143 -28.957224309444427 -23.4
    endloop
  endfacet
  facet normal -0.032719076215845674 -0.9994645876926215 0
    outer loop
      vertex -24 -29 -26.4
      vertex -24 -29 -23.4
      vertex -24.32701564580202 -28.98929461836815 -23.4
    endloop
  endfacet
  facet normal -0.9994645876926215 -0.032719076215845674 0
    outer loop
      vertex -28.98929461836815 -24.32701564580202 -26.4
      vertex -28.98929461836815 -24.32701564580202 -23.4
      vertex -29 -24 -23.4
    endloop
  endfacet
  facet normal -0.9994645876926215 0.032719076215845674 0
    outer loop
      vertex -29 -24 -26.4
      vertex -29 -24 -23.4
      vertex -28.98929461836815 -23.67298435419798 -23.4
    endloop
  endfacet
  facet normal -0.9951847268408476 0.09801713861722108 0
    outer loop
      vertex -28.98929461836815 -23.67298435419798 -26.4
      vertex -28.98929461836815 -23.67298435419798 -23.4
      vertex -28.957224309444427 -23.34736903756857 -23.4
    endloop
  endfacet
  facet normal -0.9866433309393638 0.162895480332872 0
    outer loop
      vertex -28.957224309444427 -23.34736903756857 -26.4
      vertex -28.957224309444427 -23.34736903756857 -23.4
      vertex -28.9039264023304 -23.024548389017582 -23.4
    endloop
  endfacet
  facet normal -0.9738769784118718 0.2270762667461368 0
    outer loop
      vertex -28.9039264023304 -23.024548389017582 -26.4
      vertex -28.9039264023304 -23.024548389017582 -23.4
      vertex -28.829629130661488 -22.70590477436781 -23.4
    endloop
  endfacet
  facet normal -0.9569403385151481 0.2902846680803412 0
    outer loop
      vertex -28.829629130661488 -22.70590477436781 -26.4
      vertex -28.829629130661488 -22.70590477436781 -23.4
      vertex -28.734650649130344 -22.39280267059803 -23.4
    endloop
  endfacet
  facet normal -0.9359059235207294 0.3522500565206636 0
    outer loop
      vertex -28.734650649130344 -22.39280267059803 -26.4
      vertex -28.734650649130344 -22.39280267059803 -23.4
      vertex -28.619397662580013 -22.086582839488983 -23.4
    endloop
  endfacet
  facet normal 0 0 1
    outer loop
      vertex -26.777851164340973 -28.157348059117794 -23.4
      vertex -26.5 -28.330127015709877 -23.4
      vertex -25.570595205269186 -24.650561835020653 -23.4
    endloop
  endfacet
  facet normal 0 0 1
    outer loop
      vertex -26.211443454027176 -28.484363704919815 -23.4
      vertex -25.913417160511017 -28.619397662580013 -23.4
      vertex -24.439992376674287 -25.642073904691415 -23.4
    endloop
  endfacet
  facet normal 0 0 1
    outer loop
      vertex -26.5 -28.330127015709877 -23.4
      vertex -26.211443454027176 -28.484363704919815 -23.4
      vertex -25.3487006784951 -25.034894429314825 -23.4
    endloop
  endfacet
  facet normal 0 0 1
    outer loop
      vertex -28.619397662580013 -25.913417160511017 -23.4
      vertex -28.619397662580013 -22.086582839488983 -23.4
      vertex -28.734650649130344 -25.60719732940197 -23.4
    endloop
  endfacet
  facet normal 0 0 1
    outer loop
      vertex -26.777851164340973 -28.157348059117794 -23.4
      vertex -25.696360169505624 -23.888814680308755 -23.4
      vertex -27.04380714148283 -27.966766700148582 -23.4
    endloop
  endfacet
  facet normal 0 0 1
    outer loop
      vertex -26.211443454027176 -28.484363704919815 -23.4
      vertex -25.278127672714263 -25.12088788567012 -23.4
      vertex -25.3487006784951 -25.034894429314825 -23.4
    endloop
  endfacet
  facet normal 0 0 1
    outer loop
      vertex -26.211443454027176 -28.484363704919815 -23.4
      vertex -24.944469396133325 -25.413498340914327 -23.4
      vertex -25.034894429314825 -25.3487006784951 -23.4
    endloop
  endfacet
  facet normal 0 0 1
    outer loop
      vertex -26.211443454027176 -28.484363704919815 -23.4
      vertex -25.034894429314825 -25.3487006784951 -23.4
      vertex -25.12088788567012 -25.278127672714263 -23.4
    endloop
  endfacet
  facet normal 0 0 1
    outer loop
      vertex -26.211443454027176 -28.484363704919815 -23.4
      vertex -25.202081528017132 -25.202081528017132 -23.4
      vertex -25.278127672714263 -25.12088788567012 -23.4
    endloop
  endfacet
  facet normal 0 0 1
    outer loop
      vertex -26.211443454027176 -28.484363704919815 -23.4
      vertex -25.12088788567012 -25.278127672714263 -23.4
      vertex -25.202081528017132 -25.202081528017132 -23.4
    endloop
  endfacet
  facet normal 0 0 1
    outer loop
      vertex -26.5 -28.330127015709877 -23.4
      vertex -25.472243186433545 -24.85 -23.4
      vertex -25.52468366060557 -24.751890773372303 -23.4
    endloop
  endfacet
  facet normal 0 0 1
    outer loop
      vertex -26.5 -28.330127015709877 -23.4
      vertex -25.52468366060557 -24.751890773372303 -23.4
      vertex -25.570595205269186 -24.650561835020653 -23.4
    endloop
  endfacet
  facet normal 0 0 1
    outer loop
      vertex -26.777851164340973 -28.157348059117794 -23.4
      vertex -25.570595205269186 -24.650561835020653 -23.4
      vertex -25.60978122014168 -24.546447091015374 -23.4
    endloop
  endfacet
  facet normal 0 0 1
    outer loop
      vertex -26.777851164340973 -28.157348059117794 -23.4
      vertex -25.60978122014168 -24.546447091015374 -23.4
      vertex -25.642073904691415 -24.439992376674287 -23.4
    endloop
  endfacet
  facet normal 0 0 1
    outer loop
      vertex -26.777851164340973 -28.157348059117794 -23.4
      vertex -25.642073904691415 -24.439992376674287 -23.4
      vertex -25.667334976685492 -24.33165354742742 -23.4
    endloop
  endfacet
  facet normal 0 0 1
    outer loop
      vertex -26.5 -28.330127015709877 -23.4
      vertex -25.3487006784951 -25.034894429314825 -23.4
      vertex -25.413498340914327 -24.944469396133325 -23.4
    endloop
  endfacet
  facet normal 0 0 1
    outer loop
      vertex -26.5 -28.330127015709877 -23.4
      vertex -25.413498340914327 -24.944469396133325 -23.4
      vertex -25.472243186433545 -24.85 -23.4
    endloop
  endfacet
  facet normal 0 0 1
    outer loop
      vertex -26.777851164340973 -28.157348059117794 -23.4
      vertex -25.696360169505624 -24.111185319691245 -23.4
      vertex -25.7 -24 -23.4
    endloop
  endfacet
  facet normal 0 0 1
    outer loop
      vertex -26.777851164340973 -28.157348059117794 -23.4
      vertex -25.7 -24 -23.4
      vertex -25.696360169505624 -23.888814680308755 -23.4
    endloop
  endfacet
  facet normal 0 0 1
    outer loop
      vertex -26.777851164340973 -28.157348059117794 -23.4
      vertex -25.667334976685492 -24.33165354742742 -23.4
      vertex -25.68545626433548 -24.221894526774086 -23.4
    endloop
  endfacet
  facet normal 0 0 1
    outer loop
      vertex -26.777851164340973 -28.157348059117794 -23.4
      vertex -25.68545626433548 -24.221894526774086 -23.4
      vertex -25.696360169505624 -24.111185319691245 -23.4
    endloop
  endfacet
  facet normal 0 0 1
    outer loop
      vertex -27.04380714148283 -27.966766700148582 -23.4
      vertex -25.696360169505624 -23.888814680308755 -23.4
      vertex -25.68545626433548 -23.778105473225914 -23.4
    endloop
  endfacet
  facet normal 0 0 1
    outer loop
      vertex -27.04380714148283 -27.966766700148582 -23.4
      vertex -25.68545626433548 -23.778105473225914 -23.4
      vertex -25.667334976685492 -23.66834645257258 -23.4
    endloop
  endfacet
  facet normal 0 0 1
    outer loop
      vertex -27.04380714148283 -27.966766700148582 -23.4
      vertex -25.667334976685492 -23.66834645257258 -23.4
      vertex -25.642073904691415 -23.560007623325713 -23.4
    endloop
  endfacet
  facet normal 0 0 1
    outer loop
      vertex -27.04380714148283 -27.966766700148582 -23.4
      vertex -25.642073904691415 -23.560007623325713 -23.4
      vertex -25.60978122014168 -23.453552908984626 -23.4
    endloop
  endfacet
  facet normal 0 0 1
    outer loop
      vertex -25.913417160511017 -28.619397662580013 -23.4
      vertex -25.60719732940197 -28.734650649130344 -23.4
      vertex -24.111185319691245 -25.696360169505624 -23.4
    endloop
  endfacet
  facet normal 0 0 1
    outer loop
      vertex -25.60719732940197 -28.734650649130344 -23.4
      vertex -25.29409522563219 -28.829629130661488 -23.4
      vertex -23.66834645257258 -25.667334976685492 -23.4
    endloop
  endfacet
  facet normal 0 0 1
    outer loop
      vertex -25.29409522563219 -28.829629130661488 -23.4
      vertex -24.975451610982418 -28.9039264023304 -23.4
      vertex -23.15 -25.472243186433545 -23.4
    endloop
  endfacet
  facet normal 0 0 1
    outer loop
      vertex -26.211443454027176 -28.484363704919815 -23.4
      vertex -24.751890773372303 -25.52468366060557 -23.4
      vertex -24.85 -25.472243186433545 -23.4
    endloop
  endfacet
  facet normal 0 0 1
    outer loop
      vertex -26.211443454027176 -28.484363704919815 -23.4
      vertex -24.650561835020653 -25.570595205269186 -23.4
      vertex -24.751890773372303 -25.52468366060557 -23.4
    endloop
  endfacet
  facet normal 0 0 1
    outer loop
      vertex -26.211443454027176 -28.484363704919815 -23.4
      vertex -24.546447091015374 -25.60978122014168 -23.4
      vertex -24.650561835020653 -25.570595205269186 -23.4
    endloop
  endfacet
  facet normal 0 0 1
    outer loop
      vertex -26.211443454027176 -28.484363704919815 -23.4
      vertex -24.439992376674287 -25.642073904691415 -23.4
      vertex -24.546447091015374 -25.60978122014168 -23.4
    endloop
  endfacet
  facet normal 0 0 1
    outer loop
      vertex -26.211443454027176 -28.484363704919815 -23.4
      vertex -24.85 -25.472243186433545 -23.4
      vertex -24.944469396133325 -25.413498340914327 -23.4
    endloop
  endfacet
  facet normal 0 0 1
    outer loop
      vertex -25.913417160511017 -28.619397662580013 -23.4
      vertex -24.33165354742742 -25.667334976685492 -23.4
      vertex -24.439992376674287 -25.642073904691415 -23.4
    endloop
  endfacet
  facet normal 0 0 1
    outer loop
      vertex -25.913417160511017 -28.619397662580013 -23.4
      vertex -24.221894526774086 -25.68545626433548 -23.4
      vertex -24.33165354742742 -25.667334976685492 -23.4
    endloop
  endfacet
  facet normal 0 0 1
    outer loop
      vertex -25.913417160511017 -28.619397662580013 -23.4
      vertex -24.111185319691245 -25.696360169505624 -23.4
      vertex -24.221894526774086 -25.68545626433548 -23.4
    endloop
  endfacet
  facet normal 0 0 1
    outer loop
      vertex -25.60719732940197 -28.734650649130344 -23.4
      vertex -24 -25.7 -23.4
      vertex -24.111185319691245 -25.696360169505624 -23.4
    endloop
  endfacet
  facet normal 0 0 1
    outer loop
      vertex -25.60719732940197 -28.734650649130344 -23.4
      vertex -23.888814680308755 -25.696360169505624 -23.4
      vertex -24 -25.7 -23.4
    endloop
  endfacet
  facet normal 0 0 1
    outer loop
      vertex -25.60719732940197 -28.734650649130344 -23.4
      vertex -23.778105473225914 -25.68545626433548 -23.4
      vertex -23.888814680308755 -25.696360169505624 -23.4
    endloop
  endfacet
  facet normal 0 0 1
    outer loop
      vertex -25.60719732940197 -28.734650649130344 -23.4
      vertex -23.66834645257258 -25.667334976685492 -23.4
      vertex -23.778105473225914 -25.68545626433548 -23.4
    endloop
  endfacet
  facet normal 0 0 1
    outer loop
      vertex -25.29409522563219 -28.829629130661488 -23.4
      vertex -23.560007623325713 -25.642073904691415 -23.4
      vertex -23.66834645257258 -25.667334976685492 -23.4
    endloop
  endfacet
  facet normal 0 0 1
    outer loop
      vertex -25.29409522563219 -28.829629130661488 -23.4
      vertex -23.453552908984626 -25.60978122014168 -23.4
      vertex -23.560007623325713 -25.642073904691415 -23.4
    endloop
  endfacet
  facet normal 0 0 1
    outer loop
      vertex -25.29409522563219 -28.829629130661488 -23.4
      vertex -23.349438164979347 -25.570595205269186 -23.4
      vertex -23.453552908984626 -25.60978122014168 -23.4
    endloop
  endfacet
  facet normal 0 0 1
    outer loop
      vertex -25.29409522563219 -28.829629130661488 -23.4
      vertex -23.248109226627697 -25.52468366060557 -23.4
      vertex -23.349438164979347 -25.570595205269186 -23.4
    endloop
  endfacet
  facet normal 0 0 1
    outer loop
      vertex -25.29409522563219 -28.829629130661488 -23.4
      vertex -23.15 -25.472243186433545 -23.4
      vertex -23.248109226627697 -25.52468366060557 -23.4
    endloop
  endfacet
  facet normal 0 0 1
    outer loop
      vertex -24.975451610982418 -28.9039264023304 -23.4
      vertex -23.055530603866675 -25.413498340914327 -23.4
      vertex -23.15 -25.472243186433545 -23.4
    endloop
  endfacet
  facet normal 0 0 1
    outer loop
      vertex -24.975451610982418 -28.9039264023304 -23.4
      vertex -22.965105570685175 -25.3487006784951 -23.4
      vertex -23.055530603866675 -25.413498340914327 -23.4
    endloop
  endfacet
  facet normal 0 0 1
    outer loop
      vertex -24.975451610982418 -28.9039264023304 -23.4
      vertex -22.87911211432988 -25.278127672714263 -23.4
      vertex -22.965105570685175 -25.3487006784951 -23.4
    endloop
  endfacet
  facet normal 0 0 1
    outer loop
      vertex -24.975451610982418 -28.9039264023304 -23.4
      vertex -22.797918471982868 -25.202081528017132 -23.4
      vertex -22.87911211432988 -25.278127672714263 -23.4
    endloop
  endfacet
  facet normal 0 0 1
    outer loop
      vertex -24.975451610982418 -28.9039264023304 -23.4
      vertex -22.721872327285737 -25.12088788567012 -23.4
      vertex -22.797918471982868 -25.202081528017132 -23.4
    endloop
  endfacet
  facet normal 0 0 1
    outer loop
      vertex -24.975451610982418 -28.9039264023304 -23.4
      vertex -22.6512993215049 -25.034894429314825 -23.4
      vertex -22.721872327285737 -25.12088788567012 -23.4
    endloop
  endfacet
  facet normal 0 0 1
    outer loop
      vertex -24.975451610982418 -28.9039264023304 -23.4
      vertex -22.586501659085673 -24.944469396133325 -23.4
      vertex -22.6512993215049 -25.034894429314825 -23.4
    endloop
  endfacet
  facet normal 0 0 1
    outer loop
      vertex -24.975451610982418 -28.9039264023304 -23.4
      vertex -22.527756813566455 -24.85 -23.4
      vertex -22.586501659085673 -24.944469396133325 -23.4
    endloop
  endfacet
  facet normal 0 0 1
    outer loop
      vertex -28.829629130661488 -25.29409522563219 -23.4
      vertex -28.829629130661488 -22.70590477436781 -23.4
      vertex -28.9039264023304 -24.975451610982418 -23.4
    endloop
  endfacet
  facet normal 0 0 1
    outer loop
      vertex -28.734650649130344 -25.60719732940197 -23.4
      vertex -28.734650649130344 -22.39280267059803 -23.4
      vertex -28.829629130661488 -25.29409522563219 -23.4
    endloop
  endfacet
  facet normal 0 0 1
    outer loop
      vertex -28.9039264023304 -24.975451610982418 -23.4
      vertex -28.9039264023304 -23.024548389017582 -23.4
      vertex -28.957224309444427 -24.65263096243143 -23.4
    endloop
  endfacet
  facet normal 0 0 1
    outer loop
      vertex -28.957224309444427 -24.65263096243143 -23.4
      vertex -28.957224309444427 -23.34736903756857 -23.4
      vertex -28.98929461836815 -24.32701564580202 -23.4
    endloop
  endfacet
  facet normal 0 0 1
    outer loop
      vertex -28.98929461836815 -24.32701564580202 -23.4
      vertex -28.98929461836815 -23.67298435419798 -23.4
      vertex -29 -24 -23.4
    endloop
  endfacet
  facet normal 0 0 1
    outer loop
      vertex -28.98929461836815 -24.32701564580202 -23.4
      vertex -28.957224309444427 -23.34736903756857 -23.4
      vertex -28.98929461836815 -23.67298435419798 -23.4
    endloop
  endfacet
  facet normal 0 0 1
    outer loop
      vertex -28.957224309444427 -24.65263096243143 -23.4
      vertex -28.9039264023304 -23.024548389017582 -23.4
      vertex -28.957224309444427 -23.34736903756857 -23.4
    endloop
  endfacet
  facet normal 0 0 1
    outer loop
      vertex -28.9039264023304 -24.975451610982418 -23.4
      vertex -28.829629130661488 -22.70590477436781 -23.4
      vertex -28.9039264023304 -23.024548389017582 -23.4
    endloop
  endfacet
  facet normal 0 0 1
    outer loop
      vertex -28.829629130661488 -25.29409522563219 -23.4
      vertex -28.734650649130344 -22.39280267059803 -23.4
      vertex -28.829629130661488 -22.70590477436781 -23.4
    endloop
  endfacet
  facet normal 0 0 1
    outer loop
      vertex -28.734650649130344 -25.60719732940197 -23.4
      vertex -28.619397662580013 -22.086582839488983 -23.4
      vertex -28.734650649130344 -22.39280267059803 -23.4
    endloop
  endfacet
  facet normal -0.9264665771223092 0.3763770469559381 0
    outer loop
      vertex -28.619397662580013 -22.086582839488983 -26.4
      vertex -28.619397662580013 -22.086582839488983 -23.4
      vertex -22.119397662580013 -6.086582839488983 -23.4
    endloop
  endfacet
  facet normal 0 0 1
    outer loop
      vertex -28.484363704919815 -26.211443454027176 -23.4
      vertex -22.119397662580013 -6.086582839488983 -23.4
      vertex -28.619397662580013 -25.913417160511017 -23.4
    endloop
  endfacet
  facet normal 0 0 1
    outer loop
      vertex -28.157348059117794 -26.777851164340973 -23.4
      vertex -21.830127015709877 -5.5 -23.4
      vertex -28.330127015709877 -26.5 -23.4
    endloop
  endfacet
  facet normal 0 0 1
    outer loop
      vertex -28.330127015709877 -26.5 -23.4
      vertex -21.984363704919815 -5.788556545972824 -23.4
      vertex -28.484363704919815 -26.211443454027176 -23.4
    endloop
  endfacet
  facet normal 0 0 1
    outer loop
      vertex -28.157348059117794 -26.777851164340973 -23.4
      vertex -27.966766700148582 -27.04380714148283 -23.4
      vertex -21.657348059117794 -5.222148835659027 -23.4
    endloop
  endfacet
  facet normal 0 0 1
    outer loop
      vertex -27.966766700148582 -27.04380714148283 -23.4
      vertex -27.759199038147926 -27.29672907292843 -23.4
      vertex -21.466766700148582 -4.95619285851717 -23.4
    endloop
  endfacet
  facet normal 0 0 1
    outer loop
      vertex -27.535533905029297 -27.535533905029297 -23.4
      vertex -21.259199038147926 -4.703270927071571 -23.4
      vertex -27.759199038147926 -27.29672907292843 -23.4
    endloop
  endfacet
  facet normal 0 0 1
    outer loop
      vertex -28.619397662580013 -25.913417160511017 -23.4
      vertex -22.119397662580013 -6.086582839488983 -23.4
      vertex -28.619397662580013 -22.086582839488983 -23.4
    endloop
  endfacet
  facet normal 0 0 1
    outer loop
      vertex -27.29672907292843 -27.759199038147926 -23.4
      vertex -21.035533905029297 -4.464466094970703 -23.4
      vertex -27.535533905029297 -27.535533905029297 -23.4
    endloop
  endfacet
  facet normal 0 0 1
    outer loop
      vertex -27.29672907292843 -27.759199038147926 -23.4
      vertex -27.04380714148283 -27.966766700148582 -23.4
      vertex -20.79672907292843 -4.240800961852074 -23.4
    endloop
  endfacet
  facet normal 0 0 1
    outer loop
      vertex -27.04380714148283 -27.966766700148582 -23.4
      vertex -25.60978122014168 -23.453552908984626 -23.4
      vertex -20.54380714148283 -4.0332332998514175 -23.4
    endloop
  endfacet
  facet normal 0 0 1
    outer loop
      vertex -20.54380714148283 -4.0332332998514175 -23.4
      vertex -25.60978122014168 -23.453552908984626 -23.4
      vertex -25.570595205269186 -23.349438164979347 -23.4
    endloop
  endfacet
  facet normal 0 0 1
    outer loop
      vertex -20.54380714148283 -4.0332332998514175 -23.4
      vertex -25.570595205269186 -23.349438164979347 -23.4
      vertex -25.52468366060557 -23.248109226627697 -23.4
    endloop
  endfacet
  facet normal 0 0 1
    outer loop
      vertex -20.54380714148283 -4.0332332998514175 -23.4
      vertex -25.52468366060557 -23.248109226627697 -23.4
      vertex -25.472243186433545 -23.15 -23.4
    endloop
  endfacet
  facet normal 0 0 1
    outer loop
      vertex -20.54380714148283 -4.0332332998514175 -23.4
      vertex -25.472243186433545 -23.15 -23.4
      vertex -25.413498340914327 -23.055530603866675 -23.4
    endloop
  endfacet
  facet normal 0 0 1
    outer loop
      vertex -20.277851164340973 -3.842651940882206 -23.4
      vertex -25.413498340914327 -23.055530603866675 -23.4
      vertex -25.3487006784951 -22.965105570685175 -23.4
    endloop
  endfacet
  facet normal 0 0 1
    outer loop
      vertex -20.277851164340973 -3.842651940882206 -23.4
      vertex -25.3487006784951 -22.965105570685175 -23.4
      vertex -25.278127672714263 -22.87911211432988 -23.4
    endloop
  endfacet
  facet normal 0 0 1
    outer loop
      vertex -20.277851164340973 -3.842651940882206 -23.4
      vertex -25.278127672714263 -22.87911211432988 -23.4
      vertex -25.202081528017132 -22.797918471982868 -23.4
    endloop
  endfacet
  facet normal 0 0 1
    outer loop
      vertex -20.277851164340973 -3.842651940882206 -23.4
      vertex -25.202081528017132 -22.797918471982868 -23.4
      vertex -25.12088788567012 -22.721872327285737 -23.4
    endloop
  endfacet
  facet normal 0 0 1
    outer loop
      vertex -20.277851164340973 -3.842651940882206 -23.4
      vertex -25.12088788567012 -22.721872327285737 -23.4
      vertex -25.034894429314825 -22.6512993215049 -23.4
    endloop
  endfacet
  facet normal 0 0 1
    outer loop
      vertex -20.277851164340973 -3.842651940882206 -23.4
      vertex -25.034894429314825 -22.6512993215049 -23.4
      vertex -24.944469396133325 -22.586501659085673 -23.4
    endloop
  endfacet
  facet normal 0 0 1
    outer loop
      vertex -20 -3.669872984290123 -23.4
      vertex -24.944469396133325 -22.586501659085673 -23.4
      vertex -24.85 -22.527756813566455 -23.4
    endloop
  endfacet
  facet normal 0 0 1
    outer loop
      vertex -20 -3.669872984290123 -23.4
      vertex -24.85 -22.527756813566455 -23.4
      vertex -24.751890773372303 -22.47531633939443 -23.4
    endloop
  endfacet
  facet normal 0 0 1
    outer loop
      vertex -20 -3.669872984290123 -23.4
      vertex -24.751890773372303 -22.47531633939443 -23.4
      vertex -24.650561835020653 -22.429404794730814 -23.4
    endloop
  endfacet
  facet normal 0 0 1
    outer loop
      vertex -20 -3.669872984290123 -23.4
      vertex -24.650561835020653 -22.429404794730814 -23.4
      vertex -24.546447091015374 -22.39021877985832 -23.4
    endloop
  endfacet
  facet normal 0 0 1
    outer loop
      vertex -20 -3.669872984290123 -23.4
      vertex -24.546447091015374 -22.39021877985832 -23.4
      vertex -24.439992376674287 -22.357926095308585 -23.4
    endloop
  endfacet
  facet normal 0 0 1
    outer loop
      vertex -20 -3.669872984290123 -23.4
      vertex -24.439992376674287 -22.357926095308585 -23.4
      vertex -24.33165354742742 -22.332665023314508 -23.4
    endloop
  endfacet
  facet normal 0 0 1
    outer loop
      vertex -20 -3.669872984290123 -23.4
      vertex -24.33165354742742 -22.332665023314508 -23.4
      vertex -24.221894526774086 -22.31454373566452 -23.4
    endloop
  endfacet
  facet normal 0 0 1
    outer loop
      vertex -20 -3.669872984290123 -23.4
      vertex -24.221894526774086 -22.31454373566452 -23.4
      vertex -24.111185319691245 -22.303639830494376 -23.4
    endloop
  endfacet
  facet normal 0 0 1
    outer loop
      vertex -20 -3.669872984290123 -23.4
      vertex -24.111185319691245 -22.303639830494376 -23.4
      vertex -24 -22.3 -23.4
    endloop
  endfacet
  facet normal 0 0 1
    outer loop
      vertex -20 -3.669872984290123 -23.4
      vertex -24 -22.3 -23.4
      vertex -23.888814680308755 -22.303639830494376 -23.4
    endloop
  endfacet
  facet normal 0 0 1
    outer loop
      vertex -20 -3.669872984290123 -23.4
      vertex -23.888814680308755 -22.303639830494376 -23.4
      vertex -23.778105473225914 -22.31454373566452 -23.4
    endloop
  endfacet
  facet normal 0 0 1
    outer loop
      vertex -20 -3.669872984290123 -23.4
      vertex -23.778105473225914 -22.31454373566452 -23.4
      vertex -23.66834645257258 -22.332665023314508 -23.4
    endloop
  endfacet
  facet normal 0 0 1
    outer loop
      vertex -20 -3.669872984290123 -23.4
      vertex -23.560007623325713 -22.357926095308585 -23.4
      vertex -23.453552908984626 -22.39021877985832 -23.4
    endloop
  endfacet
  facet normal 0 0 1
    outer loop
      vertex -20 -3.669872984290123 -23.4
      vertex -23.66834645257258 -22.332665023314508 -23.4
      vertex -23.560007623325713 -22.357926095308585 -23.4
    endloop
  endfacet
  facet normal 0 0 1
    outer loop
      vertex -20 -3.669872984290123 -23.4
      vertex -23.453552908984626 -22.39021877985832 -23.4
      vertex -23.349438164979347 -22.429404794730814 -23.4
    endloop
  endfacet
  facet normal 0 0 1
    outer loop
      vertex -20 -3.669872984290123 -23.4
      vertex -22.965105570685175 -22.6512993215049 -23.4
      vertex -22.87911211432988 -22.721872327285737 -23.4
    endloop
  endfacet
  facet normal 0 0 1
    outer loop
      vertex -20 -3.669872984290123 -23.4
      vertex -22.87911211432988 -22.721872327285737 -23.4
      vertex -22.797918471982868 -22.797918471982868 -23.4
    endloop
  endfacet
  facet normal 0 0 1
    outer loop
      vertex -20 -3.669872984290123 -23.4
      vertex -23.248109226627697 -22.47531633939443 -23.4
      vertex -23.15 -22.527756813566455 -23.4
    endloop
  endfacet
  facet normal 0 0 1
    outer loop
      vertex -20 -3.669872984290123 -23.4
      vertex -23.055530603866675 -22.586501659085673 -23.4
      vertex -22.965105570685175 -22.6512993215049 -23.4
    endloop
  endfacet
  facet normal 0 0 1
    outer loop
      vertex -20 -3.669872984290123 -23.4
      vertex -23.15 -22.527756813566455 -23.4
      vertex -23.055530603866675 -22.586501659085673 -23.4
    endloop
  endfacet
  facet normal 0 0 1
    outer loop
      vertex -20 -3.669872984290123 -23.4
      vertex -23.349438164979347 -22.429404794730814 -23.4
      vertex -23.248109226627697 -22.47531633939443 -23.4
    endloop
  endfacet
  facet normal 0 0 1
    outer loop
      vertex -28.484363704919815 -26.211443454027176 -23.4
      vertex -21.984363704919815 -5.788556545972824 -23.4
      vertex -22.119397662580013 -6.086582839488983 -23.4
    endloop
  endfacet
  facet normal 0 0 1
    outer loop
      vertex -28.330127015709877 -26.5 -23.4
      vertex -21.830127015709877 -5.5 -23.4
      vertex -21.984363704919815 -5.788556545972824 -23.4
    endloop
  endfacet
  facet normal 0 0 1
    outer loop
      vertex -28.157348059117794 -26.777851164340973 -23.4
      vertex -21.657348059117794 -5.222148835659027 -23.4
      vertex -21.830127015709877 -5.5 -23.4
    endloop
  endfacet
  facet normal 0 0 1
    outer loop
      vertex -27.966766700148582 -27.04380714148283 -23.4
      vertex -21.466766700148582 -4.95619285851717 -23.4
      vertex -21.657348059117794 -5.222148835659027 -23.4
    endloop
  endfacet
  facet normal 0 0 1
    outer loop
      vertex -27.759199038147926 -27.29672907292843 -23.4
      vertex -21.259199038147926 -4.703270927071571 -23.4
      vertex -21.466766700148582 -4.95619285851717 -23.4
    endloop
  endfacet
  facet normal 0 0 1
    outer loop
      vertex -27.535533905029297 -27.535533905029297 -23.4
      vertex -21.035533905029297 -4.464466094970703 -23.4
      vertex -21.259199038147926 -4.703270927071571 -23.4
    endloop
  endfacet
  facet normal 0 0 1
    outer loop
      vertex -27.29672907292843 -27.759199038147926 -23.4
      vertex -20.79672907292843 -4.240800961852074 -23.4
      vertex -21.035533905029297 -4.464466094970703 -23.4
    endloop
  endfacet
  facet normal 0 0 1
    outer loop
      vertex -27.04380714148283 -27.966766700148582 -23.4
      vertex -20.54380714148283 -4.0332332998514175 -23.4
      vertex -20.79672907292843 -4.240800961852074 -23.4
    endloop
  endfacet
  facet normal 0 0 1
    outer loop
      vertex -22.721872327285737 -22.87911211432988 -23.4
      vertex -18.102842014918714 -11.030691469113558 -23.4
      vertex -22.797918471982868 -22.797918471982868 -23.4
    endloop
  endfacet
  facet normal 0 0 1
    outer loop
      vertex -22.6512993215049 -22.965105570685175 -23.4
      vertex -17.90333457807865 -11.063630280245164 -23.4
      vertex -22.721872327285737 -22.87911211432988 -23.4
    endloop
  endfacet
  facet normal 0 0 1
    outer loop
      vertex -22.586501659085673 -23.055530603866675 -23.4
      vertex -17.7021000006542 -11.083450156179682 -23.4
      vertex -22.6512993215049 -22.965105570685175 -23.4
    endloop
  endfacet
  facet normal 0 0 1
    outer loop
      vertex -24.32701564580202 -28.98929461836815 -23.4
      vertex -24 -29 -23.4
      vertex -4.903926402016152 0.9754516100806412 -23.4
    endloop
  endfacet
  facet normal 0 0 1
    outer loop
      vertex -24.65263096243143 -28.957224309444427 -23.4
      vertex -24.32701564580202 -28.98929461836815 -23.4
      vertex -4.7346506474755286 1.607197326515808 -23.4
    endloop
  endfacet
  facet normal 0 0 1
    outer loop
      vertex -24.975451610982418 -28.9039264023304 -23.4
      vertex -24.65263096243143 -28.957224309444427 -23.4
      vertex -1.8117333157176452 6.761480784023478 -23.4
    endloop
  endfacet
  facet normal 0 0 1
    outer loop
      vertex -24.975451610982418 -28.9039264023304 -23.4
      vertex -2.250076257122131 6.62851090646574 -23.4
      vertex -22.527756813566455 -24.85 -23.4
    endloop
  endfacet
  facet normal 0 0 1
    outer loop
      vertex -22.797918471982868 -22.797918471982868 -23.4
      vertex -19.53742223394498 -10.323234795825767 -23.4
      vertex -19.685006782130085 -10.185006782130085 -23.4
    endloop
  endfacet
  facet normal 0 0 1
    outer loop
      vertex -22.797918471982868 -22.797918471982868 -23.4
      vertex -19.38111313096337 -10.451514361456226 -23.4
      vertex -19.53742223394498 -10.323234795825767 -23.4
    endloop
  endfacet
  facet normal 0 0 1
    outer loop
      vertex -22.797918471982868 -22.797918471982868 -23.4
      vertex -19.21674881276123 -10.569296166227598 -23.4
      vertex -19.38111313096337 -10.451514361456226 -23.4
    endloop
  endfacet
  facet normal 0 0 1
    outer loop
      vertex -22.797918471982868 -22.797918471982868 -23.4
      vertex -19.045033112582782 -10.676075850369662 -23.4
      vertex -19.21674881276123 -10.569296166227598 -23.4
    endloop
  endfacet
  facet normal 0 0 1
    outer loop
      vertex -22.797918471982868 -22.797918471982868 -23.4
      vertex -18.866701343418452 -10.771396166881802 -23.4
      vertex -19.045033112582782 -10.676075850369662 -23.4
    endloop
  endfacet
  facet normal 0 0 1
    outer loop
      vertex -22.797918471982868 -22.797918471982868 -23.4
      vertex -18.682517149281793 -10.854848939534875 -23.4
      vertex -18.866701343418452 -10.771396166881802 -23.4
    endloop
  endfacet
  facet normal 0 0 1
    outer loop
      vertex -22.797918471982868 -22.797918471982868 -23.4
      vertex -18.49326923516858 -10.926076810744478 -23.4
      vertex -18.682517149281793 -10.854848939534875 -23.4
    endloop
  endfacet
  facet normal 0 0 1
    outer loop
      vertex -22.797918471982868 -22.797918471982868 -23.4
      vertex -19.823234795825766 -10.03742223394498 -23.4
      vertex -19.951514361456226 -9.88111313096337 -23.4
    endloop
  endfacet
  facet normal 0 0 1
    outer loop
      vertex -22.797918471982868 -22.797918471982868 -23.4
      vertex -19.951514361456226 -9.88111313096337 -23.4
      vertex -20.0692961662276 -9.716748812761233 -23.4
    endloop
  endfacet
  facet normal 0 0 1
    outer loop
      vertex -22.797918471982868 -22.797918471982868 -23.4
      vertex -20.17607585036966 -9.54503311258278 -23.4
      vertex -20.2713961668818 -9.36670134341845 -23.4
    endloop
  endfacet
  facet normal 0 0 1
    outer loop
      vertex -22.797918471982868 -22.797918471982868 -23.4
      vertex -20.0692961662276 -9.716748812761233 -23.4
      vertex -20.17607585036966 -9.54503311258278 -23.4
    endloop
  endfacet
  facet normal 0 0 1
    outer loop
      vertex -22.797918471982868 -22.797918471982868 -23.4
      vertex -20.530691469113556 -8.60284201491871 -23.4
      vertex -20.563630280245164 -8.403334578078649 -23.4
    endloop
  endfacet
  facet normal 0 0 1
    outer loop
      vertex -22.797918471982868 -22.797918471982868 -23.4
      vertex -20.2713961668818 -9.36670134341845 -23.4
      vertex -20.354848939534875 -9.182517149281793 -23.4
    endloop
  endfacet
  facet normal 0 0 1
    outer loop
      vertex -22.797918471982868 -22.797918471982868 -23.4
      vertex -20.354848939534875 -9.182517149281793 -23.4
      vertex -20.426076810744476 -8.993269235168576 -23.4
    endloop
  endfacet
  facet normal 0 0 1
    outer loop
      vertex -22.797918471982868 -22.797918471982868 -23.4
      vertex -20.426076810744476 -8.993269235168576 -23.4
      vertex -20.48477477183099 -8.799767989700902 -23.4
    endloop
  endfacet
  facet normal 0 0 1
    outer loop
      vertex -22.797918471982868 -22.797918471982868 -23.4
      vertex -20.48477477183099 -8.799767989700902 -23.4
      vertex -20.530691469113556 -8.60284201491871 -23.4
    endloop
  endfacet
  facet normal 0 0 1
    outer loop
      vertex -22.797918471982868 -22.797918471982868 -23.4
      vertex -19.685006782130085 -10.185006782130085 -23.4
      vertex -19.823234795825766 -10.03742223394498 -23.4
    endloop
  endfacet
  facet normal 0 0 1
    outer loop
      vertex -22.797918471982868 -22.797918471982868 -23.4
      vertex -18.102842014918714 -11.030691469113558 -23.4
      vertex -18.2997679897009 -10.984774771830986 -23.4
    endloop
  endfacet
  facet normal 0 0 1
    outer loop
      vertex -22.721872327285737 -22.87911211432988 -23.4
      vertex -17.90333457807865 -11.063630280245164 -23.4
      vertex -18.102842014918714 -11.030691469113558 -23.4
    endloop
  endfacet
  facet normal 0 0 1
    outer loop
      vertex -22.6512993215049 -22.965105570685175 -23.4
      vertex -17.7021000006542 -11.083450156179682 -23.4
      vertex -17.90333457807865 -11.063630280245164 -23.4
    endloop
  endfacet
  facet normal 0 0 1
    outer loop
      vertex -22.586501659085673 -23.055530603866675 -23.4
      vertex -17.5 -11.090066225165561 -23.4
      vertex -17.7021000006542 -11.083450156179682 -23.4
    endloop
  endfacet
  facet normal 0 0 1
    outer loop
      vertex -22.586501659085673 -23.055530603866675 -23.4
      vertex -17.2978999993458 -11.083450156179682 -23.4
      vertex -17.5 -11.090066225165561 -23.4
    endloop
  endfacet
  facet normal 0 0 1
    outer loop
      vertex -22.797918471982868 -22.797918471982868 -23.4
      vertex -18.2997679897009 -10.984774771830986 -23.4
      vertex -18.49326923516858 -10.926076810744478 -23.4
    endloop
  endfacet
  facet normal 0 0 1
    outer loop
      vertex -22.586501659085673 -23.055530603866675 -23.4
      vertex -17.09666542192135 -11.063630280245164 -23.4
      vertex -17.2978999993458 -11.083450156179682 -23.4
    endloop
  endfacet
  facet normal 0 0 1
    outer loop
      vertex -22.586501659085673 -23.055530603866675 -23.4
      vertex -16.897157985081286 -11.030691469113558 -23.4
      vertex -17.09666542192135 -11.063630280245164 -23.4
    endloop
  endfacet
  facet normal 0 0 1
    outer loop
      vertex -22.586501659085673 -23.055530603866675 -23.4
      vertex -16.7002320102991 -10.984774771830986 -23.4
      vertex -16.897157985081286 -11.030691469113558 -23.4
    endloop
  endfacet
  facet normal 0 0 1
    outer loop
      vertex -22.586501659085673 -23.055530603866675 -23.4
      vertex -16.50673076483142 -10.926076810744478 -23.4
      vertex -16.7002320102991 -10.984774771830986 -23.4
    endloop
  endfacet
  facet normal 0 0 1
    outer loop
      vertex -22.586501659085673 -23.055530603866675 -23.4
      vertex -16.317482850718207 -10.854848939534875 -23.4
      vertex -16.50673076483142 -10.926076810744478 -23.4
    endloop
  endfacet
  facet normal 0 0 1
    outer loop
      vertex -22.586501659085673 -23.055530603866675 -23.4
      vertex -16.133298656581548 -10.771396166881802 -23.4
      vertex -16.317482850718207 -10.854848939534875 -23.4
    endloop
  endfacet
  facet normal 0 0 1
    outer loop
      vertex -22.586501659085673 -23.055530603866675 -23.4
      vertex -15.95496688741722 -10.676075850369662 -23.4
      vertex -16.133298656581548 -10.771396166881802 -23.4
    endloop
  endfacet
  facet normal 0 0 1
    outer loop
      vertex -22.797918471982868 -22.797918471982868 -23.4
      vertex -20.563630280245164 -8.403334578078649 -23.4
      vertex -20.583450156179683 -8.202100000654204 -23.4
    endloop
  endfacet
  facet normal 0 0 1
    outer loop
      vertex -22.797918471982868 -22.797918471982868 -23.4
      vertex -20.583450156179683 -8.202100000654204 -23.4
      vertex -20.59006622516556 -8 -23.4
    endloop
  endfacet
  facet normal 0 0 1
    outer loop
      vertex -22.797918471982868 -22.797918471982868 -23.4
      vertex -20.59006622516556 -8 -23.4
      vertex -20.583450156179683 -7.7978999993457965 -23.4
    endloop
  endfacet
  facet normal 0 0 1
    outer loop
      vertex -22.797918471982868 -22.797918471982868 -23.4
      vertex -20.583450156179683 -7.7978999993457965 -23.4
      vertex -20.563630280245164 -7.596665421921351 -23.4
    endloop
  endfacet
  facet normal 0 0 1
    outer loop
      vertex -20 -3.669872984290123 -23.4
      vertex -22.797918471982868 -22.797918471982868 -23.4
      vertex -20.563630280245164 -7.596665421921351 -23.4
    endloop
  endfacet
  facet normal 0 0 1
    outer loop
      vertex -22.586501659085673 -23.055530603866675 -23.4
      vertex -15.783251187238767 -10.569296166227598 -23.4
      vertex -15.95496688741722 -10.676075850369662 -23.4
    endloop
  endfacet
  facet normal 0 0 1
    outer loop
      vertex -22.586501659085673 -23.055530603866675 -23.4
      vertex -15.61888686903663 -10.451514361456226 -23.4
      vertex -15.783251187238767 -10.569296166227598 -23.4
    endloop
  endfacet
  facet normal 0 0 1
    outer loop
      vertex -22.586501659085673 -23.055530603866675 -23.4
      vertex -15.46257776605502 -10.323234795825767 -23.4
      vertex -15.61888686903663 -10.451514361456226 -23.4
    endloop
  endfacet
  facet normal 0 0 1
    outer loop
      vertex -22.586501659085673 -23.055530603866675 -23.4
      vertex -15.314993217869915 -10.185006782130085 -23.4
      vertex -15.46257776605502 -10.323234795825767 -23.4
    endloop
  endfacet
  facet normal 0 0 1
    outer loop
      vertex -22.586501659085673 -23.055530603866675 -23.4
      vertex -15.176765204174233 -10.03742223394498 -23.4
      vertex -15.314993217869915 -10.185006782130085 -23.4
    endloop
  endfacet
  facet normal 0 0 1
    outer loop
      vertex -22.586501659085673 -23.055530603866675 -23.4
      vertex -15.048485638543774 -9.88111313096337 -23.4
      vertex -15.176765204174233 -10.03742223394498 -23.4
    endloop
  endfacet
  facet normal 0 0 1
    outer loop
      vertex -22.586501659085673 -23.055530603866675 -23.4
      vertex -14.930703833772402 -9.716748812761233 -23.4
      vertex -15.048485638543774 -9.88111313096337 -23.4
    endloop
  endfacet
  facet normal 0 0 1
    outer loop
      vertex -22.586501659085673 -23.055530603866675 -23.4
      vertex -14.823924149630338 -9.54503311258278 -23.4
      vertex -14.930703833772402 -9.716748812761233 -23.4
    endloop
  endfacet
  facet normal 0 0 1
    outer loop
      vertex -2.250076257122131 6.62851090646574 -23.4
      vertex -22.47531633939443 -24.751890773372303 -23.4
      vertex -22.527756813566455 -24.85 -23.4
    endloop
  endfacet
  facet normal 0 0 1
    outer loop
      vertex -2.250076257122131 6.62851090646574 -23.4
      vertex -22.429404794730814 -24.650561835020653 -23.4
      vertex -22.47531633939443 -24.751890773372303 -23.4
    endloop
  endfacet
  facet normal 0 0 1
    outer loop
      vertex -2.250076257122131 6.62851090646574 -23.4
      vertex -22.39021877985832 -24.546447091015374 -23.4
      vertex -22.429404794730814 -24.650561835020653 -23.4
    endloop
  endfacet
  facet normal 0 0 1
    outer loop
      vertex -2.250076257122131 6.62851090646574 -23.4
      vertex -22.357926095308585 -24.439992376674287 -23.4
      vertex -22.39021877985832 -24.546447091015374 -23.4
    endloop
  endfacet
  facet normal 0 0 1
    outer loop
      vertex -2.6787840265556286 6.467156727579007 -23.4
      vertex -22.31454373566452 -24.221894526774086 -23.4
      vertex -22.332665023314508 -24.33165354742742 -23.4
    endloop
  endfacet
  facet normal 0 0 1
    outer loop
      vertex -2.6787840265556286 6.467156727579007 -23.4
      vertex -22.303639830494376 -24.111185319691245 -23.4
      vertex -22.31454373566452 -24.221894526774086 -23.4
    endloop
  endfacet
  facet normal 0 0 1
    outer loop
      vertex -2.250076257122131 6.62851090646574 -23.4
      vertex -22.332665023314508 -24.33165354742742 -23.4
      vertex -22.357926095308585 -24.439992376674287 -23.4
    endloop
  endfacet
  facet normal 0 0 1
    outer loop
      vertex -2.6787840265556286 6.467156727579007 -23.4
      vertex -22.3 -24 -23.4
      vertex -22.303639830494376 -24.111185319691245 -23.4
    endloop
  endfacet
  facet normal 0 0 1
    outer loop
      vertex -3.096020831533009 6.278109190728818 -23.4
      vertex -22.332665023314508 -23.66834645257258 -23.4
      vertex -22.31454373566452 -23.778105473225914 -23.4
    endloop
  endfacet
  facet normal 0 0 1
    outer loop
      vertex -3.096020831533009 6.278109190728818 -23.4
      vertex -22.357926095308585 -23.560007623325713 -23.4
      vertex -22.332665023314508 -23.66834645257258 -23.4
    endloop
  endfacet
  facet normal 0 0 1
    outer loop
      vertex -3.096020831533009 6.278109190728818 -23.4
      vertex -22.39021877985832 -23.453552908984626 -23.4
      vertex -22.357926095308585 -23.560007623325713 -23.4
    endloop
  endfacet
  facet normal 0 0 1
    outer loop
      vertex -3.5 6.06217782649107 -23.4
      vertex -22.47531633939443 -23.248109226627697 -23.4
      vertex -22.429404794730814 -23.349438164979347 -23.4
    endloop
  endfacet
  facet normal 0 0 1
    outer loop
      vertex -3.5 6.06217782649107 -23.4
      vertex -22.527756813566455 -23.15 -23.4
      vertex -22.47531633939443 -23.248109226627697 -23.4
    endloop
  endfacet
  facet normal 0 0 1
    outer loop
      vertex -3.5 6.06217782649107 -23.4
      vertex -22.586501659085673 -23.055530603866675 -23.4
      vertex -22.527756813566455 -23.15 -23.4
    endloop
  endfacet
  facet normal 0 0 1
    outer loop
      vertex -3.096020831533009 6.278109190728818 -23.4
      vertex -22.429404794730814 -23.349438164979347 -23.4
      vertex -22.39021877985832 -23.453552908984626 -23.4
    endloop
  endfacet
  facet normal 0 0 1
    outer loop
      vertex -2.6787840265556286 6.467156727579007 -23.4
      vertex -22.303639830494376 -23.888814680308755 -23.4
      vertex -22.3 -24 -23.4
    endloop
  endfacet
  facet normal 0 0 1
    outer loop
      vertex -2.6787840265556286 6.467156727579007 -23.4
      vertex -22.31454373566452 -23.778105473225914 -23.4
      vertex -22.303639830494376 -23.888814680308755 -23.4
    endloop
  endfacet
  facet normal 0 0 1
    outer loop
      vertex -24 -29 -23.4
      vertex 24 -29 -23.4
      vertex -2.2114434510950067 -4.484363707663441 -23.4
    endloop
  endfacet
  facet normal 0 0 1
    outer loop
      vertex -24 -29 -23.4
      vertex -4.330127018922193 -2.5 -23.4
      vertex -4.484363707663441 -2.2114434510950067 -23.4
    endloop
  endfacet
  facet normal 0 0 1
    outer loop
      vertex -24 -29 -23.4
      vertex -4.484363707663441 -2.2114434510950067 -23.4
      vertex -4.619397662556434 -1.913417161825449 -23.4
    endloop
  endfacet
  facet normal 0 0 1
    outer loop
      vertex -24 -29 -23.4
      vertex -3.043807145043603 -3.9667667014561756 -23.4
      vertex -3.296729075500344 -3.7591990373948874 -23.4
    endloop
  endfacet
  facet normal 0 0 1
    outer loop
      vertex -24 -29 -23.4
      vertex -2.5 -4.330127018922193 -23.4
      vertex -2.777851165098011 -4.157348061512726 -23.4
    endloop
  endfacet
  facet normal 0 0 1
    outer loop
      vertex -24 -29 -23.4
      vertex -2.2114434510950067 -4.484363707663441 -23.4
      vertex -2.5 -4.330127018922193 -23.4
    endloop
  endfacet
  facet normal 0 0 1
    outer loop
      vertex -24 -29 -23.4
      vertex -2.777851165098011 -4.157348061512726 -23.4
      vertex -3.043807145043603 -3.9667667014561756 -23.4
    endloop
  endfacet
  facet normal 0 0 1
    outer loop
      vertex -24 -29 -23.4
      vertex -3.5355339059327378 -3.5355339059327378 -23.4
      vertex -3.7591990373948874 -3.296729075500344 -23.4
    endloop
  endfacet
  facet normal 0 0 1
    outer loop
      vertex -24 -29 -23.4
      vertex -3.9667667014561756 -3.043807145043603 -23.4
      vertex -4.157348061512726 -2.777851165098011 -23.4
    endloop
  endfacet
  facet normal 0 0 1
    outer loop
      vertex -24 -29 -23.4
      vertex -3.7591990373948874 -3.296729075500344 -23.4
      vertex -3.9667667014561756 -3.043807145043603 -23.4
    endloop
  endfacet
  facet normal 0 0 1
    outer loop
      vertex -24 -29 -23.4
      vertex -3.296729075500344 -3.7591990373948874 -23.4
      vertex -3.5355339059327378 -3.5355339059327378 -23.4
    endloop
  endfacet
  facet normal 0 0 1
    outer loop
      vertex -24 -29 -23.4
      vertex -4.157348061512726 -2.777851165098011 -23.4
      vertex -4.330127018922193 -2.5 -23.4
    endloop
  endfacet
  facet normal 0 0 -1
    outer loop
      vertex -20.54380714148283 -4.0332332998514175 -26.4
      vertex -20.277851164340973 -3.842651940882206 -26.4
      vertex -25.472243186433545 -23.15 -26.4
    endloop
  endfacet
  facet normal 0 0 -1
    outer loop
      vertex -20.277851164340973 -3.842651940882206 -26.4
      vertex -20 -3.669872984290123 -26.4
      vertex -25.034894429314825 -22.6512993215049 -26.4
    endloop
  endfacet
  facet normal 0 0 -1
    outer loop
      vertex -20 -3.669872984290123 -26.4
      vertex -19.096574277181766 -7.895354993231771 -26.4
      vertex -19.1 -8 -26.4
    endloop
  endfacet
  facet normal 0 0 -1
    outer loop
      vertex -20 -3.669872984290123 -26.4
      vertex -19.086311778198098 -7.791158092447917 -26.4
      vertex -19.096574277181766 -7.895354993231771 -26.4
    endloop
  endfacet
  facet normal 0 0 -1
    outer loop
      vertex -20 -3.669872984290123 -26.4
      vertex -19.06925644864517 -7.687855484774195 -26.4
      vertex -19.086311778198098 -7.791158092447917 -26.4
    endloop
  endfacet
  facet normal 0 0 -1
    outer loop
      vertex -20 -3.669872984290123 -26.4
      vertex -19.04548132206251 -7.585889527835967 -26.4
      vertex -19.06925644864517 -7.687855484774195 -26.4
    endloop
  endfacet
  facet normal 0 0 -1
    outer loop
      vertex -20 -3.669872984290123 -26.4
      vertex -19.015088207192168 -7.4856968555149415 -26.4
      vertex -19.04548132206251 -7.585889527835967 -26.4
    endloop
  endfacet
  facet normal 0 0 -1
    outer loop
      vertex -20 -3.669872984290123 -26.4
      vertex -18.97820725201806 -7.387706508215857 -26.4
      vertex -19.015088207192168 -7.4856968555149415 -26.4
    endloop
  endfacet
  facet normal 0 0 -1
    outer loop
      vertex -20 -3.669872984290123 -26.4
      vertex -18.9349963864523 -7.292338095649598 -26.4
      vertex -18.97820725201806 -7.387706508215857 -26.4
    endloop
  endfacet
  facet normal 0 0 -1
    outer loop
      vertex -20 -3.669872984290123 -26.4
      vertex -18.8856406460551 -7.2 -26.4
      vertex -18.9349963864523 -7.292338095649598 -26.4
    endloop
  endfacet
  facet normal 0 0 -1
    outer loop
      vertex -20 -3.669872984290123 -26.4
      vertex -18.83035137968407 -7.1110876271686365 -26.4
      vertex -18.8856406460551 -7.2 -26.4
    endloop
  endfacet
  facet normal 0 0 -1
    outer loop
      vertex -20 -3.669872984290123 -26.4
      vertex -18.769365344465974 -7.025981713586047 -26.4
      vertex -18.83035137968407 -7.1110876271686365 -26.4
    endloop
  endfacet
  facet normal 0 0 -1
    outer loop
      vertex -20 -3.669872984290123 -26.4
      vertex -18.702943691966365 -6.94504669583989 -26.4
      vertex -18.769365344465974 -7.025981713586047 -26.4
    endloop
  endfacet
  facet normal 0 0 -1
    outer loop
      vertex -20 -3.669872984290123 -26.4
      vertex -18.631370849898477 -6.8686291501015235 -26.4
      vertex -18.702943691966365 -6.94504669583989 -26.4
    endloop
  endfacet
  facet normal 0 0 -1
    outer loop
      vertex -20 -3.669872984290123 -26.4
      vertex -18.55495330416011 -6.7970563080336355 -26.4
      vertex -18.631370849898477 -6.8686291501015235 -26.4
    endloop
  endfacet
  facet normal 0 0 -1
    outer loop
      vertex -20 -3.669872984290123 -26.4
      vertex -18.47401828641395 -6.730634655534024 -26.4
      vertex -18.55495330416011 -6.7970563080336355 -26.4
    endloop
  endfacet
  facet normal 0 0 -1
    outer loop
      vertex -20 -3.669872984290123 -26.4
      vertex -18.388912372831363 -6.669648620315927 -26.4
      vertex -18.47401828641395 -6.730634655534024 -26.4
    endloop
  endfacet
  facet normal 0 0 -1
    outer loop
      vertex -20 -3.669872984290123 -26.4
      vertex -18.3 -6.614359353944899 -26.4
      vertex -18.388912372831363 -6.669648620315927 -26.4
    endloop
  endfacet
  facet normal 0 0 -1
    outer loop
      vertex -20 -3.669872984290123 -26.4
      vertex -18.207661904350402 -6.565003613547699 -26.4
      vertex -18.3 -6.614359353944899 -26.4
    endloop
  endfacet
  facet normal 0 0 -1
    outer loop
      vertex -20 -3.669872984290123 -26.4
      vertex -18.112293491784143 -6.521792747981941 -26.4
      vertex -18.207661904350402 -6.565003613547699 -26.4
    endloop
  endfacet
  facet normal -0.9108638239525163 0.4127070319422718 0
    outer loop
      vertex -22.119397662580013 -6.086582839488983 -26.4
      vertex -21.984363704919815 -5.788556545972824 -23.4
      vertex -21.984363704919815 -5.788556545972824 -26.4
    endloop
  endfacet
  facet normal -0.881921261761417 0.471396741665818 0
    outer loop
      vertex -21.984363704919815 -5.788556545972824 -26.4
      vertex -21.830127015709877 -5.5 -23.4
      vertex -21.830127015709877 -5.5 -26.4
    endloop
  endfacet
  facet normal -0.8492021820016544 0.5280678498863844 0
    outer loop
      vertex -21.830127015709877 -5.5 -26.4
      vertex -21.657348059117794 -5.222148835659027 -23.4
      vertex -21.657348059117794 -5.222148835659027 -26.4
    endloop
  endfacet
  facet normal -0.81284668325773 0.5824776987292368 0
    outer loop
      vertex -21.657348059117794 -5.222148835659027 -26.4
      vertex -21.466766700148582 -4.95619285851717 -23.4
      vertex -21.466766700148582 -4.95619285851717 -26.4
    endloop
  endfacet
  facet normal -0.7730104576675324 0.6343932789182372 0
    outer loop
      vertex -21.466766700148582 -4.95619285851717 -26.4
      vertex -21.259199038147926 -4.703270927071571 -23.4
      vertex -21.259199038147926 -4.703270927071571 -26.4
    endloop
  endfacet
  facet normal -0.7298640725548274 0.6835923021755597 0
    outer loop
      vertex -21.259199038147926 -4.703270927071571 -26.4
      vertex -21.035533905029297 -4.464466094970703 -23.4
      vertex -21.035533905029297 -4.464466094970703 -26.4
    endloop
  endfacet
  facet normal -0.6835923021755597 0.7298640725548274 0
    outer loop
      vertex -21.035533905029297 -4.464466094970703 -26.4
      vertex -20.79672907292843 -4.240800961852074 -23.4
      vertex -20.79672907292843 -4.240800961852074 -26.4
    endloop
  endfacet
  facet normal -0.6343932789182372 0.7730104576675324 0
    outer loop
      vertex -20.79672907292843 -4.240800961852074 -26.4
      vertex -20.54380714148283 -4.0332332998514175 -23.4
      vertex -20.54380714148283 -4.0332332998514175 -26.4
    endloop
  endfacet
  facet normal -0.5824776987292368 0.81284668325773 0
    outer loop
      vertex -20.54380714148283 -4.0332332998514175 -26.4
      vertex -20.277851164340973 -3.842651940882206 -23.4
      vertex -20.277851164340973 -3.842651940882206 -26.4
    endloop
  endfacet
  facet normal -0.5280678498863844 0.8492021820016544 0
    outer loop
      vertex -20.277851164340973 -3.842651940882206 -26.4
      vertex -20 -3.669872984290123 -23.4
      vertex -20 -3.669872984290123 -26.4
    endloop
  endfacet
  facet normal 0 0 -1
    outer loop
      vertex -24 -29 -26.4
      vertex -4.7346506474755286 -1.607197326515808 -26.4
      vertex -4.619397662556434 -1.913417161825449 -26.4
    endloop
  endfacet
  facet normal 0 0 -1
    outer loop
      vertex -24 -29 -26.4
      vertex -4.8296291314453415 -1.2940952255126037 -26.4
      vertex -4.7346506474755286 -1.607197326515808 -26.4
    endloop
  endfacet
  facet normal 0 0 -1
    outer loop
      vertex -24 -29 -26.4
      vertex -4.903926402016152 -0.9754516100806412 -26.4
      vertex -4.8296291314453415 -1.2940952255126037 -26.4
    endloop
  endfacet
  facet normal 0 0 -1
    outer loop
      vertex -24 -29 -26.4
      vertex -4.957224306869052 -0.6526309611002579 -26.4
      vertex -4.903926402016152 -0.9754516100806412 -26.4
    endloop
  endfacet
  facet normal 0 0 -1
    outer loop
      vertex -24 -29 -26.4
      vertex -4.989294616193018 -0.3270156461507153 -26.4
      vertex -4.957224306869052 -0.6526309611002579 -26.4
    endloop
  endfacet
  facet normal 0 0 -1
    outer loop
      vertex -24 -29 -26.4
      vertex -5 0 -26.4
      vertex -4.989294616193018 -0.3270156461507153 -26.4
    endloop
  endfacet
  facet normal 0 0 -1
    outer loop
      vertex -24 -29 -26.4
      vertex -4.989294616193018 0.3270156461507153 -26.4
      vertex -5 0 -26.4
    endloop
  endfacet
  facet normal 0 0 -1
    outer loop
      vertex -24 -29 -26.4
      vertex -4.957224306869052 0.6526309611002579 -26.4
      vertex -4.989294616193018 0.3270156461507153 -26.4
    endloop
  endfacet
  facet normal 0 0 -1
    outer loop
      vertex -24.32701564580202 -28.98929461836815 -26.4
      vertex -4.903926402016152 0.9754516100806412 -26.4
      vertex -4.957224306869052 0.6526309611002579 -26.4
    endloop
  endfacet
  facet normal 0 0 -1
    outer loop
      vertex -24.32701564580202 -28.98929461836815 -26.4
      vertex -4.8296291314453415 1.2940952255126037 -26.4
      vertex -4.903926402016152 0.9754516100806412 -26.4
    endloop
  endfacet
  facet normal 0 0 -1
    outer loop
      vertex -3.5 6.06217782649107 -26.4
      vertex -22.6512993215049 -22.965105570685175 -26.4
      vertex -16.297056308033635 -9.05495330416011 -26.4
    endloop
  endfacet
  facet normal 0 0 -1
    outer loop
      vertex -24.65263096243143 -28.957224309444427 -26.4
      vertex -4.619397662556434 1.913417161825449 -26.4
      vertex -4.7346506474755286 1.607197326515808 -26.4
    endloop
  endfacet
  facet normal 0 0 -1
    outer loop
      vertex -24.32701564580202 -28.98929461836815 -26.4
      vertex -4.7346506474755286 1.607197326515808 -26.4
      vertex -4.8296291314453415 1.2940952255126037 -26.4
    endloop
  endfacet
  facet normal 0 0 -1
    outer loop
      vertex -24.65263096243143 -28.957224309444427 -26.4
      vertex -4.484363707663441 2.2114434510950067 -26.4
      vertex -4.619397662556434 1.913417161825449 -26.4
    endloop
  endfacet
  facet normal 0 0 -1
    outer loop
      vertex -24.65263096243143 -28.957224309444427 -26.4
      vertex -4.330127018922193 2.5 -26.4
      vertex -4.484363707663441 2.2114434510950067 -26.4
    endloop
  endfacet
  facet normal 0 0 -1
    outer loop
      vertex -24.65263096243143 -28.957224309444427 -26.4
      vertex -4.157348061512726 2.777851165098011 -26.4
      vertex -4.330127018922193 2.5 -26.4
    endloop
  endfacet
  facet normal 0 0 -1
    outer loop
      vertex -3.5 6.06217782649107 -26.4
      vertex -18.01430314448506 -6.48491179280783 -26.4
      vertex -18.112293491784143 -6.521792747981941 -26.4
    endloop
  endfacet
  facet normal 0 0 -1
    outer loop
      vertex -3.5 6.06217782649107 -26.4
      vertex -17.914110472164033 -6.45451867793749 -26.4
      vertex -18.01430314448506 -6.48491179280783 -26.4
    endloop
  endfacet
  facet normal 0 0 -1
    outer loop
      vertex -3.5 6.06217782649107 -26.4
      vertex -17.812144515225807 -6.430743551354832 -26.4
      vertex -17.914110472164033 -6.45451867793749 -26.4
    endloop
  endfacet
  facet normal 0 0 -1
    outer loop
      vertex -3.5 6.06217782649107 -26.4
      vertex -17.70884190755208 -6.413688221801904 -26.4
      vertex -17.812144515225807 -6.430743551354832 -26.4
    endloop
  endfacet
  facet normal 0 0 -1
    outer loop
      vertex -3.5 6.06217782649107 -26.4
      vertex -17.60464500676823 -6.403425722818234 -26.4
      vertex -17.70884190755208 -6.413688221801904 -26.4
    endloop
  endfacet
  facet normal 0 0 -1
    outer loop
      vertex -3.5 6.06217782649107 -26.4
      vertex -17.5 -6.4 -26.4
      vertex -17.60464500676823 -6.403425722818234 -26.4
    endloop
  endfacet
  facet normal 0 0 -1
    outer loop
      vertex -3.5 6.06217782649107 -26.4
      vertex -17.39535499323177 -6.403425722818234 -26.4
      vertex -17.5 -6.4 -26.4
    endloop
  endfacet
  facet normal 0 0 -1
    outer loop
      vertex -3.5 6.06217782649107 -26.4
      vertex -17.29115809244792 -6.413688221801904 -26.4
      vertex -17.39535499323177 -6.403425722818234 -26.4
    endloop
  endfacet
  facet normal 0 0 -1
    outer loop
      vertex -3.5 6.06217782649107 -26.4
      vertex -16.297056308033635 -9.05495330416011 -26.4
      vertex -16.230634655534026 -8.974018286413953 -26.4
    endloop
  endfacet
  facet normal 0 0 -1
    outer loop
      vertex -3.5 6.06217782649107 -26.4
      vertex -16.230634655534026 -8.974018286413953 -26.4
      vertex -16.16964862031593 -8.888912372831363 -26.4
    endloop
  endfacet
  facet normal 0 0 -1
    outer loop
      vertex -3.5 6.06217782649107 -26.4
      vertex -16.16964862031593 -8.888912372831363 -26.4
      vertex -16.1143593539449 -8.8 -26.4
    endloop
  endfacet
  facet normal 0 0 -1
    outer loop
      vertex -3.5 6.06217782649107 -26.4
      vertex -16.1143593539449 -8.8 -26.4
      vertex -16.0650036135477 -8.707661904350402 -26.4
    endloop
  endfacet
  facet normal 0 0 -1
    outer loop
      vertex -3.5 6.06217782649107 -26.4
      vertex -16.0650036135477 -8.707661904350402 -26.4
      vertex -16.02179274798194 -8.612293491784143 -26.4
    endloop
  endfacet
  facet normal 0 0 -1
    outer loop
      vertex -3.5 6.06217782649107 -26.4
      vertex -16.02179274798194 -8.612293491784143 -26.4
      vertex -15.98491179280783 -8.514303144485059 -26.4
    endloop
  endfacet
  facet normal 0 0 -1
    outer loop
      vertex -3.5 6.06217782649107 -26.4
      vertex -15.98491179280783 -8.514303144485059 -26.4
      vertex -15.954518677937491 -8.414110472164033 -26.4
    endloop
  endfacet
  facet normal 0 0 -1
    outer loop
      vertex -3.5 6.06217782649107 -26.4
      vertex -15.954518677937491 -8.414110472164033 -26.4
      vertex -15.930743551354832 -8.312144515225805 -26.4
    endloop
  endfacet
  facet normal 0 0 -1
    outer loop
      vertex -3.5 6.06217782649107 -26.4
      vertex -15.930743551354832 -8.312144515225805 -26.4
      vertex -15.913688221801904 -8.208841907552083 -26.4
    endloop
  endfacet
  facet normal 0 0 -1
    outer loop
      vertex -3.5 6.06217782649107 -26.4
      vertex -15.913688221801904 -7.791158092447917 -26.4
      vertex -15.930743551354832 -7.687855484774195 -26.4
    endloop
  endfacet
  facet normal 0 0 -1
    outer loop
      vertex -3.5 6.06217782649107 -26.4
      vertex -15.913688221801904 -8.208841907552083 -26.4
      vertex -15.903425722818234 -8.104645006768228 -26.4
    endloop
  endfacet
  facet normal 0 0 -1
    outer loop
      vertex -3.5 6.06217782649107 -26.4
      vertex -15.903425722818234 -8.104645006768228 -26.4
      vertex -15.9 -8 -26.4
    endloop
  endfacet
  facet normal 0 0 -1
    outer loop
      vertex -3.5 6.06217782649107 -26.4
      vertex -15.9 -8 -26.4
      vertex -15.903425722818234 -7.895354993231771 -26.4
    endloop
  endfacet
  facet normal 0 0 -1
    outer loop
      vertex -3.5 6.06217782649107 -26.4
      vertex -15.903425722818234 -7.895354993231771 -26.4
      vertex -15.913688221801904 -7.791158092447917 -26.4
    endloop
  endfacet
  facet normal 0 0 -1
    outer loop
      vertex -3.5 6.06217782649107 -26.4
      vertex -15.930743551354832 -7.687855484774195 -26.4
      vertex -15.954518677937491 -7.585889527835967 -26.4
    endloop
  endfacet
  facet normal 0 0 -1
    outer loop
      vertex -3.5 6.06217782649107 -26.4
      vertex -15.954518677937491 -7.585889527835967 -26.4
      vertex -15.98491179280783 -7.4856968555149415 -26.4
    endloop
  endfacet
  facet normal 0 0 -1
    outer loop
      vertex -3.5 6.06217782649107 -26.4
      vertex -15.98491179280783 -7.4856968555149415 -26.4
      vertex -16.02179274798194 -7.387706508215857 -26.4
    endloop
  endfacet
  facet normal 0 0 -1
    outer loop
      vertex -3.5 6.06217782649107 -26.4
      vertex -16.02179274798194 -7.387706508215857 -26.4
      vertex -16.0650036135477 -7.292338095649598 -26.4
    endloop
  endfacet
  facet normal 0 0 -1
    outer loop
      vertex -3.5 6.06217782649107 -26.4
      vertex -16.230634655534026 -7.025981713586047 -26.4
      vertex -16.297056308033635 -6.94504669583989 -26.4
    endloop
  endfacet
  facet normal 0 0 -1
    outer loop
      vertex -3.5 6.06217782649107 -26.4
      vertex -16.297056308033635 -6.94504669583989 -26.4
      vertex -16.368629150101523 -6.8686291501015235 -26.4
    endloop
  endfacet
  facet normal 0 0 -1
    outer loop
      vertex -3.5 6.06217782649107 -26.4
      vertex -16.1143593539449 -7.2 -26.4
      vertex -16.16964862031593 -7.1110876271686365 -26.4
    endloop
  endfacet
  facet normal 0 0 -1
    outer loop
      vertex -3.5 6.06217782649107 -26.4
      vertex -16.0650036135477 -7.292338095649598 -26.4
      vertex -16.1143593539449 -7.2 -26.4
    endloop
  endfacet
  facet normal 0 0 -1
    outer loop
      vertex -3.5 6.06217782649107 -26.4
      vertex -16.16964862031593 -7.1110876271686365 -26.4
      vertex -16.230634655534026 -7.025981713586047 -26.4
    endloop
  endfacet
  facet normal 0 0 -1
    outer loop
      vertex -3.5 6.06217782649107 -26.4
      vertex -16.98569685551494 -6.48491179280783 -26.4
      vertex -17.085889527835967 -6.45451867793749 -26.4
    endloop
  endfacet
  facet normal 0 0 -1
    outer loop
      vertex -3.5 6.06217782649107 -26.4
      vertex -16.887706508215857 -6.521792747981941 -26.4
      vertex -16.98569685551494 -6.48491179280783 -26.4
    endloop
  endfacet
  facet normal 0 0 -1
    outer loop
      vertex -3.5 6.06217782649107 -26.4
      vertex -16.792338095649598 -6.565003613547699 -26.4
      vertex -16.887706508215857 -6.521792747981941 -26.4
    endloop
  endfacet
  facet normal 0 0 -1
    outer loop
      vertex -3.5 6.06217782649107 -26.4
      vertex -16.7 -6.614359353944899 -26.4
      vertex -16.792338095649598 -6.565003613547699 -26.4
    endloop
  endfacet
  facet normal 0 0 -1
    outer loop
      vertex -3.5 6.06217782649107 -26.4
      vertex -16.611087627168637 -6.669648620315927 -26.4
      vertex -16.7 -6.614359353944899 -26.4
    endloop
  endfacet
  facet normal 0 0 -1
    outer loop
      vertex -3.5 6.06217782649107 -26.4
      vertex -17.187855484774193 -6.430743551354832 -26.4
      vertex -17.29115809244792 -6.413688221801904 -26.4
    endloop
  endfacet
  facet normal 0 0 -1
    outer loop
      vertex -3.5 6.06217782649107 -26.4
      vertex -17.085889527835967 -6.45451867793749 -26.4
      vertex -17.187855484774193 -6.430743551354832 -26.4
    endloop
  endfacet
  facet normal 0 0 -1
    outer loop
      vertex -3.5 6.06217782649107 -26.4
      vertex -16.52598171358605 -6.730634655534024 -26.4
      vertex -16.611087627168637 -6.669648620315927 -26.4
    endloop
  endfacet
  facet normal 0 0 -1
    outer loop
      vertex -3.5 6.06217782649107 -26.4
      vertex -16.44504669583989 -6.7970563080336355 -26.4
      vertex -16.52598171358605 -6.730634655534024 -26.4
    endloop
  endfacet
  facet normal 0 0 -1
    outer loop
      vertex -3.5 6.06217782649107 -26.4
      vertex -16.368629150101523 -6.8686291501015235 -26.4
      vertex -16.44504669583989 -6.7970563080336355 -26.4
    endloop
  endfacet
  facet normal 0 0 -1
    outer loop
      vertex -24.65263096243143 -28.957224309444427 -26.4
      vertex -1.8117333157176452 6.761480784023478 -26.4
      vertex -4.157348061512726 2.777851165098011 -26.4
    endloop
  endfacet
  facet normal 0 0 -1
    outer loop
      vertex -24.975451610982418 -28.9039264023304 -26.4
      vertex -2.250076257122131 6.62851090646574 -26.4
      vertex -1.8117333157176452 6.761480784023478 -26.4
    endloop
  endfacet
  facet normal 0 0 -1
    outer loop
      vertex -2.6787840265556286 6.467156727579007 -26.4
      vertex -2.250076257122131 6.62851090646574 -26.4
      vertex -22.31454373566452 -24.221894526774086 -26.4
    endloop
  endfacet
  facet normal 0 0 -1
    outer loop
      vertex -3.5 6.06217782649107 -26.4
      vertex -3.096020831533009 6.278109190728818 -26.4
      vertex -22.47531633939443 -23.248109226627697 -26.4
    endloop
  endfacet
  facet normal 0 0 -1
    outer loop
      vertex -3.096020831533009 6.278109190728818 -26.4
      vertex -2.6787840265556286 6.467156727579007 -26.4
      vertex -22.332665023314508 -23.66834645257258 -26.4
    endloop
  endfacet
  facet normal 0 0 -1
    outer loop
      vertex -20 -3.669872984290123 -26.4
      vertex -3.5 6.06217782649107 -26.4
      vertex -18.112293491784143 -6.521792747981941 -26.4
    endloop
  endfacet
  facet normal 0 0 -1
    outer loop
      vertex -1.8117333157176452 6.761480784023478 -26.4
      vertex -3.9667667014561756 3.043807145043603 -26.4
      vertex -4.157348061512726 2.777851165098011 -26.4
    endloop
  endfacet
  facet normal 0 0 -1
    outer loop
      vertex -1.8117333157176452 6.761480784023478 -26.4
      vertex -3.7591990373948874 3.296729075500344 -26.4
      vertex -3.9667667014561756 3.043807145043603 -26.4
    endloop
  endfacet
  facet normal 0 0 -1
    outer loop
      vertex -1.8117333157176452 6.761480784023478 -26.4
      vertex -3.5355339059327378 3.5355339059327378 -26.4
      vertex -3.7591990373948874 3.296729075500344 -26.4
    endloop
  endfacet
  facet normal 0 0 -1
    outer loop
      vertex -1.3656322541128978 6.865496962822613 -26.4
      vertex -3.296729075500344 3.7591990373948874 -26.4
      vertex -3.5355339059327378 3.5355339059327378 -26.4
    endloop
  endfacet
  facet normal 0 0 -1
    outer loop
      vertex -1.3656322541128978 6.865496962822613 -26.4
      vertex -3.043807145043603 3.9667667014561756 -26.4
      vertex -3.296729075500344 3.7591990373948874 -26.4
    endloop
  endfacet
  facet normal 0 0 -1
    outer loop
      vertex -1.3656322541128978 6.865496962822613 -26.4
      vertex -2.777851165098011 4.157348061512726 -26.4
      vertex -3.043807145043603 3.9667667014561756 -26.4
    endloop
  endfacet
  facet normal 0 0 -1
    outer loop
      vertex -0.913683345540361 6.940114029616673 -26.4
      vertex -2.5 4.330127018922193 -26.4
      vertex -2.777851165098011 4.157348061512726 -26.4
    endloop
  endfacet
  facet normal 0 0 -1
    outer loop
      vertex -0.913683345540361 6.940114029616673 -26.4
      vertex -2.2114434510950067 4.484363707663441 -26.4
      vertex -2.5 4.330127018922193 -26.4
    endloop
  endfacet
  facet normal 0 0 -1
    outer loop
      vertex -1.8117333157176452 6.761480784023478 -26.4
      vertex -1.3656322541128978 6.865496962822613 -26.4
      vertex -3.5355339059327378 3.5355339059327378 -26.4
    endloop
  endfacet
  facet normal 0 0 -1
    outer loop
      vertex -0.4578219046110014 6.985012462670224 -26.4
      vertex -1.913417161825449 4.619397662556434 -26.4
      vertex -2.2114434510950067 4.484363707663441 -26.4
    endloop
  endfacet
  facet normal 0 0 -1
    outer loop
      vertex -0.4578219046110014 6.985012462670224 -26.4
      vertex -1.607197326515808 4.7346506474755286 -26.4
      vertex -1.913417161825449 4.619397662556434 -26.4
    endloop
  endfacet
  facet normal 0 0 -1
    outer loop
      vertex -0.4578219046110014 6.985012462670224 -26.4
      vertex -1.2940952255126037 4.8296291314453415 -26.4
      vertex -1.607197326515808 4.7346506474755286 -26.4
    endloop
  endfacet
  facet normal 0 0 -1
    outer loop
      vertex -0.4578219046110014 6.985012462670224 -26.4
      vertex -0.9754516100806412 4.903926402016152 -26.4
      vertex -1.2940952255126037 4.8296291314453415 -26.4
    endloop
  endfacet
  facet normal 0 0 -1
    outer loop
      vertex -0.4578219046110014 6.985012462670224 -26.4
      vertex -0.6526309611002579 4.957224306869052 -26.4
      vertex -0.9754516100806412 4.903926402016152 -26.4
    endloop
  endfacet
  facet normal 0 0 -1
    outer loop
      vertex -0.4578219046110014 6.985012462670224 -26.4
      vertex -0.3270156461507153 4.989294616193018 -26.4
      vertex -0.6526309611002579 4.957224306869052 -26.4
    endloop
  endfacet
  facet normal 0 0 -1
    outer loop
      vertex -0.4578219046110014 6.985012462670224 -26.4
      vertex 0 5 -26.4
      vertex -0.3270156461507153 4.989294616193018 -26.4
    endloop
  endfacet
  facet normal 0 0 -1
    outer loop
      vertex -0.4578219046110014 6.985012462670224 -26.4
      vertex 0.3270156461507153 4.989294616193018 -26.4
      vertex 0 5 -26.4
    endloop
  endfacet
  facet normal 0 0 -1
    outer loop
      vertex -1.3656322541128978 6.865496962822613 -26.4
      vertex -0.913683345540361 6.940114029616673 -26.4
      vertex -2.777851165098011 4.157348061512726 -26.4
    endloop
  endfacet
  facet normal 0 0 -1
    outer loop
      vertex -0.913683345540361 6.940114029616673 -26.4
      vertex -0.4578219046110014 6.985012462670224 -26.4
      vertex -2.2114434510950067 4.484363707663441 -26.4
    endloop
  endfacet
  facet normal -0.5080346566179941 0.8613366285460272 1.5454961728724124e-16
    outer loop
      vertex -20 -3.669872984290123 -26.4
      vertex -3.5 6.06217782649107 -23.4
      vertex -3.5 6.06217782649107 -26.4
    endloop
  endfacet
  facet normal -0.4713967368259979 0.8819212643483548 4.9058192989457685e-18
    outer loop
      vertex -3.5 6.06217782649107 -26.4
      vertex -3.096020831533009 6.278109190728818 -23.4
      vertex -3.096020831533009 6.278109190728818 -26.4
    endloop
  endfacet
  facet normal -0.41270702980439417 0.910863824921176 -3.568334283236562e-18
    outer loop
      vertex -3.096020831533009 6.278109190728818 -26.4
      vertex -2.6787840265556286 6.467156727579007 -23.4
      vertex -2.6787840265556286 6.467156727579007 -26.4
    endloop
  endfacet
  facet normal -0.35225004792123493 0.9359059267573251 -5.039330592438251e-18
    outer loop
      vertex -2.6787840265556286 6.467156727579007 -26.4
      vertex -2.250076257122131 6.62851090646574 -23.4
      vertex -2.250076257122131 6.62851090646574 -26.4
    endloop
  endfacet
  facet normal -0.29028467725446094 0.9569403357322093 1.3979088115531018e-18
    outer loop
      vertex -2.250076257122131 6.62851090646574 -26.4
      vertex -1.8117333157176452 6.761480784023478 -23.4
      vertex -1.8117333157176452 6.761480784023478 -26.4
    endloop
  endfacet
  facet normal -0.2270762630343733 0.9738769792773336 -1.5105739176387226e-18
    outer loop
      vertex -1.8117333157176452 6.761480784023478 -26.4
      vertex -1.3656322541128978 6.865496962822613 -23.4
      vertex -1.3656322541128978 6.865496962822613 -26.4
    endloop
  endfacet
  facet normal -0.1628954733945893 0.986643332084879 -1.77641858812802e-18
    outer loop
      vertex -1.3656322541128978 6.865496962822613 -26.4
      vertex -0.913683345540361 6.940114029616673 -23.4
      vertex -0.913683345540361 6.940114029616673 -26.4
    endloop
  endfacet
  facet normal -0.09801714032955942 0.9951847266721969 -6.204814253131084e-19
    outer loop
      vertex -0.913683345540361 6.940114029616673 -26.4
      vertex -0.4578219046110014 6.985012462670224 -23.4
      vertex -0.4578219046110014 6.985012462670224 -26.4
    endloop
  endfacet
  facet normal -0.03271908282177705 0.9994645874763657 6.911461997671027e-20
    outer loop
      vertex -0.4578219046110014 6.985012462670224 -26.4
      vertex 0 7 -23.4
      vertex 0 7 -26.4
    endloop
  endfacet
  facet normal -0.9108638239525163 0.4127070319422718 0
    outer loop
      vertex -22.119397662580013 -6.086582839488983 -26.4
      vertex -22.119397662580013 -6.086582839488983 -23.4
      vertex -21.984363704919815 -5.788556545972824 -23.4
    endloop
  endfacet
  facet normal -0.881921261761417 0.471396741665818 0
    outer loop
      vertex -21.984363704919815 -5.788556545972824 -26.4
      vertex -21.984363704919815 -5.788556545972824 -23.4
      vertex -21.830127015709877 -5.5 -23.4
    endloop
  endfacet
  facet normal -0.8492021820016544 0.5280678498863844 0
    outer loop
      vertex -21.830127015709877 -5.5 -26.4
      vertex -21.830127015709877 -5.5 -23.4
      vertex -21.657348059117794 -5.222148835659027 -23.4
    endloop
  endfacet
  facet normal -0.81284668325773 0.5824776987292368 0
    outer loop
      vertex -21.657348059117794 -5.222148835659027 -26.4
      vertex -21.657348059117794 -5.222148835659027 -23.4
      vertex -21.466766700148582 -4.95619285851717 -23.4
    endloop
  endfacet
  facet normal -0.7730104576675324 0.6343932789182372 0
    outer loop
      vertex -21.466766700148582 -4.95619285851717 -26.4
      vertex -21.466766700148582 -4.95619285851717 -23.4
      vertex -21.259199038147926 -4.703270927071571 -23.4
    endloop
  endfacet
  facet normal -0.7298640725548274 0.6835923021755597 0
    outer loop
      vertex -21.259199038147926 -4.703270927071571 -26.4
      vertex -21.259199038147926 -4.703270927071571 -23.4
      vertex -21.035533905029297 -4.464466094970703 -23.4
    endloop
  endfacet
  facet normal -0.6835923021755597 0.7298640725548274 0
    outer loop
      vertex -21.035533905029297 -4.464466094970703 -26.4
      vertex -21.035533905029297 -4.464466094970703 -23.4
      vertex -20.79672907292843 -4.240800961852074 -23.4
    endloop
  endfacet
  facet normal -0.6343932789182372 0.7730104576675324 0
    outer loop
      vertex -20.79672907292843 -4.240800961852074 -26.4
      vertex -20.79672907292843 -4.240800961852074 -23.4
      vertex -20.54380714148283 -4.0332332998514175 -23.4
    endloop
  endfacet
  facet normal -0.5824776987292368 0.81284668325773 0
    outer loop
      vertex -20.54380714148283 -4.0332332998514175 -26.4
      vertex -20.54380714148283 -4.0332332998514175 -23.4
      vertex -20.277851164340973 -3.842651940882206 -23.4
    endloop
  endfacet
  facet normal -0.5280678498863844 0.8492021820016544 0
    outer loop
      vertex -20.277851164340973 -3.842651940882206 -26.4
      vertex -20.277851164340973 -3.842651940882206 -23.4
      vertex -20 -3.669872984290123 -23.4
    endloop
  endfacet
  facet normal 0 0 1
    outer loop
      vertex -20.54380714148283 -4.0332332998514175 -23.4
      vertex -25.413498340914327 -23.055530603866675 -23.4
      vertex -20.277851164340973 -3.842651940882206 -23.4
    endloop
  endfacet
  facet normal 0 0 1
    outer loop
      vertex -20.277851164340973 -3.842651940882206 -23.4
      vertex -24.944469396133325 -22.586501659085673 -23.4
      vertex -20 -3.669872984290123 -23.4
    endloop
  endfacet
  facet normal 0 0 1
    outer loop
      vertex -20 -3.669872984290123 -23.4
      vertex -20.563630280245164 -7.596665421921351 -23.4
      vertex -20.530691469113556 -7.3971579850812885 -23.4
    endloop
  endfacet
  facet normal 0 0 1
    outer loop
      vertex -20 -3.669872984290123 -23.4
      vertex -20.530691469113556 -7.3971579850812885 -23.4
      vertex -20.48477477183099 -7.200232010299098 -23.4
    endloop
  endfacet
  facet normal 0 0 1
    outer loop
      vertex -20 -3.669872984290123 -23.4
      vertex -20.48477477183099 -7.200232010299098 -23.4
      vertex -20.426076810744476 -7.006730764831423 -23.4
    endloop
  endfacet
  facet normal 0 0 1
    outer loop
      vertex -20 -3.669872984290123 -23.4
      vertex -20.426076810744476 -7.006730764831423 -23.4
      vertex -20.354848939534875 -6.817482850718206 -23.4
    endloop
  endfacet
  facet normal 0 0 1
    outer loop
      vertex -20 -3.669872984290123 -23.4
      vertex -20.354848939534875 -6.817482850718206 -23.4
      vertex -20.2713961668818 -6.633298656581551 -23.4
    endloop
  endfacet
  facet normal 0 0 1
    outer loop
      vertex -20 -3.669872984290123 -23.4
      vertex -20.2713961668818 -6.633298656581551 -23.4
      vertex -20.17607585036966 -6.4549668874172195 -23.4
    endloop
  endfacet
  facet normal 0 0 1
    outer loop
      vertex -20 -3.669872984290123 -23.4
      vertex -20.17607585036966 -6.4549668874172195 -23.4
      vertex -20.0692961662276 -6.283251187238766 -23.4
    endloop
  endfacet
  facet normal 0 0 1
    outer loop
      vertex -20 -3.669872984290123 -23.4
      vertex -20.0692961662276 -6.283251187238766 -23.4
      vertex -19.951514361456226 -6.118886869036629 -23.4
    endloop
  endfacet
  facet normal 0 0 1
    outer loop
      vertex -20 -3.669872984290123 -23.4
      vertex -19.951514361456226 -6.118886869036629 -23.4
      vertex -19.823234795825766 -5.962577766055021 -23.4
    endloop
  endfacet
  facet normal 0 0 1
    outer loop
      vertex -20 -3.669872984290123 -23.4
      vertex -19.823234795825766 -5.962577766055021 -23.4
      vertex -19.685006782130085 -5.814993217869914 -23.4
    endloop
  endfacet
  facet normal 0 0 1
    outer loop
      vertex -20 -3.669872984290123 -23.4
      vertex -19.685006782130085 -5.814993217869914 -23.4
      vertex -19.53742223394498 -5.676765204174234 -23.4
    endloop
  endfacet
  facet normal 0 0 1
    outer loop
      vertex -20 -3.669872984290123 -23.4
      vertex -19.53742223394498 -5.676765204174234 -23.4
      vertex -19.38111313096337 -5.548485638543774 -23.4
    endloop
  endfacet
  facet normal 0 0 1
    outer loop
      vertex -20 -3.669872984290123 -23.4
      vertex -19.38111313096337 -5.548485638543774 -23.4
      vertex -19.21674881276123 -5.430703833772402 -23.4
    endloop
  endfacet
  facet normal 0 0 1
    outer loop
      vertex -20 -3.669872984290123 -23.4
      vertex -19.21674881276123 -5.430703833772402 -23.4
      vertex -19.045033112582782 -5.323924149630339 -23.4
    endloop
  endfacet
  facet normal 0 0 1
    outer loop
      vertex -20 -3.669872984290123 -23.4
      vertex -19.045033112582782 -5.323924149630339 -23.4
      vertex -18.866701343418452 -5.228603833118197 -23.4
    endloop
  endfacet
  facet normal 0 0 1
    outer loop
      vertex -20 -3.669872984290123 -23.4
      vertex -18.866701343418452 -5.228603833118197 -23.4
      vertex -18.682517149281793 -5.145151060465125 -23.4
    endloop
  endfacet
  facet normal 0 0 1
    outer loop
      vertex -20 -3.669872984290123 -23.4
      vertex -18.682517149281793 -5.145151060465125 -23.4
      vertex -18.49326923516858 -5.073923189255522 -23.4
    endloop
  endfacet
  facet normal 0 0 1
    outer loop
      vertex -20 -3.669872984290123 -23.4
      vertex -18.49326923516858 -5.073923189255522 -23.4
      vertex -18.2997679897009 -5.0152252281690135 -23.4
    endloop
  endfacet
  facet normal 0 0 1
    outer loop
      vertex -20 -3.669872984290123 -23.4
      vertex -18.2997679897009 -5.0152252281690135 -23.4
      vertex -18.102842014918714 -4.969308530886442 -23.4
    endloop
  endfacet
  facet normal 0 0 1
    outer loop
      vertex -20 -3.669872984290123 -23.4
      vertex -18.102842014918714 -4.969308530886442 -23.4
      vertex -17.90333457807865 -4.936369719754836 -23.4
    endloop
  endfacet
  facet normal 0 0 1
    outer loop
      vertex -20 -3.669872984290123 -23.4
      vertex -17.90333457807865 -4.936369719754836 -23.4
      vertex -17.7021000006542 -4.916549843820317 -23.4
    endloop
  endfacet
  facet normal 0 0 1
    outer loop
      vertex -20 -3.669872984290123 -23.4
      vertex -17.7021000006542 -4.916549843820317 -23.4
      vertex -17.5 -4.909933774834439 -23.4
    endloop
  endfacet
  facet normal 0 0 1
    outer loop
      vertex -20 -3.669872984290123 -23.4
      vertex -17.5 -4.909933774834439 -23.4
      vertex -17.2978999993458 -4.916549843820317 -23.4
    endloop
  endfacet
  facet normal 0 0 1
    outer loop
      vertex -20 -3.669872984290123 -23.4
      vertex -17.2978999993458 -4.916549843820317 -23.4
      vertex -17.09666542192135 -4.936369719754836 -23.4
    endloop
  endfacet
  facet normal 0 0 1
    outer loop
      vertex -3.5 6.06217782649107 -23.4
      vertex -14.823924149630338 -9.54503311258278 -23.4
      vertex -22.586501659085673 -23.055530603866675 -23.4
    endloop
  endfacet
  facet normal 0 0 1
    outer loop
      vertex -24 -29 -23.4
      vertex -4.619397662556434 -1.913417161825449 -23.4
      vertex -4.7346506474755286 -1.607197326515808 -23.4
    endloop
  endfacet
  facet normal 0 0 1
    outer loop
      vertex -24 -29 -23.4
      vertex -4.7346506474755286 -1.607197326515808 -23.4
      vertex -4.8296291314453415 -1.2940952255126037 -23.4
    endloop
  endfacet
  facet normal 0 0 1
    outer loop
      vertex -24 -29 -23.4
      vertex -4.8296291314453415 -1.2940952255126037 -23.4
      vertex -4.903926402016152 -0.9754516100806412 -23.4
    endloop
  endfacet
  facet normal 0 0 1
    outer loop
      vertex -24 -29 -23.4
      vertex -4.903926402016152 -0.9754516100806412 -23.4
      vertex -4.957224306869052 -0.6526309611002579 -23.4
    endloop
  endfacet
  facet normal 0 0 1
    outer loop
      vertex -24 -29 -23.4
      vertex -4.957224306869052 -0.6526309611002579 -23.4
      vertex -4.989294616193018 -0.3270156461507153 -23.4
    endloop
  endfacet
  facet normal 0 0 1
    outer loop
      vertex -24 -29 -23.4
      vertex -4.989294616193018 -0.3270156461507153 -23.4
      vertex -5 0 -23.4
    endloop
  endfacet
  facet normal 0 0 1
    outer loop
      vertex -24 -29 -23.4
      vertex -5 0 -23.4
      vertex -4.989294616193018 0.3270156461507153 -23.4
    endloop
  endfacet
  facet normal 0 0 1
    outer loop
      vertex -24 -29 -23.4
      vertex -4.989294616193018 0.3270156461507153 -23.4
      vertex -4.957224306869052 0.6526309611002579 -23.4
    endloop
  endfacet
  facet normal 0 0 1
    outer loop
      vertex -24.32701564580202 -28.98929461836815 -23.4
      vertex -4.903926402016152 0.9754516100806412 -23.4
      vertex -4.8296291314453415 1.2940952255126037 -23.4
    endloop
  endfacet
  facet normal 0 0 1
    outer loop
      vertex -24 -29 -23.4
      vertex -4.957224306869052 0.6526309611002579 -23.4
      vertex -4.903926402016152 0.9754516100806412 -23.4
    endloop
  endfacet
  facet normal 0 0 1
    outer loop
      vertex -24.65263096243143 -28.957224309444427 -23.4
      vertex -4.7346506474755286 1.607197326515808 -23.4
      vertex -4.619397662556434 1.913417161825449 -23.4
    endloop
  endfacet
  facet normal 0 0 1
    outer loop
      vertex -24.32701564580202 -28.98929461836815 -23.4
      vertex -4.8296291314453415 1.2940952255126037 -23.4
      vertex -4.7346506474755286 1.607197326515808 -23.4
    endloop
  endfacet
  facet normal 0 0 1
    outer loop
      vertex -24.65263096243143 -28.957224309444427 -23.4
      vertex -4.619397662556434 1.913417161825449 -23.4
      vertex -4.484363707663441 2.2114434510950067 -23.4
    endloop
  endfacet
  facet normal 0 0 1
    outer loop
      vertex -24.65263096243143 -28.957224309444427 -23.4
      vertex -4.484363707663441 2.2114434510950067 -23.4
      vertex -4.330127018922193 2.5 -23.4
    endloop
  endfacet
  facet normal 0 0 1
    outer loop
      vertex -24.65263096243143 -28.957224309444427 -23.4
      vertex -4.330127018922193 2.5 -23.4
      vertex -4.157348061512726 2.777851165098011 -23.4
    endloop
  endfacet
  facet normal 0 0 1
    outer loop
      vertex -3.5 6.06217782649107 -23.4
      vertex -14.728603833118198 -9.36670134341845 -23.4
      vertex -14.823924149630338 -9.54503311258278 -23.4
    endloop
  endfacet
  facet normal 0 0 1
    outer loop
      vertex -3.5 6.06217782649107 -23.4
      vertex -14.645151060465125 -9.182517149281793 -23.4
      vertex -14.728603833118198 -9.36670134341845 -23.4
    endloop
  endfacet
  facet normal 0 0 1
    outer loop
      vertex -3.5 6.06217782649107 -23.4
      vertex -14.573923189255522 -8.993269235168576 -23.4
      vertex -14.645151060465125 -9.182517149281793 -23.4
    endloop
  endfacet
  facet normal 0 0 1
    outer loop
      vertex -3.5 6.06217782649107 -23.4
      vertex -14.645151060465125 -6.817482850718206 -23.4
      vertex -14.573923189255522 -7.006730764831423 -23.4
    endloop
  endfacet
  facet normal 0 0 1
    outer loop
      vertex -3.5 6.06217782649107 -23.4
      vertex -14.728603833118198 -6.633298656581551 -23.4
      vertex -14.645151060465125 -6.817482850718206 -23.4
    endloop
  endfacet
  facet normal 0 0 1
    outer loop
      vertex -3.5 6.06217782649107 -23.4
      vertex -14.823924149630338 -6.4549668874172195 -23.4
      vertex -14.728603833118198 -6.633298656581551 -23.4
    endloop
  endfacet
  facet normal 0 0 1
    outer loop
      vertex -3.5 6.06217782649107 -23.4
      vertex -15.176765204174233 -5.962577766055021 -23.4
      vertex -15.048485638543774 -6.118886869036629 -23.4
    endloop
  endfacet
  facet normal 0 0 1
    outer loop
      vertex -3.5 6.06217782649107 -23.4
      vertex -15.048485638543774 -6.118886869036629 -23.4
      vertex -14.930703833772402 -6.283251187238766 -23.4
    endloop
  endfacet
  facet normal 0 0 1
    outer loop
      vertex -3.5 6.06217782649107 -23.4
      vertex -14.930703833772402 -6.283251187238766 -23.4
      vertex -14.823924149630338 -6.4549668874172195 -23.4
    endloop
  endfacet
  facet normal 0 0 1
    outer loop
      vertex -24.65263096243143 -28.957224309444427 -23.4
      vertex -4.157348061512726 2.777851165098011 -23.4
      vertex -1.8117333157176452 6.761480784023478 -23.4
    endloop
  endfacet
  facet normal 0 0 1
    outer loop
      vertex -24.975451610982418 -28.9039264023304 -23.4
      vertex -1.8117333157176452 6.761480784023478 -23.4
      vertex -2.250076257122131 6.62851090646574 -23.4
    endloop
  endfacet
  facet normal 0 0 1
    outer loop
      vertex -3.5 6.06217782649107 -23.4
      vertex -14.515225228169014 -8.799767989700902 -23.4
      vertex -14.573923189255522 -8.993269235168576 -23.4
    endloop
  endfacet
  facet normal 0 0 1
    outer loop
      vertex -3.5 6.06217782649107 -23.4
      vertex -14.469308530886442 -8.60284201491871 -23.4
      vertex -14.515225228169014 -8.799767989700902 -23.4
    endloop
  endfacet
  facet normal 0 0 1
    outer loop
      vertex -3.5 6.06217782649107 -23.4
      vertex -14.436369719754836 -8.403334578078649 -23.4
      vertex -14.469308530886442 -8.60284201491871 -23.4
    endloop
  endfacet
  facet normal 0 0 1
    outer loop
      vertex -3.5 6.06217782649107 -23.4
      vertex -14.416549843820318 -8.202100000654204 -23.4
      vertex -14.436369719754836 -8.403334578078649 -23.4
    endloop
  endfacet
  facet normal 0 0 1
    outer loop
      vertex -3.5 6.06217782649107 -23.4
      vertex -14.409933774834439 -8 -23.4
      vertex -14.416549843820318 -8.202100000654204 -23.4
    endloop
  endfacet
  facet normal 0 0 1
    outer loop
      vertex -3.5 6.06217782649107 -23.4
      vertex -14.416549843820318 -7.7978999993457965 -23.4
      vertex -14.409933774834439 -8 -23.4
    endloop
  endfacet
  facet normal 0 0 1
    outer loop
      vertex -2.6787840265556286 6.467156727579007 -23.4
      vertex -22.332665023314508 -24.33165354742742 -23.4
      vertex -2.250076257122131 6.62851090646574 -23.4
    endloop
  endfacet
  facet normal 0 0 1
    outer loop
      vertex -3.5 6.06217782649107 -23.4
      vertex -22.429404794730814 -23.349438164979347 -23.4
      vertex -3.096020831533009 6.278109190728818 -23.4
    endloop
  endfacet
  facet normal 0 0 1
    outer loop
      vertex -3.096020831533009 6.278109190728818 -23.4
      vertex -22.31454373566452 -23.778105473225914 -23.4
      vertex -2.6787840265556286 6.467156727579007 -23.4
    endloop
  endfacet
  facet normal 0 0 1
    outer loop
      vertex -3.5 6.06217782649107 -23.4
      vertex -14.436369719754836 -7.596665421921351 -23.4
      vertex -14.416549843820318 -7.7978999993457965 -23.4
    endloop
  endfacet
  facet normal 0 0 1
    outer loop
      vertex -3.5 6.06217782649107 -23.4
      vertex -14.469308530886442 -7.3971579850812885 -23.4
      vertex -14.436369719754836 -7.596665421921351 -23.4
    endloop
  endfacet
  facet normal 0 0 1
    outer loop
      vertex -3.5 6.06217782649107 -23.4
      vertex -14.515225228169014 -7.200232010299098 -23.4
      vertex -14.469308530886442 -7.3971579850812885 -23.4
    endloop
  endfacet
  facet normal 0 0 1
    outer loop
      vertex -3.5 6.06217782649107 -23.4
      vertex -14.573923189255522 -7.006730764831423 -23.4
      vertex -14.515225228169014 -7.200232010299098 -23.4
    endloop
  endfacet
  facet normal -0.5080346566179941 0.8613366285460272 0
    outer loop
      vertex -20 -3.669872984290123 -26.4
      vertex -20 -3.669872984290123 -23.4
      vertex -3.5 6.06217782649107 -23.4
    endloop
  endfacet
  facet normal -0.4713967368259979 0.8819212643483548 0
    outer loop
      vertex -3.5 6.06217782649107 -26.4
      vertex -3.5 6.06217782649107 -23.4
      vertex -3.096020831533009 6.278109190728818 -23.4
    endloop
  endfacet
  facet normal -0.41270702980439417 0.910863824921176 0
    outer loop
      vertex -3.096020831533009 6.278109190728818 -26.4
      vertex -3.096020831533009 6.278109190728818 -23.4
      vertex -2.6787840265556286 6.467156727579007 -23.4
    endloop
  endfacet
  facet normal -0.35225004792123493 0.9359059267573251 0
    outer loop
      vertex -2.6787840265556286 6.467156727579007 -26.4
      vertex -2.6787840265556286 6.467156727579007 -23.4
      vertex -2.250076257122131 6.62851090646574 -23.4
    endloop
  endfacet
  facet normal -0.29028467725446094 0.9569403357322093 0
    outer loop
      vertex -2.250076257122131 6.62851090646574 -26.4
      vertex -2.250076257122131 6.62851090646574 -23.4
      vertex -1.8117333157176452 6.761480784023478 -23.4
    endloop
  endfacet
  facet normal -0.2270762630343733 0.9738769792773336 0
    outer loop
      vertex -1.8117333157176452 6.761480784023478 -26.4
      vertex -1.8117333157176452 6.761480784023478 -23.4
      vertex -1.3656322541128978 6.865496962822613 -23.4
    endloop
  endfacet
  facet normal -0.1628954733945893 0.986643332084879 0
    outer loop
      vertex -1.3656322541128978 6.865496962822613 -26.4
      vertex -1.3656322541128978 6.865496962822613 -23.4
      vertex -0.913683345540361 6.940114029616673 -23.4
    endloop
  endfacet
  facet normal -0.09801714032955942 0.9951847266721969 0
    outer loop
      vertex -0.913683345540361 6.940114029616673 -26.4
      vertex -0.913683345540361 6.940114029616673 -23.4
      vertex -0.4578219046110014 6.985012462670224 -23.4
    endloop
  endfacet
  facet normal -0.03271908282177705 0.9994645874763657 0
    outer loop
      vertex -0.4578219046110014 6.985012462670224 -26.4
      vertex -0.4578219046110014 6.985012462670224 -23.4
      vertex 0 7 -23.4
    endloop
  endfacet
  facet normal 0 0 1
    outer loop
      vertex -20 -3.669872984290123 -23.4
      vertex -17.09666542192135 -4.936369719754836 -23.4
      vertex -3.5 6.06217782649107 -23.4
    endloop
  endfacet
  facet normal 0 0 1
    outer loop
      vertex -3.5 6.06217782649107 -23.4
      vertex -16.133298656581548 -5.228603833118197 -23.4
      vertex -15.95496688741722 -5.323924149630339 -23.4
    endloop
  endfacet
  facet normal 0 0 1
    outer loop
      vertex -3.5 6.06217782649107 -23.4
      vertex -17.09666542192135 -4.936369719754836 -23.4
      vertex -16.897157985081286 -4.969308530886442 -23.4
    endloop
  endfacet
  facet normal 0 0 1
    outer loop
      vertex -3.5 6.06217782649107 -23.4
      vertex -16.897157985081286 -4.969308530886442 -23.4
      vertex -16.7002320102991 -5.0152252281690135 -23.4
    endloop
  endfacet
  facet normal 0 0 1
    outer loop
      vertex -3.5 6.06217782649107 -23.4
      vertex -16.7002320102991 -5.0152252281690135 -23.4
      vertex -16.50673076483142 -5.073923189255522 -23.4
    endloop
  endfacet
  facet normal 0 0 1
    outer loop
      vertex -3.5 6.06217782649107 -23.4
      vertex -16.50673076483142 -5.073923189255522 -23.4
      vertex -16.317482850718207 -5.145151060465125 -23.4
    endloop
  endfacet
  facet normal 0 0 1
    outer loop
      vertex -3.5 6.06217782649107 -23.4
      vertex -16.317482850718207 -5.145151060465125 -23.4
      vertex -16.133298656581548 -5.228603833118197 -23.4
    endloop
  endfacet
  facet normal 0 0 1
    outer loop
      vertex -3.5 6.06217782649107 -23.4
      vertex -15.314993217869915 -5.814993217869914 -23.4
      vertex -15.176765204174233 -5.962577766055021 -23.4
    endloop
  endfacet
  facet normal 0 0 1
    outer loop
      vertex -3.5 6.06217782649107 -23.4
      vertex -15.61888686903663 -5.548485638543774 -23.4
      vertex -15.46257776605502 -5.676765204174234 -23.4
    endloop
  endfacet
  facet normal 0 0 1
    outer loop
      vertex -3.5 6.06217782649107 -23.4
      vertex -15.46257776605502 -5.676765204174234 -23.4
      vertex -15.314993217869915 -5.814993217869914 -23.4
    endloop
  endfacet
  facet normal 0 0 1
    outer loop
      vertex -3.5 6.06217782649107 -23.4
      vertex -15.783251187238767 -5.430703833772402 -23.4
      vertex -15.61888686903663 -5.548485638543774 -23.4
    endloop
  endfacet
  facet normal 0 0 1
    outer loop
      vertex -3.5 6.06217782649107 -23.4
      vertex -15.95496688741722 -5.323924149630339 -23.4
      vertex -15.783251187238767 -5.430703833772402 -23.4
    endloop
  endfacet
  facet normal 0 0 1
    outer loop
      vertex -1.8117333157176452 6.761480784023478 -23.4
      vertex -4.157348061512726 2.777851165098011 -23.4
      vertex -3.9667667014561756 3.043807145043603 -23.4
    endloop
  endfacet
  facet normal 0 0 1
    outer loop
      vertex -1.8117333157176452 6.761480784023478 -23.4
      vertex -3.9667667014561756 3.043807145043603 -23.4
      vertex -3.7591990373948874 3.296729075500344 -23.4
    endloop
  endfacet
  facet normal 0 0 1
    outer loop
      vertex -1.8117333157176452 6.761480784023478 -23.4
      vertex -3.7591990373948874 3.296729075500344 -23.4
      vertex -3.5355339059327378 3.5355339059327378 -23.4
    endloop
  endfacet
  facet normal 0 0 1
    outer loop
      vertex -1.8117333157176452 6.761480784023478 -23.4
      vertex -3.5355339059327378 3.5355339059327378 -23.4
      vertex -3.296729075500344 3.7591990373948874 -23.4
    endloop
  endfacet
  facet normal 0 0 1
    outer loop
      vertex -1.3656322541128978 6.865496962822613 -23.4
      vertex -3.296729075500344 3.7591990373948874 -23.4
      vertex -3.043807145043603 3.9667667014561756 -23.4
    endloop
  endfacet
  facet normal 0 0 1
    outer loop
      vertex -1.3656322541128978 6.865496962822613 -23.4
      vertex -3.043807145043603 3.9667667014561756 -23.4
      vertex -2.777851165098011 4.157348061512726 -23.4
    endloop
  endfacet
  facet normal 0 0 1
    outer loop
      vertex -1.3656322541128978 6.865496962822613 -23.4
      vertex -2.777851165098011 4.157348061512726 -23.4
      vertex -2.5 4.330127018922193 -23.4
    endloop
  endfacet
  facet normal 0 0 1
    outer loop
      vertex -0.913683345540361 6.940114029616673 -23.4
      vertex -2.5 4.330127018922193 -23.4
      vertex -2.2114434510950067 4.484363707663441 -23.4
    endloop
  endfacet
  facet normal 0 0 1
    outer loop
      vertex -1.8117333157176452 6.761480784023478 -23.4
      vertex -3.296729075500344 3.7591990373948874 -23.4
      vertex -1.3656322541128978 6.865496962822613 -23.4
    endloop
  endfacet
  facet normal 0 0 1
    outer loop
      vertex -0.913683345540361 6.940114029616673 -23.4
      vertex -2.2114434510950067 4.484363707663441 -23.4
      vertex -1.913417161825449 4.619397662556434 -23.4
    endloop
  endfacet
  facet normal 0 0 1
    outer loop
      vertex -0.4578219046110014 6.985012462670224 -23.4
      vertex -1.913417161825449 4.619397662556434 -23.4
      vertex -1.607197326515808 4.7346506474755286 -23.4
    endloop
  endfacet
  facet normal 0 0 1
    outer loop
      vertex -0.4578219046110014 6.985012462670224 -23.4
      vertex -1.607197326515808 4.7346506474755286 -23.4
      vertex -1.2940952255126037 4.8296291314453415 -23.4
    endloop
  endfacet
  facet normal 0 0 1
    outer loop
      vertex -0.4578219046110014 6.985012462670224 -23.4
      vertex -1.2940952255126037 4.8296291314453415 -23.4
      vertex -0.9754516100806412 4.903926402016152 -23.4
    endloop
  endfacet
  facet normal 0 0 1
    outer loop
      vertex -0.4578219046110014 6.985012462670224 -23.4
      vertex -0.9754516100806412 4.903926402016152 -23.4
      vertex -0.6526309611002579 4.957224306869052 -23.4
    endloop
  endfacet
  facet normal 0 0 1
    outer loop
      vertex -0.4578219046110014 6.985012462670224 -23.4
      vertex -0.6526309611002579 4.957224306869052 -23.4
      vertex -0.3270156461507153 4.989294616193018 -23.4
    endloop
  endfacet
  facet normal 0 0 1
    outer loop
      vertex -0.4578219046110014 6.985012462670224 -23.4
      vertex -0.3270156461507153 4.989294616193018 -23.4
      vertex 0 5 -23.4
    endloop
  endfacet
  facet normal 0 0 1
    outer loop
      vertex -0.4578219046110014 6.985012462670224 -23.4
      vertex 0 5 -23.4
      vertex 0.3270156461507153 4.989294616193018 -23.4
    endloop
  endfacet
  facet normal 0 0 1
    outer loop
      vertex -1.3656322541128978 6.865496962822613 -23.4
      vertex -2.5 4.330127018922193 -23.4
      vertex -0.913683345540361 6.940114029616673 -23.4
    endloop
  endfacet
  facet normal 0 0 1
    outer loop
      vertex -0.913683345540361 6.940114029616673 -23.4
      vertex -1.913417161825449 4.619397662556434 -23.4
      vertex -0.4578219046110014 6.985012462670224 -23.4
    endloop
  endfacet
  facet normal 0 0 -1
    outer loop
      vertex -24 -29 -26.4
      vertex 2.2114434510950067 -4.484363707663441 -26.4
      vertex 24 -29 -26.4
    endloop
  endfacet
  facet normal 0 0 -1
    outer loop
      vertex 24 -29 -26.4
      vertex 2.2114434510950067 -4.484363707663441 -26.4
      vertex 2.5 -4.330127018922193 -26.4
    endloop
  endfacet
  facet normal 0 0 -1
    outer loop
      vertex 24 -29 -26.4
      vertex 2.5 -4.330127018922193 -26.4
      vertex 2.777851165098011 -4.157348061512726 -26.4
    endloop
  endfacet
  facet normal 0 0 -1
    outer loop
      vertex 24 -29 -26.4
      vertex 2.777851165098011 -4.157348061512726 -26.4
      vertex 3.043807145043603 -3.9667667014561756 -26.4
    endloop
  endfacet
  facet normal 0 0 -1
    outer loop
      vertex 24 -29 -26.4
      vertex 3.043807145043603 -3.9667667014561756 -26.4
      vertex 3.296729075500344 -3.7591990373948874 -26.4
    endloop
  endfacet
  facet normal 0 0 -1
    outer loop
      vertex 24 -29 -26.4
      vertex 3.296729075500344 -3.7591990373948874 -26.4
      vertex 3.5355339059327378 -3.5355339059327378 -26.4
    endloop
  endfacet
  facet normal 0 0 -1
    outer loop
      vertex 24 -29 -26.4
      vertex 3.5355339059327378 -3.5355339059327378 -26.4
      vertex 3.7591990373948874 -3.296729075500344 -26.4
    endloop
  endfacet
  facet normal 0 0 -1
    outer loop
      vertex 24 -29 -26.4
      vertex 3.7591990373948874 -3.296729075500344 -26.4
      vertex 3.9667667014561756 -3.043807145043603 -26.4
    endloop
  endfacet
  facet normal 0 0 -1
    outer loop
      vertex 24 -29 -26.4
      vertex 3.9667667014561756 -3.043807145043603 -26.4
      vertex 4.157348061512726 -2.777851165098011 -26.4
    endloop
  endfacet
  facet normal 0 0 -1
    outer loop
      vertex 24 -29 -26.4
      vertex 4.157348061512726 -2.777851165098011 -26.4
      vertex 4.330127018922193 -2.5 -26.4
    endloop
  endfacet
  facet normal 0 0 -1
    outer loop
      vertex 24 -29 -26.4
      vertex 4.330127018922193 -2.5 -26.4
      vertex 4.484363707663441 -2.2114434510950067 -26.4
    endloop
  endfacet
  facet normal 0 0 -1
    outer loop
      vertex 24 -29 -26.4
      vertex 4.484363707663441 -2.2114434510950067 -26.4
      vertex 4.619397662556434 -1.913417161825449 -26.4
    endloop
  endfacet
  facet normal 0 0 -1
    outer loop
      vertex 24.975451610982418 -28.9039264023304 -26.4
      vertex 22.965105570685175 -25.3487006784951 -26.4
      vertex 25.29409522563219 -28.829629130661488 -26.4
    endloop
  endfacet
  facet normal 0 0 -1
    outer loop
      vertex 25.29409522563219 -28.829629130661488 -26.4
      vertex 23.560007623325713 -25.642073904691415 -26.4
      vertex 25.60719732940197 -28.734650649130344 -26.4
    endloop
  endfacet
  facet normal 0 0 -1
    outer loop
      vertex 25.60719732940197 -28.734650649130344 -26.4
      vertex 24 -25.7 -26.4
      vertex 25.913417160511017 -28.619397662580013 -26.4
    endloop
  endfacet
  facet normal 0 0 -1
    outer loop
      vertex 24.975451610982418 -28.9039264023304 -26.4
      vertex 22.721872327285737 -25.12088788567012 -26.4
      vertex 22.797918471982868 -25.202081528017132 -26.4
    endloop
  endfacet
  facet normal 0 0 -1
    outer loop
      vertex 24.975451610982418 -28.9039264023304 -26.4
      vertex 22.797918471982868 -25.202081528017132 -26.4
      vertex 22.87911211432988 -25.278127672714263 -26.4
    endloop
  endfacet
  facet normal 0 0 -1
    outer loop
      vertex 24.975451610982418 -28.9039264023304 -26.4
      vertex 22.6512993215049 -25.034894429314825 -26.4
      vertex 22.721872327285737 -25.12088788567012 -26.4
    endloop
  endfacet
  facet normal 0 0 -1
    outer loop
      vertex 24.975451610982418 -28.9039264023304 -26.4
      vertex 22.586501659085673 -24.944469396133325 -26.4
      vertex 22.6512993215049 -25.034894429314825 -26.4
    endloop
  endfacet
  facet normal 0 0 -1
    outer loop
      vertex 24.975451610982418 -28.9039264023304 -26.4
      vertex 22.527756813566455 -24.85 -26.4
      vertex 22.586501659085673 -24.944469396133325 -26.4
    endloop
  endfacet
  facet normal 0 0 -1
    outer loop
      vertex 24.975451610982418 -28.9039264023304 -26.4
      vertex 22.87911211432988 -25.278127672714263 -26.4
      vertex 22.965105570685175 -25.3487006784951 -26.4
    endloop
  endfacet
  facet normal 0 0 -1
    outer loop
      vertex 25.29409522563219 -28.829629130661488 -26.4
      vertex 22.965105570685175 -25.3487006784951 -26.4
      vertex 23.055530603866675 -25.413498340914327 -26.4
    endloop
  endfacet
  facet normal 0 0 -1
    outer loop
      vertex 25.29409522563219 -28.829629130661488 -26.4
      vertex 23.248109226627697 -25.52468366060557 -26.4
      vertex 23.349438164979347 -25.570595205269186 -26.4
    endloop
  endfacet
  facet normal 0 0 -1
    outer loop
      vertex 25.29409522563219 -28.829629130661488 -26.4
      vertex 23.055530603866675 -25.413498340914327 -26.4
      vertex 23.15 -25.472243186433545 -26.4
    endloop
  endfacet
  facet normal 0 0 -1
    outer loop
      vertex 25.29409522563219 -28.829629130661488 -26.4
      vertex 23.15 -25.472243186433545 -26.4
      vertex 23.248109226627697 -25.52468366060557 -26.4
    endloop
  endfacet
  facet normal 0 0 -1
    outer loop
      vertex 25.29409522563219 -28.829629130661488 -26.4
      vertex 23.453552908984626 -25.60978122014168 -26.4
      vertex 23.560007623325713 -25.642073904691415 -26.4
    endloop
  endfacet
  facet normal 0 0 -1
    outer loop
      vertex 25.29409522563219 -28.829629130661488 -26.4
      vertex 23.349438164979347 -25.570595205269186 -26.4
      vertex 23.453552908984626 -25.60978122014168 -26.4
    endloop
  endfacet
  facet normal 0 0 -1
    outer loop
      vertex 25.60719732940197 -28.734650649130344 -26.4
      vertex 23.560007623325713 -25.642073904691415 -26.4
      vertex 23.66834645257258 -25.667334976685492 -26.4
    endloop
  endfacet
  facet normal 0 0 -1
    outer loop
      vertex 25.60719732940197 -28.734650649130344 -26.4
      vertex 23.66834645257258 -25.667334976685492 -26.4
      vertex 23.778105473225914 -25.68545626433548 -26.4
    endloop
  endfacet
  facet normal 0 0 -1
    outer loop
      vertex 25.60719732940197 -28.734650649130344 -26.4
      vertex 23.778105473225914 -25.68545626433548 -26.4
      vertex 23.888814680308755 -25.696360169505624 -26.4
    endloop
  endfacet
  facet normal 0 0 -1
    outer loop
      vertex 25.60719732940197 -28.734650649130344 -26.4
      vertex 23.888814680308755 -25.696360169505624 -26.4
      vertex 24 -25.7 -26.4
    endloop
  endfacet
  facet normal 0 0 -1
    outer loop
      vertex 25.913417160511017 -28.619397662580013 -26.4
      vertex 24 -25.7 -26.4
      vertex 24.111185319691245 -25.696360169505624 -26.4
    endloop
  endfacet
  facet normal 0 0 -1
    outer loop
      vertex 25.913417160511017 -28.619397662580013 -26.4
      vertex 24.111185319691245 -25.696360169505624 -26.4
      vertex 24.221894526774086 -25.68545626433548 -26.4
    endloop
  endfacet
  facet normal 0 0 -1
    outer loop
      vertex 25.913417160511017 -28.619397662580013 -26.4
      vertex 24.221894526774086 -25.68545626433548 -26.4
      vertex 24.33165354742742 -25.667334976685492 -26.4
    endloop
  endfacet
  facet normal 0 0 -1
    outer loop
      vertex 26.211443454027176 -28.484363704919815 -26.4
      vertex 24.33165354742742 -25.667334976685492 -26.4
      vertex 24.439992376674287 -25.642073904691415 -26.4
    endloop
  endfacet
  facet normal 0 0 -1
    outer loop
      vertex 26.211443454027176 -28.484363704919815 -26.4
      vertex 24.439992376674287 -25.642073904691415 -26.4
      vertex 24.546447091015374 -25.60978122014168 -26.4
    endloop
  endfacet
  facet normal 0 0 -1
    outer loop
      vertex 26.211443454027176 -28.484363704919815 -26.4
      vertex 24.546447091015374 -25.60978122014168 -26.4
      vertex 24.650561835020653 -25.570595205269186 -26.4
    endloop
  endfacet
  facet normal 0 0 -1
    outer loop
      vertex 26.5 -28.330127015709877 -26.4
      vertex 24.650561835020653 -25.570595205269186 -26.4
      vertex 24.751890773372303 -25.52468366060557 -26.4
    endloop
  endfacet
  facet normal 0 0 -1
    outer loop
      vertex 26.5 -28.330127015709877 -26.4
      vertex 24.751890773372303 -25.52468366060557 -26.4
      vertex 24.85 -25.472243186433545 -26.4
    endloop
  endfacet
  facet normal 0 0 -1
    outer loop
      vertex 25.913417160511017 -28.619397662580013 -26.4
      vertex 24.33165354742742 -25.667334976685492 -26.4
      vertex 26.211443454027176 -28.484363704919815 -26.4
    endloop
  endfacet
  facet normal 0 0 -1
    outer loop
      vertex 26.211443454027176 -28.484363704919815 -26.4
      vertex 24.650561835020653 -25.570595205269186 -26.4
      vertex 26.5 -28.330127015709877 -26.4
    endloop
  endfacet
  facet normal 0 0 -1
    outer loop
      vertex 26.5 -28.330127015709877 -26.4
      vertex 24.944469396133325 -25.413498340914327 -26.4
      vertex 26.777851164340973 -28.157348059117794 -26.4
    endloop
  endfacet
  facet normal 0 0 -1
    outer loop
      vertex 26.5 -28.330127015709877 -26.4
      vertex 24.85 -25.472243186433545 -26.4
      vertex 24.944469396133325 -25.413498340914327 -26.4
    endloop
  endfacet
  facet normal 0 0 -1
    outer loop
      vertex 26.777851164340973 -28.157348059117794 -26.4
      vertex 24.944469396133325 -25.413498340914327 -26.4
      vertex 25.034894429314825 -25.3487006784951 -26.4
    endloop
  endfacet
  facet normal 0 0 -1
    outer loop
      vertex 26.777851164340973 -28.157348059117794 -26.4
      vertex 25.034894429314825 -25.3487006784951 -26.4
      vertex 25.12088788567012 -25.278127672714263 -26.4
    endloop
  endfacet
  facet normal 0 0 -1
    outer loop
      vertex 26.777851164340973 -28.157348059117794 -26.4
      vertex 25.12088788567012 -25.278127672714263 -26.4
      vertex 25.202081528017132 -25.202081528017132 -26.4
    endloop
  endfacet
  facet normal 0 0 -1
    outer loop
      vertex 26.777851164340973 -28.157348059117794 -26.4
      vertex 25.202081528017132 -25.202081528017132 -26.4
      vertex 25.278127672714263 -25.12088788567012 -26.4
    endloop
  endfacet
  facet normal 0 0 -1
    outer loop
      vertex 26.777851164340973 -28.157348059117794 -26.4
      vertex 25.278127672714263 -25.12088788567012 -26.4
      vertex 25.3487006784951 -25.034894429314825 -26.4
    endloop
  endfacet
  facet normal 0 0 -1
    outer loop
      vertex 26.777851164340973 -28.157348059117794 -26.4
      vertex 25.3487006784951 -25.034894429314825 -26.4
      vertex 25.413498340914327 -24.944469396133325 -26.4
    endloop
  endfacet
  facet normal 0 0 -1
    outer loop
      vertex 26.777851164340973 -28.157348059117794 -26.4
      vertex 25.413498340914327 -24.944469396133325 -26.4
      vertex 25.472243186433545 -24.85 -26.4
    endloop
  endfacet
  facet normal 0 0 -1
    outer loop
      vertex 26.777851164340973 -28.157348059117794 -26.4
      vertex 25.472243186433545 -24.85 -26.4
      vertex 25.52468366060557 -24.751890773372303 -26.4
    endloop
  endfacet
  facet normal 0 0 -1
    outer loop
      vertex 26.777851164340973 -28.157348059117794 -26.4
      vertex 25.52468366060557 -24.751890773372303 -26.4
      vertex 25.570595205269186 -24.650561835020653 -26.4
    endloop
  endfacet
  facet normal 0 0 -1
    outer loop
      vertex 26.777851164340973 -28.157348059117794 -26.4
      vertex 25.570595205269186 -24.650561835020653 -26.4
      vertex 25.60978122014168 -24.546447091015374 -26.4
    endloop
  endfacet
  facet normal 0 0 -1
    outer loop
      vertex 26.777851164340973 -28.157348059117794 -26.4
      vertex 25.60978122014168 -24.546447091015374 -26.4
      vertex 25.642073904691415 -24.439992376674287 -26.4
    endloop
  endfacet
  facet normal 0 0 -1
    outer loop
      vertex 26.777851164340973 -28.157348059117794 -26.4
      vertex 25.642073904691415 -24.439992376674287 -26.4
      vertex 25.667334976685492 -24.33165354742742 -26.4
    endloop
  endfacet
  facet normal 0 0 -1
    outer loop
      vertex 26.777851164340973 -28.157348059117794 -26.4
      vertex 25.696360169505624 -24.111185319691245 -26.4
      vertex 27.04380714148283 -27.966766700148582 -26.4
    endloop
  endfacet
  facet normal 0 0 -1
    outer loop
      vertex 26.777851164340973 -28.157348059117794 -26.4
      vertex 25.667334976685492 -24.33165354742742 -26.4
      vertex 25.68545626433548 -24.221894526774086 -26.4
    endloop
  endfacet
  facet normal 0 0 -1
    outer loop
      vertex 26.777851164340973 -28.157348059117794 -26.4
      vertex 25.68545626433548 -24.221894526774086 -26.4
      vertex 25.696360169505624 -24.111185319691245 -26.4
    endloop
  endfacet
  facet normal 0 0 -1
    outer loop
      vertex 27.04380714148283 -27.966766700148582 -26.4
      vertex 25.696360169505624 -24.111185319691245 -26.4
      vertex 25.7 -24 -26.4
    endloop
  endfacet
  facet normal 0 0 -1
    outer loop
      vertex 27.04380714148283 -27.966766700148582 -26.4
      vertex 25.7 -24 -26.4
      vertex 25.696360169505624 -23.888814680308755 -26.4
    endloop
  endfacet
  facet normal 0 0 -1
    outer loop
      vertex 27.04380714148283 -27.966766700148582 -26.4
      vertex 25.696360169505624 -23.888814680308755 -26.4
      vertex 25.68545626433548 -23.778105473225914 -26.4
    endloop
  endfacet
  facet normal 0 0 -1
    outer loop
      vertex 27.04380714148283 -27.966766700148582 -26.4
      vertex 25.68545626433548 -23.778105473225914 -26.4
      vertex 25.667334976685492 -23.66834645257258 -26.4
    endloop
  endfacet
  facet normal 0 0 -1
    outer loop
      vertex 27.04380714148283 -27.966766700148582 -26.4
      vertex 25.667334976685492 -23.66834645257258 -26.4
      vertex 25.642073904691415 -23.560007623325713 -26.4
    endloop
  endfacet
  facet normal 0 0 -1
    outer loop
      vertex 27.04380714148283 -27.966766700148582 -26.4
      vertex 25.642073904691415 -23.560007623325713 -26.4
      vertex 25.60978122014168 -23.453552908984626 -26.4
    endloop
  endfacet
  facet normal 0 0 -1
    outer loop
      vertex 28.829629130661488 -25.29409522563219 -26.4
      vertex 28.619397662580013 -22.086582839488983 -26.4
      vertex 28.9039264023304 -24.975451610982418 -26.4
    endloop
  endfacet
  facet normal 0 0 -1
    outer loop
      vertex 28.9039264023304 -24.975451610982418 -26.4
      vertex 28.734650649130344 -22.39280267059803 -26.4
      vertex 28.957224309444427 -24.65263096243143 -26.4
    endloop
  endfacet
  facet normal 0 0 -1
    outer loop
      vertex 28.957224309444427 -24.65263096243143 -26.4
      vertex 28.829629130661488 -22.70590477436781 -26.4
      vertex 28.98929461836815 -24.32701564580202 -26.4
    endloop
  endfacet
  facet normal 0 0 -1
    outer loop
      vertex 28.98929461836815 -24.32701564580202 -26.4
      vertex 28.9039264023304 -23.024548389017582 -26.4
      vertex 29 -24 -26.4
    endloop
  endfacet
  facet normal 0 0 -1
    outer loop
      vertex 29 -24 -26.4
      vertex 28.957224309444427 -23.34736903756857 -26.4
      vertex 28.98929461836815 -23.67298435419798 -26.4
    endloop
  endfacet
  facet normal 0 0 -1
    outer loop
      vertex 29 -24 -26.4
      vertex 28.9039264023304 -23.024548389017582 -26.4
      vertex 28.957224309444427 -23.34736903756857 -26.4
    endloop
  endfacet
  facet normal 0 0 -1
    outer loop
      vertex 28.9039264023304 -24.975451610982418 -26.4
      vertex 28.619397662580013 -22.086582839488983 -26.4
      vertex 28.734650649130344 -22.39280267059803 -26.4
    endloop
  endfacet
  facet normal 0 0 -1
    outer loop
      vertex 28.957224309444427 -24.65263096243143 -26.4
      vertex 28.734650649130344 -22.39280267059803 -26.4
      vertex 28.829629130661488 -22.70590477436781 -26.4
    endloop
  endfacet
  facet normal 0 0 -1
    outer loop
      vertex 28.98929461836815 -24.32701564580202 -26.4
      vertex 28.829629130661488 -22.70590477436781 -26.4
      vertex 28.9039264023304 -23.024548389017582 -26.4
    endloop
  endfacet
  facet normal 0.032719076215845674 -0.9994645876926215 0
    outer loop
      vertex 24 -29 -26.4
      vertex 24.32701564580202 -28.98929461836815 -26.4
      vertex 24 -29 -23.4
    endloop
  endfacet
  facet normal 0.09801713861722108 -0.9951847268408476 0
    outer loop
      vertex 24.32701564580202 -28.98929461836815 -26.4
      vertex 24.65263096243143 -28.957224309444427 -26.4
      vertex 24.32701564580202 -28.98929461836815 -23.4
    endloop
  endfacet
  facet normal 0.162895480332872 -0.9866433309393638 0
    outer loop
      vertex 24.65263096243143 -28.957224309444427 -26.4
      vertex 24.975451610982418 -28.9039264023304 -26.4
      vertex 24.65263096243143 -28.957224309444427 -23.4
    endloop
  endfacet
  facet normal 0.2270762667461368 -0.9738769784118718 0
    outer loop
      vertex 24.975451610982418 -28.9039264023304 -26.4
      vertex 25.29409522563219 -28.829629130661488 -26.4
      vertex 24.975451610982418 -28.9039264023304 -23.4
    endloop
  endfacet
  facet normal 0.2902846680803412 -0.9569403385151481 0
    outer loop
      vertex 25.29409522563219 -28.829629130661488 -26.4
      vertex 25.60719732940197 -28.734650649130344 -26.4
      vertex 25.29409522563219 -28.829629130661488 -23.4
    endloop
  endfacet
  facet normal 0.3522500565206636 -0.9359059235207294 0
    outer loop
      vertex 25.60719732940197 -28.734650649130344 -26.4
      vertex 25.913417160511017 -28.619397662580013 -26.4
      vertex 25.60719732940197 -28.734650649130344 -23.4
    endloop
  endfacet
  facet normal 0.4127070319422718 -0.9108638239525163 0
    outer loop
      vertex 25.913417160511017 -28.619397662580013 -26.4
      vertex 26.211443454027176 -28.484363704919815 -26.4
      vertex 25.913417160511017 -28.619397662580013 -23.4
    endloop
  endfacet
  facet normal 0.471396741665818 -0.881921261761417 0
    outer loop
      vertex 26.211443454027176 -28.484363704919815 -26.4
      vertex 26.5 -28.330127015709877 -26.4
      vertex 26.211443454027176 -28.484363704919815 -23.4
    endloop
  endfacet
  facet normal 0.5280678498863844 -0.8492021820016544 0
    outer loop
      vertex 26.5 -28.330127015709877 -26.4
      vertex 26.777851164340973 -28.157348059117794 -26.4
      vertex 26.5 -28.330127015709877 -23.4
    endloop
  endfacet
  facet normal 0.5824776987292368 -0.81284668325773 0
    outer loop
      vertex 26.777851164340973 -28.157348059117794 -26.4
      vertex 27.04380714148283 -27.966766700148582 -26.4
      vertex 26.777851164340973 -28.157348059117794 -23.4
    endloop
  endfacet
  facet normal 0.6343932789182372 -0.7730104576675324 0
    outer loop
      vertex 27.04380714148283 -27.966766700148582 -26.4
      vertex 27.29672907292843 -27.759199038147926 -26.4
      vertex 27.04380714148283 -27.966766700148582 -23.4
    endloop
  endfacet
  facet normal 0.6835923021755597 -0.7298640725548274 0
    outer loop
      vertex 27.29672907292843 -27.759199038147926 -26.4
      vertex 27.535533905029297 -27.535533905029297 -26.4
      vertex 27.29672907292843 -27.759199038147926 -23.4
    endloop
  endfacet
  facet normal 0.7298640725548274 -0.6835923021755597 0
    outer loop
      vertex 27.535533905029297 -27.535533905029297 -26.4
      vertex 27.759199038147926 -27.29672907292843 -26.4
      vertex 27.535533905029297 -27.535533905029297 -23.4
    endloop
  endfacet
  facet normal 0.7730104576675324 -0.6343932789182372 0
    outer loop
      vertex 27.759199038147926 -27.29672907292843 -26.4
      vertex 27.966766700148582 -27.04380714148283 -26.4
      vertex 27.759199038147926 -27.29672907292843 -23.4
    endloop
  endfacet
  facet normal 0.81284668325773 -0.5824776987292368 0
    outer loop
      vertex 27.966766700148582 -27.04380714148283 -26.4
      vertex 28.157348059117794 -26.777851164340973 -26.4
      vertex 27.966766700148582 -27.04380714148283 -23.4
    endloop
  endfacet
  facet normal 0.8492021820016544 -0.5280678498863844 0
    outer loop
      vertex 28.157348059117794 -26.777851164340973 -26.4
      vertex 28.330127015709877 -26.5 -26.4
      vertex 28.157348059117794 -26.777851164340973 -23.4
    endloop
  endfacet
  facet normal 0.881921261761417 -0.471396741665818 0
    outer loop
      vertex 28.330127015709877 -26.5 -26.4
      vertex 28.484363704919815 -26.211443454027176 -26.4
      vertex 28.330127015709877 -26.5 -23.4
    endloop
  endfacet
  facet normal 0.9108638239525163 -0.4127070319422718 0
    outer loop
      vertex 28.484363704919815 -26.211443454027176 -26.4
      vertex 28.619397662580013 -25.913417160511017 -26.4
      vertex 28.484363704919815 -26.211443454027176 -23.4
    endloop
  endfacet
  facet normal 0.9359059235207294 -0.3522500565206636 0
    outer loop
      vertex 28.619397662580013 -25.913417160511017 -26.4
      vertex 28.734650649130344 -25.60719732940197 -26.4
      vertex 28.619397662580013 -25.913417160511017 -23.4
    endloop
  endfacet
  facet normal 0.9569403385151481 -0.2902846680803412 0
    outer loop
      vertex 28.734650649130344 -25.60719732940197 -26.4
      vertex 28.829629130661488 -25.29409522563219 -26.4
      vertex 28.734650649130344 -25.60719732940197 -23.4
    endloop
  endfacet
  facet normal 0.9738769784118718 -0.2270762667461368 0
    outer loop
      vertex 28.829629130661488 -25.29409522563219 -26.4
      vertex 28.9039264023304 -24.975451610982418 -26.4
      vertex 28.829629130661488 -25.29409522563219 -23.4
    endloop
  endfacet
  facet normal 0.9866433309393638 -0.162895480332872 0
    outer loop
      vertex 28.9039264023304 -24.975451610982418 -26.4
      vertex 28.957224309444427 -24.65263096243143 -26.4
      vertex 28.9039264023304 -24.975451610982418 -23.4
    endloop
  endfacet
  facet normal 0.9951847268408476 -0.09801713861722108 0
    outer loop
      vertex 28.957224309444427 -24.65263096243143 -26.4
      vertex 28.98929461836815 -24.32701564580202 -26.4
      vertex 28.957224309444427 -24.65263096243143 -23.4
    endloop
  endfacet
  facet normal 0.9994645876926215 -0.032719076215845674 0
    outer loop
      vertex 28.98929461836815 -24.32701564580202 -26.4
      vertex 29 -24 -26.4
      vertex 28.98929461836815 -24.32701564580202 -23.4
    endloop
  endfacet
  facet normal 0.9994645876926215 0.032719076215845674 0
    outer loop
      vertex 29 -24 -26.4
      vertex 28.98929461836815 -23.67298435419798 -26.4
      vertex 29 -24 -23.4
    endloop
  endfacet
  facet normal 0.9951847268408476 0.09801713861722108 0
    outer loop
      vertex 28.98929461836815 -23.67298435419798 -26.4
      vertex 28.957224309444427 -23.34736903756857 -26.4
      vertex 28.98929461836815 -23.67298435419798 -23.4
    endloop
  endfacet
  facet normal 0.9866433309393638 0.162895480332872 0
    outer loop
      vertex 28.957224309444427 -23.34736903756857 -26.4
      vertex 28.9039264023304 -23.024548389017582 -26.4
      vertex 28.957224309444427 -23.34736903756857 -23.4
    endloop
  endfacet
  facet normal 0.9738769784118718 0.2270762667461368 0
    outer loop
      vertex 28.9039264023304 -23.024548389017582 -26.4
      vertex 28.829629130661488 -22.70590477436781 -26.4
      vertex 28.9039264023304 -23.024548389017582 -23.4
    endloop
  endfacet
  facet normal 0.9569403385151481 0.2902846680803412 0
    outer loop
      vertex 28.829629130661488 -22.70590477436781 -26.4
      vertex 28.734650649130344 -22.39280267059803 -26.4
      vertex 28.829629130661488 -22.70590477436781 -23.4
    endloop
  endfacet
  facet normal 0.9359059235207294 0.3522500565206636 0
    outer loop
      vertex 28.734650649130344 -22.39280267059803 -26.4
      vertex 28.619397662580013 -22.086582839488983 -26.4
      vertex 28.734650649130344 -22.39280267059803 -23.4
    endloop
  endfacet
  facet normal 0 0 -1
    outer loop
      vertex 24 -29 -26.4
      vertex 4.989294616193018 -0.3270156461507153 -26.4
      vertex 24.32701564580202 -28.98929461836815 -26.4
    endloop
  endfacet
  facet normal 0 0 -1
    outer loop
      vertex 24.32701564580202 -28.98929461836815 -26.4
      vertex 4.989294616193018 0.3270156461507153 -26.4
      vertex 24.65263096243143 -28.957224309444427 -26.4
    endloop
  endfacet
  facet normal 0 0 -1
    outer loop
      vertex 24.975451610982418 -28.9039264023304 -26.4
      vertex 4.484363707663441 2.2114434510950067 -26.4
      vertex 22.527756813566455 -24.85 -26.4
    endloop
  endfacet
  facet normal 0 0 -1
    outer loop
      vertex 4.484363707663441 2.2114434510950067 -26.4
      vertex 22.47531633939443 -24.751890773372303 -26.4
      vertex 22.527756813566455 -24.85 -26.4
    endloop
  endfacet
  facet normal 0 0 -1
    outer loop
      vertex 4.484363707663441 2.2114434510950067 -26.4
      vertex 22.429404794730814 -24.650561835020653 -26.4
      vertex 22.47531633939443 -24.751890773372303 -26.4
    endloop
  endfacet
  facet normal 0 0 -1
    outer loop
      vertex 4.484363707663441 2.2114434510950067 -26.4
      vertex 22.39021877985832 -24.546447091015374 -26.4
      vertex 22.429404794730814 -24.650561835020653 -26.4
    endloop
  endfacet
  facet normal 0 0 -1
    outer loop
      vertex 24.65263096243143 -28.957224309444427 -26.4
      vertex 4.8296291314453415 1.2940952255126037 -26.4
      vertex 24.975451610982418 -28.9039264023304 -26.4
    endloop
  endfacet
  facet normal 0 0 -1
    outer loop
      vertex 1.8117333157176452 6.761480784023478 -26.4
      vertex 22.332665023314508 -24.33165354742742 -26.4
      vertex 22.357926095308585 -24.439992376674287 -26.4
    endloop
  endfacet
  facet normal 0 0 -1
    outer loop
      vertex 1.8117333157176452 6.761480784023478 -26.4
      vertex 22.31454373566452 -24.221894526774086 -26.4
      vertex 22.332665023314508 -24.33165354742742 -26.4
    endloop
  endfacet
  facet normal 0 0 -1
    outer loop
      vertex 1.8117333157176452 6.761480784023478 -26.4
      vertex 22.303639830494376 -24.111185319691245 -26.4
      vertex 22.31454373566452 -24.221894526774086 -26.4
    endloop
  endfacet
  facet normal 0 0 -1
    outer loop
      vertex 1.8117333157176452 6.761480784023478 -26.4
      vertex 22.3 -24 -26.4
      vertex 22.303639830494376 -24.111185319691245 -26.4
    endloop
  endfacet
  facet normal 0 0 -1
    outer loop
      vertex 1.8117333157176452 6.761480784023478 -26.4
      vertex 22.303639830494376 -23.888814680308755 -26.4
      vertex 22.3 -24 -26.4
    endloop
  endfacet
  facet normal 0 0 -1
    outer loop
      vertex 2.250076257122131 6.62851090646574 -26.4
      vertex 22.31454373566452 -23.778105473225914 -26.4
      vertex 22.303639830494376 -23.888814680308755 -26.4
    endloop
  endfacet
  facet normal 0 0 -1
    outer loop
      vertex 2.250076257122131 6.62851090646574 -26.4
      vertex 22.332665023314508 -23.66834645257258 -26.4
      vertex 22.31454373566452 -23.778105473225914 -26.4
    endloop
  endfacet
  facet normal 0 0 -1
    outer loop
      vertex 2.250076257122131 6.62851090646574 -26.4
      vertex 22.357926095308585 -23.560007623325713 -26.4
      vertex 22.332665023314508 -23.66834645257258 -26.4
    endloop
  endfacet
  facet normal 0 0 -1
    outer loop
      vertex 2.250076257122131 6.62851090646574 -26.4
      vertex 22.39021877985832 -23.453552908984626 -26.4
      vertex 22.357926095308585 -23.560007623325713 -26.4
    endloop
  endfacet
  facet normal 0 0 -1
    outer loop
      vertex 2.6787840265556286 6.467156727579007 -26.4
      vertex 22.429404794730814 -23.349438164979347 -26.4
      vertex 22.39021877985832 -23.453552908984626 -26.4
    endloop
  endfacet
  facet normal 0 0 -1
    outer loop
      vertex 2.6787840265556286 6.467156727579007 -26.4
      vertex 22.47531633939443 -23.248109226627697 -26.4
      vertex 22.429404794730814 -23.349438164979347 -26.4
    endloop
  endfacet
  facet normal 0 0 -1
    outer loop
      vertex 2.6787840265556286 6.467156727579007 -26.4
      vertex 22.527756813566455 -23.15 -26.4
      vertex 22.47531633939443 -23.248109226627697 -26.4
    endloop
  endfacet
  facet normal 0 0 -1
    outer loop
      vertex 3.096020831533009 6.278109190728818 -26.4
      vertex 22.586501659085673 -23.055530603866675 -26.4
      vertex 22.527756813566455 -23.15 -26.4
    endloop
  endfacet
  facet normal 0 0 -1
    outer loop
      vertex 22.39021877985832 -24.546447091015374 -26.4
      vertex 4.330127018922193 2.5 -26.4
      vertex 22.357926095308585 -24.439992376674287 -26.4
    endloop
  endfacet
  facet normal 0 0 -1
    outer loop
      vertex 3.096020831533009 6.278109190728818 -26.4
      vertex 22.6512993215049 -22.965105570685175 -26.4
      vertex 22.586501659085673 -23.055530603866675 -26.4
    endloop
  endfacet
  facet normal 0 0 -1
    outer loop
      vertex 3.096020831533009 6.278109190728818 -26.4
      vertex 22.721872327285737 -22.87911211432988 -26.4
      vertex 22.6512993215049 -22.965105570685175 -26.4
    endloop
  endfacet
  facet normal 0 0 -1
    outer loop
      vertex 3.5 6.06217782649107 -26.4
      vertex 22.797918471982868 -22.797918471982868 -26.4
      vertex 22.721872327285737 -22.87911211432988 -26.4
    endloop
  endfacet
  facet normal 0 0 -1
    outer loop
      vertex 3.5 6.06217782649107 -26.4
      vertex 22.87911211432988 -22.721872327285737 -26.4
      vertex 22.797918471982868 -22.797918471982868 -26.4
    endloop
  endfacet
  facet normal 0 0 -1
    outer loop
      vertex 3.5 6.06217782649107 -26.4
      vertex 22.965105570685175 -22.6512993215049 -26.4
      vertex 22.87911211432988 -22.721872327285737 -26.4
    endloop
  endfacet
  facet normal 0 0 -1
    outer loop
      vertex 22.965105570685175 -22.6512993215049 -26.4
      vertex 16.7 -9.385640646055101 -26.4
      vertex 16.792338095649598 -9.434996386452301 -26.4
    endloop
  endfacet
  facet normal 0 0 -1
    outer loop
      vertex 22.965105570685175 -22.6512993215049 -26.4
      vertex 16.792338095649598 -9.434996386452301 -26.4
      vertex 16.887706508215857 -9.47820725201806 -26.4
    endloop
  endfacet
  facet normal 0 0 -1
    outer loop
      vertex 22.965105570685175 -22.6512993215049 -26.4
      vertex 16.98569685551494 -9.51508820719217 -26.4
      vertex 17.085889527835967 -9.545481322062509 -26.4
    endloop
  endfacet
  facet normal 0 0 -1
    outer loop
      vertex 22.965105570685175 -22.6512993215049 -26.4
      vertex 16.887706508215857 -9.47820725201806 -26.4
      vertex 16.98569685551494 -9.51508820719217 -26.4
    endloop
  endfacet
  facet normal 0 0 -1
    outer loop
      vertex 22.965105570685175 -22.6512993215049 -26.4
      vertex 16.297056308033635 -9.05495330416011 -26.4
      vertex 16.368629150101523 -9.131370849898476 -26.4
    endloop
  endfacet
  facet normal 0 0 -1
    outer loop
      vertex 22.965105570685175 -22.6512993215049 -26.4
      vertex 16.44504669583989 -9.202943691966365 -26.4
      vertex 16.52598171358605 -9.269365344465976 -26.4
    endloop
  endfacet
  facet normal 0 0 -1
    outer loop
      vertex 22.965105570685175 -22.6512993215049 -26.4
      vertex 16.52598171358605 -9.269365344465976 -26.4
      vertex 16.611087627168637 -9.330351379684073 -26.4
    endloop
  endfacet
  facet normal 0 0 -1
    outer loop
      vertex 22.965105570685175 -22.6512993215049 -26.4
      vertex 16.611087627168637 -9.330351379684073 -26.4
      vertex 16.7 -9.385640646055101 -26.4
    endloop
  endfacet
  facet normal 0 0 -1
    outer loop
      vertex 22.965105570685175 -22.6512993215049 -26.4
      vertex 16.368629150101523 -9.131370849898476 -26.4
      vertex 16.44504669583989 -9.202943691966365 -26.4
    endloop
  endfacet
  facet normal 0 0 -1
    outer loop
      vertex 22.965105570685175 -22.6512993215049 -26.4
      vertex 17.085889527835967 -9.545481322062509 -26.4
      vertex 17.187855484774193 -9.569256448645168 -26.4
    endloop
  endfacet
  facet normal 0 0 -1
    outer loop
      vertex 22.965105570685175 -22.6512993215049 -26.4
      vertex 17.187855484774193 -9.569256448645168 -26.4
      vertex 17.29115809244792 -9.586311778198096 -26.4
    endloop
  endfacet
  facet normal 0 0 -1
    outer loop
      vertex 22.965105570685175 -22.6512993215049 -26.4
      vertex 17.29115809244792 -9.586311778198096 -26.4
      vertex 17.39535499323177 -9.596574277181766 -26.4
    endloop
  endfacet
  facet normal 0 0 -1
    outer loop
      vertex 22.965105570685175 -22.6512993215049 -26.4
      vertex 17.39535499323177 -9.596574277181766 -26.4
      vertex 17.5 -9.6 -26.4
    endloop
  endfacet
  facet normal 0 0 -1
    outer loop
      vertex 22.965105570685175 -22.6512993215049 -26.4
      vertex 17.5 -9.6 -26.4
      vertex 17.60464500676823 -9.596574277181766 -26.4
    endloop
  endfacet
  facet normal 0 0 -1
    outer loop
      vertex 22.965105570685175 -22.6512993215049 -26.4
      vertex 17.60464500676823 -9.596574277181766 -26.4
      vertex 17.70884190755208 -9.586311778198096 -26.4
    endloop
  endfacet
  facet normal 0 0 -1
    outer loop
      vertex 22.965105570685175 -22.6512993215049 -26.4
      vertex 17.70884190755208 -9.586311778198096 -26.4
      vertex 17.812144515225807 -9.569256448645168 -26.4
    endloop
  endfacet
  facet normal 0 0 -1
    outer loop
      vertex 22.965105570685175 -22.6512993215049 -26.4
      vertex 17.812144515225807 -9.569256448645168 -26.4
      vertex 17.914110472164033 -9.545481322062509 -26.4
    endloop
  endfacet
  facet normal 0 0 -1
    outer loop
      vertex 22.965105570685175 -22.6512993215049 -26.4
      vertex 17.914110472164033 -9.545481322062509 -26.4
      vertex 18.01430314448506 -9.51508820719217 -26.4
    endloop
  endfacet
  facet normal 0 0 -1
    outer loop
      vertex 22.965105570685175 -22.6512993215049 -26.4
      vertex 18.01430314448506 -9.51508820719217 -26.4
      vertex 18.112293491784143 -9.47820725201806 -26.4
    endloop
  endfacet
  facet normal 0 0 -1
    outer loop
      vertex 22.965105570685175 -22.6512993215049 -26.4
      vertex 18.112293491784143 -9.47820725201806 -26.4
      vertex 18.207661904350402 -9.434996386452301 -26.4
    endloop
  endfacet
  facet normal 0 0 -1
    outer loop
      vertex 22.965105570685175 -22.6512993215049 -26.4
      vertex 18.207661904350402 -9.434996386452301 -26.4
      vertex 18.3 -9.385640646055101 -26.4
    endloop
  endfacet
  facet normal 0 0 -1
    outer loop
      vertex 22.965105570685175 -22.6512993215049 -26.4
      vertex 18.3 -9.385640646055101 -26.4
      vertex 18.388912372831363 -9.330351379684073 -26.4
    endloop
  endfacet
  facet normal 0 0 -1
    outer loop
      vertex 22.965105570685175 -22.6512993215049 -26.4
      vertex 18.388912372831363 -9.330351379684073 -26.4
      vertex 18.47401828641395 -9.269365344465976 -26.4
    endloop
  endfacet
  facet normal 0 0 -1
    outer loop
      vertex 22.965105570685175 -22.6512993215049 -26.4
      vertex 18.47401828641395 -9.269365344465976 -26.4
      vertex 18.55495330416011 -9.202943691966365 -26.4
    endloop
  endfacet
  facet normal 0 0 -1
    outer loop
      vertex 22.965105570685175 -22.6512993215049 -26.4
      vertex 18.55495330416011 -9.202943691966365 -26.4
      vertex 18.631370849898477 -9.131370849898476 -26.4
    endloop
  endfacet
  facet normal 0 0 -1
    outer loop
      vertex 22.965105570685175 -22.6512993215049 -26.4
      vertex 18.631370849898477 -9.131370849898476 -26.4
      vertex 18.702943691966365 -9.05495330416011 -26.4
    endloop
  endfacet
  facet normal 0 0 -1
    outer loop
      vertex 22.965105570685175 -22.6512993215049 -26.4
      vertex 18.702943691966365 -9.05495330416011 -26.4
      vertex 18.769365344465974 -8.974018286413953 -26.4
    endloop
  endfacet
  facet normal 0 0 -1
    outer loop
      vertex 22.965105570685175 -22.6512993215049 -26.4
      vertex 18.769365344465974 -8.974018286413953 -26.4
      vertex 18.83035137968407 -8.888912372831363 -26.4
    endloop
  endfacet
  facet normal 0 0 -1
    outer loop
      vertex 22.965105570685175 -22.6512993215049 -26.4
      vertex 18.83035137968407 -8.888912372831363 -26.4
      vertex 18.8856406460551 -8.8 -26.4
    endloop
  endfacet
  facet normal 0 0 -1
    outer loop
      vertex 22.965105570685175 -22.6512993215049 -26.4
      vertex 18.8856406460551 -8.8 -26.4
      vertex 18.9349963864523 -8.707661904350402 -26.4
    endloop
  endfacet
  facet normal 0 0 -1
    outer loop
      vertex 22.965105570685175 -22.6512993215049 -26.4
      vertex 18.9349963864523 -8.707661904350402 -26.4
      vertex 18.97820725201806 -8.612293491784143 -26.4
    endloop
  endfacet
  facet normal 0 0 -1
    outer loop
      vertex 22.965105570685175 -22.6512993215049 -26.4
      vertex 18.97820725201806 -8.612293491784143 -26.4
      vertex 19.015088207192168 -8.514303144485059 -26.4
    endloop
  endfacet
  facet normal 0 0 -1
    outer loop
      vertex 22.965105570685175 -22.6512993215049 -26.4
      vertex 19.015088207192168 -8.514303144485059 -26.4
      vertex 19.04548132206251 -8.414110472164033 -26.4
    endloop
  endfacet
  facet normal 0 0 -1
    outer loop
      vertex 22.965105570685175 -22.6512993215049 -26.4
      vertex 19.04548132206251 -8.414110472164033 -26.4
      vertex 19.06925644864517 -8.312144515225805 -26.4
    endloop
  endfacet
  facet normal 0 0 -1
    outer loop
      vertex 22.965105570685175 -22.6512993215049 -26.4
      vertex 19.06925644864517 -8.312144515225805 -26.4
      vertex 19.086311778198098 -8.208841907552083 -26.4
    endloop
  endfacet
  facet normal 0 0 -1
    outer loop
      vertex 22.965105570685175 -22.6512993215049 -26.4
      vertex 19.086311778198098 -8.208841907552083 -26.4
      vertex 19.096574277181766 -8.104645006768228 -26.4
    endloop
  endfacet
  facet normal 0 0 -1
    outer loop
      vertex 22.965105570685175 -22.6512993215049 -26.4
      vertex 19.096574277181766 -8.104645006768228 -26.4
      vertex 19.1 -8 -26.4
    endloop
  endfacet
  facet normal 0 0 -1
    outer loop
      vertex 22.965105570685175 -22.6512993215049 -26.4
      vertex 19.1 -8 -26.4
      vertex 19.096574277181766 -7.895354993231771 -26.4
    endloop
  endfacet
  facet normal 0 0 -1
    outer loop
      vertex 22.965105570685175 -22.6512993215049 -26.4
      vertex 19.096574277181766 -7.895354993231771 -26.4
      vertex 19.086311778198098 -7.791158092447917 -26.4
    endloop
  endfacet
  facet normal 0 0 -1
    outer loop
      vertex 22.965105570685175 -22.6512993215049 -26.4
      vertex 19.086311778198098 -7.791158092447917 -26.4
      vertex 19.06925644864517 -7.687855484774195 -26.4
    endloop
  endfacet
  facet normal 0 0 -1
    outer loop
      vertex 22.965105570685175 -22.6512993215049 -26.4
      vertex 19.06925644864517 -7.687855484774195 -26.4
      vertex 19.04548132206251 -7.585889527835967 -26.4
    endloop
  endfacet
  facet normal 0 0 -1
    outer loop
      vertex 20 -3.669872984290123 -26.4
      vertex 22.965105570685175 -22.6512993215049 -26.4
      vertex 19.04548132206251 -7.585889527835967 -26.4
    endloop
  endfacet
  facet normal 0 0 -1
    outer loop
      vertex 27.04380714148283 -27.966766700148582 -26.4
      vertex 20.277851164340973 -3.842651940882206 -26.4
      vertex 27.29672907292843 -27.759199038147926 -26.4
    endloop
  endfacet
  facet normal 0 0 -1
    outer loop
      vertex 27.29672907292843 -27.759199038147926 -26.4
      vertex 20.54380714148283 -4.0332332998514175 -26.4
      vertex 27.535533905029297 -27.535533905029297 -26.4
    endloop
  endfacet
  facet normal 0 0 -1
    outer loop
      vertex 27.535533905029297 -27.535533905029297 -26.4
      vertex 20.79672907292843 -4.240800961852074 -26.4
      vertex 27.759199038147926 -27.29672907292843 -26.4
    endloop
  endfacet
  facet normal 0 0 -1
    outer loop
      vertex 27.04380714148283 -27.966766700148582 -26.4
      vertex 25.60978122014168 -23.453552908984626 -26.4
      vertex 20 -3.669872984290123 -26.4
    endloop
  endfacet
  facet normal 0 0 -1
    outer loop
      vertex 20 -3.669872984290123 -26.4
      vertex 23.055530603866675 -22.586501659085673 -26.4
      vertex 22.965105570685175 -22.6512993215049 -26.4
    endloop
  endfacet
  facet normal 0 0 -1
    outer loop
      vertex 20 -3.669872984290123 -26.4
      vertex 23.15 -22.527756813566455 -26.4
      vertex 23.055530603866675 -22.586501659085673 -26.4
    endloop
  endfacet
  facet normal 0 0 -1
    outer loop
      vertex 20 -3.669872984290123 -26.4
      vertex 23.248109226627697 -22.47531633939443 -26.4
      vertex 23.15 -22.527756813566455 -26.4
    endloop
  endfacet
  facet normal 0 0 -1
    outer loop
      vertex 20 -3.669872984290123 -26.4
      vertex 23.349438164979347 -22.429404794730814 -26.4
      vertex 23.248109226627697 -22.47531633939443 -26.4
    endloop
  endfacet
  facet normal 0 0 -1
    outer loop
      vertex 20 -3.669872984290123 -26.4
      vertex 23.453552908984626 -22.39021877985832 -26.4
      vertex 23.349438164979347 -22.429404794730814 -26.4
    endloop
  endfacet
  facet normal 0 0 -1
    outer loop
      vertex 20 -3.669872984290123 -26.4
      vertex 23.560007623325713 -22.357926095308585 -26.4
      vertex 23.453552908984626 -22.39021877985832 -26.4
    endloop
  endfacet
  facet normal 0 0 -1
    outer loop
      vertex 20 -3.669872984290123 -26.4
      vertex 23.66834645257258 -22.332665023314508 -26.4
      vertex 23.560007623325713 -22.357926095308585 -26.4
    endloop
  endfacet
  facet normal 0 0 -1
    outer loop
      vertex 20 -3.669872984290123 -26.4
      vertex 23.778105473225914 -22.31454373566452 -26.4
      vertex 23.66834645257258 -22.332665023314508 -26.4
    endloop
  endfacet
  facet normal 0 0 -1
    outer loop
      vertex 20 -3.669872984290123 -26.4
      vertex 23.888814680308755 -22.303639830494376 -26.4
      vertex 23.778105473225914 -22.31454373566452 -26.4
    endloop
  endfacet
  facet normal 0 0 -1
    outer loop
      vertex 20 -3.669872984290123 -26.4
      vertex 24 -22.3 -26.4
      vertex 23.888814680308755 -22.303639830494376 -26.4
    endloop
  endfacet
  facet normal 0 0 -1
    outer loop
      vertex 20 -3.669872984290123 -26.4
      vertex 24.111185319691245 -22.303639830494376 -26.4
      vertex 24 -22.3 -26.4
    endloop
  endfacet
  facet normal 0 0 -1
    outer loop
      vertex 20 -3.669872984290123 -26.4
      vertex 24.221894526774086 -22.31454373566452 -26.4
      vertex 24.111185319691245 -22.303639830494376 -26.4
    endloop
  endfacet
  facet normal 0 0 -1
    outer loop
      vertex 20 -3.669872984290123 -26.4
      vertex 24.33165354742742 -22.332665023314508 -26.4
      vertex 24.221894526774086 -22.31454373566452 -26.4
    endloop
  endfacet
  facet normal 0 0 -1
    outer loop
      vertex 20 -3.669872984290123 -26.4
      vertex 24.546447091015374 -22.39021877985832 -26.4
      vertex 24.439992376674287 -22.357926095308585 -26.4
    endloop
  endfacet
  facet normal 0 0 -1
    outer loop
      vertex 20 -3.669872984290123 -26.4
      vertex 24.439992376674287 -22.357926095308585 -26.4
      vertex 24.33165354742742 -22.332665023314508 -26.4
    endloop
  endfacet
  facet normal 0 0 -1
    outer loop
      vertex 20 -3.669872984290123 -26.4
      vertex 24.650561835020653 -22.429404794730814 -26.4
      vertex 24.546447091015374 -22.39021877985832 -26.4
    endloop
  endfacet
  facet normal 0 0 -1
    outer loop
      vertex 20 -3.669872984290123 -26.4
      vertex 25.3487006784951 -22.965105570685175 -26.4
      vertex 25.278127672714263 -22.87911211432988 -26.4
    endloop
  endfacet
  facet normal 0 0 -1
    outer loop
      vertex 20 -3.669872984290123 -26.4
      vertex 25.12088788567012 -22.721872327285737 -26.4
      vertex 25.034894429314825 -22.6512993215049 -26.4
    endloop
  endfacet
  facet normal 0 0 -1
    outer loop
      vertex 20 -3.669872984290123 -26.4
      vertex 25.202081528017132 -22.797918471982868 -26.4
      vertex 25.12088788567012 -22.721872327285737 -26.4
    endloop
  endfacet
  facet normal 0 0 -1
    outer loop
      vertex 20 -3.669872984290123 -26.4
      vertex 25.278127672714263 -22.87911211432988 -26.4
      vertex 25.202081528017132 -22.797918471982868 -26.4
    endloop
  endfacet
  facet normal 0 0 -1
    outer loop
      vertex 20 -3.669872984290123 -26.4
      vertex 24.85 -22.527756813566455 -26.4
      vertex 24.751890773372303 -22.47531633939443 -26.4
    endloop
  endfacet
  facet normal 0 0 -1
    outer loop
      vertex 20 -3.669872984290123 -26.4
      vertex 25.034894429314825 -22.6512993215049 -26.4
      vertex 24.944469396133325 -22.586501659085673 -26.4
    endloop
  endfacet
  facet normal 0 0 -1
    outer loop
      vertex 20 -3.669872984290123 -26.4
      vertex 24.944469396133325 -22.586501659085673 -26.4
      vertex 24.85 -22.527756813566455 -26.4
    endloop
  endfacet
  facet normal 0 0 -1
    outer loop
      vertex 20 -3.669872984290123 -26.4
      vertex 24.751890773372303 -22.47531633939443 -26.4
      vertex 24.650561835020653 -22.429404794730814 -26.4
    endloop
  endfacet
  facet normal 0 0 -1
    outer loop
      vertex 20 -3.669872984290123 -26.4
      vertex 25.60978122014168 -23.453552908984626 -26.4
      vertex 25.570595205269186 -23.349438164979347 -26.4
    endloop
  endfacet
  facet normal 0 0 -1
    outer loop
      vertex 20 -3.669872984290123 -26.4
      vertex 25.52468366060557 -23.248109226627697 -26.4
      vertex 25.472243186433545 -23.15 -26.4
    endloop
  endfacet
  facet normal 0 0 -1
    outer loop
      vertex 20 -3.669872984290123 -26.4
      vertex 25.472243186433545 -23.15 -26.4
      vertex 25.413498340914327 -23.055530603866675 -26.4
    endloop
  endfacet
  facet normal 0 0 -1
    outer loop
      vertex 20 -3.669872984290123 -26.4
      vertex 25.570595205269186 -23.349438164979347 -26.4
      vertex 25.52468366060557 -23.248109226627697 -26.4
    endloop
  endfacet
  facet normal 0 0 -1
    outer loop
      vertex 20 -3.669872984290123 -26.4
      vertex 25.413498340914327 -23.055530603866675 -26.4
      vertex 25.3487006784951 -22.965105570685175 -26.4
    endloop
  endfacet
  facet normal 0 0 -1
    outer loop
      vertex 27.759199038147926 -27.29672907292843 -26.4
      vertex 21.035533905029297 -4.464466094970703 -26.4
      vertex 27.966766700148582 -27.04380714148283 -26.4
    endloop
  endfacet
  facet normal 0 0 -1
    outer loop
      vertex 27.966766700148582 -27.04380714148283 -26.4
      vertex 21.259199038147926 -4.703270927071571 -26.4
      vertex 28.157348059117794 -26.777851164340973 -26.4
    endloop
  endfacet
  facet normal 0 0 -1
    outer loop
      vertex 28.157348059117794 -26.777851164340973 -26.4
      vertex 21.466766700148582 -4.95619285851717 -26.4
      vertex 28.330127015709877 -26.5 -26.4
    endloop
  endfacet
  facet normal 0 0 -1
    outer loop
      vertex 28.330127015709877 -26.5 -26.4
      vertex 21.657348059117794 -5.222148835659027 -26.4
      vertex 28.484363704919815 -26.211443454027176 -26.4
    endloop
  endfacet
  facet normal 0 0 -1
    outer loop
      vertex 28.484363704919815 -26.211443454027176 -26.4
      vertex 21.830127015709877 -5.5 -26.4
      vertex 28.619397662580013 -25.913417160511017 -26.4
    endloop
  endfacet
  facet normal 0 0 -1
    outer loop
      vertex 28.619397662580013 -25.913417160511017 -26.4
      vertex 21.984363704919815 -5.788556545972824 -26.4
      vertex 28.734650649130344 -25.60719732940197 -26.4
    endloop
  endfacet
  facet normal 0 0 -1
    outer loop
      vertex 28.734650649130344 -25.60719732940197 -26.4
      vertex 22.119397662580013 -6.086582839488983 -26.4
      vertex 28.829629130661488 -25.29409522563219 -26.4
    endloop
  endfacet
  facet normal 0 0 -1
    outer loop
      vertex 28.829629130661488 -25.29409522563219 -26.4
      vertex 22.119397662580013 -6.086582839488983 -26.4
      vertex 28.619397662580013 -22.086582839488983 -26.4
    endloop
  endfacet
  facet normal 0 0 -1
    outer loop
      vertex 27.04380714148283 -27.966766700148582 -26.4
      vertex 20 -3.669872984290123 -26.4
      vertex 20.277851164340973 -3.842651940882206 -26.4
    endloop
  endfacet
  facet normal 0 0 -1
    outer loop
      vertex 27.29672907292843 -27.759199038147926 -26.4
      vertex 20.277851164340973 -3.842651940882206 -26.4
      vertex 20.54380714148283 -4.0332332998514175 -26.4
    endloop
  endfacet
  facet normal 0 0 -1
    outer loop
      vertex 27.535533905029297 -27.535533905029297 -26.4
      vertex 20.54380714148283 -4.0332332998514175 -26.4
      vertex 20.79672907292843 -4.240800961852074 -26.4
    endloop
  endfacet
  facet normal 0 0 -1
    outer loop
      vertex 27.759199038147926 -27.29672907292843 -26.4
      vertex 20.79672907292843 -4.240800961852074 -26.4
      vertex 21.035533905029297 -4.464466094970703 -26.4
    endloop
  endfacet
  facet normal 0 0 -1
    outer loop
      vertex 27.966766700148582 -27.04380714148283 -26.4
      vertex 21.035533905029297 -4.464466094970703 -26.4
      vertex 21.259199038147926 -4.703270927071571 -26.4
    endloop
  endfacet
  facet normal 0 0 -1
    outer loop
      vertex 28.157348059117794 -26.777851164340973 -26.4
      vertex 21.259199038147926 -4.703270927071571 -26.4
      vertex 21.466766700148582 -4.95619285851717 -26.4
    endloop
  endfacet
  facet normal 0 0 -1
    outer loop
      vertex 28.484363704919815 -26.211443454027176 -26.4
      vertex 21.657348059117794 -5.222148835659027 -26.4
      vertex 21.830127015709877 -5.5 -26.4
    endloop
  endfacet
  facet normal 0 0 -1
    outer loop
      vertex 28.330127015709877 -26.5 -26.4
      vertex 21.466766700148582 -4.95619285851717 -26.4
      vertex 21.657348059117794 -5.222148835659027 -26.4
    endloop
  endfacet
  facet normal 0 0 -1
    outer loop
      vertex 28.734650649130344 -25.60719732940197 -26.4
      vertex 21.984363704919815 -5.788556545972824 -26.4
      vertex 22.119397662580013 -6.086582839488983 -26.4
    endloop
  endfacet
  facet normal 0 0 -1
    outer loop
      vertex 28.619397662580013 -25.913417160511017 -26.4
      vertex 21.830127015709877 -5.5 -26.4
      vertex 21.984363704919815 -5.788556545972824 -26.4
    endloop
  endfacet
  facet normal 0.9264665771223092 0.3763770469559381 0
    outer loop
      vertex 28.619397662580013 -22.086582839488983 -26.4
      vertex 22.119397662580013 -6.086582839488983 -26.4
      vertex 28.619397662580013 -22.086582839488983 -23.4
    endloop
  endfacet
  facet normal 0 -1 0
    outer loop
      vertex -24 -29 -23.4
      vertex 24 -29 -26.4
      vertex 24 -29 -23.4
    endloop
  endfacet
  facet normal 0 0 1
    outer loop
      vertex 24 -29 -23.4
      vertex -1.913417161825449 -4.619397662556434 -23.4
      vertex -2.2114434510950067 -4.484363707663441 -23.4
    endloop
  endfacet
  facet normal 0 0 1
    outer loop
      vertex 24 -29 -23.4
      vertex -1.607197326515808 -4.7346506474755286 -23.4
      vertex -1.913417161825449 -4.619397662556434 -23.4
    endloop
  endfacet
  facet normal 0 0 1
    outer loop
      vertex 24 -29 -23.4
      vertex -1.2940952255126037 -4.8296291314453415 -23.4
      vertex -1.607197326515808 -4.7346506474755286 -23.4
    endloop
  endfacet
  facet normal 0 0 1
    outer loop
      vertex 24 -29 -23.4
      vertex -0.9754516100806412 -4.903926402016152 -23.4
      vertex -1.2940952255126037 -4.8296291314453415 -23.4
    endloop
  endfacet
  facet normal 0 0 1
    outer loop
      vertex 24 -29 -23.4
      vertex -0.3270156461507153 -4.989294616193018 -23.4
      vertex -0.6526309611002579 -4.957224306869052 -23.4
    endloop
  endfacet
  facet normal 0 0 1
    outer loop
      vertex 24 -29 -23.4
      vertex -0.6526309611002579 -4.957224306869052 -23.4
      vertex -0.9754516100806412 -4.903926402016152 -23.4
    endloop
  endfacet
  facet normal 0 0 1
    outer loop
      vertex 24 -29 -23.4
      vertex 0 -5 -23.4
      vertex -0.3270156461507153 -4.989294616193018 -23.4
    endloop
  endfacet
  facet normal 0 0 1
    outer loop
      vertex 24 -29 -23.4
      vertex 0.3270156461507153 -4.989294616193018 -23.4
      vertex 0 -5 -23.4
    endloop
  endfacet
  facet normal 0 0 1
    outer loop
      vertex 24 -29 -23.4
      vertex 0.6526309611002579 -4.957224306869052 -23.4
      vertex 0.3270156461507153 -4.989294616193018 -23.4
    endloop
  endfacet
  facet normal 0 0 1
    outer loop
      vertex 24 -29 -23.4
      vertex 0.9754516100806412 -4.903926402016152 -23.4
      vertex 0.6526309611002579 -4.957224306869052 -23.4
    endloop
  endfacet
  facet normal 0 0 1
    outer loop
      vertex 24 -29 -23.4
      vertex 1.2940952255126037 -4.8296291314453415 -23.4
      vertex 0.9754516100806412 -4.903926402016152 -23.4
    endloop
  endfacet
  facet normal 0 0 1
    outer loop
      vertex 24 -29 -23.4
      vertex 1.607197326515808 -4.7346506474755286 -23.4
      vertex 1.2940952255126037 -4.8296291314453415 -23.4
    endloop
  endfacet
  facet normal 0 0 1
    outer loop
      vertex 24 -29 -23.4
      vertex 1.913417161825449 -4.619397662556434 -23.4
      vertex 1.607197326515808 -4.7346506474755286 -23.4
    endloop
  endfacet
  facet normal 0 0 1
    outer loop
      vertex 24 -29 -23.4
      vertex 2.2114434510950067 -4.484363707663441 -23.4
      vertex 1.913417161825449 -4.619397662556434 -23.4
    endloop
  endfacet
  facet normal 0 0 1
    outer loop
      vertex 24 -29 -23.4
      vertex 2.5 -4.330127018922193 -23.4
      vertex 2.2114434510950067 -4.484363707663441 -23.4
    endloop
  endfacet
  facet normal 0 0 1
    outer loop
      vertex 24 -29 -23.4
      vertex 2.777851165098011 -4.157348061512726 -23.4
      vertex 2.5 -4.330127018922193 -23.4
    endloop
  endfacet
  facet normal 0 0 1
    outer loop
      vertex 24 -29 -23.4
      vertex 3.043807145043603 -3.9667667014561756 -23.4
      vertex 2.777851165098011 -4.157348061512726 -23.4
    endloop
  endfacet
  facet normal 0 0 1
    outer loop
      vertex 24 -29 -23.4
      vertex 3.296729075500344 -3.7591990373948874 -23.4
      vertex 3.043807145043603 -3.9667667014561756 -23.4
    endloop
  endfacet
  facet normal 0 0 1
    outer loop
      vertex 24 -29 -23.4
      vertex 3.5355339059327378 -3.5355339059327378 -23.4
      vertex 3.296729075500344 -3.7591990373948874 -23.4
    endloop
  endfacet
  facet normal 0 0 1
    outer loop
      vertex 24 -29 -23.4
      vertex 3.7591990373948874 -3.296729075500344 -23.4
      vertex 3.5355339059327378 -3.5355339059327378 -23.4
    endloop
  endfacet
  facet normal 0 0 1
    outer loop
      vertex 24 -29 -23.4
      vertex 3.9667667014561756 -3.043807145043603 -23.4
      vertex 3.7591990373948874 -3.296729075500344 -23.4
    endloop
  endfacet
  facet normal 0 0 1
    outer loop
      vertex 24 -29 -23.4
      vertex 4.157348061512726 -2.777851165098011 -23.4
      vertex 3.9667667014561756 -3.043807145043603 -23.4
    endloop
  endfacet
  facet normal 0 0 1
    outer loop
      vertex 24 -29 -23.4
      vertex 4.330127018922193 -2.5 -23.4
      vertex 4.157348061512726 -2.777851165098011 -23.4
    endloop
  endfacet
  facet normal 0 0 1
    outer loop
      vertex 24 -29 -23.4
      vertex 4.484363707663441 -2.2114434510950067 -23.4
      vertex 4.330127018922193 -2.5 -23.4
    endloop
  endfacet
  facet normal 0 0 1
    outer loop
      vertex 24 -29 -23.4
      vertex 4.619397662556434 -1.913417161825449 -23.4
      vertex 4.484363707663441 -2.2114434510950067 -23.4
    endloop
  endfacet
  facet normal 0.032719076215845674 -0.9994645876926215 0
    outer loop
      vertex 24.32701564580202 -28.98929461836815 -26.4
      vertex 24.32701564580202 -28.98929461836815 -23.4
      vertex 24 -29 -23.4
    endloop
  endfacet
  facet normal 0.09801713861722108 -0.9951847268408476 0
    outer loop
      vertex 24.65263096243143 -28.957224309444427 -26.4
      vertex 24.65263096243143 -28.957224309444427 -23.4
      vertex 24.32701564580202 -28.98929461836815 -23.4
    endloop
  endfacet
  facet normal 0.162895480332872 -0.9866433309393638 0
    outer loop
      vertex 24.975451610982418 -28.9039264023304 -26.4
      vertex 24.975451610982418 -28.9039264023304 -23.4
      vertex 24.65263096243143 -28.957224309444427 -23.4
    endloop
  endfacet
  facet normal 0.2270762667461368 -0.9738769784118718 0
    outer loop
      vertex 25.29409522563219 -28.829629130661488 -26.4
      vertex 25.29409522563219 -28.829629130661488 -23.4
      vertex 24.975451610982418 -28.9039264023304 -23.4
    endloop
  endfacet
  facet normal 0.2902846680803412 -0.9569403385151481 0
    outer loop
      vertex 25.60719732940197 -28.734650649130344 -26.4
      vertex 25.60719732940197 -28.734650649130344 -23.4
      vertex 25.29409522563219 -28.829629130661488 -23.4
    endloop
  endfacet
  facet normal 0.3522500565206636 -0.9359059235207294 0
    outer loop
      vertex 25.913417160511017 -28.619397662580013 -26.4
      vertex 25.913417160511017 -28.619397662580013 -23.4
      vertex 25.60719732940197 -28.734650649130344 -23.4
    endloop
  endfacet
  facet normal 0.4127070319422718 -0.9108638239525163 0
    outer loop
      vertex 26.211443454027176 -28.484363704919815 -26.4
      vertex 26.211443454027176 -28.484363704919815 -23.4
      vertex 25.913417160511017 -28.619397662580013 -23.4
    endloop
  endfacet
  facet normal 0.471396741665818 -0.881921261761417 0
    outer loop
      vertex 26.5 -28.330127015709877 -26.4
      vertex 26.5 -28.330127015709877 -23.4
      vertex 26.211443454027176 -28.484363704919815 -23.4
    endloop
  endfacet
  facet normal 0.5280678498863844 -0.8492021820016544 0
    outer loop
      vertex 26.777851164340973 -28.157348059117794 -26.4
      vertex 26.777851164340973 -28.157348059117794 -23.4
      vertex 26.5 -28.330127015709877 -23.4
    endloop
  endfacet
  facet normal 0.5824776987292368 -0.81284668325773 0
    outer loop
      vertex 27.04380714148283 -27.966766700148582 -26.4
      vertex 27.04380714148283 -27.966766700148582 -23.4
      vertex 26.777851164340973 -28.157348059117794 -23.4
    endloop
  endfacet
  facet normal 0.6343932789182372 -0.7730104576675324 0
    outer loop
      vertex 27.29672907292843 -27.759199038147926 -26.4
      vertex 27.29672907292843 -27.759199038147926 -23.4
      vertex 27.04380714148283 -27.966766700148582 -23.4
    endloop
  endfacet
  facet normal 0.6835923021755597 -0.7298640725548274 0
    outer loop
      vertex 27.535533905029297 -27.535533905029297 -26.4
      vertex 27.535533905029297 -27.535533905029297 -23.4
      vertex 27.29672907292843 -27.759199038147926 -23.4
    endloop
  endfacet
  facet normal 0.7298640725548274 -0.6835923021755597 0
    outer loop
      vertex 27.759199038147926 -27.29672907292843 -26.4
      vertex 27.759199038147926 -27.29672907292843 -23.4
      vertex 27.535533905029297 -27.535533905029297 -23.4
    endloop
  endfacet
  facet normal 0.7730104576675324 -0.6343932789182372 0
    outer loop
      vertex 27.966766700148582 -27.04380714148283 -26.4
      vertex 27.966766700148582 -27.04380714148283 -23.4
      vertex 27.759199038147926 -27.29672907292843 -23.4
    endloop
  endfacet
  facet normal 0.81284668325773 -0.5824776987292368 0
    outer loop
      vertex 28.157348059117794 -26.777851164340973 -26.4
      vertex 28.157348059117794 -26.777851164340973 -23.4
      vertex 27.966766700148582 -27.04380714148283 -23.4
    endloop
  endfacet
  facet normal 0.8492021820016544 -0.5280678498863844 0
    outer loop
      vertex 28.330127015709877 -26.5 -26.4
      vertex 28.330127015709877 -26.5 -23.4
      vertex 28.157348059117794 -26.777851164340973 -23.4
    endloop
  endfacet
  facet normal 0.881921261761417 -0.471396741665818 0
    outer loop
      vertex 28.484363704919815 -26.211443454027176 -26.4
      vertex 28.484363704919815 -26.211443454027176 -23.4
      vertex 28.330127015709877 -26.5 -23.4
    endloop
  endfacet
  facet normal 0.9108638239525163 -0.4127070319422718 0
    outer loop
      vertex 28.619397662580013 -25.913417160511017 -26.4
      vertex 28.619397662580013 -25.913417160511017 -23.4
      vertex 28.484363704919815 -26.211443454027176 -23.4
    endloop
  endfacet
  facet normal 0.9359059235207294 -0.3522500565206636 0
    outer loop
      vertex 28.734650649130344 -25.60719732940197 -26.4
      vertex 28.734650649130344 -25.60719732940197 -23.4
      vertex 28.619397662580013 -25.913417160511017 -23.4
    endloop
  endfacet
  facet normal 0.9569403385151481 -0.2902846680803412 0
    outer loop
      vertex 28.829629130661488 -25.29409522563219 -26.4
      vertex 28.829629130661488 -25.29409522563219 -23.4
      vertex 28.734650649130344 -25.60719732940197 -23.4
    endloop
  endfacet
  facet normal 0.9738769784118718 -0.2270762667461368 0
    outer loop
      vertex 28.9039264023304 -24.975451610982418 -26.4
      vertex 28.9039264023304 -24.975451610982418 -23.4
      vertex 28.829629130661488 -25.29409522563219 -23.4
    endloop
  endfacet
  facet normal 0.9866433309393638 -0.162895480332872 0
    outer loop
      vertex 28.957224309444427 -24.65263096243143 -26.4
      vertex 28.957224309444427 -24.65263096243143 -23.4
      vertex 28.9039264023304 -24.975451610982418 -23.4
    endloop
  endfacet
  facet normal 0.9951847268408476 -0.09801713861722108 0
    outer loop
      vertex 28.98929461836815 -24.32701564580202 -26.4
      vertex 28.98929461836815 -24.32701564580202 -23.4
      vertex 28.957224309444427 -24.65263096243143 -23.4
    endloop
  endfacet
  facet normal 0.9994645876926215 -0.032719076215845674 0
    outer loop
      vertex 29 -24 -26.4
      vertex 29 -24 -23.4
      vertex 28.98929461836815 -24.32701564580202 -23.4
    endloop
  endfacet
  facet normal 0.9994645876926215 0.032719076215845674 0
    outer loop
      vertex 28.98929461836815 -23.67298435419798 -26.4
      vertex 28.98929461836815 -23.67298435419798 -23.4
      vertex 29 -24 -23.4
    endloop
  endfacet
  facet normal 0.9951847268408476 0.09801713861722108 0
    outer loop
      vertex 28.957224309444427 -23.34736903756857 -26.4
      vertex 28.957224309444427 -23.34736903756857 -23.4
      vertex 28.98929461836815 -23.67298435419798 -23.4
    endloop
  endfacet
  facet normal 0.9866433309393638 0.162895480332872 0
    outer loop
      vertex 28.9039264023304 -23.024548389017582 -26.4
      vertex 28.9039264023304 -23.024548389017582 -23.4
      vertex 28.957224309444427 -23.34736903756857 -23.4
    endloop
  endfacet
  facet normal 0.9738769784118718 0.2270762667461368 0
    outer loop
      vertex 28.829629130661488 -22.70590477436781 -26.4
      vertex 28.829629130661488 -22.70590477436781 -23.4
      vertex 28.9039264023304 -23.024548389017582 -23.4
    endloop
  endfacet
  facet normal 0.9569403385151481 0.2902846680803412 0
    outer loop
      vertex 28.734650649130344 -22.39280267059803 -26.4
      vertex 28.734650649130344 -22.39280267059803 -23.4
      vertex 28.829629130661488 -22.70590477436781 -23.4
    endloop
  endfacet
  facet normal 0.9359059235207294 0.3522500565206636 0
    outer loop
      vertex 28.619397662580013 -22.086582839488983 -26.4
      vertex 28.619397662580013 -22.086582839488983 -23.4
      vertex 28.734650649130344 -22.39280267059803 -23.4
    endloop
  endfacet
  facet normal 0 0 1
    outer loop
      vertex 24.975451610982418 -28.9039264023304 -23.4
      vertex 25.29409522563219 -28.829629130661488 -23.4
      vertex 22.87911211432988 -25.278127672714263 -23.4
    endloop
  endfacet
  facet normal 0 0 1
    outer loop
      vertex 25.29409522563219 -28.829629130661488 -23.4
      vertex 25.60719732940197 -28.734650649130344 -23.4
      vertex 23.453552908984626 -25.60978122014168 -23.4
    endloop
  endfacet
  facet normal 0 0 1
    outer loop
      vertex 25.60719732940197 -28.734650649130344 -23.4
      vertex 25.913417160511017 -28.619397662580013 -23.4
      vertex 23.888814680308755 -25.696360169505624 -23.4
    endloop
  endfacet
  facet normal 0 0 1
    outer loop
      vertex 24.975451610982418 -28.9039264023304 -23.4
      vertex 22.797918471982868 -25.202081528017132 -23.4
      vertex 22.721872327285737 -25.12088788567012 -23.4
    endloop
  endfacet
  facet normal 0 0 1
    outer loop
      vertex 24.975451610982418 -28.9039264023304 -23.4
      vertex 22.87911211432988 -25.278127672714263 -23.4
      vertex 22.797918471982868 -25.202081528017132 -23.4
    endloop
  endfacet
  facet normal 0 0 1
    outer loop
      vertex 24.975451610982418 -28.9039264023304 -23.4
      vertex 22.721872327285737 -25.12088788567012 -23.4
      vertex 22.6512993215049 -25.034894429314825 -23.4
    endloop
  endfacet
  facet normal 0 0 1
    outer loop
      vertex 24.975451610982418 -28.9039264023304 -23.4
      vertex 22.6512993215049 -25.034894429314825 -23.4
      vertex 22.586501659085673 -24.944469396133325 -23.4
    endloop
  endfacet
  facet normal 0 0 1
    outer loop
      vertex 24.975451610982418 -28.9039264023304 -23.4
      vertex 22.586501659085673 -24.944469396133325 -23.4
      vertex 22.527756813566455 -24.85 -23.4
    endloop
  endfacet
  facet normal 0 0 1
    outer loop
      vertex 25.29409522563219 -28.829629130661488 -23.4
      vertex 22.965105570685175 -25.3487006784951 -23.4
      vertex 22.87911211432988 -25.278127672714263 -23.4
    endloop
  endfacet
  facet normal 0 0 1
    outer loop
      vertex 25.29409522563219 -28.829629130661488 -23.4
      vertex 23.055530603866675 -25.413498340914327 -23.4
      vertex 22.965105570685175 -25.3487006784951 -23.4
    endloop
  endfacet
  facet normal 0 0 1
    outer loop
      vertex 25.29409522563219 -28.829629130661488 -23.4
      vertex 23.349438164979347 -25.570595205269186 -23.4
      vertex 23.248109226627697 -25.52468366060557 -23.4
    endloop
  endfacet
  facet normal 0 0 1
    outer loop
      vertex 25.29409522563219 -28.829629130661488 -23.4
      vertex 23.15 -25.472243186433545 -23.4
      vertex 23.055530603866675 -25.413498340914327 -23.4
    endloop
  endfacet
  facet normal 0 0 1
    outer loop
      vertex 25.29409522563219 -28.829629130661488 -23.4
      vertex 23.248109226627697 -25.52468366060557 -23.4
      vertex 23.15 -25.472243186433545 -23.4
    endloop
  endfacet
  facet normal 0 0 1
    outer loop
      vertex 25.29409522563219 -28.829629130661488 -23.4
      vertex 23.453552908984626 -25.60978122014168 -23.4
      vertex 23.349438164979347 -25.570595205269186 -23.4
    endloop
  endfacet
  facet normal 0 0 1
    outer loop
      vertex 25.60719732940197 -28.734650649130344 -23.4
      vertex 23.560007623325713 -25.642073904691415 -23.4
      vertex 23.453552908984626 -25.60978122014168 -23.4
    endloop
  endfacet
  facet normal 0 0 1
    outer loop
      vertex 25.60719732940197 -28.734650649130344 -23.4
      vertex 23.66834645257258 -25.667334976685492 -23.4
      vertex 23.560007623325713 -25.642073904691415 -23.4
    endloop
  endfacet
  facet normal 0 0 1
    outer loop
      vertex 25.60719732940197 -28.734650649130344 -23.4
      vertex 23.778105473225914 -25.68545626433548 -23.4
      vertex 23.66834645257258 -25.667334976685492 -23.4
    endloop
  endfacet
  facet normal 0 0 1
    outer loop
      vertex 25.60719732940197 -28.734650649130344 -23.4
      vertex 23.888814680308755 -25.696360169505624 -23.4
      vertex 23.778105473225914 -25.68545626433548 -23.4
    endloop
  endfacet
  facet normal 0 0 1
    outer loop
      vertex 25.913417160511017 -28.619397662580013 -23.4
      vertex 24 -25.7 -23.4
      vertex 23.888814680308755 -25.696360169505624 -23.4
    endloop
  endfacet
  facet normal 0 0 1
    outer loop
      vertex 25.913417160511017 -28.619397662580013 -23.4
      vertex 24.111185319691245 -25.696360169505624 -23.4
      vertex 24 -25.7 -23.4
    endloop
  endfacet
  facet normal 0 0 1
    outer loop
      vertex 25.913417160511017 -28.619397662580013 -23.4
      vertex 24.221894526774086 -25.68545626433548 -23.4
      vertex 24.111185319691245 -25.696360169505624 -23.4
    endloop
  endfacet
  facet normal 0 0 1
    outer loop
      vertex 26.211443454027176 -28.484363704919815 -23.4
      vertex 24.33165354742742 -25.667334976685492 -23.4
      vertex 24.221894526774086 -25.68545626433548 -23.4
    endloop
  endfacet
  facet normal 0 0 1
    outer loop
      vertex 26.211443454027176 -28.484363704919815 -23.4
      vertex 24.439992376674287 -25.642073904691415 -23.4
      vertex 24.33165354742742 -25.667334976685492 -23.4
    endloop
  endfacet
  facet normal 0 0 1
    outer loop
      vertex 26.211443454027176 -28.484363704919815 -23.4
      vertex 24.546447091015374 -25.60978122014168 -23.4
      vertex 24.439992376674287 -25.642073904691415 -23.4
    endloop
  endfacet
  facet normal 0 0 1
    outer loop
      vertex 26.5 -28.330127015709877 -23.4
      vertex 24.650561835020653 -25.570595205269186 -23.4
      vertex 24.546447091015374 -25.60978122014168 -23.4
    endloop
  endfacet
  facet normal 0 0 1
    outer loop
      vertex 26.5 -28.330127015709877 -23.4
      vertex 24.751890773372303 -25.52468366060557 -23.4
      vertex 24.650561835020653 -25.570595205269186 -23.4
    endloop
  endfacet
  facet normal 0 0 1
    outer loop
      vertex 26.5 -28.330127015709877 -23.4
      vertex 24.85 -25.472243186433545 -23.4
      vertex 24.751890773372303 -25.52468366060557 -23.4
    endloop
  endfacet
  facet normal 0 0 1
    outer loop
      vertex 25.913417160511017 -28.619397662580013 -23.4
      vertex 26.211443454027176 -28.484363704919815 -23.4
      vertex 24.221894526774086 -25.68545626433548 -23.4
    endloop
  endfacet
  facet normal 0 0 1
    outer loop
      vertex 26.211443454027176 -28.484363704919815 -23.4
      vertex 26.5 -28.330127015709877 -23.4
      vertex 24.546447091015374 -25.60978122014168 -23.4
    endloop
  endfacet
  facet normal 0 0 1
    outer loop
      vertex 26.5 -28.330127015709877 -23.4
      vertex 26.777851164340973 -28.157348059117794 -23.4
      vertex 24.85 -25.472243186433545 -23.4
    endloop
  endfacet
  facet normal 0 0 1
    outer loop
      vertex 26.777851164340973 -28.157348059117794 -23.4
      vertex 27.04380714148283 -27.966766700148582 -23.4
      vertex 25.68545626433548 -24.221894526774086 -23.4
    endloop
  endfacet
  facet normal 0 0 1
    outer loop
      vertex 26.777851164340973 -28.157348059117794 -23.4
      vertex 24.944469396133325 -25.413498340914327 -23.4
      vertex 24.85 -25.472243186433545 -23.4
    endloop
  endfacet
  facet normal 0 0 1
    outer loop
      vertex 26.777851164340973 -28.157348059117794 -23.4
      vertex 25.034894429314825 -25.3487006784951 -23.4
      vertex 24.944469396133325 -25.413498340914327 -23.4
    endloop
  endfacet
  facet normal 0 0 1
    outer loop
      vertex 26.777851164340973 -28.157348059117794 -23.4
      vertex 25.12088788567012 -25.278127672714263 -23.4
      vertex 25.034894429314825 -25.3487006784951 -23.4
    endloop
  endfacet
  facet normal 0 0 1
    outer loop
      vertex 26.777851164340973 -28.157348059117794 -23.4
      vertex 25.202081528017132 -25.202081528017132 -23.4
      vertex 25.12088788567012 -25.278127672714263 -23.4
    endloop
  endfacet
  facet normal 0 0 1
    outer loop
      vertex 26.777851164340973 -28.157348059117794 -23.4
      vertex 25.278127672714263 -25.12088788567012 -23.4
      vertex 25.202081528017132 -25.202081528017132 -23.4
    endloop
  endfacet
  facet normal 0 0 1
    outer loop
      vertex 26.777851164340973 -28.157348059117794 -23.4
      vertex 25.3487006784951 -25.034894429314825 -23.4
      vertex 25.278127672714263 -25.12088788567012 -23.4
    endloop
  endfacet
  facet normal 0 0 1
    outer loop
      vertex 26.777851164340973 -28.157348059117794 -23.4
      vertex 25.413498340914327 -24.944469396133325 -23.4
      vertex 25.3487006784951 -25.034894429314825 -23.4
    endloop
  endfacet
  facet normal 0 0 1
    outer loop
      vertex 26.777851164340973 -28.157348059117794 -23.4
      vertex 25.472243186433545 -24.85 -23.4
      vertex 25.413498340914327 -24.944469396133325 -23.4
    endloop
  endfacet
  facet normal 0 0 1
    outer loop
      vertex 26.777851164340973 -28.157348059117794 -23.4
      vertex 25.52468366060557 -24.751890773372303 -23.4
      vertex 25.472243186433545 -24.85 -23.4
    endloop
  endfacet
  facet normal 0 0 1
    outer loop
      vertex 26.777851164340973 -28.157348059117794 -23.4
      vertex 25.570595205269186 -24.650561835020653 -23.4
      vertex 25.52468366060557 -24.751890773372303 -23.4
    endloop
  endfacet
  facet normal 0 0 1
    outer loop
      vertex 26.777851164340973 -28.157348059117794 -23.4
      vertex 25.60978122014168 -24.546447091015374 -23.4
      vertex 25.570595205269186 -24.650561835020653 -23.4
    endloop
  endfacet
  facet normal 0 0 1
    outer loop
      vertex 26.777851164340973 -28.157348059117794 -23.4
      vertex 25.642073904691415 -24.439992376674287 -23.4
      vertex 25.60978122014168 -24.546447091015374 -23.4
    endloop
  endfacet
  facet normal 0 0 1
    outer loop
      vertex 26.777851164340973 -28.157348059117794 -23.4
      vertex 25.667334976685492 -24.33165354742742 -23.4
      vertex 25.642073904691415 -24.439992376674287 -23.4
    endloop
  endfacet
  facet normal 0 0 1
    outer loop
      vertex 26.777851164340973 -28.157348059117794 -23.4
      vertex 25.68545626433548 -24.221894526774086 -23.4
      vertex 25.667334976685492 -24.33165354742742 -23.4
    endloop
  endfacet
  facet normal 0 0 1
    outer loop
      vertex 27.04380714148283 -27.966766700148582 -23.4
      vertex 25.696360169505624 -24.111185319691245 -23.4
      vertex 25.68545626433548 -24.221894526774086 -23.4
    endloop
  endfacet
  facet normal 0 0 1
    outer loop
      vertex 27.04380714148283 -27.966766700148582 -23.4
      vertex 25.7 -24 -23.4
      vertex 25.696360169505624 -24.111185319691245 -23.4
    endloop
  endfacet
  facet normal 0 0 1
    outer loop
      vertex 27.04380714148283 -27.966766700148582 -23.4
      vertex 25.696360169505624 -23.888814680308755 -23.4
      vertex 25.7 -24 -23.4
    endloop
  endfacet
  facet normal 0 0 1
    outer loop
      vertex 27.04380714148283 -27.966766700148582 -23.4
      vertex 25.68545626433548 -23.778105473225914 -23.4
      vertex 25.696360169505624 -23.888814680308755 -23.4
    endloop
  endfacet
  facet normal 0 0 1
    outer loop
      vertex 27.04380714148283 -27.966766700148582 -23.4
      vertex 25.667334976685492 -23.66834645257258 -23.4
      vertex 25.68545626433548 -23.778105473225914 -23.4
    endloop
  endfacet
  facet normal 0 0 1
    outer loop
      vertex 27.04380714148283 -27.966766700148582 -23.4
      vertex 25.642073904691415 -23.560007623325713 -23.4
      vertex 25.667334976685492 -23.66834645257258 -23.4
    endloop
  endfacet
  facet normal 0 0 1
    outer loop
      vertex 27.04380714148283 -27.966766700148582 -23.4
      vertex 25.60978122014168 -23.453552908984626 -23.4
      vertex 25.642073904691415 -23.560007623325713 -23.4
    endloop
  endfacet
  facet normal 0 0 1
    outer loop
      vertex 28.829629130661488 -25.29409522563219 -23.4
      vertex 28.9039264023304 -24.975451610982418 -23.4
      vertex 28.619397662580013 -22.086582839488983 -23.4
    endloop
  endfacet
  facet normal 0 0 1
    outer loop
      vertex 28.9039264023304 -24.975451610982418 -23.4
      vertex 28.957224309444427 -24.65263096243143 -23.4
      vertex 28.734650649130344 -22.39280267059803 -23.4
    endloop
  endfacet
  facet normal 0 0 1
    outer loop
      vertex 28.957224309444427 -24.65263096243143 -23.4
      vertex 28.98929461836815 -24.32701564580202 -23.4
      vertex 28.829629130661488 -22.70590477436781 -23.4
    endloop
  endfacet
  facet normal 0 0 1
    outer loop
      vertex 28.98929461836815 -24.32701564580202 -23.4
      vertex 29 -24 -23.4
      vertex 28.9039264023304 -23.024548389017582 -23.4
    endloop
  endfacet
  facet normal 0 0 1
    outer loop
      vertex 29 -24 -23.4
      vertex 28.98929461836815 -23.67298435419798 -23.4
      vertex 28.957224309444427 -23.34736903756857 -23.4
    endloop
  endfacet
  facet normal 0 0 1
    outer loop
      vertex 29 -24 -23.4
      vertex 28.957224309444427 -23.34736903756857 -23.4
      vertex 28.9039264023304 -23.024548389017582 -23.4
    endloop
  endfacet
  facet normal 0 0 1
    outer loop
      vertex 28.9039264023304 -24.975451610982418 -23.4
      vertex 28.734650649130344 -22.39280267059803 -23.4
      vertex 28.619397662580013 -22.086582839488983 -23.4
    endloop
  endfacet
  facet normal 0 0 1
    outer loop
      vertex 28.957224309444427 -24.65263096243143 -23.4
      vertex 28.829629130661488 -22.70590477436781 -23.4
      vertex 28.734650649130344 -22.39280267059803 -23.4
    endloop
  endfacet
  facet normal 0 0 1
    outer loop
      vertex 28.98929461836815 -24.32701564580202 -23.4
      vertex 28.9039264023304 -23.024548389017582 -23.4
      vertex 28.829629130661488 -22.70590477436781 -23.4
    endloop
  endfacet
  facet normal 0.9264665771223092 0.3763770469559381 0
    outer loop
      vertex 28.619397662580013 -22.086582839488983 -23.4
      vertex 22.119397662580013 -6.086582839488983 -26.4
      vertex 22.119397662580013 -6.086582839488983 -23.4
    endloop
  endfacet
  facet normal 0 0 1
    outer loop
      vertex 24 -29 -23.4
      vertex 24.32701564580202 -28.98929461836815 -23.4
      vertex 4.957224306869052 -0.6526309611002579 -23.4
    endloop
  endfacet
  facet normal 0 0 1
    outer loop
      vertex 24.32701564580202 -28.98929461836815 -23.4
      vertex 24.65263096243143 -28.957224309444427 -23.4
      vertex 5 0 -23.4
    endloop
  endfacet
  facet normal 0 0 1
    outer loop
      vertex 24.975451610982418 -28.9039264023304 -23.4
      vertex 22.527756813566455 -24.85 -23.4
      vertex 4.619397662556434 1.913417161825449 -23.4
    endloop
  endfacet
  facet normal 0 0 1
    outer loop
      vertex 4.619397662556434 1.913417161825449 -23.4
      vertex 22.47531633939443 -24.751890773372303 -23.4
      vertex 22.429404794730814 -24.650561835020653 -23.4
    endloop
  endfacet
  facet normal 0 0 1
    outer loop
      vertex 4.619397662556434 1.913417161825449 -23.4
      vertex 22.527756813566455 -24.85 -23.4
      vertex 22.47531633939443 -24.751890773372303 -23.4
    endloop
  endfacet
  facet normal 0 0 1
    outer loop
      vertex 4.619397662556434 1.913417161825449 -23.4
      vertex 22.429404794730814 -24.650561835020653 -23.4
      vertex 22.39021877985832 -24.546447091015374 -23.4
    endloop
  endfacet
  facet normal 0 0 1
    outer loop
      vertex 4.619397662556434 1.913417161825449 -23.4
      vertex 22.39021877985832 -24.546447091015374 -23.4
      vertex 22.357926095308585 -24.439992376674287 -23.4
    endloop
  endfacet
  facet normal 0 0 1
    outer loop
      vertex 4.484363707663441 2.2114434510950067 -23.4
      vertex 22.357926095308585 -24.439992376674287 -23.4
      vertex 22.332665023314508 -24.33165354742742 -23.4
    endloop
  endfacet
  facet normal 0 0 1
    outer loop
      vertex 24.65263096243143 -28.957224309444427 -23.4
      vertex 24.975451610982418 -28.9039264023304 -23.4
      vertex 4.903926402016152 0.9754516100806412 -23.4
    endloop
  endfacet
  facet normal 0 0 1
    outer loop
      vertex 23.055530603866675 -22.586501659085673 -23.4
      vertex 23.15 -22.527756813566455 -23.4
      vertex 18.102842014918714 -11.030691469113558 -23.4
    endloop
  endfacet
  facet normal 0 0 1
    outer loop
      vertex 23.15 -22.527756813566455 -23.4
      vertex 23.248109226627697 -22.47531633939443 -23.4
      vertex 18.2997679897009 -10.984774771830986 -23.4
    endloop
  endfacet
  facet normal 0 0 1
    outer loop
      vertex 23.248109226627697 -22.47531633939443 -23.4
      vertex 23.349438164979347 -22.429404794730814 -23.4
      vertex 18.49326923516858 -10.926076810744478 -23.4
    endloop
  endfacet
  facet normal 0 0 1
    outer loop
      vertex 1.8117333157176452 6.761480784023478 -23.4
      vertex 22.332665023314508 -24.33165354742742 -23.4
      vertex 22.31454373566452 -24.221894526774086 -23.4
    endloop
  endfacet
  facet normal 0 0 1
    outer loop
      vertex 1.8117333157176452 6.761480784023478 -23.4
      vertex 22.31454373566452 -24.221894526774086 -23.4
      vertex 22.303639830494376 -24.111185319691245 -23.4
    endloop
  endfacet
  facet normal 0 0 1
    outer loop
      vertex 1.8117333157176452 6.761480784023478 -23.4
      vertex 22.303639830494376 -24.111185319691245 -23.4
      vertex 22.3 -24 -23.4
    endloop
  endfacet
  facet normal 0 0 1
    outer loop
      vertex 1.8117333157176452 6.761480784023478 -23.4
      vertex 22.3 -24 -23.4
      vertex 22.303639830494376 -23.888814680308755 -23.4
    endloop
  endfacet
  facet normal 0 0 1
    outer loop
      vertex 1.8117333157176452 6.761480784023478 -23.4
      vertex 22.303639830494376 -23.888814680308755 -23.4
      vertex 22.31454373566452 -23.778105473225914 -23.4
    endloop
  endfacet
  facet normal 0 0 1
    outer loop
      vertex 2.250076257122131 6.62851090646574 -23.4
      vertex 22.31454373566452 -23.778105473225914 -23.4
      vertex 22.332665023314508 -23.66834645257258 -23.4
    endloop
  endfacet
  facet normal 0 0 1
    outer loop
      vertex 2.250076257122131 6.62851090646574 -23.4
      vertex 22.332665023314508 -23.66834645257258 -23.4
      vertex 22.357926095308585 -23.560007623325713 -23.4
    endloop
  endfacet
  facet normal 0 0 1
    outer loop
      vertex 2.250076257122131 6.62851090646574 -23.4
      vertex 22.357926095308585 -23.560007623325713 -23.4
      vertex 22.39021877985832 -23.453552908984626 -23.4
    endloop
  endfacet
  facet normal 0 0 1
    outer loop
      vertex 2.250076257122131 6.62851090646574 -23.4
      vertex 22.39021877985832 -23.453552908984626 -23.4
      vertex 22.429404794730814 -23.349438164979347 -23.4
    endloop
  endfacet
  facet normal 0 0 1
    outer loop
      vertex 2.6787840265556286 6.467156727579007 -23.4
      vertex 22.429404794730814 -23.349438164979347 -23.4
      vertex 22.47531633939443 -23.248109226627697 -23.4
    endloop
  endfacet
  facet normal 0 0 1
    outer loop
      vertex 2.6787840265556286 6.467156727579007 -23.4
      vertex 22.47531633939443 -23.248109226627697 -23.4
      vertex 22.527756813566455 -23.15 -23.4
    endloop
  endfacet
  facet normal 0 0 1
    outer loop
      vertex 23.055530603866675 -22.586501659085673 -23.4
      vertex 15.61888686903663 -10.451514361456226 -23.4
      vertex 15.46257776605502 -10.323234795825767 -23.4
    endloop
  endfacet
  facet normal 0 0 1
    outer loop
      vertex 23.055530603866675 -22.586501659085673 -23.4
      vertex 15.314993217869915 -10.185006782130085 -23.4
      vertex 15.176765204174233 -10.03742223394498 -23.4
    endloop
  endfacet
  facet normal 0 0 1
    outer loop
      vertex 23.055530603866675 -22.586501659085673 -23.4
      vertex 15.176765204174233 -10.03742223394498 -23.4
      vertex 15.048485638543774 -9.88111313096337 -23.4
    endloop
  endfacet
  facet normal 0 0 1
    outer loop
      vertex 23.055530603866675 -22.586501659085673 -23.4
      vertex 15.46257776605502 -10.323234795825767 -23.4
      vertex 15.314993217869915 -10.185006782130085 -23.4
    endloop
  endfacet
  facet normal 0 0 1
    outer loop
      vertex 2.6787840265556286 6.467156727579007 -23.4
      vertex 22.527756813566455 -23.15 -23.4
      vertex 22.586501659085673 -23.055530603866675 -23.4
    endloop
  endfacet
  facet normal 0 0 1
    outer loop
      vertex 3.096020831533009 6.278109190728818 -23.4
      vertex 22.586501659085673 -23.055530603866675 -23.4
      vertex 22.6512993215049 -22.965105570685175 -23.4
    endloop
  endfacet
  facet normal 0 0 1
    outer loop
      vertex 3.096020831533009 6.278109190728818 -23.4
      vertex 22.6512993215049 -22.965105570685175 -23.4
      vertex 22.721872327285737 -22.87911211432988 -23.4
    endloop
  endfacet
  facet normal 0 0 1
    outer loop
      vertex 3.096020831533009 6.278109190728818 -23.4
      vertex 22.721872327285737 -22.87911211432988 -23.4
      vertex 22.797918471982868 -22.797918471982868 -23.4
    endloop
  endfacet
  facet normal 0 0 1
    outer loop
      vertex 3.5 6.06217782649107 -23.4
      vertex 22.797918471982868 -22.797918471982868 -23.4
      vertex 22.87911211432988 -22.721872327285737 -23.4
    endloop
  endfacet
  facet normal 0 0 1
    outer loop
      vertex 3.5 6.06217782649107 -23.4
      vertex 22.87911211432988 -22.721872327285737 -23.4
      vertex 22.965105570685175 -22.6512993215049 -23.4
    endloop
  endfacet
  facet normal 0 0 1
    outer loop
      vertex 3.5 6.06217782649107 -23.4
      vertex 22.965105570685175 -22.6512993215049 -23.4
      vertex 23.055530603866675 -22.586501659085673 -23.4
    endloop
  endfacet
  facet normal 0 0 1
    outer loop
      vertex 23.055530603866675 -22.586501659085673 -23.4
      vertex 16.133298656581548 -10.771396166881802 -23.4
      vertex 15.95496688741722 -10.676075850369662 -23.4
    endloop
  endfacet
  facet normal 0 0 1
    outer loop
      vertex 23.055530603866675 -22.586501659085673 -23.4
      vertex 16.317482850718207 -10.854848939534875 -23.4
      vertex 16.133298656581548 -10.771396166881802 -23.4
    endloop
  endfacet
  facet normal 0 0 1
    outer loop
      vertex 23.055530603866675 -22.586501659085673 -23.4
      vertex 15.783251187238767 -10.569296166227598 -23.4
      vertex 15.61888686903663 -10.451514361456226 -23.4
    endloop
  endfacet
  facet normal 0 0 1
    outer loop
      vertex 23.055530603866675 -22.586501659085673 -23.4
      vertex 15.95496688741722 -10.676075850369662 -23.4
      vertex 15.783251187238767 -10.569296166227598 -23.4
    endloop
  endfacet
  facet normal 0 0 1
    outer loop
      vertex 23.055530603866675 -22.586501659085673 -23.4
      vertex 16.7002320102991 -10.984774771830986 -23.4
      vertex 16.50673076483142 -10.926076810744478 -23.4
    endloop
  endfacet
  facet normal 0 0 1
    outer loop
      vertex 23.055530603866675 -22.586501659085673 -23.4
      vertex 16.50673076483142 -10.926076810744478 -23.4
      vertex 16.317482850718207 -10.854848939534875 -23.4
    endloop
  endfacet
  facet normal 0 0 1
    outer loop
      vertex 23.055530603866675 -22.586501659085673 -23.4
      vertex 16.897157985081286 -11.030691469113558 -23.4
      vertex 16.7002320102991 -10.984774771830986 -23.4
    endloop
  endfacet
  facet normal 0 0 1
    outer loop
      vertex 23.055530603866675 -22.586501659085673 -23.4
      vertex 17.09666542192135 -11.063630280245164 -23.4
      vertex 16.897157985081286 -11.030691469113558 -23.4
    endloop
  endfacet
  facet normal 0 0 1
    outer loop
      vertex 23.055530603866675 -22.586501659085673 -23.4
      vertex 17.2978999993458 -11.083450156179682 -23.4
      vertex 17.09666542192135 -11.063630280245164 -23.4
    endloop
  endfacet
  facet normal 0 0 1
    outer loop
      vertex 23.055530603866675 -22.586501659085673 -23.4
      vertex 17.5 -11.090066225165561 -23.4
      vertex 17.2978999993458 -11.083450156179682 -23.4
    endloop
  endfacet
  facet normal 0 0 1
    outer loop
      vertex 23.055530603866675 -22.586501659085673 -23.4
      vertex 17.7021000006542 -11.083450156179682 -23.4
      vertex 17.5 -11.090066225165561 -23.4
    endloop
  endfacet
  facet normal 0 0 1
    outer loop
      vertex 23.055530603866675 -22.586501659085673 -23.4
      vertex 17.90333457807865 -11.063630280245164 -23.4
      vertex 17.7021000006542 -11.083450156179682 -23.4
    endloop
  endfacet
  facet normal 0 0 1
    outer loop
      vertex 23.055530603866675 -22.586501659085673 -23.4
      vertex 18.102842014918714 -11.030691469113558 -23.4
      vertex 17.90333457807865 -11.063630280245164 -23.4
    endloop
  endfacet
  facet normal 0 0 1
    outer loop
      vertex 23.15 -22.527756813566455 -23.4
      vertex 18.2997679897009 -10.984774771830986 -23.4
      vertex 18.102842014918714 -11.030691469113558 -23.4
    endloop
  endfacet
  facet normal 0 0 1
    outer loop
      vertex 23.248109226627697 -22.47531633939443 -23.4
      vertex 18.49326923516858 -10.926076810744478 -23.4
      vertex 18.2997679897009 -10.984774771830986 -23.4
    endloop
  endfacet
  facet normal 0 0 1
    outer loop
      vertex 23.349438164979347 -22.429404794730814 -23.4
      vertex 18.682517149281793 -10.854848939534875 -23.4
      vertex 18.49326923516858 -10.926076810744478 -23.4
    endloop
  endfacet
  facet normal 0 0 1
    outer loop
      vertex 23.560007623325713 -22.357926095308585 -23.4
      vertex 18.866701343418452 -10.771396166881802 -23.4
      vertex 18.682517149281793 -10.854848939534875 -23.4
    endloop
  endfacet
  facet normal 0 0 1
    outer loop
      vertex 23.66834645257258 -22.332665023314508 -23.4
      vertex 19.045033112582782 -10.676075850369662 -23.4
      vertex 18.866701343418452 -10.771396166881802 -23.4
    endloop
  endfacet
  facet normal 0 0 1
    outer loop
      vertex 23.778105473225914 -22.31454373566452 -23.4
      vertex 19.21674881276123 -10.569296166227598 -23.4
      vertex 19.045033112582782 -10.676075850369662 -23.4
    endloop
  endfacet
  facet normal 0 0 1
    outer loop
      vertex 24 -22.3 -23.4
      vertex 19.38111313096337 -10.451514361456226 -23.4
      vertex 19.21674881276123 -10.569296166227598 -23.4
    endloop
  endfacet
  facet normal 0 0 1
    outer loop
      vertex 24.111185319691245 -22.303639830494376 -23.4
      vertex 19.53742223394498 -10.323234795825767 -23.4
      vertex 19.38111313096337 -10.451514361456226 -23.4
    endloop
  endfacet
  facet normal 0 0 1
    outer loop
      vertex 24.33165354742742 -22.332665023314508 -23.4
      vertex 19.685006782130085 -10.185006782130085 -23.4
      vertex 19.53742223394498 -10.323234795825767 -23.4
    endloop
  endfacet
  facet normal 0 0 1
    outer loop
      vertex 24.439992376674287 -22.357926095308585 -23.4
      vertex 19.823234795825766 -10.03742223394498 -23.4
      vertex 19.685006782130085 -10.185006782130085 -23.4
    endloop
  endfacet
  facet normal 0 0 1
    outer loop
      vertex 24.650561835020653 -22.429404794730814 -23.4
      vertex 19.951514361456226 -9.88111313096337 -23.4
      vertex 19.823234795825766 -10.03742223394498 -23.4
    endloop
  endfacet
  facet normal 0 0 1
    outer loop
      vertex 24.751890773372303 -22.47531633939443 -23.4
      vertex 20.0692961662276 -9.716748812761233 -23.4
      vertex 19.951514361456226 -9.88111313096337 -23.4
    endloop
  endfacet
  facet normal 0 0 1
    outer loop
      vertex 24.85 -22.527756813566455 -23.4
      vertex 20.17607585036966 -9.54503311258278 -23.4
      vertex 20.0692961662276 -9.716748812761233 -23.4
    endloop
  endfacet
  facet normal 0 0 1
    outer loop
      vertex 23.349438164979347 -22.429404794730814 -23.4
      vertex 23.453552908984626 -22.39021877985832 -23.4
      vertex 18.682517149281793 -10.854848939534875 -23.4
    endloop
  endfacet
  facet normal 0 0 1
    outer loop
      vertex 23.453552908984626 -22.39021877985832 -23.4
      vertex 23.560007623325713 -22.357926095308585 -23.4
      vertex 18.682517149281793 -10.854848939534875 -23.4
    endloop
  endfacet
  facet normal 0 0 1
    outer loop
      vertex 23.560007623325713 -22.357926095308585 -23.4
      vertex 23.66834645257258 -22.332665023314508 -23.4
      vertex 18.866701343418452 -10.771396166881802 -23.4
    endloop
  endfacet
  facet normal 0 0 1
    outer loop
      vertex 23.66834645257258 -22.332665023314508 -23.4
      vertex 23.778105473225914 -22.31454373566452 -23.4
      vertex 19.045033112582782 -10.676075850369662 -23.4
    endloop
  endfacet
  facet normal 0 0 1
    outer loop
      vertex 23.778105473225914 -22.31454373566452 -23.4
      vertex 23.888814680308755 -22.303639830494376 -23.4
      vertex 19.21674881276123 -10.569296166227598 -23.4
    endloop
  endfacet
  facet normal 0 0 1
    outer loop
      vertex 23.888814680308755 -22.303639830494376 -23.4
      vertex 24 -22.3 -23.4
      vertex 19.21674881276123 -10.569296166227598 -23.4
    endloop
  endfacet
  facet normal 0 0 1
    outer loop
      vertex 24 -22.3 -23.4
      vertex 24.111185319691245 -22.303639830494376 -23.4
      vertex 19.38111313096337 -10.451514361456226 -23.4
    endloop
  endfacet
  facet normal 0 0 1
    outer loop
      vertex 24.111185319691245 -22.303639830494376 -23.4
      vertex 24.221894526774086 -22.31454373566452 -23.4
      vertex 19.53742223394498 -10.323234795825767 -23.4
    endloop
  endfacet
  facet normal 0 0 1
    outer loop
      vertex 24.221894526774086 -22.31454373566452 -23.4
      vertex 24.33165354742742 -22.332665023314508 -23.4
      vertex 19.53742223394498 -10.323234795825767 -23.4
    endloop
  endfacet
  facet normal 0 0 1
    outer loop
      vertex 24.33165354742742 -22.332665023314508 -23.4
      vertex 24.439992376674287 -22.357926095308585 -23.4
      vertex 19.685006782130085 -10.185006782130085 -23.4
    endloop
  endfacet
  facet normal 0 0 1
    outer loop
      vertex 24.439992376674287 -22.357926095308585 -23.4
      vertex 24.546447091015374 -22.39021877985832 -23.4
      vertex 19.823234795825766 -10.03742223394498 -23.4
    endloop
  endfacet
  facet normal 0 0 1
    outer loop
      vertex 24.546447091015374 -22.39021877985832 -23.4
      vertex 24.650561835020653 -22.429404794730814 -23.4
      vertex 19.823234795825766 -10.03742223394498 -23.4
    endloop
  endfacet
  facet normal 0 0 1
    outer loop
      vertex 24.650561835020653 -22.429404794730814 -23.4
      vertex 24.751890773372303 -22.47531633939443 -23.4
      vertex 19.951514361456226 -9.88111313096337 -23.4
    endloop
  endfacet
  facet normal 0 0 1
    outer loop
      vertex 24.751890773372303 -22.47531633939443 -23.4
      vertex 24.85 -22.527756813566455 -23.4
      vertex 20.0692961662276 -9.716748812761233 -23.4
    endloop
  endfacet
  facet normal 0 0 1
    outer loop
      vertex 24.85 -22.527756813566455 -23.4
      vertex 24.944469396133325 -22.586501659085673 -23.4
      vertex 20.17607585036966 -9.54503311258278 -23.4
    endloop
  endfacet
  facet normal 0 0 1
    outer loop
      vertex 24.944469396133325 -22.586501659085673 -23.4
      vertex 25.034894429314825 -22.6512993215049 -23.4
      vertex 20.17607585036966 -9.54503311258278 -23.4
    endloop
  endfacet
  facet normal 0 0 1
    outer loop
      vertex 25.034894429314825 -22.6512993215049 -23.4
      vertex 25.12088788567012 -22.721872327285737 -23.4
      vertex 20.2713961668818 -9.36670134341845 -23.4
    endloop
  endfacet
  facet normal 0 0 1
    outer loop
      vertex 25.12088788567012 -22.721872327285737 -23.4
      vertex 25.202081528017132 -22.797918471982868 -23.4
      vertex 20.354848939534875 -9.182517149281793 -23.4
    endloop
  endfacet
  facet normal 0 0 1
    outer loop
      vertex 27.04380714148283 -27.966766700148582 -23.4
      vertex 27.29672907292843 -27.759199038147926 -23.4
      vertex 20.277851164340973 -3.842651940882206 -23.4
    endloop
  endfacet
  facet normal 0 0 1
    outer loop
      vertex 27.29672907292843 -27.759199038147926 -23.4
      vertex 27.535533905029297 -27.535533905029297 -23.4
      vertex 20.54380714148283 -4.0332332998514175 -23.4
    endloop
  endfacet
  facet normal 0 0 1
    outer loop
      vertex 27.535533905029297 -27.535533905029297 -23.4
      vertex 27.759199038147926 -27.29672907292843 -23.4
      vertex 20.79672907292843 -4.240800961852074 -23.4
    endloop
  endfacet
  facet normal 0 0 1
    outer loop
      vertex 27.04380714148283 -27.966766700148582 -23.4
      vertex 20 -3.669872984290123 -23.4
      vertex 25.60978122014168 -23.453552908984626 -23.4
    endloop
  endfacet
  facet normal 0 0 1
    outer loop
      vertex 25.278127672714263 -22.87911211432988 -23.4
      vertex 20.426076810744476 -8.993269235168576 -23.4
      vertex 25.202081528017132 -22.797918471982868 -23.4
    endloop
  endfacet
  facet normal 0 0 1
    outer loop
      vertex 25.3487006784951 -22.965105570685175 -23.4
      vertex 20.426076810744476 -8.993269235168576 -23.4
      vertex 25.278127672714263 -22.87911211432988 -23.4
    endloop
  endfacet
  facet normal 0 0 1
    outer loop
      vertex 20 -3.669872984290123 -23.4
      vertex 25.570595205269186 -23.349438164979347 -23.4
      vertex 25.60978122014168 -23.453552908984626 -23.4
    endloop
  endfacet
  facet normal 0 0 1
    outer loop
      vertex 20 -3.669872984290123 -23.4
      vertex 25.472243186433545 -23.15 -23.4
      vertex 25.52468366060557 -23.248109226627697 -23.4
    endloop
  endfacet
  facet normal 0 0 1
    outer loop
      vertex 20 -3.669872984290123 -23.4
      vertex 25.413498340914327 -23.055530603866675 -23.4
      vertex 25.472243186433545 -23.15 -23.4
    endloop
  endfacet
  facet normal 0 0 1
    outer loop
      vertex 20 -3.669872984290123 -23.4
      vertex 25.52468366060557 -23.248109226627697 -23.4
      vertex 25.570595205269186 -23.349438164979347 -23.4
    endloop
  endfacet
  facet normal 0 0 1
    outer loop
      vertex 20 -3.669872984290123 -23.4
      vertex 25.3487006784951 -22.965105570685175 -23.4
      vertex 25.413498340914327 -23.055530603866675 -23.4
    endloop
  endfacet
  facet normal 0 0 1
    outer loop
      vertex 27.759199038147926 -27.29672907292843 -23.4
      vertex 27.966766700148582 -27.04380714148283 -23.4
      vertex 21.035533905029297 -4.464466094970703 -23.4
    endloop
  endfacet
  facet normal 0 0 1
    outer loop
      vertex 27.966766700148582 -27.04380714148283 -23.4
      vertex 28.157348059117794 -26.777851164340973 -23.4
      vertex 21.259199038147926 -4.703270927071571 -23.4
    endloop
  endfacet
  facet normal 0 0 1
    outer loop
      vertex 28.157348059117794 -26.777851164340973 -23.4
      vertex 28.330127015709877 -26.5 -23.4
      vertex 21.466766700148582 -4.95619285851717 -23.4
    endloop
  endfacet
  facet normal 0 0 1
    outer loop
      vertex 28.330127015709877 -26.5 -23.4
      vertex 28.484363704919815 -26.211443454027176 -23.4
      vertex 21.657348059117794 -5.222148835659027 -23.4
    endloop
  endfacet
  facet normal 0 0 1
    outer loop
      vertex 28.484363704919815 -26.211443454027176 -23.4
      vertex 28.619397662580013 -25.913417160511017 -23.4
      vertex 21.830127015709877 -5.5 -23.4
    endloop
  endfacet
  facet normal 0 0 1
    outer loop
      vertex 28.619397662580013 -25.913417160511017 -23.4
      vertex 28.734650649130344 -25.60719732940197 -23.4
      vertex 21.984363704919815 -5.788556545972824 -23.4
    endloop
  endfacet
  facet normal 0 0 1
    outer loop
      vertex 28.734650649130344 -25.60719732940197 -23.4
      vertex 28.829629130661488 -25.29409522563219 -23.4
      vertex 22.119397662580013 -6.086582839488983 -23.4
    endloop
  endfacet
  facet normal 0 0 1
    outer loop
      vertex 28.829629130661488 -25.29409522563219 -23.4
      vertex 28.619397662580013 -22.086582839488983 -23.4
      vertex 22.119397662580013 -6.086582839488983 -23.4
    endloop
  endfacet
  facet normal 0 0 1
    outer loop
      vertex 25.034894429314825 -22.6512993215049 -23.4
      vertex 20.2713961668818 -9.36670134341845 -23.4
      vertex 20.17607585036966 -9.54503311258278 -23.4
    endloop
  endfacet
  facet normal 0 0 1
    outer loop
      vertex 25.12088788567012 -22.721872327285737 -23.4
      vertex 20.354848939534875 -9.182517149281793 -23.4
      vertex 20.2713961668818 -9.36670134341845 -23.4
    endloop
  endfacet
  facet normal 0 0 1
    outer loop
      vertex 25.202081528017132 -22.797918471982868 -23.4
      vertex 20.426076810744476 -8.993269235168576 -23.4
      vertex 20.354848939534875 -9.182517149281793 -23.4
    endloop
  endfacet
  facet normal 0 0 1
    outer loop
      vertex 25.3487006784951 -22.965105570685175 -23.4
      vertex 20.48477477183099 -8.799767989700902 -23.4
      vertex 20.426076810744476 -8.993269235168576 -23.4
    endloop
  endfacet
  facet normal 0 0 1
    outer loop
      vertex 25.3487006784951 -22.965105570685175 -23.4
      vertex 20.530691469113556 -8.60284201491871 -23.4
      vertex 20.48477477183099 -8.799767989700902 -23.4
    endloop
  endfacet
  facet normal 0 0 1
    outer loop
      vertex 25.3487006784951 -22.965105570685175 -23.4
      vertex 20.563630280245164 -8.403334578078649 -23.4
      vertex 20.530691469113556 -8.60284201491871 -23.4
    endloop
  endfacet
  facet normal 0 0 1
    outer loop
      vertex 25.3487006784951 -22.965105570685175 -23.4
      vertex 20.583450156179683 -8.202100000654204 -23.4
      vertex 20.563630280245164 -8.403334578078649 -23.4
    endloop
  endfacet
  facet normal 0 0 1
    outer loop
      vertex 25.3487006784951 -22.965105570685175 -23.4
      vertex 20.59006622516556 -8 -23.4
      vertex 20.583450156179683 -8.202100000654204 -23.4
    endloop
  endfacet
  facet normal 0 0 1
    outer loop
      vertex 25.3487006784951 -22.965105570685175 -23.4
      vertex 20.583450156179683 -7.7978999993457965 -23.4
      vertex 20.59006622516556 -8 -23.4
    endloop
  endfacet
  facet normal 0 0 1
    outer loop
      vertex 25.3487006784951 -22.965105570685175 -23.4
      vertex 20.563630280245164 -7.596665421921351 -23.4
      vertex 20.583450156179683 -7.7978999993457965 -23.4
    endloop
  endfacet
  facet normal 0 0 1
    outer loop
      vertex 27.04380714148283 -27.966766700148582 -23.4
      vertex 20.277851164340973 -3.842651940882206 -23.4
      vertex 20 -3.669872984290123 -23.4
    endloop
  endfacet
  facet normal 0 0 1
    outer loop
      vertex 20 -3.669872984290123 -23.4
      vertex 20.563630280245164 -7.596665421921351 -23.4
      vertex 25.3487006784951 -22.965105570685175 -23.4
    endloop
  endfacet
  facet normal 0 0 1
    outer loop
      vertex 27.29672907292843 -27.759199038147926 -23.4
      vertex 20.54380714148283 -4.0332332998514175 -23.4
      vertex 20.277851164340973 -3.842651940882206 -23.4
    endloop
  endfacet
  facet normal 0 0 1
    outer loop
      vertex 27.535533905029297 -27.535533905029297 -23.4
      vertex 20.79672907292843 -4.240800961852074 -23.4
      vertex 20.54380714148283 -4.0332332998514175 -23.4
    endloop
  endfacet
  facet normal 0 0 1
    outer loop
      vertex 27.759199038147926 -27.29672907292843 -23.4
      vertex 21.035533905029297 -4.464466094970703 -23.4
      vertex 20.79672907292843 -4.240800961852074 -23.4
    endloop
  endfacet
  facet normal 0 0 1
    outer loop
      vertex 27.966766700148582 -27.04380714148283 -23.4
      vertex 21.259199038147926 -4.703270927071571 -23.4
      vertex 21.035533905029297 -4.464466094970703 -23.4
    endloop
  endfacet
  facet normal 0 0 1
    outer loop
      vertex 28.157348059117794 -26.777851164340973 -23.4
      vertex 21.466766700148582 -4.95619285851717 -23.4
      vertex 21.259199038147926 -4.703270927071571 -23.4
    endloop
  endfacet
  facet normal 0 0 1
    outer loop
      vertex 28.484363704919815 -26.211443454027176 -23.4
      vertex 21.830127015709877 -5.5 -23.4
      vertex 21.657348059117794 -5.222148835659027 -23.4
    endloop
  endfacet
  facet normal 0 0 1
    outer loop
      vertex 28.330127015709877 -26.5 -23.4
      vertex 21.657348059117794 -5.222148835659027 -23.4
      vertex 21.466766700148582 -4.95619285851717 -23.4
    endloop
  endfacet
  facet normal 0 0 1
    outer loop
      vertex 28.734650649130344 -25.60719732940197 -23.4
      vertex 22.119397662580013 -6.086582839488983 -23.4
      vertex 21.984363704919815 -5.788556545972824 -23.4
    endloop
  endfacet
  facet normal 0 0 1
    outer loop
      vertex 28.619397662580013 -25.913417160511017 -23.4
      vertex 21.984363704919815 -5.788556545972824 -23.4
      vertex 21.830127015709877 -5.5 -23.4
    endloop
  endfacet
  facet normal 0 0 -1
    outer loop
      vertex 22.39021877985832 -24.546447091015374 -26.4
      vertex 4.484363707663441 2.2114434510950067 -26.4
      vertex 4.330127018922193 2.5 -26.4
    endloop
  endfacet
  facet normal 0 0 -1
    outer loop
      vertex 24 -29 -26.4
      vertex 4.619397662556434 -1.913417161825449 -26.4
      vertex 4.7346506474755286 -1.607197326515808 -26.4
    endloop
  endfacet
  facet normal 0 0 -1
    outer loop
      vertex 24 -29 -26.4
      vertex 4.7346506474755286 -1.607197326515808 -26.4
      vertex 4.8296291314453415 -1.2940952255126037 -26.4
    endloop
  endfacet
  facet normal 0 0 -1
    outer loop
      vertex 24 -29 -26.4
      vertex 4.8296291314453415 -1.2940952255126037 -26.4
      vertex 4.903926402016152 -0.9754516100806412 -26.4
    endloop
  endfacet
  facet normal 0 0 -1
    outer loop
      vertex 24 -29 -26.4
      vertex 4.903926402016152 -0.9754516100806412 -26.4
      vertex 4.957224306869052 -0.6526309611002579 -26.4
    endloop
  endfacet
  facet normal 0 0 -1
    outer loop
      vertex 24 -29 -26.4
      vertex 4.957224306869052 -0.6526309611002579 -26.4
      vertex 4.989294616193018 -0.3270156461507153 -26.4
    endloop
  endfacet
  facet normal 0 0 -1
    outer loop
      vertex 24.32701564580202 -28.98929461836815 -26.4
      vertex 4.989294616193018 -0.3270156461507153 -26.4
      vertex 5 0 -26.4
    endloop
  endfacet
  facet normal 0 0 -1
    outer loop
      vertex 24.32701564580202 -28.98929461836815 -26.4
      vertex 5 0 -26.4
      vertex 4.989294616193018 0.3270156461507153 -26.4
    endloop
  endfacet
  facet normal 0 0 -1
    outer loop
      vertex 24.65263096243143 -28.957224309444427 -26.4
      vertex 4.989294616193018 0.3270156461507153 -26.4
      vertex 4.957224306869052 0.6526309611002579 -26.4
    endloop
  endfacet
  facet normal 0 0 -1
    outer loop
      vertex 24.65263096243143 -28.957224309444427 -26.4
      vertex 4.957224306869052 0.6526309611002579 -26.4
      vertex 4.903926402016152 0.9754516100806412 -26.4
    endloop
  endfacet
  facet normal 0 0 -1
    outer loop
      vertex 24.65263096243143 -28.957224309444427 -26.4
      vertex 4.903926402016152 0.9754516100806412 -26.4
      vertex 4.8296291314453415 1.2940952255126037 -26.4
    endloop
  endfacet
  facet normal 0 0 -1
    outer loop
      vertex 24.975451610982418 -28.9039264023304 -26.4
      vertex 4.8296291314453415 1.2940952255126037 -26.4
      vertex 4.7346506474755286 1.607197326515808 -26.4
    endloop
  endfacet
  facet normal 0 0 -1
    outer loop
      vertex 24.975451610982418 -28.9039264023304 -26.4
      vertex 4.7346506474755286 1.607197326515808 -26.4
      vertex 4.619397662556434 1.913417161825449 -26.4
    endloop
  endfacet
  facet normal 0 0 -1
    outer loop
      vertex 24.975451610982418 -28.9039264023304 -26.4
      vertex 4.619397662556434 1.913417161825449 -26.4
      vertex 4.484363707663441 2.2114434510950067 -26.4
    endloop
  endfacet
  facet normal 0 0 -1
    outer loop
      vertex 3.5 6.06217782649107 -26.4
      vertex 16.297056308033635 -9.05495330416011 -26.4
      vertex 22.965105570685175 -22.6512993215049 -26.4
    endloop
  endfacet
  facet normal 0 0 -1
    outer loop
      vertex 1.8117333157176452 6.761480784023478 -26.4
      vertex 22.357926095308585 -24.439992376674287 -26.4
      vertex 4.330127018922193 2.5 -26.4
    endloop
  endfacet
  facet normal 0 0 -1
    outer loop
      vertex 1.8117333157176452 6.761480784023478 -26.4
      vertex 2.250076257122131 6.62851090646574 -26.4
      vertex 22.303639830494376 -23.888814680308755 -26.4
    endloop
  endfacet
  facet normal 0 0 -1
    outer loop
      vertex 2.250076257122131 6.62851090646574 -26.4
      vertex 2.6787840265556286 6.467156727579007 -26.4
      vertex 22.39021877985832 -23.453552908984626 -26.4
    endloop
  endfacet
  facet normal 0 0 -1
    outer loop
      vertex 2.6787840265556286 6.467156727579007 -26.4
      vertex 3.096020831533009 6.278109190728818 -26.4
      vertex 22.527756813566455 -23.15 -26.4
    endloop
  endfacet
  facet normal 0 0 -1
    outer loop
      vertex 3.096020831533009 6.278109190728818 -26.4
      vertex 3.5 6.06217782649107 -26.4
      vertex 22.721872327285737 -22.87911211432988 -26.4
    endloop
  endfacet
  facet normal 0 0 -1
    outer loop
      vertex 3.5 6.06217782649107 -26.4
      vertex 15.903425722818234 -8.104645006768228 -26.4
      vertex 15.913688221801904 -8.208841907552083 -26.4
    endloop
  endfacet
  facet normal 0 0 -1
    outer loop
      vertex 3.5 6.06217782649107 -26.4
      vertex 15.9 -8 -26.4
      vertex 15.903425722818234 -8.104645006768228 -26.4
    endloop
  endfacet
  facet normal 0 0 -1
    outer loop
      vertex 3.5 6.06217782649107 -26.4
      vertex 15.903425722818234 -7.895354993231771 -26.4
      vertex 15.9 -8 -26.4
    endloop
  endfacet
  facet normal 0 0 -1
    outer loop
      vertex 3.5 6.06217782649107 -26.4
      vertex 15.913688221801904 -7.791158092447917 -26.4
      vertex 15.903425722818234 -7.895354993231771 -26.4
    endloop
  endfacet
  facet normal 0 0 -1
    outer loop
      vertex 3.5 6.06217782649107 -26.4
      vertex 16.230634655534026 -8.974018286413953 -26.4
      vertex 16.297056308033635 -9.05495330416011 -26.4
    endloop
  endfacet
  facet normal 0 0 -1
    outer loop
      vertex 3.5 6.06217782649107 -26.4
      vertex 16.16964862031593 -8.888912372831363 -26.4
      vertex 16.230634655534026 -8.974018286413953 -26.4
    endloop
  endfacet
  facet normal 0 0 -1
    outer loop
      vertex 3.5 6.06217782649107 -26.4
      vertex 16.1143593539449 -8.8 -26.4
      vertex 16.16964862031593 -8.888912372831363 -26.4
    endloop
  endfacet
  facet normal 0 0 -1
    outer loop
      vertex 3.5 6.06217782649107 -26.4
      vertex 16.0650036135477 -8.707661904350402 -26.4
      vertex 16.1143593539449 -8.8 -26.4
    endloop
  endfacet
  facet normal 0 0 -1
    outer loop
      vertex 3.5 6.06217782649107 -26.4
      vertex 15.98491179280783 -8.514303144485059 -26.4
      vertex 16.02179274798194 -8.612293491784143 -26.4
    endloop
  endfacet
  facet normal 0 0 -1
    outer loop
      vertex 3.5 6.06217782649107 -26.4
      vertex 16.02179274798194 -8.612293491784143 -26.4
      vertex 16.0650036135477 -8.707661904350402 -26.4
    endloop
  endfacet
  facet normal 0 0 -1
    outer loop
      vertex 3.5 6.06217782649107 -26.4
      vertex 15.954518677937491 -8.414110472164033 -26.4
      vertex 15.98491179280783 -8.514303144485059 -26.4
    endloop
  endfacet
  facet normal 0 0 -1
    outer loop
      vertex 3.5 6.06217782649107 -26.4
      vertex 15.930743551354832 -8.312144515225805 -26.4
      vertex 15.954518677937491 -8.414110472164033 -26.4
    endloop
  endfacet
  facet normal 0 0 -1
    outer loop
      vertex 3.5 6.06217782649107 -26.4
      vertex 15.913688221801904 -8.208841907552083 -26.4
      vertex 15.930743551354832 -8.312144515225805 -26.4
    endloop
  endfacet
  facet normal 0 0 -1
    outer loop
      vertex 3.5 6.06217782649107 -26.4
      vertex 15.930743551354832 -7.687855484774195 -26.4
      vertex 15.913688221801904 -7.791158092447917 -26.4
    endloop
  endfacet
  facet normal 0 0 -1
    outer loop
      vertex 3.5 6.06217782649107 -26.4
      vertex 15.954518677937491 -7.585889527835967 -26.4
      vertex 15.930743551354832 -7.687855484774195 -26.4
    endloop
  endfacet
  facet normal 0 0 -1
    outer loop
      vertex 3.5 6.06217782649107 -26.4
      vertex 15.98491179280783 -7.4856968555149415 -26.4
      vertex 15.954518677937491 -7.585889527835967 -26.4
    endloop
  endfacet
  facet normal 0 0 -1
    outer loop
      vertex 3.5 6.06217782649107 -26.4
      vertex 16.02179274798194 -7.387706508215857 -26.4
      vertex 15.98491179280783 -7.4856968555149415 -26.4
    endloop
  endfacet
  facet normal 0 0 -1
    outer loop
      vertex 3.5 6.06217782649107 -26.4
      vertex 16.0650036135477 -7.292338095649598 -26.4
      vertex 16.02179274798194 -7.387706508215857 -26.4
    endloop
  endfacet
  facet normal 0 0 -1
    outer loop
      vertex 3.5 6.06217782649107 -26.4
      vertex 16.1143593539449 -7.2 -26.4
      vertex 16.0650036135477 -7.292338095649598 -26.4
    endloop
  endfacet
  facet normal 0 0 -1
    outer loop
      vertex 3.5 6.06217782649107 -26.4
      vertex 16.16964862031593 -7.1110876271686365 -26.4
      vertex 16.1143593539449 -7.2 -26.4
    endloop
  endfacet
  facet normal 0 0 -1
    outer loop
      vertex 3.5 6.06217782649107 -26.4
      vertex 16.230634655534026 -7.025981713586047 -26.4
      vertex 16.16964862031593 -7.1110876271686365 -26.4
    endloop
  endfacet
  facet normal 0 0 -1
    outer loop
      vertex 3.5 6.06217782649107 -26.4
      vertex 16.297056308033635 -6.94504669583989 -26.4
      vertex 16.230634655534026 -7.025981713586047 -26.4
    endloop
  endfacet
  facet normal 0 0 -1
    outer loop
      vertex 3.5 6.06217782649107 -26.4
      vertex 16.368629150101523 -6.8686291501015235 -26.4
      vertex 16.297056308033635 -6.94504669583989 -26.4
    endloop
  endfacet
  facet normal 0 0 -1
    outer loop
      vertex 3.5 6.06217782649107 -26.4
      vertex 16.44504669583989 -6.7970563080336355 -26.4
      vertex 16.368629150101523 -6.8686291501015235 -26.4
    endloop
  endfacet
  facet normal 0 0 -1
    outer loop
      vertex 3.5 6.06217782649107 -26.4
      vertex 16.52598171358605 -6.730634655534024 -26.4
      vertex 16.44504669583989 -6.7970563080336355 -26.4
    endloop
  endfacet
  facet normal 0 0 -1
    outer loop
      vertex 3.5 6.06217782649107 -26.4
      vertex 16.611087627168637 -6.669648620315927 -26.4
      vertex 16.52598171358605 -6.730634655534024 -26.4
    endloop
  endfacet
  facet normal 0 0 -1
    outer loop
      vertex 3.5 6.06217782649107 -26.4
      vertex 16.7 -6.614359353944899 -26.4
      vertex 16.611087627168637 -6.669648620315927 -26.4
    endloop
  endfacet
  facet normal 0 0 -1
    outer loop
      vertex 3.5 6.06217782649107 -26.4
      vertex 16.792338095649598 -6.565003613547699 -26.4
      vertex 16.7 -6.614359353944899 -26.4
    endloop
  endfacet
  facet normal 0 0 -1
    outer loop
      vertex 3.5 6.06217782649107 -26.4
      vertex 16.887706508215857 -6.521792747981941 -26.4
      vertex 16.792338095649598 -6.565003613547699 -26.4
    endloop
  endfacet
  facet normal 0 0 -1
    outer loop
      vertex 3.5 6.06217782649107 -26.4
      vertex 16.98569685551494 -6.48491179280783 -26.4
      vertex 16.887706508215857 -6.521792747981941 -26.4
    endloop
  endfacet
  facet normal 0 0 -1
    outer loop
      vertex 1.8117333157176452 6.761480784023478 -26.4
      vertex 4.330127018922193 2.5 -26.4
      vertex 4.157348061512726 2.777851165098011 -26.4
    endloop
  endfacet
  facet normal 0 0 -1
    outer loop
      vertex 1.3656322541128978 6.865496962822613 -26.4
      vertex 3.5355339059327378 3.5355339059327378 -26.4
      vertex 3.296729075500344 3.7591990373948874 -26.4
    endloop
  endfacet
  facet normal 0 0 -1
    outer loop
      vertex 1.8117333157176452 6.761480784023478 -26.4
      vertex 3.7591990373948874 3.296729075500344 -26.4
      vertex 3.5355339059327378 3.5355339059327378 -26.4
    endloop
  endfacet
  facet normal 0 0 -1
    outer loop
      vertex 1.8117333157176452 6.761480784023478 -26.4
      vertex 4.157348061512726 2.777851165098011 -26.4
      vertex 3.9667667014561756 3.043807145043603 -26.4
    endloop
  endfacet
  facet normal 0 0 -1
    outer loop
      vertex 1.8117333157176452 6.761480784023478 -26.4
      vertex 3.9667667014561756 3.043807145043603 -26.4
      vertex 3.7591990373948874 3.296729075500344 -26.4
    endloop
  endfacet
  facet normal 0 0 -1
    outer loop
      vertex -0.4578219046110014 6.985012462670224 -26.4
      vertex 0.6526309611002579 4.957224306869052 -26.4
      vertex 0.3270156461507153 4.989294616193018 -26.4
    endloop
  endfacet
  facet normal 0 0 -1
    outer loop
      vertex 0 7 -26.4
      vertex 1.2940952255126037 4.8296291314453415 -26.4
      vertex 0.9754516100806412 4.903926402016152 -26.4
    endloop
  endfacet
  facet normal 0 0 -1
    outer loop
      vertex 0 7 -26.4
      vertex 0.9754516100806412 4.903926402016152 -26.4
      vertex 0.6526309611002579 4.957224306869052 -26.4
    endloop
  endfacet
  facet normal 0 0 -1
    outer loop
      vertex 0.4578219046110014 6.985012462670224 -26.4
      vertex 1.607197326515808 4.7346506474755286 -26.4
      vertex 1.2940952255126037 4.8296291314453415 -26.4
    endloop
  endfacet
  facet normal 0 0 -1
    outer loop
      vertex 0.4578219046110014 6.985012462670224 -26.4
      vertex 1.913417161825449 4.619397662556434 -26.4
      vertex 1.607197326515808 4.7346506474755286 -26.4
    endloop
  endfacet
  facet normal 0 0 -1
    outer loop
      vertex 0.913683345540361 6.940114029616673 -26.4
      vertex 2.2114434510950067 4.484363707663441 -26.4
      vertex 1.913417161825449 4.619397662556434 -26.4
    endloop
  endfacet
  facet normal 0 0 -1
    outer loop
      vertex -0.4578219046110014 6.985012462670224 -26.4
      vertex 0 7 -26.4
      vertex 0.6526309611002579 4.957224306869052 -26.4
    endloop
  endfacet
  facet normal 0 0 -1
    outer loop
      vertex 0 7 -26.4
      vertex 0.4578219046110014 6.985012462670224 -26.4
      vertex 1.2940952255126037 4.8296291314453415 -26.4
    endloop
  endfacet
  facet normal 0 0 -1
    outer loop
      vertex 0.4578219046110014 6.985012462670224 -26.4
      vertex 0.913683345540361 6.940114029616673 -26.4
      vertex 1.913417161825449 4.619397662556434 -26.4
    endloop
  endfacet
  facet normal 0 0 -1
    outer loop
      vertex 0.913683345540361 6.940114029616673 -26.4
      vertex 1.3656322541128978 6.865496962822613 -26.4
      vertex 2.777851165098011 4.157348061512726 -26.4
    endloop
  endfacet
  facet normal 0 0 -1
    outer loop
      vertex 0.913683345540361 6.940114029616673 -26.4
      vertex 2.5 4.330127018922193 -26.4
      vertex 2.2114434510950067 4.484363707663441 -26.4
    endloop
  endfacet
  facet normal 0 0 -1
    outer loop
      vertex 0.913683345540361 6.940114029616673 -26.4
      vertex 2.777851165098011 4.157348061512726 -26.4
      vertex 2.5 4.330127018922193 -26.4
    endloop
  endfacet
  facet normal 0 0 -1
    outer loop
      vertex 1.3656322541128978 6.865496962822613 -26.4
      vertex 3.043807145043603 3.9667667014561756 -26.4
      vertex 2.777851165098011 4.157348061512726 -26.4
    endloop
  endfacet
  facet normal 0 0 -1
    outer loop
      vertex 1.3656322541128978 6.865496962822613 -26.4
      vertex 3.296729075500344 3.7591990373948874 -26.4
      vertex 3.043807145043603 3.9667667014561756 -26.4
    endloop
  endfacet
  facet normal 0 0 -1
    outer loop
      vertex 1.3656322541128978 6.865496962822613 -26.4
      vertex 1.8117333157176452 6.761480784023478 -26.4
      vertex 3.5355339059327378 3.5355339059327378 -26.4
    endloop
  endfacet
  facet normal 0 0 -1
    outer loop
      vertex 3.5 6.06217782649107 -26.4
      vertex 20 -3.669872984290123 -26.4
      vertex 16.98569685551494 -6.48491179280783 -26.4
    endloop
  endfacet
  facet normal 0.03271908282177705 0.9994645874763657 -6.911461997671027e-20
    outer loop
      vertex 0 7 -26.4
      vertex 0.4578219046110014 6.985012462670224 -23.4
      vertex 0.4578219046110014 6.985012462670224 -26.4
    endloop
  endfacet
  facet normal 0.09801714032955942 0.9951847266721969 6.204814253131084e-19
    outer loop
      vertex 0.4578219046110014 6.985012462670224 -26.4
      vertex 0.913683345540361 6.940114029616673 -23.4
      vertex 0.913683345540361 6.940114029616673 -26.4
    endloop
  endfacet
  facet normal 0.1628954733945893 0.986643332084879 1.77641858812802e-18
    outer loop
      vertex 0.913683345540361 6.940114029616673 -26.4
      vertex 1.3656322541128978 6.865496962822613 -23.4
      vertex 1.3656322541128978 6.865496962822613 -26.4
    endloop
  endfacet
  facet normal 0.2270762630343733 0.9738769792773336 1.5105739176387226e-18
    outer loop
      vertex 1.3656322541128978 6.865496962822613 -26.4
      vertex 1.8117333157176452 6.761480784023478 -23.4
      vertex 1.8117333157176452 6.761480784023478 -26.4
    endloop
  endfacet
  facet normal 0.29028467725446094 0.9569403357322093 -1.3979088115531018e-18
    outer loop
      vertex 1.8117333157176452 6.761480784023478 -26.4
      vertex 2.250076257122131 6.62851090646574 -23.4
      vertex 2.250076257122131 6.62851090646574 -26.4
    endloop
  endfacet
  facet normal 0.35225004792123493 0.9359059267573251 5.039330592438251e-18
    outer loop
      vertex 2.250076257122131 6.62851090646574 -26.4
      vertex 2.6787840265556286 6.467156727579007 -23.4
      vertex 2.6787840265556286 6.467156727579007 -26.4
    endloop
  endfacet
  facet normal 0.41270702980439417 0.910863824921176 3.568334283236562e-18
    outer loop
      vertex 2.6787840265556286 6.467156727579007 -26.4
      vertex 3.096020831533009 6.278109190728818 -23.4
      vertex 3.096020831533009 6.278109190728818 -26.4
    endloop
  endfacet
  facet normal 0.4713967368259979 0.8819212643483548 -4.9058192989457685e-18
    outer loop
      vertex 3.096020831533009 6.278109190728818 -26.4
      vertex 3.5 6.06217782649107 -23.4
      vertex 3.5 6.06217782649107 -26.4
    endloop
  endfacet
  facet normal 0 0 -1
    outer loop
      vertex 20 -3.669872984290123 -26.4
      vertex 17.085889527835967 -6.45451867793749 -26.4
      vertex 16.98569685551494 -6.48491179280783 -26.4
    endloop
  endfacet
  facet normal 0 0 -1
    outer loop
      vertex 20 -3.669872984290123 -26.4
      vertex 17.187855484774193 -6.430743551354832 -26.4
      vertex 17.085889527835967 -6.45451867793749 -26.4
    endloop
  endfacet
  facet normal 0 0 -1
    outer loop
      vertex 20 -3.669872984290123 -26.4
      vertex 17.29115809244792 -6.413688221801904 -26.4
      vertex 17.187855484774193 -6.430743551354832 -26.4
    endloop
  endfacet
  facet normal 0 0 -1
    outer loop
      vertex 20 -3.669872984290123 -26.4
      vertex 17.39535499323177 -6.403425722818234 -26.4
      vertex 17.29115809244792 -6.413688221801904 -26.4
    endloop
  endfacet
  facet normal 0 0 -1
    outer loop
      vertex 20 -3.669872984290123 -26.4
      vertex 17.5 -6.4 -26.4
      vertex 17.39535499323177 -6.403425722818234 -26.4
    endloop
  endfacet
  facet normal 0 0 -1
    outer loop
      vertex 20 -3.669872984290123 -26.4
      vertex 17.914110472164033 -6.45451867793749 -26.4
      vertex 17.812144515225807 -6.430743551354832 -26.4
    endloop
  endfacet
  facet normal 0 0 -1
    outer loop
      vertex 20 -3.669872984290123 -26.4
      vertex 17.60464500676823 -6.403425722818234 -26.4
      vertex 17.5 -6.4 -26.4
    endloop
  endfacet
  facet normal 0 0 -1
    outer loop
      vertex 20 -3.669872984290123 -26.4
      vertex 17.70884190755208 -6.413688221801904 -26.4
      vertex 17.60464500676823 -6.403425722818234 -26.4
    endloop
  endfacet
  facet normal 0 0 -1
    outer loop
      vertex 20 -3.669872984290123 -26.4
      vertex 17.812144515225807 -6.430743551354832 -26.4
      vertex 17.70884190755208 -6.413688221801904 -26.4
    endloop
  endfacet
  facet normal 0 0 -1
    outer loop
      vertex 20 -3.669872984290123 -26.4
      vertex 18.55495330416011 -6.7970563080336355 -26.4
      vertex 18.47401828641395 -6.730634655534024 -26.4
    endloop
  endfacet
  facet normal 0 0 -1
    outer loop
      vertex 20 -3.669872984290123 -26.4
      vertex 18.47401828641395 -6.730634655534024 -26.4
      vertex 18.388912372831363 -6.669648620315927 -26.4
    endloop
  endfacet
  facet normal 0 0 -1
    outer loop
      vertex 20 -3.669872984290123 -26.4
      vertex 18.01430314448506 -6.48491179280783 -26.4
      vertex 17.914110472164033 -6.45451867793749 -26.4
    endloop
  endfacet
  facet normal 0 0 -1
    outer loop
      vertex 20 -3.669872984290123 -26.4
      vertex 18.112293491784143 -6.521792747981941 -26.4
      vertex 18.01430314448506 -6.48491179280783 -26.4
    endloop
  endfacet
  facet normal 0 0 -1
    outer loop
      vertex 20 -3.669872984290123 -26.4
      vertex 18.207661904350402 -6.565003613547699 -26.4
      vertex 18.112293491784143 -6.521792747981941 -26.4
    endloop
  endfacet
  facet normal 0 0 -1
    outer loop
      vertex 20 -3.669872984290123 -26.4
      vertex 18.3 -6.614359353944899 -26.4
      vertex 18.207661904350402 -6.565003613547699 -26.4
    endloop
  endfacet
  facet normal 0 0 -1
    outer loop
      vertex 20 -3.669872984290123 -26.4
      vertex 18.388912372831363 -6.669648620315927 -26.4
      vertex 18.3 -6.614359353944899 -26.4
    endloop
  endfacet
  facet normal 0 0 -1
    outer loop
      vertex 20 -3.669872984290123 -26.4
      vertex 19.04548132206251 -7.585889527835967 -26.4
      vertex 19.015088207192168 -7.4856968555149415 -26.4
    endloop
  endfacet
  facet normal 0 0 -1
    outer loop
      vertex 20 -3.669872984290123 -26.4
      vertex 18.8856406460551 -7.2 -26.4
      vertex 18.83035137968407 -7.1110876271686365 -26.4
    endloop
  endfacet
  facet normal 0 0 -1
    outer loop
      vertex 20 -3.669872984290123 -26.4
      vertex 19.015088207192168 -7.4856968555149415 -26.4
      vertex 18.97820725201806 -7.387706508215857 -26.4
    endloop
  endfacet
  facet normal 0 0 -1
    outer loop
      vertex 20 -3.669872984290123 -26.4
      vertex 18.97820725201806 -7.387706508215857 -26.4
      vertex 18.9349963864523 -7.292338095649598 -26.4
    endloop
  endfacet
  facet normal 0 0 -1
    outer loop
      vertex 20 -3.669872984290123 -26.4
      vertex 18.9349963864523 -7.292338095649598 -26.4
      vertex 18.8856406460551 -7.2 -26.4
    endloop
  endfacet
  facet normal 0 0 -1
    outer loop
      vertex 20 -3.669872984290123 -26.4
      vertex 18.702943691966365 -6.94504669583989 -26.4
      vertex 18.631370849898477 -6.8686291501015235 -26.4
    endloop
  endfacet
  facet normal 0 0 -1
    outer loop
      vertex 20 -3.669872984290123 -26.4
      vertex 18.83035137968407 -7.1110876271686365 -26.4
      vertex 18.769365344465974 -7.025981713586047 -26.4
    endloop
  endfacet
  facet normal 0 0 -1
    outer loop
      vertex 20 -3.669872984290123 -26.4
      vertex 18.769365344465974 -7.025981713586047 -26.4
      vertex 18.702943691966365 -6.94504669583989 -26.4
    endloop
  endfacet
  facet normal 0 0 -1
    outer loop
      vertex 20 -3.669872984290123 -26.4
      vertex 18.631370849898477 -6.8686291501015235 -26.4
      vertex 18.55495330416011 -6.7970563080336355 -26.4
    endloop
  endfacet
  facet normal 0.81284668325773 0.5824776987292368 0
    outer loop
      vertex 21.657348059117794 -5.222148835659027 -26.4
      vertex 21.466766700148582 -4.95619285851717 -26.4
      vertex 21.657348059117794 -5.222148835659027 -23.4
    endloop
  endfacet
  facet normal 0.7730104576675324 0.6343932789182372 0
    outer loop
      vertex 21.466766700148582 -4.95619285851717 -26.4
      vertex 21.259199038147926 -4.703270927071571 -26.4
      vertex 21.466766700148582 -4.95619285851717 -23.4
    endloop
  endfacet
  facet normal 0.7298640725548274 0.6835923021755597 0
    outer loop
      vertex 21.259199038147926 -4.703270927071571 -26.4
      vertex 21.035533905029297 -4.464466094970703 -26.4
      vertex 21.259199038147926 -4.703270927071571 -23.4
    endloop
  endfacet
  facet normal 0.6835923021755597 0.7298640725548274 0
    outer loop
      vertex 21.035533905029297 -4.464466094970703 -26.4
      vertex 20.79672907292843 -4.240800961852074 -26.4
      vertex 21.035533905029297 -4.464466094970703 -23.4
    endloop
  endfacet
  facet normal 0.5280678498863844 0.8492021820016544 0
    outer loop
      vertex 20.277851164340973 -3.842651940882206 -26.4
      vertex 20 -3.669872984290123 -26.4
      vertex 20.277851164340973 -3.842651940882206 -23.4
    endloop
  endfacet
  facet normal 0.5824776987292368 0.81284668325773 0
    outer loop
      vertex 20.277851164340973 -3.842651940882206 -26.4
      vertex 20.54380714148283 -4.0332332998514175 -23.4
      vertex 20.54380714148283 -4.0332332998514175 -26.4
    endloop
  endfacet
  facet normal 0.6343932789182372 0.7730104576675324 0
    outer loop
      vertex 20.54380714148283 -4.0332332998514175 -26.4
      vertex 20.79672907292843 -4.240800961852074 -23.4
      vertex 20.79672907292843 -4.240800961852074 -26.4
    endloop
  endfacet
  facet normal 0.9108638239525163 0.4127070319422718 0
    outer loop
      vertex 22.119397662580013 -6.086582839488983 -26.4
      vertex 21.984363704919815 -5.788556545972824 -26.4
      vertex 22.119397662580013 -6.086582839488983 -23.4
    endloop
  endfacet
  facet normal 0.881921261761417 0.471396741665818 0
    outer loop
      vertex 21.984363704919815 -5.788556545972824 -26.4
      vertex 21.830127015709877 -5.5 -26.4
      vertex 21.984363704919815 -5.788556545972824 -23.4
    endloop
  endfacet
  facet normal 0.8492021820016544 0.5280678498863844 0
    outer loop
      vertex 21.657348059117794 -5.222148835659027 -26.4
      vertex 21.830127015709877 -5.5 -23.4
      vertex 21.830127015709877 -5.5 -26.4
    endloop
  endfacet
  facet normal 0.5080346566179941 0.8613366285460272 -1.5454961728724124e-16
    outer loop
      vertex 3.5 6.06217782649107 -26.4
      vertex 20 -3.669872984290123 -23.4
      vertex 20 -3.669872984290123 -26.4
    endloop
  endfacet
  facet normal 0 0 1
    outer loop
      vertex 22.332665023314508 -24.33165354742742 -23.4
      vertex 4.330127018922193 2.5 -23.4
      vertex 4.484363707663441 2.2114434510950067 -23.4
    endloop
  endfacet
  facet normal 0 0 1
    outer loop
      vertex 22.357926095308585 -24.439992376674287 -23.4
      vertex 4.484363707663441 2.2114434510950067 -23.4
      vertex 4.619397662556434 1.913417161825449 -23.4
    endloop
  endfacet
  facet normal 0 0 1
    outer loop
      vertex 24 -29 -23.4
      vertex 4.7346506474755286 -1.607197326515808 -23.4
      vertex 4.619397662556434 -1.913417161825449 -23.4
    endloop
  endfacet
  facet normal 0 0 1
    outer loop
      vertex 24 -29 -23.4
      vertex 4.8296291314453415 -1.2940952255126037 -23.4
      vertex 4.7346506474755286 -1.607197326515808 -23.4
    endloop
  endfacet
  facet normal 0 0 1
    outer loop
      vertex 24 -29 -23.4
      vertex 4.903926402016152 -0.9754516100806412 -23.4
      vertex 4.8296291314453415 -1.2940952255126037 -23.4
    endloop
  endfacet
  facet normal 0 0 1
    outer loop
      vertex 24 -29 -23.4
      vertex 4.957224306869052 -0.6526309611002579 -23.4
      vertex 4.903926402016152 -0.9754516100806412 -23.4
    endloop
  endfacet
  facet normal 0 0 1
    outer loop
      vertex 24.32701564580202 -28.98929461836815 -23.4
      vertex 4.989294616193018 -0.3270156461507153 -23.4
      vertex 4.957224306869052 -0.6526309611002579 -23.4
    endloop
  endfacet
  facet normal 0 0 1
    outer loop
      vertex 24.32701564580202 -28.98929461836815 -23.4
      vertex 5 0 -23.4
      vertex 4.989294616193018 -0.3270156461507153 -23.4
    endloop
  endfacet
  facet normal 0 0 1
    outer loop
      vertex 24.65263096243143 -28.957224309444427 -23.4
      vertex 4.989294616193018 0.3270156461507153 -23.4
      vertex 5 0 -23.4
    endloop
  endfacet
  facet normal 0 0 1
    outer loop
      vertex 24.65263096243143 -28.957224309444427 -23.4
      vertex 4.957224306869052 0.6526309611002579 -23.4
      vertex 4.989294616193018 0.3270156461507153 -23.4
    endloop
  endfacet
  facet normal 0 0 1
    outer loop
      vertex 24.65263096243143 -28.957224309444427 -23.4
      vertex 4.903926402016152 0.9754516100806412 -23.4
      vertex 4.957224306869052 0.6526309611002579 -23.4
    endloop
  endfacet
  facet normal 0 0 1
    outer loop
      vertex 24.975451610982418 -28.9039264023304 -23.4
      vertex 4.8296291314453415 1.2940952255126037 -23.4
      vertex 4.903926402016152 0.9754516100806412 -23.4
    endloop
  endfacet
  facet normal 0 0 1
    outer loop
      vertex 3.5 6.06217782649107 -23.4
      vertex 23.055530603866675 -22.586501659085673 -23.4
      vertex 15.048485638543774 -9.88111313096337 -23.4
    endloop
  endfacet
  facet normal 0 0 1
    outer loop
      vertex 24.975451610982418 -28.9039264023304 -23.4
      vertex 4.7346506474755286 1.607197326515808 -23.4
      vertex 4.8296291314453415 1.2940952255126037 -23.4
    endloop
  endfacet
  facet normal 0 0 1
    outer loop
      vertex 24.975451610982418 -28.9039264023304 -23.4
      vertex 4.619397662556434 1.913417161825449 -23.4
      vertex 4.7346506474755286 1.607197326515808 -23.4
    endloop
  endfacet
  facet normal 0 0 1
    outer loop
      vertex 1.8117333157176452 6.761480784023478 -23.4
      vertex 4.330127018922193 2.5 -23.4
      vertex 22.332665023314508 -24.33165354742742 -23.4
    endloop
  endfacet
  facet normal 0 0 1
    outer loop
      vertex 1.8117333157176452 6.761480784023478 -23.4
      vertex 22.31454373566452 -23.778105473225914 -23.4
      vertex 2.250076257122131 6.62851090646574 -23.4
    endloop
  endfacet
  facet normal 0 0 1
    outer loop
      vertex 2.250076257122131 6.62851090646574 -23.4
      vertex 22.429404794730814 -23.349438164979347 -23.4
      vertex 2.6787840265556286 6.467156727579007 -23.4
    endloop
  endfacet
  facet normal 0 0 1
    outer loop
      vertex 2.6787840265556286 6.467156727579007 -23.4
      vertex 22.586501659085673 -23.055530603866675 -23.4
      vertex 3.096020831533009 6.278109190728818 -23.4
    endloop
  endfacet
  facet normal 0 0 1
    outer loop
      vertex 3.096020831533009 6.278109190728818 -23.4
      vertex 22.797918471982868 -22.797918471982868 -23.4
      vertex 3.5 6.06217782649107 -23.4
    endloop
  endfacet
  facet normal 0 0 1
    outer loop
      vertex 3.5 6.06217782649107 -23.4
      vertex 14.573923189255522 -8.993269235168576 -23.4
      vertex 14.515225228169014 -8.799767989700902 -23.4
    endloop
  endfacet
  facet normal 0 0 1
    outer loop
      vertex 3.5 6.06217782649107 -23.4
      vertex 14.515225228169014 -8.799767989700902 -23.4
      vertex 14.469308530886442 -8.60284201491871 -23.4
    endloop
  endfacet
  facet normal 0 0 1
    outer loop
      vertex 3.5 6.06217782649107 -23.4
      vertex 14.469308530886442 -8.60284201491871 -23.4
      vertex 14.436369719754836 -8.403334578078649 -23.4
    endloop
  endfacet
  facet normal 0 0 1
    outer loop
      vertex 3.5 6.06217782649107 -23.4
      vertex 14.436369719754836 -8.403334578078649 -23.4
      vertex 14.416549843820318 -8.202100000654204 -23.4
    endloop
  endfacet
  facet normal 0 0 1
    outer loop
      vertex 3.5 6.06217782649107 -23.4
      vertex 14.416549843820318 -8.202100000654204 -23.4
      vertex 14.409933774834439 -8 -23.4
    endloop
  endfacet
  facet normal 0 0 1
    outer loop
      vertex 3.5 6.06217782649107 -23.4
      vertex 14.409933774834439 -8 -23.4
      vertex 14.416549843820318 -7.7978999993457965 -23.4
    endloop
  endfacet
  facet normal 0 0 1
    outer loop
      vertex 3.5 6.06217782649107 -23.4
      vertex 14.416549843820318 -7.7978999993457965 -23.4
      vertex 14.436369719754836 -7.596665421921351 -23.4
    endloop
  endfacet
  facet normal 0 0 1
    outer loop
      vertex 3.5 6.06217782649107 -23.4
      vertex 14.436369719754836 -7.596665421921351 -23.4
      vertex 14.469308530886442 -7.3971579850812885 -23.4
    endloop
  endfacet
  facet normal 0 0 1
    outer loop
      vertex 3.5 6.06217782649107 -23.4
      vertex 14.469308530886442 -7.3971579850812885 -23.4
      vertex 14.515225228169014 -7.200232010299098 -23.4
    endloop
  endfacet
  facet normal 0 0 1
    outer loop
      vertex 3.5 6.06217782649107 -23.4
      vertex 14.515225228169014 -7.200232010299098 -23.4
      vertex 14.573923189255522 -7.006730764831423 -23.4
    endloop
  endfacet
  facet normal 0 0 1
    outer loop
      vertex 3.5 6.06217782649107 -23.4
      vertex 14.930703833772402 -9.716748812761233 -23.4
      vertex 14.823924149630338 -9.54503311258278 -23.4
    endloop
  endfacet
  facet normal 0 0 1
    outer loop
      vertex 3.5 6.06217782649107 -23.4
      vertex 14.823924149630338 -9.54503311258278 -23.4
      vertex 14.728603833118198 -9.36670134341845 -23.4
    endloop
  endfacet
  facet normal 0 0 1
    outer loop
      vertex 3.5 6.06217782649107 -23.4
      vertex 15.048485638543774 -9.88111313096337 -23.4
      vertex 14.930703833772402 -9.716748812761233 -23.4
    endloop
  endfacet
  facet normal 0 0 1
    outer loop
      vertex 3.5 6.06217782649107 -23.4
      vertex 14.728603833118198 -9.36670134341845 -23.4
      vertex 14.645151060465125 -9.182517149281793 -23.4
    endloop
  endfacet
  facet normal 0 0 1
    outer loop
      vertex 3.5 6.06217782649107 -23.4
      vertex 14.645151060465125 -9.182517149281793 -23.4
      vertex 14.573923189255522 -8.993269235168576 -23.4
    endloop
  endfacet
  facet normal 0 0 1
    outer loop
      vertex 3.5 6.06217782649107 -23.4
      vertex 14.573923189255522 -7.006730764831423 -23.4
      vertex 14.645151060465125 -6.817482850718206 -23.4
    endloop
  endfacet
  facet normal 0 0 1
    outer loop
      vertex 3.5 6.06217782649107 -23.4
      vertex 14.645151060465125 -6.817482850718206 -23.4
      vertex 14.728603833118198 -6.633298656581551 -23.4
    endloop
  endfacet
  facet normal 0 0 1
    outer loop
      vertex 3.5 6.06217782649107 -23.4
      vertex 14.728603833118198 -6.633298656581551 -23.4
      vertex 14.823924149630338 -6.4549668874172195 -23.4
    endloop
  endfacet
  facet normal 0 0 1
    outer loop
      vertex 3.5 6.06217782649107 -23.4
      vertex 14.823924149630338 -6.4549668874172195 -23.4
      vertex 14.930703833772402 -6.283251187238766 -23.4
    endloop
  endfacet
  facet normal 0 0 1
    outer loop
      vertex 3.5 6.06217782649107 -23.4
      vertex 14.930703833772402 -6.283251187238766 -23.4
      vertex 15.048485638543774 -6.118886869036629 -23.4
    endloop
  endfacet
  facet normal 0 0 1
    outer loop
      vertex 3.5 6.06217782649107 -23.4
      vertex 15.048485638543774 -6.118886869036629 -23.4
      vertex 15.176765204174233 -5.962577766055021 -23.4
    endloop
  endfacet
  facet normal 0.03271908282177705 0.9994645874763657 0
    outer loop
      vertex 0 7 -26.4
      vertex 0 7 -23.4
      vertex 0.4578219046110014 6.985012462670224 -23.4
    endloop
  endfacet
  facet normal 0.09801714032955942 0.9951847266721969 0
    outer loop
      vertex 0.4578219046110014 6.985012462670224 -26.4
      vertex 0.4578219046110014 6.985012462670224 -23.4
      vertex 0.913683345540361 6.940114029616673 -23.4
    endloop
  endfacet
  facet normal 0.1628954733945893 0.986643332084879 0
    outer loop
      vertex 0.913683345540361 6.940114029616673 -26.4
      vertex 0.913683345540361 6.940114029616673 -23.4
      vertex 1.3656322541128978 6.865496962822613 -23.4
    endloop
  endfacet
  facet normal 0.2270762630343733 0.9738769792773336 0
    outer loop
      vertex 1.3656322541128978 6.865496962822613 -26.4
      vertex 1.3656322541128978 6.865496962822613 -23.4
      vertex 1.8117333157176452 6.761480784023478 -23.4
    endloop
  endfacet
  facet normal 0.29028467725446094 0.9569403357322093 0
    outer loop
      vertex 1.8117333157176452 6.761480784023478 -26.4
      vertex 1.8117333157176452 6.761480784023478 -23.4
      vertex 2.250076257122131 6.62851090646574 -23.4
    endloop
  endfacet
  facet normal 0.35225004792123493 0.9359059267573251 0
    outer loop
      vertex 2.250076257122131 6.62851090646574 -26.4
      vertex 2.250076257122131 6.62851090646574 -23.4
      vertex 2.6787840265556286 6.467156727579007 -23.4
    endloop
  endfacet
  facet normal 0.41270702980439417 0.910863824921176 0
    outer loop
      vertex 2.6787840265556286 6.467156727579007 -26.4
      vertex 2.6787840265556286 6.467156727579007 -23.4
      vertex 3.096020831533009 6.278109190728818 -23.4
    endloop
  endfacet
  facet normal 0.4713967368259979 0.8819212643483548 0
    outer loop
      vertex 3.096020831533009 6.278109190728818 -26.4
      vertex 3.096020831533009 6.278109190728818 -23.4
      vertex 3.5 6.06217782649107 -23.4
    endloop
  endfacet
  facet normal 0.5080346566179941 0.8613366285460272 0
    outer loop
      vertex 3.5 6.06217782649107 -26.4
      vertex 3.5 6.06217782649107 -23.4
      vertex 20 -3.669872984290123 -23.4
    endloop
  endfacet
  facet normal 0 0 1
    outer loop
      vertex 1.8117333157176452 6.761480784023478 -23.4
      vertex 4.157348061512726 2.777851165098011 -23.4
      vertex 4.330127018922193 2.5 -23.4
    endloop
  endfacet
  facet normal 0 0 1
    outer loop
      vertex 1.3656322541128978 6.865496962822613 -23.4
      vertex 3.5355339059327378 3.5355339059327378 -23.4
      vertex 3.7591990373948874 3.296729075500344 -23.4
    endloop
  endfacet
  facet normal 0 0 1
    outer loop
      vertex 1.3656322541128978 6.865496962822613 -23.4
      vertex 3.296729075500344 3.7591990373948874 -23.4
      vertex 3.5355339059327378 3.5355339059327378 -23.4
    endloop
  endfacet
  facet normal 0 0 1
    outer loop
      vertex 1.8117333157176452 6.761480784023478 -23.4
      vertex 3.9667667014561756 3.043807145043603 -23.4
      vertex 4.157348061512726 2.777851165098011 -23.4
    endloop
  endfacet
  facet normal 0 0 1
    outer loop
      vertex 1.8117333157176452 6.761480784023478 -23.4
      vertex 3.7591990373948874 3.296729075500344 -23.4
      vertex 3.9667667014561756 3.043807145043603 -23.4
    endloop
  endfacet
  facet normal 0 0 1
    outer loop
      vertex -0.4578219046110014 6.985012462670224 -23.4
      vertex 0.3270156461507153 4.989294616193018 -23.4
      vertex 0.6526309611002579 4.957224306869052 -23.4
    endloop
  endfacet
  facet normal 0 0 1
    outer loop
      vertex -0.4578219046110014 6.985012462670224 -23.4
      vertex 0.6526309611002579 4.957224306869052 -23.4
      vertex 0.9754516100806412 4.903926402016152 -23.4
    endloop
  endfacet
  facet normal 0 0 1
    outer loop
      vertex 0 7 -23.4
      vertex 0.9754516100806412 4.903926402016152 -23.4
      vertex 1.2940952255126037 4.8296291314453415 -23.4
    endloop
  endfacet
  facet normal 0 0 1
    outer loop
      vertex 0 7 -23.4
      vertex 1.2940952255126037 4.8296291314453415 -23.4
      vertex 1.607197326515808 4.7346506474755286 -23.4
    endloop
  endfacet
  facet normal 0 0 1
    outer loop
      vertex 0.4578219046110014 6.985012462670224 -23.4
      vertex 1.607197326515808 4.7346506474755286 -23.4
      vertex 1.913417161825449 4.619397662556434 -23.4
    endloop
  endfacet
  facet normal 0 0 1
    outer loop
      vertex 0.4578219046110014 6.985012462670224 -23.4
      vertex 1.913417161825449 4.619397662556434 -23.4
      vertex 2.2114434510950067 4.484363707663441 -23.4
    endloop
  endfacet
  facet normal 0 0 1
    outer loop
      vertex -0.4578219046110014 6.985012462670224 -23.4
      vertex 0.9754516100806412 4.903926402016152 -23.4
      vertex 0 7 -23.4
    endloop
  endfacet
  facet normal 0 0 1
    outer loop
      vertex 0 7 -23.4
      vertex 1.607197326515808 4.7346506474755286 -23.4
      vertex 0.4578219046110014 6.985012462670224 -23.4
    endloop
  endfacet
  facet normal 0 0 1
    outer loop
      vertex 0.4578219046110014 6.985012462670224 -23.4
      vertex 2.2114434510950067 4.484363707663441 -23.4
      vertex 0.913683345540361 6.940114029616673 -23.4
    endloop
  endfacet
  facet normal 0 0 1
    outer loop
      vertex 0.913683345540361 6.940114029616673 -23.4
      vertex 3.043807145043603 3.9667667014561756 -23.4
      vertex 1.3656322541128978 6.865496962822613 -23.4
    endloop
  endfacet
  facet normal 0 0 1
    outer loop
      vertex 0.913683345540361 6.940114029616673 -23.4
      vertex 2.777851165098011 4.157348061512726 -23.4
      vertex 3.043807145043603 3.9667667014561756 -23.4
    endloop
  endfacet
  facet normal 0 0 1
    outer loop
      vertex 0.913683345540361 6.940114029616673 -23.4
      vertex 2.2114434510950067 4.484363707663441 -23.4
      vertex 2.5 4.330127018922193 -23.4
    endloop
  endfacet
  facet normal 0 0 1
    outer loop
      vertex 0.913683345540361 6.940114029616673 -23.4
      vertex 2.5 4.330127018922193 -23.4
      vertex 2.777851165098011 4.157348061512726 -23.4
    endloop
  endfacet
  facet normal 0 0 1
    outer loop
      vertex 1.3656322541128978 6.865496962822613 -23.4
      vertex 3.043807145043603 3.9667667014561756 -23.4
      vertex 3.296729075500344 3.7591990373948874 -23.4
    endloop
  endfacet
  facet normal 0 0 1
    outer loop
      vertex 1.3656322541128978 6.865496962822613 -23.4
      vertex 3.7591990373948874 3.296729075500344 -23.4
      vertex 1.8117333157176452 6.761480784023478 -23.4
    endloop
  endfacet
  facet normal 0 0 1
    outer loop
      vertex 3.5 6.06217782649107 -23.4
      vertex 15.176765204174233 -5.962577766055021 -23.4
      vertex 15.314993217869915 -5.814993217869914 -23.4
    endloop
  endfacet
  facet normal 0 0 1
    outer loop
      vertex 3.5 6.06217782649107 -23.4
      vertex 15.314993217869915 -5.814993217869914 -23.4
      vertex 15.46257776605502 -5.676765204174234 -23.4
    endloop
  endfacet
  facet normal 0 0 1
    outer loop
      vertex 3.5 6.06217782649107 -23.4
      vertex 15.46257776605502 -5.676765204174234 -23.4
      vertex 15.61888686903663 -5.548485638543774 -23.4
    endloop
  endfacet
  facet normal 0 0 1
    outer loop
      vertex 3.5 6.06217782649107 -23.4
      vertex 15.61888686903663 -5.548485638543774 -23.4
      vertex 15.783251187238767 -5.430703833772402 -23.4
    endloop
  endfacet
  facet normal 0 0 1
    outer loop
      vertex 3.5 6.06217782649107 -23.4
      vertex 15.783251187238767 -5.430703833772402 -23.4
      vertex 15.95496688741722 -5.323924149630339 -23.4
    endloop
  endfacet
  facet normal 0 0 1
    outer loop
      vertex 3.5 6.06217782649107 -23.4
      vertex 15.95496688741722 -5.323924149630339 -23.4
      vertex 16.133298656581548 -5.228603833118197 -23.4
    endloop
  endfacet
  facet normal 0 0 1
    outer loop
      vertex 3.5 6.06217782649107 -23.4
      vertex 16.133298656581548 -5.228603833118197 -23.4
      vertex 16.317482850718207 -5.145151060465125 -23.4
    endloop
  endfacet
  facet normal 0 0 1
    outer loop
      vertex 3.5 6.06217782649107 -23.4
      vertex 16.317482850718207 -5.145151060465125 -23.4
      vertex 16.50673076483142 -5.073923189255522 -23.4
    endloop
  endfacet
  facet normal 0 0 1
    outer loop
      vertex 3.5 6.06217782649107 -23.4
      vertex 16.50673076483142 -5.073923189255522 -23.4
      vertex 16.7002320102991 -5.0152252281690135 -23.4
    endloop
  endfacet
  facet normal 0 0 1
    outer loop
      vertex 3.5 6.06217782649107 -23.4
      vertex 16.7002320102991 -5.0152252281690135 -23.4
      vertex 16.897157985081286 -4.969308530886442 -23.4
    endloop
  endfacet
  facet normal 0 0 1
    outer loop
      vertex 3.5 6.06217782649107 -23.4
      vertex 16.897157985081286 -4.969308530886442 -23.4
      vertex 17.09666542192135 -4.936369719754836 -23.4
    endloop
  endfacet
  facet normal 0 0 1
    outer loop
      vertex 3.5 6.06217782649107 -23.4
      vertex 17.09666542192135 -4.936369719754836 -23.4
      vertex 17.2978999993458 -4.916549843820317 -23.4
    endloop
  endfacet
  facet normal 0 0 1
    outer loop
      vertex 3.5 6.06217782649107 -23.4
      vertex 17.2978999993458 -4.916549843820317 -23.4
      vertex 17.5 -4.909933774834439 -23.4
    endloop
  endfacet
  facet normal 0 0 1
    outer loop
      vertex 3.5 6.06217782649107 -23.4
      vertex 17.5 -4.909933774834439 -23.4
      vertex 17.7021000006542 -4.916549843820317 -23.4
    endloop
  endfacet
  facet normal 0 0 1
    outer loop
      vertex 3.5 6.06217782649107 -23.4
      vertex 17.7021000006542 -4.916549843820317 -23.4
      vertex 17.90333457807865 -4.936369719754836 -23.4
    endloop
  endfacet
  facet normal 0 0 1
    outer loop
      vertex 3.5 6.06217782649107 -23.4
      vertex 18.102842014918714 -4.969308530886442 -23.4
      vertex 18.2997679897009 -5.0152252281690135 -23.4
    endloop
  endfacet
  facet normal 0 0 1
    outer loop
      vertex 3.5 6.06217782649107 -23.4
      vertex 17.90333457807865 -4.936369719754836 -23.4
      vertex 18.102842014918714 -4.969308530886442 -23.4
    endloop
  endfacet
  facet normal 0 0 1
    outer loop
      vertex 3.5 6.06217782649107 -23.4
      vertex 18.2997679897009 -5.0152252281690135 -23.4
      vertex 18.49326923516858 -5.073923189255522 -23.4
    endloop
  endfacet
  facet normal 0 0 1
    outer loop
      vertex 3.5 6.06217782649107 -23.4
      vertex 18.49326923516858 -5.073923189255522 -23.4
      vertex 18.682517149281793 -5.145151060465125 -23.4
    endloop
  endfacet
  facet normal 0 0 1
    outer loop
      vertex 3.5 6.06217782649107 -23.4
      vertex 18.682517149281793 -5.145151060465125 -23.4
      vertex 20 -3.669872984290123 -23.4
    endloop
  endfacet
  facet normal 0.8492021820016544 0.5280678498863844 0
    outer loop
      vertex 21.657348059117794 -5.222148835659027 -26.4
      vertex 21.657348059117794 -5.222148835659027 -23.4
      vertex 21.830127015709877 -5.5 -23.4
    endloop
  endfacet
  facet normal 0.81284668325773 0.5824776987292368 0
    outer loop
      vertex 21.466766700148582 -4.95619285851717 -26.4
      vertex 21.466766700148582 -4.95619285851717 -23.4
      vertex 21.657348059117794 -5.222148835659027 -23.4
    endloop
  endfacet
  facet normal 0.7298640725548274 0.6835923021755597 0
    outer loop
      vertex 21.035533905029297 -4.464466094970703 -26.4
      vertex 21.035533905029297 -4.464466094970703 -23.4
      vertex 21.259199038147926 -4.703270927071571 -23.4
    endloop
  endfacet
  facet normal 0.6835923021755597 0.7298640725548274 0
    outer loop
      vertex 20.79672907292843 -4.240800961852074 -26.4
      vertex 20.79672907292843 -4.240800961852074 -23.4
      vertex 21.035533905029297 -4.464466094970703 -23.4
    endloop
  endfacet
  facet normal 0.7730104576675324 0.6343932789182372 0
    outer loop
      vertex 21.259199038147926 -4.703270927071571 -26.4
      vertex 21.259199038147926 -4.703270927071571 -23.4
      vertex 21.466766700148582 -4.95619285851717 -23.4
    endloop
  endfacet
  facet normal 0.5280678498863844 0.8492021820016544 0
    outer loop
      vertex 20 -3.669872984290123 -26.4
      vertex 20 -3.669872984290123 -23.4
      vertex 20.277851164340973 -3.842651940882206 -23.4
    endloop
  endfacet
  facet normal 0.5824776987292368 0.81284668325773 0
    outer loop
      vertex 20.277851164340973 -3.842651940882206 -26.4
      vertex 20.277851164340973 -3.842651940882206 -23.4
      vertex 20.54380714148283 -4.0332332998514175 -23.4
    endloop
  endfacet
  facet normal 0.6343932789182372 0.7730104576675324 0
    outer loop
      vertex 20.54380714148283 -4.0332332998514175 -26.4
      vertex 20.54380714148283 -4.0332332998514175 -23.4
      vertex 20.79672907292843 -4.240800961852074 -23.4
    endloop
  endfacet
  facet normal 0.9108638239525163 0.4127070319422718 0
    outer loop
      vertex 21.984363704919815 -5.788556545972824 -26.4
      vertex 21.984363704919815 -5.788556545972824 -23.4
      vertex 22.119397662580013 -6.086582839488983 -23.4
    endloop
  endfacet
  facet normal 0.881921261761417 0.471396741665818 0
    outer loop
      vertex 21.830127015709877 -5.5 -26.4
      vertex 21.830127015709877 -5.5 -23.4
      vertex 21.984363704919815 -5.788556545972824 -23.4
    endloop
  endfacet
  facet normal 0 0 1
    outer loop
      vertex 20 -3.669872984290123 -23.4
      vertex 19.823234795825766 -5.962577766055021 -23.4
      vertex 19.951514361456226 -6.118886869036629 -23.4
    endloop
  endfacet
  facet normal 0 0 1
    outer loop
      vertex 20 -3.669872984290123 -23.4
      vertex 19.685006782130085 -5.814993217869914 -23.4
      vertex 19.823234795825766 -5.962577766055021 -23.4
    endloop
  endfacet
  facet normal 0 0 1
    outer loop
      vertex 20 -3.669872984290123 -23.4
      vertex 19.38111313096337 -5.548485638543774 -23.4
      vertex 19.53742223394498 -5.676765204174234 -23.4
    endloop
  endfacet
  facet normal 0 0 1
    outer loop
      vertex 20 -3.669872984290123 -23.4
      vertex 19.21674881276123 -5.430703833772402 -23.4
      vertex 19.38111313096337 -5.548485638543774 -23.4
    endloop
  endfacet
  facet normal 0 0 1
    outer loop
      vertex 20 -3.669872984290123 -23.4
      vertex 19.53742223394498 -5.676765204174234 -23.4
      vertex 19.685006782130085 -5.814993217869914 -23.4
    endloop
  endfacet
  facet normal 0 0 1
    outer loop
      vertex 20 -3.669872984290123 -23.4
      vertex 18.682517149281793 -5.145151060465125 -23.4
      vertex 18.866701343418452 -5.228603833118197 -23.4
    endloop
  endfacet
  facet normal 0 0 1
    outer loop
      vertex 20 -3.669872984290123 -23.4
      vertex 18.866701343418452 -5.228603833118197 -23.4
      vertex 19.045033112582782 -5.323924149630339 -23.4
    endloop
  endfacet
  facet normal 0 0 1
    outer loop
      vertex 20 -3.669872984290123 -23.4
      vertex 19.045033112582782 -5.323924149630339 -23.4
      vertex 19.21674881276123 -5.430703833772402 -23.4
    endloop
  endfacet
  facet normal 0 0 1
    outer loop
      vertex 20 -3.669872984290123 -23.4
      vertex 20.530691469113556 -7.3971579850812885 -23.4
      vertex 20.563630280245164 -7.596665421921351 -23.4
    endloop
  endfacet
  facet normal 0 0 1
    outer loop
      vertex 20 -3.669872984290123 -23.4
      vertex 20.48477477183099 -7.200232010299098 -23.4
      vertex 20.530691469113556 -7.3971579850812885 -23.4
    endloop
  endfacet
  facet normal 0 0 1
    outer loop
      vertex 20 -3.669872984290123 -23.4
      vertex 20.426076810744476 -7.006730764831423 -23.4
      vertex 20.48477477183099 -7.200232010299098 -23.4
    endloop
  endfacet
  facet normal 0 0 1
    outer loop
      vertex 20 -3.669872984290123 -23.4
      vertex 20.354848939534875 -6.817482850718206 -23.4
      vertex 20.426076810744476 -7.006730764831423 -23.4
    endloop
  endfacet
  facet normal 0 0 1
    outer loop
      vertex 20 -3.669872984290123 -23.4
      vertex 20.2713961668818 -6.633298656581551 -23.4
      vertex 20.354848939534875 -6.817482850718206 -23.4
    endloop
  endfacet
  facet normal 0 0 1
    outer loop
      vertex 20 -3.669872984290123 -23.4
      vertex 20.17607585036966 -6.4549668874172195 -23.4
      vertex 20.2713961668818 -6.633298656581551 -23.4
    endloop
  endfacet
  facet normal 0 0 1
    outer loop
      vertex 20 -3.669872984290123 -23.4
      vertex 20.0692961662276 -6.283251187238766 -23.4
      vertex 20.17607585036966 -6.4549668874172195 -23.4
    endloop
  endfacet
  facet normal 0 0 1
    outer loop
      vertex 20 -3.669872984290123 -23.4
      vertex 19.951514361456226 -6.118886869036629 -23.4
      vertex 20.0692961662276 -6.283251187238766 -23.4
    endloop
  endfacet
  facet normal 0.7730104533627379 0.6343932841636444 1.6678703855727755e-19
    outer loop
      vertex -3.7591990373948874 -3.296729075500344 -26.4
      vertex -3.9667667014561756 -3.043807145043603 -26.4
      vertex -3.9667667014561756 -3.043807145043603 -23.4
    endloop
  endfacet
  facet normal 0.7298640726978357 0.6835923020228714 -2.280849952726972e-18
    outer loop
      vertex -3.5355339059327378 -3.5355339059327378 -26.4
      vertex -3.7591990373948874 -3.296729075500344 -26.4
      vertex -3.7591990373948874 -3.296729075500344 -23.4
    endloop
  endfacet
  facet normal 0.910863824921175 0.41270702980439655 2.873345397307141e-18
    outer loop
      vertex -4.484363707663441 -2.2114434510950067 -26.4
      vertex -4.619397662556434 -1.913417161825449 -26.4
      vertex -4.619397662556434 -1.913417161825449 -23.4
    endloop
  endfacet
  facet normal 0.8128466845916148 0.5824776968678027 2.7138552430658523e-18
    outer loop
      vertex -3.9667667014561756 -3.043807145043603 -26.4
      vertex -4.157348061512726 -2.777851165098011 -26.4
      vertex -4.157348061512726 -2.777851165098011 -23.4
    endloop
  endfacet
  facet normal 0.8492021815265794 0.5280678506503671 -3.101548769229942e-18
    outer loop
      vertex -4.157348061512726 -2.777851165098011 -26.4
      vertex -4.330127018922193 -2.5 -26.4
      vertex -4.330127018922193 -2.5 -23.4
    endloop
  endfacet
  facet normal 0.881921264348355 0.47139673682599753 2.2995123928818296e-18
    outer loop
      vertex -4.330127018922193 -2.5 -26.4
      vertex -4.484363707663441 -2.2114434510950067 -26.4
      vertex -4.484363707663441 -2.2114434510950067 -23.4
    endloop
  endfacet
  facet normal 0.47139673682599753 0.881921264348355 0
    outer loop
      vertex -2.5 -4.330127018922193 -26.4
      vertex -2.5 -4.330127018922193 -23.4
      vertex -2.2114434510950067 -4.484363707663441 -26.4
    endloop
  endfacet
  facet normal 0.41270702980439655 0.910863824921175 0
    outer loop
      vertex -2.2114434510950067 -4.484363707663441 -26.4
      vertex -2.2114434510950067 -4.484363707663441 -23.4
      vertex -1.913417161825449 -4.619397662556434 -26.4
    endloop
  endfacet
  facet normal 0.22707626303437287 0.9738769792773337 0
    outer loop
      vertex -1.2940952255126037 -4.8296291314453415 -26.4
      vertex -1.2940952255126037 -4.8296291314453415 -23.4
      vertex -0.9754516100806412 -4.903926402016152 -26.4
    endloop
  endfacet
  facet normal 0.3522500479212337 0.9359059267573256 0
    outer loop
      vertex -1.913417161825449 -4.619397662556434 -26.4
      vertex -1.913417161825449 -4.619397662556434 -23.4
      vertex -1.607197326515808 -4.7346506474755286 -26.4
    endloop
  endfacet
  facet normal 0.29028467725446166 0.956940335732209 0
    outer loop
      vertex -1.607197326515808 -4.7346506474755286 -26.4
      vertex -1.607197326515808 -4.7346506474755286 -23.4
      vertex -1.2940952255126037 -4.8296291314453415 -26.4
    endloop
  endfacet
  facet normal 0.16289547339458896 0.986643332084879 0
    outer loop
      vertex -0.9754516100806412 -4.903926402016152 -26.4
      vertex -0.9754516100806412 -4.903926402016152 -23.4
      vertex -0.6526309611002579 -4.957224306869052 -26.4
    endloop
  endfacet
  facet normal 0.09801714032956098 0.9951847266721968 0
    outer loop
      vertex -0.6526309611002579 -4.957224306869052 -26.4
      vertex -0.6526309611002579 -4.957224306869052 -23.4
      vertex -0.3270156461507153 -4.989294616193018 -26.4
    endloop
  endfacet
  facet normal 0.03271908282177589 0.9994645874763657 0
    outer loop
      vertex -0.3270156461507153 -4.989294616193018 -26.4
      vertex -0.3270156461507153 -4.989294616193018 -23.4
      vertex 0 -5 -26.4
    endloop
  endfacet
  facet normal 0.6343932841636444 0.7730104533627379 0
    outer loop
      vertex -3.296729075500344 -3.7591990373948874 -26.4
      vertex -3.296729075500344 -3.7591990373948874 -23.4
      vertex -3.043807145043603 -3.9667667014561756 -26.4
    endloop
  endfacet
  facet normal 0.5824776968678027 0.8128466845916148 0
    outer loop
      vertex -3.043807145043603 -3.9667667014561756 -26.4
      vertex -3.043807145043603 -3.9667667014561756 -23.4
      vertex -2.777851165098011 -4.157348061512726 -26.4
    endloop
  endfacet
  facet normal 0.6835923020228714 0.7298640726978357 -2.280849952726972e-18
    outer loop
      vertex -3.296729075500344 -3.7591990373948874 -26.4
      vertex -3.5355339059327378 -3.5355339059327378 -26.4
      vertex -3.5355339059327378 -3.5355339059327378 -23.4
    endloop
  endfacet
  facet normal 0.5280678506503671 0.8492021815265794 0
    outer loop
      vertex -2.777851165098011 -4.157348061512726 -26.4
      vertex -2.777851165098011 -4.157348061512726 -23.4
      vertex -2.5 -4.330127018922193 -26.4
    endloop
  endfacet
  facet normal 0.9359059267573256 0.3522500479212337 1.8863650774610237e-18
    outer loop
      vertex -4.619397662556434 -1.913417161825449 -26.4
      vertex -4.7346506474755286 -1.607197326515808 -26.4
      vertex -4.7346506474755286 -1.607197326515808 -23.4
    endloop
  endfacet
  facet normal 0.956940335732209 0.29028467725446166 -1.3705699413388597e-18
    outer loop
      vertex -4.7346506474755286 -1.607197326515808 -26.4
      vertex -4.8296291314453415 -1.2940952255126037 -26.4
      vertex -4.8296291314453415 -1.2940952255126037 -23.4
    endloop
  endfacet
  facet normal 0.9738769792773337 0.22707626303437287 -6.407114385417579e-20
    outer loop
      vertex -4.8296291314453415 -1.2940952255126037 -26.4
      vertex -4.903926402016152 -0.9754516100806412 -26.4
      vertex -4.903926402016152 -0.9754516100806412 -23.4
    endloop
  endfacet
  facet normal 0.986643332084879 0.16289547339458896 1.9601610961384366e-19
    outer loop
      vertex -4.903926402016152 -0.9754516100806412 -26.4
      vertex -4.957224306869052 -0.6526309611002579 -26.4
      vertex -4.957224306869052 -0.6526309611002579 -23.4
    endloop
  endfacet
  facet normal 0.9951847266721968 0.09801714032956098 2.0984991676182582e-19
    outer loop
      vertex -4.957224306869052 -0.6526309611002579 -26.4
      vertex -4.989294616193018 -0.3270156461507153 -26.4
      vertex -4.989294616193018 -0.3270156461507153 -23.4
    endloop
  endfacet
  facet normal 0.9994645874763657 0.03271908282177589 1.8067623907259187e-19
    outer loop
      vertex -4.989294616193018 -0.3270156461507153 -26.4
      vertex -5 0 -26.4
      vertex -5 0 -23.4
    endloop
  endfacet
  facet normal 0.9994645874763657 -0.03271908282177589 -1.8067623907259187e-19
    outer loop
      vertex -5 0 -26.4
      vertex -4.989294616193018 0.3270156461507153 -26.4
      vertex -4.989294616193018 0.3270156461507153 -23.4
    endloop
  endfacet
  facet normal 0.9951847266721968 -0.09801714032956098 -2.0984991676182582e-19
    outer loop
      vertex -4.989294616193018 0.3270156461507153 -26.4
      vertex -4.957224306869052 0.6526309611002579 -26.4
      vertex -4.957224306869052 0.6526309611002579 -23.4
    endloop
  endfacet
  facet normal 0.986643332084879 -0.16289547339458896 -1.9601610961384366e-19
    outer loop
      vertex -4.957224306869052 0.6526309611002579 -26.4
      vertex -4.903926402016152 0.9754516100806412 -26.4
      vertex -4.903926402016152 0.9754516100806412 -23.4
    endloop
  endfacet
  facet normal 0.9738769792773337 -0.22707626303437287 6.407114385417579e-20
    outer loop
      vertex -4.903926402016152 0.9754516100806412 -26.4
      vertex -4.8296291314453415 1.2940952255126037 -26.4
      vertex -4.8296291314453415 1.2940952255126037 -23.4
    endloop
  endfacet
  facet normal 0.956940335732209 -0.29028467725446166 1.3705699413388597e-18
    outer loop
      vertex -4.8296291314453415 1.2940952255126037 -26.4
      vertex -4.7346506474755286 1.607197326515808 -26.4
      vertex -4.7346506474755286 1.607197326515808 -23.4
    endloop
  endfacet
  facet normal 0.9359059267573256 -0.3522500479212337 -1.8863650774610237e-18
    outer loop
      vertex -4.7346506474755286 1.607197326515808 -26.4
      vertex -4.619397662556434 1.913417161825449 -26.4
      vertex -4.619397662556434 1.913417161825449 -23.4
    endloop
  endfacet
  facet normal 0.910863824921175 -0.41270702980439655 -2.873345397307141e-18
    outer loop
      vertex -4.619397662556434 1.913417161825449 -26.4
      vertex -4.484363707663441 2.2114434510950067 -26.4
      vertex -4.484363707663441 2.2114434510950067 -23.4
    endloop
  endfacet
  facet normal 0.881921264348355 -0.47139673682599753 -2.2995123928818296e-18
    outer loop
      vertex -4.484363707663441 2.2114434510950067 -26.4
      vertex -4.330127018922193 2.5 -26.4
      vertex -4.330127018922193 2.5 -23.4
    endloop
  endfacet
  facet normal 0.8492021815265794 -0.5280678506503671 3.101548769229942e-18
    outer loop
      vertex -4.330127018922193 2.5 -26.4
      vertex -4.157348061512726 2.777851165098011 -26.4
      vertex -4.157348061512726 2.777851165098011 -23.4
    endloop
  endfacet
  facet normal 0.8128466845916148 -0.5824776968678027 -2.7138552430658523e-18
    outer loop
      vertex -4.157348061512726 2.777851165098011 -26.4
      vertex -3.9667667014561756 3.043807145043603 -26.4
      vertex -3.9667667014561756 3.043807145043603 -23.4
    endloop
  endfacet
  facet normal 0.7730104533627379 -0.6343932841636444 -1.6678703855727755e-19
    outer loop
      vertex -3.9667667014561756 3.043807145043603 -26.4
      vertex -3.7591990373948874 3.296729075500344 -26.4
      vertex -3.7591990373948874 3.296729075500344 -23.4
    endloop
  endfacet
  facet normal 0.7298640726978357 -0.6835923020228714 2.280849952726972e-18
    outer loop
      vertex -3.7591990373948874 3.296729075500344 -26.4
      vertex -3.5355339059327378 3.5355339059327378 -26.4
      vertex -3.5355339059327378 3.5355339059327378 -23.4
    endloop
  endfacet
  facet normal 0.6835923020228714 -0.7298640726978357 0
    outer loop
      vertex -3.296729075500344 3.7591990373948874 -26.4
      vertex -3.296729075500344 3.7591990373948874 -23.4
      vertex -3.5355339059327378 3.5355339059327378 -26.4
    endloop
  endfacet
  facet normal 0.6343932841636444 -0.7730104533627379 0
    outer loop
      vertex -3.043807145043603 3.9667667014561756 -26.4
      vertex -3.043807145043603 3.9667667014561756 -23.4
      vertex -3.296729075500344 3.7591990373948874 -26.4
    endloop
  endfacet
  facet normal 0.5824776968678027 -0.8128466845916148 0
    outer loop
      vertex -2.777851165098011 4.157348061512726 -26.4
      vertex -2.777851165098011 4.157348061512726 -23.4
      vertex -3.043807145043603 3.9667667014561756 -26.4
    endloop
  endfacet
  facet normal 0.5280678506503671 -0.8492021815265794 0
    outer loop
      vertex -2.5 4.330127018922193 -26.4
      vertex -2.5 4.330127018922193 -23.4
      vertex -2.777851165098011 4.157348061512726 -26.4
    endloop
  endfacet
  facet normal 0.47139673682599753 -0.881921264348355 0
    outer loop
      vertex -2.2114434510950067 4.484363707663441 -26.4
      vertex -2.2114434510950067 4.484363707663441 -23.4
      vertex -2.5 4.330127018922193 -26.4
    endloop
  endfacet
  facet normal 0.41270702980439655 -0.910863824921175 0
    outer loop
      vertex -1.913417161825449 4.619397662556434 -26.4
      vertex -1.913417161825449 4.619397662556434 -23.4
      vertex -2.2114434510950067 4.484363707663441 -26.4
    endloop
  endfacet
  facet normal 0.3522500479212337 -0.9359059267573256 0
    outer loop
      vertex -1.607197326515808 4.7346506474755286 -26.4
      vertex -1.607197326515808 4.7346506474755286 -23.4
      vertex -1.913417161825449 4.619397662556434 -26.4
    endloop
  endfacet
  facet normal 0.29028467725446166 -0.956940335732209 0
    outer loop
      vertex -1.2940952255126037 4.8296291314453415 -26.4
      vertex -1.2940952255126037 4.8296291314453415 -23.4
      vertex -1.607197326515808 4.7346506474755286 -26.4
    endloop
  endfacet
  facet normal 0.22707626303437287 -0.9738769792773337 0
    outer loop
      vertex -0.9754516100806412 4.903926402016152 -26.4
      vertex -0.9754516100806412 4.903926402016152 -23.4
      vertex -1.2940952255126037 4.8296291314453415 -26.4
    endloop
  endfacet
  facet normal 0.16289547339458896 -0.986643332084879 0
    outer loop
      vertex -0.6526309611002579 4.957224306869052 -26.4
      vertex -0.6526309611002579 4.957224306869052 -23.4
      vertex -0.9754516100806412 4.903926402016152 -26.4
    endloop
  endfacet
  facet normal 0.09801714032956098 -0.9951847266721968 0
    outer loop
      vertex -0.3270156461507153 4.989294616193018 -26.4
      vertex -0.3270156461507153 4.989294616193018 -23.4
      vertex -0.6526309611002579 4.957224306869052 -26.4
    endloop
  endfacet
  facet normal 0.03271908282177589 -0.9994645874763657 -1.8067623907259187e-19
    outer loop
      vertex -0.3270156461507153 4.989294616193018 -26.4
      vertex 0 5 -26.4
      vertex 0 5 -23.4
    endloop
  endfacet
  facet normal 0.7730104533627379 0.6343932841636444 0
    outer loop
      vertex -3.7591990373948874 -3.296729075500344 -26.4
      vertex -3.9667667014561756 -3.043807145043603 -23.4
      vertex -3.7591990373948874 -3.296729075500344 -23.4
    endloop
  endfacet
  facet normal 0.8492021815265794 0.5280678506503671 0
    outer loop
      vertex -4.157348061512726 -2.777851165098011 -26.4
      vertex -4.330127018922193 -2.5 -23.4
      vertex -4.157348061512726 -2.777851165098011 -23.4
    endloop
  endfacet
  facet normal 0.8128466845916148 0.5824776968678027 0
    outer loop
      vertex -3.9667667014561756 -3.043807145043603 -26.4
      vertex -4.157348061512726 -2.777851165098011 -23.4
      vertex -3.9667667014561756 -3.043807145043603 -23.4
    endloop
  endfacet
  facet normal 0.881921264348355 0.47139673682599753 0
    outer loop
      vertex -4.330127018922193 -2.5 -26.4
      vertex -4.484363707663441 -2.2114434510950067 -23.4
      vertex -4.330127018922193 -2.5 -23.4
    endloop
  endfacet
  facet normal 0.910863824921175 0.41270702980439655 0
    outer loop
      vertex -4.484363707663441 -2.2114434510950067 -26.4
      vertex -4.619397662556434 -1.913417161825449 -23.4
      vertex -4.484363707663441 -2.2114434510950067 -23.4
    endloop
  endfacet
  facet normal 0.5280678506503671 0.8492021815265794 0
    outer loop
      vertex -2.5 -4.330127018922193 -26.4
      vertex -2.777851165098011 -4.157348061512726 -23.4
      vertex -2.5 -4.330127018922193 -23.4
    endloop
  endfacet
  facet normal 0.47139673682599753 0.881921264348355 0
    outer loop
      vertex -2.2114434510950067 -4.484363707663441 -26.4
      vertex -2.5 -4.330127018922193 -23.4
      vertex -2.2114434510950067 -4.484363707663441 -23.4
    endloop
  endfacet
  facet normal 0.41270702980439655 0.910863824921175 0
    outer loop
      vertex -1.913417161825449 -4.619397662556434 -26.4
      vertex -2.2114434510950067 -4.484363707663441 -23.4
      vertex -1.913417161825449 -4.619397662556434 -23.4
    endloop
  endfacet
  facet normal 0.22707626303437287 0.9738769792773337 0
    outer loop
      vertex -0.9754516100806412 -4.903926402016152 -26.4
      vertex -1.2940952255126037 -4.8296291314453415 -23.4
      vertex -0.9754516100806412 -4.903926402016152 -23.4
    endloop
  endfacet
  facet normal 0.3522500479212337 0.9359059267573256 0
    outer loop
      vertex -1.607197326515808 -4.7346506474755286 -26.4
      vertex -1.913417161825449 -4.619397662556434 -23.4
      vertex -1.607197326515808 -4.7346506474755286 -23.4
    endloop
  endfacet
  facet normal 0.29028467725446166 0.956940335732209 0
    outer loop
      vertex -1.2940952255126037 -4.8296291314453415 -26.4
      vertex -1.607197326515808 -4.7346506474755286 -23.4
      vertex -1.2940952255126037 -4.8296291314453415 -23.4
    endloop
  endfacet
  facet normal 0.16289547339458896 0.986643332084879 0
    outer loop
      vertex -0.6526309611002579 -4.957224306869052 -26.4
      vertex -0.9754516100806412 -4.903926402016152 -23.4
      vertex -0.6526309611002579 -4.957224306869052 -23.4
    endloop
  endfacet
  facet normal 0.09801714032956098 0.9951847266721968 0
    outer loop
      vertex -0.3270156461507153 -4.989294616193018 -26.4
      vertex -0.6526309611002579 -4.957224306869052 -23.4
      vertex -0.3270156461507153 -4.989294616193018 -23.4
    endloop
  endfacet
  facet normal 0.03271908282177589 0.9994645874763657 0
    outer loop
      vertex 0 -5 -26.4
      vertex -0.3270156461507153 -4.989294616193018 -23.4
      vertex 0 -5 -23.4
    endloop
  endfacet
  facet normal 0.5824776968678027 0.8128466845916148 0
    outer loop
      vertex -2.777851165098011 -4.157348061512726 -26.4
      vertex -3.043807145043603 -3.9667667014561756 -23.4
      vertex -2.777851165098011 -4.157348061512726 -23.4
    endloop
  endfacet
  facet normal 0.6343932841636444 0.7730104533627379 0
    outer loop
      vertex -3.043807145043603 -3.9667667014561756 -26.4
      vertex -3.296729075500344 -3.7591990373948874 -23.4
      vertex -3.043807145043603 -3.9667667014561756 -23.4
    endloop
  endfacet
  facet normal 0.7298640726978357 0.6835923020228714 0
    outer loop
      vertex -3.5355339059327378 -3.5355339059327378 -26.4
      vertex -3.7591990373948874 -3.296729075500344 -23.4
      vertex -3.5355339059327378 -3.5355339059327378 -23.4
    endloop
  endfacet
  facet normal 0.6835923020228714 0.7298640726978357 0
    outer loop
      vertex -3.296729075500344 -3.7591990373948874 -26.4
      vertex -3.5355339059327378 -3.5355339059327378 -23.4
      vertex -3.296729075500344 -3.7591990373948874 -23.4
    endloop
  endfacet
  facet normal 0.9359059267573256 0.3522500479212337 0
    outer loop
      vertex -4.619397662556434 -1.913417161825449 -26.4
      vertex -4.7346506474755286 -1.607197326515808 -23.4
      vertex -4.619397662556434 -1.913417161825449 -23.4
    endloop
  endfacet
  facet normal 0.956940335732209 0.29028467725446166 0
    outer loop
      vertex -4.7346506474755286 -1.607197326515808 -26.4
      vertex -4.8296291314453415 -1.2940952255126037 -23.4
      vertex -4.7346506474755286 -1.607197326515808 -23.4
    endloop
  endfacet
  facet normal 0.9738769792773337 0.22707626303437287 0
    outer loop
      vertex -4.8296291314453415 -1.2940952255126037 -26.4
      vertex -4.903926402016152 -0.9754516100806412 -23.4
      vertex -4.8296291314453415 -1.2940952255126037 -23.4
    endloop
  endfacet
  facet normal 0.986643332084879 0.16289547339458896 0
    outer loop
      vertex -4.903926402016152 -0.9754516100806412 -26.4
      vertex -4.957224306869052 -0.6526309611002579 -23.4
      vertex -4.903926402016152 -0.9754516100806412 -23.4
    endloop
  endfacet
  facet normal 0.9951847266721968 0.09801714032956098 0
    outer loop
      vertex -4.957224306869052 -0.6526309611002579 -26.4
      vertex -4.989294616193018 -0.3270156461507153 -23.4
      vertex -4.957224306869052 -0.6526309611002579 -23.4
    endloop
  endfacet
  facet normal 0.9994645874763657 0.03271908282177589 0
    outer loop
      vertex -4.989294616193018 -0.3270156461507153 -26.4
      vertex -5 0 -23.4
      vertex -4.989294616193018 -0.3270156461507153 -23.4
    endloop
  endfacet
  facet normal 0.9994645874763657 -0.03271908282177589 -1.8067623907259187e-19
    outer loop
      vertex -4.989294616193018 0.3270156461507153 -23.4
      vertex -5 0 -23.4
      vertex -5 0 -26.4
    endloop
  endfacet
  facet normal 0.9951847266721968 -0.09801714032956098 0
    outer loop
      vertex -4.989294616193018 0.3270156461507153 -26.4
      vertex -4.957224306869052 0.6526309611002579 -23.4
      vertex -4.989294616193018 0.3270156461507153 -23.4
    endloop
  endfacet
  facet normal 0.986643332084879 -0.16289547339458896 -1.9601610961384366e-19
    outer loop
      vertex -4.903926402016152 0.9754516100806412 -23.4
      vertex -4.957224306869052 0.6526309611002579 -23.4
      vertex -4.957224306869052 0.6526309611002579 -26.4
    endloop
  endfacet
  facet normal 0.9738769792773337 -0.22707626303437287 0
    outer loop
      vertex -4.903926402016152 0.9754516100806412 -26.4
      vertex -4.8296291314453415 1.2940952255126037 -23.4
      vertex -4.903926402016152 0.9754516100806412 -23.4
    endloop
  endfacet
  facet normal 0.956940335732209 -0.29028467725446166 0
    outer loop
      vertex -4.8296291314453415 1.2940952255126037 -26.4
      vertex -4.7346506474755286 1.607197326515808 -23.4
      vertex -4.8296291314453415 1.2940952255126037 -23.4
    endloop
  endfacet
  facet normal 0.9359059267573256 -0.3522500479212337 -1.8863650774610237e-18
    outer loop
      vertex -4.619397662556434 1.913417161825449 -23.4
      vertex -4.7346506474755286 1.607197326515808 -23.4
      vertex -4.7346506474755286 1.607197326515808 -26.4
    endloop
  endfacet
  facet normal 0.910863824921175 -0.41270702980439655 0
    outer loop
      vertex -4.619397662556434 1.913417161825449 -26.4
      vertex -4.484363707663441 2.2114434510950067 -23.4
      vertex -4.619397662556434 1.913417161825449 -23.4
    endloop
  endfacet
  facet normal 0.881921264348355 -0.47139673682599753 0
    outer loop
      vertex -4.484363707663441 2.2114434510950067 -26.4
      vertex -4.330127018922193 2.5 -23.4
      vertex -4.484363707663441 2.2114434510950067 -23.4
    endloop
  endfacet
  facet normal 0.8492021815265794 -0.5280678506503671 0
    outer loop
      vertex -4.330127018922193 2.5 -26.4
      vertex -4.157348061512726 2.777851165098011 -23.4
      vertex -4.330127018922193 2.5 -23.4
    endloop
  endfacet
  facet normal 0.8128466845916148 -0.5824776968678027 0
    outer loop
      vertex -4.157348061512726 2.777851165098011 -26.4
      vertex -3.9667667014561756 3.043807145043603 -23.4
      vertex -4.157348061512726 2.777851165098011 -23.4
    endloop
  endfacet
  facet normal 0.7730104533627379 -0.6343932841636444 0
    outer loop
      vertex -3.9667667014561756 3.043807145043603 -26.4
      vertex -3.7591990373948874 3.296729075500344 -23.4
      vertex -3.9667667014561756 3.043807145043603 -23.4
    endloop
  endfacet
  facet normal 0.7298640726978357 -0.6835923020228714 0
    outer loop
      vertex -3.7591990373948874 3.296729075500344 -26.4
      vertex -3.5355339059327378 3.5355339059327378 -23.4
      vertex -3.7591990373948874 3.296729075500344 -23.4
    endloop
  endfacet
  facet normal 0.6835923020228714 -0.7298640726978357 2.280849952726972e-18
    outer loop
      vertex -3.296729075500344 3.7591990373948874 -23.4
      vertex -3.5355339059327378 3.5355339059327378 -23.4
      vertex -3.5355339059327378 3.5355339059327378 -26.4
    endloop
  endfacet
  facet normal 0.6343932841636444 -0.7730104533627379 0
    outer loop
      vertex -3.296729075500344 3.7591990373948874 -26.4
      vertex -3.043807145043603 3.9667667014561756 -23.4
      vertex -3.296729075500344 3.7591990373948874 -23.4
    endloop
  endfacet
  facet normal 0.5824776968678027 -0.8128466845916148 0
    outer loop
      vertex -3.043807145043603 3.9667667014561756 -26.4
      vertex -2.777851165098011 4.157348061512726 -23.4
      vertex -3.043807145043603 3.9667667014561756 -23.4
    endloop
  endfacet
  facet normal 0.5280678506503671 -0.8492021815265794 0
    outer loop
      vertex -2.777851165098011 4.157348061512726 -26.4
      vertex -2.5 4.330127018922193 -23.4
      vertex -2.777851165098011 4.157348061512726 -23.4
    endloop
  endfacet
  facet normal 0.47139673682599753 -0.881921264348355 0
    outer loop
      vertex -2.5 4.330127018922193 -26.4
      vertex -2.2114434510950067 4.484363707663441 -23.4
      vertex -2.5 4.330127018922193 -23.4
    endloop
  endfacet
  facet normal 0.41270702980439655 -0.910863824921175 0
    outer loop
      vertex -2.2114434510950067 4.484363707663441 -26.4
      vertex -1.913417161825449 4.619397662556434 -23.4
      vertex -2.2114434510950067 4.484363707663441 -23.4
    endloop
  endfacet
  facet normal 0.3522500479212337 -0.9359059267573256 0
    outer loop
      vertex -1.913417161825449 4.619397662556434 -26.4
      vertex -1.607197326515808 4.7346506474755286 -23.4
      vertex -1.913417161825449 4.619397662556434 -23.4
    endloop
  endfacet
  facet normal 0.29028467725446166 -0.956940335732209 0
    outer loop
      vertex -1.607197326515808 4.7346506474755286 -26.4
      vertex -1.2940952255126037 4.8296291314453415 -23.4
      vertex -1.607197326515808 4.7346506474755286 -23.4
    endloop
  endfacet
  facet normal 0.22707626303437287 -0.9738769792773337 0
    outer loop
      vertex -1.2940952255126037 4.8296291314453415 -26.4
      vertex -0.9754516100806412 4.903926402016152 -23.4
      vertex -1.2940952255126037 4.8296291314453415 -23.4
    endloop
  endfacet
  facet normal 0.16289547339458896 -0.986643332084879 0
    outer loop
      vertex -0.9754516100806412 4.903926402016152 -26.4
      vertex -0.6526309611002579 4.957224306869052 -23.4
      vertex -0.9754516100806412 4.903926402016152 -23.4
    endloop
  endfacet
  facet normal 0.09801714032956098 -0.9951847266721968 0
    outer loop
      vertex -0.6526309611002579 4.957224306869052 -26.4
      vertex -0.3270156461507153 4.989294616193018 -23.4
      vertex -0.6526309611002579 4.957224306869052 -23.4
    endloop
  endfacet
  facet normal 0.03271908282177589 -0.9994645874763657 0
    outer loop
      vertex -0.3270156461507153 4.989294616193018 -26.4
      vertex 0 5 -23.4
      vertex -0.3270156461507153 4.989294616193018 -23.4
    endloop
  endfacet
  facet normal -0.03271908282177589 0.9994645874763657 0
    outer loop
      vertex 0 -5 -26.4
      vertex 0 -5 -23.4
      vertex 0.3270156461507153 -4.989294616193018 -26.4
    endloop
  endfacet
  facet normal -0.09801714032956098 0.9951847266721968 0
    outer loop
      vertex 0.3270156461507153 -4.989294616193018 -26.4
      vertex 0.3270156461507153 -4.989294616193018 -23.4
      vertex 0.6526309611002579 -4.957224306869052 -26.4
    endloop
  endfacet
  facet normal -0.16289547339458896 0.986643332084879 0
    outer loop
      vertex 0.6526309611002579 -4.957224306869052 -26.4
      vertex 0.6526309611002579 -4.957224306869052 -23.4
      vertex 0.9754516100806412 -4.903926402016152 -26.4
    endloop
  endfacet
  facet normal -0.22707626303437287 0.9738769792773337 0
    outer loop
      vertex 0.9754516100806412 -4.903926402016152 -26.4
      vertex 0.9754516100806412 -4.903926402016152 -23.4
      vertex 1.2940952255126037 -4.8296291314453415 -26.4
    endloop
  endfacet
  facet normal -0.29028467725446166 0.956940335732209 0
    outer loop
      vertex 1.2940952255126037 -4.8296291314453415 -26.4
      vertex 1.2940952255126037 -4.8296291314453415 -23.4
      vertex 1.607197326515808 -4.7346506474755286 -26.4
    endloop
  endfacet
  facet normal -0.3522500479212337 0.9359059267573256 0
    outer loop
      vertex 1.607197326515808 -4.7346506474755286 -26.4
      vertex 1.607197326515808 -4.7346506474755286 -23.4
      vertex 1.913417161825449 -4.619397662556434 -26.4
    endloop
  endfacet
  facet normal -0.41270702980439655 0.910863824921175 0
    outer loop
      vertex 1.913417161825449 -4.619397662556434 -26.4
      vertex 1.913417161825449 -4.619397662556434 -23.4
      vertex 2.2114434510950067 -4.484363707663441 -26.4
    endloop
  endfacet
  facet normal -0.47139673682599753 0.881921264348355 0
    outer loop
      vertex 2.2114434510950067 -4.484363707663441 -26.4
      vertex 2.2114434510950067 -4.484363707663441 -23.4
      vertex 2.5 -4.330127018922193 -26.4
    endloop
  endfacet
  facet normal -0.5280678506503671 0.8492021815265794 0
    outer loop
      vertex 2.5 -4.330127018922193 -26.4
      vertex 2.5 -4.330127018922193 -23.4
      vertex 2.777851165098011 -4.157348061512726 -26.4
    endloop
  endfacet
  facet normal -0.5824776968678027 0.8128466845916148 0
    outer loop
      vertex 2.777851165098011 -4.157348061512726 -26.4
      vertex 2.777851165098011 -4.157348061512726 -23.4
      vertex 3.043807145043603 -3.9667667014561756 -26.4
    endloop
  endfacet
  facet normal -0.6343932841636444 0.7730104533627379 0
    outer loop
      vertex 3.043807145043603 -3.9667667014561756 -26.4
      vertex 3.043807145043603 -3.9667667014561756 -23.4
      vertex 3.296729075500344 -3.7591990373948874 -26.4
    endloop
  endfacet
  facet normal -0.6835923020228714 0.7298640726978357 0
    outer loop
      vertex 3.296729075500344 -3.7591990373948874 -26.4
      vertex 3.296729075500344 -3.7591990373948874 -23.4
      vertex 3.5355339059327378 -3.5355339059327378 -26.4
    endloop
  endfacet
  facet normal -0.7298640726978357 0.6835923020228714 0
    outer loop
      vertex 3.5355339059327378 -3.5355339059327378 -26.4
      vertex 3.5355339059327378 -3.5355339059327378 -23.4
      vertex 3.7591990373948874 -3.296729075500344 -26.4
    endloop
  endfacet
  facet normal -0.7730104533627379 0.6343932841636444 -1.6678703855727755e-19
    outer loop
      vertex 3.9667667014561756 -3.043807145043603 -26.4
      vertex 3.7591990373948874 -3.296729075500344 -26.4
      vertex 3.7591990373948874 -3.296729075500344 -23.4
    endloop
  endfacet
  facet normal -0.8128466845916148 0.5824776968678027 -2.7138552430658523e-18
    outer loop
      vertex 4.157348061512726 -2.777851165098011 -26.4
      vertex 3.9667667014561756 -3.043807145043603 -26.4
      vertex 3.9667667014561756 -3.043807145043603 -23.4
    endloop
  endfacet
  facet normal -0.8492021815265794 0.5280678506503671 3.101548769229942e-18
    outer loop
      vertex 4.330127018922193 -2.5 -26.4
      vertex 4.157348061512726 -2.777851165098011 -26.4
      vertex 4.157348061512726 -2.777851165098011 -23.4
    endloop
  endfacet
  facet normal -0.881921264348355 0.47139673682599753 -2.2995123928818296e-18
    outer loop
      vertex 4.484363707663441 -2.2114434510950067 -26.4
      vertex 4.330127018922193 -2.5 -26.4
      vertex 4.330127018922193 -2.5 -23.4
    endloop
  endfacet
  facet normal -0.910863824921175 0.41270702980439655 -2.873345397307141e-18
    outer loop
      vertex 4.619397662556434 -1.913417161825449 -26.4
      vertex 4.484363707663441 -2.2114434510950067 -26.4
      vertex 4.484363707663441 -2.2114434510950067 -23.4
    endloop
  endfacet
  facet normal -0.9359059267573256 0.3522500479212337 -1.8863650774610237e-18
    outer loop
      vertex 4.7346506474755286 -1.607197326515808 -26.4
      vertex 4.619397662556434 -1.913417161825449 -26.4
      vertex 4.619397662556434 -1.913417161825449 -23.4
    endloop
  endfacet
  facet normal -0.956940335732209 0.29028467725446166 1.3705699413388597e-18
    outer loop
      vertex 4.8296291314453415 -1.2940952255126037 -26.4
      vertex 4.7346506474755286 -1.607197326515808 -26.4
      vertex 4.7346506474755286 -1.607197326515808 -23.4
    endloop
  endfacet
  facet normal -0.9738769792773337 0.22707626303437287 6.407114385417579e-20
    outer loop
      vertex 4.903926402016152 -0.9754516100806412 -26.4
      vertex 4.8296291314453415 -1.2940952255126037 -26.4
      vertex 4.8296291314453415 -1.2940952255126037 -23.4
    endloop
  endfacet
  facet normal -0.986643332084879 0.16289547339458896 -1.9601610961384366e-19
    outer loop
      vertex 4.957224306869052 -0.6526309611002579 -26.4
      vertex 4.903926402016152 -0.9754516100806412 -26.4
      vertex 4.903926402016152 -0.9754516100806412 -23.4
    endloop
  endfacet
  facet normal -0.9951847266721968 0.09801714032956098 -2.0984991676182582e-19
    outer loop
      vertex 4.989294616193018 -0.3270156461507153 -26.4
      vertex 4.957224306869052 -0.6526309611002579 -26.4
      vertex 4.957224306869052 -0.6526309611002579 -23.4
    endloop
  endfacet
  facet normal -0.9994645874763657 0.03271908282177589 -1.8067623907259187e-19
    outer loop
      vertex 5 0 -26.4
      vertex 4.989294616193018 -0.3270156461507153 -26.4
      vertex 4.989294616193018 -0.3270156461507153 -23.4
    endloop
  endfacet
  facet normal -0.9994645874763657 -0.03271908282177589 1.8067623907259187e-19
    outer loop
      vertex 4.989294616193018 0.3270156461507153 -26.4
      vertex 5 0 -26.4
      vertex 5 0 -23.4
    endloop
  endfacet
  facet normal -0.9951847266721968 -0.09801714032956098 2.0984991676182582e-19
    outer loop
      vertex 4.957224306869052 0.6526309611002579 -26.4
      vertex 4.989294616193018 0.3270156461507153 -26.4
      vertex 4.989294616193018 0.3270156461507153 -23.4
    endloop
  endfacet
  facet normal -0.986643332084879 -0.16289547339458896 1.9601610961384366e-19
    outer loop
      vertex 4.903926402016152 0.9754516100806412 -26.4
      vertex 4.957224306869052 0.6526309611002579 -26.4
      vertex 4.957224306869052 0.6526309611002579 -23.4
    endloop
  endfacet
  facet normal -0.9738769792773337 -0.22707626303437287 -6.407114385417579e-20
    outer loop
      vertex 4.8296291314453415 1.2940952255126037 -26.4
      vertex 4.903926402016152 0.9754516100806412 -26.4
      vertex 4.903926402016152 0.9754516100806412 -23.4
    endloop
  endfacet
  facet normal -0.881921264348355 -0.47139673682599753 2.2995123928818296e-18
    outer loop
      vertex 4.330127018922193 2.5 -26.4
      vertex 4.484363707663441 2.2114434510950067 -26.4
      vertex 4.484363707663441 2.2114434510950067 -23.4
    endloop
  endfacet
  facet normal -0.956940335732209 -0.29028467725446166 -1.3705699413388597e-18
    outer loop
      vertex 4.7346506474755286 1.607197326515808 -26.4
      vertex 4.8296291314453415 1.2940952255126037 -26.4
      vertex 4.8296291314453415 1.2940952255126037 -23.4
    endloop
  endfacet
  facet normal -0.9359059267573256 -0.3522500479212337 1.8863650774610237e-18
    outer loop
      vertex 4.619397662556434 1.913417161825449 -26.4
      vertex 4.7346506474755286 1.607197326515808 -26.4
      vertex 4.7346506474755286 1.607197326515808 -23.4
    endloop
  endfacet
  facet normal -0.910863824921175 -0.41270702980439655 2.873345397307141e-18
    outer loop
      vertex 4.484363707663441 2.2114434510950067 -26.4
      vertex 4.619397662556434 1.913417161825449 -26.4
      vertex 4.619397662556434 1.913417161825449 -23.4
    endloop
  endfacet
  facet normal -0.3522500479212337 -0.9359059267573256 0
    outer loop
      vertex 1.913417161825449 4.619397662556434 -26.4
      vertex 1.913417161825449 4.619397662556434 -23.4
      vertex 1.607197326515808 4.7346506474755286 -26.4
    endloop
  endfacet
  facet normal -0.6835923020228714 -0.7298640726978357 0
    outer loop
      vertex 3.5355339059327378 3.5355339059327378 -26.4
      vertex 3.5355339059327378 3.5355339059327378 -23.4
      vertex 3.296729075500344 3.7591990373948874 -26.4
    endloop
  endfacet
  facet normal -0.41270702980439655 -0.910863824921175 0
    outer loop
      vertex 2.2114434510950067 4.484363707663441 -26.4
      vertex 2.2114434510950067 4.484363707663441 -23.4
      vertex 1.913417161825449 4.619397662556434 -26.4
    endloop
  endfacet
  facet normal -0.47139673682599753 -0.881921264348355 0
    outer loop
      vertex 2.5 4.330127018922193 -26.4
      vertex 2.5 4.330127018922193 -23.4
      vertex 2.2114434510950067 4.484363707663441 -26.4
    endloop
  endfacet
  facet normal -0.5280678506503671 -0.8492021815265794 -3.101548769229942e-18
    outer loop
      vertex 2.5 4.330127018922193 -26.4
      vertex 2.777851165098011 4.157348061512726 -26.4
      vertex 2.777851165098011 4.157348061512726 -23.4
    endloop
  endfacet
  facet normal -0.5824776968678027 -0.8128466845916148 0
    outer loop
      vertex 3.043807145043603 3.9667667014561756 -26.4
      vertex 3.043807145043603 3.9667667014561756 -23.4
      vertex 2.777851165098011 4.157348061512726 -26.4
    endloop
  endfacet
  facet normal -0.6343932841636444 -0.7730104533627379 0
    outer loop
      vertex 3.296729075500344 3.7591990373948874 -26.4
      vertex 3.296729075500344 3.7591990373948874 -23.4
      vertex 3.043807145043603 3.9667667014561756 -26.4
    endloop
  endfacet
  facet normal -0.03271908282177589 -0.9994645874763657 0
    outer loop
      vertex 0.3270156461507153 4.989294616193018 -26.4
      vertex 0.3270156461507153 4.989294616193018 -23.4
      vertex 0 5 -26.4
    endloop
  endfacet
  facet normal -0.09801714032956098 -0.9951847266721968 0
    outer loop
      vertex 0.6526309611002579 4.957224306869052 -26.4
      vertex 0.6526309611002579 4.957224306869052 -23.4
      vertex 0.3270156461507153 4.989294616193018 -26.4
    endloop
  endfacet
  facet normal -0.16289547339458896 -0.986643332084879 1.9601610961384366e-19
    outer loop
      vertex 0.6526309611002579 4.957224306869052 -26.4
      vertex 0.9754516100806412 4.903926402016152 -26.4
      vertex 0.9754516100806412 4.903926402016152 -23.4
    endloop
  endfacet
  facet normal -0.22707626303437287 -0.9738769792773337 0
    outer loop
      vertex 1.2940952255126037 4.8296291314453415 -26.4
      vertex 1.2940952255126037 4.8296291314453415 -23.4
      vertex 0.9754516100806412 4.903926402016152 -26.4
    endloop
  endfacet
  facet normal -0.29028467725446166 -0.956940335732209 0
    outer loop
      vertex 1.607197326515808 4.7346506474755286 -26.4
      vertex 1.607197326515808 4.7346506474755286 -23.4
      vertex 1.2940952255126037 4.8296291314453415 -26.4
    endloop
  endfacet
  facet normal -0.8492021815265794 -0.5280678506503671 -3.101548769229942e-18
    outer loop
      vertex 4.157348061512726 2.777851165098011 -26.4
      vertex 4.330127018922193 2.5 -26.4
      vertex 4.330127018922193 2.5 -23.4
    endloop
  endfacet
  facet normal -0.8128466845916148 -0.5824776968678027 2.7138552430658523e-18
    outer loop
      vertex 3.9667667014561756 3.043807145043603 -26.4
      vertex 4.157348061512726 2.777851165098011 -26.4
      vertex 4.157348061512726 2.777851165098011 -23.4
    endloop
  endfacet
  facet normal -0.7730104533627379 -0.6343932841636444 1.6678703855727755e-19
    outer loop
      vertex 3.7591990373948874 3.296729075500344 -26.4
      vertex 3.9667667014561756 3.043807145043603 -26.4
      vertex 3.9667667014561756 3.043807145043603 -23.4
    endloop
  endfacet
  facet normal -0.7298640726978357 -0.6835923020228714 -2.280849952726972e-18
    outer loop
      vertex 3.5355339059327378 3.5355339059327378 -26.4
      vertex 3.7591990373948874 3.296729075500344 -26.4
      vertex 3.7591990373948874 3.296729075500344 -23.4
    endloop
  endfacet
  facet normal -0.03271908282177589 0.9994645874763657 0
    outer loop
      vertex 0.3270156461507153 -4.989294616193018 -26.4
      vertex 0 -5 -23.4
      vertex 0.3270156461507153 -4.989294616193018 -23.4
    endloop
  endfacet
  facet normal -0.09801714032956098 0.9951847266721968 0
    outer loop
      vertex 0.6526309611002579 -4.957224306869052 -26.4
      vertex 0.3270156461507153 -4.989294616193018 -23.4
      vertex 0.6526309611002579 -4.957224306869052 -23.4
    endloop
  endfacet
  facet normal -0.16289547339458896 0.986643332084879 0
    outer loop
      vertex 0.9754516100806412 -4.903926402016152 -26.4
      vertex 0.6526309611002579 -4.957224306869052 -23.4
      vertex 0.9754516100806412 -4.903926402016152 -23.4
    endloop
  endfacet
  facet normal -0.22707626303437287 0.9738769792773337 0
    outer loop
      vertex 1.2940952255126037 -4.8296291314453415 -26.4
      vertex 0.9754516100806412 -4.903926402016152 -23.4
      vertex 1.2940952255126037 -4.8296291314453415 -23.4
    endloop
  endfacet
  facet normal -0.29028467725446166 0.956940335732209 0
    outer loop
      vertex 1.607197326515808 -4.7346506474755286 -26.4
      vertex 1.2940952255126037 -4.8296291314453415 -23.4
      vertex 1.607197326515808 -4.7346506474755286 -23.4
    endloop
  endfacet
  facet normal -0.3522500479212337 0.9359059267573256 0
    outer loop
      vertex 1.913417161825449 -4.619397662556434 -26.4
      vertex 1.607197326515808 -4.7346506474755286 -23.4
      vertex 1.913417161825449 -4.619397662556434 -23.4
    endloop
  endfacet
  facet normal -0.41270702980439655 0.910863824921175 0
    outer loop
      vertex 2.2114434510950067 -4.484363707663441 -26.4
      vertex 1.913417161825449 -4.619397662556434 -23.4
      vertex 2.2114434510950067 -4.484363707663441 -23.4
    endloop
  endfacet
  facet normal -0.47139673682599753 0.881921264348355 0
    outer loop
      vertex 2.5 -4.330127018922193 -26.4
      vertex 2.2114434510950067 -4.484363707663441 -23.4
      vertex 2.5 -4.330127018922193 -23.4
    endloop
  endfacet
  facet normal -0.5280678506503671 0.8492021815265794 0
    outer loop
      vertex 2.777851165098011 -4.157348061512726 -26.4
      vertex 2.5 -4.330127018922193 -23.4
      vertex 2.777851165098011 -4.157348061512726 -23.4
    endloop
  endfacet
  facet normal -0.5824776968678027 0.8128466845916148 0
    outer loop
      vertex 3.043807145043603 -3.9667667014561756 -26.4
      vertex 2.777851165098011 -4.157348061512726 -23.4
      vertex 3.043807145043603 -3.9667667014561756 -23.4
    endloop
  endfacet
  facet normal -0.6343932841636444 0.7730104533627379 0
    outer loop
      vertex 3.296729075500344 -3.7591990373948874 -26.4
      vertex 3.043807145043603 -3.9667667014561756 -23.4
      vertex 3.296729075500344 -3.7591990373948874 -23.4
    endloop
  endfacet
  facet normal -0.6835923020228714 0.7298640726978357 0
    outer loop
      vertex 3.5355339059327378 -3.5355339059327378 -26.4
      vertex 3.296729075500344 -3.7591990373948874 -23.4
      vertex 3.5355339059327378 -3.5355339059327378 -23.4
    endloop
  endfacet
  facet normal -0.7298640726978357 0.6835923020228714 0
    outer loop
      vertex 3.7591990373948874 -3.296729075500344 -26.4
      vertex 3.5355339059327378 -3.5355339059327378 -23.4
      vertex 3.7591990373948874 -3.296729075500344 -23.4
    endloop
  endfacet
  facet normal -0.7730104533627379 0.6343932841636444 0
    outer loop
      vertex 3.9667667014561756 -3.043807145043603 -26.4
      vertex 3.7591990373948874 -3.296729075500344 -23.4
      vertex 3.9667667014561756 -3.043807145043603 -23.4
    endloop
  endfacet
  facet normal -0.8128466845916148 0.5824776968678027 0
    outer loop
      vertex 4.157348061512726 -2.777851165098011 -26.4
      vertex 3.9667667014561756 -3.043807145043603 -23.4
      vertex 4.157348061512726 -2.777851165098011 -23.4
    endloop
  endfacet
  facet normal -0.8492021815265794 0.5280678506503671 0
    outer loop
      vertex 4.330127018922193 -2.5 -26.4
      vertex 4.157348061512726 -2.777851165098011 -23.4
      vertex 4.330127018922193 -2.5 -23.4
    endloop
  endfacet
  facet normal -0.881921264348355 0.47139673682599753 0
    outer loop
      vertex 4.484363707663441 -2.2114434510950067 -26.4
      vertex 4.330127018922193 -2.5 -23.4
      vertex 4.484363707663441 -2.2114434510950067 -23.4
    endloop
  endfacet
  facet normal -0.910863824921175 0.41270702980439655 0
    outer loop
      vertex 4.619397662556434 -1.913417161825449 -26.4
      vertex 4.484363707663441 -2.2114434510950067 -23.4
      vertex 4.619397662556434 -1.913417161825449 -23.4
    endloop
  endfacet
  facet normal -0.9359059267573256 0.3522500479212337 0
    outer loop
      vertex 4.7346506474755286 -1.607197326515808 -26.4
      vertex 4.619397662556434 -1.913417161825449 -23.4
      vertex 4.7346506474755286 -1.607197326515808 -23.4
    endloop
  endfacet
  facet normal -0.956940335732209 0.29028467725446166 0
    outer loop
      vertex 4.8296291314453415 -1.2940952255126037 -26.4
      vertex 4.7346506474755286 -1.607197326515808 -23.4
      vertex 4.8296291314453415 -1.2940952255126037 -23.4
    endloop
  endfacet
  facet normal -0.9738769792773337 0.22707626303437287 0
    outer loop
      vertex 4.903926402016152 -0.9754516100806412 -26.4
      vertex 4.8296291314453415 -1.2940952255126037 -23.4
      vertex 4.903926402016152 -0.9754516100806412 -23.4
    endloop
  endfacet
  facet normal -0.986643332084879 0.16289547339458896 0
    outer loop
      vertex 4.957224306869052 -0.6526309611002579 -26.4
      vertex 4.903926402016152 -0.9754516100806412 -23.4
      vertex 4.957224306869052 -0.6526309611002579 -23.4
    endloop
  endfacet
  facet normal -0.9951847266721968 0.09801714032956098 -2.0984991676182582e-19
    outer loop
      vertex 4.957224306869052 -0.6526309611002579 -23.4
      vertex 4.989294616193018 -0.3270156461507153 -23.4
      vertex 4.989294616193018 -0.3270156461507153 -26.4
    endloop
  endfacet
  facet normal -0.9994645874763657 0.03271908282177589 0
    outer loop
      vertex 5 0 -26.4
      vertex 4.989294616193018 -0.3270156461507153 -23.4
      vertex 5 0 -23.4
    endloop
  endfacet
  facet normal -0.9994645874763657 -0.03271908282177589 1.8067623907259187e-19
    outer loop
      vertex 5 0 -23.4
      vertex 4.989294616193018 0.3270156461507153 -23.4
      vertex 4.989294616193018 0.3270156461507153 -26.4
    endloop
  endfacet
  facet normal -0.9951847266721968 -0.09801714032956098 0
    outer loop
      vertex 4.957224306869052 0.6526309611002579 -26.4
      vertex 4.989294616193018 0.3270156461507153 -23.4
      vertex 4.957224306869052 0.6526309611002579 -23.4
    endloop
  endfacet
  facet normal -0.986643332084879 -0.16289547339458896 1.9601610961384366e-19
    outer loop
      vertex 4.957224306869052 0.6526309611002579 -23.4
      vertex 4.903926402016152 0.9754516100806412 -23.4
      vertex 4.903926402016152 0.9754516100806412 -26.4
    endloop
  endfacet
  facet normal -0.9738769792773337 -0.22707626303437287 0
    outer loop
      vertex 4.8296291314453415 1.2940952255126037 -26.4
      vertex 4.903926402016152 0.9754516100806412 -23.4
      vertex 4.8296291314453415 1.2940952255126037 -23.4
    endloop
  endfacet
  facet normal -0.910863824921175 -0.41270702980439655 2.873345397307141e-18
    outer loop
      vertex 4.619397662556434 1.913417161825449 -23.4
      vertex 4.484363707663441 2.2114434510950067 -23.4
      vertex 4.484363707663441 2.2114434510950067 -26.4
    endloop
  endfacet
  facet normal -0.881921264348355 -0.47139673682599753 0
    outer loop
      vertex 4.330127018922193 2.5 -26.4
      vertex 4.484363707663441 2.2114434510950067 -23.4
      vertex 4.330127018922193 2.5 -23.4
    endloop
  endfacet
  facet normal -0.956940335732209 -0.29028467725446166 0
    outer loop
      vertex 4.7346506474755286 1.607197326515808 -26.4
      vertex 4.8296291314453415 1.2940952255126037 -23.4
      vertex 4.7346506474755286 1.607197326515808 -23.4
    endloop
  endfacet
  facet normal -0.9359059267573256 -0.3522500479212337 0
    outer loop
      vertex 4.619397662556434 1.913417161825449 -26.4
      vertex 4.7346506474755286 1.607197326515808 -23.4
      vertex 4.619397662556434 1.913417161825449 -23.4
    endloop
  endfacet
  facet normal -0.3522500479212337 -0.9359059267573256 0
    outer loop
      vertex 1.607197326515808 4.7346506474755286 -26.4
      vertex 1.913417161825449 4.619397662556434 -23.4
      vertex 1.607197326515808 4.7346506474755286 -23.4
    endloop
  endfacet
  facet normal -0.7298640726978357 -0.6835923020228714 -2.280849952726972e-18
    outer loop
      vertex 3.7591990373948874 3.296729075500344 -23.4
      vertex 3.5355339059327378 3.5355339059327378 -23.4
      vertex 3.5355339059327378 3.5355339059327378 -26.4
    endloop
  endfacet
  facet normal -0.41270702980439655 -0.910863824921175 0
    outer loop
      vertex 1.913417161825449 4.619397662556434 -26.4
      vertex 2.2114434510950067 4.484363707663441 -23.4
      vertex 1.913417161825449 4.619397662556434 -23.4
    endloop
  endfacet
  facet normal -0.47139673682599753 -0.881921264348355 0
    outer loop
      vertex 2.2114434510950067 4.484363707663441 -26.4
      vertex 2.5 4.330127018922193 -23.4
      vertex 2.2114434510950067 4.484363707663441 -23.4
    endloop
  endfacet
  facet normal -0.5280678506503671 -0.8492021815265794 0
    outer loop
      vertex 2.5 4.330127018922193 -26.4
      vertex 2.777851165098011 4.157348061512726 -23.4
      vertex 2.5 4.330127018922193 -23.4
    endloop
  endfacet
  facet normal -0.6343932841636444 -0.7730104533627379 0
    outer loop
      vertex 3.043807145043603 3.9667667014561756 -26.4
      vertex 3.296729075500344 3.7591990373948874 -23.4
      vertex 3.043807145043603 3.9667667014561756 -23.4
    endloop
  endfacet
  facet normal -0.5824776968678027 -0.8128466845916148 2.7138552430658523e-18
    outer loop
      vertex 3.043807145043603 3.9667667014561756 -23.4
      vertex 2.777851165098011 4.157348061512726 -23.4
      vertex 2.777851165098011 4.157348061512726 -26.4
    endloop
  endfacet
  facet normal -0.6835923020228714 -0.7298640726978357 0
    outer loop
      vertex 3.296729075500344 3.7591990373948874 -26.4
      vertex 3.5355339059327378 3.5355339059327378 -23.4
      vertex 3.296729075500344 3.7591990373948874 -23.4
    endloop
  endfacet
  facet normal -0.03271908282177589 -0.9994645874763657 0
    outer loop
      vertex 0 5 -26.4
      vertex 0.3270156461507153 4.989294616193018 -23.4
      vertex 0 5 -23.4
    endloop
  endfacet
  facet normal -0.09801714032956098 -0.9951847266721968 0
    outer loop
      vertex 0.3270156461507153 4.989294616193018 -26.4
      vertex 0.6526309611002579 4.957224306869052 -23.4
      vertex 0.3270156461507153 4.989294616193018 -23.4
    endloop
  endfacet
  facet normal -0.16289547339458896 -0.986643332084879 0
    outer loop
      vertex 0.6526309611002579 4.957224306869052 -26.4
      vertex 0.9754516100806412 4.903926402016152 -23.4
      vertex 0.6526309611002579 4.957224306869052 -23.4
    endloop
  endfacet
  facet normal -0.22707626303437287 -0.9738769792773337 0
    outer loop
      vertex 0.9754516100806412 4.903926402016152 -26.4
      vertex 1.2940952255126037 4.8296291314453415 -23.4
      vertex 0.9754516100806412 4.903926402016152 -23.4
    endloop
  endfacet
  facet normal -0.29028467725446166 -0.956940335732209 0
    outer loop
      vertex 1.2940952255126037 4.8296291314453415 -26.4
      vertex 1.607197326515808 4.7346506474755286 -23.4
      vertex 1.2940952255126037 4.8296291314453415 -23.4
    endloop
  endfacet
  facet normal -0.8128466845916148 -0.5824776968678027 0
    outer loop
      vertex 3.9667667014561756 3.043807145043603 -26.4
      vertex 4.157348061512726 2.777851165098011 -23.4
      vertex 3.9667667014561756 3.043807145043603 -23.4
    endloop
  endfacet
  facet normal -0.8492021815265794 -0.5280678506503671 0
    outer loop
      vertex 4.157348061512726 2.777851165098011 -26.4
      vertex 4.330127018922193 2.5 -23.4
      vertex 4.157348061512726 2.777851165098011 -23.4
    endloop
  endfacet
  facet normal -0.7730104533627379 -0.6343932841636444 0
    outer loop
      vertex 3.7591990373948874 3.296729075500344 -26.4
      vertex 3.9667667014561756 3.043807145043603 -23.4
      vertex 3.7591990373948874 3.296729075500344 -23.4
    endloop
  endfacet
endsolid OpenSCAD_Model
