solid OpenSCAD_Model
  facet normal 0.995187 0.0979932 0
    outer loop
      vertex 3.79829 0.0523224 2.4
      vertex 3.79316 0.104421 0
      vertex 3.79316 0.104421 2.4
    endloop
  endfacet
  facet normal 0.995187 0.0979932 0
    outer loop
      vertex 3.79316 0.104421 0
      vertex 3.79829 0.0523224 2.4
      vertex 3.79829 0.0523224 0
    endloop
  endfacet
  facet normal 0.999466 0.0326645 0
    outer loop
      vertex 3.8 0 2.4
      vertex 3.79829 0.0523224 0
      vertex 3.79829 0.0523224 2.4
    endloop
  endfacet
  facet normal 0.999466 0.0326645 0
    outer loop
      vertex 3.79829 0.0523224 0
      vertex 3.8 0 2.4
      vertex 3.8 0 0
    endloop
  endfacet
  facet normal 0.227055 0.973882 -0
    outer loop
      vertex 3.20706 0.77274 0
      vertex 3.15607 0.784628 2.2
      vertex 3.20706 0.77274 2.2
    endloop
  endfacet
  facet normal 0.227055 0.973882 0
    outer loop
      vertex 3.15607 0.784628 2.2
      vertex 3.20706 0.77274 0
      vertex 3.15607 0.784628 0
    endloop
  endfacet
  facet normal 0.999466 -0.0326645 0
    outer loop
      vertex 3.79829 -0.0523224 2.4
      vertex 3.8 0 0
      vertex 3.8 0 2.4
    endloop
  endfacet
  facet normal 0.999466 -0.0326645 0
    outer loop
      vertex 3.8 0 0
      vertex 3.79829 -0.0523224 2.4
      vertex 3.79829 -0.0523224 0
    endloop
  endfacet
  facet normal -0.162906 -0.986642 0
    outer loop
      vertex 2.84393 -0.784628 0
      vertex 2.89558 -0.793156 2.2
      vertex 2.84393 -0.784628 2.2
    endloop
  endfacet
  facet normal -0.162906 -0.986642 -0
    outer loop
      vertex 2.89558 -0.793156 2.2
      vertex 2.84393 -0.784628 0
      vertex 2.89558 -0.793156 0
    endloop
  endfacet
  facet normal 0.352228 0.935914 -0
    outer loop
      vertex 3.30615 0.739103 0
      vertex 3.25715 0.757544 2.2
      vertex 3.30615 0.739103 2.2
    endloop
  endfacet
  facet normal 0.352228 0.935914 0
    outer loop
      vertex 3.25715 0.757544 2.2
      vertex 3.30615 0.739103 0
      vertex 3.25715 0.757544 0
    endloop
  endfacet
  facet normal 0.910899 0.41263 0
    outer loop
      vertex 3.7391 0.306147 2.4
      vertex 3.7175 0.35383 0
      vertex 3.7175 0.35383 2.4
    endloop
  endfacet
  facet normal 0.910899 0.41263 0
    outer loop
      vertex 3.7175 0.35383 0
      vertex 3.7391 0.306147 2.4
      vertex 3.7391 0.306147 0
    endloop
  endfacet
  facet normal 0.582492 -0.812837 0
    outer loop
      vertex 3.44446 -0.665175 0
      vertex 3.48701 -0.634683 2.4
      vertex 3.44446 -0.665175 2.4
    endloop
  endfacet
  facet normal 0.582492 -0.812837 0
    outer loop
      vertex 3.48701 -0.634683 2.4
      vertex 3.44446 -0.665175 0
      vertex 3.48701 -0.634683 0
    endloop
  endfacet
  facet normal -0.973867 -0.22712 0
    outer loop
      vertex 2.22726 -0.207055 0
      vertex 2.21537 -0.156072 2.2
      vertex 2.21537 -0.156072 0
    endloop
  endfacet
  facet normal -0.973867 -0.22712 0
    outer loop
      vertex 2.21537 -0.156072 2.2
      vertex 2.22726 -0.207055 0
      vertex 2.22726 -0.207055 2.2
    endloop
  endfacet
  facet normal 0.881908 0.471421 0
    outer loop
      vertex 3.7175 0.35383 2.4
      vertex 3.69282 0.4 0
      vertex 3.69282 0.4 2.4
    endloop
  endfacet
  facet normal 0.881908 0.471421 0
    outer loop
      vertex 3.69282 0.4 0
      vertex 3.7175 0.35383 2.4
      vertex 3.7175 0.35383 0
    endloop
  endfacet
  facet normal -0.812784 0.582565 0
    outer loop
      vertex 2.33482 0.444456 0
      vertex 2.36532 0.487009 2.2
      vertex 2.36532 0.487009 0
    endloop
  endfacet
  facet normal -0.812784 0.582565 0
    outer loop
      vertex 2.36532 0.487009 2.2
      vertex 2.33482 0.444456 0
      vertex 2.33482 0.444456 2.2
    endloop
  endfacet
  facet normal -0.849241 -0.528006 0
    outer loop
      vertex 2.33482 -0.444456 0
      vertex 2.30718 -0.4 2.2
      vertex 2.30718 -0.4 0
    endloop
  endfacet
  facet normal -0.849241 -0.528006 0
    outer loop
      vertex 2.30718 -0.4 2.2
      vertex 2.33482 -0.444456 0
      vertex 2.33482 -0.444456 2.2
    endloop
  endfacet
  facet normal 0.527802 0.849367 0
    outer loop
      vertex 3.44446 0.665175 2.4
      vertex 3.43465 0.671271 2.2
      vertex 3.43465 0.671271 2.4
    endloop
  endfacet
  facet normal 0.527802 0.849367 -0
    outer loop
      vertex 3.44446 0.665175 0
      vertex 3.43465 0.671271 2.2
      vertex 3.44446 0.665175 2.4
    endloop
  endfacet
  facet normal 0.528108 0.849178 1.88584e-06
    outer loop
      vertex 3.44446 0.665175 0
      vertex 3.4 0.69282 2.2
      vertex 3.43465 0.671271 2.2
    endloop
  endfacet
  facet normal 0.52804 0.849219 0
    outer loop
      vertex 3.4 0.69282 2.2
      vertex 3.44446 0.665175 0
      vertex 3.4 0.69282 0
    endloop
  endfacet
  facet normal -0.582492 0.812837 0
    outer loop
      vertex 2.55554 0.665175 0
      vertex 2.51299 0.634683 2.2
      vertex 2.55554 0.665175 2.2
    endloop
  endfacet
  facet normal -0.582492 0.812837 0
    outer loop
      vertex 2.51299 0.634683 2.2
      vertex 2.55554 0.665175 0
      vertex 2.51299 0.634683 0
    endloop
  endfacet
  facet normal -0.41273 0.910853 0
    outer loop
      vertex 2.69385 0.739103 0
      vertex 2.64617 0.717498 2.2
      vertex 2.69385 0.739103 2.2
    endloop
  endfacet
  facet normal -0.41273 0.910853 0
    outer loop
      vertex 2.64617 0.717498 2.2
      vertex 2.69385 0.739103 0
      vertex 2.64617 0.717498 0
    endloop
  endfacet
  facet normal 0.995187 -0.0979932 0
    outer loop
      vertex 3.79316 -0.104421 2.4
      vertex 3.79829 -0.0523224 0
      vertex 3.79829 -0.0523224 2.4
    endloop
  endfacet
  facet normal 0.995187 -0.0979932 0
    outer loop
      vertex 3.79829 -0.0523224 0
      vertex 3.79316 -0.104421 2.4
      vertex 3.79316 -0.104421 0
    endloop
  endfacet
  facet normal -0.41273 -0.910853 0
    outer loop
      vertex 2.64617 -0.717498 0
      vertex 2.69385 -0.739103 2.2
      vertex 2.64617 -0.717498 2.2
    endloop
  endfacet
  facet normal -0.41273 -0.910853 -0
    outer loop
      vertex 2.69385 -0.739103 2.2
      vertex 2.64617 -0.717498 0
      vertex 2.69385 -0.739103 0
    endloop
  endfacet
  facet normal -0.290309 -0.956933 0
    outer loop
      vertex 2.74285 -0.757544 0
      vertex 2.79294 -0.77274 2.2
      vertex 2.74285 -0.757544 2.2
    endloop
  endfacet
  facet normal -0.290309 -0.956933 -0
    outer loop
      vertex 2.79294 -0.77274 2.2
      vertex 2.74285 -0.757544 0
      vertex 2.79294 -0.77274 0
    endloop
  endfacet
  facet normal 0.956922 0.290347 0
    outer loop
      vertex 3.77274 0.207055 2.4
      vertex 3.75754 0.257151 0
      vertex 3.75754 0.257151 2.4
    endloop
  endfacet
  facet normal 0.956922 0.290347 0
    outer loop
      vertex 3.75754 0.257151 0
      vertex 3.77274 0.207055 2.4
      vertex 3.77274 0.207055 0
    endloop
  endfacet
  facet normal -0.849241 0.528006 0
    outer loop
      vertex 2.30718 0.4 0
      vertex 2.33482 0.444456 2.2
      vertex 2.33482 0.444456 0
    endloop
  endfacet
  facet normal -0.849241 0.528006 0
    outer loop
      vertex 2.33482 0.444456 2.2
      vertex 2.30718 0.4 0
      vertex 2.30718 0.4 2.2
    endloop
  endfacet
  facet normal 0 0 1
    outer loop
      vertex 3.5 0 2.4
      vertex 3.8 0 2.4
      vertex 3.79829 0.0523224 2.4
    endloop
  endfacet
  facet normal 0 0 1
    outer loop
      vertex 3.5 0 2.4
      vertex 3.79829 0.0523224 2.4
      vertex 3.79316 0.104421 2.4
    endloop
  endfacet
  facet normal 0 0 1
    outer loop
      vertex 3.8 0 2.4
      vertex 3.5 0 2.4
      vertex 3.79829 -0.0523224 2.4
    endloop
  endfacet
  facet normal 0 0 1
    outer loop
      vertex 3.5 0 2.4
      vertex 3.79316 0.104421 2.4
      vertex 3.78463 0.156072 2.4
    endloop
  endfacet
  facet normal 0 0 1
    outer loop
      vertex 3.79829 -0.0523224 2.4
      vertex 3.5 0 2.4
      vertex 3.79316 -0.104421 2.4
    endloop
  endfacet
  facet normal 0 0 1
    outer loop
      vertex 3.49251 0.22891 2.4
      vertex 3.78463 0.156072 2.4
      vertex 3.77274 0.207055 2.4
    endloop
  endfacet
  facet normal 0 0 1
    outer loop
      vertex 3.79316 -0.104421 2.4
      vertex 3.5 0 2.4
      vertex 3.78463 -0.156072 2.4
    endloop
  endfacet
  facet normal -0 0 1
    outer loop
      vertex 3.49251 0.22891 2.4
      vertex 3.77274 0.207055 2.4
      vertex 3.75754 0.257151 2.4
    endloop
  endfacet
  facet normal 0 0 1
    outer loop
      vertex 3.49251 -0.22891 2.4
      vertex 3.78463 -0.156072 2.4
      vertex 3.5 0 2.4
    endloop
  endfacet
  facet normal 0 0 1
    outer loop
      vertex 3.49251 0.22891 2.4
      vertex 3.75754 0.257151 2.4
      vertex 3.7391 0.306147 2.4
    endloop
  endfacet
  facet normal 0 0 1
    outer loop
      vertex 3.78463 -0.156072 2.4
      vertex 3.49251 -0.22891 2.4
      vertex 3.77274 -0.207055 2.4
    endloop
  endfacet
  facet normal 0 0 1
    outer loop
      vertex 3.49251 0.22891 2.4
      vertex 3.7391 0.306147 2.4
      vertex 3.7175 0.35383 2.4
    endloop
  endfacet
  facet normal 0 0 1
    outer loop
      vertex 3.77274 -0.207055 2.4
      vertex 3.49251 -0.22891 2.4
      vertex 3.75754 -0.257151 2.4
    endloop
  endfacet
  facet normal 0 0 1
    outer loop
      vertex 3.49251 0.22891 2.4
      vertex 3.7175 0.35383 2.4
      vertex 3.69282 0.4 2.4
    endloop
  endfacet
  facet normal 0 0 1
    outer loop
      vertex 3.75754 -0.257151 2.4
      vertex 3.49251 -0.22891 2.4
      vertex 3.7391 -0.306147 2.4
    endloop
  endfacet
  facet normal 0 0 1
    outer loop
      vertex 3.49251 0.22891 2.4
      vertex 3.69282 0.4 2.4
      vertex 3.66518 0.444456 2.4
    endloop
  endfacet
  facet normal 0 0 1
    outer loop
      vertex 3.7391 -0.306147 2.4
      vertex 3.49251 -0.22891 2.4
      vertex 3.7175 -0.35383 2.4
    endloop
  endfacet
  facet normal -0 0 1
    outer loop
      vertex 3.47006 0.456841 2.4
      vertex 3.66518 0.444456 2.4
      vertex 3.63468 0.487009 2.4
    endloop
  endfacet
  facet normal 0 0 1
    outer loop
      vertex 3.7175 -0.35383 2.4
      vertex 3.49251 -0.22891 2.4
      vertex 3.69282 -0.4 2.4
    endloop
  endfacet
  facet normal 0 0 1
    outer loop
      vertex 3.47006 0.456841 2.4
      vertex 3.63468 0.487009 2.4
      vertex 3.60147 0.527476 2.4
    endloop
  endfacet
  facet normal 0 0 1
    outer loop
      vertex 3.69282 -0.4 2.4
      vertex 3.49251 -0.22891 2.4
      vertex 3.66518 -0.444456 2.4
    endloop
  endfacet
  facet normal 0 0 1
    outer loop
      vertex 3.47006 0.456841 2.4
      vertex 3.60147 0.527476 2.4
      vertex 3.56569 0.565685 2.4
    endloop
  endfacet
  facet normal 0 0 1
    outer loop
      vertex 3.47006 -0.456841 2.4
      vertex 3.66518 -0.444456 2.4
      vertex 3.49251 -0.22891 2.4
    endloop
  endfacet
  facet normal 0 0 1
    outer loop
      vertex 3.47006 0.456841 2.4
      vertex 3.56569 0.565685 2.4
      vertex 3.52748 0.601471 2.4
    endloop
  endfacet
  facet normal 0 0 1
    outer loop
      vertex 3.66518 -0.444456 2.4
      vertex 3.47006 -0.456841 2.4
      vertex 3.63468 -0.487009 2.4
    endloop
  endfacet
  facet normal 0 0 1
    outer loop
      vertex 3.63468 -0.487009 2.4
      vertex 3.47006 -0.456841 2.4
      vertex 3.60147 -0.527476 2.4
    endloop
  endfacet
  facet normal 0 0 1
    outer loop
      vertex 3.78463 0.156072 2.4
      vertex 3.49251 0.22891 2.4
      vertex 3.5 0 2.4
    endloop
  endfacet
  facet normal 0 0 1
    outer loop
      vertex 3.47006 0.456841 2.4
      vertex 3.52748 0.601471 2.4
      vertex 3.48701 0.634683 2.4
    endloop
  endfacet
  facet normal 0 0 1
    outer loop
      vertex 3.66518 0.444456 2.4
      vertex 3.47006 0.456841 2.4
      vertex 3.49251 0.22891 2.4
    endloop
  endfacet
  facet normal 0 0 1
    outer loop
      vertex 3.44446 0.665175 2.4
      vertex 3.47006 0.456841 2.4
      vertex 3.48701 0.634683 2.4
    endloop
  endfacet
  facet normal 0 0 1
    outer loop
      vertex 3.47006 0.456841 2.4
      vertex 3.44446 0.665175 2.4
      vertex 3.43465 0.671271 2.4
    endloop
  endfacet
  facet normal 0 0 1
    outer loop
      vertex 3.60147 -0.527476 2.4
      vertex 3.47006 -0.456841 2.4
      vertex 3.56569 -0.565685 2.4
    endloop
  endfacet
  facet normal 0 0 1
    outer loop
      vertex 3.56569 -0.565685 2.4
      vertex 3.47006 -0.456841 2.4
      vertex 3.52748 -0.601471 2.4
    endloop
  endfacet
  facet normal 0 0 1
    outer loop
      vertex 3.52748 -0.601471 2.4
      vertex 3.47006 -0.456841 2.4
      vertex 3.48701 -0.634683 2.4
    endloop
  endfacet
  facet normal 0 0 1
    outer loop
      vertex 3.47006 -0.456841 2.4
      vertex 3.44446 -0.665175 2.4
      vertex 3.48701 -0.634683 2.4
    endloop
  endfacet
  facet normal 0 -0 1
    outer loop
      vertex 3.44446 -0.665175 2.4
      vertex 3.47006 -0.456841 2.4
      vertex 3.43465 -0.671271 2.4
    endloop
  endfacet
  facet normal 0.41273 -0.910853 0
    outer loop
      vertex 3.30615 -0.739103 0
      vertex 3.35383 -0.717498 2.2
      vertex 3.30615 -0.739103 2.2
    endloop
  endfacet
  facet normal 0.41273 -0.910853 0
    outer loop
      vertex 3.35383 -0.717498 2.2
      vertex 3.30615 -0.739103 0
      vertex 3.35383 -0.717498 0
    endloop
  endfacet
  facet normal 0.849241 0.528006 0
    outer loop
      vertex 3.69282 0.4 2.4
      vertex 3.66518 0.444456 0
      vertex 3.66518 0.444456 2.4
    endloop
  endfacet
  facet normal 0.849241 0.528006 0
    outer loop
      vertex 3.66518 0.444456 0
      vertex 3.69282 0.4 2.4
      vertex 3.69282 0.4 0
    endloop
  endfacet
  facet normal 0.973867 0.22712 0
    outer loop
      vertex 3.78463 0.156072 2.4
      vertex 3.77274 0.207055 0
      vertex 3.77274 0.207055 2.4
    endloop
  endfacet
  facet normal 0.973867 0.22712 0
    outer loop
      vertex 3.77274 0.207055 0
      vertex 3.78463 0.156072 2.4
      vertex 3.78463 0.156072 0
    endloop
  endfacet
  facet normal -0.352228 -0.935914 0
    outer loop
      vertex 2.69385 -0.739103 0
      vertex 2.74285 -0.757544 2.2
      vertex 2.69385 -0.739103 2.2
    endloop
  endfacet
  facet normal -0.352228 -0.935914 -0
    outer loop
      vertex 2.74285 -0.757544 2.2
      vertex 2.69385 -0.739103 0
      vertex 2.74285 -0.757544 0
    endloop
  endfacet
  facet normal -0.729927 0.683525 0
    outer loop
      vertex 2.39853 0.527476 0
      vertex 2.43431 0.565685 2.2
      vertex 2.43431 0.565685 0
    endloop
  endfacet
  facet normal -0.729927 0.683525 0
    outer loop
      vertex 2.43431 0.565685 2.2
      vertex 2.39853 0.527476 0
      vertex 2.39853 0.527476 2.2
    endloop
  endfacet
  facet normal -0.683576 0.729879 0
    outer loop
      vertex 2.47252 0.601471 0
      vertex 2.43431 0.565685 2.2
      vertex 2.47252 0.601471 2.2
    endloop
  endfacet
  facet normal -0.683576 0.729879 0
    outer loop
      vertex 2.43431 0.565685 2.2
      vertex 2.47252 0.601471 0
      vertex 2.43431 0.565685 0
    endloop
  endfacet
  facet normal 0.352228 -0.935914 0
    outer loop
      vertex 3.25715 -0.757544 0
      vertex 3.30615 -0.739103 2.2
      vertex 3.25715 -0.757544 2.2
    endloop
  endfacet
  facet normal 0.352228 -0.935914 0
    outer loop
      vertex 3.30615 -0.739103 2.2
      vertex 3.25715 -0.757544 0
      vertex 3.30615 -0.739103 0
    endloop
  endfacet
  facet normal 0.812784 0.582565 0
    outer loop
      vertex 3.66518 0.444456 2.4
      vertex 3.63468 0.487009 0
      vertex 3.63468 0.487009 2.4
    endloop
  endfacet
  facet normal 0.812784 0.582565 0
    outer loop
      vertex 3.63468 0.487009 0
      vertex 3.66518 0.444456 2.4
      vertex 3.66518 0.444456 0
    endloop
  endfacet
  facet normal 0.729927 -0.683525 0
    outer loop
      vertex 3.56569 -0.565685 2.4
      vertex 3.60147 -0.527476 0
      vertex 3.60147 -0.527476 2.4
    endloop
  endfacet
  facet normal 0.729927 -0.683525 0
    outer loop
      vertex 3.60147 -0.527476 0
      vertex 3.56569 -0.565685 2.4
      vertex 3.56569 -0.565685 0
    endloop
  endfacet
  facet normal 0.634383 0.773019 -0
    outer loop
      vertex 3.52748 0.601471 0
      vertex 3.48701 0.634683 2.4
      vertex 3.52748 0.601471 2.4
    endloop
  endfacet
  facet normal 0.634383 0.773019 0
    outer loop
      vertex 3.48701 0.634683 2.4
      vertex 3.52748 0.601471 0
      vertex 3.48701 0.634683 0
    endloop
  endfacet
  facet normal 0.773014 -0.634389 0
    outer loop
      vertex 3.60147 -0.527476 2.4
      vertex 3.63468 -0.487009 0
      vertex 3.63468 -0.487009 2.4
    endloop
  endfacet
  facet normal 0.773014 -0.634389 0
    outer loop
      vertex 3.63468 -0.487009 0
      vertex 3.60147 -0.527476 2.4
      vertex 3.60147 -0.527476 0
    endloop
  endfacet
  facet normal -0.227055 0.973882 0
    outer loop
      vertex 2.84393 0.784628 0
      vertex 2.79294 0.77274 2.2
      vertex 2.84393 0.784628 2.2
    endloop
  endfacet
  facet normal -0.227055 0.973882 0
    outer loop
      vertex 2.79294 0.77274 2.2
      vertex 2.84393 0.784628 0
      vertex 2.79294 0.77274 0
    endloop
  endfacet
  facet normal -0.0327233 0.999464 0
    outer loop
      vertex 3 0.799999 0
      vertex 2.94768 0.798286 2.2
      vertex 3 0.799999 2.2
    endloop
  endfacet
  facet normal -0.0327233 0.999464 0
    outer loop
      vertex 2.94768 0.798286 2.2
      vertex 3 0.799999 0
      vertex 2.94768 0.798286 0
    endloop
  endfacet
  facet normal -0.995187 0.0979932 0
    outer loop
      vertex 2.20171 0.0523224 0
      vertex 2.20684 0.104421 2.2
      vertex 2.20684 0.104421 0
    endloop
  endfacet
  facet normal -0.995187 0.0979932 0
    outer loop
      vertex 2.20684 0.104421 2.2
      vertex 2.20171 0.0523224 0
      vertex 2.20171 0.0523224 2.2
    endloop
  endfacet
  facet normal -0.812784 -0.582565 0
    outer loop
      vertex 2.36532 -0.487009 0
      vertex 2.33482 -0.444456 2.2
      vertex 2.33482 -0.444456 0
    endloop
  endfacet
  facet normal -0.812784 -0.582565 0
    outer loop
      vertex 2.33482 -0.444456 2.2
      vertex 2.36532 -0.487009 0
      vertex 2.36532 -0.487009 2.2
    endloop
  endfacet
  facet normal 0.956922 -0.290347 0
    outer loop
      vertex 3.75754 -0.257151 2.4
      vertex 3.77274 -0.207055 0
      vertex 3.77274 -0.207055 2.4
    endloop
  endfacet
  facet normal 0.956922 -0.290347 0
    outer loop
      vertex 3.77274 -0.207055 0
      vertex 3.75754 -0.257151 2.4
      vertex 3.75754 -0.257151 0
    endloop
  endfacet
  facet normal 0.0979906 0.995187 -0
    outer loop
      vertex 3.10442 0.793156 0
      vertex 3.05232 0.798286 2.2
      vertex 3.10442 0.793156 2.2
    endloop
  endfacet
  facet normal 0.0979906 0.995187 0
    outer loop
      vertex 3.05232 0.798286 2.2
      vertex 3.10442 0.793156 0
      vertex 3.05232 0.798286 0
    endloop
  endfacet
  facet normal -0.910899 0.41263 0
    outer loop
      vertex 2.2609 0.306147 0
      vertex 2.2825 0.35383 2.2
      vertex 2.2825 0.35383 0
    endloop
  endfacet
  facet normal -0.910899 0.41263 0
    outer loop
      vertex 2.2825 0.35383 2.2
      vertex 2.2609 0.306147 0
      vertex 2.2609 0.306147 2.2
    endloop
  endfacet
  facet normal -0.352228 0.935914 0
    outer loop
      vertex 2.74285 0.757544 0
      vertex 2.69385 0.739103 2.2
      vertex 2.74285 0.757544 2.2
    endloop
  endfacet
  facet normal -0.352228 0.935914 0
    outer loop
      vertex 2.69385 0.739103 2.2
      vertex 2.74285 0.757544 0
      vertex 2.69385 0.739103 0
    endloop
  endfacet
  facet normal 0.0327233 -0.999464 0
    outer loop
      vertex 3 -0.799999 0
      vertex 3.05232 -0.798286 2.2
      vertex 3 -0.799999 2.2
    endloop
  endfacet
  facet normal 0.0327233 -0.999464 0
    outer loop
      vertex 3.05232 -0.798286 2.2
      vertex 3 -0.799999 0
      vertex 3.05232 -0.798286 0
    endloop
  endfacet
  facet normal 0.729927 0.683525 0
    outer loop
      vertex 3.60147 0.527476 2.4
      vertex 3.56569 0.565685 0
      vertex 3.56569 0.565685 2.4
    endloop
  endfacet
  facet normal 0.729927 0.683525 0
    outer loop
      vertex 3.56569 0.565685 0
      vertex 3.60147 0.527476 2.4
      vertex 3.60147 0.527476 0
    endloop
  endfacet
  facet normal 0.290309 -0.956933 0
    outer loop
      vertex 3.20706 -0.77274 0
      vertex 3.25715 -0.757544 2.2
      vertex 3.20706 -0.77274 2.2
    endloop
  endfacet
  facet normal 0.290309 -0.956933 0
    outer loop
      vertex 3.25715 -0.757544 2.2
      vertex 3.20706 -0.77274 0
      vertex 3.25715 -0.757544 0
    endloop
  endfacet
  facet normal 0.935911 -0.352237 0
    outer loop
      vertex 3.7391 -0.306147 2.4
      vertex 3.75754 -0.257151 0
      vertex 3.75754 -0.257151 2.4
    endloop
  endfacet
  facet normal 0.935911 -0.352237 0
    outer loop
      vertex 3.75754 -0.257151 0
      vertex 3.7391 -0.306147 2.4
      vertex 3.7391 -0.306147 0
    endloop
  endfacet
  facet normal -0.471391 0.881924 0
    outer loop
      vertex 2.64617 0.717498 0
      vertex 2.6 0.69282 2.2
      vertex 2.64617 0.717498 2.2
    endloop
  endfacet
  facet normal -0.471391 0.881924 0
    outer loop
      vertex 2.6 0.69282 2.2
      vertex 2.64617 0.717498 0
      vertex 2.6 0.69282 0
    endloop
  endfacet
  facet normal -0.773014 0.634389 0
    outer loop
      vertex 2.36532 0.487009 0
      vertex 2.39853 0.527476 2.2
      vertex 2.39853 0.527476 0
    endloop
  endfacet
  facet normal -0.773014 0.634389 0
    outer loop
      vertex 2.39853 0.527476 2.2
      vertex 2.36532 0.487009 0
      vertex 2.36532 0.487009 2.2
    endloop
  endfacet
  facet normal -0.162906 0.986642 0
    outer loop
      vertex 2.89558 0.793156 0
      vertex 2.84393 0.784628 2.2
      vertex 2.89558 0.793156 2.2
    endloop
  endfacet
  facet normal -0.162906 0.986642 0
    outer loop
      vertex 2.84393 0.784628 2.2
      vertex 2.89558 0.793156 0
      vertex 2.84393 0.784628 0
    endloop
  endfacet
  facet normal -0.0979906 0.995187 0
    outer loop
      vertex 2.94768 0.798286 0
      vertex 2.89558 0.793156 2.2
      vertex 2.94768 0.798286 2.2
    endloop
  endfacet
  facet normal -0.0979906 0.995187 0
    outer loop
      vertex 2.89558 0.793156 2.2
      vertex 2.94768 0.798286 0
      vertex 2.89558 0.793156 0
    endloop
  endfacet
  facet normal 0.683576 -0.729879 0
    outer loop
      vertex 3.52748 -0.601471 0
      vertex 3.56569 -0.565685 2.4
      vertex 3.52748 -0.601471 2.4
    endloop
  endfacet
  facet normal 0.683576 -0.729879 0
    outer loop
      vertex 3.56569 -0.565685 2.4
      vertex 3.52748 -0.601471 0
      vertex 3.56569 -0.565685 0
    endloop
  endfacet
  facet normal -0.290309 0.956933 0
    outer loop
      vertex 2.79294 0.77274 0
      vertex 2.74285 0.757544 2.2
      vertex 2.79294 0.77274 2.2
    endloop
  endfacet
  facet normal -0.290309 0.956933 0
    outer loop
      vertex 2.74285 0.757544 2.2
      vertex 2.79294 0.77274 0
      vertex 2.74285 0.757544 0
    endloop
  endfacet
  facet normal 0.881908 -0.471421 0
    outer loop
      vertex 3.69282 -0.4 2.4
      vertex 3.7175 -0.35383 0
      vertex 3.7175 -0.35383 2.4
    endloop
  endfacet
  facet normal 0.881908 -0.471421 0
    outer loop
      vertex 3.7175 -0.35383 0
      vertex 3.69282 -0.4 2.4
      vertex 3.69282 -0.4 0
    endloop
  endfacet
  facet normal -0.910899 -0.41263 0
    outer loop
      vertex 2.2825 -0.35383 0
      vertex 2.2609 -0.306147 2.2
      vertex 2.2609 -0.306147 0
    endloop
  endfacet
  facet normal -0.910899 -0.41263 0
    outer loop
      vertex 2.2609 -0.306147 2.2
      vertex 2.2825 -0.35383 0
      vertex 2.2825 -0.35383 2.2
    endloop
  endfacet
  facet normal -0.986636 -0.16294 0
    outer loop
      vertex 2.21537 -0.156072 0
      vertex 2.20684 -0.104421 2.2
      vertex 2.20684 -0.104421 0
    endloop
  endfacet
  facet normal -0.986636 -0.16294 0
    outer loop
      vertex 2.20684 -0.104421 2.2
      vertex 2.21537 -0.156072 0
      vertex 2.21537 -0.156072 2.2
    endloop
  endfacet
  facet normal 0.41273 0.910853 -0
    outer loop
      vertex 3.35383 0.717498 0
      vertex 3.30615 0.739103 2.2
      vertex 3.35383 0.717498 2.2
    endloop
  endfacet
  facet normal 0.41273 0.910853 0
    outer loop
      vertex 3.30615 0.739103 2.2
      vertex 3.35383 0.717498 0
      vertex 3.30615 0.739103 0
    endloop
  endfacet
  facet normal 0.910899 -0.41263 0
    outer loop
      vertex 3.7175 -0.35383 2.4
      vertex 3.7391 -0.306147 0
      vertex 3.7391 -0.306147 2.4
    endloop
  endfacet
  facet normal 0.910899 -0.41263 0
    outer loop
      vertex 3.7391 -0.306147 0
      vertex 3.7175 -0.35383 2.4
      vertex 3.7175 -0.35383 0
    endloop
  endfacet
  facet normal 0.227055 -0.973882 0
    outer loop
      vertex 3.15607 -0.784628 0
      vertex 3.20706 -0.77274 2.2
      vertex 3.15607 -0.784628 2.2
    endloop
  endfacet
  facet normal 0.227055 -0.973882 0
    outer loop
      vertex 3.20706 -0.77274 2.2
      vertex 3.15607 -0.784628 0
      vertex 3.20706 -0.77274 0
    endloop
  endfacet
  facet normal -0.995187 -0.0979932 0
    outer loop
      vertex 2.20684 -0.104421 0
      vertex 2.20171 -0.0523224 2.2
      vertex 2.20171 -0.0523224 0
    endloop
  endfacet
  facet normal -0.995187 -0.0979932 0
    outer loop
      vertex 2.20171 -0.0523224 2.2
      vertex 2.20684 -0.104421 0
      vertex 2.20684 -0.104421 2.2
    endloop
  endfacet
  facet normal 0.0979906 -0.995187 0
    outer loop
      vertex 3.05232 -0.798286 0
      vertex 3.10442 -0.793156 2.2
      vertex 3.05232 -0.798286 2.2
    endloop
  endfacet
  facet normal 0.0979906 -0.995187 0
    outer loop
      vertex 3.10442 -0.793156 2.2
      vertex 3.05232 -0.798286 0
      vertex 3.10442 -0.793156 0
    endloop
  endfacet
  facet normal 0.683576 0.729879 -0
    outer loop
      vertex 3.56569 0.565685 0
      vertex 3.52748 0.601471 2.4
      vertex 3.56569 0.565685 2.4
    endloop
  endfacet
  facet normal 0.683576 0.729879 0
    outer loop
      vertex 3.52748 0.601471 2.4
      vertex 3.56569 0.565685 0
      vertex 3.52748 0.601471 0
    endloop
  endfacet
  facet normal -0.986636 0.16294 0
    outer loop
      vertex 2.20684 0.104421 0
      vertex 2.21537 0.156072 2.2
      vertex 2.21537 0.156072 0
    endloop
  endfacet
  facet normal -0.986636 0.16294 0
    outer loop
      vertex 2.21537 0.156072 2.2
      vertex 2.20684 0.104421 0
      vertex 2.20684 0.104421 2.2
    endloop
  endfacet
  facet normal -0.52804 -0.849219 0
    outer loop
      vertex 2.55554 -0.665175 0
      vertex 2.6 -0.69282 2.2
      vertex 2.55554 -0.665175 2.2
    endloop
  endfacet
  facet normal -0.52804 -0.849219 -0
    outer loop
      vertex 2.6 -0.69282 2.2
      vertex 2.55554 -0.665175 0
      vertex 2.6 -0.69282 0
    endloop
  endfacet
  facet normal 0.973867 -0.22712 0
    outer loop
      vertex 3.77274 -0.207055 2.4
      vertex 3.78463 -0.156072 0
      vertex 3.78463 -0.156072 2.4
    endloop
  endfacet
  facet normal 0.973867 -0.22712 0
    outer loop
      vertex 3.78463 -0.156072 0
      vertex 3.77274 -0.207055 2.4
      vertex 3.77274 -0.207055 0
    endloop
  endfacet
  facet normal 0.986636 -0.16294 0
    outer loop
      vertex 3.78463 -0.156072 2.4
      vertex 3.79316 -0.104421 0
      vertex 3.79316 -0.104421 2.4
    endloop
  endfacet
  facet normal 0.986636 -0.16294 0
    outer loop
      vertex 3.79316 -0.104421 0
      vertex 3.78463 -0.156072 2.4
      vertex 3.78463 -0.156072 0
    endloop
  endfacet
  facet normal -0.973867 0.22712 0
    outer loop
      vertex 2.21537 0.156072 0
      vertex 2.22726 0.207055 2.2
      vertex 2.22726 0.207055 0
    endloop
  endfacet
  facet normal -0.973867 0.22712 0
    outer loop
      vertex 2.22726 0.207055 2.2
      vertex 2.21537 0.156072 0
      vertex 2.21537 0.156072 2.2
    endloop
  endfacet
  facet normal 0.0327233 0.999464 -0
    outer loop
      vertex 3.05232 0.798286 0
      vertex 3 0.799999 2.2
      vertex 3.05232 0.798286 2.2
    endloop
  endfacet
  facet normal 0.0327233 0.999464 0
    outer loop
      vertex 3 0.799999 2.2
      vertex 3.05232 0.798286 0
      vertex 3 0.799999 0
    endloop
  endfacet
  facet normal 0.582492 0.812837 -0
    outer loop
      vertex 3.48701 0.634683 0
      vertex 3.44446 0.665175 2.4
      vertex 3.48701 0.634683 2.4
    endloop
  endfacet
  facet normal 0.582492 0.812837 0
    outer loop
      vertex 3.44446 0.665175 2.4
      vertex 3.48701 0.634683 0
      vertex 3.44446 0.665175 0
    endloop
  endfacet
  facet normal 0.162906 -0.986642 0
    outer loop
      vertex 3.10442 -0.793156 0
      vertex 3.15607 -0.784628 2.2
      vertex 3.10442 -0.793156 2.2
    endloop
  endfacet
  facet normal 0.162906 -0.986642 0
    outer loop
      vertex 3.15607 -0.784628 2.2
      vertex 3.10442 -0.793156 0
      vertex 3.15607 -0.784628 0
    endloop
  endfacet
  facet normal -0.634383 0.773019 0
    outer loop
      vertex 2.51299 0.634683 0
      vertex 2.47252 0.601471 2.2
      vertex 2.51299 0.634683 2.2
    endloop
  endfacet
  facet normal -0.634383 0.773019 0
    outer loop
      vertex 2.47252 0.601471 2.2
      vertex 2.51299 0.634683 0
      vertex 2.47252 0.601471 0
    endloop
  endfacet
  facet normal 0.935911 0.352237 0
    outer loop
      vertex 3.75754 0.257151 2.4
      vertex 3.7391 0.306147 0
      vertex 3.7391 0.306147 2.4
    endloop
  endfacet
  facet normal 0.935911 0.352237 0
    outer loop
      vertex 3.7391 0.306147 0
      vertex 3.75754 0.257151 2.4
      vertex 3.75754 0.257151 0
    endloop
  endfacet
  facet normal 0.986636 0.16294 0
    outer loop
      vertex 3.79316 0.104421 2.4
      vertex 3.78463 0.156072 0
      vertex 3.78463 0.156072 2.4
    endloop
  endfacet
  facet normal 0.986636 0.16294 0
    outer loop
      vertex 3.78463 0.156072 0
      vertex 3.79316 0.104421 2.4
      vertex 3.79316 0.104421 0
    endloop
  endfacet
  facet normal -0.773014 -0.634389 0
    outer loop
      vertex 2.39853 -0.527476 0
      vertex 2.36532 -0.487009 2.2
      vertex 2.36532 -0.487009 0
    endloop
  endfacet
  facet normal -0.773014 -0.634389 0
    outer loop
      vertex 2.36532 -0.487009 2.2
      vertex 2.39853 -0.527476 0
      vertex 2.39853 -0.527476 2.2
    endloop
  endfacet
  facet normal -0.999466 0.0326645 0
    outer loop
      vertex 2.2 0 0
      vertex 2.20171 0.0523224 2.2
      vertex 2.20171 0.0523224 0
    endloop
  endfacet
  facet normal -0.999466 0.0326645 0
    outer loop
      vertex 2.20171 0.0523224 2.2
      vertex 2.2 0 0
      vertex 2.2 0 2.2
    endloop
  endfacet
  facet normal -0.471391 -0.881924 0
    outer loop
      vertex 2.6 -0.69282 0
      vertex 2.64617 -0.717498 2.2
      vertex 2.6 -0.69282 2.2
    endloop
  endfacet
  facet normal -0.471391 -0.881924 -0
    outer loop
      vertex 2.64617 -0.717498 2.2
      vertex 2.6 -0.69282 0
      vertex 2.64617 -0.717498 0
    endloop
  endfacet
  facet normal 0.162906 0.986642 -0
    outer loop
      vertex 3.15607 0.784628 0
      vertex 3.10442 0.793156 2.2
      vertex 3.15607 0.784628 2.2
    endloop
  endfacet
  facet normal 0.162906 0.986642 0
    outer loop
      vertex 3.10442 0.793156 2.2
      vertex 3.15607 0.784628 0
      vertex 3.10442 0.793156 0
    endloop
  endfacet
  facet normal 0.812784 -0.582565 0
    outer loop
      vertex 3.63468 -0.487009 2.4
      vertex 3.66518 -0.444456 0
      vertex 3.66518 -0.444456 2.4
    endloop
  endfacet
  facet normal 0.812784 -0.582565 0
    outer loop
      vertex 3.66518 -0.444456 0
      vertex 3.63468 -0.487009 2.4
      vertex 3.63468 -0.487009 0
    endloop
  endfacet
  facet normal -0.634383 -0.773019 0
    outer loop
      vertex 2.47252 -0.601471 0
      vertex 2.51299 -0.634683 2.2
      vertex 2.47252 -0.601471 2.2
    endloop
  endfacet
  facet normal -0.634383 -0.773019 -0
    outer loop
      vertex 2.51299 -0.634683 2.2
      vertex 2.47252 -0.601471 0
      vertex 2.51299 -0.634683 0
    endloop
  endfacet
  facet normal -0.956922 0.290347 0
    outer loop
      vertex 2.22726 0.207055 0
      vertex 2.24246 0.257151 2.2
      vertex 2.24246 0.257151 0
    endloop
  endfacet
  facet normal -0.956922 0.290347 0
    outer loop
      vertex 2.24246 0.257151 2.2
      vertex 2.22726 0.207055 0
      vertex 2.22726 0.207055 2.2
    endloop
  endfacet
  facet normal -0.0979906 -0.995187 0
    outer loop
      vertex 2.89558 -0.793156 0
      vertex 2.94768 -0.798286 2.2
      vertex 2.89558 -0.793156 2.2
    endloop
  endfacet
  facet normal -0.0979906 -0.995187 -0
    outer loop
      vertex 2.94768 -0.798286 2.2
      vertex 2.89558 -0.793156 0
      vertex 2.94768 -0.798286 0
    endloop
  endfacet
  facet normal -0.729927 -0.683525 0
    outer loop
      vertex 2.43431 -0.565685 0
      vertex 2.39853 -0.527476 2.2
      vertex 2.39853 -0.527476 0
    endloop
  endfacet
  facet normal -0.729927 -0.683525 0
    outer loop
      vertex 2.39853 -0.527476 2.2
      vertex 2.43431 -0.565685 0
      vertex 2.43431 -0.565685 2.2
    endloop
  endfacet
  facet normal -0.881908 -0.471421 0
    outer loop
      vertex 2.30718 -0.4 0
      vertex 2.2825 -0.35383 2.2
      vertex 2.2825 -0.35383 0
    endloop
  endfacet
  facet normal -0.881908 -0.471421 0
    outer loop
      vertex 2.2825 -0.35383 2.2
      vertex 2.30718 -0.4 0
      vertex 2.30718 -0.4 2.2
    endloop
  endfacet
  facet normal -0.956922 -0.290347 0
    outer loop
      vertex 2.24246 -0.257151 0
      vertex 2.22726 -0.207055 2.2
      vertex 2.22726 -0.207055 0
    endloop
  endfacet
  facet normal -0.956922 -0.290347 0
    outer loop
      vertex 2.22726 -0.207055 2.2
      vertex 2.24246 -0.257151 0
      vertex 2.24246 -0.257151 2.2
    endloop
  endfacet
  facet normal -0.935911 -0.352237 0
    outer loop
      vertex 2.2609 -0.306147 0
      vertex 2.24246 -0.257151 2.2
      vertex 2.24246 -0.257151 0
    endloop
  endfacet
  facet normal -0.935911 -0.352237 0
    outer loop
      vertex 2.24246 -0.257151 2.2
      vertex 2.2609 -0.306147 0
      vertex 2.2609 -0.306147 2.2
    endloop
  endfacet
  facet normal -0.52804 0.849219 0
    outer loop
      vertex 2.6 0.69282 0
      vertex 2.55554 0.665175 2.2
      vertex 2.6 0.69282 2.2
    endloop
  endfacet
  facet normal -0.52804 0.849219 0
    outer loop
      vertex 2.55554 0.665175 2.2
      vertex 2.6 0.69282 0
      vertex 2.55554 0.665175 0
    endloop
  endfacet
  facet normal -0.999466 -0.0326645 0
    outer loop
      vertex 2.20171 -0.0523224 0
      vertex 2.2 0 2.2
      vertex 2.2 0 0
    endloop
  endfacet
  facet normal -0.999466 -0.0326645 0
    outer loop
      vertex 2.2 0 2.2
      vertex 2.20171 -0.0523224 0
      vertex 2.20171 -0.0523224 2.2
    endloop
  endfacet
  facet normal -0.935911 0.352237 0
    outer loop
      vertex 2.24246 0.257151 0
      vertex 2.2609 0.306147 2.2
      vertex 2.2609 0.306147 0
    endloop
  endfacet
  facet normal -0.935911 0.352237 0
    outer loop
      vertex 2.2609 0.306147 2.2
      vertex 2.24246 0.257151 0
      vertex 2.24246 0.257151 2.2
    endloop
  endfacet
  facet normal -0.582492 -0.812837 0
    outer loop
      vertex 2.51299 -0.634683 0
      vertex 2.55554 -0.665175 2.2
      vertex 2.51299 -0.634683 2.2
    endloop
  endfacet
  facet normal -0.582492 -0.812837 -0
    outer loop
      vertex 2.55554 -0.665175 2.2
      vertex 2.51299 -0.634683 0
      vertex 2.55554 -0.665175 0
    endloop
  endfacet
  facet normal -0.881908 0.471421 0
    outer loop
      vertex 2.2825 0.35383 0
      vertex 2.30718 0.4 2.2
      vertex 2.30718 0.4 0
    endloop
  endfacet
  facet normal -0.881908 0.471421 0
    outer loop
      vertex 2.30718 0.4 2.2
      vertex 2.2825 0.35383 0
      vertex 2.2825 0.35383 2.2
    endloop
  endfacet
  facet normal 0.773014 0.634389 0
    outer loop
      vertex 3.63468 0.487009 2.4
      vertex 3.60147 0.527476 0
      vertex 3.60147 0.527476 2.4
    endloop
  endfacet
  facet normal 0.773014 0.634389 0
    outer loop
      vertex 3.60147 0.527476 0
      vertex 3.63468 0.487009 2.4
      vertex 3.63468 0.487009 0
    endloop
  endfacet
  facet normal 0.471391 0.881924 -0
    outer loop
      vertex 3.4 0.69282 0
      vertex 3.35383 0.717498 2.2
      vertex 3.4 0.69282 2.2
    endloop
  endfacet
  facet normal 0.471391 0.881924 0
    outer loop
      vertex 3.35383 0.717498 2.2
      vertex 3.4 0.69282 0
      vertex 3.35383 0.717498 0
    endloop
  endfacet
  facet normal 0.290309 0.956933 -0
    outer loop
      vertex 3.25715 0.757544 0
      vertex 3.20706 0.77274 2.2
      vertex 3.25715 0.757544 2.2
    endloop
  endfacet
  facet normal 0.290309 0.956933 0
    outer loop
      vertex 3.20706 0.77274 2.2
      vertex 3.25715 0.757544 0
      vertex 3.20706 0.77274 0
    endloop
  endfacet
  facet normal -0.0327233 -0.999464 0
    outer loop
      vertex 2.94768 -0.798286 0
      vertex 3 -0.799999 2.2
      vertex 2.94768 -0.798286 2.2
    endloop
  endfacet
  facet normal -0.0327233 -0.999464 -0
    outer loop
      vertex 3 -0.799999 2.2
      vertex 2.94768 -0.798286 0
      vertex 3 -0.799999 0
    endloop
  endfacet
  facet normal -0.227055 -0.973882 0
    outer loop
      vertex 2.79294 -0.77274 0
      vertex 2.84393 -0.784628 2.2
      vertex 2.79294 -0.77274 2.2
    endloop
  endfacet
  facet normal -0.227055 -0.973882 -0
    outer loop
      vertex 2.84393 -0.784628 2.2
      vertex 2.79294 -0.77274 0
      vertex 2.84393 -0.784628 0
    endloop
  endfacet
  facet normal -0.683576 -0.729879 0
    outer loop
      vertex 2.43431 -0.565685 0
      vertex 2.47252 -0.601471 2.2
      vertex 2.43431 -0.565685 2.2
    endloop
  endfacet
  facet normal -0.683576 -0.729879 -0
    outer loop
      vertex 2.47252 -0.601471 2.2
      vertex 2.43431 -0.565685 0
      vertex 2.47252 -0.601471 0
    endloop
  endfacet
  facet normal 0.849241 -0.528006 0
    outer loop
      vertex 3.66518 -0.444456 2.4
      vertex 3.69282 -0.4 0
      vertex 3.69282 -0.4 2.4
    endloop
  endfacet
  facet normal 0.849241 -0.528006 0
    outer loop
      vertex 3.69282 -0.4 0
      vertex 3.66518 -0.444456 2.4
      vertex 3.66518 -0.444456 0
    endloop
  endfacet
  facet normal 0.471391 -0.881924 0
    outer loop
      vertex 3.35383 -0.717498 0
      vertex 3.4 -0.69282 2.2
      vertex 3.35383 -0.717498 2.2
    endloop
  endfacet
  facet normal 0.471391 -0.881924 0
    outer loop
      vertex 3.4 -0.69282 2.2
      vertex 3.35383 -0.717498 0
      vertex 3.4 -0.69282 0
    endloop
  endfacet
  facet normal 0.528108 -0.849178 0
    outer loop
      vertex 3.4 -0.69282 2.2
      vertex 3.4 -0.69282 0
      vertex 3.43465 -0.671271 2.2
    endloop
  endfacet
  facet normal 0.527802 -0.849367 0
    outer loop
      vertex 3.43465 -0.671271 2.2
      vertex 3.44446 -0.665175 2.4
      vertex 3.43465 -0.671271 2.4
    endloop
  endfacet
  facet normal 0.52804 -0.849219 1.4698e-06
    outer loop
      vertex 3.44446 -0.665175 0
      vertex 3.43465 -0.671271 2.2
      vertex 3.4 -0.69282 0
    endloop
  endfacet
  facet normal 0.527802 -0.849367 0
    outer loop
      vertex 3.43465 -0.671271 2.2
      vertex 3.44446 -0.665175 0
      vertex 3.44446 -0.665175 2.4
    endloop
  endfacet
  facet normal 0.634383 -0.773019 0
    outer loop
      vertex 3.48701 -0.634683 0
      vertex 3.52748 -0.601471 2.4
      vertex 3.48701 -0.634683 2.4
    endloop
  endfacet
  facet normal 0.634383 -0.773019 0
    outer loop
      vertex 3.52748 -0.601471 2.4
      vertex 3.48701 -0.634683 0
      vertex 3.52748 -0.601471 0
    endloop
  endfacet
  facet normal 0 0 -1
    outer loop
      vertex 3.79829 -0.0523224 0
      vertex 3.79829 0.0523224 0
      vertex 3.8 0 0
    endloop
  endfacet
  facet normal 0 0 -1
    outer loop
      vertex 3.79316 -0.104421 0
      vertex 3.79829 0.0523224 0
      vertex 3.79829 -0.0523224 0
    endloop
  endfacet
  facet normal 0 0 -1
    outer loop
      vertex 3.79316 -0.104421 0
      vertex 3.79316 0.104421 0
      vertex 3.79829 0.0523224 0
    endloop
  endfacet
  facet normal 0 0 -1
    outer loop
      vertex 3.78463 -0.156072 0
      vertex 3.79316 0.104421 0
      vertex 3.79316 -0.104421 0
    endloop
  endfacet
  facet normal 0 0 -1
    outer loop
      vertex 3.78463 -0.156072 0
      vertex 3.78463 0.156072 0
      vertex 3.79316 0.104421 0
    endloop
  endfacet
  facet normal 0 0 -1
    outer loop
      vertex 3.77274 -0.207055 0
      vertex 3.78463 0.156072 0
      vertex 3.78463 -0.156072 0
    endloop
  endfacet
  facet normal 0 0 -1
    outer loop
      vertex 3.77274 -0.207055 0
      vertex 3.77274 0.207055 0
      vertex 3.78463 0.156072 0
    endloop
  endfacet
  facet normal 0 0 -1
    outer loop
      vertex 3.75754 -0.257151 0
      vertex 3.77274 0.207055 0
      vertex 3.77274 -0.207055 0
    endloop
  endfacet
  facet normal 0 0 -1
    outer loop
      vertex 3.75754 -0.257151 0
      vertex 3.75754 0.257151 0
      vertex 3.77274 0.207055 0
    endloop
  endfacet
  facet normal 0 0 -1
    outer loop
      vertex 3.7391 -0.306147 0
      vertex 3.75754 0.257151 0
      vertex 3.75754 -0.257151 0
    endloop
  endfacet
  facet normal 0 0 -1
    outer loop
      vertex 3.7391 -0.306147 0
      vertex 3.7391 0.306147 0
      vertex 3.75754 0.257151 0
    endloop
  endfacet
  facet normal 0 0 -1
    outer loop
      vertex 3.7175 -0.35383 0
      vertex 3.7391 0.306147 0
      vertex 3.7391 -0.306147 0
    endloop
  endfacet
  facet normal 0 0 -1
    outer loop
      vertex 3.7175 -0.35383 0
      vertex 3.7175 0.35383 0
      vertex 3.7391 0.306147 0
    endloop
  endfacet
  facet normal 0 0 -1
    outer loop
      vertex 3.69282 -0.4 0
      vertex 3.7175 0.35383 0
      vertex 3.7175 -0.35383 0
    endloop
  endfacet
  facet normal 0 0 -1
    outer loop
      vertex 3.69282 -0.4 0
      vertex 3.69282 0.4 0
      vertex 3.7175 0.35383 0
    endloop
  endfacet
  facet normal 0 0 -1
    outer loop
      vertex 3.66518 -0.444456 0
      vertex 3.69282 0.4 0
      vertex 3.69282 -0.4 0
    endloop
  endfacet
  facet normal 0 0 -1
    outer loop
      vertex 3.66518 -0.444456 0
      vertex 3.66518 0.444456 0
      vertex 3.69282 0.4 0
    endloop
  endfacet
  facet normal 0 0 -1
    outer loop
      vertex 3.63468 -0.487009 0
      vertex 3.66518 0.444456 0
      vertex 3.66518 -0.444456 0
    endloop
  endfacet
  facet normal 0 0 -1
    outer loop
      vertex 3.63468 -0.487009 0
      vertex 3.63468 0.487009 0
      vertex 3.66518 0.444456 0
    endloop
  endfacet
  facet normal 0 0 -1
    outer loop
      vertex 3.60147 -0.527476 0
      vertex 3.63468 0.487009 0
      vertex 3.63468 -0.487009 0
    endloop
  endfacet
  facet normal 0 0 -1
    outer loop
      vertex 3.60147 -0.527476 0
      vertex 3.60147 0.527476 0
      vertex 3.63468 0.487009 0
    endloop
  endfacet
  facet normal 0 0 -1
    outer loop
      vertex 3.56569 -0.565685 0
      vertex 3.60147 0.527476 0
      vertex 3.60147 -0.527476 0
    endloop
  endfacet
  facet normal 0 0 -1
    outer loop
      vertex 3.56569 -0.565685 0
      vertex 3.56569 0.565685 0
      vertex 3.60147 0.527476 0
    endloop
  endfacet
  facet normal 0 0 -1
    outer loop
      vertex 3.52748 -0.601471 0
      vertex 3.56569 0.565685 0
      vertex 3.56569 -0.565685 0
    endloop
  endfacet
  facet normal 0 0 -1
    outer loop
      vertex 3.52748 -0.601471 0
      vertex 3.52748 0.601471 0
      vertex 3.56569 0.565685 0
    endloop
  endfacet
  facet normal 0 0 -1
    outer loop
      vertex 3.48701 -0.634683 0
      vertex 3.52748 0.601471 0
      vertex 3.52748 -0.601471 0
    endloop
  endfacet
  facet normal 0 0 -1
    outer loop
      vertex 3.48701 -0.634683 0
      vertex 3.48701 0.634683 0
      vertex 3.52748 0.601471 0
    endloop
  endfacet
  facet normal 0 0 -1
    outer loop
      vertex 3.44446 -0.665175 0
      vertex 3.48701 0.634683 0
      vertex 3.48701 -0.634683 0
    endloop
  endfacet
  facet normal 0 0 -1
    outer loop
      vertex 3.44446 -0.665175 0
      vertex 3.44446 0.665175 0
      vertex 3.48701 0.634683 0
    endloop
  endfacet
  facet normal 0 0 -1
    outer loop
      vertex 3.4 -0.69282 0
      vertex 3.44446 0.665175 0
      vertex 3.44446 -0.665175 0
    endloop
  endfacet
  facet normal 0 0 -1
    outer loop
      vertex 3.4 -0.69282 0
      vertex 3.4 0.69282 0
      vertex 3.44446 0.665175 0
    endloop
  endfacet
  facet normal 0 0 -1
    outer loop
      vertex 3.35383 -0.717498 0
      vertex 3.4 0.69282 0
      vertex 3.4 -0.69282 0
    endloop
  endfacet
  facet normal 0 0 -1
    outer loop
      vertex 3.35383 -0.717498 0
      vertex 3.35383 0.717498 0
      vertex 3.4 0.69282 0
    endloop
  endfacet
  facet normal 0 0 -1
    outer loop
      vertex 3.30615 -0.739103 0
      vertex 3.35383 0.717498 0
      vertex 3.35383 -0.717498 0
    endloop
  endfacet
  facet normal 0 0 -1
    outer loop
      vertex 3.30615 -0.739103 0
      vertex 3.30615 0.739103 0
      vertex 3.35383 0.717498 0
    endloop
  endfacet
  facet normal 0 0 -1
    outer loop
      vertex 3.25715 -0.757544 0
      vertex 3.30615 0.739103 0
      vertex 3.30615 -0.739103 0
    endloop
  endfacet
  facet normal 0 0 -1
    outer loop
      vertex 3.25715 -0.757544 0
      vertex 3.25715 0.757544 0
      vertex 3.30615 0.739103 0
    endloop
  endfacet
  facet normal 0 0 -1
    outer loop
      vertex 3.20706 -0.77274 0
      vertex 3.25715 0.757544 0
      vertex 3.25715 -0.757544 0
    endloop
  endfacet
  facet normal 0 0 -1
    outer loop
      vertex 3.20706 -0.77274 0
      vertex 3.20706 0.77274 0
      vertex 3.25715 0.757544 0
    endloop
  endfacet
  facet normal 0 0 -1
    outer loop
      vertex 3.15607 -0.784628 0
      vertex 3.20706 0.77274 0
      vertex 3.20706 -0.77274 0
    endloop
  endfacet
  facet normal 0 0 -1
    outer loop
      vertex 3.15607 -0.784628 0
      vertex 3.15607 0.784628 0
      vertex 3.20706 0.77274 0
    endloop
  endfacet
  facet normal 0 0 -1
    outer loop
      vertex 3.10442 -0.793156 0
      vertex 3.15607 0.784628 0
      vertex 3.15607 -0.784628 0
    endloop
  endfacet
  facet normal 0 0 -1
    outer loop
      vertex 3.10442 -0.793156 0
      vertex 3.10442 0.793156 0
      vertex 3.15607 0.784628 0
    endloop
  endfacet
  facet normal 0 0 -1
    outer loop
      vertex 3.05232 -0.798286 0
      vertex 3.10442 0.793156 0
      vertex 3.10442 -0.793156 0
    endloop
  endfacet
  facet normal 0 0 -1
    outer loop
      vertex 3.05232 -0.798286 0
      vertex 3.05232 0.798286 0
      vertex 3.10442 0.793156 0
    endloop
  endfacet
  facet normal 0 0 -1
    outer loop
      vertex 3 -0.799999 0
      vertex 3.05232 0.798286 0
      vertex 3.05232 -0.798286 0
    endloop
  endfacet
  facet normal 0 0 -1
    outer loop
      vertex 3 -0.799999 0
      vertex 3 0.799999 0
      vertex 3.05232 0.798286 0
    endloop
  endfacet
  facet normal 0 0 -1
    outer loop
      vertex 2.94768 -0.798286 0
      vertex 3 0.799999 0
      vertex 3 -0.799999 0
    endloop
  endfacet
  facet normal 0 0 -1
    outer loop
      vertex 2.94768 -0.798286 0
      vertex 2.94768 0.798286 0
      vertex 3 0.799999 0
    endloop
  endfacet
  facet normal 0 0 -1
    outer loop
      vertex 2.89558 -0.793156 0
      vertex 2.94768 0.798286 0
      vertex 2.94768 -0.798286 0
    endloop
  endfacet
  facet normal 0 0 -1
    outer loop
      vertex 2.89558 -0.793156 0
      vertex 2.89558 0.793156 0
      vertex 2.94768 0.798286 0
    endloop
  endfacet
  facet normal 0 0 -1
    outer loop
      vertex 2.84393 -0.784628 0
      vertex 2.89558 0.793156 0
      vertex 2.89558 -0.793156 0
    endloop
  endfacet
  facet normal 0 0 -1
    outer loop
      vertex 2.84393 -0.784628 0
      vertex 2.84393 0.784628 0
      vertex 2.89558 0.793156 0
    endloop
  endfacet
  facet normal 0 0 -1
    outer loop
      vertex 2.79294 -0.77274 0
      vertex 2.84393 0.784628 0
      vertex 2.84393 -0.784628 0
    endloop
  endfacet
  facet normal 0 0 -1
    outer loop
      vertex 2.79294 -0.77274 0
      vertex 2.79294 0.77274 0
      vertex 2.84393 0.784628 0
    endloop
  endfacet
  facet normal 0 0 -1
    outer loop
      vertex 2.74285 -0.757544 0
      vertex 2.79294 0.77274 0
      vertex 2.79294 -0.77274 0
    endloop
  endfacet
  facet normal 0 0 -1
    outer loop
      vertex 2.74285 -0.757544 0
      vertex 2.74285 0.757544 0
      vertex 2.79294 0.77274 0
    endloop
  endfacet
  facet normal 0 0 -1
    outer loop
      vertex 2.69385 -0.739103 0
      vertex 2.74285 0.757544 0
      vertex 2.74285 -0.757544 0
    endloop
  endfacet
  facet normal 0 0 -1
    outer loop
      vertex 2.69385 -0.739103 0
      vertex 2.69385 0.739103 0
      vertex 2.74285 0.757544 0
    endloop
  endfacet
  facet normal 0 0 -1
    outer loop
      vertex 2.64617 -0.717498 0
      vertex 2.69385 0.739103 0
      vertex 2.69385 -0.739103 0
    endloop
  endfacet
  facet normal 0 0 -1
    outer loop
      vertex 2.64617 -0.717498 0
      vertex 2.64617 0.717498 0
      vertex 2.69385 0.739103 0
    endloop
  endfacet
  facet normal 0 0 -1
    outer loop
      vertex 2.6 -0.69282 0
      vertex 2.64617 0.717498 0
      vertex 2.64617 -0.717498 0
    endloop
  endfacet
  facet normal 0 0 -1
    outer loop
      vertex 2.6 -0.69282 0
      vertex 2.6 0.69282 0
      vertex 2.64617 0.717498 0
    endloop
  endfacet
  facet normal 0 0 -1
    outer loop
      vertex 2.55554 -0.665175 0
      vertex 2.6 0.69282 0
      vertex 2.6 -0.69282 0
    endloop
  endfacet
  facet normal 0 0 -1
    outer loop
      vertex 2.55554 -0.665175 0
      vertex 2.55554 0.665175 0
      vertex 2.6 0.69282 0
    endloop
  endfacet
  facet normal 0 0 -1
    outer loop
      vertex 2.51299 -0.634683 0
      vertex 2.55554 0.665175 0
      vertex 2.55554 -0.665175 0
    endloop
  endfacet
  facet normal 0 0 -1
    outer loop
      vertex 2.51299 -0.634683 0
      vertex 2.51299 0.634683 0
      vertex 2.55554 0.665175 0
    endloop
  endfacet
  facet normal 0 0 -1
    outer loop
      vertex 2.47252 -0.601471 0
      vertex 2.51299 0.634683 0
      vertex 2.51299 -0.634683 0
    endloop
  endfacet
  facet normal 0 0 -1
    outer loop
      vertex 2.47252 -0.601471 0
      vertex 2.47252 0.601471 0
      vertex 2.51299 0.634683 0
    endloop
  endfacet
  facet normal 0 0 -1
    outer loop
      vertex 2.43431 -0.565685 0
      vertex 2.47252 0.601471 0
      vertex 2.47252 -0.601471 0
    endloop
  endfacet
  facet normal 0 0 -1
    outer loop
      vertex 2.43431 -0.565685 0
      vertex 2.43431 0.565685 0
      vertex 2.47252 0.601471 0
    endloop
  endfacet
  facet normal 0 0 -1
    outer loop
      vertex 2.39853 -0.527476 0
      vertex 2.43431 0.565685 0
      vertex 2.43431 -0.565685 0
    endloop
  endfacet
  facet normal 0 0 -1
    outer loop
      vertex 2.39853 -0.527476 0
      vertex 2.39853 0.527476 0
      vertex 2.43431 0.565685 0
    endloop
  endfacet
  facet normal 0 0 -1
    outer loop
      vertex 2.36532 -0.487009 0
      vertex 2.39853 0.527476 0
      vertex 2.39853 -0.527476 0
    endloop
  endfacet
  facet normal 0 0 -1
    outer loop
      vertex 2.36532 -0.487009 0
      vertex 2.36532 0.487009 0
      vertex 2.39853 0.527476 0
    endloop
  endfacet
  facet normal 0 0 -1
    outer loop
      vertex 2.33482 -0.444456 0
      vertex 2.36532 0.487009 0
      vertex 2.36532 -0.487009 0
    endloop
  endfacet
  facet normal 0 0 -1
    outer loop
      vertex 2.33482 -0.444456 0
      vertex 2.33482 0.444456 0
      vertex 2.36532 0.487009 0
    endloop
  endfacet
  facet normal 0 0 -1
    outer loop
      vertex 2.30718 -0.4 0
      vertex 2.33482 0.444456 0
      vertex 2.33482 -0.444456 0
    endloop
  endfacet
  facet normal 0 0 -1
    outer loop
      vertex 2.30718 -0.4 0
      vertex 2.30718 0.4 0
      vertex 2.33482 0.444456 0
    endloop
  endfacet
  facet normal 0 0 -1
    outer loop
      vertex 2.2825 -0.35383 0
      vertex 2.30718 0.4 0
      vertex 2.30718 -0.4 0
    endloop
  endfacet
  facet normal 0 0 -1
    outer loop
      vertex 2.2825 -0.35383 0
      vertex 2.2825 0.35383 0
      vertex 2.30718 0.4 0
    endloop
  endfacet
  facet normal 0 0 -1
    outer loop
      vertex 2.2609 -0.306147 0
      vertex 2.2825 0.35383 0
      vertex 2.2825 -0.35383 0
    endloop
  endfacet
  facet normal 0 0 -1
    outer loop
      vertex 2.2609 -0.306147 0
      vertex 2.2609 0.306147 0
      vertex 2.2825 0.35383 0
    endloop
  endfacet
  facet normal 0 0 -1
    outer loop
      vertex 2.24246 -0.257151 0
      vertex 2.2609 0.306147 0
      vertex 2.2609 -0.306147 0
    endloop
  endfacet
  facet normal 0 0 -1
    outer loop
      vertex 2.24246 -0.257151 0
      vertex 2.24246 0.257151 0
      vertex 2.2609 0.306147 0
    endloop
  endfacet
  facet normal 0 0 -1
    outer loop
      vertex 2.22726 -0.207055 0
      vertex 2.24246 0.257151 0
      vertex 2.24246 -0.257151 0
    endloop
  endfacet
  facet normal 0 0 -1
    outer loop
      vertex 2.22726 -0.207055 0
      vertex 2.22726 0.207055 0
      vertex 2.24246 0.257151 0
    endloop
  endfacet
  facet normal 0 0 -1
    outer loop
      vertex 2.21537 -0.156072 0
      vertex 2.22726 0.207055 0
      vertex 2.22726 -0.207055 0
    endloop
  endfacet
  facet normal 0 0 -1
    outer loop
      vertex 2.21537 -0.156072 0
      vertex 2.21537 0.156072 0
      vertex 2.22726 0.207055 0
    endloop
  endfacet
  facet normal 0 0 -1
    outer loop
      vertex 2.20684 -0.104421 0
      vertex 2.21537 0.156072 0
      vertex 2.21537 -0.156072 0
    endloop
  endfacet
  facet normal 0 0 -1
    outer loop
      vertex 2.20684 -0.104421 0
      vertex 2.20684 0.104421 0
      vertex 2.21537 0.156072 0
    endloop
  endfacet
  facet normal 0 0 -1
    outer loop
      vertex 2.20171 -0.0523224 0
      vertex 2.20684 0.104421 0
      vertex 2.20684 -0.104421 0
    endloop
  endfacet
  facet normal 0 0 -1
    outer loop
      vertex 2.20171 -0.0523224 0
      vertex 2.20171 0.0523224 0
      vertex 2.20684 0.104421 0
    endloop
  endfacet
  facet normal 0 -0 -1
    outer loop
      vertex 2.20171 0.0523224 0
      vertex 2.20171 -0.0523224 0
      vertex 2.2 0 0
    endloop
  endfacet
  facet normal -0.849219 -0.52804 0
    outer loop
      vertex 0.834824 2.15362 0
      vertex 0.807179 2.19808 2.2
      vertex 0.807179 2.19808 0
    endloop
  endfacet
  facet normal -0.849219 -0.52804 0
    outer loop
      vertex 0.807179 2.19808 2.2
      vertex 0.834824 2.15362 0
      vertex 0.834824 2.15362 2.2
    endloop
  endfacet
  facet normal 0.41281 0.910817 -0
    outer loop
      vertex 1.85383 3.31557 0
      vertex 1.80615 3.33718 2.4
      vertex 1.85383 3.31557 2.4
    endloop
  endfacet
  facet normal 0.41281 0.910817 0
    outer loop
      vertex 1.80615 3.33718 2.4
      vertex 1.85383 3.31557 0
      vertex 1.80615 3.33718 0
    endloop
  endfacet
  facet normal 0.471272 0.881988 -0
    outer loop
      vertex 1.9 3.2909 0
      vertex 1.85383 3.31557 2.4
      vertex 1.9 3.2909 2.4
    endloop
  endfacet
  facet normal 0.471272 0.881988 0
    outer loop
      vertex 1.85383 3.31557 2.4
      vertex 1.9 3.2909 0
      vertex 1.85383 3.31557 0
    endloop
  endfacet
  facet normal 0.162943 0.986636 -0
    outer loop
      vertex 1.65607 3.3827 0
      vertex 1.60442 3.39123 2.4
      vertex 1.65607 3.3827 2.4
    endloop
  endfacet
  facet normal 0.162943 0.986636 0
    outer loop
      vertex 1.60442 3.39123 2.4
      vertex 1.65607 3.3827 0
      vertex 1.60442 3.39123 0
    endloop
  endfacet
  facet normal 0.986641 -0.162912 0
    outer loop
      vertex 2.28463 2.442 2.2
      vertex 2.29316 2.49366 0
      vertex 2.29316 2.49366 2.2
    endloop
  endfacet
  facet normal 0.986641 -0.162912 0
    outer loop
      vertex 2.29316 2.49366 0
      vertex 2.28463 2.442 2.2
      vertex 2.28463 2.442 0
    endloop
  endfacet
  facet normal -0.41281 0.910817 0
    outer loop
      vertex 1.19385 3.33718 0
      vertex 1.14617 3.31557 2.4
      vertex 1.19385 3.33718 2.4
    endloop
  endfacet
  facet normal -0.41281 0.910817 0
    outer loop
      vertex 1.14617 3.31557 2.4
      vertex 1.19385 3.33718 0
      vertex 1.14617 3.31557 0
    endloop
  endfacet
  facet normal 0.528109 0.849177 -0
    outer loop
      vertex 1.94446 3.26325 0
      vertex 1.9 3.2909 2.4
      vertex 1.94446 3.26325 2.4
    endloop
  endfacet
  facet normal 0.528109 0.849177 0
    outer loop
      vertex 1.9 3.2909 2.4
      vertex 1.94446 3.26325 0
      vertex 1.9 3.2909 0
    endloop
  endfacet
  facet normal 0.290379 0.956912 -0
    outer loop
      vertex 1.75715 3.35562 0
      vertex 1.70706 3.37082 2.4
      vertex 1.75715 3.35562 2.4
    endloop
  endfacet
  facet normal 0.290379 0.956912 0
    outer loop
      vertex 1.70706 3.37082 2.4
      vertex 1.75715 3.35562 0
      vertex 1.70706 3.37082 0
    endloop
  endfacet
  facet normal 0.849262 -0.527971 0
    outer loop
      vertex 2.16518 2.15362 2.2
      vertex 2.19282 2.19808 0
      vertex 2.19282 2.19808 2.2
    endloop
  endfacet
  facet normal 0.849262 -0.527971 0
    outer loop
      vertex 2.19282 2.19808 0
      vertex 2.16518 2.15362 2.2
      vertex 2.16518 2.15362 0
    endloop
  endfacet
  facet normal 0.935897 -0.352275 0
    outer loop
      vertex 2.2391 2.29193 2.2
      vertex 2.25754 2.34092 0
      vertex 2.25754 2.34092 2.2
    endloop
  endfacet
  facet normal 0.935897 -0.352275 0
    outer loop
      vertex 2.25754 2.34092 0
      vertex 2.2391 2.29193 2.2
      vertex 2.2391 2.29193 0
    endloop
  endfacet
  facet normal 0.634361 0.773037 -0
    outer loop
      vertex 2.02748 3.19955 0
      vertex 1.98701 3.23276 2.4
      vertex 2.02748 3.19955 2.4
    endloop
  endfacet
  facet normal 0.634361 0.773037 0
    outer loop
      vertex 1.98701 3.23276 2.4
      vertex 2.02748 3.19955 0
      vertex 1.98701 3.23276 0
    endloop
  endfacet
  facet normal -0.881924 0.471391 0
    outer loop
      vertex 0.782501 2.95191 0
      vertex 0.807179 2.99808 2.2
      vertex 0.807179 2.99808 0
    endloop
  endfacet
  facet normal -0.881924 0.471391 0
    outer loop
      vertex 0.807179 2.99808 2.2
      vertex 0.782501 2.95191 0
      vertex 0.782501 2.95191 2.2
    endloop
  endfacet
  facet normal 0.227091 -0.973874 0
    outer loop
      vertex 1.65607 1.81345 0
      vertex 1.70706 1.82534 2.2
      vertex 1.65607 1.81345 2.2
    endloop
  endfacet
  facet normal 0.227091 -0.973874 0
    outer loop
      vertex 1.70706 1.82534 2.2
      vertex 1.65607 1.81345 0
      vertex 1.70706 1.82534 0
    endloop
  endfacet
  facet normal 0.471421 -0.881908 0
    outer loop
      vertex 1.85383 1.88058 0
      vertex 1.9 1.90526 2.2
      vertex 1.85383 1.88058 2.2
    endloop
  endfacet
  facet normal 0.471421 -0.881908 0
    outer loop
      vertex 1.9 1.90526 2.2
      vertex 1.85383 1.88058 0
      vertex 1.9 1.90526 0
    endloop
  endfacet
  facet normal -0.227091 -0.973874 0
    outer loop
      vertex 1.29294 1.82534 0
      vertex 1.34393 1.81345 2.2
      vertex 1.29294 1.82534 2.2
    endloop
  endfacet
  facet normal -0.227091 -0.973874 -0
    outer loop
      vertex 1.34393 1.81345 2.2
      vertex 1.29294 1.82534 0
      vertex 1.34393 1.81345 0
    endloop
  endfacet
  facet normal -0.973872 -0.227097 0
    outer loop
      vertex 0.727259 2.39102 0
      vertex 0.715371 2.442 2.2
      vertex 0.715371 2.442 0
    endloop
  endfacet
  facet normal -0.973872 -0.227097 0
    outer loop
      vertex 0.715371 2.442 2.2
      vertex 0.727259 2.39102 0
      vertex 0.727259 2.39102 2.2
    endloop
  endfacet
  facet normal 0.582466 -0.812855 0
    outer loop
      vertex 1.94446 1.9329 0
      vertex 1.98701 1.96339 2.2
      vertex 1.94446 1.9329 2.2
    endloop
  endfacet
  facet normal 0.582466 -0.812855 0
    outer loop
      vertex 1.98701 1.96339 2.2
      vertex 1.94446 1.9329 0
      vertex 1.98701 1.96339 0
    endloop
  endfacet
  facet normal 0.22691 0.973916 -0
    outer loop
      vertex 1.70706 3.37082 0
      vertex 1.65607 3.3827 2.4
      vertex 1.70706 3.37082 2.4
    endloop
  endfacet
  facet normal 0.22691 0.973916 0
    outer loop
      vertex 1.65607 3.3827 2.4
      vertex 1.70706 3.37082 0
      vertex 1.65607 3.3827 0
    endloop
  endfacet
  facet normal 0.973864 0.227133 0
    outer loop
      vertex 2.28463 2.75415 2.4
      vertex 2.27274 2.80513 0
      vertex 2.27274 2.80513 2.4
    endloop
  endfacet
  facet normal 0.973864 0.227133 0
    outer loop
      vertex 2.27274 2.80513 0
      vertex 2.28463 2.75415 2.4
      vertex 2.28463 2.75415 0
    endloop
  endfacet
  facet normal 0.634361 -0.773037 0
    outer loop
      vertex 1.98701 1.96339 0
      vertex 2.02748 1.9966 2.2
      vertex 1.98701 1.96339 2.2
    endloop
  endfacet
  facet normal 0.634361 -0.773037 0
    outer loop
      vertex 2.02748 1.9966 2.2
      vertex 1.98701 1.96339 0
      vertex 2.02748 1.9966 0
    endloop
  endfacet
  facet normal -0.290204 -0.956965 0
    outer loop
      vertex 1.24285 1.84053 0
      vertex 1.29294 1.82534 2.2
      vertex 1.24285 1.84053 2.2
    endloop
  endfacet
  facet normal -0.290204 -0.956965 -0
    outer loop
      vertex 1.29294 1.82534 2.2
      vertex 1.24285 1.84053 0
      vertex 1.29294 1.82534 0
    endloop
  endfacet
  facet normal 0.973864 -0.227133 0
    outer loop
      vertex 2.27274 2.39102 2.2
      vertex 2.28463 2.442 0
      vertex 2.28463 2.442 2.2
    endloop
  endfacet
  facet normal 0.973864 -0.227133 0
    outer loop
      vertex 2.28463 2.442 0
      vertex 2.27274 2.39102 2.2
      vertex 2.27274 2.39102 0
    endloop
  endfacet
  facet normal -0.0979906 0.995187 0
    outer loop
      vertex 1.44768 3.39636 0
      vertex 1.39558 3.39123 2.4
      vertex 1.44768 3.39636 2.4
    endloop
  endfacet
  facet normal -0.0979906 0.995187 0
    outer loop
      vertex 1.39558 3.39123 2.4
      vertex 1.44768 3.39636 0
      vertex 1.39558 3.39123 0
    endloop
  endfacet
  facet normal -0.582466 -0.812855 0
    outer loop
      vertex 1.01299 1.96339 0
      vertex 1.05554 1.9329 2.2
      vertex 1.01299 1.96339 2.2
    endloop
  endfacet
  facet normal -0.582466 -0.812855 -0
    outer loop
      vertex 1.05554 1.9329 2.2
      vertex 1.01299 1.96339 0
      vertex 1.05554 1.9329 0
    endloop
  endfacet
  facet normal 0.729936 0.683515 0
    outer loop
      vertex 2.10147 3.12555 2.4
      vertex 2.06569 3.16376 0
      vertex 2.06569 3.16376 2.4
    endloop
  endfacet
  facet normal 0.729936 0.683515 0
    outer loop
      vertex 2.06569 3.16376 0
      vertex 2.10147 3.12555 2.4
      vertex 2.10147 3.12555 0
    endloop
  endfacet
  facet normal -0.352212 0.93592 0
    outer loop
      vertex 1.24285 3.35562 0
      vertex 1.19385 3.33718 2.4
      vertex 1.24285 3.35562 2.4
    endloop
  endfacet
  facet normal -0.352212 0.93592 0
    outer loop
      vertex 1.19385 3.33718 2.4
      vertex 1.24285 3.35562 0
      vertex 1.19385 3.33718 0
    endloop
  endfacet
  facet normal 0.999467 -0.0326598 0
    outer loop
      vertex 2.29829 2.54575 2.2
      vertex 2.3 2.59808 0
      vertex 2.3 2.59808 2.2
    endloop
  endfacet
  facet normal 0.999467 -0.0326598 0
    outer loop
      vertex 2.3 2.59808 0
      vertex 2.29829 2.54575 2.2
      vertex 2.29829 2.54575 0
    endloop
  endfacet
  facet normal -0.528109 0.849177 0
    outer loop
      vertex 1.1 3.2909 0
      vertex 1.05554 3.26325 2.2
      vertex 1.1 3.2909 2.2
    endloop
  endfacet
  facet normal -0.528109 0.849177 0
    outer loop
      vertex 1.05554 3.26325 2.2
      vertex 1.1 3.2909 0
      vertex 1.05554 3.26325 0
    endloop
  endfacet
  facet normal -0.527971 -0.849262 0
    outer loop
      vertex 1.05554 1.9329 0
      vertex 1.1 1.90526 2.2
      vertex 1.05554 1.9329 2.2
    endloop
  endfacet
  facet normal -0.527971 -0.849262 -0
    outer loop
      vertex 1.1 1.90526 2.2
      vertex 1.05554 1.9329 0
      vertex 1.1 1.90526 0
    endloop
  endfacet
  facet normal -0.162943 0.986636 0
    outer loop
      vertex 1.39558 3.39123 0
      vertex 1.34393 3.3827 2.4
      vertex 1.39558 3.39123 2.4
    endloop
  endfacet
  facet normal -0.162943 0.986636 0
    outer loop
      vertex 1.34393 3.3827 2.4
      vertex 1.39558 3.39123 0
      vertex 1.34393 3.3827 0
    endloop
  endfacet
  facet normal -0.956949 -0.290255 0
    outer loop
      vertex 0.742455 2.34092 0
      vertex 0.727259 2.39102 2.2
      vertex 0.727259 2.39102 0
    endloop
  endfacet
  facet normal -0.956949 -0.290255 0
    outer loop
      vertex 0.727259 2.39102 2.2
      vertex 0.742455 2.34092 0
      vertex 0.742455 2.34092 2.2
    endloop
  endfacet
  facet normal -0.999464 0.0327233 0
    outer loop
      vertex 0.7 2.59808 0
      vertex 0.701713 2.6504 2.2
      vertex 0.701713 2.6504 0
    endloop
  endfacet
  facet normal -0.999464 0.0327233 0
    outer loop
      vertex 0.701713 2.6504 2.2
      vertex 0.7 2.59808 0
      vertex 0.7 2.59808 2.2
    endloop
  endfacet
  facet normal -0.986647 -0.162875 0
    outer loop
      vertex 0.715371 2.442 0
      vertex 0.706843 2.49366 2.2
      vertex 0.706843 2.49366 0
    endloop
  endfacet
  facet normal -0.986647 -0.162875 0
    outer loop
      vertex 0.706843 2.49366 2.2
      vertex 0.715371 2.442 0
      vertex 0.715371 2.442 2.2
    endloop
  endfacet
  facet normal 0.956928 -0.290325 0
    outer loop
      vertex 2.25754 2.34092 2.2
      vertex 2.27274 2.39102 0
      vertex 2.27274 2.39102 2.2
    endloop
  endfacet
  facet normal 0.956928 -0.290325 0
    outer loop
      vertex 2.27274 2.39102 0
      vertex 2.25754 2.34092 2.2
      vertex 2.25754 2.34092 0
    endloop
  endfacet
  facet normal -0.0328569 0.99946 0
    outer loop
      vertex 1.5 3.39808 0
      vertex 1.44768 3.39636 2.4
      vertex 1.5 3.39808 2.4
    endloop
  endfacet
  facet normal -0.0328569 0.99946 0
    outer loop
      vertex 1.44768 3.39636 2.4
      vertex 1.5 3.39808 0
      vertex 1.44768 3.39636 0
    endloop
  endfacet
  facet normal -0.729879 -0.683576 0
    outer loop
      vertex 0.934314 2.03239 0
      vertex 0.898528 2.0706 2.2
      vertex 0.898528 2.0706 0
    endloop
  endfacet
  facet normal -0.729879 -0.683576 0
    outer loop
      vertex 0.898528 2.0706 2.2
      vertex 0.934314 2.03239 0
      vertex 0.934314 2.03239 2.2
    endloop
  endfacet
  facet normal -0.634389 0.773014 0
    outer loop
      vertex 1.01299 3.23276 0
      vertex 0.972523 3.19955 2.2
      vertex 1.01299 3.23276 2.2
    endloop
  endfacet
  facet normal -0.634389 0.773014 0
    outer loop
      vertex 0.972523 3.19955 2.2
      vertex 1.01299 3.23276 0
      vertex 0.972523 3.19955 0
    endloop
  endfacet
  facet normal 0.881866 -0.4715 0
    outer loop
      vertex 2.19282 2.19808 2.2
      vertex 2.2175 2.24424 0
      vertex 2.2175 2.24424 2.2
    endloop
  endfacet
  facet normal 0.881866 -0.4715 0
    outer loop
      vertex 2.2175 2.24424 0
      vertex 2.19282 2.19808 2.2
      vertex 2.19282 2.19808 0
    endloop
  endfacet
  facet normal 0.986636 0.162943 0
    outer loop
      vertex 2.29316 2.7025 2.4
      vertex 2.28463 2.75415 0
      vertex 2.28463 2.75415 2.4
    endloop
  endfacet
  facet normal 0.986636 0.162943 0
    outer loop
      vertex 2.28463 2.75415 0
      vertex 2.29316 2.7025 2.4
      vertex 2.29316 2.7025 0
    endloop
  endfacet
  facet normal -0.683627 -0.729832 0
    outer loop
      vertex 0.934314 2.03239 0
      vertex 0.972523 1.9966 2.2
      vertex 0.934314 2.03239 2.2
    endloop
  endfacet
  facet normal -0.683627 -0.729832 -0
    outer loop
      vertex 0.972523 1.9966 2.2
      vertex 0.934314 2.03239 0
      vertex 0.972523 1.9966 0
    endloop
  endfacet
  facet normal -0.290379 0.956912 0
    outer loop
      vertex 1.29294 3.37082 0
      vertex 1.24285 3.35562 2.4
      vertex 1.29294 3.37082 2.4
    endloop
  endfacet
  facet normal -0.290379 0.956912 0
    outer loop
      vertex 1.24285 3.35562 2.4
      vertex 1.29294 3.37082 0
      vertex 1.24285 3.35562 0
    endloop
  endfacet
  facet normal -0.812837 -0.582492 0
    outer loop
      vertex 0.865316 2.11107 0
      vertex 0.834824 2.15362 2.2
      vertex 0.834824 2.15362 0
    endloop
  endfacet
  facet normal -0.812837 -0.582492 0
    outer loop
      vertex 0.834824 2.15362 2.2
      vertex 0.865316 2.11107 0
      vertex 0.865316 2.11107 2.2
    endloop
  endfacet
  facet normal 0.910922 -0.412579 0
    outer loop
      vertex 2.2175 2.24424 2.2
      vertex 2.2391 2.29193 0
      vertex 2.2391 2.29193 2.2
    endloop
  endfacet
  facet normal 0.910922 -0.412579 0
    outer loop
      vertex 2.2391 2.29193 0
      vertex 2.2175 2.24424 2.2
      vertex 2.2175 2.24424 0
    endloop
  endfacet
  facet normal 0.773037 -0.634361 0
    outer loop
      vertex 2.10147 2.0706 2.2
      vertex 2.13468 2.11107 0
      vertex 2.13468 2.11107 2.2
    endloop
  endfacet
  facet normal 0.773037 -0.634361 0
    outer loop
      vertex 2.13468 2.11107 0
      vertex 2.10147 2.0706 2.2
      vertex 2.10147 2.0706 0
    endloop
  endfacet
  facet normal 0.881908 0.471421 0
    outer loop
      vertex 2.2175 2.95191 2.4
      vertex 2.19282 2.99808 0
      vertex 2.19282 2.99808 2.4
    endloop
  endfacet
  facet normal 0.881908 0.471421 0
    outer loop
      vertex 2.19282 2.99808 0
      vertex 2.2175 2.95191 2.4
      vertex 2.2175 2.95191 0
    endloop
  endfacet
  facet normal -0.995187 0.0979906 0
    outer loop
      vertex 0.701713 2.6504 0
      vertex 0.706843 2.7025 2.2
      vertex 0.706843 2.7025 0
    endloop
  endfacet
  facet normal -0.995187 0.0979906 0
    outer loop
      vertex 0.706843 2.7025 2.2
      vertex 0.701713 2.6504 0
      vertex 0.701713 2.6504 2.2
    endloop
  endfacet
  facet normal 0.683617 -0.729841 0
    outer loop
      vertex 2.02748 1.9966 0
      vertex 2.06569 2.03239 2.2
      vertex 2.02748 1.9966 2.2
    endloop
  endfacet
  facet normal 0.683617 -0.729841 0
    outer loop
      vertex 2.06569 2.03239 2.2
      vertex 2.02748 1.9966 0
      vertex 2.06569 2.03239 0
    endloop
  endfacet
  facet normal -0.973872 0.227097 0
    outer loop
      vertex 0.715371 2.75415 0
      vertex 0.727259 2.80513 2.2
      vertex 0.727259 2.80513 0
    endloop
  endfacet
  facet normal -0.973872 0.227097 0
    outer loop
      vertex 0.727259 2.80513 2.2
      vertex 0.715371 2.75415 0
      vertex 0.715371 2.75415 2.2
    endloop
  endfacet
  facet normal -0.471421 -0.881908 0
    outer loop
      vertex 1.1 1.90526 0
      vertex 1.14617 1.88058 2.2
      vertex 1.1 1.90526 2.2
    endloop
  endfacet
  facet normal -0.471421 -0.881908 -0
    outer loop
      vertex 1.14617 1.88058 2.2
      vertex 1.1 1.90526 0
      vertex 1.14617 1.88058 0
    endloop
  endfacet
  facet normal 0.0328569 0.99946 -0
    outer loop
      vertex 1.55232 3.39636 0
      vertex 1.5 3.39808 2.4
      vertex 1.55232 3.39636 2.4
    endloop
  endfacet
  facet normal 0.0328569 0.99946 0
    outer loop
      vertex 1.5 3.39808 2.4
      vertex 1.55232 3.39636 0
      vertex 1.5 3.39808 0
    endloop
  endfacet
  facet normal 0.0979906 0.995187 -0
    outer loop
      vertex 1.60442 3.39123 0
      vertex 1.55232 3.39636 2.4
      vertex 1.60442 3.39123 2.4
    endloop
  endfacet
  facet normal 0.0979906 0.995187 0
    outer loop
      vertex 1.55232 3.39636 2.4
      vertex 1.60442 3.39123 0
      vertex 1.55232 3.39636 0
    endloop
  endfacet
  facet normal -0.881882 -0.471471 0
    outer loop
      vertex 0.807179 2.19808 0
      vertex 0.782501 2.24424 2.2
      vertex 0.782501 2.24424 0
    endloop
  endfacet
  facet normal -0.881882 -0.471471 0
    outer loop
      vertex 0.782501 2.24424 2.2
      vertex 0.807179 2.19808 0
      vertex 0.807179 2.19808 2.2
    endloop
  endfacet
  facet normal -0.352212 -0.93592 0
    outer loop
      vertex 1.19385 1.85897 0
      vertex 1.24285 1.84053 2.2
      vertex 1.19385 1.85897 2.2
    endloop
  endfacet
  facet normal -0.352212 -0.93592 -0
    outer loop
      vertex 1.24285 1.84053 2.2
      vertex 1.19385 1.85897 0
      vertex 1.24285 1.84053 0
    endloop
  endfacet
  facet normal -0.995186 -0.0980092 0
    outer loop
      vertex 0.706843 2.49366 0
      vertex 0.701713 2.54575 2.2
      vertex 0.701713 2.54575 0
    endloop
  endfacet
  facet normal -0.995186 -0.0980092 0
    outer loop
      vertex 0.701713 2.54575 2.2
      vertex 0.706843 2.49366 0
      vertex 0.706843 2.49366 2.2
    endloop
  endfacet
  facet normal 0.812764 0.582593 0
    outer loop
      vertex 2.16518 3.04253 2.4
      vertex 2.13468 3.08508 0
      vertex 2.13468 3.08508 2.4
    endloop
  endfacet
  facet normal 0.812764 0.582593 0
    outer loop
      vertex 2.13468 3.08508 0
      vertex 2.16518 3.04253 2.4
      vertex 2.16518 3.04253 0
    endloop
  endfacet
  facet normal 0.582466 0.812855 -0
    outer loop
      vertex 1.98701 3.23276 0
      vertex 1.94446 3.26325 2.4
      vertex 1.98701 3.23276 2.4
    endloop
  endfacet
  facet normal 0.582466 0.812855 0
    outer loop
      vertex 1.94446 3.26325 2.4
      vertex 1.98701 3.23276 0
      vertex 1.94446 3.26325 0
    endloop
  endfacet
  facet normal 0.0979906 -0.995187 0
    outer loop
      vertex 1.55232 1.79979 0
      vertex 1.60442 1.80492 2.2
      vertex 1.55232 1.79979 2.2
    endloop
  endfacet
  facet normal 0.0979906 -0.995187 0
    outer loop
      vertex 1.60442 1.80492 2.2
      vertex 1.55232 1.79979 0
      vertex 1.60442 1.80492 0
    endloop
  endfacet
  facet normal 0.162943 -0.986636 0
    outer loop
      vertex 1.60442 1.80492 0
      vertex 1.65607 1.81345 2.2
      vertex 1.60442 1.80492 2.2
    endloop
  endfacet
  facet normal 0.162943 -0.986636 0
    outer loop
      vertex 1.65607 1.81345 2.2
      vertex 1.60442 1.80492 0
      vertex 1.65607 1.81345 0
    endloop
  endfacet
  facet normal -0.910886 0.412659 0
    outer loop
      vertex 0.760896 2.90422 0
      vertex 0.782501 2.95191 2.2
      vertex 0.782501 2.95191 0
    endloop
  endfacet
  facet normal -0.910886 0.412659 0
    outer loop
      vertex 0.782501 2.95191 2.2
      vertex 0.760896 2.90422 0
      vertex 0.760896 2.90422 2.2
    endloop
  endfacet
  facet normal 0.995187 0.0979906 0
    outer loop
      vertex 2.29829 2.6504 2.4
      vertex 2.29316 2.7025 0
      vertex 2.29316 2.7025 2.4
    endloop
  endfacet
  facet normal 0.995187 0.0979906 0
    outer loop
      vertex 2.29316 2.7025 0
      vertex 2.29829 2.6504 2.4
      vertex 2.29829 2.6504 0
    endloop
  endfacet
  facet normal -0.773019 0.634383 0
    outer loop
      vertex 0.865316 3.08508 0
      vertex 0.898528 3.12555 2.2
      vertex 0.898528 3.12555 0
    endloop
  endfacet
  facet normal -0.773019 0.634383 0
    outer loop
      vertex 0.898528 3.12555 2.2
      vertex 0.865316 3.08508 0
      vertex 0.865316 3.08508 2.2
    endloop
  endfacet
  facet normal -0.93589 0.352291 0
    outer loop
      vertex 0.742455 2.85523 0
      vertex 0.760896 2.90422 2.2
      vertex 0.760896 2.90422 0
    endloop
  endfacet
  facet normal -0.93589 0.352291 0
    outer loop
      vertex 0.760896 2.90422 2.2
      vertex 0.742455 2.85523 0
      vertex 0.742455 2.85523 2.2
    endloop
  endfacet
  facet normal 0.683617 0.729841 -0
    outer loop
      vertex 2.06569 3.16376 0
      vertex 2.02748 3.19955 2.4
      vertex 2.06569 3.16376 2.4
    endloop
  endfacet
  facet normal 0.683617 0.729841 0
    outer loop
      vertex 2.02748 3.19955 2.4
      vertex 2.06569 3.16376 0
      vertex 2.02748 3.19955 0
    endloop
  endfacet
  facet normal 0.935897 0.352275 0
    outer loop
      vertex 2.25754 2.85523 2.4
      vertex 2.2391 2.90422 0
      vertex 2.2391 2.90422 2.4
    endloop
  endfacet
  facet normal 0.935897 0.352275 0
    outer loop
      vertex 2.2391 2.90422 0
      vertex 2.25754 2.85523 2.4
      vertex 2.25754 2.85523 0
    endloop
  endfacet
  facet normal 0.995186 -0.0980092 0
    outer loop
      vertex 2.29316 2.49366 2.2
      vertex 2.29829 2.54575 0
      vertex 2.29829 2.54575 2.2
    endloop
  endfacet
  facet normal 0.995186 -0.0980092 0
    outer loop
      vertex 2.29829 2.54575 0
      vertex 2.29316 2.49366 2.2
      vertex 2.29316 2.49366 0
    endloop
  endfacet
  facet normal 0.999486 0.0320459 -0
    outer loop
      vertex 2.29866 2.63886 2.2
      vertex 2.29829 2.6504 2.4
      vertex 2.29866 2.63886 2.4
    endloop
  endfacet
  facet normal 0.999486 0.0320459 0
    outer loop
      vertex 2.29829 2.6504 2.4
      vertex 2.29866 2.63886 2.2
      vertex 2.29829 2.6504 0
    endloop
  endfacet
  facet normal 0.999461 0.0328415 4.1776e-06
    outer loop
      vertex 2.3 2.59808 2.2
      vertex 2.29829 2.6504 0
      vertex 2.29866 2.63886 2.2
    endloop
  endfacet
  facet normal 0.999466 0.032666 0
    outer loop
      vertex 2.29829 2.6504 0
      vertex 2.3 2.59808 2.2
      vertex 2.3 2.59808 0
    endloop
  endfacet
  facet normal -0.812837 0.582492 0
    outer loop
      vertex 0.834824 3.04253 0
      vertex 0.865316 3.08508 2.2
      vertex 0.865316 3.08508 0
    endloop
  endfacet
  facet normal -0.812837 0.582492 0
    outer loop
      vertex 0.865316 3.08508 2.2
      vertex 0.834824 3.04253 0
      vertex 0.834824 3.04253 2.2
    endloop
  endfacet
  facet normal -0.986642 0.162906 0
    outer loop
      vertex 0.706843 2.7025 0
      vertex 0.715371 2.75415 2.2
      vertex 0.715371 2.75415 0
    endloop
  endfacet
  facet normal -0.986642 0.162906 0
    outer loop
      vertex 0.715371 2.75415 2.2
      vertex 0.706843 2.7025 0
      vertex 0.706843 2.7025 2.2
    endloop
  endfacet
  facet normal -0.582466 0.812855 0
    outer loop
      vertex 1.05554 3.26325 0
      vertex 1.01299 3.23276 2.2
      vertex 1.05554 3.26325 2.2
    endloop
  endfacet
  facet normal -0.582466 0.812855 0
    outer loop
      vertex 1.01299 3.23276 2.2
      vertex 1.05554 3.26325 0
      vertex 1.01299 3.23276 0
    endloop
  endfacet
  facet normal 0.910922 0.412579 0
    outer loop
      vertex 2.2391 2.90422 2.4
      vertex 2.2175 2.95191 0
      vertex 2.2175 2.95191 2.4
    endloop
  endfacet
  facet normal 0.910922 0.412579 0
    outer loop
      vertex 2.2175 2.95191 0
      vertex 2.2391 2.90422 2.4
      vertex 2.2391 2.90422 0
    endloop
  endfacet
  facet normal -0.910886 -0.412659 0
    outer loop
      vertex 0.782501 2.24424 0
      vertex 0.760896 2.29193 2.2
      vertex 0.760896 2.29193 0
    endloop
  endfacet
  facet normal -0.910886 -0.412659 0
    outer loop
      vertex 0.760896 2.29193 2.2
      vertex 0.782501 2.24424 0
      vertex 0.782501 2.24424 2.2
    endloop
  endfacet
  facet normal 0.352212 0.93592 -0
    outer loop
      vertex 1.80615 3.33718 0
      vertex 1.75715 3.35562 2.4
      vertex 1.80615 3.33718 2.4
    endloop
  endfacet
  facet normal 0.352212 0.93592 0
    outer loop
      vertex 1.75715 3.35562 2.4
      vertex 1.80615 3.33718 0
      vertex 1.75715 3.35562 0
    endloop
  endfacet
  facet normal 0.849209 0.528057 0
    outer loop
      vertex 2.19282 2.99808 2.4
      vertex 2.16518 3.04253 0
      vertex 2.16518 3.04253 2.4
    endloop
  endfacet
  facet normal 0.849209 0.528057 0
    outer loop
      vertex 2.16518 3.04253 0
      vertex 2.19282 2.99808 2.4
      vertex 2.19282 2.99808 0
    endloop
  endfacet
  facet normal 0.773037 0.634361 0
    outer loop
      vertex 2.13468 3.08508 2.4
      vertex 2.10147 3.12555 0
      vertex 2.10147 3.12555 2.4
    endloop
  endfacet
  facet normal 0.773037 0.634361 0
    outer loop
      vertex 2.10147 3.12555 0
      vertex 2.13468 3.08508 2.4
      vertex 2.13468 3.08508 0
    endloop
  endfacet
  facet normal -0.471308 0.881969 0
    outer loop
      vertex 1.14617 3.31557 2.4
      vertex 1.13599 3.31013 2.2
      vertex 1.13599 3.31013 2.4
    endloop
  endfacet
  facet normal -0.471308 0.881969 0
    outer loop
      vertex 1.14617 3.31557 0
      vertex 1.13599 3.31013 2.2
      vertex 1.14617 3.31557 2.4
    endloop
  endfacet
  facet normal -0.471262 0.881993 2.69573e-07
    outer loop
      vertex 1.14617 3.31557 0
      vertex 1.1 3.2909 2.2
      vertex 1.13599 3.31013 2.2
    endloop
  endfacet
  facet normal -0.471272 0.881988 0
    outer loop
      vertex 1.1 3.2909 2.2
      vertex 1.14617 3.31557 0
      vertex 1.1 3.2909 0
    endloop
  endfacet
  facet normal -0.849166 0.528126 0
    outer loop
      vertex 0.807179 2.99808 0
      vertex 0.834824 3.04253 2.2
      vertex 0.834824 3.04253 0
    endloop
  endfacet
  facet normal -0.849166 0.528126 0
    outer loop
      vertex 0.834824 3.04253 2.2
      vertex 0.807179 2.99808 0
      vertex 0.807179 2.99808 2.2
    endloop
  endfacet
  facet normal -0.41281 -0.910817 0
    outer loop
      vertex 1.14617 1.88058 0
      vertex 1.19385 1.85897 2.2
      vertex 1.14617 1.88058 2.2
    endloop
  endfacet
  facet normal -0.41281 -0.910817 -0
    outer loop
      vertex 1.19385 1.85897 2.2
      vertex 1.14617 1.88058 0
      vertex 1.19385 1.85897 0
    endloop
  endfacet
  facet normal -0.729879 0.683576 0
    outer loop
      vertex 0.898528 3.12555 0
      vertex 0.934314 3.16376 2.2
      vertex 0.934314 3.16376 0
    endloop
  endfacet
  facet normal -0.729879 0.683576 0
    outer loop
      vertex 0.934314 3.16376 2.2
      vertex 0.898528 3.12555 0
      vertex 0.898528 3.12555 2.2
    endloop
  endfacet
  facet normal -0.999465 -0.032717 0
    outer loop
      vertex 0.701713 2.54575 0
      vertex 0.7 2.59808 2.2
      vertex 0.7 2.59808 0
    endloop
  endfacet
  facet normal -0.999465 -0.032717 0
    outer loop
      vertex 0.7 2.59808 2.2
      vertex 0.701713 2.54575 0
      vertex 0.701713 2.54575 2.2
    endloop
  endfacet
  facet normal -0.683627 0.729832 0
    outer loop
      vertex 0.972523 3.19955 0
      vertex 0.934314 3.16376 2.2
      vertex 0.972523 3.19955 2.2
    endloop
  endfacet
  facet normal -0.683627 0.729832 0
    outer loop
      vertex 0.934314 3.16376 2.2
      vertex 0.972523 3.19955 0
      vertex 0.934314 3.16376 0
    endloop
  endfacet
  facet normal 0.527971 -0.849262 0
    outer loop
      vertex 1.9 1.90526 0
      vertex 1.94446 1.9329 2.2
      vertex 1.9 1.90526 2.2
    endloop
  endfacet
  facet normal 0.527971 -0.849262 0
    outer loop
      vertex 1.94446 1.9329 2.2
      vertex 1.9 1.90526 0
      vertex 1.94446 1.9329 0
    endloop
  endfacet
  facet normal -0.0979906 -0.995187 0
    outer loop
      vertex 1.39558 1.80492 0
      vertex 1.44768 1.79979 2.2
      vertex 1.39558 1.80492 2.2
    endloop
  endfacet
  facet normal -0.0979906 -0.995187 -0
    outer loop
      vertex 1.44768 1.79979 2.2
      vertex 1.39558 1.80492 0
      vertex 1.44768 1.79979 0
    endloop
  endfacet
  facet normal -0.956949 0.290255 0
    outer loop
      vertex 0.727259 2.80513 0
      vertex 0.742455 2.85523 2.2
      vertex 0.742455 2.85523 0
    endloop
  endfacet
  facet normal -0.956949 0.290255 0
    outer loop
      vertex 0.742455 2.85523 2.2
      vertex 0.727259 2.80513 0
      vertex 0.727259 2.80513 2.2
    endloop
  endfacet
  facet normal -0.162943 -0.986636 0
    outer loop
      vertex 1.34393 1.81345 0
      vertex 1.39558 1.80492 2.2
      vertex 1.34393 1.81345 2.2
    endloop
  endfacet
  facet normal -0.162943 -0.986636 -0
    outer loop
      vertex 1.39558 1.80492 2.2
      vertex 1.34393 1.81345 0
      vertex 1.39558 1.80492 0
    endloop
  endfacet
  facet normal -0.032666 -0.999466 0
    outer loop
      vertex 1.44768 1.79979 0
      vertex 1.5 1.79808 2.2
      vertex 1.44768 1.79979 2.2
    endloop
  endfacet
  facet normal -0.032666 -0.999466 -0
    outer loop
      vertex 1.5 1.79808 2.2
      vertex 1.44768 1.79979 0
      vertex 1.5 1.79808 0
    endloop
  endfacet
  facet normal 0.290204 -0.956965 0
    outer loop
      vertex 1.70706 1.82534 0
      vertex 1.75715 1.84053 2.2
      vertex 1.70706 1.82534 2.2
    endloop
  endfacet
  facet normal 0.290204 -0.956965 0
    outer loop
      vertex 1.75715 1.84053 2.2
      vertex 1.70706 1.82534 0
      vertex 1.75715 1.84053 0
    endloop
  endfacet
  facet normal 0.956928 0.290325 0
    outer loop
      vertex 2.27274 2.80513 2.4
      vertex 2.25754 2.85523 0
      vertex 2.25754 2.85523 2.4
    endloop
  endfacet
  facet normal 0.956928 0.290325 0
    outer loop
      vertex 2.25754 2.85523 0
      vertex 2.27274 2.80513 2.4
      vertex 2.27274 2.80513 0
    endloop
  endfacet
  facet normal -0.93589 -0.352291 0
    outer loop
      vertex 0.760896 2.29193 0
      vertex 0.742455 2.34092 2.2
      vertex 0.742455 2.34092 0
    endloop
  endfacet
  facet normal -0.93589 -0.352291 0
    outer loop
      vertex 0.742455 2.34092 2.2
      vertex 0.760896 2.29193 0
      vertex 0.760896 2.29193 2.2
    endloop
  endfacet
  facet normal 0.812764 -0.582593 0
    outer loop
      vertex 2.13468 2.11107 2.2
      vertex 2.16518 2.15362 0
      vertex 2.16518 2.15362 2.2
    endloop
  endfacet
  facet normal 0.812764 -0.582593 0
    outer loop
      vertex 2.16518 2.15362 0
      vertex 2.13468 2.11107 2.2
      vertex 2.13468 2.11107 0
    endloop
  endfacet
  facet normal -0.634389 -0.773014 0
    outer loop
      vertex 0.972523 1.9966 0
      vertex 1.01299 1.96339 2.2
      vertex 0.972523 1.9966 2.2
    endloop
  endfacet
  facet normal -0.634389 -0.773014 -0
    outer loop
      vertex 1.01299 1.96339 2.2
      vertex 0.972523 1.9966 0
      vertex 1.01299 1.96339 0
    endloop
  endfacet
  facet normal 0.729936 -0.683515 0
    outer loop
      vertex 2.06569 2.03239 2.2
      vertex 2.10147 2.0706 0
      vertex 2.10147 2.0706 2.2
    endloop
  endfacet
  facet normal 0.729936 -0.683515 0
    outer loop
      vertex 2.10147 2.0706 0
      vertex 2.06569 2.03239 2.2
      vertex 2.06569 2.03239 0
    endloop
  endfacet
  facet normal -0.22691 0.973916 0
    outer loop
      vertex 1.34393 3.3827 0
      vertex 1.29294 3.37082 2.4
      vertex 1.34393 3.3827 2.4
    endloop
  endfacet
  facet normal -0.22691 0.973916 0
    outer loop
      vertex 1.29294 3.37082 2.4
      vertex 1.34393 3.3827 0
      vertex 1.29294 3.37082 0
    endloop
  endfacet
  facet normal -0.773019 -0.634383 0
    outer loop
      vertex 0.898528 2.0706 0
      vertex 0.865316 2.11107 2.2
      vertex 0.865316 2.11107 0
    endloop
  endfacet
  facet normal -0.773019 -0.634383 0
    outer loop
      vertex 0.865316 2.11107 2.2
      vertex 0.898528 2.0706 0
      vertex 0.898528 2.0706 2.2
    endloop
  endfacet
  facet normal 0 0 -1
    outer loop
      vertex 2.29829 2.54575 0
      vertex 2.29829 2.6504 0
      vertex 2.3 2.59808 0
    endloop
  endfacet
  facet normal 0 0 -1
    outer loop
      vertex 2.29316 2.49366 0
      vertex 2.29829 2.6504 0
      vertex 2.29829 2.54575 0
    endloop
  endfacet
  facet normal 0 0 -1
    outer loop
      vertex 2.29316 2.49366 0
      vertex 2.29316 2.7025 0
      vertex 2.29829 2.6504 0
    endloop
  endfacet
  facet normal 0 0 -1
    outer loop
      vertex 2.28463 2.442 0
      vertex 2.29316 2.7025 0
      vertex 2.29316 2.49366 0
    endloop
  endfacet
  facet normal 0 0 -1
    outer loop
      vertex 2.28463 2.442 0
      vertex 2.28463 2.75415 0
      vertex 2.29316 2.7025 0
    endloop
  endfacet
  facet normal 0 0 -1
    outer loop
      vertex 2.27274 2.39102 0
      vertex 2.28463 2.75415 0
      vertex 2.28463 2.442 0
    endloop
  endfacet
  facet normal 0 0 -1
    outer loop
      vertex 2.27274 2.39102 0
      vertex 2.27274 2.80513 0
      vertex 2.28463 2.75415 0
    endloop
  endfacet
  facet normal 0 0 -1
    outer loop
      vertex 2.25754 2.34092 0
      vertex 2.27274 2.80513 0
      vertex 2.27274 2.39102 0
    endloop
  endfacet
  facet normal 0 0 -1
    outer loop
      vertex 2.25754 2.34092 0
      vertex 2.25754 2.85523 0
      vertex 2.27274 2.80513 0
    endloop
  endfacet
  facet normal 0 0 -1
    outer loop
      vertex 2.2391 2.29193 0
      vertex 2.25754 2.85523 0
      vertex 2.25754 2.34092 0
    endloop
  endfacet
  facet normal 0 0 -1
    outer loop
      vertex 2.2391 2.29193 0
      vertex 2.2391 2.90422 0
      vertex 2.25754 2.85523 0
    endloop
  endfacet
  facet normal 0 0 -1
    outer loop
      vertex 2.2175 2.24424 0
      vertex 2.2391 2.90422 0
      vertex 2.2391 2.29193 0
    endloop
  endfacet
  facet normal 0 0 -1
    outer loop
      vertex 2.2175 2.24424 0
      vertex 2.2175 2.95191 0
      vertex 2.2391 2.90422 0
    endloop
  endfacet
  facet normal 0 0 -1
    outer loop
      vertex 2.19282 2.19808 0
      vertex 2.2175 2.95191 0
      vertex 2.2175 2.24424 0
    endloop
  endfacet
  facet normal 0 0 -1
    outer loop
      vertex 2.19282 2.19808 0
      vertex 2.19282 2.99808 0
      vertex 2.2175 2.95191 0
    endloop
  endfacet
  facet normal 0 0 -1
    outer loop
      vertex 2.16518 2.15362 0
      vertex 2.19282 2.99808 0
      vertex 2.19282 2.19808 0
    endloop
  endfacet
  facet normal 0 0 -1
    outer loop
      vertex 2.16518 2.15362 0
      vertex 2.16518 3.04253 0
      vertex 2.19282 2.99808 0
    endloop
  endfacet
  facet normal 0 0 -1
    outer loop
      vertex 2.13468 2.11107 0
      vertex 2.16518 3.04253 0
      vertex 2.16518 2.15362 0
    endloop
  endfacet
  facet normal 0 0 -1
    outer loop
      vertex 2.13468 2.11107 0
      vertex 2.13468 3.08508 0
      vertex 2.16518 3.04253 0
    endloop
  endfacet
  facet normal 0 0 -1
    outer loop
      vertex 2.10147 2.0706 0
      vertex 2.13468 3.08508 0
      vertex 2.13468 2.11107 0
    endloop
  endfacet
  facet normal 0 0 -1
    outer loop
      vertex 2.10147 2.0706 0
      vertex 2.10147 3.12555 0
      vertex 2.13468 3.08508 0
    endloop
  endfacet
  facet normal 0 0 -1
    outer loop
      vertex 2.06569 2.03239 0
      vertex 2.10147 3.12555 0
      vertex 2.10147 2.0706 0
    endloop
  endfacet
  facet normal 0 0 -1
    outer loop
      vertex 2.06569 2.03239 0
      vertex 2.06569 3.16376 0
      vertex 2.10147 3.12555 0
    endloop
  endfacet
  facet normal 0 0 -1
    outer loop
      vertex 2.02748 1.9966 0
      vertex 2.06569 3.16376 0
      vertex 2.06569 2.03239 0
    endloop
  endfacet
  facet normal 0 0 -1
    outer loop
      vertex 2.02748 1.9966 0
      vertex 2.02748 3.19955 0
      vertex 2.06569 3.16376 0
    endloop
  endfacet
  facet normal 0 0 -1
    outer loop
      vertex 1.98701 1.96339 0
      vertex 2.02748 3.19955 0
      vertex 2.02748 1.9966 0
    endloop
  endfacet
  facet normal 0 0 -1
    outer loop
      vertex 1.98701 1.96339 0
      vertex 1.98701 3.23276 0
      vertex 2.02748 3.19955 0
    endloop
  endfacet
  facet normal 0 0 -1
    outer loop
      vertex 1.94446 1.9329 0
      vertex 1.98701 3.23276 0
      vertex 1.98701 1.96339 0
    endloop
  endfacet
  facet normal 0 0 -1
    outer loop
      vertex 1.94446 1.9329 0
      vertex 1.94446 3.26325 0
      vertex 1.98701 3.23276 0
    endloop
  endfacet
  facet normal 0 0 -1
    outer loop
      vertex 1.9 1.90526 0
      vertex 1.94446 3.26325 0
      vertex 1.94446 1.9329 0
    endloop
  endfacet
  facet normal 0 0 -1
    outer loop
      vertex 1.9 1.90526 0
      vertex 1.9 3.2909 0
      vertex 1.94446 3.26325 0
    endloop
  endfacet
  facet normal 0 0 -1
    outer loop
      vertex 1.85383 1.88058 0
      vertex 1.9 3.2909 0
      vertex 1.9 1.90526 0
    endloop
  endfacet
  facet normal 0 0 -1
    outer loop
      vertex 1.85383 1.88058 0
      vertex 1.85383 3.31557 0
      vertex 1.9 3.2909 0
    endloop
  endfacet
  facet normal 0 0 -1
    outer loop
      vertex 1.80615 1.85897 0
      vertex 1.85383 3.31557 0
      vertex 1.85383 1.88058 0
    endloop
  endfacet
  facet normal 0 0 -1
    outer loop
      vertex 1.80615 1.85897 0
      vertex 1.80615 3.33718 0
      vertex 1.85383 3.31557 0
    endloop
  endfacet
  facet normal 0 0 -1
    outer loop
      vertex 1.75715 1.84053 0
      vertex 1.80615 3.33718 0
      vertex 1.80615 1.85897 0
    endloop
  endfacet
  facet normal 0 0 -1
    outer loop
      vertex 1.75715 1.84053 0
      vertex 1.75715 3.35562 0
      vertex 1.80615 3.33718 0
    endloop
  endfacet
  facet normal 0 0 -1
    outer loop
      vertex 1.70706 1.82534 0
      vertex 1.75715 3.35562 0
      vertex 1.75715 1.84053 0
    endloop
  endfacet
  facet normal 0 0 -1
    outer loop
      vertex 1.70706 1.82534 0
      vertex 1.70706 3.37082 0
      vertex 1.75715 3.35562 0
    endloop
  endfacet
  facet normal 0 0 -1
    outer loop
      vertex 1.65607 1.81345 0
      vertex 1.70706 3.37082 0
      vertex 1.70706 1.82534 0
    endloop
  endfacet
  facet normal 0 0 -1
    outer loop
      vertex 1.65607 1.81345 0
      vertex 1.65607 3.3827 0
      vertex 1.70706 3.37082 0
    endloop
  endfacet
  facet normal 0 0 -1
    outer loop
      vertex 1.60442 1.80492 0
      vertex 1.65607 3.3827 0
      vertex 1.65607 1.81345 0
    endloop
  endfacet
  facet normal 0 0 -1
    outer loop
      vertex 1.60442 1.80492 0
      vertex 1.60442 3.39123 0
      vertex 1.65607 3.3827 0
    endloop
  endfacet
  facet normal 0 0 -1
    outer loop
      vertex 1.55232 1.79979 0
      vertex 1.60442 3.39123 0
      vertex 1.60442 1.80492 0
    endloop
  endfacet
  facet normal 0 0 -1
    outer loop
      vertex 1.55232 1.79979 0
      vertex 1.55232 3.39636 0
      vertex 1.60442 3.39123 0
    endloop
  endfacet
  facet normal 0 0 -1
    outer loop
      vertex 1.5 1.79808 0
      vertex 1.55232 3.39636 0
      vertex 1.55232 1.79979 0
    endloop
  endfacet
  facet normal 0 0 -1
    outer loop
      vertex 1.5 1.79808 0
      vertex 1.5 3.39808 0
      vertex 1.55232 3.39636 0
    endloop
  endfacet
  facet normal 0 0 -1
    outer loop
      vertex 1.44768 1.79979 0
      vertex 1.5 3.39808 0
      vertex 1.5 1.79808 0
    endloop
  endfacet
  facet normal 0 0 -1
    outer loop
      vertex 1.44768 1.79979 0
      vertex 1.44768 3.39636 0
      vertex 1.5 3.39808 0
    endloop
  endfacet
  facet normal 0 0 -1
    outer loop
      vertex 1.39558 1.80492 0
      vertex 1.44768 3.39636 0
      vertex 1.44768 1.79979 0
    endloop
  endfacet
  facet normal 0 0 -1
    outer loop
      vertex 1.39558 1.80492 0
      vertex 1.39558 3.39123 0
      vertex 1.44768 3.39636 0
    endloop
  endfacet
  facet normal 0 0 -1
    outer loop
      vertex 1.34393 1.81345 0
      vertex 1.39558 3.39123 0
      vertex 1.39558 1.80492 0
    endloop
  endfacet
  facet normal 0 0 -1
    outer loop
      vertex 1.34393 1.81345 0
      vertex 1.34393 3.3827 0
      vertex 1.39558 3.39123 0
    endloop
  endfacet
  facet normal 0 0 -1
    outer loop
      vertex 1.29294 1.82534 0
      vertex 1.34393 3.3827 0
      vertex 1.34393 1.81345 0
    endloop
  endfacet
  facet normal 0 0 -1
    outer loop
      vertex 1.29294 1.82534 0
      vertex 1.29294 3.37082 0
      vertex 1.34393 3.3827 0
    endloop
  endfacet
  facet normal 0 0 -1
    outer loop
      vertex 1.24285 1.84053 0
      vertex 1.29294 3.37082 0
      vertex 1.29294 1.82534 0
    endloop
  endfacet
  facet normal 0 0 -1
    outer loop
      vertex 1.24285 1.84053 0
      vertex 1.24285 3.35562 0
      vertex 1.29294 3.37082 0
    endloop
  endfacet
  facet normal 0 0 -1
    outer loop
      vertex 1.19385 1.85897 0
      vertex 1.24285 3.35562 0
      vertex 1.24285 1.84053 0
    endloop
  endfacet
  facet normal 0 0 -1
    outer loop
      vertex 1.19385 1.85897 0
      vertex 1.19385 3.33718 0
      vertex 1.24285 3.35562 0
    endloop
  endfacet
  facet normal 0 0 -1
    outer loop
      vertex 1.14617 1.88058 0
      vertex 1.19385 3.33718 0
      vertex 1.19385 1.85897 0
    endloop
  endfacet
  facet normal 0 0 -1
    outer loop
      vertex 1.14617 1.88058 0
      vertex 1.14617 3.31557 0
      vertex 1.19385 3.33718 0
    endloop
  endfacet
  facet normal 0 0 -1
    outer loop
      vertex 1.1 1.90526 0
      vertex 1.14617 3.31557 0
      vertex 1.14617 1.88058 0
    endloop
  endfacet
  facet normal 0 0 -1
    outer loop
      vertex 1.1 1.90526 0
      vertex 1.1 3.2909 0
      vertex 1.14617 3.31557 0
    endloop
  endfacet
  facet normal 0 0 -1
    outer loop
      vertex 1.05554 1.9329 0
      vertex 1.1 3.2909 0
      vertex 1.1 1.90526 0
    endloop
  endfacet
  facet normal 0 0 -1
    outer loop
      vertex 1.05554 1.9329 0
      vertex 1.05554 3.26325 0
      vertex 1.1 3.2909 0
    endloop
  endfacet
  facet normal 0 0 -1
    outer loop
      vertex 1.01299 1.96339 0
      vertex 1.05554 3.26325 0
      vertex 1.05554 1.9329 0
    endloop
  endfacet
  facet normal 0 0 -1
    outer loop
      vertex 1.01299 1.96339 0
      vertex 1.01299 3.23276 0
      vertex 1.05554 3.26325 0
    endloop
  endfacet
  facet normal 0 0 -1
    outer loop
      vertex 0.972523 1.9966 0
      vertex 1.01299 3.23276 0
      vertex 1.01299 1.96339 0
    endloop
  endfacet
  facet normal 0 0 -1
    outer loop
      vertex 0.972523 1.9966 0
      vertex 0.972523 3.19955 0
      vertex 1.01299 3.23276 0
    endloop
  endfacet
  facet normal 0 0 -1
    outer loop
      vertex 0.934314 2.03239 0
      vertex 0.972523 3.19955 0
      vertex 0.972523 1.9966 0
    endloop
  endfacet
  facet normal 0 0 -1
    outer loop
      vertex 0.934314 2.03239 0
      vertex 0.934314 3.16376 0
      vertex 0.972523 3.19955 0
    endloop
  endfacet
  facet normal 0 0 -1
    outer loop
      vertex 0.898528 2.0706 0
      vertex 0.934314 3.16376 0
      vertex 0.934314 2.03239 0
    endloop
  endfacet
  facet normal 0 0 -1
    outer loop
      vertex 0.898528 2.0706 0
      vertex 0.898528 3.12555 0
      vertex 0.934314 3.16376 0
    endloop
  endfacet
  facet normal 0 0 -1
    outer loop
      vertex 0.865316 2.11107 0
      vertex 0.898528 3.12555 0
      vertex 0.898528 2.0706 0
    endloop
  endfacet
  facet normal 0 0 -1
    outer loop
      vertex 0.865316 2.11107 0
      vertex 0.865316 3.08508 0
      vertex 0.898528 3.12555 0
    endloop
  endfacet
  facet normal 0 0 -1
    outer loop
      vertex 0.834824 2.15362 0
      vertex 0.865316 3.08508 0
      vertex 0.865316 2.11107 0
    endloop
  endfacet
  facet normal 0 0 -1
    outer loop
      vertex 0.834824 2.15362 0
      vertex 0.834824 3.04253 0
      vertex 0.865316 3.08508 0
    endloop
  endfacet
  facet normal 0 0 -1
    outer loop
      vertex 0.807179 2.19808 0
      vertex 0.834824 3.04253 0
      vertex 0.834824 2.15362 0
    endloop
  endfacet
  facet normal 0 0 -1
    outer loop
      vertex 0.807179 2.19808 0
      vertex 0.807179 2.99808 0
      vertex 0.834824 3.04253 0
    endloop
  endfacet
  facet normal 0 0 -1
    outer loop
      vertex 0.782501 2.24424 0
      vertex 0.807179 2.99808 0
      vertex 0.807179 2.19808 0
    endloop
  endfacet
  facet normal 0 0 -1
    outer loop
      vertex 0.782501 2.24424 0
      vertex 0.782501 2.95191 0
      vertex 0.807179 2.99808 0
    endloop
  endfacet
  facet normal 0 0 -1
    outer loop
      vertex 0.760896 2.29193 0
      vertex 0.782501 2.95191 0
      vertex 0.782501 2.24424 0
    endloop
  endfacet
  facet normal 0 0 -1
    outer loop
      vertex 0.760896 2.29193 0
      vertex 0.760896 2.90422 0
      vertex 0.782501 2.95191 0
    endloop
  endfacet
  facet normal 0 0 -1
    outer loop
      vertex 0.742455 2.34092 0
      vertex 0.760896 2.90422 0
      vertex 0.760896 2.29193 0
    endloop
  endfacet
  facet normal 0 0 -1
    outer loop
      vertex 0.742455 2.34092 0
      vertex 0.742455 2.85523 0
      vertex 0.760896 2.90422 0
    endloop
  endfacet
  facet normal 0 0 -1
    outer loop
      vertex 0.727259 2.39102 0
      vertex 0.742455 2.85523 0
      vertex 0.742455 2.34092 0
    endloop
  endfacet
  facet normal 0 0 -1
    outer loop
      vertex 0.727259 2.39102 0
      vertex 0.727259 2.80513 0
      vertex 0.742455 2.85523 0
    endloop
  endfacet
  facet normal 0 0 -1
    outer loop
      vertex 0.715371 2.442 0
      vertex 0.727259 2.80513 0
      vertex 0.727259 2.39102 0
    endloop
  endfacet
  facet normal 0 0 -1
    outer loop
      vertex 0.715371 2.442 0
      vertex 0.715371 2.75415 0
      vertex 0.727259 2.80513 0
    endloop
  endfacet
  facet normal 0 0 -1
    outer loop
      vertex 0.706843 2.49366 0
      vertex 0.715371 2.75415 0
      vertex 0.715371 2.442 0
    endloop
  endfacet
  facet normal 0 0 -1
    outer loop
      vertex 0.706843 2.49366 0
      vertex 0.706843 2.7025 0
      vertex 0.715371 2.75415 0
    endloop
  endfacet
  facet normal 0 0 -1
    outer loop
      vertex 0.701713 2.54575 0
      vertex 0.706843 2.7025 0
      vertex 0.706843 2.49366 0
    endloop
  endfacet
  facet normal 0 0 -1
    outer loop
      vertex 0.701713 2.54575 0
      vertex 0.701713 2.6504 0
      vertex 0.706843 2.7025 0
    endloop
  endfacet
  facet normal 0 -0 -1
    outer loop
      vertex 0.701713 2.6504 0
      vertex 0.701713 2.54575 0
      vertex 0.7 2.59808 0
    endloop
  endfacet
  facet normal 0.032666 -0.999466 0
    outer loop
      vertex 1.5 1.79808 0
      vertex 1.55232 1.79979 2.2
      vertex 1.5 1.79808 2.2
    endloop
  endfacet
  facet normal 0.032666 -0.999466 0
    outer loop
      vertex 1.55232 1.79979 2.2
      vertex 1.5 1.79808 0
      vertex 1.55232 1.79979 0
    endloop
  endfacet
  facet normal 0.352212 -0.93592 0
    outer loop
      vertex 1.75715 1.84053 0
      vertex 1.80615 1.85897 2.2
      vertex 1.75715 1.84053 2.2
    endloop
  endfacet
  facet normal 0.352212 -0.93592 0
    outer loop
      vertex 1.80615 1.85897 2.2
      vertex 1.75715 1.84053 0
      vertex 1.80615 1.85897 0
    endloop
  endfacet
  facet normal 0.41281 -0.910817 0
    outer loop
      vertex 1.80615 1.85897 0
      vertex 1.85383 1.88058 2.2
      vertex 1.80615 1.85897 2.2
    endloop
  endfacet
  facet normal 0.41281 -0.910817 0
    outer loop
      vertex 1.85383 1.88058 2.2
      vertex 1.80615 1.85897 0
      vertex 1.85383 1.88058 0
    endloop
  endfacet
  facet normal 0 0 1
    outer loop
      vertex 2.13066 2.77674 2.4
      vertex 2.29829 2.6504 2.4
      vertex 2.29316 2.7025 2.4
    endloop
  endfacet
  facet normal 0 0 1
    outer loop
      vertex 2.13066 2.77674 2.4
      vertex 2.29316 2.7025 2.4
      vertex 2.28463 2.75415 2.4
    endloop
  endfacet
  facet normal -0 0 1
    outer loop
      vertex 2.13066 2.77674 2.4
      vertex 2.28463 2.75415 2.4
      vertex 2.27274 2.80513 2.4
    endloop
  endfacet
  facet normal 0 0 1
    outer loop
      vertex 2.13066 2.77674 2.4
      vertex 2.27274 2.80513 2.4
      vertex 2.25754 2.85523 2.4
    endloop
  endfacet
  facet normal 0 0 1
    outer loop
      vertex 2.13066 2.77674 2.4
      vertex 2.25754 2.85523 2.4
      vertex 2.2391 2.90422 2.4
    endloop
  endfacet
  facet normal 0 0 1
    outer loop
      vertex 2.13066 2.77674 2.4
      vertex 2.2391 2.90422 2.4
      vertex 2.2175 2.95191 2.4
    endloop
  endfacet
  facet normal 0 0 1
    outer loop
      vertex 1.9445 2.91014 2.4
      vertex 2.2175 2.95191 2.4
      vertex 2.19282 2.99808 2.4
    endloop
  endfacet
  facet normal 0 0 1
    outer loop
      vertex 1.9445 2.91014 2.4
      vertex 2.19282 2.99808 2.4
      vertex 2.16518 3.04253 2.4
    endloop
  endfacet
  facet normal 0 0 1
    outer loop
      vertex 1.9445 2.91014 2.4
      vertex 2.16518 3.04253 2.4
      vertex 2.13468 3.08508 2.4
    endloop
  endfacet
  facet normal 0 0 1
    outer loop
      vertex 2.29829 2.6504 2.4
      vertex 2.13066 2.77674 2.4
      vertex 2.29866 2.63886 2.4
    endloop
  endfacet
  facet normal 0 0 1
    outer loop
      vertex 1.9445 2.91014 2.4
      vertex 2.13468 3.08508 2.4
      vertex 2.10147 3.12555 2.4
    endloop
  endfacet
  facet normal 0 0 1
    outer loop
      vertex 1.9445 2.91014 2.4
      vertex 2.10147 3.12555 2.4
      vertex 2.06569 3.16376 2.4
    endloop
  endfacet
  facet normal 0 0 1
    outer loop
      vertex 1.9445 2.91014 2.4
      vertex 2.06569 3.16376 2.4
      vertex 2.02748 3.19955 2.4
    endloop
  endfacet
  facet normal 0 0 1
    outer loop
      vertex 1.75 3.03109 2.4
      vertex 2.02748 3.19955 2.4
      vertex 1.98701 3.23276 2.4
    endloop
  endfacet
  facet normal 0 0 1
    outer loop
      vertex 2.2175 2.95191 2.4
      vertex 1.9445 2.91014 2.4
      vertex 2.13066 2.77674 2.4
    endloop
  endfacet
  facet normal 0 0 1
    outer loop
      vertex 1.75 3.03109 2.4
      vertex 1.98701 3.23276 2.4
      vertex 1.94446 3.26325 2.4
    endloop
  endfacet
  facet normal 0 0 1
    outer loop
      vertex 1.75 3.03109 2.4
      vertex 1.94446 3.26325 2.4
      vertex 1.9 3.2909 2.4
    endloop
  endfacet
  facet normal 0 0 1
    outer loop
      vertex 1.75 3.03109 2.4
      vertex 1.9 3.2909 2.4
      vertex 1.85383 3.31557 2.4
    endloop
  endfacet
  facet normal 0 0 1
    outer loop
      vertex 1.75 3.03109 2.4
      vertex 1.85383 3.31557 2.4
      vertex 1.80615 3.33718 2.4
    endloop
  endfacet
  facet normal 0 0 1
    outer loop
      vertex 1.75 3.03109 2.4
      vertex 1.80615 3.33718 2.4
      vertex 1.75715 3.35562 2.4
    endloop
  endfacet
  facet normal 0 0 1
    outer loop
      vertex 2.02748 3.19955 2.4
      vertex 1.75 3.03109 2.4
      vertex 1.9445 2.91014 2.4
    endloop
  endfacet
  facet normal 0 0 1
    outer loop
      vertex 1.54801 3.13905 2.4
      vertex 1.75715 3.35562 2.4
      vertex 1.70706 3.37082 2.4
    endloop
  endfacet
  facet normal 0 0 1
    outer loop
      vertex 1.54801 3.13905 2.4
      vertex 1.70706 3.37082 2.4
      vertex 1.65607 3.3827 2.4
    endloop
  endfacet
  facet normal 0 0 1
    outer loop
      vertex 1.54801 3.13905 2.4
      vertex 1.65607 3.3827 2.4
      vertex 1.60442 3.39123 2.4
    endloop
  endfacet
  facet normal 0 0 1
    outer loop
      vertex 1.54801 3.13905 2.4
      vertex 1.60442 3.39123 2.4
      vertex 1.55232 3.39636 2.4
    endloop
  endfacet
  facet normal 0 0 1
    outer loop
      vertex 1.75715 3.35562 2.4
      vertex 1.54801 3.13905 2.4
      vertex 1.75 3.03109 2.4
    endloop
  endfacet
  facet normal 0 0 1
    outer loop
      vertex 1.5 3.39808 2.4
      vertex 1.54801 3.13905 2.4
      vertex 1.55232 3.39636 2.4
    endloop
  endfacet
  facet normal -0 0 1
    outer loop
      vertex 1.44768 3.39636 2.4
      vertex 1.54801 3.13905 2.4
      vertex 1.5 3.39808 2.4
    endloop
  endfacet
  facet normal 0 0 1
    outer loop
      vertex 1.33939 3.23358 2.4
      vertex 1.44768 3.39636 2.4
      vertex 1.39558 3.39123 2.4
    endloop
  endfacet
  facet normal 0 0 1
    outer loop
      vertex 1.33939 3.23358 2.4
      vertex 1.39558 3.39123 2.4
      vertex 1.34393 3.3827 2.4
    endloop
  endfacet
  facet normal 0 0 1
    outer loop
      vertex 1.44768 3.39636 2.4
      vertex 1.33939 3.23358 2.4
      vertex 1.54801 3.13905 2.4
    endloop
  endfacet
  facet normal -0 0 1
    outer loop
      vertex 1.29294 3.37082 2.4
      vertex 1.33939 3.23358 2.4
      vertex 1.34393 3.3827 2.4
    endloop
  endfacet
  facet normal -0 0 1
    outer loop
      vertex 1.24285 3.35562 2.4
      vertex 1.33939 3.23358 2.4
      vertex 1.29294 3.37082 2.4
    endloop
  endfacet
  facet normal -0 0 1
    outer loop
      vertex 1.19385 3.33718 2.4
      vertex 1.33939 3.23358 2.4
      vertex 1.24285 3.35562 2.4
    endloop
  endfacet
  facet normal -0 0 1
    outer loop
      vertex 1.14617 3.31557 2.4
      vertex 1.33939 3.23358 2.4
      vertex 1.19385 3.33718 2.4
    endloop
  endfacet
  facet normal 0 0 1
    outer loop
      vertex 1.33939 3.23358 2.4
      vertex 1.14617 3.31557 2.4
      vertex 1.13599 3.31013 2.4
    endloop
  endfacet
  facet normal 0.973872 0.227097 0
    outer loop
      vertex -0.715371 2.75415 2.2
      vertex -0.727259 2.80513 0
      vertex -0.727259 2.80513 2.2
    endloop
  endfacet
  facet normal 0.973872 0.227097 0
    outer loop
      vertex -0.727259 2.80513 0
      vertex -0.715371 2.75415 2.2
      vertex -0.715371 2.75415 0
    endloop
  endfacet
  facet normal -0.582466 0.812855 0
    outer loop
      vertex -1.94446 3.26325 0
      vertex -1.98701 3.23276 2.4
      vertex -1.94446 3.26325 2.4
    endloop
  endfacet
  facet normal -0.582466 0.812855 0
    outer loop
      vertex -1.98701 3.23276 2.4
      vertex -1.94446 3.26325 0
      vertex -1.98701 3.23276 0
    endloop
  endfacet
  facet normal -0.528109 0.849177 0
    outer loop
      vertex -1.9 3.2909 0
      vertex -1.94446 3.26325 2.4
      vertex -1.9 3.2909 2.4
    endloop
  endfacet
  facet normal -0.528109 0.849177 0
    outer loop
      vertex -1.94446 3.26325 2.4
      vertex -1.9 3.2909 0
      vertex -1.94446 3.26325 0
    endloop
  endfacet
  facet normal -0.0979906 0.995187 0
    outer loop
      vertex -1.55232 3.39636 0
      vertex -1.60442 3.39123 2.4
      vertex -1.55232 3.39636 2.4
    endloop
  endfacet
  facet normal -0.0979906 0.995187 0
    outer loop
      vertex -1.60442 3.39123 2.4
      vertex -1.55232 3.39636 0
      vertex -1.60442 3.39123 0
    endloop
  endfacet
  facet normal -0.995187 0.0979906 0
    outer loop
      vertex -2.29829 2.6504 0
      vertex -2.29316 2.7025 2.4
      vertex -2.29316 2.7025 0
    endloop
  endfacet
  facet normal -0.995187 0.0979906 0
    outer loop
      vertex -2.29316 2.7025 2.4
      vertex -2.29829 2.6504 0
      vertex -2.29829 2.6504 2.4
    endloop
  endfacet
  facet normal -0.352212 0.93592 0
    outer loop
      vertex -1.75715 3.35562 0
      vertex -1.80615 3.33718 2.4
      vertex -1.75715 3.35562 2.4
    endloop
  endfacet
  facet normal -0.352212 0.93592 0
    outer loop
      vertex -1.80615 3.33718 2.4
      vertex -1.75715 3.35562 0
      vertex -1.80615 3.33718 0
    endloop
  endfacet
  facet normal -0.729936 -0.683515 0
    outer loop
      vertex -2.06569 2.03239 0
      vertex -2.10147 2.0706 2.2
      vertex -2.10147 2.0706 0
    endloop
  endfacet
  facet normal -0.729936 -0.683515 0
    outer loop
      vertex -2.10147 2.0706 2.2
      vertex -2.06569 2.03239 0
      vertex -2.06569 2.03239 2.2
    endloop
  endfacet
  facet normal 0.41281 0.910817 -0
    outer loop
      vertex -1.14617 3.31557 0
      vertex -1.19385 3.33718 2.4
      vertex -1.14617 3.31557 2.4
    endloop
  endfacet
  facet normal 0.41281 0.910817 0
    outer loop
      vertex -1.19385 3.33718 2.4
      vertex -1.14617 3.31557 0
      vertex -1.19385 3.33718 0
    endloop
  endfacet
  facet normal -0.881908 0.471421 0
    outer loop
      vertex -2.2175 2.95191 0
      vertex -2.19282 2.99808 2.4
      vertex -2.19282 2.99808 0
    endloop
  endfacet
  facet normal -0.881908 0.471421 0
    outer loop
      vertex -2.19282 2.99808 2.4
      vertex -2.2175 2.95191 0
      vertex -2.2175 2.95191 2.4
    endloop
  endfacet
  facet normal 0.910886 -0.412659 0
    outer loop
      vertex -0.782501 2.24424 2.2
      vertex -0.760896 2.29193 0
      vertex -0.760896 2.29193 2.2
    endloop
  endfacet
  facet normal 0.910886 -0.412659 0
    outer loop
      vertex -0.760896 2.29193 0
      vertex -0.782501 2.24424 2.2
      vertex -0.782501 2.24424 0
    endloop
  endfacet
  facet normal 0.582466 0.812855 -0
    outer loop
      vertex -1.01299 3.23276 0
      vertex -1.05554 3.26325 2.2
      vertex -1.01299 3.23276 2.2
    endloop
  endfacet
  facet normal 0.582466 0.812855 0
    outer loop
      vertex -1.05554 3.26325 2.2
      vertex -1.01299 3.23276 0
      vertex -1.05554 3.26325 0
    endloop
  endfacet
  facet normal -0.290379 0.956912 0
    outer loop
      vertex -1.70706 3.37082 0
      vertex -1.75715 3.35562 2.4
      vertex -1.70706 3.37082 2.4
    endloop
  endfacet
  facet normal -0.290379 0.956912 0
    outer loop
      vertex -1.75715 3.35562 2.4
      vertex -1.70706 3.37082 0
      vertex -1.75715 3.35562 0
    endloop
  endfacet
  facet normal 0.290379 0.956912 -0
    outer loop
      vertex -1.24285 3.35562 0
      vertex -1.29294 3.37082 2.4
      vertex -1.24285 3.35562 2.4
    endloop
  endfacet
  facet normal 0.290379 0.956912 0
    outer loop
      vertex -1.29294 3.37082 2.4
      vertex -1.24285 3.35562 0
      vertex -1.29294 3.37082 0
    endloop
  endfacet
  facet normal 0.881882 -0.471471 0
    outer loop
      vertex -0.807179 2.19808 2.2
      vertex -0.782501 2.24424 0
      vertex -0.782501 2.24424 2.2
    endloop
  endfacet
  facet normal 0.881882 -0.471471 0
    outer loop
      vertex -0.782501 2.24424 0
      vertex -0.807179 2.19808 2.2
      vertex -0.807179 2.19808 0
    endloop
  endfacet
  facet normal 0.683627 0.729832 -0
    outer loop
      vertex -0.934314 3.16376 0
      vertex -0.972523 3.19955 2.2
      vertex -0.934314 3.16376 2.2
    endloop
  endfacet
  facet normal 0.683627 0.729832 0
    outer loop
      vertex -0.972523 3.19955 2.2
      vertex -0.934314 3.16376 0
      vertex -0.972523 3.19955 0
    endloop
  endfacet
  facet normal -0.0328569 0.99946 0
    outer loop
      vertex -1.5 3.39808 0
      vertex -1.55232 3.39636 2.4
      vertex -1.5 3.39808 2.4
    endloop
  endfacet
  facet normal -0.0328569 0.99946 0
    outer loop
      vertex -1.55232 3.39636 2.4
      vertex -1.5 3.39808 0
      vertex -1.55232 3.39636 0
    endloop
  endfacet
  facet normal 0 0 1
    outer loop
      vertex -1.33939 3.23358 2.4
      vertex -1.14617 3.31557 2.4
      vertex -1.19385 3.33718 2.4
    endloop
  endfacet
  facet normal 0 0 1
    outer loop
      vertex -1.33939 3.23358 2.4
      vertex -1.19385 3.33718 2.4
      vertex -1.24285 3.35562 2.4
    endloop
  endfacet
  facet normal 0 0 1
    outer loop
      vertex -1.33939 3.23358 2.4
      vertex -1.24285 3.35562 2.4
      vertex -1.29294 3.37082 2.4
    endloop
  endfacet
  facet normal 0 0 1
    outer loop
      vertex -1.14617 3.31557 2.4
      vertex -1.33939 3.23358 2.4
      vertex -1.13599 3.31013 2.4
    endloop
  endfacet
  facet normal 0 0 1
    outer loop
      vertex -1.34393 3.3827 2.4
      vertex -1.33939 3.23358 2.4
      vertex -1.29294 3.37082 2.4
    endloop
  endfacet
  facet normal 0 0 1
    outer loop
      vertex -1.39558 3.39123 2.4
      vertex -1.33939 3.23358 2.4
      vertex -1.34393 3.3827 2.4
    endloop
  endfacet
  facet normal 0 0 1
    outer loop
      vertex -1.44768 3.39636 2.4
      vertex -1.33939 3.23358 2.4
      vertex -1.39558 3.39123 2.4
    endloop
  endfacet
  facet normal 0 0 1
    outer loop
      vertex -1.54801 3.13905 2.4
      vertex -1.44768 3.39636 2.4
      vertex -1.5 3.39808 2.4
    endloop
  endfacet
  facet normal 0 0 1
    outer loop
      vertex -1.44768 3.39636 2.4
      vertex -1.54801 3.13905 2.4
      vertex -1.33939 3.23358 2.4
    endloop
  endfacet
  facet normal -0 0 1
    outer loop
      vertex -1.55232 3.39636 2.4
      vertex -1.54801 3.13905 2.4
      vertex -1.5 3.39808 2.4
    endloop
  endfacet
  facet normal -0 0 1
    outer loop
      vertex -1.60442 3.39123 2.4
      vertex -1.54801 3.13905 2.4
      vertex -1.55232 3.39636 2.4
    endloop
  endfacet
  facet normal -0 0 1
    outer loop
      vertex -1.65607 3.3827 2.4
      vertex -1.54801 3.13905 2.4
      vertex -1.60442 3.39123 2.4
    endloop
  endfacet
  facet normal -0 0 1
    outer loop
      vertex -1.70706 3.37082 2.4
      vertex -1.54801 3.13905 2.4
      vertex -1.65607 3.3827 2.4
    endloop
  endfacet
  facet normal -0 0 1
    outer loop
      vertex -1.75715 3.35562 2.4
      vertex -1.54801 3.13905 2.4
      vertex -1.70706 3.37082 2.4
    endloop
  endfacet
  facet normal 0 0 1
    outer loop
      vertex -1.54801 3.13905 2.4
      vertex -1.75715 3.35562 2.4
      vertex -1.75 3.03109 2.4
    endloop
  endfacet
  facet normal -0 0 1
    outer loop
      vertex -1.80615 3.33718 2.4
      vertex -1.75 3.03109 2.4
      vertex -1.75715 3.35562 2.4
    endloop
  endfacet
  facet normal -0 0 1
    outer loop
      vertex -1.85383 3.31557 2.4
      vertex -1.75 3.03109 2.4
      vertex -1.80615 3.33718 2.4
    endloop
  endfacet
  facet normal -0 0 1
    outer loop
      vertex -1.9 3.2909 2.4
      vertex -1.75 3.03109 2.4
      vertex -1.85383 3.31557 2.4
    endloop
  endfacet
  facet normal -0 0 1
    outer loop
      vertex -1.94446 3.26325 2.4
      vertex -1.75 3.03109 2.4
      vertex -1.9 3.2909 2.4
    endloop
  endfacet
  facet normal -0 0 1
    outer loop
      vertex -1.98701 3.23276 2.4
      vertex -1.75 3.03109 2.4
      vertex -1.94446 3.26325 2.4
    endloop
  endfacet
  facet normal -0 0 1
    outer loop
      vertex -2.02748 3.19955 2.4
      vertex -1.75 3.03109 2.4
      vertex -1.98701 3.23276 2.4
    endloop
  endfacet
  facet normal 0 0 1
    outer loop
      vertex -1.75 3.03109 2.4
      vertex -2.02748 3.19955 2.4
      vertex -1.9445 2.91014 2.4
    endloop
  endfacet
  facet normal -0 0 1
    outer loop
      vertex -2.06569 3.16376 2.4
      vertex -1.9445 2.91014 2.4
      vertex -2.02748 3.19955 2.4
    endloop
  endfacet
  facet normal -0 0 1
    outer loop
      vertex -2.10147 3.12555 2.4
      vertex -1.9445 2.91014 2.4
      vertex -2.06569 3.16376 2.4
    endloop
  endfacet
  facet normal -0 0 1
    outer loop
      vertex -2.13468 3.08508 2.4
      vertex -1.9445 2.91014 2.4
      vertex -2.10147 3.12555 2.4
    endloop
  endfacet
  facet normal -0 0 1
    outer loop
      vertex -2.16518 3.04253 2.4
      vertex -1.9445 2.91014 2.4
      vertex -2.13468 3.08508 2.4
    endloop
  endfacet
  facet normal -0 0 1
    outer loop
      vertex -2.19282 2.99808 2.4
      vertex -1.9445 2.91014 2.4
      vertex -2.16518 3.04253 2.4
    endloop
  endfacet
  facet normal -0 0 1
    outer loop
      vertex -2.2175 2.95191 2.4
      vertex -1.9445 2.91014 2.4
      vertex -2.19282 2.99808 2.4
    endloop
  endfacet
  facet normal 0 0 1
    outer loop
      vertex -1.9445 2.91014 2.4
      vertex -2.2175 2.95191 2.4
      vertex -2.13066 2.77674 2.4
    endloop
  endfacet
  facet normal -0 0 1
    outer loop
      vertex -2.2391 2.90422 2.4
      vertex -2.13066 2.77674 2.4
      vertex -2.2175 2.95191 2.4
    endloop
  endfacet
  facet normal -0 0 1
    outer loop
      vertex -2.25754 2.85523 2.4
      vertex -2.13066 2.77674 2.4
      vertex -2.2391 2.90422 2.4
    endloop
  endfacet
  facet normal -0 0 1
    outer loop
      vertex -2.27274 2.80513 2.4
      vertex -2.13066 2.77674 2.4
      vertex -2.25754 2.85523 2.4
    endloop
  endfacet
  facet normal 0 0 1
    outer loop
      vertex -2.28463 2.75415 2.4
      vertex -2.13066 2.77674 2.4
      vertex -2.27274 2.80513 2.4
    endloop
  endfacet
  facet normal 0 0 1
    outer loop
      vertex -2.29316 2.7025 2.4
      vertex -2.13066 2.77674 2.4
      vertex -2.28463 2.75415 2.4
    endloop
  endfacet
  facet normal 0 0 1
    outer loop
      vertex -2.29829 2.6504 2.4
      vertex -2.13066 2.77674 2.4
      vertex -2.29316 2.7025 2.4
    endloop
  endfacet
  facet normal 0 0 1
    outer loop
      vertex -2.13066 2.77674 2.4
      vertex -2.29829 2.6504 2.4
      vertex -2.29866 2.63886 2.4
    endloop
  endfacet
  facet normal -0.910922 0.412579 0
    outer loop
      vertex -2.2391 2.90422 0
      vertex -2.2175 2.95191 2.4
      vertex -2.2175 2.95191 0
    endloop
  endfacet
  facet normal -0.910922 0.412579 0
    outer loop
      vertex -2.2175 2.95191 2.4
      vertex -2.2391 2.90422 0
      vertex -2.2391 2.90422 2.4
    endloop
  endfacet
  facet normal 0.0979906 -0.995187 0
    outer loop
      vertex -1.44768 1.79979 0
      vertex -1.39558 1.80492 2.2
      vertex -1.44768 1.79979 2.2
    endloop
  endfacet
  facet normal 0.0979906 -0.995187 0
    outer loop
      vertex -1.39558 1.80492 2.2
      vertex -1.44768 1.79979 0
      vertex -1.39558 1.80492 0
    endloop
  endfacet
  facet normal 0.032666 -0.999466 0
    outer loop
      vertex -1.5 1.79808 0
      vertex -1.44768 1.79979 2.2
      vertex -1.5 1.79808 2.2
    endloop
  endfacet
  facet normal 0.032666 -0.999466 0
    outer loop
      vertex -1.44768 1.79979 2.2
      vertex -1.5 1.79808 0
      vertex -1.44768 1.79979 0
    endloop
  endfacet
  facet normal 0.812837 0.582492 0
    outer loop
      vertex -0.834824 3.04253 2.2
      vertex -0.865316 3.08508 0
      vertex -0.865316 3.08508 2.2
    endloop
  endfacet
  facet normal 0.812837 0.582492 0
    outer loop
      vertex -0.865316 3.08508 0
      vertex -0.834824 3.04253 2.2
      vertex -0.834824 3.04253 0
    endloop
  endfacet
  facet normal -0.729936 0.683515 0
    outer loop
      vertex -2.10147 3.12555 0
      vertex -2.06569 3.16376 2.4
      vertex -2.06569 3.16376 0
    endloop
  endfacet
  facet normal -0.729936 0.683515 0
    outer loop
      vertex -2.06569 3.16376 2.4
      vertex -2.10147 3.12555 0
      vertex -2.10147 3.12555 2.4
    endloop
  endfacet
  facet normal -0.032666 -0.999466 0
    outer loop
      vertex -1.55232 1.79979 0
      vertex -1.5 1.79808 2.2
      vertex -1.55232 1.79979 2.2
    endloop
  endfacet
  facet normal -0.032666 -0.999466 -0
    outer loop
      vertex -1.5 1.79808 2.2
      vertex -1.55232 1.79979 0
      vertex -1.5 1.79808 0
    endloop
  endfacet
  facet normal -0.471421 -0.881908 0
    outer loop
      vertex -1.9 1.90526 0
      vertex -1.85383 1.88058 2.2
      vertex -1.9 1.90526 2.2
    endloop
  endfacet
  facet normal -0.471421 -0.881908 -0
    outer loop
      vertex -1.85383 1.88058 2.2
      vertex -1.9 1.90526 0
      vertex -1.85383 1.88058 0
    endloop
  endfacet
  facet normal 0.93589 0.352291 0
    outer loop
      vertex -0.742455 2.85523 2.2
      vertex -0.760896 2.90422 0
      vertex -0.760896 2.90422 2.2
    endloop
  endfacet
  facet normal 0.93589 0.352291 0
    outer loop
      vertex -0.760896 2.90422 0
      vertex -0.742455 2.85523 2.2
      vertex -0.742455 2.85523 0
    endloop
  endfacet
  facet normal -0.634361 -0.773037 0
    outer loop
      vertex -2.02748 1.9966 0
      vertex -1.98701 1.96339 2.2
      vertex -2.02748 1.9966 2.2
    endloop
  endfacet
  facet normal -0.634361 -0.773037 -0
    outer loop
      vertex -1.98701 1.96339 2.2
      vertex -2.02748 1.9966 0
      vertex -1.98701 1.96339 0
    endloop
  endfacet
  facet normal -0.999486 0.0320459 0
    outer loop
      vertex -2.29829 2.6504 0
      vertex -2.29866 2.63886 2.2
      vertex -2.29829 2.6504 2.4
    endloop
  endfacet
  facet normal -0.999466 0.032666 3.25618e-06
    outer loop
      vertex -2.3 2.59808 0
      vertex -2.29866 2.63886 2.2
      vertex -2.29829 2.6504 0
    endloop
  endfacet
  facet normal -0.999461 0.0328415 0
    outer loop
      vertex -2.29866 2.63886 2.2
      vertex -2.3 2.59808 0
      vertex -2.3 2.59808 2.2
    endloop
  endfacet
  facet normal -0.999486 0.0320459 0
    outer loop
      vertex -2.29829 2.6504 2.4
      vertex -2.29866 2.63886 2.2
      vertex -2.29866 2.63886 2.4
    endloop
  endfacet
  facet normal 0.956949 0.290255 0
    outer loop
      vertex -0.727259 2.80513 2.2
      vertex -0.742455 2.85523 0
      vertex -0.742455 2.85523 2.2
    endloop
  endfacet
  facet normal 0.956949 0.290255 0
    outer loop
      vertex -0.742455 2.85523 0
      vertex -0.727259 2.80513 2.2
      vertex -0.727259 2.80513 0
    endloop
  endfacet
  facet normal 0.729879 -0.683576 0
    outer loop
      vertex -0.934314 2.03239 2.2
      vertex -0.898528 2.0706 0
      vertex -0.898528 2.0706 2.2
    endloop
  endfacet
  facet normal 0.729879 -0.683576 0
    outer loop
      vertex -0.898528 2.0706 0
      vertex -0.934314 2.03239 2.2
      vertex -0.934314 2.03239 0
    endloop
  endfacet
  facet normal -0.973864 0.227133 0
    outer loop
      vertex -2.28463 2.75415 0
      vertex -2.27274 2.80513 2.4
      vertex -2.27274 2.80513 0
    endloop
  endfacet
  facet normal -0.973864 0.227133 0
    outer loop
      vertex -2.27274 2.80513 2.4
      vertex -2.28463 2.75415 0
      vertex -2.28463 2.75415 2.4
    endloop
  endfacet
  facet normal 0.471262 0.881993 0
    outer loop
      vertex -1.1 3.2909 2.2
      vertex -1.1 3.2909 0
      vertex -1.13599 3.31013 2.2
    endloop
  endfacet
  facet normal 0.471308 0.881969 -0
    outer loop
      vertex -1.13599 3.31013 2.2
      vertex -1.14617 3.31557 2.4
      vertex -1.13599 3.31013 2.4
    endloop
  endfacet
  facet normal 0.471272 0.881988 2.10134e-07
    outer loop
      vertex -1.14617 3.31557 0
      vertex -1.13599 3.31013 2.2
      vertex -1.1 3.2909 0
    endloop
  endfacet
  facet normal 0.471308 0.881969 0
    outer loop
      vertex -1.13599 3.31013 2.2
      vertex -1.14617 3.31557 0
      vertex -1.14617 3.31557 2.4
    endloop
  endfacet
  facet normal -0.162943 -0.986636 0
    outer loop
      vertex -1.65607 1.81345 0
      vertex -1.60442 1.80492 2.2
      vertex -1.65607 1.81345 2.2
    endloop
  endfacet
  facet normal -0.162943 -0.986636 -0
    outer loop
      vertex -1.60442 1.80492 2.2
      vertex -1.65607 1.81345 0
      vertex -1.60442 1.80492 0
    endloop
  endfacet
  facet normal -0.956928 0.290325 0
    outer loop
      vertex -2.27274 2.80513 0
      vertex -2.25754 2.85523 2.4
      vertex -2.25754 2.85523 0
    endloop
  endfacet
  facet normal -0.956928 0.290325 0
    outer loop
      vertex -2.25754 2.85523 2.4
      vertex -2.27274 2.80513 0
      vertex -2.27274 2.80513 2.4
    endloop
  endfacet
  facet normal 0.881924 0.471391 0
    outer loop
      vertex -0.782501 2.95191 2.2
      vertex -0.807179 2.99808 0
      vertex -0.807179 2.99808 2.2
    endloop
  endfacet
  facet normal 0.881924 0.471391 0
    outer loop
      vertex -0.807179 2.99808 0
      vertex -0.782501 2.95191 2.2
      vertex -0.782501 2.95191 0
    endloop
  endfacet
  facet normal 0.471421 -0.881908 0
    outer loop
      vertex -1.14617 1.88058 0
      vertex -1.1 1.90526 2.2
      vertex -1.14617 1.88058 2.2
    endloop
  endfacet
  facet normal 0.471421 -0.881908 0
    outer loop
      vertex -1.1 1.90526 2.2
      vertex -1.14617 1.88058 0
      vertex -1.1 1.90526 0
    endloop
  endfacet
  facet normal -0.227091 -0.973874 0
    outer loop
      vertex -1.70706 1.82534 0
      vertex -1.65607 1.81345 2.2
      vertex -1.70706 1.82534 2.2
    endloop
  endfacet
  facet normal -0.227091 -0.973874 -0
    outer loop
      vertex -1.65607 1.81345 2.2
      vertex -1.70706 1.82534 0
      vertex -1.65607 1.81345 0
    endloop
  endfacet
  facet normal -0.995186 -0.0980092 0
    outer loop
      vertex -2.29316 2.49366 0
      vertex -2.29829 2.54575 2.2
      vertex -2.29829 2.54575 0
    endloop
  endfacet
  facet normal -0.995186 -0.0980092 0
    outer loop
      vertex -2.29829 2.54575 2.2
      vertex -2.29316 2.49366 0
      vertex -2.29316 2.49366 2.2
    endloop
  endfacet
  facet normal -0.986641 -0.162912 0
    outer loop
      vertex -2.28463 2.442 0
      vertex -2.29316 2.49366 2.2
      vertex -2.29316 2.49366 0
    endloop
  endfacet
  facet normal -0.986641 -0.162912 0
    outer loop
      vertex -2.29316 2.49366 2.2
      vertex -2.28463 2.442 0
      vertex -2.28463 2.442 2.2
    endloop
  endfacet
  facet normal 0.582466 -0.812855 0
    outer loop
      vertex -1.05554 1.9329 0
      vertex -1.01299 1.96339 2.2
      vertex -1.05554 1.9329 2.2
    endloop
  endfacet
  facet normal 0.582466 -0.812855 0
    outer loop
      vertex -1.01299 1.96339 2.2
      vertex -1.05554 1.9329 0
      vertex -1.01299 1.96339 0
    endloop
  endfacet
  facet normal 0.634389 0.773014 -0
    outer loop
      vertex -0.972523 3.19955 0
      vertex -1.01299 3.23276 2.2
      vertex -0.972523 3.19955 2.2
    endloop
  endfacet
  facet normal 0.634389 0.773014 0
    outer loop
      vertex -1.01299 3.23276 2.2
      vertex -0.972523 3.19955 0
      vertex -1.01299 3.23276 0
    endloop
  endfacet
  facet normal -0.290204 -0.956965 0
    outer loop
      vertex -1.75715 1.84053 0
      vertex -1.70706 1.82534 2.2
      vertex -1.75715 1.84053 2.2
    endloop
  endfacet
  facet normal -0.290204 -0.956965 -0
    outer loop
      vertex -1.70706 1.82534 2.2
      vertex -1.75715 1.84053 0
      vertex -1.70706 1.82534 0
    endloop
  endfacet
  facet normal -0.986636 0.162943 0
    outer loop
      vertex -2.29316 2.7025 0
      vertex -2.28463 2.75415 2.4
      vertex -2.28463 2.75415 0
    endloop
  endfacet
  facet normal -0.986636 0.162943 0
    outer loop
      vertex -2.28463 2.75415 2.4
      vertex -2.29316 2.7025 0
      vertex -2.29316 2.7025 2.4
    endloop
  endfacet
  facet normal -0.956928 -0.290325 0
    outer loop
      vertex -2.25754 2.34092 0
      vertex -2.27274 2.39102 2.2
      vertex -2.27274 2.39102 0
    endloop
  endfacet
  facet normal -0.956928 -0.290325 0
    outer loop
      vertex -2.27274 2.39102 2.2
      vertex -2.25754 2.34092 0
      vertex -2.25754 2.34092 2.2
    endloop
  endfacet
  facet normal 0.910886 0.412659 0
    outer loop
      vertex -0.760896 2.90422 2.2
      vertex -0.782501 2.95191 0
      vertex -0.782501 2.95191 2.2
    endloop
  endfacet
  facet normal 0.910886 0.412659 0
    outer loop
      vertex -0.782501 2.95191 0
      vertex -0.760896 2.90422 2.2
      vertex -0.760896 2.90422 0
    endloop
  endfacet
  facet normal -0.683617 0.729841 0
    outer loop
      vertex -2.02748 3.19955 0
      vertex -2.06569 3.16376 2.4
      vertex -2.02748 3.19955 2.4
    endloop
  endfacet
  facet normal -0.683617 0.729841 0
    outer loop
      vertex -2.06569 3.16376 2.4
      vertex -2.02748 3.19955 0
      vertex -2.06569 3.16376 0
    endloop
  endfacet
  facet normal -0.973864 -0.227133 0
    outer loop
      vertex -2.27274 2.39102 0
      vertex -2.28463 2.442 2.2
      vertex -2.28463 2.442 0
    endloop
  endfacet
  facet normal -0.973864 -0.227133 0
    outer loop
      vertex -2.28463 2.442 2.2
      vertex -2.27274 2.39102 0
      vertex -2.27274 2.39102 2.2
    endloop
  endfacet
  facet normal 0.162943 0.986636 -0
    outer loop
      vertex -1.34393 3.3827 0
      vertex -1.39558 3.39123 2.4
      vertex -1.34393 3.3827 2.4
    endloop
  endfacet
  facet normal 0.162943 0.986636 0
    outer loop
      vertex -1.39558 3.39123 2.4
      vertex -1.34393 3.3827 0
      vertex -1.39558 3.39123 0
    endloop
  endfacet
  facet normal -0.812764 0.582593 0
    outer loop
      vertex -2.16518 3.04253 0
      vertex -2.13468 3.08508 2.4
      vertex -2.13468 3.08508 0
    endloop
  endfacet
  facet normal -0.812764 0.582593 0
    outer loop
      vertex -2.13468 3.08508 2.4
      vertex -2.16518 3.04253 0
      vertex -2.16518 3.04253 2.4
    endloop
  endfacet
  facet normal 0.352212 -0.93592 0
    outer loop
      vertex -1.24285 1.84053 0
      vertex -1.19385 1.85897 2.2
      vertex -1.24285 1.84053 2.2
    endloop
  endfacet
  facet normal 0.352212 -0.93592 0
    outer loop
      vertex -1.19385 1.85897 2.2
      vertex -1.24285 1.84053 0
      vertex -1.19385 1.85897 0
    endloop
  endfacet
  facet normal -0.812764 -0.582593 0
    outer loop
      vertex -2.13468 2.11107 0
      vertex -2.16518 2.15362 2.2
      vertex -2.16518 2.15362 0
    endloop
  endfacet
  facet normal -0.812764 -0.582593 0
    outer loop
      vertex -2.16518 2.15362 2.2
      vertex -2.13468 2.11107 0
      vertex -2.13468 2.11107 2.2
    endloop
  endfacet
  facet normal -0.22691 0.973916 0
    outer loop
      vertex -1.65607 3.3827 0
      vertex -1.70706 3.37082 2.4
      vertex -1.65607 3.3827 2.4
    endloop
  endfacet
  facet normal -0.22691 0.973916 0
    outer loop
      vertex -1.70706 3.37082 2.4
      vertex -1.65607 3.3827 0
      vertex -1.70706 3.37082 0
    endloop
  endfacet
  facet normal -0.683617 -0.729841 0
    outer loop
      vertex -2.06569 2.03239 0
      vertex -2.02748 1.9966 2.2
      vertex -2.06569 2.03239 2.2
    endloop
  endfacet
  facet normal -0.683617 -0.729841 -0
    outer loop
      vertex -2.02748 1.9966 2.2
      vertex -2.06569 2.03239 0
      vertex -2.02748 1.9966 0
    endloop
  endfacet
  facet normal 0.162943 -0.986636 0
    outer loop
      vertex -1.39558 1.80492 0
      vertex -1.34393 1.81345 2.2
      vertex -1.39558 1.80492 2.2
    endloop
  endfacet
  facet normal 0.162943 -0.986636 0
    outer loop
      vertex -1.34393 1.81345 2.2
      vertex -1.39558 1.80492 0
      vertex -1.34393 1.81345 0
    endloop
  endfacet
  facet normal -0.582466 -0.812855 0
    outer loop
      vertex -1.98701 1.96339 0
      vertex -1.94446 1.9329 2.2
      vertex -1.98701 1.96339 2.2
    endloop
  endfacet
  facet normal -0.582466 -0.812855 -0
    outer loop
      vertex -1.94446 1.9329 2.2
      vertex -1.98701 1.96339 0
      vertex -1.94446 1.9329 0
    endloop
  endfacet
  facet normal -0.41281 0.910817 0
    outer loop
      vertex -1.80615 3.33718 0
      vertex -1.85383 3.31557 2.4
      vertex -1.80615 3.33718 2.4
    endloop
  endfacet
  facet normal -0.41281 0.910817 0
    outer loop
      vertex -1.85383 3.31557 2.4
      vertex -1.80615 3.33718 0
      vertex -1.85383 3.31557 0
    endloop
  endfacet
  facet normal 0.995187 0.0979906 0
    outer loop
      vertex -0.701713 2.6504 2.2
      vertex -0.706843 2.7025 0
      vertex -0.706843 2.7025 2.2
    endloop
  endfacet
  facet normal 0.995187 0.0979906 0
    outer loop
      vertex -0.706843 2.7025 0
      vertex -0.701713 2.6504 2.2
      vertex -0.701713 2.6504 0
    endloop
  endfacet
  facet normal -0.849262 -0.527971 0
    outer loop
      vertex -2.16518 2.15362 0
      vertex -2.19282 2.19808 2.2
      vertex -2.19282 2.19808 0
    endloop
  endfacet
  facet normal -0.849262 -0.527971 0
    outer loop
      vertex -2.19282 2.19808 2.2
      vertex -2.16518 2.15362 0
      vertex -2.16518 2.15362 2.2
    endloop
  endfacet
  facet normal -0.471272 0.881988 0
    outer loop
      vertex -1.85383 3.31557 0
      vertex -1.9 3.2909 2.4
      vertex -1.85383 3.31557 2.4
    endloop
  endfacet
  facet normal -0.471272 0.881988 0
    outer loop
      vertex -1.9 3.2909 2.4
      vertex -1.85383 3.31557 0
      vertex -1.9 3.2909 0
    endloop
  endfacet
  facet normal -0.910922 -0.412579 0
    outer loop
      vertex -2.2175 2.24424 0
      vertex -2.2391 2.29193 2.2
      vertex -2.2391 2.29193 0
    endloop
  endfacet
  facet normal -0.910922 -0.412579 0
    outer loop
      vertex -2.2391 2.29193 2.2
      vertex -2.2175 2.24424 0
      vertex -2.2175 2.24424 2.2
    endloop
  endfacet
  facet normal -0.849209 0.528057 0
    outer loop
      vertex -2.19282 2.99808 0
      vertex -2.16518 3.04253 2.4
      vertex -2.16518 3.04253 0
    endloop
  endfacet
  facet normal -0.849209 0.528057 0
    outer loop
      vertex -2.16518 3.04253 2.4
      vertex -2.19282 2.99808 0
      vertex -2.19282 2.99808 2.4
    endloop
  endfacet
  facet normal 0.352212 0.93592 -0
    outer loop
      vertex -1.19385 3.33718 0
      vertex -1.24285 3.35562 2.4
      vertex -1.19385 3.33718 2.4
    endloop
  endfacet
  facet normal 0.352212 0.93592 0
    outer loop
      vertex -1.24285 3.35562 2.4
      vertex -1.19385 3.33718 0
      vertex -1.24285 3.35562 0
    endloop
  endfacet
  facet normal 0.683627 -0.729832 0
    outer loop
      vertex -0.972523 1.9966 0
      vertex -0.934314 2.03239 2.2
      vertex -0.972523 1.9966 2.2
    endloop
  endfacet
  facet normal 0.683627 -0.729832 0
    outer loop
      vertex -0.934314 2.03239 2.2
      vertex -0.972523 1.9966 0
      vertex -0.934314 2.03239 0
    endloop
  endfacet
  facet normal -0.999467 -0.0326598 0
    outer loop
      vertex -2.29829 2.54575 0
      vertex -2.3 2.59808 2.2
      vertex -2.3 2.59808 0
    endloop
  endfacet
  facet normal -0.999467 -0.0326598 0
    outer loop
      vertex -2.3 2.59808 2.2
      vertex -2.29829 2.54575 0
      vertex -2.29829 2.54575 2.2
    endloop
  endfacet
  facet normal -0.773037 -0.634361 0
    outer loop
      vertex -2.10147 2.0706 0
      vertex -2.13468 2.11107 2.2
      vertex -2.13468 2.11107 0
    endloop
  endfacet
  facet normal -0.773037 -0.634361 0
    outer loop
      vertex -2.13468 2.11107 2.2
      vertex -2.10147 2.0706 0
      vertex -2.10147 2.0706 2.2
    endloop
  endfacet
  facet normal 0 0 -1
    outer loop
      vertex -0.701713 2.54575 0
      vertex -0.701713 2.6504 0
      vertex -0.7 2.59808 0
    endloop
  endfacet
  facet normal 0 0 -1
    outer loop
      vertex -0.706843 2.49366 0
      vertex -0.701713 2.6504 0
      vertex -0.701713 2.54575 0
    endloop
  endfacet
  facet normal 0 0 -1
    outer loop
      vertex -0.706843 2.49366 0
      vertex -0.706843 2.7025 0
      vertex -0.701713 2.6504 0
    endloop
  endfacet
  facet normal 0 0 -1
    outer loop
      vertex -0.715371 2.442 0
      vertex -0.706843 2.7025 0
      vertex -0.706843 2.49366 0
    endloop
  endfacet
  facet normal 0 0 -1
    outer loop
      vertex -0.715371 2.442 0
      vertex -0.715371 2.75415 0
      vertex -0.706843 2.7025 0
    endloop
  endfacet
  facet normal 0 0 -1
    outer loop
      vertex -0.727259 2.39102 0
      vertex -0.715371 2.75415 0
      vertex -0.715371 2.442 0
    endloop
  endfacet
  facet normal 0 0 -1
    outer loop
      vertex -0.727259 2.39102 0
      vertex -0.727259 2.80513 0
      vertex -0.715371 2.75415 0
    endloop
  endfacet
  facet normal 0 0 -1
    outer loop
      vertex -0.742455 2.34092 0
      vertex -0.727259 2.80513 0
      vertex -0.727259 2.39102 0
    endloop
  endfacet
  facet normal 0 0 -1
    outer loop
      vertex -0.742455 2.34092 0
      vertex -0.742455 2.85523 0
      vertex -0.727259 2.80513 0
    endloop
  endfacet
  facet normal 0 0 -1
    outer loop
      vertex -0.760896 2.29193 0
      vertex -0.742455 2.85523 0
      vertex -0.742455 2.34092 0
    endloop
  endfacet
  facet normal 0 0 -1
    outer loop
      vertex -0.760896 2.29193 0
      vertex -0.760896 2.90422 0
      vertex -0.742455 2.85523 0
    endloop
  endfacet
  facet normal 0 0 -1
    outer loop
      vertex -0.782501 2.24424 0
      vertex -0.760896 2.90422 0
      vertex -0.760896 2.29193 0
    endloop
  endfacet
  facet normal 0 0 -1
    outer loop
      vertex -0.782501 2.24424 0
      vertex -0.782501 2.95191 0
      vertex -0.760896 2.90422 0
    endloop
  endfacet
  facet normal 0 0 -1
    outer loop
      vertex -0.807179 2.19808 0
      vertex -0.782501 2.95191 0
      vertex -0.782501 2.24424 0
    endloop
  endfacet
  facet normal 0 0 -1
    outer loop
      vertex -0.807179 2.19808 0
      vertex -0.807179 2.99808 0
      vertex -0.782501 2.95191 0
    endloop
  endfacet
  facet normal 0 0 -1
    outer loop
      vertex -0.834824 2.15362 0
      vertex -0.807179 2.99808 0
      vertex -0.807179 2.19808 0
    endloop
  endfacet
  facet normal 0 0 -1
    outer loop
      vertex -0.834824 2.15362 0
      vertex -0.834824 3.04253 0
      vertex -0.807179 2.99808 0
    endloop
  endfacet
  facet normal 0 0 -1
    outer loop
      vertex -0.865316 2.11107 0
      vertex -0.834824 3.04253 0
      vertex -0.834824 2.15362 0
    endloop
  endfacet
  facet normal 0 0 -1
    outer loop
      vertex -0.865316 2.11107 0
      vertex -0.865316 3.08508 0
      vertex -0.834824 3.04253 0
    endloop
  endfacet
  facet normal 0 0 -1
    outer loop
      vertex -0.898528 2.0706 0
      vertex -0.865316 3.08508 0
      vertex -0.865316 2.11107 0
    endloop
  endfacet
  facet normal 0 0 -1
    outer loop
      vertex -0.898528 2.0706 0
      vertex -0.898528 3.12555 0
      vertex -0.865316 3.08508 0
    endloop
  endfacet
  facet normal 0 0 -1
    outer loop
      vertex -0.934314 2.03239 0
      vertex -0.898528 3.12555 0
      vertex -0.898528 2.0706 0
    endloop
  endfacet
  facet normal 0 0 -1
    outer loop
      vertex -0.934314 2.03239 0
      vertex -0.934314 3.16376 0
      vertex -0.898528 3.12555 0
    endloop
  endfacet
  facet normal 0 0 -1
    outer loop
      vertex -0.972523 1.9966 0
      vertex -0.934314 3.16376 0
      vertex -0.934314 2.03239 0
    endloop
  endfacet
  facet normal 0 0 -1
    outer loop
      vertex -0.972523 1.9966 0
      vertex -0.972523 3.19955 0
      vertex -0.934314 3.16376 0
    endloop
  endfacet
  facet normal 0 0 -1
    outer loop
      vertex -1.01299 1.96339 0
      vertex -0.972523 3.19955 0
      vertex -0.972523 1.9966 0
    endloop
  endfacet
  facet normal 0 0 -1
    outer loop
      vertex -1.01299 1.96339 0
      vertex -1.01299 3.23276 0
      vertex -0.972523 3.19955 0
    endloop
  endfacet
  facet normal 0 0 -1
    outer loop
      vertex -1.05554 1.9329 0
      vertex -1.01299 3.23276 0
      vertex -1.01299 1.96339 0
    endloop
  endfacet
  facet normal 0 0 -1
    outer loop
      vertex -1.05554 1.9329 0
      vertex -1.05554 3.26325 0
      vertex -1.01299 3.23276 0
    endloop
  endfacet
  facet normal 0 0 -1
    outer loop
      vertex -1.1 1.90526 0
      vertex -1.05554 3.26325 0
      vertex -1.05554 1.9329 0
    endloop
  endfacet
  facet normal 0 0 -1
    outer loop
      vertex -1.1 1.90526 0
      vertex -1.1 3.2909 0
      vertex -1.05554 3.26325 0
    endloop
  endfacet
  facet normal 0 0 -1
    outer loop
      vertex -1.14617 1.88058 0
      vertex -1.1 3.2909 0
      vertex -1.1 1.90526 0
    endloop
  endfacet
  facet normal 0 0 -1
    outer loop
      vertex -1.14617 1.88058 0
      vertex -1.14617 3.31557 0
      vertex -1.1 3.2909 0
    endloop
  endfacet
  facet normal 0 0 -1
    outer loop
      vertex -1.19385 1.85897 0
      vertex -1.14617 3.31557 0
      vertex -1.14617 1.88058 0
    endloop
  endfacet
  facet normal 0 0 -1
    outer loop
      vertex -1.19385 1.85897 0
      vertex -1.19385 3.33718 0
      vertex -1.14617 3.31557 0
    endloop
  endfacet
  facet normal 0 0 -1
    outer loop
      vertex -1.24285 1.84053 0
      vertex -1.19385 3.33718 0
      vertex -1.19385 1.85897 0
    endloop
  endfacet
  facet normal 0 0 -1
    outer loop
      vertex -1.24285 1.84053 0
      vertex -1.24285 3.35562 0
      vertex -1.19385 3.33718 0
    endloop
  endfacet
  facet normal 0 0 -1
    outer loop
      vertex -1.29294 1.82534 0
      vertex -1.24285 3.35562 0
      vertex -1.24285 1.84053 0
    endloop
  endfacet
  facet normal 0 0 -1
    outer loop
      vertex -1.29294 1.82534 0
      vertex -1.29294 3.37082 0
      vertex -1.24285 3.35562 0
    endloop
  endfacet
  facet normal 0 0 -1
    outer loop
      vertex -1.34393 1.81345 0
      vertex -1.29294 3.37082 0
      vertex -1.29294 1.82534 0
    endloop
  endfacet
  facet normal 0 0 -1
    outer loop
      vertex -1.34393 1.81345 0
      vertex -1.34393 3.3827 0
      vertex -1.29294 3.37082 0
    endloop
  endfacet
  facet normal 0 0 -1
    outer loop
      vertex -1.39558 1.80492 0
      vertex -1.34393 3.3827 0
      vertex -1.34393 1.81345 0
    endloop
  endfacet
  facet normal 0 0 -1
    outer loop
      vertex -1.39558 1.80492 0
      vertex -1.39558 3.39123 0
      vertex -1.34393 3.3827 0
    endloop
  endfacet
  facet normal 0 0 -1
    outer loop
      vertex -1.44768 1.79979 0
      vertex -1.39558 3.39123 0
      vertex -1.39558 1.80492 0
    endloop
  endfacet
  facet normal 0 0 -1
    outer loop
      vertex -1.44768 1.79979 0
      vertex -1.44768 3.39636 0
      vertex -1.39558 3.39123 0
    endloop
  endfacet
  facet normal 0 0 -1
    outer loop
      vertex -1.5 1.79808 0
      vertex -1.44768 3.39636 0
      vertex -1.44768 1.79979 0
    endloop
  endfacet
  facet normal 0 0 -1
    outer loop
      vertex -1.5 1.79808 0
      vertex -1.5 3.39808 0
      vertex -1.44768 3.39636 0
    endloop
  endfacet
  facet normal 0 0 -1
    outer loop
      vertex -1.55232 1.79979 0
      vertex -1.5 3.39808 0
      vertex -1.5 1.79808 0
    endloop
  endfacet
  facet normal 0 0 -1
    outer loop
      vertex -1.55232 1.79979 0
      vertex -1.55232 3.39636 0
      vertex -1.5 3.39808 0
    endloop
  endfacet
  facet normal 0 0 -1
    outer loop
      vertex -1.60442 1.80492 0
      vertex -1.55232 3.39636 0
      vertex -1.55232 1.79979 0
    endloop
  endfacet
  facet normal 0 0 -1
    outer loop
      vertex -1.60442 1.80492 0
      vertex -1.60442 3.39123 0
      vertex -1.55232 3.39636 0
    endloop
  endfacet
  facet normal 0 0 -1
    outer loop
      vertex -1.65607 1.81345 0
      vertex -1.60442 3.39123 0
      vertex -1.60442 1.80492 0
    endloop
  endfacet
  facet normal 0 0 -1
    outer loop
      vertex -1.65607 1.81345 0
      vertex -1.65607 3.3827 0
      vertex -1.60442 3.39123 0
    endloop
  endfacet
  facet normal 0 0 -1
    outer loop
      vertex -1.70706 1.82534 0
      vertex -1.65607 3.3827 0
      vertex -1.65607 1.81345 0
    endloop
  endfacet
  facet normal 0 0 -1
    outer loop
      vertex -1.70706 1.82534 0
      vertex -1.70706 3.37082 0
      vertex -1.65607 3.3827 0
    endloop
  endfacet
  facet normal 0 0 -1
    outer loop
      vertex -1.75715 1.84053 0
      vertex -1.70706 3.37082 0
      vertex -1.70706 1.82534 0
    endloop
  endfacet
  facet normal 0 0 -1
    outer loop
      vertex -1.75715 1.84053 0
      vertex -1.75715 3.35562 0
      vertex -1.70706 3.37082 0
    endloop
  endfacet
  facet normal 0 0 -1
    outer loop
      vertex -1.80615 1.85897 0
      vertex -1.75715 3.35562 0
      vertex -1.75715 1.84053 0
    endloop
  endfacet
  facet normal 0 0 -1
    outer loop
      vertex -1.80615 1.85897 0
      vertex -1.80615 3.33718 0
      vertex -1.75715 3.35562 0
    endloop
  endfacet
  facet normal 0 0 -1
    outer loop
      vertex -1.85383 1.88058 0
      vertex -1.80615 3.33718 0
      vertex -1.80615 1.85897 0
    endloop
  endfacet
  facet normal 0 0 -1
    outer loop
      vertex -1.85383 1.88058 0
      vertex -1.85383 3.31557 0
      vertex -1.80615 3.33718 0
    endloop
  endfacet
  facet normal 0 0 -1
    outer loop
      vertex -1.9 1.90526 0
      vertex -1.85383 3.31557 0
      vertex -1.85383 1.88058 0
    endloop
  endfacet
  facet normal 0 0 -1
    outer loop
      vertex -1.9 1.90526 0
      vertex -1.9 3.2909 0
      vertex -1.85383 3.31557 0
    endloop
  endfacet
  facet normal 0 0 -1
    outer loop
      vertex -1.94446 1.9329 0
      vertex -1.9 3.2909 0
      vertex -1.9 1.90526 0
    endloop
  endfacet
  facet normal 0 0 -1
    outer loop
      vertex -1.94446 1.9329 0
      vertex -1.94446 3.26325 0
      vertex -1.9 3.2909 0
    endloop
  endfacet
  facet normal 0 0 -1
    outer loop
      vertex -1.98701 1.96339 0
      vertex -1.94446 3.26325 0
      vertex -1.94446 1.9329 0
    endloop
  endfacet
  facet normal 0 0 -1
    outer loop
      vertex -1.98701 1.96339 0
      vertex -1.98701 3.23276 0
      vertex -1.94446 3.26325 0
    endloop
  endfacet
  facet normal 0 0 -1
    outer loop
      vertex -2.02748 1.9966 0
      vertex -1.98701 3.23276 0
      vertex -1.98701 1.96339 0
    endloop
  endfacet
  facet normal 0 0 -1
    outer loop
      vertex -2.02748 1.9966 0
      vertex -2.02748 3.19955 0
      vertex -1.98701 3.23276 0
    endloop
  endfacet
  facet normal 0 0 -1
    outer loop
      vertex -2.06569 2.03239 0
      vertex -2.02748 3.19955 0
      vertex -2.02748 1.9966 0
    endloop
  endfacet
  facet normal 0 0 -1
    outer loop
      vertex -2.06569 2.03239 0
      vertex -2.06569 3.16376 0
      vertex -2.02748 3.19955 0
    endloop
  endfacet
  facet normal 0 0 -1
    outer loop
      vertex -2.10147 2.0706 0
      vertex -2.06569 3.16376 0
      vertex -2.06569 2.03239 0
    endloop
  endfacet
  facet normal 0 0 -1
    outer loop
      vertex -2.10147 2.0706 0
      vertex -2.10147 3.12555 0
      vertex -2.06569 3.16376 0
    endloop
  endfacet
  facet normal 0 0 -1
    outer loop
      vertex -2.13468 2.11107 0
      vertex -2.10147 3.12555 0
      vertex -2.10147 2.0706 0
    endloop
  endfacet
  facet normal 0 0 -1
    outer loop
      vertex -2.13468 2.11107 0
      vertex -2.13468 3.08508 0
      vertex -2.10147 3.12555 0
    endloop
  endfacet
  facet normal 0 0 -1
    outer loop
      vertex -2.16518 2.15362 0
      vertex -2.13468 3.08508 0
      vertex -2.13468 2.11107 0
    endloop
  endfacet
  facet normal 0 0 -1
    outer loop
      vertex -2.16518 2.15362 0
      vertex -2.16518 3.04253 0
      vertex -2.13468 3.08508 0
    endloop
  endfacet
  facet normal 0 0 -1
    outer loop
      vertex -2.19282 2.19808 0
      vertex -2.16518 3.04253 0
      vertex -2.16518 2.15362 0
    endloop
  endfacet
  facet normal 0 0 -1
    outer loop
      vertex -2.19282 2.19808 0
      vertex -2.19282 2.99808 0
      vertex -2.16518 3.04253 0
    endloop
  endfacet
  facet normal 0 0 -1
    outer loop
      vertex -2.2175 2.24424 0
      vertex -2.19282 2.99808 0
      vertex -2.19282 2.19808 0
    endloop
  endfacet
  facet normal 0 0 -1
    outer loop
      vertex -2.2175 2.24424 0
      vertex -2.2175 2.95191 0
      vertex -2.19282 2.99808 0
    endloop
  endfacet
  facet normal 0 0 -1
    outer loop
      vertex -2.2391 2.29193 0
      vertex -2.2175 2.95191 0
      vertex -2.2175 2.24424 0
    endloop
  endfacet
  facet normal 0 0 -1
    outer loop
      vertex -2.2391 2.29193 0
      vertex -2.2391 2.90422 0
      vertex -2.2175 2.95191 0
    endloop
  endfacet
  facet normal 0 0 -1
    outer loop
      vertex -2.25754 2.34092 0
      vertex -2.2391 2.90422 0
      vertex -2.2391 2.29193 0
    endloop
  endfacet
  facet normal 0 0 -1
    outer loop
      vertex -2.25754 2.34092 0
      vertex -2.25754 2.85523 0
      vertex -2.2391 2.90422 0
    endloop
  endfacet
  facet normal 0 0 -1
    outer loop
      vertex -2.27274 2.39102 0
      vertex -2.25754 2.85523 0
      vertex -2.25754 2.34092 0
    endloop
  endfacet
  facet normal 0 0 -1
    outer loop
      vertex -2.27274 2.39102 0
      vertex -2.27274 2.80513 0
      vertex -2.25754 2.85523 0
    endloop
  endfacet
  facet normal 0 0 -1
    outer loop
      vertex -2.28463 2.442 0
      vertex -2.27274 2.80513 0
      vertex -2.27274 2.39102 0
    endloop
  endfacet
  facet normal 0 0 -1
    outer loop
      vertex -2.28463 2.442 0
      vertex -2.28463 2.75415 0
      vertex -2.27274 2.80513 0
    endloop
  endfacet
  facet normal 0 0 -1
    outer loop
      vertex -2.29316 2.49366 0
      vertex -2.28463 2.75415 0
      vertex -2.28463 2.442 0
    endloop
  endfacet
  facet normal 0 0 -1
    outer loop
      vertex -2.29316 2.49366 0
      vertex -2.29316 2.7025 0
      vertex -2.28463 2.75415 0
    endloop
  endfacet
  facet normal 0 0 -1
    outer loop
      vertex -2.29829 2.54575 0
      vertex -2.29316 2.7025 0
      vertex -2.29316 2.49366 0
    endloop
  endfacet
  facet normal 0 0 -1
    outer loop
      vertex -2.29829 2.54575 0
      vertex -2.29829 2.6504 0
      vertex -2.29316 2.7025 0
    endloop
  endfacet
  facet normal 0 -0 -1
    outer loop
      vertex -2.29829 2.6504 0
      vertex -2.29829 2.54575 0
      vertex -2.3 2.59808 0
    endloop
  endfacet
  facet normal 0.849166 0.528126 0
    outer loop
      vertex -0.807179 2.99808 2.2
      vertex -0.834824 3.04253 0
      vertex -0.834824 3.04253 2.2
    endloop
  endfacet
  facet normal 0.849166 0.528126 0
    outer loop
      vertex -0.834824 3.04253 0
      vertex -0.807179 2.99808 2.2
      vertex -0.807179 2.99808 0
    endloop
  endfacet
  facet normal -0.773037 0.634361 0
    outer loop
      vertex -2.13468 3.08508 0
      vertex -2.10147 3.12555 2.4
      vertex -2.10147 3.12555 0
    endloop
  endfacet
  facet normal -0.773037 0.634361 0
    outer loop
      vertex -2.10147 3.12555 2.4
      vertex -2.13468 3.08508 0
      vertex -2.13468 3.08508 2.4
    endloop
  endfacet
  facet normal -0.634361 0.773037 0
    outer loop
      vertex -1.98701 3.23276 0
      vertex -2.02748 3.19955 2.4
      vertex -1.98701 3.23276 2.4
    endloop
  endfacet
  facet normal -0.634361 0.773037 0
    outer loop
      vertex -2.02748 3.19955 2.4
      vertex -1.98701 3.23276 0
      vertex -2.02748 3.19955 0
    endloop
  endfacet
  facet normal 0.995186 -0.0980092 0
    outer loop
      vertex -0.706843 2.49366 2.2
      vertex -0.701713 2.54575 0
      vertex -0.701713 2.54575 2.2
    endloop
  endfacet
  facet normal 0.995186 -0.0980092 0
    outer loop
      vertex -0.701713 2.54575 0
      vertex -0.706843 2.49366 2.2
      vertex -0.706843 2.49366 0
    endloop
  endfacet
  facet normal 0.999464 0.0327233 0
    outer loop
      vertex -0.7 2.59808 2.2
      vertex -0.701713 2.6504 0
      vertex -0.701713 2.6504 2.2
    endloop
  endfacet
  facet normal 0.999464 0.0327233 0
    outer loop
      vertex -0.701713 2.6504 0
      vertex -0.7 2.59808 2.2
      vertex -0.7 2.59808 0
    endloop
  endfacet
  facet normal -0.162943 0.986636 0
    outer loop
      vertex -1.60442 3.39123 0
      vertex -1.65607 3.3827 2.4
      vertex -1.60442 3.39123 2.4
    endloop
  endfacet
  facet normal -0.162943 0.986636 0
    outer loop
      vertex -1.65607 3.3827 2.4
      vertex -1.60442 3.39123 0
      vertex -1.65607 3.3827 0
    endloop
  endfacet
  facet normal 0.528109 0.849177 -0
    outer loop
      vertex -1.05554 3.26325 0
      vertex -1.1 3.2909 2.2
      vertex -1.05554 3.26325 2.2
    endloop
  endfacet
  facet normal 0.528109 0.849177 0
    outer loop
      vertex -1.1 3.2909 2.2
      vertex -1.05554 3.26325 0
      vertex -1.1 3.2909 0
    endloop
  endfacet
  facet normal 0.0328569 0.99946 -0
    outer loop
      vertex -1.44768 3.39636 0
      vertex -1.5 3.39808 2.4
      vertex -1.44768 3.39636 2.4
    endloop
  endfacet
  facet normal 0.0328569 0.99946 0
    outer loop
      vertex -1.5 3.39808 2.4
      vertex -1.44768 3.39636 0
      vertex -1.5 3.39808 0
    endloop
  endfacet
  facet normal 0.93589 -0.352291 0
    outer loop
      vertex -0.760896 2.29193 2.2
      vertex -0.742455 2.34092 0
      vertex -0.742455 2.34092 2.2
    endloop
  endfacet
  facet normal 0.93589 -0.352291 0
    outer loop
      vertex -0.742455 2.34092 0
      vertex -0.760896 2.29193 2.2
      vertex -0.760896 2.29193 0
    endloop
  endfacet
  facet normal 0.0979906 0.995187 -0
    outer loop
      vertex -1.39558 3.39123 0
      vertex -1.44768 3.39636 2.4
      vertex -1.39558 3.39123 2.4
    endloop
  endfacet
  facet normal 0.0979906 0.995187 0
    outer loop
      vertex -1.44768 3.39636 2.4
      vertex -1.39558 3.39123 0
      vertex -1.44768 3.39636 0
    endloop
  endfacet
  facet normal 0.527971 -0.849262 0
    outer loop
      vertex -1.1 1.90526 0
      vertex -1.05554 1.9329 2.2
      vertex -1.1 1.90526 2.2
    endloop
  endfacet
  facet normal 0.527971 -0.849262 0
    outer loop
      vertex -1.05554 1.9329 2.2
      vertex -1.1 1.90526 0
      vertex -1.05554 1.9329 0
    endloop
  endfacet
  facet normal -0.0979906 -0.995187 0
    outer loop
      vertex -1.60442 1.80492 0
      vertex -1.55232 1.79979 2.2
      vertex -1.60442 1.80492 2.2
    endloop
  endfacet
  facet normal -0.0979906 -0.995187 -0
    outer loop
      vertex -1.55232 1.79979 2.2
      vertex -1.60442 1.80492 0
      vertex -1.55232 1.79979 0
    endloop
  endfacet
  facet normal 0.773019 0.634383 0
    outer loop
      vertex -0.865316 3.08508 2.2
      vertex -0.898528 3.12555 0
      vertex -0.898528 3.12555 2.2
    endloop
  endfacet
  facet normal 0.773019 0.634383 0
    outer loop
      vertex -0.898528 3.12555 0
      vertex -0.865316 3.08508 2.2
      vertex -0.865316 3.08508 0
    endloop
  endfacet
  facet normal 0.227091 -0.973874 0
    outer loop
      vertex -1.34393 1.81345 0
      vertex -1.29294 1.82534 2.2
      vertex -1.34393 1.81345 2.2
    endloop
  endfacet
  facet normal 0.227091 -0.973874 0
    outer loop
      vertex -1.29294 1.82534 2.2
      vertex -1.34393 1.81345 0
      vertex -1.29294 1.82534 0
    endloop
  endfacet
  facet normal -0.527971 -0.849262 0
    outer loop
      vertex -1.94446 1.9329 0
      vertex -1.9 1.90526 2.2
      vertex -1.94446 1.9329 2.2
    endloop
  endfacet
  facet normal -0.527971 -0.849262 -0
    outer loop
      vertex -1.9 1.90526 2.2
      vertex -1.94446 1.9329 0
      vertex -1.9 1.90526 0
    endloop
  endfacet
  facet normal 0.22691 0.973916 -0
    outer loop
      vertex -1.29294 3.37082 0
      vertex -1.34393 3.3827 2.4
      vertex -1.29294 3.37082 2.4
    endloop
  endfacet
  facet normal 0.22691 0.973916 0
    outer loop
      vertex -1.34393 3.3827 2.4
      vertex -1.29294 3.37082 0
      vertex -1.34393 3.3827 0
    endloop
  endfacet
  facet normal 0.986642 0.162906 0
    outer loop
      vertex -0.706843 2.7025 2.2
      vertex -0.715371 2.75415 0
      vertex -0.715371 2.75415 2.2
    endloop
  endfacet
  facet normal 0.986642 0.162906 0
    outer loop
      vertex -0.715371 2.75415 0
      vertex -0.706843 2.7025 2.2
      vertex -0.706843 2.7025 0
    endloop
  endfacet
  facet normal -0.881866 -0.4715 0
    outer loop
      vertex -2.19282 2.19808 0
      vertex -2.2175 2.24424 2.2
      vertex -2.2175 2.24424 0
    endloop
  endfacet
  facet normal -0.881866 -0.4715 0
    outer loop
      vertex -2.2175 2.24424 2.2
      vertex -2.19282 2.19808 0
      vertex -2.19282 2.19808 2.2
    endloop
  endfacet
  facet normal -0.935897 -0.352275 0
    outer loop
      vertex -2.2391 2.29193 0
      vertex -2.25754 2.34092 2.2
      vertex -2.25754 2.34092 0
    endloop
  endfacet
  facet normal -0.935897 -0.352275 0
    outer loop
      vertex -2.25754 2.34092 2.2
      vertex -2.2391 2.29193 0
      vertex -2.2391 2.29193 2.2
    endloop
  endfacet
  facet normal 0.956949 -0.290255 0
    outer loop
      vertex -0.742455 2.34092 2.2
      vertex -0.727259 2.39102 0
      vertex -0.727259 2.39102 2.2
    endloop
  endfacet
  facet normal 0.956949 -0.290255 0
    outer loop
      vertex -0.727259 2.39102 0
      vertex -0.742455 2.34092 2.2
      vertex -0.742455 2.34092 0
    endloop
  endfacet
  facet normal 0.729879 0.683576 0
    outer loop
      vertex -0.898528 3.12555 2.2
      vertex -0.934314 3.16376 0
      vertex -0.934314 3.16376 2.2
    endloop
  endfacet
  facet normal 0.729879 0.683576 0
    outer loop
      vertex -0.934314 3.16376 0
      vertex -0.898528 3.12555 2.2
      vertex -0.898528 3.12555 0
    endloop
  endfacet
  facet normal 0.986647 -0.162875 0
    outer loop
      vertex -0.715371 2.442 2.2
      vertex -0.706843 2.49366 0
      vertex -0.706843 2.49366 2.2
    endloop
  endfacet
  facet normal 0.986647 -0.162875 0
    outer loop
      vertex -0.706843 2.49366 0
      vertex -0.715371 2.442 2.2
      vertex -0.715371 2.442 0
    endloop
  endfacet
  facet normal 0.973872 -0.227097 0
    outer loop
      vertex -0.727259 2.39102 2.2
      vertex -0.715371 2.442 0
      vertex -0.715371 2.442 2.2
    endloop
  endfacet
  facet normal 0.973872 -0.227097 0
    outer loop
      vertex -0.715371 2.442 0
      vertex -0.727259 2.39102 2.2
      vertex -0.727259 2.39102 0
    endloop
  endfacet
  facet normal 0.812837 -0.582492 0
    outer loop
      vertex -0.865316 2.11107 2.2
      vertex -0.834824 2.15362 0
      vertex -0.834824 2.15362 2.2
    endloop
  endfacet
  facet normal 0.812837 -0.582492 0
    outer loop
      vertex -0.834824 2.15362 0
      vertex -0.865316 2.11107 2.2
      vertex -0.865316 2.11107 0
    endloop
  endfacet
  facet normal 0.999465 -0.032717 0
    outer loop
      vertex -0.701713 2.54575 2.2
      vertex -0.7 2.59808 0
      vertex -0.7 2.59808 2.2
    endloop
  endfacet
  facet normal 0.999465 -0.032717 0
    outer loop
      vertex -0.7 2.59808 0
      vertex -0.701713 2.54575 2.2
      vertex -0.701713 2.54575 0
    endloop
  endfacet
  facet normal -0.352212 -0.93592 0
    outer loop
      vertex -1.80615 1.85897 0
      vertex -1.75715 1.84053 2.2
      vertex -1.80615 1.85897 2.2
    endloop
  endfacet
  facet normal -0.352212 -0.93592 -0
    outer loop
      vertex -1.75715 1.84053 2.2
      vertex -1.80615 1.85897 0
      vertex -1.75715 1.84053 0
    endloop
  endfacet
  facet normal -0.41281 -0.910817 0
    outer loop
      vertex -1.85383 1.88058 0
      vertex -1.80615 1.85897 2.2
      vertex -1.85383 1.88058 2.2
    endloop
  endfacet
  facet normal -0.41281 -0.910817 -0
    outer loop
      vertex -1.80615 1.85897 2.2
      vertex -1.85383 1.88058 0
      vertex -1.80615 1.85897 0
    endloop
  endfacet
  facet normal 0.41281 -0.910817 0
    outer loop
      vertex -1.19385 1.85897 0
      vertex -1.14617 1.88058 2.2
      vertex -1.19385 1.85897 2.2
    endloop
  endfacet
  facet normal 0.41281 -0.910817 0
    outer loop
      vertex -1.14617 1.88058 2.2
      vertex -1.19385 1.85897 0
      vertex -1.14617 1.88058 0
    endloop
  endfacet
  facet normal 0.849219 -0.52804 0
    outer loop
      vertex -0.834824 2.15362 2.2
      vertex -0.807179 2.19808 0
      vertex -0.807179 2.19808 2.2
    endloop
  endfacet
  facet normal 0.849219 -0.52804 0
    outer loop
      vertex -0.807179 2.19808 0
      vertex -0.834824 2.15362 2.2
      vertex -0.834824 2.15362 0
    endloop
  endfacet
  facet normal -0.935897 0.352275 0
    outer loop
      vertex -2.25754 2.85523 0
      vertex -2.2391 2.90422 2.4
      vertex -2.2391 2.90422 0
    endloop
  endfacet
  facet normal -0.935897 0.352275 0
    outer loop
      vertex -2.2391 2.90422 2.4
      vertex -2.25754 2.85523 0
      vertex -2.25754 2.85523 2.4
    endloop
  endfacet
  facet normal 0.634389 -0.773014 0
    outer loop
      vertex -1.01299 1.96339 0
      vertex -0.972523 1.9966 2.2
      vertex -1.01299 1.96339 2.2
    endloop
  endfacet
  facet normal 0.634389 -0.773014 0
    outer loop
      vertex -0.972523 1.9966 2.2
      vertex -1.01299 1.96339 0
      vertex -0.972523 1.9966 0
    endloop
  endfacet
  facet normal 0.773019 -0.634383 0
    outer loop
      vertex -0.898528 2.0706 2.2
      vertex -0.865316 2.11107 0
      vertex -0.865316 2.11107 2.2
    endloop
  endfacet
  facet normal 0.773019 -0.634383 0
    outer loop
      vertex -0.865316 2.11107 0
      vertex -0.898528 2.0706 2.2
      vertex -0.898528 2.0706 0
    endloop
  endfacet
  facet normal 0.290204 -0.956965 0
    outer loop
      vertex -1.29294 1.82534 0
      vertex -1.24285 1.84053 2.2
      vertex -1.29294 1.82534 2.2
    endloop
  endfacet
  facet normal 0.290204 -0.956965 0
    outer loop
      vertex -1.24285 1.84053 2.2
      vertex -1.29294 1.82534 0
      vertex -1.24285 1.84053 0
    endloop
  endfacet
  facet normal -0.935911 -0.352237 0
    outer loop
      vertex -3.7391 -0.306147 0
      vertex -3.75754 -0.257151 2.4
      vertex -3.75754 -0.257151 0
    endloop
  endfacet
  facet normal -0.935911 -0.352237 0
    outer loop
      vertex -3.75754 -0.257151 2.4
      vertex -3.7391 -0.306147 0
      vertex -3.7391 -0.306147 2.4
    endloop
  endfacet
  facet normal -0.999466 0.0326645 0
    outer loop
      vertex -3.8 0 0
      vertex -3.79829 0.0523224 2.4
      vertex -3.79829 0.0523224 0
    endloop
  endfacet
  facet normal -0.999466 0.0326645 0
    outer loop
      vertex -3.79829 0.0523224 2.4
      vertex -3.8 0 0
      vertex -3.8 0 2.4
    endloop
  endfacet
  facet normal -0.910899 -0.41263 0
    outer loop
      vertex -3.7175 -0.35383 0
      vertex -3.7391 -0.306147 2.4
      vertex -3.7391 -0.306147 0
    endloop
  endfacet
  facet normal -0.910899 -0.41263 0
    outer loop
      vertex -3.7391 -0.306147 2.4
      vertex -3.7175 -0.35383 0
      vertex -3.7175 -0.35383 2.4
    endloop
  endfacet
  facet normal 0.986636 -0.16294 0
    outer loop
      vertex -2.21537 -0.156072 2.2
      vertex -2.20684 -0.104421 0
      vertex -2.20684 -0.104421 2.2
    endloop
  endfacet
  facet normal 0.986636 -0.16294 0
    outer loop
      vertex -2.20684 -0.104421 0
      vertex -2.21537 -0.156072 2.2
      vertex -2.21537 -0.156072 0
    endloop
  endfacet
  facet normal 0.973867 0.22712 0
    outer loop
      vertex -2.21537 0.156072 2.2
      vertex -2.22726 0.207055 0
      vertex -2.22726 0.207055 2.2
    endloop
  endfacet
  facet normal 0.973867 0.22712 0
    outer loop
      vertex -2.22726 0.207055 0
      vertex -2.21537 0.156072 2.2
      vertex -2.21537 0.156072 0
    endloop
  endfacet
  facet normal -0.881908 -0.471421 0
    outer loop
      vertex -3.69282 -0.4 0
      vertex -3.7175 -0.35383 2.4
      vertex -3.7175 -0.35383 0
    endloop
  endfacet
  facet normal -0.881908 -0.471421 0
    outer loop
      vertex -3.7175 -0.35383 2.4
      vertex -3.69282 -0.4 0
      vertex -3.69282 -0.4 2.4
    endloop
  endfacet
  facet normal -0.999466 -0.0326645 0
    outer loop
      vertex -3.79829 -0.0523224 0
      vertex -3.8 0 2.4
      vertex -3.8 0 0
    endloop
  endfacet
  facet normal -0.999466 -0.0326645 0
    outer loop
      vertex -3.8 0 2.4
      vertex -3.79829 -0.0523224 0
      vertex -3.79829 -0.0523224 2.4
    endloop
  endfacet
  facet normal -0.973867 0.22712 0
    outer loop
      vertex -3.78463 0.156072 0
      vertex -3.77274 0.207055 2.4
      vertex -3.77274 0.207055 0
    endloop
  endfacet
  facet normal -0.973867 0.22712 0
    outer loop
      vertex -3.77274 0.207055 2.4
      vertex -3.78463 0.156072 0
      vertex -3.78463 0.156072 2.4
    endloop
  endfacet
  facet normal -0.995187 0.0979932 0
    outer loop
      vertex -3.79829 0.0523224 0
      vertex -3.79316 0.104421 2.4
      vertex -3.79316 0.104421 0
    endloop
  endfacet
  facet normal -0.995187 0.0979932 0
    outer loop
      vertex -3.79316 0.104421 2.4
      vertex -3.79829 0.0523224 0
      vertex -3.79829 0.0523224 2.4
    endloop
  endfacet
  facet normal 0.995187 -0.0979932 0
    outer loop
      vertex -2.20684 -0.104421 2.2
      vertex -2.20171 -0.0523224 0
      vertex -2.20171 -0.0523224 2.2
    endloop
  endfacet
  facet normal 0.995187 -0.0979932 0
    outer loop
      vertex -2.20171 -0.0523224 0
      vertex -2.20684 -0.104421 2.2
      vertex -2.20684 -0.104421 0
    endloop
  endfacet
  facet normal -0.0327233 0.999464 0
    outer loop
      vertex -3 0.799999 0
      vertex -3.05232 0.798286 2.2
      vertex -3 0.799999 2.2
    endloop
  endfacet
  facet normal -0.0327233 0.999464 0
    outer loop
      vertex -3.05232 0.798286 2.2
      vertex -3 0.799999 0
      vertex -3.05232 0.798286 0
    endloop
  endfacet
  facet normal -0.528108 0.849178 0
    outer loop
      vertex -3.4 0.69282 2.2
      vertex -3.4 0.69282 0
      vertex -3.43465 0.671271 2.2
    endloop
  endfacet
  facet normal -0.527802 0.849367 0
    outer loop
      vertex -3.43465 0.671271 2.2
      vertex -3.44446 0.665175 2.4
      vertex -3.43465 0.671271 2.4
    endloop
  endfacet
  facet normal -0.52804 0.849219 1.4698e-06
    outer loop
      vertex -3.44446 0.665175 0
      vertex -3.43465 0.671271 2.2
      vertex -3.4 0.69282 0
    endloop
  endfacet
  facet normal -0.527802 0.849367 0
    outer loop
      vertex -3.43465 0.671271 2.2
      vertex -3.44446 0.665175 0
      vertex -3.44446 0.665175 2.4
    endloop
  endfacet
  facet normal 0.849241 0.528006 0
    outer loop
      vertex -2.30718 0.4 2.2
      vertex -2.33482 0.444456 0
      vertex -2.33482 0.444456 2.2
    endloop
  endfacet
  facet normal 0.849241 0.528006 0
    outer loop
      vertex -2.33482 0.444456 0
      vertex -2.30718 0.4 2.2
      vertex -2.30718 0.4 0
    endloop
  endfacet
  facet normal -0.986636 0.16294 0
    outer loop
      vertex -3.79316 0.104421 0
      vertex -3.78463 0.156072 2.4
      vertex -3.78463 0.156072 0
    endloop
  endfacet
  facet normal -0.986636 0.16294 0
    outer loop
      vertex -3.78463 0.156072 2.4
      vertex -3.79316 0.104421 0
      vertex -3.79316 0.104421 2.4
    endloop
  endfacet
  facet normal 0.582492 -0.812837 0
    outer loop
      vertex -2.55554 -0.665175 0
      vertex -2.51299 -0.634683 2.2
      vertex -2.55554 -0.665175 2.2
    endloop
  endfacet
  facet normal 0.582492 -0.812837 0
    outer loop
      vertex -2.51299 -0.634683 2.2
      vertex -2.55554 -0.665175 0
      vertex -2.51299 -0.634683 0
    endloop
  endfacet
  facet normal 0.582492 0.812837 -0
    outer loop
      vertex -2.51299 0.634683 0
      vertex -2.55554 0.665175 2.2
      vertex -2.51299 0.634683 2.2
    endloop
  endfacet
  facet normal 0.582492 0.812837 0
    outer loop
      vertex -2.55554 0.665175 2.2
      vertex -2.51299 0.634683 0
      vertex -2.55554 0.665175 0
    endloop
  endfacet
  facet normal 0.41273 0.910853 -0
    outer loop
      vertex -2.64617 0.717498 0
      vertex -2.69385 0.739103 2.2
      vertex -2.64617 0.717498 2.2
    endloop
  endfacet
  facet normal 0.41273 0.910853 0
    outer loop
      vertex -2.69385 0.739103 2.2
      vertex -2.64617 0.717498 0
      vertex -2.69385 0.739103 0
    endloop
  endfacet
  facet normal 0.935911 -0.352237 0
    outer loop
      vertex -2.2609 -0.306147 2.2
      vertex -2.24246 -0.257151 0
      vertex -2.24246 -0.257151 2.2
    endloop
  endfacet
  facet normal 0.935911 -0.352237 0
    outer loop
      vertex -2.24246 -0.257151 0
      vertex -2.2609 -0.306147 2.2
      vertex -2.2609 -0.306147 0
    endloop
  endfacet
  facet normal 0.290309 0.956933 -0
    outer loop
      vertex -2.74285 0.757544 0
      vertex -2.79294 0.77274 2.2
      vertex -2.74285 0.757544 2.2
    endloop
  endfacet
  facet normal 0.290309 0.956933 0
    outer loop
      vertex -2.79294 0.77274 2.2
      vertex -2.74285 0.757544 0
      vertex -2.79294 0.77274 0
    endloop
  endfacet
  facet normal -0.956922 -0.290347 0
    outer loop
      vertex -3.75754 -0.257151 0
      vertex -3.77274 -0.207055 2.4
      vertex -3.77274 -0.207055 0
    endloop
  endfacet
  facet normal -0.956922 -0.290347 0
    outer loop
      vertex -3.77274 -0.207055 2.4
      vertex -3.75754 -0.257151 0
      vertex -3.75754 -0.257151 2.4
    endloop
  endfacet
  facet normal 0.849241 -0.528006 0
    outer loop
      vertex -2.33482 -0.444456 2.2
      vertex -2.30718 -0.4 0
      vertex -2.30718 -0.4 2.2
    endloop
  endfacet
  facet normal 0.849241 -0.528006 0
    outer loop
      vertex -2.30718 -0.4 0
      vertex -2.33482 -0.444456 2.2
      vertex -2.33482 -0.444456 0
    endloop
  endfacet
  facet normal 0.995187 0.0979932 0
    outer loop
      vertex -2.20171 0.0523224 2.2
      vertex -2.20684 0.104421 0
      vertex -2.20684 0.104421 2.2
    endloop
  endfacet
  facet normal 0.995187 0.0979932 0
    outer loop
      vertex -2.20684 0.104421 0
      vertex -2.20171 0.0523224 2.2
      vertex -2.20171 0.0523224 0
    endloop
  endfacet
  facet normal -0.41273 0.910853 0
    outer loop
      vertex -3.30615 0.739103 0
      vertex -3.35383 0.717498 2.2
      vertex -3.30615 0.739103 2.2
    endloop
  endfacet
  facet normal -0.41273 0.910853 0
    outer loop
      vertex -3.35383 0.717498 2.2
      vertex -3.30615 0.739103 0
      vertex -3.35383 0.717498 0
    endloop
  endfacet
  facet normal 0.881908 -0.471421 0
    outer loop
      vertex -2.30718 -0.4 2.2
      vertex -2.2825 -0.35383 0
      vertex -2.2825 -0.35383 2.2
    endloop
  endfacet
  facet normal 0.881908 -0.471421 0
    outer loop
      vertex -2.2825 -0.35383 0
      vertex -2.30718 -0.4 2.2
      vertex -2.30718 -0.4 0
    endloop
  endfacet
  facet normal -0.935911 0.352237 0
    outer loop
      vertex -3.75754 0.257151 0
      vertex -3.7391 0.306147 2.4
      vertex -3.7391 0.306147 0
    endloop
  endfacet
  facet normal -0.935911 0.352237 0
    outer loop
      vertex -3.7391 0.306147 2.4
      vertex -3.75754 0.257151 0
      vertex -3.75754 0.257151 2.4
    endloop
  endfacet
  facet normal -0.812784 -0.582565 0
    outer loop
      vertex -3.63468 -0.487009 0
      vertex -3.66518 -0.444456 2.4
      vertex -3.66518 -0.444456 0
    endloop
  endfacet
  facet normal -0.812784 -0.582565 0
    outer loop
      vertex -3.66518 -0.444456 2.4
      vertex -3.63468 -0.487009 0
      vertex -3.63468 -0.487009 2.4
    endloop
  endfacet
  facet normal -0.973867 -0.22712 0
    outer loop
      vertex -3.77274 -0.207055 0
      vertex -3.78463 -0.156072 2.4
      vertex -3.78463 -0.156072 0
    endloop
  endfacet
  facet normal -0.973867 -0.22712 0
    outer loop
      vertex -3.78463 -0.156072 2.4
      vertex -3.77274 -0.207055 0
      vertex -3.77274 -0.207055 2.4
    endloop
  endfacet
  facet normal 0.812784 -0.582565 0
    outer loop
      vertex -2.36532 -0.487009 2.2
      vertex -2.33482 -0.444456 0
      vertex -2.33482 -0.444456 2.2
    endloop
  endfacet
  facet normal 0.812784 -0.582565 0
    outer loop
      vertex -2.33482 -0.444456 0
      vertex -2.36532 -0.487009 2.2
      vertex -2.36532 -0.487009 0
    endloop
  endfacet
  facet normal -0.995187 -0.0979932 0
    outer loop
      vertex -3.79316 -0.104421 0
      vertex -3.79829 -0.0523224 2.4
      vertex -3.79829 -0.0523224 0
    endloop
  endfacet
  facet normal -0.995187 -0.0979932 0
    outer loop
      vertex -3.79829 -0.0523224 2.4
      vertex -3.79316 -0.104421 0
      vertex -3.79316 -0.104421 2.4
    endloop
  endfacet
  facet normal 0.729927 -0.683525 0
    outer loop
      vertex -2.43431 -0.565685 2.2
      vertex -2.39853 -0.527476 0
      vertex -2.39853 -0.527476 2.2
    endloop
  endfacet
  facet normal 0.729927 -0.683525 0
    outer loop
      vertex -2.39853 -0.527476 0
      vertex -2.43431 -0.565685 2.2
      vertex -2.43431 -0.565685 0
    endloop
  endfacet
  facet normal 0.986636 0.16294 0
    outer loop
      vertex -2.20684 0.104421 2.2
      vertex -2.21537 0.156072 0
      vertex -2.21537 0.156072 2.2
    endloop
  endfacet
  facet normal 0.986636 0.16294 0
    outer loop
      vertex -2.21537 0.156072 0
      vertex -2.20684 0.104421 2.2
      vertex -2.20684 0.104421 0
    endloop
  endfacet
  facet normal 0.162906 0.986642 -0
    outer loop
      vertex -2.84393 0.784628 0
      vertex -2.89558 0.793156 2.2
      vertex -2.84393 0.784628 2.2
    endloop
  endfacet
  facet normal 0.162906 0.986642 0
    outer loop
      vertex -2.89558 0.793156 2.2
      vertex -2.84393 0.784628 0
      vertex -2.89558 0.793156 0
    endloop
  endfacet
  facet normal 0.910899 0.41263 0
    outer loop
      vertex -2.2609 0.306147 2.2
      vertex -2.2825 0.35383 0
      vertex -2.2825 0.35383 2.2
    endloop
  endfacet
  facet normal 0.910899 0.41263 0
    outer loop
      vertex -2.2825 0.35383 0
      vertex -2.2609 0.306147 2.2
      vertex -2.2609 0.306147 0
    endloop
  endfacet
  facet normal -0.634383 -0.773019 0
    outer loop
      vertex -3.52748 -0.601471 0
      vertex -3.48701 -0.634683 2.4
      vertex -3.52748 -0.601471 2.4
    endloop
  endfacet
  facet normal -0.634383 -0.773019 -0
    outer loop
      vertex -3.48701 -0.634683 2.4
      vertex -3.52748 -0.601471 0
      vertex -3.48701 -0.634683 0
    endloop
  endfacet
  facet normal -0.582492 0.812837 0
    outer loop
      vertex -3.44446 0.665175 0
      vertex -3.48701 0.634683 2.4
      vertex -3.44446 0.665175 2.4
    endloop
  endfacet
  facet normal -0.582492 0.812837 0
    outer loop
      vertex -3.48701 0.634683 2.4
      vertex -3.44446 0.665175 0
      vertex -3.48701 0.634683 0
    endloop
  endfacet
  facet normal 0.352228 -0.935914 0
    outer loop
      vertex -2.74285 -0.757544 0
      vertex -2.69385 -0.739103 2.2
      vertex -2.74285 -0.757544 2.2
    endloop
  endfacet
  facet normal 0.352228 -0.935914 0
    outer loop
      vertex -2.69385 -0.739103 2.2
      vertex -2.74285 -0.757544 0
      vertex -2.69385 -0.739103 0
    endloop
  endfacet
  facet normal -0.773014 0.634389 0
    outer loop
      vertex -3.63468 0.487009 0
      vertex -3.60147 0.527476 2.4
      vertex -3.60147 0.527476 0
    endloop
  endfacet
  facet normal -0.773014 0.634389 0
    outer loop
      vertex -3.60147 0.527476 2.4
      vertex -3.63468 0.487009 0
      vertex -3.63468 0.487009 2.4
    endloop
  endfacet
  facet normal 0.0327233 -0.999464 0
    outer loop
      vertex -3 -0.799999 0
      vertex -2.94768 -0.798286 2.2
      vertex -3 -0.799999 2.2
    endloop
  endfacet
  facet normal 0.0327233 -0.999464 0
    outer loop
      vertex -2.94768 -0.798286 2.2
      vertex -3 -0.799999 0
      vertex -2.94768 -0.798286 0
    endloop
  endfacet
  facet normal 0.812784 0.582565 0
    outer loop
      vertex -2.33482 0.444456 2.2
      vertex -2.36532 0.487009 0
      vertex -2.36532 0.487009 2.2
    endloop
  endfacet
  facet normal 0.812784 0.582565 0
    outer loop
      vertex -2.36532 0.487009 0
      vertex -2.33482 0.444456 2.2
      vertex -2.33482 0.444456 0
    endloop
  endfacet
  facet normal -0.956922 0.290347 0
    outer loop
      vertex -3.77274 0.207055 0
      vertex -3.75754 0.257151 2.4
      vertex -3.75754 0.257151 0
    endloop
  endfacet
  facet normal -0.956922 0.290347 0
    outer loop
      vertex -3.75754 0.257151 2.4
      vertex -3.77274 0.207055 0
      vertex -3.77274 0.207055 2.4
    endloop
  endfacet
  facet normal -0.352228 -0.935914 0
    outer loop
      vertex -3.30615 -0.739103 0
      vertex -3.25715 -0.757544 2.2
      vertex -3.30615 -0.739103 2.2
    endloop
  endfacet
  facet normal -0.352228 -0.935914 -0
    outer loop
      vertex -3.25715 -0.757544 2.2
      vertex -3.30615 -0.739103 0
      vertex -3.25715 -0.757544 0
    endloop
  endfacet
  facet normal -0.0979906 -0.995187 0
    outer loop
      vertex -3.10442 -0.793156 0
      vertex -3.05232 -0.798286 2.2
      vertex -3.10442 -0.793156 2.2
    endloop
  endfacet
  facet normal -0.0979906 -0.995187 -0
    outer loop
      vertex -3.05232 -0.798286 2.2
      vertex -3.10442 -0.793156 0
      vertex -3.05232 -0.798286 0
    endloop
  endfacet
  facet normal -0.162906 0.986642 0
    outer loop
      vertex -3.10442 0.793156 0
      vertex -3.15607 0.784628 2.2
      vertex -3.10442 0.793156 2.2
    endloop
  endfacet
  facet normal -0.162906 0.986642 0
    outer loop
      vertex -3.15607 0.784628 2.2
      vertex -3.10442 0.793156 0
      vertex -3.15607 0.784628 0
    endloop
  endfacet
  facet normal -0.527802 -0.849367 0
    outer loop
      vertex -3.44446 -0.665175 2.4
      vertex -3.43465 -0.671271 2.2
      vertex -3.43465 -0.671271 2.4
    endloop
  endfacet
  facet normal -0.527802 -0.849367 0
    outer loop
      vertex -3.44446 -0.665175 0
      vertex -3.43465 -0.671271 2.2
      vertex -3.44446 -0.665175 2.4
    endloop
  endfacet
  facet normal -0.528108 -0.849178 1.88584e-06
    outer loop
      vertex -3.44446 -0.665175 0
      vertex -3.4 -0.69282 2.2
      vertex -3.43465 -0.671271 2.2
    endloop
  endfacet
  facet normal -0.52804 -0.849219 -0
    outer loop
      vertex -3.4 -0.69282 2.2
      vertex -3.44446 -0.665175 0
      vertex -3.4 -0.69282 0
    endloop
  endfacet
  facet normal -0.729927 -0.683525 0
    outer loop
      vertex -3.56569 -0.565685 0
      vertex -3.60147 -0.527476 2.4
      vertex -3.60147 -0.527476 0
    endloop
  endfacet
  facet normal -0.729927 -0.683525 0
    outer loop
      vertex -3.60147 -0.527476 2.4
      vertex -3.56569 -0.565685 0
      vertex -3.56569 -0.565685 2.4
    endloop
  endfacet
  facet normal -0.849241 -0.528006 0
    outer loop
      vertex -3.66518 -0.444456 0
      vertex -3.69282 -0.4 2.4
      vertex -3.69282 -0.4 0
    endloop
  endfacet
  facet normal -0.849241 -0.528006 0
    outer loop
      vertex -3.69282 -0.4 2.4
      vertex -3.66518 -0.444456 0
      vertex -3.66518 -0.444456 2.4
    endloop
  endfacet
  facet normal -0.290309 0.956933 0
    outer loop
      vertex -3.20706 0.77274 0
      vertex -3.25715 0.757544 2.2
      vertex -3.20706 0.77274 2.2
    endloop
  endfacet
  facet normal -0.290309 0.956933 0
    outer loop
      vertex -3.25715 0.757544 2.2
      vertex -3.20706 0.77274 0
      vertex -3.25715 0.757544 0
    endloop
  endfacet
  facet normal 0 0 -1
    outer loop
      vertex -2.20171 -0.0523224 0
      vertex -2.20171 0.0523224 0
      vertex -2.2 0 0
    endloop
  endfacet
  facet normal 0 0 -1
    outer loop
      vertex -2.20684 -0.104421 0
      vertex -2.20171 0.0523224 0
      vertex -2.20171 -0.0523224 0
    endloop
  endfacet
  facet normal 0 0 -1
    outer loop
      vertex -2.20684 -0.104421 0
      vertex -2.20684 0.104421 0
      vertex -2.20171 0.0523224 0
    endloop
  endfacet
  facet normal 0 0 -1
    outer loop
      vertex -2.21537 -0.156072 0
      vertex -2.20684 0.104421 0
      vertex -2.20684 -0.104421 0
    endloop
  endfacet
  facet normal 0 0 -1
    outer loop
      vertex -2.21537 -0.156072 0
      vertex -2.21537 0.156072 0
      vertex -2.20684 0.104421 0
    endloop
  endfacet
  facet normal 0 0 -1
    outer loop
      vertex -2.22726 -0.207055 0
      vertex -2.21537 0.156072 0
      vertex -2.21537 -0.156072 0
    endloop
  endfacet
  facet normal 0 0 -1
    outer loop
      vertex -2.22726 -0.207055 0
      vertex -2.22726 0.207055 0
      vertex -2.21537 0.156072 0
    endloop
  endfacet
  facet normal 0 0 -1
    outer loop
      vertex -2.24246 -0.257151 0
      vertex -2.22726 0.207055 0
      vertex -2.22726 -0.207055 0
    endloop
  endfacet
  facet normal 0 0 -1
    outer loop
      vertex -2.24246 -0.257151 0
      vertex -2.24246 0.257151 0
      vertex -2.22726 0.207055 0
    endloop
  endfacet
  facet normal 0 0 -1
    outer loop
      vertex -2.2609 -0.306147 0
      vertex -2.24246 0.257151 0
      vertex -2.24246 -0.257151 0
    endloop
  endfacet
  facet normal 0 0 -1
    outer loop
      vertex -2.2609 -0.306147 0
      vertex -2.2609 0.306147 0
      vertex -2.24246 0.257151 0
    endloop
  endfacet
  facet normal 0 0 -1
    outer loop
      vertex -2.2825 -0.35383 0
      vertex -2.2609 0.306147 0
      vertex -2.2609 -0.306147 0
    endloop
  endfacet
  facet normal 0 0 -1
    outer loop
      vertex -2.2825 -0.35383 0
      vertex -2.2825 0.35383 0
      vertex -2.2609 0.306147 0
    endloop
  endfacet
  facet normal 0 0 -1
    outer loop
      vertex -2.30718 -0.4 0
      vertex -2.2825 0.35383 0
      vertex -2.2825 -0.35383 0
    endloop
  endfacet
  facet normal 0 0 -1
    outer loop
      vertex -2.30718 -0.4 0
      vertex -2.30718 0.4 0
      vertex -2.2825 0.35383 0
    endloop
  endfacet
  facet normal 0 0 -1
    outer loop
      vertex -2.33482 -0.444456 0
      vertex -2.30718 0.4 0
      vertex -2.30718 -0.4 0
    endloop
  endfacet
  facet normal 0 0 -1
    outer loop
      vertex -2.33482 -0.444456 0
      vertex -2.33482 0.444456 0
      vertex -2.30718 0.4 0
    endloop
  endfacet
  facet normal 0 0 -1
    outer loop
      vertex -2.36532 -0.487009 0
      vertex -2.33482 0.444456 0
      vertex -2.33482 -0.444456 0
    endloop
  endfacet
  facet normal 0 0 -1
    outer loop
      vertex -2.36532 -0.487009 0
      vertex -2.36532 0.487009 0
      vertex -2.33482 0.444456 0
    endloop
  endfacet
  facet normal 0 0 -1
    outer loop
      vertex -2.39853 -0.527476 0
      vertex -2.36532 0.487009 0
      vertex -2.36532 -0.487009 0
    endloop
  endfacet
  facet normal 0 0 -1
    outer loop
      vertex -2.39853 -0.527476 0
      vertex -2.39853 0.527476 0
      vertex -2.36532 0.487009 0
    endloop
  endfacet
  facet normal 0 0 -1
    outer loop
      vertex -2.43431 -0.565685 0
      vertex -2.39853 0.527476 0
      vertex -2.39853 -0.527476 0
    endloop
  endfacet
  facet normal 0 0 -1
    outer loop
      vertex -2.43431 -0.565685 0
      vertex -2.43431 0.565685 0
      vertex -2.39853 0.527476 0
    endloop
  endfacet
  facet normal 0 0 -1
    outer loop
      vertex -2.47252 -0.601471 0
      vertex -2.43431 0.565685 0
      vertex -2.43431 -0.565685 0
    endloop
  endfacet
  facet normal 0 0 -1
    outer loop
      vertex -2.47252 -0.601471 0
      vertex -2.47252 0.601471 0
      vertex -2.43431 0.565685 0
    endloop
  endfacet
  facet normal 0 0 -1
    outer loop
      vertex -2.51299 -0.634683 0
      vertex -2.47252 0.601471 0
      vertex -2.47252 -0.601471 0
    endloop
  endfacet
  facet normal 0 0 -1
    outer loop
      vertex -2.51299 -0.634683 0
      vertex -2.51299 0.634683 0
      vertex -2.47252 0.601471 0
    endloop
  endfacet
  facet normal 0 0 -1
    outer loop
      vertex -2.55554 -0.665175 0
      vertex -2.51299 0.634683 0
      vertex -2.51299 -0.634683 0
    endloop
  endfacet
  facet normal 0 0 -1
    outer loop
      vertex -2.55554 -0.665175 0
      vertex -2.55554 0.665175 0
      vertex -2.51299 0.634683 0
    endloop
  endfacet
  facet normal 0 0 -1
    outer loop
      vertex -2.6 -0.69282 0
      vertex -2.55554 0.665175 0
      vertex -2.55554 -0.665175 0
    endloop
  endfacet
  facet normal 0 0 -1
    outer loop
      vertex -2.6 -0.69282 0
      vertex -2.6 0.69282 0
      vertex -2.55554 0.665175 0
    endloop
  endfacet
  facet normal 0 0 -1
    outer loop
      vertex -2.64617 -0.717498 0
      vertex -2.6 0.69282 0
      vertex -2.6 -0.69282 0
    endloop
  endfacet
  facet normal 0 0 -1
    outer loop
      vertex -2.64617 -0.717498 0
      vertex -2.64617 0.717498 0
      vertex -2.6 0.69282 0
    endloop
  endfacet
  facet normal 0 0 -1
    outer loop
      vertex -2.69385 -0.739103 0
      vertex -2.64617 0.717498 0
      vertex -2.64617 -0.717498 0
    endloop
  endfacet
  facet normal 0 0 -1
    outer loop
      vertex -2.69385 -0.739103 0
      vertex -2.69385 0.739103 0
      vertex -2.64617 0.717498 0
    endloop
  endfacet
  facet normal 0 0 -1
    outer loop
      vertex -2.74285 -0.757544 0
      vertex -2.69385 0.739103 0
      vertex -2.69385 -0.739103 0
    endloop
  endfacet
  facet normal 0 0 -1
    outer loop
      vertex -2.74285 -0.757544 0
      vertex -2.74285 0.757544 0
      vertex -2.69385 0.739103 0
    endloop
  endfacet
  facet normal 0 0 -1
    outer loop
      vertex -2.79294 -0.77274 0
      vertex -2.74285 0.757544 0
      vertex -2.74285 -0.757544 0
    endloop
  endfacet
  facet normal 0 0 -1
    outer loop
      vertex -2.79294 -0.77274 0
      vertex -2.79294 0.77274 0
      vertex -2.74285 0.757544 0
    endloop
  endfacet
  facet normal 0 0 -1
    outer loop
      vertex -2.84393 -0.784628 0
      vertex -2.79294 0.77274 0
      vertex -2.79294 -0.77274 0
    endloop
  endfacet
  facet normal 0 0 -1
    outer loop
      vertex -2.84393 -0.784628 0
      vertex -2.84393 0.784628 0
      vertex -2.79294 0.77274 0
    endloop
  endfacet
  facet normal 0 0 -1
    outer loop
      vertex -2.89558 -0.793156 0
      vertex -2.84393 0.784628 0
      vertex -2.84393 -0.784628 0
    endloop
  endfacet
  facet normal 0 0 -1
    outer loop
      vertex -2.89558 -0.793156 0
      vertex -2.89558 0.793156 0
      vertex -2.84393 0.784628 0
    endloop
  endfacet
  facet normal 0 0 -1
    outer loop
      vertex -2.94768 -0.798286 0
      vertex -2.89558 0.793156 0
      vertex -2.89558 -0.793156 0
    endloop
  endfacet
  facet normal 0 0 -1
    outer loop
      vertex -2.94768 -0.798286 0
      vertex -2.94768 0.798286 0
      vertex -2.89558 0.793156 0
    endloop
  endfacet
  facet normal 0 0 -1
    outer loop
      vertex -3 -0.799999 0
      vertex -2.94768 0.798286 0
      vertex -2.94768 -0.798286 0
    endloop
  endfacet
  facet normal 0 0 -1
    outer loop
      vertex -3 -0.799999 0
      vertex -3 0.799999 0
      vertex -2.94768 0.798286 0
    endloop
  endfacet
  facet normal 0 0 -1
    outer loop
      vertex -3.05232 -0.798286 0
      vertex -3 0.799999 0
      vertex -3 -0.799999 0
    endloop
  endfacet
  facet normal 0 0 -1
    outer loop
      vertex -3.05232 -0.798286 0
      vertex -3.05232 0.798286 0
      vertex -3 0.799999 0
    endloop
  endfacet
  facet normal 0 0 -1
    outer loop
      vertex -3.10442 -0.793156 0
      vertex -3.05232 0.798286 0
      vertex -3.05232 -0.798286 0
    endloop
  endfacet
  facet normal 0 0 -1
    outer loop
      vertex -3.10442 -0.793156 0
      vertex -3.10442 0.793156 0
      vertex -3.05232 0.798286 0
    endloop
  endfacet
  facet normal 0 0 -1
    outer loop
      vertex -3.15607 -0.784628 0
      vertex -3.10442 0.793156 0
      vertex -3.10442 -0.793156 0
    endloop
  endfacet
  facet normal 0 0 -1
    outer loop
      vertex -3.15607 -0.784628 0
      vertex -3.15607 0.784628 0
      vertex -3.10442 0.793156 0
    endloop
  endfacet
  facet normal 0 0 -1
    outer loop
      vertex -3.20706 -0.77274 0
      vertex -3.15607 0.784628 0
      vertex -3.15607 -0.784628 0
    endloop
  endfacet
  facet normal 0 0 -1
    outer loop
      vertex -3.20706 -0.77274 0
      vertex -3.20706 0.77274 0
      vertex -3.15607 0.784628 0
    endloop
  endfacet
  facet normal 0 0 -1
    outer loop
      vertex -3.25715 -0.757544 0
      vertex -3.20706 0.77274 0
      vertex -3.20706 -0.77274 0
    endloop
  endfacet
  facet normal 0 0 -1
    outer loop
      vertex -3.25715 -0.757544 0
      vertex -3.25715 0.757544 0
      vertex -3.20706 0.77274 0
    endloop
  endfacet
  facet normal 0 0 -1
    outer loop
      vertex -3.30615 -0.739103 0
      vertex -3.25715 0.757544 0
      vertex -3.25715 -0.757544 0
    endloop
  endfacet
  facet normal 0 0 -1
    outer loop
      vertex -3.30615 -0.739103 0
      vertex -3.30615 0.739103 0
      vertex -3.25715 0.757544 0
    endloop
  endfacet
  facet normal 0 0 -1
    outer loop
      vertex -3.35383 -0.717498 0
      vertex -3.30615 0.739103 0
      vertex -3.30615 -0.739103 0
    endloop
  endfacet
  facet normal 0 0 -1
    outer loop
      vertex -3.35383 -0.717498 0
      vertex -3.35383 0.717498 0
      vertex -3.30615 0.739103 0
    endloop
  endfacet
  facet normal 0 0 -1
    outer loop
      vertex -3.4 -0.69282 0
      vertex -3.35383 0.717498 0
      vertex -3.35383 -0.717498 0
    endloop
  endfacet
  facet normal 0 0 -1
    outer loop
      vertex -3.4 -0.69282 0
      vertex -3.4 0.69282 0
      vertex -3.35383 0.717498 0
    endloop
  endfacet
  facet normal 0 0 -1
    outer loop
      vertex -3.44446 -0.665175 0
      vertex -3.4 0.69282 0
      vertex -3.4 -0.69282 0
    endloop
  endfacet
  facet normal 0 0 -1
    outer loop
      vertex -3.44446 -0.665175 0
      vertex -3.44446 0.665175 0
      vertex -3.4 0.69282 0
    endloop
  endfacet
  facet normal 0 0 -1
    outer loop
      vertex -3.48701 -0.634683 0
      vertex -3.44446 0.665175 0
      vertex -3.44446 -0.665175 0
    endloop
  endfacet
  facet normal 0 0 -1
    outer loop
      vertex -3.48701 -0.634683 0
      vertex -3.48701 0.634683 0
      vertex -3.44446 0.665175 0
    endloop
  endfacet
  facet normal 0 0 -1
    outer loop
      vertex -3.52748 -0.601471 0
      vertex -3.48701 0.634683 0
      vertex -3.48701 -0.634683 0
    endloop
  endfacet
  facet normal 0 0 -1
    outer loop
      vertex -3.52748 -0.601471 0
      vertex -3.52748 0.601471 0
      vertex -3.48701 0.634683 0
    endloop
  endfacet
  facet normal 0 0 -1
    outer loop
      vertex -3.56569 -0.565685 0
      vertex -3.52748 0.601471 0
      vertex -3.52748 -0.601471 0
    endloop
  endfacet
  facet normal 0 0 -1
    outer loop
      vertex -3.56569 -0.565685 0
      vertex -3.56569 0.565685 0
      vertex -3.52748 0.601471 0
    endloop
  endfacet
  facet normal 0 0 -1
    outer loop
      vertex -3.60147 -0.527476 0
      vertex -3.56569 0.565685 0
      vertex -3.56569 -0.565685 0
    endloop
  endfacet
  facet normal 0 0 -1
    outer loop
      vertex -3.60147 -0.527476 0
      vertex -3.60147 0.527476 0
      vertex -3.56569 0.565685 0
    endloop
  endfacet
  facet normal 0 0 -1
    outer loop
      vertex -3.63468 -0.487009 0
      vertex -3.60147 0.527476 0
      vertex -3.60147 -0.527476 0
    endloop
  endfacet
  facet normal 0 0 -1
    outer loop
      vertex -3.63468 -0.487009 0
      vertex -3.63468 0.487009 0
      vertex -3.60147 0.527476 0
    endloop
  endfacet
  facet normal 0 0 -1
    outer loop
      vertex -3.66518 -0.444456 0
      vertex -3.63468 0.487009 0
      vertex -3.63468 -0.487009 0
    endloop
  endfacet
  facet normal 0 0 -1
    outer loop
      vertex -3.66518 -0.444456 0
      vertex -3.66518 0.444456 0
      vertex -3.63468 0.487009 0
    endloop
  endfacet
  facet normal 0 0 -1
    outer loop
      vertex -3.69282 -0.4 0
      vertex -3.66518 0.444456 0
      vertex -3.66518 -0.444456 0
    endloop
  endfacet
  facet normal 0 0 -1
    outer loop
      vertex -3.69282 -0.4 0
      vertex -3.69282 0.4 0
      vertex -3.66518 0.444456 0
    endloop
  endfacet
  facet normal 0 0 -1
    outer loop
      vertex -3.7175 -0.35383 0
      vertex -3.69282 0.4 0
      vertex -3.69282 -0.4 0
    endloop
  endfacet
  facet normal 0 0 -1
    outer loop
      vertex -3.7175 -0.35383 0
      vertex -3.7175 0.35383 0
      vertex -3.69282 0.4 0
    endloop
  endfacet
  facet normal 0 0 -1
    outer loop
      vertex -3.7391 -0.306147 0
      vertex -3.7175 0.35383 0
      vertex -3.7175 -0.35383 0
    endloop
  endfacet
  facet normal 0 0 -1
    outer loop
      vertex -3.7391 -0.306147 0
      vertex -3.7391 0.306147 0
      vertex -3.7175 0.35383 0
    endloop
  endfacet
  facet normal 0 0 -1
    outer loop
      vertex -3.75754 -0.257151 0
      vertex -3.7391 0.306147 0
      vertex -3.7391 -0.306147 0
    endloop
  endfacet
  facet normal 0 0 -1
    outer loop
      vertex -3.75754 -0.257151 0
      vertex -3.75754 0.257151 0
      vertex -3.7391 0.306147 0
    endloop
  endfacet
  facet normal 0 0 -1
    outer loop
      vertex -3.77274 -0.207055 0
      vertex -3.75754 0.257151 0
      vertex -3.75754 -0.257151 0
    endloop
  endfacet
  facet normal 0 0 -1
    outer loop
      vertex -3.77274 -0.207055 0
      vertex -3.77274 0.207055 0
      vertex -3.75754 0.257151 0
    endloop
  endfacet
  facet normal 0 0 -1
    outer loop
      vertex -3.78463 -0.156072 0
      vertex -3.77274 0.207055 0
      vertex -3.77274 -0.207055 0
    endloop
  endfacet
  facet normal 0 0 -1
    outer loop
      vertex -3.78463 -0.156072 0
      vertex -3.78463 0.156072 0
      vertex -3.77274 0.207055 0
    endloop
  endfacet
  facet normal 0 0 -1
    outer loop
      vertex -3.79316 -0.104421 0
      vertex -3.78463 0.156072 0
      vertex -3.78463 -0.156072 0
    endloop
  endfacet
  facet normal 0 0 -1
    outer loop
      vertex -3.79316 -0.104421 0
      vertex -3.79316 0.104421 0
      vertex -3.78463 0.156072 0
    endloop
  endfacet
  facet normal 0 0 -1
    outer loop
      vertex -3.79829 -0.0523224 0
      vertex -3.79316 0.104421 0
      vertex -3.79316 -0.104421 0
    endloop
  endfacet
  facet normal 0 0 -1
    outer loop
      vertex -3.79829 -0.0523224 0
      vertex -3.79829 0.0523224 0
      vertex -3.79316 0.104421 0
    endloop
  endfacet
  facet normal 0 -0 -1
    outer loop
      vertex -3.79829 0.0523224 0
      vertex -3.79829 -0.0523224 0
      vertex -3.8 0 0
    endloop
  endfacet
  facet normal 0.41273 -0.910853 0
    outer loop
      vertex -2.69385 -0.739103 0
      vertex -2.64617 -0.717498 2.2
      vertex -2.69385 -0.739103 2.2
    endloop
  endfacet
  facet normal 0.41273 -0.910853 0
    outer loop
      vertex -2.64617 -0.717498 2.2
      vertex -2.69385 -0.739103 0
      vertex -2.64617 -0.717498 0
    endloop
  endfacet
  facet normal 0.0979906 -0.995187 0
    outer loop
      vertex -2.94768 -0.798286 0
      vertex -2.89558 -0.793156 2.2
      vertex -2.94768 -0.798286 2.2
    endloop
  endfacet
  facet normal 0.0979906 -0.995187 0
    outer loop
      vertex -2.89558 -0.793156 2.2
      vertex -2.94768 -0.798286 0
      vertex -2.89558 -0.793156 0
    endloop
  endfacet
  facet normal -0.683576 0.729879 0
    outer loop
      vertex -3.52748 0.601471 0
      vertex -3.56569 0.565685 2.4
      vertex -3.52748 0.601471 2.4
    endloop
  endfacet
  facet normal -0.683576 0.729879 0
    outer loop
      vertex -3.56569 0.565685 2.4
      vertex -3.52748 0.601471 0
      vertex -3.56569 0.565685 0
    endloop
  endfacet
  facet normal 0.227055 -0.973882 0
    outer loop
      vertex -2.84393 -0.784628 0
      vertex -2.79294 -0.77274 2.2
      vertex -2.84393 -0.784628 2.2
    endloop
  endfacet
  facet normal 0.227055 -0.973882 0
    outer loop
      vertex -2.79294 -0.77274 2.2
      vertex -2.84393 -0.784628 0
      vertex -2.79294 -0.77274 0
    endloop
  endfacet
  facet normal 0.290309 -0.956933 0
    outer loop
      vertex -2.79294 -0.77274 0
      vertex -2.74285 -0.757544 2.2
      vertex -2.79294 -0.77274 2.2
    endloop
  endfacet
  facet normal 0.290309 -0.956933 0
    outer loop
      vertex -2.74285 -0.757544 2.2
      vertex -2.79294 -0.77274 0
      vertex -2.74285 -0.757544 0
    endloop
  endfacet
  facet normal 0.729927 0.683525 0
    outer loop
      vertex -2.39853 0.527476 2.2
      vertex -2.43431 0.565685 0
      vertex -2.43431 0.565685 2.2
    endloop
  endfacet
  facet normal 0.729927 0.683525 0
    outer loop
      vertex -2.43431 0.565685 0
      vertex -2.39853 0.527476 2.2
      vertex -2.39853 0.527476 0
    endloop
  endfacet
  facet normal -0.881908 0.471421 0
    outer loop
      vertex -3.7175 0.35383 0
      vertex -3.69282 0.4 2.4
      vertex -3.69282 0.4 0
    endloop
  endfacet
  facet normal -0.881908 0.471421 0
    outer loop
      vertex -3.69282 0.4 2.4
      vertex -3.7175 0.35383 0
      vertex -3.7175 0.35383 2.4
    endloop
  endfacet
  facet normal -0.41273 -0.910853 0
    outer loop
      vertex -3.35383 -0.717498 0
      vertex -3.30615 -0.739103 2.2
      vertex -3.35383 -0.717498 2.2
    endloop
  endfacet
  facet normal -0.41273 -0.910853 -0
    outer loop
      vertex -3.30615 -0.739103 2.2
      vertex -3.35383 -0.717498 0
      vertex -3.30615 -0.739103 0
    endloop
  endfacet
  facet normal 0.471391 0.881924 -0
    outer loop
      vertex -2.6 0.69282 0
      vertex -2.64617 0.717498 2.2
      vertex -2.6 0.69282 2.2
    endloop
  endfacet
  facet normal 0.471391 0.881924 0
    outer loop
      vertex -2.64617 0.717498 2.2
      vertex -2.6 0.69282 0
      vertex -2.64617 0.717498 0
    endloop
  endfacet
  facet normal -0.910899 0.41263 0
    outer loop
      vertex -3.7391 0.306147 0
      vertex -3.7175 0.35383 2.4
      vertex -3.7175 0.35383 0
    endloop
  endfacet
  facet normal -0.910899 0.41263 0
    outer loop
      vertex -3.7175 0.35383 2.4
      vertex -3.7391 0.306147 0
      vertex -3.7391 0.306147 2.4
    endloop
  endfacet
  facet normal -0.227055 0.973882 0
    outer loop
      vertex -3.15607 0.784628 0
      vertex -3.20706 0.77274 2.2
      vertex -3.15607 0.784628 2.2
    endloop
  endfacet
  facet normal -0.227055 0.973882 0
    outer loop
      vertex -3.20706 0.77274 2.2
      vertex -3.15607 0.784628 0
      vertex -3.20706 0.77274 0
    endloop
  endfacet
  facet normal -0.0979906 0.995187 0
    outer loop
      vertex -3.05232 0.798286 0
      vertex -3.10442 0.793156 2.2
      vertex -3.05232 0.798286 2.2
    endloop
  endfacet
  facet normal -0.0979906 0.995187 0
    outer loop
      vertex -3.10442 0.793156 2.2
      vertex -3.05232 0.798286 0
      vertex -3.10442 0.793156 0
    endloop
  endfacet
  facet normal -0.683576 -0.729879 0
    outer loop
      vertex -3.56569 -0.565685 0
      vertex -3.52748 -0.601471 2.4
      vertex -3.56569 -0.565685 2.4
    endloop
  endfacet
  facet normal -0.683576 -0.729879 -0
    outer loop
      vertex -3.52748 -0.601471 2.4
      vertex -3.56569 -0.565685 0
      vertex -3.52748 -0.601471 0
    endloop
  endfacet
  facet normal 0.52804 0.849219 -0
    outer loop
      vertex -2.55554 0.665175 0
      vertex -2.6 0.69282 2.2
      vertex -2.55554 0.665175 2.2
    endloop
  endfacet
  facet normal 0.52804 0.849219 0
    outer loop
      vertex -2.6 0.69282 2.2
      vertex -2.55554 0.665175 0
      vertex -2.6 0.69282 0
    endloop
  endfacet
  facet normal 0.973867 -0.22712 0
    outer loop
      vertex -2.22726 -0.207055 2.2
      vertex -2.21537 -0.156072 0
      vertex -2.21537 -0.156072 2.2
    endloop
  endfacet
  facet normal 0.973867 -0.22712 0
    outer loop
      vertex -2.21537 -0.156072 0
      vertex -2.22726 -0.207055 2.2
      vertex -2.22726 -0.207055 0
    endloop
  endfacet
  facet normal -0.0327233 -0.999464 0
    outer loop
      vertex -3.05232 -0.798286 0
      vertex -3 -0.799999 2.2
      vertex -3.05232 -0.798286 2.2
    endloop
  endfacet
  facet normal -0.0327233 -0.999464 -0
    outer loop
      vertex -3 -0.799999 2.2
      vertex -3.05232 -0.798286 0
      vertex -3 -0.799999 0
    endloop
  endfacet
  facet normal -0.582492 -0.812837 0
    outer loop
      vertex -3.48701 -0.634683 0
      vertex -3.44446 -0.665175 2.4
      vertex -3.48701 -0.634683 2.4
    endloop
  endfacet
  facet normal -0.582492 -0.812837 -0
    outer loop
      vertex -3.44446 -0.665175 2.4
      vertex -3.48701 -0.634683 0
      vertex -3.44446 -0.665175 0
    endloop
  endfacet
  facet normal 0.683576 -0.729879 0
    outer loop
      vertex -2.47252 -0.601471 0
      vertex -2.43431 -0.565685 2.2
      vertex -2.47252 -0.601471 2.2
    endloop
  endfacet
  facet normal 0.683576 -0.729879 0
    outer loop
      vertex -2.43431 -0.565685 2.2
      vertex -2.47252 -0.601471 0
      vertex -2.43431 -0.565685 0
    endloop
  endfacet
  facet normal 0.634383 -0.773019 0
    outer loop
      vertex -2.51299 -0.634683 0
      vertex -2.47252 -0.601471 2.2
      vertex -2.51299 -0.634683 2.2
    endloop
  endfacet
  facet normal 0.634383 -0.773019 0
    outer loop
      vertex -2.47252 -0.601471 2.2
      vertex -2.51299 -0.634683 0
      vertex -2.47252 -0.601471 0
    endloop
  endfacet
  facet normal -0.352228 0.935914 0
    outer loop
      vertex -3.25715 0.757544 0
      vertex -3.30615 0.739103 2.2
      vertex -3.25715 0.757544 2.2
    endloop
  endfacet
  facet normal -0.352228 0.935914 0
    outer loop
      vertex -3.30615 0.739103 2.2
      vertex -3.25715 0.757544 0
      vertex -3.30615 0.739103 0
    endloop
  endfacet
  facet normal -0.986636 -0.16294 0
    outer loop
      vertex -3.78463 -0.156072 0
      vertex -3.79316 -0.104421 2.4
      vertex -3.79316 -0.104421 0
    endloop
  endfacet
  facet normal -0.986636 -0.16294 0
    outer loop
      vertex -3.79316 -0.104421 2.4
      vertex -3.78463 -0.156072 0
      vertex -3.78463 -0.156072 2.4
    endloop
  endfacet
  facet normal 0.773014 0.634389 0
    outer loop
      vertex -2.36532 0.487009 2.2
      vertex -2.39853 0.527476 0
      vertex -2.39853 0.527476 2.2
    endloop
  endfacet
  facet normal 0.773014 0.634389 0
    outer loop
      vertex -2.39853 0.527476 0
      vertex -2.36532 0.487009 2.2
      vertex -2.36532 0.487009 0
    endloop
  endfacet
  facet normal 0.999466 -0.0326645 0
    outer loop
      vertex -2.20171 -0.0523224 2.2
      vertex -2.2 0 0
      vertex -2.2 0 2.2
    endloop
  endfacet
  facet normal 0.999466 -0.0326645 0
    outer loop
      vertex -2.2 0 0
      vertex -2.20171 -0.0523224 2.2
      vertex -2.20171 -0.0523224 0
    endloop
  endfacet
  facet normal 0.935911 0.352237 0
    outer loop
      vertex -2.24246 0.257151 2.2
      vertex -2.2609 0.306147 0
      vertex -2.2609 0.306147 2.2
    endloop
  endfacet
  facet normal 0.935911 0.352237 0
    outer loop
      vertex -2.2609 0.306147 0
      vertex -2.24246 0.257151 2.2
      vertex -2.24246 0.257151 0
    endloop
  endfacet
  facet normal -0.162906 -0.986642 0
    outer loop
      vertex -3.15607 -0.784628 0
      vertex -3.10442 -0.793156 2.2
      vertex -3.15607 -0.784628 2.2
    endloop
  endfacet
  facet normal -0.162906 -0.986642 -0
    outer loop
      vertex -3.10442 -0.793156 2.2
      vertex -3.15607 -0.784628 0
      vertex -3.10442 -0.793156 0
    endloop
  endfacet
  facet normal 0.162906 -0.986642 0
    outer loop
      vertex -2.89558 -0.793156 0
      vertex -2.84393 -0.784628 2.2
      vertex -2.89558 -0.793156 2.2
    endloop
  endfacet
  facet normal 0.162906 -0.986642 0
    outer loop
      vertex -2.84393 -0.784628 2.2
      vertex -2.89558 -0.793156 0
      vertex -2.84393 -0.784628 0
    endloop
  endfacet
  facet normal -0.812784 0.582565 0
    outer loop
      vertex -3.66518 0.444456 0
      vertex -3.63468 0.487009 2.4
      vertex -3.63468 0.487009 0
    endloop
  endfacet
  facet normal -0.812784 0.582565 0
    outer loop
      vertex -3.63468 0.487009 2.4
      vertex -3.66518 0.444456 0
      vertex -3.66518 0.444456 2.4
    endloop
  endfacet
  facet normal -0.634383 0.773019 0
    outer loop
      vertex -3.48701 0.634683 0
      vertex -3.52748 0.601471 2.4
      vertex -3.48701 0.634683 2.4
    endloop
  endfacet
  facet normal -0.634383 0.773019 0
    outer loop
      vertex -3.52748 0.601471 2.4
      vertex -3.48701 0.634683 0
      vertex -3.52748 0.601471 0
    endloop
  endfacet
  facet normal 0.956922 -0.290347 0
    outer loop
      vertex -2.24246 -0.257151 2.2
      vertex -2.22726 -0.207055 0
      vertex -2.22726 -0.207055 2.2
    endloop
  endfacet
  facet normal 0.956922 -0.290347 0
    outer loop
      vertex -2.22726 -0.207055 0
      vertex -2.24246 -0.257151 2.2
      vertex -2.24246 -0.257151 0
    endloop
  endfacet
  facet normal 0.0979906 0.995187 -0
    outer loop
      vertex -2.89558 0.793156 0
      vertex -2.94768 0.798286 2.2
      vertex -2.89558 0.793156 2.2
    endloop
  endfacet
  facet normal 0.0979906 0.995187 0
    outer loop
      vertex -2.94768 0.798286 2.2
      vertex -2.89558 0.793156 0
      vertex -2.94768 0.798286 0
    endloop
  endfacet
  facet normal 0.352228 0.935914 -0
    outer loop
      vertex -2.69385 0.739103 0
      vertex -2.74285 0.757544 2.2
      vertex -2.69385 0.739103 2.2
    endloop
  endfacet
  facet normal 0.352228 0.935914 0
    outer loop
      vertex -2.74285 0.757544 2.2
      vertex -2.69385 0.739103 0
      vertex -2.74285 0.757544 0
    endloop
  endfacet
  facet normal 0.956922 0.290347 0
    outer loop
      vertex -2.22726 0.207055 2.2
      vertex -2.24246 0.257151 0
      vertex -2.24246 0.257151 2.2
    endloop
  endfacet
  facet normal 0.956922 0.290347 0
    outer loop
      vertex -2.24246 0.257151 0
      vertex -2.22726 0.207055 2.2
      vertex -2.22726 0.207055 0
    endloop
  endfacet
  facet normal 0.52804 -0.849219 0
    outer loop
      vertex -2.6 -0.69282 0
      vertex -2.55554 -0.665175 2.2
      vertex -2.6 -0.69282 2.2
    endloop
  endfacet
  facet normal 0.52804 -0.849219 0
    outer loop
      vertex -2.55554 -0.665175 2.2
      vertex -2.6 -0.69282 0
      vertex -2.55554 -0.665175 0
    endloop
  endfacet
  facet normal 0.634383 0.773019 -0
    outer loop
      vertex -2.47252 0.601471 0
      vertex -2.51299 0.634683 2.2
      vertex -2.47252 0.601471 2.2
    endloop
  endfacet
  facet normal 0.634383 0.773019 0
    outer loop
      vertex -2.51299 0.634683 2.2
      vertex -2.47252 0.601471 0
      vertex -2.51299 0.634683 0
    endloop
  endfacet
  facet normal 0.999466 0.0326645 0
    outer loop
      vertex -2.2 0 2.2
      vertex -2.20171 0.0523224 0
      vertex -2.20171 0.0523224 2.2
    endloop
  endfacet
  facet normal 0.999466 0.0326645 0
    outer loop
      vertex -2.20171 0.0523224 0
      vertex -2.2 0 2.2
      vertex -2.2 0 0
    endloop
  endfacet
  facet normal -0.729927 0.683525 0
    outer loop
      vertex -3.60147 0.527476 0
      vertex -3.56569 0.565685 2.4
      vertex -3.56569 0.565685 0
    endloop
  endfacet
  facet normal -0.729927 0.683525 0
    outer loop
      vertex -3.56569 0.565685 2.4
      vertex -3.60147 0.527476 0
      vertex -3.60147 0.527476 2.4
    endloop
  endfacet
  facet normal -0.773014 -0.634389 0
    outer loop
      vertex -3.60147 -0.527476 0
      vertex -3.63468 -0.487009 2.4
      vertex -3.63468 -0.487009 0
    endloop
  endfacet
  facet normal -0.773014 -0.634389 0
    outer loop
      vertex -3.63468 -0.487009 2.4
      vertex -3.60147 -0.527476 0
      vertex -3.60147 -0.527476 2.4
    endloop
  endfacet
  facet normal 0.0327233 0.999464 -0
    outer loop
      vertex -2.94768 0.798286 0
      vertex -3 0.799999 2.2
      vertex -2.94768 0.798286 2.2
    endloop
  endfacet
  facet normal 0.0327233 0.999464 0
    outer loop
      vertex -3 0.799999 2.2
      vertex -2.94768 0.798286 0
      vertex -3 0.799999 0
    endloop
  endfacet
  facet normal 0.881908 0.471421 0
    outer loop
      vertex -2.2825 0.35383 2.2
      vertex -2.30718 0.4 0
      vertex -2.30718 0.4 2.2
    endloop
  endfacet
  facet normal 0.881908 0.471421 0
    outer loop
      vertex -2.30718 0.4 0
      vertex -2.2825 0.35383 2.2
      vertex -2.2825 0.35383 0
    endloop
  endfacet
  facet normal -0.290309 -0.956933 0
    outer loop
      vertex -3.25715 -0.757544 0
      vertex -3.20706 -0.77274 2.2
      vertex -3.25715 -0.757544 2.2
    endloop
  endfacet
  facet normal -0.290309 -0.956933 -0
    outer loop
      vertex -3.20706 -0.77274 2.2
      vertex -3.25715 -0.757544 0
      vertex -3.20706 -0.77274 0
    endloop
  endfacet
  facet normal -0.471391 -0.881924 0
    outer loop
      vertex -3.4 -0.69282 0
      vertex -3.35383 -0.717498 2.2
      vertex -3.4 -0.69282 2.2
    endloop
  endfacet
  facet normal -0.471391 -0.881924 -0
    outer loop
      vertex -3.35383 -0.717498 2.2
      vertex -3.4 -0.69282 0
      vertex -3.35383 -0.717498 0
    endloop
  endfacet
  facet normal 0.773014 -0.634389 0
    outer loop
      vertex -2.39853 -0.527476 2.2
      vertex -2.36532 -0.487009 0
      vertex -2.36532 -0.487009 2.2
    endloop
  endfacet
  facet normal 0.773014 -0.634389 0
    outer loop
      vertex -2.36532 -0.487009 0
      vertex -2.39853 -0.527476 2.2
      vertex -2.39853 -0.527476 0
    endloop
  endfacet
  facet normal 0.227055 0.973882 -0
    outer loop
      vertex -2.79294 0.77274 0
      vertex -2.84393 0.784628 2.2
      vertex -2.79294 0.77274 2.2
    endloop
  endfacet
  facet normal 0.227055 0.973882 0
    outer loop
      vertex -2.84393 0.784628 2.2
      vertex -2.79294 0.77274 0
      vertex -2.84393 0.784628 0
    endloop
  endfacet
  facet normal 0.471391 -0.881924 0
    outer loop
      vertex -2.64617 -0.717498 0
      vertex -2.6 -0.69282 2.2
      vertex -2.64617 -0.717498 2.2
    endloop
  endfacet
  facet normal 0.471391 -0.881924 0
    outer loop
      vertex -2.6 -0.69282 2.2
      vertex -2.64617 -0.717498 0
      vertex -2.6 -0.69282 0
    endloop
  endfacet
  facet normal -0.849241 0.528006 0
    outer loop
      vertex -3.69282 0.4 0
      vertex -3.66518 0.444456 2.4
      vertex -3.66518 0.444456 0
    endloop
  endfacet
  facet normal -0.849241 0.528006 0
    outer loop
      vertex -3.66518 0.444456 2.4
      vertex -3.69282 0.4 0
      vertex -3.69282 0.4 2.4
    endloop
  endfacet
  facet normal -0.227055 -0.973882 0
    outer loop
      vertex -3.20706 -0.77274 0
      vertex -3.15607 -0.784628 2.2
      vertex -3.20706 -0.77274 2.2
    endloop
  endfacet
  facet normal -0.227055 -0.973882 -0
    outer loop
      vertex -3.15607 -0.784628 2.2
      vertex -3.20706 -0.77274 0
      vertex -3.15607 -0.784628 0
    endloop
  endfacet
  facet normal -0.471391 0.881924 0
    outer loop
      vertex -3.35383 0.717498 0
      vertex -3.4 0.69282 2.2
      vertex -3.35383 0.717498 2.2
    endloop
  endfacet
  facet normal -0.471391 0.881924 0
    outer loop
      vertex -3.4 0.69282 2.2
      vertex -3.35383 0.717498 0
      vertex -3.4 0.69282 0
    endloop
  endfacet
  facet normal 0.683576 0.729879 -0
    outer loop
      vertex -2.43431 0.565685 0
      vertex -2.47252 0.601471 2.2
      vertex -2.43431 0.565685 2.2
    endloop
  endfacet
  facet normal 0.683576 0.729879 0
    outer loop
      vertex -2.47252 0.601471 2.2
      vertex -2.43431 0.565685 0
      vertex -2.47252 0.601471 0
    endloop
  endfacet
  facet normal 0.910899 -0.41263 0
    outer loop
      vertex -2.2825 -0.35383 2.2
      vertex -2.2609 -0.306147 0
      vertex -2.2609 -0.306147 2.2
    endloop
  endfacet
  facet normal 0.910899 -0.41263 0
    outer loop
      vertex -2.2609 -0.306147 0
      vertex -2.2825 -0.35383 2.2
      vertex -2.2825 -0.35383 0
    endloop
  endfacet
  facet normal -0 0 1
    outer loop
      vertex -3.44446 0.665175 2.4
      vertex -3.47006 0.456841 2.4
      vertex -3.43465 0.671271 2.4
    endloop
  endfacet
  facet normal -0 0 1
    outer loop
      vertex -3.48701 0.634683 2.4
      vertex -3.47006 0.456841 2.4
      vertex -3.44446 0.665175 2.4
    endloop
  endfacet
  facet normal -0 0 1
    outer loop
      vertex -3.52748 0.601471 2.4
      vertex -3.47006 0.456841 2.4
      vertex -3.48701 0.634683 2.4
    endloop
  endfacet
  facet normal -0 0 1
    outer loop
      vertex -3.56569 0.565685 2.4
      vertex -3.47006 0.456841 2.4
      vertex -3.52748 0.601471 2.4
    endloop
  endfacet
  facet normal -0 0 1
    outer loop
      vertex -3.60147 0.527476 2.4
      vertex -3.47006 0.456841 2.4
      vertex -3.56569 0.565685 2.4
    endloop
  endfacet
  facet normal 0 0 1
    outer loop
      vertex -3.47006 -0.456841 2.4
      vertex -3.44446 -0.665175 2.4
      vertex -3.43465 -0.671271 2.4
    endloop
  endfacet
  facet normal 0 0 1
    outer loop
      vertex -3.47006 -0.456841 2.4
      vertex -3.48701 -0.634683 2.4
      vertex -3.44446 -0.665175 2.4
    endloop
  endfacet
  facet normal -0 0 1
    outer loop
      vertex -3.66518 -0.444456 2.4
      vertex -3.47006 -0.456841 2.4
      vertex -3.49251 -0.22891 2.4
    endloop
  endfacet
  facet normal -0 0 1
    outer loop
      vertex -3.78463 -0.156072 2.4
      vertex -3.49251 -0.22891 2.4
      vertex -3.5 0 2.4
    endloop
  endfacet
  facet normal -0 0 1
    outer loop
      vertex -3.63468 0.487009 2.4
      vertex -3.47006 0.456841 2.4
      vertex -3.60147 0.527476 2.4
    endloop
  endfacet
  facet normal 0 0 1
    outer loop
      vertex -3.47006 -0.456841 2.4
      vertex -3.52748 -0.601471 2.4
      vertex -3.48701 -0.634683 2.4
    endloop
  endfacet
  facet normal 0 0 1
    outer loop
      vertex -3.66518 0.444456 2.4
      vertex -3.47006 0.456841 2.4
      vertex -3.63468 0.487009 2.4
    endloop
  endfacet
  facet normal 0 0 1
    outer loop
      vertex -3.47006 -0.456841 2.4
      vertex -3.56569 -0.565685 2.4
      vertex -3.52748 -0.601471 2.4
    endloop
  endfacet
  facet normal 0 0 1
    outer loop
      vertex -3.47006 0.456841 2.4
      vertex -3.66518 0.444456 2.4
      vertex -3.49251 0.22891 2.4
    endloop
  endfacet
  facet normal 0 0 1
    outer loop
      vertex -3.47006 -0.456841 2.4
      vertex -3.60147 -0.527476 2.4
      vertex -3.56569 -0.565685 2.4
    endloop
  endfacet
  facet normal -0 0 1
    outer loop
      vertex -3.69282 0.4 2.4
      vertex -3.49251 0.22891 2.4
      vertex -3.66518 0.444456 2.4
    endloop
  endfacet
  facet normal 0 0 1
    outer loop
      vertex -3.47006 -0.456841 2.4
      vertex -3.63468 -0.487009 2.4
      vertex -3.60147 -0.527476 2.4
    endloop
  endfacet
  facet normal -0 0 1
    outer loop
      vertex -3.7175 0.35383 2.4
      vertex -3.49251 0.22891 2.4
      vertex -3.69282 0.4 2.4
    endloop
  endfacet
  facet normal 0 0 1
    outer loop
      vertex -3.47006 -0.456841 2.4
      vertex -3.66518 -0.444456 2.4
      vertex -3.63468 -0.487009 2.4
    endloop
  endfacet
  facet normal -0 0 1
    outer loop
      vertex -3.7391 0.306147 2.4
      vertex -3.49251 0.22891 2.4
      vertex -3.7175 0.35383 2.4
    endloop
  endfacet
  facet normal 0 0 1
    outer loop
      vertex -3.49251 -0.22891 2.4
      vertex -3.69282 -0.4 2.4
      vertex -3.66518 -0.444456 2.4
    endloop
  endfacet
  facet normal -0 0 1
    outer loop
      vertex -3.75754 0.257151 2.4
      vertex -3.49251 0.22891 2.4
      vertex -3.7391 0.306147 2.4
    endloop
  endfacet
  facet normal 0 0 1
    outer loop
      vertex -3.49251 -0.22891 2.4
      vertex -3.7175 -0.35383 2.4
      vertex -3.69282 -0.4 2.4
    endloop
  endfacet
  facet normal 0 0 1
    outer loop
      vertex -3.77274 0.207055 2.4
      vertex -3.49251 0.22891 2.4
      vertex -3.75754 0.257151 2.4
    endloop
  endfacet
  facet normal 0 0 1
    outer loop
      vertex -3.49251 -0.22891 2.4
      vertex -3.7391 -0.306147 2.4
      vertex -3.7175 -0.35383 2.4
    endloop
  endfacet
  facet normal 0 0 1
    outer loop
      vertex -3.78463 0.156072 2.4
      vertex -3.49251 0.22891 2.4
      vertex -3.77274 0.207055 2.4
    endloop
  endfacet
  facet normal 0 0 1
    outer loop
      vertex -3.49251 -0.22891 2.4
      vertex -3.75754 -0.257151 2.4
      vertex -3.7391 -0.306147 2.4
    endloop
  endfacet
  facet normal 0 0 1
    outer loop
      vertex -3.49251 0.22891 2.4
      vertex -3.78463 0.156072 2.4
      vertex -3.5 0 2.4
    endloop
  endfacet
  facet normal 0 0 1
    outer loop
      vertex -3.49251 -0.22891 2.4
      vertex -3.77274 -0.207055 2.4
      vertex -3.75754 -0.257151 2.4
    endloop
  endfacet
  facet normal -0 0 1
    outer loop
      vertex -3.79316 0.104421 2.4
      vertex -3.5 0 2.4
      vertex -3.78463 0.156072 2.4
    endloop
  endfacet
  facet normal 0 0 1
    outer loop
      vertex -3.49251 -0.22891 2.4
      vertex -3.78463 -0.156072 2.4
      vertex -3.77274 -0.207055 2.4
    endloop
  endfacet
  facet normal -0 0 1
    outer loop
      vertex -3.79829 0.0523224 2.4
      vertex -3.5 0 2.4
      vertex -3.79316 0.104421 2.4
    endloop
  endfacet
  facet normal 0 0 1
    outer loop
      vertex -3.5 0 2.4
      vertex -3.79316 -0.104421 2.4
      vertex -3.78463 -0.156072 2.4
    endloop
  endfacet
  facet normal 0 0 1
    outer loop
      vertex -3.8 0 2.4
      vertex -3.5 0 2.4
      vertex -3.79829 0.0523224 2.4
    endloop
  endfacet
  facet normal 0 0 1
    outer loop
      vertex -3.5 0 2.4
      vertex -3.79829 -0.0523224 2.4
      vertex -3.79316 -0.104421 2.4
    endloop
  endfacet
  facet normal 0 0 1
    outer loop
      vertex -3.5 0 2.4
      vertex -3.8 0 2.4
      vertex -3.79829 -0.0523224 2.4
    endloop
  endfacet
  facet normal 0.849219 0.52804 0
    outer loop
      vertex -0.807179 -2.19808 2.2
      vertex -0.834824 -2.15362 0
      vertex -0.834824 -2.15362 2.2
    endloop
  endfacet
  facet normal 0.849219 0.52804 0
    outer loop
      vertex -0.834824 -2.15362 0
      vertex -0.807179 -2.19808 2.2
      vertex -0.807179 -2.19808 0
    endloop
  endfacet
  facet normal 0.956949 0.290255 0
    outer loop
      vertex -0.727259 -2.39102 2.2
      vertex -0.742455 -2.34092 0
      vertex -0.742455 -2.34092 2.2
    endloop
  endfacet
  facet normal 0.956949 0.290255 0
    outer loop
      vertex -0.742455 -2.34092 0
      vertex -0.727259 -2.39102 2.2
      vertex -0.727259 -2.39102 0
    endloop
  endfacet
  facet normal -0.471272 -0.881988 0
    outer loop
      vertex -1.9 -3.2909 0
      vertex -1.85383 -3.31557 2.4
      vertex -1.9 -3.2909 2.4
    endloop
  endfacet
  facet normal -0.471272 -0.881988 -0
    outer loop
      vertex -1.85383 -3.31557 2.4
      vertex -1.9 -3.2909 0
      vertex -1.85383 -3.31557 0
    endloop
  endfacet
  facet normal 0.93589 0.352291 0
    outer loop
      vertex -0.742455 -2.34092 2.2
      vertex -0.760896 -2.29193 0
      vertex -0.760896 -2.29193 2.2
    endloop
  endfacet
  facet normal 0.93589 0.352291 0
    outer loop
      vertex -0.760896 -2.29193 0
      vertex -0.742455 -2.34092 2.2
      vertex -0.742455 -2.34092 0
    endloop
  endfacet
  facet normal 0.41281 -0.910817 0
    outer loop
      vertex -1.19385 -3.33718 0
      vertex -1.14617 -3.31557 2.4
      vertex -1.19385 -3.33718 2.4
    endloop
  endfacet
  facet normal 0.41281 -0.910817 0
    outer loop
      vertex -1.14617 -3.31557 2.4
      vertex -1.19385 -3.33718 0
      vertex -1.14617 -3.31557 0
    endloop
  endfacet
  facet normal -0.683617 0.729841 0
    outer loop
      vertex -2.02748 -1.9966 0
      vertex -2.06569 -2.03239 2.2
      vertex -2.02748 -1.9966 2.2
    endloop
  endfacet
  facet normal -0.683617 0.729841 0
    outer loop
      vertex -2.06569 -2.03239 2.2
      vertex -2.02748 -1.9966 0
      vertex -2.06569 -2.03239 0
    endloop
  endfacet
  facet normal 0.290204 0.956965 -0
    outer loop
      vertex -1.24285 -1.84053 0
      vertex -1.29294 -1.82534 2.2
      vertex -1.24285 -1.84053 2.2
    endloop
  endfacet
  facet normal 0.290204 0.956965 0
    outer loop
      vertex -1.29294 -1.82534 2.2
      vertex -1.24285 -1.84053 0
      vertex -1.29294 -1.82534 0
    endloop
  endfacet
  facet normal 0.582466 0.812855 -0
    outer loop
      vertex -1.01299 -1.96339 0
      vertex -1.05554 -1.9329 2.2
      vertex -1.01299 -1.96339 2.2
    endloop
  endfacet
  facet normal 0.582466 0.812855 0
    outer loop
      vertex -1.05554 -1.9329 2.2
      vertex -1.01299 -1.96339 0
      vertex -1.05554 -1.9329 0
    endloop
  endfacet
  facet normal 0.849166 -0.528126 0
    outer loop
      vertex -0.834824 -3.04253 2.2
      vertex -0.807179 -2.99808 0
      vertex -0.807179 -2.99808 2.2
    endloop
  endfacet
  facet normal 0.849166 -0.528126 0
    outer loop
      vertex -0.807179 -2.99808 0
      vertex -0.834824 -3.04253 2.2
      vertex -0.834824 -3.04253 0
    endloop
  endfacet
  facet normal -0.528109 -0.849177 0
    outer loop
      vertex -1.94446 -3.26325 0
      vertex -1.9 -3.2909 2.4
      vertex -1.94446 -3.26325 2.4
    endloop
  endfacet
  facet normal -0.528109 -0.849177 -0
    outer loop
      vertex -1.9 -3.2909 2.4
      vertex -1.94446 -3.26325 0
      vertex -1.9 -3.2909 0
    endloop
  endfacet
  facet normal -0.935897 0.352275 0
    outer loop
      vertex -2.25754 -2.34092 0
      vertex -2.2391 -2.29193 2.2
      vertex -2.2391 -2.29193 0
    endloop
  endfacet
  facet normal -0.935897 0.352275 0
    outer loop
      vertex -2.2391 -2.29193 2.2
      vertex -2.25754 -2.34092 0
      vertex -2.25754 -2.34092 2.2
    endloop
  endfacet
  facet normal 0.881924 -0.471391 0
    outer loop
      vertex -0.807179 -2.99808 2.2
      vertex -0.782501 -2.95191 0
      vertex -0.782501 -2.95191 2.2
    endloop
  endfacet
  facet normal 0.881924 -0.471391 0
    outer loop
      vertex -0.782501 -2.95191 0
      vertex -0.807179 -2.99808 2.2
      vertex -0.807179 -2.99808 0
    endloop
  endfacet
  facet normal 0.729879 -0.683576 0
    outer loop
      vertex -0.934314 -3.16376 2.2
      vertex -0.898528 -3.12555 0
      vertex -0.898528 -3.12555 2.2
    endloop
  endfacet
  facet normal 0.729879 -0.683576 0
    outer loop
      vertex -0.898528 -3.12555 0
      vertex -0.934314 -3.16376 2.2
      vertex -0.934314 -3.16376 0
    endloop
  endfacet
  facet normal -0.227091 0.973874 0
    outer loop
      vertex -1.65607 -1.81345 0
      vertex -1.70706 -1.82534 2.2
      vertex -1.65607 -1.81345 2.2
    endloop
  endfacet
  facet normal -0.227091 0.973874 0
    outer loop
      vertex -1.70706 -1.82534 2.2
      vertex -1.65607 -1.81345 0
      vertex -1.70706 -1.82534 0
    endloop
  endfacet
  facet normal 0.973872 -0.227097 0
    outer loop
      vertex -0.727259 -2.80513 2.2
      vertex -0.715371 -2.75415 0
      vertex -0.715371 -2.75415 2.2
    endloop
  endfacet
  facet normal 0.973872 -0.227097 0
    outer loop
      vertex -0.715371 -2.75415 0
      vertex -0.727259 -2.80513 2.2
      vertex -0.727259 -2.80513 0
    endloop
  endfacet
  facet normal 0.227091 0.973874 -0
    outer loop
      vertex -1.29294 -1.82534 0
      vertex -1.34393 -1.81345 2.2
      vertex -1.29294 -1.82534 2.2
    endloop
  endfacet
  facet normal 0.227091 0.973874 0
    outer loop
      vertex -1.34393 -1.81345 2.2
      vertex -1.29294 -1.82534 0
      vertex -1.34393 -1.81345 0
    endloop
  endfacet
  facet normal 0.973872 0.227097 0
    outer loop
      vertex -0.715371 -2.442 2.2
      vertex -0.727259 -2.39102 0
      vertex -0.727259 -2.39102 2.2
    endloop
  endfacet
  facet normal 0.973872 0.227097 0
    outer loop
      vertex -0.727259 -2.39102 0
      vertex -0.715371 -2.442 2.2
      vertex -0.715371 -2.442 0
    endloop
  endfacet
  facet normal -0.22691 -0.973916 0
    outer loop
      vertex -1.70706 -3.37082 0
      vertex -1.65607 -3.3827 2.4
      vertex -1.70706 -3.37082 2.4
    endloop
  endfacet
  facet normal -0.22691 -0.973916 -0
    outer loop
      vertex -1.65607 -3.3827 2.4
      vertex -1.70706 -3.37082 0
      vertex -1.65607 -3.3827 0
    endloop
  endfacet
  facet normal -0.634361 0.773037 0
    outer loop
      vertex -1.98701 -1.96339 0
      vertex -2.02748 -1.9966 2.2
      vertex -1.98701 -1.96339 2.2
    endloop
  endfacet
  facet normal -0.634361 0.773037 0
    outer loop
      vertex -2.02748 -1.9966 2.2
      vertex -1.98701 -1.96339 0
      vertex -2.02748 -1.9966 0
    endloop
  endfacet
  facet normal -0.973864 0.227133 0
    outer loop
      vertex -2.28463 -2.442 0
      vertex -2.27274 -2.39102 2.2
      vertex -2.27274 -2.39102 0
    endloop
  endfacet
  facet normal -0.973864 0.227133 0
    outer loop
      vertex -2.27274 -2.39102 2.2
      vertex -2.28463 -2.442 0
      vertex -2.28463 -2.442 2.2
    endloop
  endfacet
  facet normal -0.729936 -0.683515 0
    outer loop
      vertex -2.06569 -3.16376 0
      vertex -2.10147 -3.12555 2.4
      vertex -2.10147 -3.12555 0
    endloop
  endfacet
  facet normal -0.729936 -0.683515 0
    outer loop
      vertex -2.10147 -3.12555 2.4
      vertex -2.06569 -3.16376 0
      vertex -2.06569 -3.16376 2.4
    endloop
  endfacet
  facet normal 0.634389 -0.773014 0
    outer loop
      vertex -1.01299 -3.23276 0
      vertex -0.972523 -3.19955 2.2
      vertex -1.01299 -3.23276 2.2
    endloop
  endfacet
  facet normal 0.634389 -0.773014 0
    outer loop
      vertex -0.972523 -3.19955 2.2
      vertex -1.01299 -3.23276 0
      vertex -0.972523 -3.19955 0
    endloop
  endfacet
  facet normal 0.352212 -0.93592 0
    outer loop
      vertex -1.24285 -3.35562 0
      vertex -1.19385 -3.33718 2.4
      vertex -1.24285 -3.35562 2.4
    endloop
  endfacet
  facet normal 0.352212 -0.93592 0
    outer loop
      vertex -1.19385 -3.33718 2.4
      vertex -1.24285 -3.35562 0
      vertex -1.19385 -3.33718 0
    endloop
  endfacet
  facet normal 0.0979906 -0.995187 0
    outer loop
      vertex -1.44768 -3.39636 0
      vertex -1.39558 -3.39123 2.4
      vertex -1.44768 -3.39636 2.4
    endloop
  endfacet
  facet normal 0.0979906 -0.995187 0
    outer loop
      vertex -1.39558 -3.39123 2.4
      vertex -1.44768 -3.39636 0
      vertex -1.39558 -3.39123 0
    endloop
  endfacet
  facet normal -0.999467 0.0326598 0
    outer loop
      vertex -2.3 -2.59808 0
      vertex -2.29829 -2.54575 2.2
      vertex -2.29829 -2.54575 0
    endloop
  endfacet
  facet normal -0.999467 0.0326598 0
    outer loop
      vertex -2.29829 -2.54575 2.2
      vertex -2.3 -2.59808 0
      vertex -2.3 -2.59808 2.2
    endloop
  endfacet
  facet normal 0.995187 -0.0979906 0
    outer loop
      vertex -0.706843 -2.7025 2.2
      vertex -0.701713 -2.6504 0
      vertex -0.701713 -2.6504 2.2
    endloop
  endfacet
  facet normal 0.995187 -0.0979906 0
    outer loop
      vertex -0.701713 -2.6504 0
      vertex -0.706843 -2.7025 2.2
      vertex -0.706843 -2.7025 0
    endloop
  endfacet
  facet normal 0.999464 -0.0327233 0
    outer loop
      vertex -0.701713 -2.6504 2.2
      vertex -0.7 -2.59808 0
      vertex -0.7 -2.59808 2.2
    endloop
  endfacet
  facet normal 0.999464 -0.0327233 0
    outer loop
      vertex -0.7 -2.59808 0
      vertex -0.701713 -2.6504 2.2
      vertex -0.701713 -2.6504 0
    endloop
  endfacet
  facet normal -0.849262 0.527971 0
    outer loop
      vertex -2.19282 -2.19808 0
      vertex -2.16518 -2.15362 2.2
      vertex -2.16518 -2.15362 0
    endloop
  endfacet
  facet normal -0.849262 0.527971 0
    outer loop
      vertex -2.16518 -2.15362 2.2
      vertex -2.19282 -2.19808 0
      vertex -2.19282 -2.19808 2.2
    endloop
  endfacet
  facet normal 0.527971 0.849262 -0
    outer loop
      vertex -1.05554 -1.9329 0
      vertex -1.1 -1.90526 2.2
      vertex -1.05554 -1.9329 2.2
    endloop
  endfacet
  facet normal 0.527971 0.849262 0
    outer loop
      vertex -1.1 -1.90526 2.2
      vertex -1.05554 -1.9329 0
      vertex -1.1 -1.90526 0
    endloop
  endfacet
  facet normal 0.162943 -0.986636 0
    outer loop
      vertex -1.39558 -3.39123 0
      vertex -1.34393 -3.3827 2.4
      vertex -1.39558 -3.39123 2.4
    endloop
  endfacet
  facet normal 0.162943 -0.986636 0
    outer loop
      vertex -1.34393 -3.3827 2.4
      vertex -1.39558 -3.39123 0
      vertex -1.34393 -3.3827 0
    endloop
  endfacet
  facet normal -0.41281 -0.910817 0
    outer loop
      vertex -1.85383 -3.31557 0
      vertex -1.80615 -3.33718 2.4
      vertex -1.85383 -3.31557 2.4
    endloop
  endfacet
  facet normal -0.41281 -0.910817 -0
    outer loop
      vertex -1.80615 -3.33718 2.4
      vertex -1.85383 -3.31557 0
      vertex -1.80615 -3.33718 0
    endloop
  endfacet
  facet normal 0.986647 0.162875 0
    outer loop
      vertex -0.706843 -2.49366 2.2
      vertex -0.715371 -2.442 0
      vertex -0.715371 -2.442 2.2
    endloop
  endfacet
  facet normal 0.986647 0.162875 0
    outer loop
      vertex -0.715371 -2.442 0
      vertex -0.706843 -2.49366 2.2
      vertex -0.706843 -2.49366 0
    endloop
  endfacet
  facet normal 0.812837 0.582492 0
    outer loop
      vertex -0.834824 -2.15362 2.2
      vertex -0.865316 -2.11107 0
      vertex -0.865316 -2.11107 2.2
    endloop
  endfacet
  facet normal 0.812837 0.582492 0
    outer loop
      vertex -0.865316 -2.11107 0
      vertex -0.834824 -2.15362 2.2
      vertex -0.834824 -2.15362 0
    endloop
  endfacet
  facet normal 0.0328569 -0.99946 0
    outer loop
      vertex -1.5 -3.39808 0
      vertex -1.44768 -3.39636 2.4
      vertex -1.5 -3.39808 2.4
    endloop
  endfacet
  facet normal 0.0328569 -0.99946 0
    outer loop
      vertex -1.44768 -3.39636 2.4
      vertex -1.5 -3.39808 0
      vertex -1.44768 -3.39636 0
    endloop
  endfacet
  facet normal -0.881866 0.4715 0
    outer loop
      vertex -2.2175 -2.24424 0
      vertex -2.19282 -2.19808 2.2
      vertex -2.19282 -2.19808 0
    endloop
  endfacet
  facet normal -0.881866 0.4715 0
    outer loop
      vertex -2.19282 -2.19808 2.2
      vertex -2.2175 -2.24424 0
      vertex -2.2175 -2.24424 2.2
    endloop
  endfacet
  facet normal -0.986636 -0.162943 0
    outer loop
      vertex -2.28463 -2.75415 0
      vertex -2.29316 -2.7025 2.4
      vertex -2.29316 -2.7025 0
    endloop
  endfacet
  facet normal -0.986636 -0.162943 0
    outer loop
      vertex -2.29316 -2.7025 2.4
      vertex -2.28463 -2.75415 0
      vertex -2.28463 -2.75415 2.4
    endloop
  endfacet
  facet normal 0.683627 0.729832 -0
    outer loop
      vertex -0.934314 -2.03239 0
      vertex -0.972523 -1.9966 2.2
      vertex -0.934314 -2.03239 2.2
    endloop
  endfacet
  facet normal 0.683627 0.729832 0
    outer loop
      vertex -0.972523 -1.9966 2.2
      vertex -0.934314 -2.03239 0
      vertex -0.972523 -1.9966 0
    endloop
  endfacet
  facet normal 0.290379 -0.956912 0
    outer loop
      vertex -1.29294 -3.37082 0
      vertex -1.24285 -3.35562 2.4
      vertex -1.29294 -3.37082 2.4
    endloop
  endfacet
  facet normal 0.290379 -0.956912 0
    outer loop
      vertex -1.24285 -3.35562 2.4
      vertex -1.29294 -3.37082 0
      vertex -1.24285 -3.35562 0
    endloop
  endfacet
  facet normal -0.290379 -0.956912 0
    outer loop
      vertex -1.75715 -3.35562 0
      vertex -1.70706 -3.37082 2.4
      vertex -1.75715 -3.35562 2.4
    endloop
  endfacet
  facet normal -0.290379 -0.956912 -0
    outer loop
      vertex -1.70706 -3.37082 2.4
      vertex -1.75715 -3.35562 0
      vertex -1.70706 -3.37082 0
    endloop
  endfacet
  facet normal -0.910922 0.412579 0
    outer loop
      vertex -2.2391 -2.29193 0
      vertex -2.2175 -2.24424 2.2
      vertex -2.2175 -2.24424 0
    endloop
  endfacet
  facet normal -0.910922 0.412579 0
    outer loop
      vertex -2.2175 -2.24424 2.2
      vertex -2.2391 -2.29193 0
      vertex -2.2391 -2.29193 2.2
    endloop
  endfacet
  facet normal -0.881908 -0.471421 0
    outer loop
      vertex -2.19282 -2.99808 0
      vertex -2.2175 -2.95191 2.4
      vertex -2.2175 -2.95191 0
    endloop
  endfacet
  facet normal -0.881908 -0.471421 0
    outer loop
      vertex -2.2175 -2.95191 2.4
      vertex -2.19282 -2.99808 0
      vertex -2.19282 -2.99808 2.4
    endloop
  endfacet
  facet normal 0.22691 -0.973916 0
    outer loop
      vertex -1.34393 -3.3827 0
      vertex -1.29294 -3.37082 2.4
      vertex -1.34393 -3.3827 2.4
    endloop
  endfacet
  facet normal 0.22691 -0.973916 0
    outer loop
      vertex -1.29294 -3.37082 2.4
      vertex -1.34393 -3.3827 0
      vertex -1.29294 -3.37082 0
    endloop
  endfacet
  facet normal 0.471421 0.881908 -0
    outer loop
      vertex -1.1 -1.90526 0
      vertex -1.14617 -1.88058 2.2
      vertex -1.1 -1.90526 2.2
    endloop
  endfacet
  facet normal 0.471421 0.881908 0
    outer loop
      vertex -1.14617 -1.88058 2.2
      vertex -1.1 -1.90526 0
      vertex -1.14617 -1.88058 0
    endloop
  endfacet
  facet normal -0.0328569 -0.99946 0
    outer loop
      vertex -1.55232 -3.39636 0
      vertex -1.5 -3.39808 2.4
      vertex -1.55232 -3.39636 2.4
    endloop
  endfacet
  facet normal -0.0328569 -0.99946 -0
    outer loop
      vertex -1.5 -3.39808 2.4
      vertex -1.55232 -3.39636 0
      vertex -1.5 -3.39808 0
    endloop
  endfacet
  facet normal -0.0979906 -0.995187 0
    outer loop
      vertex -1.60442 -3.39123 0
      vertex -1.55232 -3.39636 2.4
      vertex -1.60442 -3.39123 2.4
    endloop
  endfacet
  facet normal -0.0979906 -0.995187 -0
    outer loop
      vertex -1.55232 -3.39636 2.4
      vertex -1.60442 -3.39123 0
      vertex -1.55232 -3.39636 0
    endloop
  endfacet
  facet normal -0.956928 0.290325 0
    outer loop
      vertex -2.27274 -2.39102 0
      vertex -2.25754 -2.34092 2.2
      vertex -2.25754 -2.34092 0
    endloop
  endfacet
  facet normal -0.956928 0.290325 0
    outer loop
      vertex -2.25754 -2.34092 2.2
      vertex -2.27274 -2.39102 0
      vertex -2.27274 -2.39102 2.2
    endloop
  endfacet
  facet normal 0.995186 0.0980092 0
    outer loop
      vertex -0.701713 -2.54575 2.2
      vertex -0.706843 -2.49366 0
      vertex -0.706843 -2.49366 2.2
    endloop
  endfacet
  facet normal 0.995186 0.0980092 0
    outer loop
      vertex -0.706843 -2.49366 0
      vertex -0.701713 -2.54575 2.2
      vertex -0.701713 -2.54575 0
    endloop
  endfacet
  facet normal -0.582466 -0.812855 0
    outer loop
      vertex -1.98701 -3.23276 0
      vertex -1.94446 -3.26325 2.4
      vertex -1.98701 -3.23276 2.4
    endloop
  endfacet
  facet normal -0.582466 -0.812855 -0
    outer loop
      vertex -1.94446 -3.26325 2.4
      vertex -1.98701 -3.23276 0
      vertex -1.94446 -3.26325 0
    endloop
  endfacet
  facet normal 0.881882 0.471471 0
    outer loop
      vertex -0.782501 -2.24424 2.2
      vertex -0.807179 -2.19808 0
      vertex -0.807179 -2.19808 2.2
    endloop
  endfacet
  facet normal 0.881882 0.471471 0
    outer loop
      vertex -0.807179 -2.19808 0
      vertex -0.782501 -2.24424 2.2
      vertex -0.782501 -2.24424 0
    endloop
  endfacet
  facet normal -0.0979906 0.995187 0
    outer loop
      vertex -1.55232 -1.79979 0
      vertex -1.60442 -1.80492 2.2
      vertex -1.55232 -1.79979 2.2
    endloop
  endfacet
  facet normal -0.0979906 0.995187 0
    outer loop
      vertex -1.60442 -1.80492 2.2
      vertex -1.55232 -1.79979 0
      vertex -1.60442 -1.80492 0
    endloop
  endfacet
  facet normal -0.162943 0.986636 0
    outer loop
      vertex -1.60442 -1.80492 0
      vertex -1.65607 -1.81345 2.2
      vertex -1.60442 -1.80492 2.2
    endloop
  endfacet
  facet normal -0.162943 0.986636 0
    outer loop
      vertex -1.65607 -1.81345 2.2
      vertex -1.60442 -1.80492 0
      vertex -1.65607 -1.81345 0
    endloop
  endfacet
  facet normal -0.290204 0.956965 0
    outer loop
      vertex -1.70706 -1.82534 0
      vertex -1.75715 -1.84053 2.2
      vertex -1.70706 -1.82534 2.2
    endloop
  endfacet
  facet normal -0.290204 0.956965 0
    outer loop
      vertex -1.75715 -1.84053 2.2
      vertex -1.70706 -1.82534 0
      vertex -1.75715 -1.84053 0
    endloop
  endfacet
  facet normal 0 0 1
    outer loop
      vertex -1.33939 -3.23358 2.4
      vertex -1.14617 -3.31557 2.4
      vertex -1.13599 -3.31013 2.4
    endloop
  endfacet
  facet normal 0 0 1
    outer loop
      vertex -1.14617 -3.31557 2.4
      vertex -1.33939 -3.23358 2.4
      vertex -1.19385 -3.33718 2.4
    endloop
  endfacet
  facet normal 0 0 1
    outer loop
      vertex -1.19385 -3.33718 2.4
      vertex -1.33939 -3.23358 2.4
      vertex -1.24285 -3.35562 2.4
    endloop
  endfacet
  facet normal 0 0 1
    outer loop
      vertex -1.24285 -3.35562 2.4
      vertex -1.33939 -3.23358 2.4
      vertex -1.29294 -3.37082 2.4
    endloop
  endfacet
  facet normal 0 0 1
    outer loop
      vertex -1.33939 -3.23358 2.4
      vertex -1.34393 -3.3827 2.4
      vertex -1.29294 -3.37082 2.4
    endloop
  endfacet
  facet normal 0 0 1
    outer loop
      vertex -1.33939 -3.23358 2.4
      vertex -1.39558 -3.39123 2.4
      vertex -1.34393 -3.3827 2.4
    endloop
  endfacet
  facet normal 0 0 1
    outer loop
      vertex -1.33939 -3.23358 2.4
      vertex -1.44768 -3.39636 2.4
      vertex -1.39558 -3.39123 2.4
    endloop
  endfacet
  facet normal 0 0 1
    outer loop
      vertex -1.54801 -3.13905 2.4
      vertex -1.44768 -3.39636 2.4
      vertex -1.33939 -3.23358 2.4
    endloop
  endfacet
  facet normal 0 0 1
    outer loop
      vertex -1.44768 -3.39636 2.4
      vertex -1.54801 -3.13905 2.4
      vertex -1.5 -3.39808 2.4
    endloop
  endfacet
  facet normal 0 0 1
    outer loop
      vertex -1.54801 -3.13905 2.4
      vertex -1.55232 -3.39636 2.4
      vertex -1.5 -3.39808 2.4
    endloop
  endfacet
  facet normal 0 0 1
    outer loop
      vertex -1.54801 -3.13905 2.4
      vertex -1.60442 -3.39123 2.4
      vertex -1.55232 -3.39636 2.4
    endloop
  endfacet
  facet normal 0 0 1
    outer loop
      vertex -1.54801 -3.13905 2.4
      vertex -1.65607 -3.3827 2.4
      vertex -1.60442 -3.39123 2.4
    endloop
  endfacet
  facet normal 0 0 1
    outer loop
      vertex -1.54801 -3.13905 2.4
      vertex -1.70706 -3.37082 2.4
      vertex -1.65607 -3.3827 2.4
    endloop
  endfacet
  facet normal 0 0 1
    outer loop
      vertex -1.75715 -3.35562 2.4
      vertex -1.54801 -3.13905 2.4
      vertex -1.75 -3.03109 2.4
    endloop
  endfacet
  facet normal 0 0 1
    outer loop
      vertex -1.54801 -3.13905 2.4
      vertex -1.75715 -3.35562 2.4
      vertex -1.70706 -3.37082 2.4
    endloop
  endfacet
  facet normal 0 0 1
    outer loop
      vertex -1.75 -3.03109 2.4
      vertex -1.80615 -3.33718 2.4
      vertex -1.75715 -3.35562 2.4
    endloop
  endfacet
  facet normal 0 0 1
    outer loop
      vertex -1.75 -3.03109 2.4
      vertex -1.85383 -3.31557 2.4
      vertex -1.80615 -3.33718 2.4
    endloop
  endfacet
  facet normal 0 0 1
    outer loop
      vertex -1.75 -3.03109 2.4
      vertex -1.9 -3.2909 2.4
      vertex -1.85383 -3.31557 2.4
    endloop
  endfacet
  facet normal 0 0 1
    outer loop
      vertex -1.75 -3.03109 2.4
      vertex -1.94446 -3.26325 2.4
      vertex -1.9 -3.2909 2.4
    endloop
  endfacet
  facet normal 0 0 1
    outer loop
      vertex -2.02748 -3.19955 2.4
      vertex -1.75 -3.03109 2.4
      vertex -1.9445 -2.91014 2.4
    endloop
  endfacet
  facet normal 0 0 1
    outer loop
      vertex -1.75 -3.03109 2.4
      vertex -1.98701 -3.23276 2.4
      vertex -1.94446 -3.26325 2.4
    endloop
  endfacet
  facet normal 0 0 1
    outer loop
      vertex -1.75 -3.03109 2.4
      vertex -2.02748 -3.19955 2.4
      vertex -1.98701 -3.23276 2.4
    endloop
  endfacet
  facet normal 0 0 1
    outer loop
      vertex -1.9445 -2.91014 2.4
      vertex -2.06569 -3.16376 2.4
      vertex -2.02748 -3.19955 2.4
    endloop
  endfacet
  facet normal 0 0 1
    outer loop
      vertex -1.9445 -2.91014 2.4
      vertex -2.10147 -3.12555 2.4
      vertex -2.06569 -3.16376 2.4
    endloop
  endfacet
  facet normal 0 0 1
    outer loop
      vertex -2.2175 -2.95191 2.4
      vertex -1.9445 -2.91014 2.4
      vertex -2.13066 -2.77674 2.4
    endloop
  endfacet
  facet normal 0 0 1
    outer loop
      vertex -1.9445 -2.91014 2.4
      vertex -2.13468 -3.08508 2.4
      vertex -2.10147 -3.12555 2.4
    endloop
  endfacet
  facet normal 0 0 1
    outer loop
      vertex -1.9445 -2.91014 2.4
      vertex -2.16518 -3.04253 2.4
      vertex -2.13468 -3.08508 2.4
    endloop
  endfacet
  facet normal 0 0 1
    outer loop
      vertex -1.9445 -2.91014 2.4
      vertex -2.19282 -2.99808 2.4
      vertex -2.16518 -3.04253 2.4
    endloop
  endfacet
  facet normal 0 0 1
    outer loop
      vertex -1.9445 -2.91014 2.4
      vertex -2.2175 -2.95191 2.4
      vertex -2.19282 -2.99808 2.4
    endloop
  endfacet
  facet normal 0 0 1
    outer loop
      vertex -2.13066 -2.77674 2.4
      vertex -2.2391 -2.90422 2.4
      vertex -2.2175 -2.95191 2.4
    endloop
  endfacet
  facet normal 0 0 1
    outer loop
      vertex -2.13066 -2.77674 2.4
      vertex -2.25754 -2.85523 2.4
      vertex -2.2391 -2.90422 2.4
    endloop
  endfacet
  facet normal 0 0 1
    outer loop
      vertex -2.13066 -2.77674 2.4
      vertex -2.27274 -2.80513 2.4
      vertex -2.25754 -2.85523 2.4
    endloop
  endfacet
  facet normal 0 0 1
    outer loop
      vertex -2.13066 -2.77674 2.4
      vertex -2.28463 -2.75415 2.4
      vertex -2.27274 -2.80513 2.4
    endloop
  endfacet
  facet normal 0 0 1
    outer loop
      vertex -2.13066 -2.77674 2.4
      vertex -2.29316 -2.7025 2.4
      vertex -2.28463 -2.75415 2.4
    endloop
  endfacet
  facet normal 0 0 1
    outer loop
      vertex -2.13066 -2.77674 2.4
      vertex -2.29829 -2.6504 2.4
      vertex -2.29316 -2.7025 2.4
    endloop
  endfacet
  facet normal -0 -0 1
    outer loop
      vertex -2.29829 -2.6504 2.4
      vertex -2.13066 -2.77674 2.4
      vertex -2.29866 -2.63886 2.4
    endloop
  endfacet
  facet normal 0.910886 -0.412659 0
    outer loop
      vertex -0.782501 -2.95191 2.2
      vertex -0.760896 -2.90422 0
      vertex -0.760896 -2.90422 2.2
    endloop
  endfacet
  facet normal 0.910886 -0.412659 0
    outer loop
      vertex -0.760896 -2.90422 0
      vertex -0.782501 -2.95191 2.2
      vertex -0.782501 -2.95191 0
    endloop
  endfacet
  facet normal -0.162943 -0.986636 0
    outer loop
      vertex -1.65607 -3.3827 0
      vertex -1.60442 -3.39123 2.4
      vertex -1.65607 -3.3827 2.4
    endloop
  endfacet
  facet normal -0.162943 -0.986636 -0
    outer loop
      vertex -1.60442 -3.39123 2.4
      vertex -1.65607 -3.3827 0
      vertex -1.60442 -3.39123 0
    endloop
  endfacet
  facet normal 0.773019 -0.634383 0
    outer loop
      vertex -0.898528 -3.12555 2.2
      vertex -0.865316 -3.08508 0
      vertex -0.865316 -3.08508 2.2
    endloop
  endfacet
  facet normal 0.773019 -0.634383 0
    outer loop
      vertex -0.865316 -3.08508 0
      vertex -0.898528 -3.12555 2.2
      vertex -0.898528 -3.12555 0
    endloop
  endfacet
  facet normal 0.528109 -0.849177 0
    outer loop
      vertex -1.1 -3.2909 0
      vertex -1.05554 -3.26325 2.2
      vertex -1.1 -3.2909 2.2
    endloop
  endfacet
  facet normal 0.528109 -0.849177 0
    outer loop
      vertex -1.05554 -3.26325 2.2
      vertex -1.1 -3.2909 0
      vertex -1.05554 -3.26325 0
    endloop
  endfacet
  facet normal 0.93589 -0.352291 0
    outer loop
      vertex -0.760896 -2.90422 2.2
      vertex -0.742455 -2.85523 0
      vertex -0.742455 -2.85523 2.2
    endloop
  endfacet
  facet normal 0.93589 -0.352291 0
    outer loop
      vertex -0.742455 -2.85523 0
      vertex -0.760896 -2.90422 2.2
      vertex -0.760896 -2.90422 0
    endloop
  endfacet
  facet normal -0.683617 -0.729841 0
    outer loop
      vertex -2.06569 -3.16376 0
      vertex -2.02748 -3.19955 2.4
      vertex -2.06569 -3.16376 2.4
    endloop
  endfacet
  facet normal -0.683617 -0.729841 -0
    outer loop
      vertex -2.02748 -3.19955 2.4
      vertex -2.06569 -3.16376 0
      vertex -2.02748 -3.19955 0
    endloop
  endfacet
  facet normal 0.471308 -0.881969 0
    outer loop
      vertex -1.14617 -3.31557 2.4
      vertex -1.13599 -3.31013 2.2
      vertex -1.13599 -3.31013 2.4
    endloop
  endfacet
  facet normal 0.471308 -0.881969 0
    outer loop
      vertex -1.14617 -3.31557 0
      vertex -1.13599 -3.31013 2.2
      vertex -1.14617 -3.31557 2.4
    endloop
  endfacet
  facet normal 0.471262 -0.881993 2.69573e-07
    outer loop
      vertex -1.14617 -3.31557 0
      vertex -1.1 -3.2909 2.2
      vertex -1.13599 -3.31013 2.2
    endloop
  endfacet
  facet normal 0.471272 -0.881988 0
    outer loop
      vertex -1.1 -3.2909 2.2
      vertex -1.14617 -3.31557 0
      vertex -1.1 -3.2909 0
    endloop
  endfacet
  facet normal -0.41281 0.910817 0
    outer loop
      vertex -1.80615 -1.85897 0
      vertex -1.85383 -1.88058 2.2
      vertex -1.80615 -1.85897 2.2
    endloop
  endfacet
  facet normal -0.41281 0.910817 0
    outer loop
      vertex -1.85383 -1.88058 2.2
      vertex -1.80615 -1.85897 0
      vertex -1.85383 -1.88058 0
    endloop
  endfacet
  facet normal -0.812764 -0.582593 0
    outer loop
      vertex -2.13468 -3.08508 0
      vertex -2.16518 -3.04253 2.4
      vertex -2.16518 -3.04253 0
    endloop
  endfacet
  facet normal -0.812764 -0.582593 0
    outer loop
      vertex -2.16518 -3.04253 2.4
      vertex -2.13468 -3.08508 0
      vertex -2.13468 -3.08508 2.4
    endloop
  endfacet
  facet normal -0.995187 -0.0979906 0
    outer loop
      vertex -2.29316 -2.7025 0
      vertex -2.29829 -2.6504 2.4
      vertex -2.29829 -2.6504 0
    endloop
  endfacet
  facet normal -0.995187 -0.0979906 0
    outer loop
      vertex -2.29829 -2.6504 2.4
      vertex -2.29316 -2.7025 0
      vertex -2.29316 -2.7025 2.4
    endloop
  endfacet
  facet normal -0.999461 -0.0328415 0
    outer loop
      vertex -2.3 -2.59808 0
      vertex -2.29866 -2.63886 2.2
      vertex -2.3 -2.59808 2.2
    endloop
  endfacet
  facet normal -0.999466 -0.032666 3.25618e-06
    outer loop
      vertex -2.29829 -2.6504 0
      vertex -2.29866 -2.63886 2.2
      vertex -2.3 -2.59808 0
    endloop
  endfacet
  facet normal -0.999486 -0.0320459 -0
    outer loop
      vertex -2.29829 -2.6504 2.4
      vertex -2.29866 -2.63886 2.2
      vertex -2.29829 -2.6504 0
    endloop
  endfacet
  facet normal -0.999486 -0.0320459 0
    outer loop
      vertex -2.29866 -2.63886 2.2
      vertex -2.29829 -2.6504 2.4
      vertex -2.29866 -2.63886 2.4
    endloop
  endfacet
  facet normal -0.634361 -0.773037 0
    outer loop
      vertex -2.02748 -3.19955 0
      vertex -1.98701 -3.23276 2.4
      vertex -2.02748 -3.19955 2.4
    endloop
  endfacet
  facet normal -0.634361 -0.773037 -0
    outer loop
      vertex -1.98701 -3.23276 2.4
      vertex -2.02748 -3.19955 0
      vertex -1.98701 -3.23276 0
    endloop
  endfacet
  facet normal 0.812837 -0.582492 0
    outer loop
      vertex -0.865316 -3.08508 2.2
      vertex -0.834824 -3.04253 0
      vertex -0.834824 -3.04253 2.2
    endloop
  endfacet
  facet normal 0.812837 -0.582492 0
    outer loop
      vertex -0.834824 -3.04253 0
      vertex -0.865316 -3.08508 2.2
      vertex -0.865316 -3.08508 0
    endloop
  endfacet
  facet normal 0.986642 -0.162906 0
    outer loop
      vertex -0.715371 -2.75415 2.2
      vertex -0.706843 -2.7025 0
      vertex -0.706843 -2.7025 2.2
    endloop
  endfacet
  facet normal 0.986642 -0.162906 0
    outer loop
      vertex -0.706843 -2.7025 0
      vertex -0.715371 -2.75415 2.2
      vertex -0.715371 -2.75415 0
    endloop
  endfacet
  facet normal 0.582466 -0.812855 0
    outer loop
      vertex -1.05554 -3.26325 0
      vertex -1.01299 -3.23276 2.2
      vertex -1.05554 -3.26325 2.2
    endloop
  endfacet
  facet normal 0.582466 -0.812855 0
    outer loop
      vertex -1.01299 -3.23276 2.2
      vertex -1.05554 -3.26325 0
      vertex -1.01299 -3.23276 0
    endloop
  endfacet
  facet normal -0.935897 -0.352275 0
    outer loop
      vertex -2.2391 -2.90422 0
      vertex -2.25754 -2.85523 2.4
      vertex -2.25754 -2.85523 0
    endloop
  endfacet
  facet normal -0.935897 -0.352275 0
    outer loop
      vertex -2.25754 -2.85523 2.4
      vertex -2.2391 -2.90422 0
      vertex -2.2391 -2.90422 2.4
    endloop
  endfacet
  facet normal -0.910922 -0.412579 0
    outer loop
      vertex -2.2175 -2.95191 0
      vertex -2.2391 -2.90422 2.4
      vertex -2.2391 -2.90422 0
    endloop
  endfacet
  facet normal -0.910922 -0.412579 0
    outer loop
      vertex -2.2391 -2.90422 2.4
      vertex -2.2175 -2.95191 0
      vertex -2.2175 -2.95191 2.4
    endloop
  endfacet
  facet normal -0.582466 0.812855 0
    outer loop
      vertex -1.94446 -1.9329 0
      vertex -1.98701 -1.96339 2.2
      vertex -1.94446 -1.9329 2.2
    endloop
  endfacet
  facet normal -0.582466 0.812855 0
    outer loop
      vertex -1.98701 -1.96339 2.2
      vertex -1.94446 -1.9329 0
      vertex -1.98701 -1.96339 0
    endloop
  endfacet
  facet normal -0.995186 0.0980092 0
    outer loop
      vertex -2.29829 -2.54575 0
      vertex -2.29316 -2.49366 2.2
      vertex -2.29316 -2.49366 0
    endloop
  endfacet
  facet normal -0.995186 0.0980092 0
    outer loop
      vertex -2.29316 -2.49366 2.2
      vertex -2.29829 -2.54575 0
      vertex -2.29829 -2.54575 2.2
    endloop
  endfacet
  facet normal -0.849209 -0.528057 0
    outer loop
      vertex -2.16518 -3.04253 0
      vertex -2.19282 -2.99808 2.4
      vertex -2.19282 -2.99808 0
    endloop
  endfacet
  facet normal -0.849209 -0.528057 0
    outer loop
      vertex -2.19282 -2.99808 2.4
      vertex -2.16518 -3.04253 0
      vertex -2.16518 -3.04253 2.4
    endloop
  endfacet
  facet normal -0.773037 0.634361 0
    outer loop
      vertex -2.13468 -2.11107 0
      vertex -2.10147 -2.0706 2.2
      vertex -2.10147 -2.0706 0
    endloop
  endfacet
  facet normal -0.773037 0.634361 0
    outer loop
      vertex -2.10147 -2.0706 2.2
      vertex -2.13468 -2.11107 0
      vertex -2.13468 -2.11107 2.2
    endloop
  endfacet
  facet normal 0.634389 0.773014 -0
    outer loop
      vertex -0.972523 -1.9966 0
      vertex -1.01299 -1.96339 2.2
      vertex -0.972523 -1.9966 2.2
    endloop
  endfacet
  facet normal 0.634389 0.773014 0
    outer loop
      vertex -1.01299 -1.96339 2.2
      vertex -0.972523 -1.9966 0
      vertex -1.01299 -1.96339 0
    endloop
  endfacet
  facet normal 0 0 -1
    outer loop
      vertex -0.701713 -2.6504 0
      vertex -0.701713 -2.54575 0
      vertex -0.7 -2.59808 0
    endloop
  endfacet
  facet normal 0 0 -1
    outer loop
      vertex -0.706843 -2.7025 0
      vertex -0.701713 -2.54575 0
      vertex -0.701713 -2.6504 0
    endloop
  endfacet
  facet normal 0 0 -1
    outer loop
      vertex -0.706843 -2.7025 0
      vertex -0.706843 -2.49366 0
      vertex -0.701713 -2.54575 0
    endloop
  endfacet
  facet normal 0 0 -1
    outer loop
      vertex -0.715371 -2.75415 0
      vertex -0.706843 -2.49366 0
      vertex -0.706843 -2.7025 0
    endloop
  endfacet
  facet normal 0 0 -1
    outer loop
      vertex -0.715371 -2.75415 0
      vertex -0.715371 -2.442 0
      vertex -0.706843 -2.49366 0
    endloop
  endfacet
  facet normal 0 0 -1
    outer loop
      vertex -0.727259 -2.80513 0
      vertex -0.715371 -2.442 0
      vertex -0.715371 -2.75415 0
    endloop
  endfacet
  facet normal 0 0 -1
    outer loop
      vertex -0.727259 -2.80513 0
      vertex -0.727259 -2.39102 0
      vertex -0.715371 -2.442 0
    endloop
  endfacet
  facet normal 0 0 -1
    outer loop
      vertex -0.742455 -2.85523 0
      vertex -0.727259 -2.39102 0
      vertex -0.727259 -2.80513 0
    endloop
  endfacet
  facet normal 0 0 -1
    outer loop
      vertex -0.742455 -2.85523 0
      vertex -0.742455 -2.34092 0
      vertex -0.727259 -2.39102 0
    endloop
  endfacet
  facet normal 0 0 -1
    outer loop
      vertex -0.760896 -2.90422 0
      vertex -0.742455 -2.34092 0
      vertex -0.742455 -2.85523 0
    endloop
  endfacet
  facet normal 0 0 -1
    outer loop
      vertex -0.760896 -2.90422 0
      vertex -0.760896 -2.29193 0
      vertex -0.742455 -2.34092 0
    endloop
  endfacet
  facet normal 0 0 -1
    outer loop
      vertex -0.782501 -2.95191 0
      vertex -0.760896 -2.29193 0
      vertex -0.760896 -2.90422 0
    endloop
  endfacet
  facet normal 0 0 -1
    outer loop
      vertex -0.782501 -2.95191 0
      vertex -0.782501 -2.24424 0
      vertex -0.760896 -2.29193 0
    endloop
  endfacet
  facet normal 0 0 -1
    outer loop
      vertex -0.807179 -2.99808 0
      vertex -0.782501 -2.24424 0
      vertex -0.782501 -2.95191 0
    endloop
  endfacet
  facet normal 0 0 -1
    outer loop
      vertex -0.807179 -2.99808 0
      vertex -0.807179 -2.19808 0
      vertex -0.782501 -2.24424 0
    endloop
  endfacet
  facet normal 0 0 -1
    outer loop
      vertex -0.834824 -3.04253 0
      vertex -0.807179 -2.19808 0
      vertex -0.807179 -2.99808 0
    endloop
  endfacet
  facet normal 0 0 -1
    outer loop
      vertex -0.834824 -3.04253 0
      vertex -0.834824 -2.15362 0
      vertex -0.807179 -2.19808 0
    endloop
  endfacet
  facet normal 0 0 -1
    outer loop
      vertex -0.865316 -3.08508 0
      vertex -0.834824 -2.15362 0
      vertex -0.834824 -3.04253 0
    endloop
  endfacet
  facet normal 0 0 -1
    outer loop
      vertex -0.865316 -3.08508 0
      vertex -0.865316 -2.11107 0
      vertex -0.834824 -2.15362 0
    endloop
  endfacet
  facet normal 0 0 -1
    outer loop
      vertex -0.898528 -3.12555 0
      vertex -0.865316 -2.11107 0
      vertex -0.865316 -3.08508 0
    endloop
  endfacet
  facet normal 0 0 -1
    outer loop
      vertex -0.898528 -3.12555 0
      vertex -0.898528 -2.0706 0
      vertex -0.865316 -2.11107 0
    endloop
  endfacet
  facet normal 0 0 -1
    outer loop
      vertex -0.934314 -3.16376 0
      vertex -0.898528 -2.0706 0
      vertex -0.898528 -3.12555 0
    endloop
  endfacet
  facet normal 0 0 -1
    outer loop
      vertex -0.934314 -3.16376 0
      vertex -0.934314 -2.03239 0
      vertex -0.898528 -2.0706 0
    endloop
  endfacet
  facet normal 0 0 -1
    outer loop
      vertex -0.972523 -3.19955 0
      vertex -0.934314 -2.03239 0
      vertex -0.934314 -3.16376 0
    endloop
  endfacet
  facet normal 0 0 -1
    outer loop
      vertex -0.972523 -3.19955 0
      vertex -0.972523 -1.9966 0
      vertex -0.934314 -2.03239 0
    endloop
  endfacet
  facet normal 0 0 -1
    outer loop
      vertex -1.01299 -3.23276 0
      vertex -0.972523 -1.9966 0
      vertex -0.972523 -3.19955 0
    endloop
  endfacet
  facet normal 0 0 -1
    outer loop
      vertex -1.01299 -3.23276 0
      vertex -1.01299 -1.96339 0
      vertex -0.972523 -1.9966 0
    endloop
  endfacet
  facet normal 0 0 -1
    outer loop
      vertex -1.05554 -3.26325 0
      vertex -1.01299 -1.96339 0
      vertex -1.01299 -3.23276 0
    endloop
  endfacet
  facet normal 0 0 -1
    outer loop
      vertex -1.05554 -3.26325 0
      vertex -1.05554 -1.9329 0
      vertex -1.01299 -1.96339 0
    endloop
  endfacet
  facet normal 0 0 -1
    outer loop
      vertex -1.1 -3.2909 0
      vertex -1.05554 -1.9329 0
      vertex -1.05554 -3.26325 0
    endloop
  endfacet
  facet normal 0 0 -1
    outer loop
      vertex -1.1 -3.2909 0
      vertex -1.1 -1.90526 0
      vertex -1.05554 -1.9329 0
    endloop
  endfacet
  facet normal 0 0 -1
    outer loop
      vertex -1.14617 -3.31557 0
      vertex -1.1 -1.90526 0
      vertex -1.1 -3.2909 0
    endloop
  endfacet
  facet normal 0 0 -1
    outer loop
      vertex -1.14617 -3.31557 0
      vertex -1.14617 -1.88058 0
      vertex -1.1 -1.90526 0
    endloop
  endfacet
  facet normal 0 0 -1
    outer loop
      vertex -1.19385 -3.33718 0
      vertex -1.14617 -1.88058 0
      vertex -1.14617 -3.31557 0
    endloop
  endfacet
  facet normal 0 0 -1
    outer loop
      vertex -1.19385 -3.33718 0
      vertex -1.19385 -1.85897 0
      vertex -1.14617 -1.88058 0
    endloop
  endfacet
  facet normal 0 0 -1
    outer loop
      vertex -1.24285 -3.35562 0
      vertex -1.19385 -1.85897 0
      vertex -1.19385 -3.33718 0
    endloop
  endfacet
  facet normal 0 0 -1
    outer loop
      vertex -1.24285 -3.35562 0
      vertex -1.24285 -1.84053 0
      vertex -1.19385 -1.85897 0
    endloop
  endfacet
  facet normal 0 0 -1
    outer loop
      vertex -1.29294 -3.37082 0
      vertex -1.24285 -1.84053 0
      vertex -1.24285 -3.35562 0
    endloop
  endfacet
  facet normal 0 0 -1
    outer loop
      vertex -1.29294 -3.37082 0
      vertex -1.29294 -1.82534 0
      vertex -1.24285 -1.84053 0
    endloop
  endfacet
  facet normal 0 0 -1
    outer loop
      vertex -1.34393 -3.3827 0
      vertex -1.29294 -1.82534 0
      vertex -1.29294 -3.37082 0
    endloop
  endfacet
  facet normal 0 0 -1
    outer loop
      vertex -1.34393 -3.3827 0
      vertex -1.34393 -1.81345 0
      vertex -1.29294 -1.82534 0
    endloop
  endfacet
  facet normal 0 0 -1
    outer loop
      vertex -1.39558 -3.39123 0
      vertex -1.34393 -1.81345 0
      vertex -1.34393 -3.3827 0
    endloop
  endfacet
  facet normal 0 0 -1
    outer loop
      vertex -1.39558 -3.39123 0
      vertex -1.39558 -1.80492 0
      vertex -1.34393 -1.81345 0
    endloop
  endfacet
  facet normal 0 0 -1
    outer loop
      vertex -1.44768 -3.39636 0
      vertex -1.39558 -1.80492 0
      vertex -1.39558 -3.39123 0
    endloop
  endfacet
  facet normal 0 0 -1
    outer loop
      vertex -1.44768 -3.39636 0
      vertex -1.44768 -1.79979 0
      vertex -1.39558 -1.80492 0
    endloop
  endfacet
  facet normal 0 0 -1
    outer loop
      vertex -1.5 -3.39808 0
      vertex -1.44768 -1.79979 0
      vertex -1.44768 -3.39636 0
    endloop
  endfacet
  facet normal 0 0 -1
    outer loop
      vertex -1.5 -3.39808 0
      vertex -1.5 -1.79808 0
      vertex -1.44768 -1.79979 0
    endloop
  endfacet
  facet normal 0 0 -1
    outer loop
      vertex -1.55232 -3.39636 0
      vertex -1.5 -1.79808 0
      vertex -1.5 -3.39808 0
    endloop
  endfacet
  facet normal 0 0 -1
    outer loop
      vertex -1.55232 -3.39636 0
      vertex -1.55232 -1.79979 0
      vertex -1.5 -1.79808 0
    endloop
  endfacet
  facet normal 0 0 -1
    outer loop
      vertex -1.60442 -3.39123 0
      vertex -1.55232 -1.79979 0
      vertex -1.55232 -3.39636 0
    endloop
  endfacet
  facet normal 0 0 -1
    outer loop
      vertex -1.60442 -3.39123 0
      vertex -1.60442 -1.80492 0
      vertex -1.55232 -1.79979 0
    endloop
  endfacet
  facet normal 0 0 -1
    outer loop
      vertex -1.65607 -3.3827 0
      vertex -1.60442 -1.80492 0
      vertex -1.60442 -3.39123 0
    endloop
  endfacet
  facet normal 0 0 -1
    outer loop
      vertex -1.65607 -3.3827 0
      vertex -1.65607 -1.81345 0
      vertex -1.60442 -1.80492 0
    endloop
  endfacet
  facet normal 0 0 -1
    outer loop
      vertex -1.70706 -3.37082 0
      vertex -1.65607 -1.81345 0
      vertex -1.65607 -3.3827 0
    endloop
  endfacet
  facet normal 0 0 -1
    outer loop
      vertex -1.70706 -3.37082 0
      vertex -1.70706 -1.82534 0
      vertex -1.65607 -1.81345 0
    endloop
  endfacet
  facet normal 0 0 -1
    outer loop
      vertex -1.75715 -3.35562 0
      vertex -1.70706 -1.82534 0
      vertex -1.70706 -3.37082 0
    endloop
  endfacet
  facet normal 0 0 -1
    outer loop
      vertex -1.75715 -3.35562 0
      vertex -1.75715 -1.84053 0
      vertex -1.70706 -1.82534 0
    endloop
  endfacet
  facet normal 0 0 -1
    outer loop
      vertex -1.80615 -3.33718 0
      vertex -1.75715 -1.84053 0
      vertex -1.75715 -3.35562 0
    endloop
  endfacet
  facet normal 0 0 -1
    outer loop
      vertex -1.80615 -3.33718 0
      vertex -1.80615 -1.85897 0
      vertex -1.75715 -1.84053 0
    endloop
  endfacet
  facet normal 0 0 -1
    outer loop
      vertex -1.85383 -3.31557 0
      vertex -1.80615 -1.85897 0
      vertex -1.80615 -3.33718 0
    endloop
  endfacet
  facet normal 0 0 -1
    outer loop
      vertex -1.85383 -3.31557 0
      vertex -1.85383 -1.88058 0
      vertex -1.80615 -1.85897 0
    endloop
  endfacet
  facet normal 0 0 -1
    outer loop
      vertex -1.9 -3.2909 0
      vertex -1.85383 -1.88058 0
      vertex -1.85383 -3.31557 0
    endloop
  endfacet
  facet normal 0 0 -1
    outer loop
      vertex -1.9 -3.2909 0
      vertex -1.9 -1.90526 0
      vertex -1.85383 -1.88058 0
    endloop
  endfacet
  facet normal 0 0 -1
    outer loop
      vertex -1.94446 -3.26325 0
      vertex -1.9 -1.90526 0
      vertex -1.9 -3.2909 0
    endloop
  endfacet
  facet normal 0 0 -1
    outer loop
      vertex -1.94446 -3.26325 0
      vertex -1.94446 -1.9329 0
      vertex -1.9 -1.90526 0
    endloop
  endfacet
  facet normal 0 0 -1
    outer loop
      vertex -1.98701 -3.23276 0
      vertex -1.94446 -1.9329 0
      vertex -1.94446 -3.26325 0
    endloop
  endfacet
  facet normal 0 0 -1
    outer loop
      vertex -1.98701 -3.23276 0
      vertex -1.98701 -1.96339 0
      vertex -1.94446 -1.9329 0
    endloop
  endfacet
  facet normal 0 0 -1
    outer loop
      vertex -2.02748 -3.19955 0
      vertex -1.98701 -1.96339 0
      vertex -1.98701 -3.23276 0
    endloop
  endfacet
  facet normal 0 0 -1
    outer loop
      vertex -2.02748 -3.19955 0
      vertex -2.02748 -1.9966 0
      vertex -1.98701 -1.96339 0
    endloop
  endfacet
  facet normal 0 0 -1
    outer loop
      vertex -2.06569 -3.16376 0
      vertex -2.02748 -1.9966 0
      vertex -2.02748 -3.19955 0
    endloop
  endfacet
  facet normal 0 0 -1
    outer loop
      vertex -2.06569 -3.16376 0
      vertex -2.06569 -2.03239 0
      vertex -2.02748 -1.9966 0
    endloop
  endfacet
  facet normal 0 0 -1
    outer loop
      vertex -2.10147 -3.12555 0
      vertex -2.06569 -2.03239 0
      vertex -2.06569 -3.16376 0
    endloop
  endfacet
  facet normal 0 0 -1
    outer loop
      vertex -2.10147 -3.12555 0
      vertex -2.10147 -2.0706 0
      vertex -2.06569 -2.03239 0
    endloop
  endfacet
  facet normal 0 0 -1
    outer loop
      vertex -2.13468 -3.08508 0
      vertex -2.10147 -2.0706 0
      vertex -2.10147 -3.12555 0
    endloop
  endfacet
  facet normal 0 0 -1
    outer loop
      vertex -2.13468 -3.08508 0
      vertex -2.13468 -2.11107 0
      vertex -2.10147 -2.0706 0
    endloop
  endfacet
  facet normal 0 0 -1
    outer loop
      vertex -2.16518 -3.04253 0
      vertex -2.13468 -2.11107 0
      vertex -2.13468 -3.08508 0
    endloop
  endfacet
  facet normal 0 0 -1
    outer loop
      vertex -2.16518 -3.04253 0
      vertex -2.16518 -2.15362 0
      vertex -2.13468 -2.11107 0
    endloop
  endfacet
  facet normal 0 0 -1
    outer loop
      vertex -2.19282 -2.99808 0
      vertex -2.16518 -2.15362 0
      vertex -2.16518 -3.04253 0
    endloop
  endfacet
  facet normal 0 0 -1
    outer loop
      vertex -2.19282 -2.99808 0
      vertex -2.19282 -2.19808 0
      vertex -2.16518 -2.15362 0
    endloop
  endfacet
  facet normal 0 0 -1
    outer loop
      vertex -2.2175 -2.95191 0
      vertex -2.19282 -2.19808 0
      vertex -2.19282 -2.99808 0
    endloop
  endfacet
  facet normal 0 0 -1
    outer loop
      vertex -2.2175 -2.95191 0
      vertex -2.2175 -2.24424 0
      vertex -2.19282 -2.19808 0
    endloop
  endfacet
  facet normal 0 0 -1
    outer loop
      vertex -2.2391 -2.90422 0
      vertex -2.2175 -2.24424 0
      vertex -2.2175 -2.95191 0
    endloop
  endfacet
  facet normal 0 0 -1
    outer loop
      vertex -2.2391 -2.90422 0
      vertex -2.2391 -2.29193 0
      vertex -2.2175 -2.24424 0
    endloop
  endfacet
  facet normal 0 0 -1
    outer loop
      vertex -2.25754 -2.85523 0
      vertex -2.2391 -2.29193 0
      vertex -2.2391 -2.90422 0
    endloop
  endfacet
  facet normal 0 0 -1
    outer loop
      vertex -2.25754 -2.85523 0
      vertex -2.25754 -2.34092 0
      vertex -2.2391 -2.29193 0
    endloop
  endfacet
  facet normal 0 0 -1
    outer loop
      vertex -2.27274 -2.80513 0
      vertex -2.25754 -2.34092 0
      vertex -2.25754 -2.85523 0
    endloop
  endfacet
  facet normal 0 0 -1
    outer loop
      vertex -2.27274 -2.80513 0
      vertex -2.27274 -2.39102 0
      vertex -2.25754 -2.34092 0
    endloop
  endfacet
  facet normal 0 0 -1
    outer loop
      vertex -2.28463 -2.75415 0
      vertex -2.27274 -2.39102 0
      vertex -2.27274 -2.80513 0
    endloop
  endfacet
  facet normal 0 0 -1
    outer loop
      vertex -2.28463 -2.75415 0
      vertex -2.28463 -2.442 0
      vertex -2.27274 -2.39102 0
    endloop
  endfacet
  facet normal 0 0 -1
    outer loop
      vertex -2.29316 -2.7025 0
      vertex -2.28463 -2.442 0
      vertex -2.28463 -2.75415 0
    endloop
  endfacet
  facet normal 0 0 -1
    outer loop
      vertex -2.29316 -2.7025 0
      vertex -2.29316 -2.49366 0
      vertex -2.28463 -2.442 0
    endloop
  endfacet
  facet normal 0 0 -1
    outer loop
      vertex -2.29829 -2.6504 0
      vertex -2.29316 -2.49366 0
      vertex -2.29316 -2.7025 0
    endloop
  endfacet
  facet normal 0 0 -1
    outer loop
      vertex -2.29829 -2.6504 0
      vertex -2.29829 -2.54575 0
      vertex -2.29316 -2.49366 0
    endloop
  endfacet
  facet normal 0 -0 -1
    outer loop
      vertex -2.29829 -2.54575 0
      vertex -2.29829 -2.6504 0
      vertex -2.3 -2.59808 0
    endloop
  endfacet
  facet normal 0.352212 0.93592 -0
    outer loop
      vertex -1.19385 -1.85897 0
      vertex -1.24285 -1.84053 2.2
      vertex -1.19385 -1.85897 2.2
    endloop
  endfacet
  facet normal 0.352212 0.93592 0
    outer loop
      vertex -1.24285 -1.84053 2.2
      vertex -1.19385 -1.85897 0
      vertex -1.24285 -1.84053 0
    endloop
  endfacet
  facet normal -0.773037 -0.634361 0
    outer loop
      vertex -2.10147 -3.12555 0
      vertex -2.13468 -3.08508 2.4
      vertex -2.13468 -3.08508 0
    endloop
  endfacet
  facet normal -0.773037 -0.634361 0
    outer loop
      vertex -2.13468 -3.08508 2.4
      vertex -2.10147 -3.12555 0
      vertex -2.10147 -3.12555 2.4
    endloop
  endfacet
  facet normal 0.729879 0.683576 0
    outer loop
      vertex -0.898528 -2.0706 2.2
      vertex -0.934314 -2.03239 0
      vertex -0.934314 -2.03239 2.2
    endloop
  endfacet
  facet normal 0.729879 0.683576 0
    outer loop
      vertex -0.934314 -2.03239 0
      vertex -0.898528 -2.0706 2.2
      vertex -0.898528 -2.0706 0
    endloop
  endfacet
  facet normal 0.41281 0.910817 -0
    outer loop
      vertex -1.14617 -1.88058 0
      vertex -1.19385 -1.85897 2.2
      vertex -1.14617 -1.88058 2.2
    endloop
  endfacet
  facet normal 0.41281 0.910817 0
    outer loop
      vertex -1.19385 -1.85897 2.2
      vertex -1.14617 -1.88058 0
      vertex -1.19385 -1.85897 0
    endloop
  endfacet
  facet normal -0.352212 -0.93592 0
    outer loop
      vertex -1.80615 -3.33718 0
      vertex -1.75715 -3.35562 2.4
      vertex -1.80615 -3.33718 2.4
    endloop
  endfacet
  facet normal -0.352212 -0.93592 -0
    outer loop
      vertex -1.75715 -3.35562 2.4
      vertex -1.80615 -3.33718 0
      vertex -1.75715 -3.35562 0
    endloop
  endfacet
  facet normal 0.683627 -0.729832 0
    outer loop
      vertex -0.972523 -3.19955 0
      vertex -0.934314 -3.16376 2.2
      vertex -0.972523 -3.19955 2.2
    endloop
  endfacet
  facet normal 0.683627 -0.729832 0
    outer loop
      vertex -0.934314 -3.16376 2.2
      vertex -0.972523 -3.19955 0
      vertex -0.934314 -3.16376 0
    endloop
  endfacet
  facet normal -0.527971 0.849262 0
    outer loop
      vertex -1.9 -1.90526 0
      vertex -1.94446 -1.9329 2.2
      vertex -1.9 -1.90526 2.2
    endloop
  endfacet
  facet normal -0.527971 0.849262 0
    outer loop
      vertex -1.94446 -1.9329 2.2
      vertex -1.9 -1.90526 0
      vertex -1.94446 -1.9329 0
    endloop
  endfacet
  facet normal 0.162943 0.986636 -0
    outer loop
      vertex -1.34393 -1.81345 0
      vertex -1.39558 -1.80492 2.2
      vertex -1.34393 -1.81345 2.2
    endloop
  endfacet
  facet normal 0.162943 0.986636 0
    outer loop
      vertex -1.39558 -1.80492 2.2
      vertex -1.34393 -1.81345 0
      vertex -1.39558 -1.80492 0
    endloop
  endfacet
  facet normal 0.0979906 0.995187 -0
    outer loop
      vertex -1.39558 -1.80492 0
      vertex -1.44768 -1.79979 2.2
      vertex -1.39558 -1.80492 2.2
    endloop
  endfacet
  facet normal 0.0979906 0.995187 0
    outer loop
      vertex -1.44768 -1.79979 2.2
      vertex -1.39558 -1.80492 0
      vertex -1.44768 -1.79979 0
    endloop
  endfacet
  facet normal 0.032666 0.999466 -0
    outer loop
      vertex -1.44768 -1.79979 0
      vertex -1.5 -1.79808 2.2
      vertex -1.44768 -1.79979 2.2
    endloop
  endfacet
  facet normal 0.032666 0.999466 0
    outer loop
      vertex -1.5 -1.79808 2.2
      vertex -1.44768 -1.79979 0
      vertex -1.5 -1.79808 0
    endloop
  endfacet
  facet normal 0.956949 -0.290255 0
    outer loop
      vertex -0.742455 -2.85523 2.2
      vertex -0.727259 -2.80513 0
      vertex -0.727259 -2.80513 2.2
    endloop
  endfacet
  facet normal 0.956949 -0.290255 0
    outer loop
      vertex -0.727259 -2.80513 0
      vertex -0.742455 -2.85523 2.2
      vertex -0.742455 -2.85523 0
    endloop
  endfacet
  facet normal -0.973864 -0.227133 0
    outer loop
      vertex -2.27274 -2.80513 0
      vertex -2.28463 -2.75415 2.4
      vertex -2.28463 -2.75415 0
    endloop
  endfacet
  facet normal -0.973864 -0.227133 0
    outer loop
      vertex -2.28463 -2.75415 2.4
      vertex -2.27274 -2.80513 0
      vertex -2.27274 -2.80513 2.4
    endloop
  endfacet
  facet normal -0.956928 -0.290325 0
    outer loop
      vertex -2.25754 -2.85523 0
      vertex -2.27274 -2.80513 2.4
      vertex -2.27274 -2.80513 0
    endloop
  endfacet
  facet normal -0.956928 -0.290325 0
    outer loop
      vertex -2.27274 -2.80513 2.4
      vertex -2.25754 -2.85523 0
      vertex -2.25754 -2.85523 2.4
    endloop
  endfacet
  facet normal -0.986641 0.162912 0
    outer loop
      vertex -2.29316 -2.49366 0
      vertex -2.28463 -2.442 2.2
      vertex -2.28463 -2.442 0
    endloop
  endfacet
  facet normal -0.986641 0.162912 0
    outer loop
      vertex -2.28463 -2.442 2.2
      vertex -2.29316 -2.49366 0
      vertex -2.29316 -2.49366 2.2
    endloop
  endfacet
  facet normal -0.471421 0.881908 0
    outer loop
      vertex -1.85383 -1.88058 0
      vertex -1.9 -1.90526 2.2
      vertex -1.85383 -1.88058 2.2
    endloop
  endfacet
  facet normal -0.471421 0.881908 0
    outer loop
      vertex -1.9 -1.90526 2.2
      vertex -1.85383 -1.88058 0
      vertex -1.9 -1.90526 0
    endloop
  endfacet
  facet normal -0.812764 0.582593 0
    outer loop
      vertex -2.16518 -2.15362 0
      vertex -2.13468 -2.11107 2.2
      vertex -2.13468 -2.11107 0
    endloop
  endfacet
  facet normal -0.812764 0.582593 0
    outer loop
      vertex -2.13468 -2.11107 2.2
      vertex -2.16518 -2.15362 0
      vertex -2.16518 -2.15362 2.2
    endloop
  endfacet
  facet normal 0.910886 0.412659 0
    outer loop
      vertex -0.760896 -2.29193 2.2
      vertex -0.782501 -2.24424 0
      vertex -0.782501 -2.24424 2.2
    endloop
  endfacet
  facet normal 0.910886 0.412659 0
    outer loop
      vertex -0.782501 -2.24424 0
      vertex -0.760896 -2.29193 2.2
      vertex -0.760896 -2.29193 0
    endloop
  endfacet
  facet normal -0.729936 0.683515 0
    outer loop
      vertex -2.10147 -2.0706 0
      vertex -2.06569 -2.03239 2.2
      vertex -2.06569 -2.03239 0
    endloop
  endfacet
  facet normal -0.729936 0.683515 0
    outer loop
      vertex -2.06569 -2.03239 2.2
      vertex -2.10147 -2.0706 0
      vertex -2.10147 -2.0706 2.2
    endloop
  endfacet
  facet normal 0.773019 0.634383 0
    outer loop
      vertex -0.865316 -2.11107 2.2
      vertex -0.898528 -2.0706 0
      vertex -0.898528 -2.0706 2.2
    endloop
  endfacet
  facet normal 0.773019 0.634383 0
    outer loop
      vertex -0.898528 -2.0706 0
      vertex -0.865316 -2.11107 2.2
      vertex -0.865316 -2.11107 0
    endloop
  endfacet
  facet normal 0.999465 0.032717 0
    outer loop
      vertex -0.7 -2.59808 2.2
      vertex -0.701713 -2.54575 0
      vertex -0.701713 -2.54575 2.2
    endloop
  endfacet
  facet normal 0.999465 0.032717 0
    outer loop
      vertex -0.701713 -2.54575 0
      vertex -0.7 -2.59808 2.2
      vertex -0.7 -2.59808 0
    endloop
  endfacet
  facet normal -0.032666 0.999466 0
    outer loop
      vertex -1.5 -1.79808 0
      vertex -1.55232 -1.79979 2.2
      vertex -1.5 -1.79808 2.2
    endloop
  endfacet
  facet normal -0.032666 0.999466 0
    outer loop
      vertex -1.55232 -1.79979 2.2
      vertex -1.5 -1.79808 0
      vertex -1.55232 -1.79979 0
    endloop
  endfacet
  facet normal -0.352212 0.93592 0
    outer loop
      vertex -1.75715 -1.84053 0
      vertex -1.80615 -1.85897 2.2
      vertex -1.75715 -1.84053 2.2
    endloop
  endfacet
  facet normal -0.352212 0.93592 0
    outer loop
      vertex -1.80615 -1.85897 2.2
      vertex -1.75715 -1.84053 0
      vertex -1.80615 -1.85897 0
    endloop
  endfacet
  facet normal -0.973872 -0.227097 0
    outer loop
      vertex 0.727259 -2.80513 0
      vertex 0.715371 -2.75415 2.2
      vertex 0.715371 -2.75415 0
    endloop
  endfacet
  facet normal -0.973872 -0.227097 0
    outer loop
      vertex 0.715371 -2.75415 2.2
      vertex 0.727259 -2.80513 0
      vertex 0.727259 -2.80513 2.2
    endloop
  endfacet
  facet normal 0.773037 -0.634361 0
    outer loop
      vertex 2.10147 -3.12555 2.4
      vertex 2.13468 -3.08508 0
      vertex 2.13468 -3.08508 2.4
    endloop
  endfacet
  facet normal 0.773037 -0.634361 0
    outer loop
      vertex 2.13468 -3.08508 0
      vertex 2.10147 -3.12555 2.4
      vertex 2.10147 -3.12555 0
    endloop
  endfacet
  facet normal 0.995187 -0.0979906 0
    outer loop
      vertex 2.29316 -2.7025 2.4
      vertex 2.29829 -2.6504 0
      vertex 2.29829 -2.6504 2.4
    endloop
  endfacet
  facet normal 0.995187 -0.0979906 0
    outer loop
      vertex 2.29829 -2.6504 0
      vertex 2.29316 -2.7025 2.4
      vertex 2.29316 -2.7025 0
    endloop
  endfacet
  facet normal -0.162943 0.986636 0
    outer loop
      vertex 1.39558 -1.80492 0
      vertex 1.34393 -1.81345 2.2
      vertex 1.39558 -1.80492 2.2
    endloop
  endfacet
  facet normal -0.162943 0.986636 0
    outer loop
      vertex 1.34393 -1.81345 2.2
      vertex 1.39558 -1.80492 0
      vertex 1.34393 -1.81345 0
    endloop
  endfacet
  facet normal 0.910922 -0.412579 0
    outer loop
      vertex 2.2175 -2.95191 2.4
      vertex 2.2391 -2.90422 0
      vertex 2.2391 -2.90422 2.4
    endloop
  endfacet
  facet normal 0.910922 -0.412579 0
    outer loop
      vertex 2.2391 -2.90422 0
      vertex 2.2175 -2.95191 2.4
      vertex 2.2175 -2.95191 0
    endloop
  endfacet
  facet normal 0.528109 -0.849177 0
    outer loop
      vertex 1.9 -3.2909 0
      vertex 1.94446 -3.26325 2.4
      vertex 1.9 -3.2909 2.4
    endloop
  endfacet
  facet normal 0.528109 -0.849177 0
    outer loop
      vertex 1.94446 -3.26325 2.4
      vertex 1.9 -3.2909 0
      vertex 1.94446 -3.26325 0
    endloop
  endfacet
  facet normal 0.935897 0.352275 0
    outer loop
      vertex 2.25754 -2.34092 2.2
      vertex 2.2391 -2.29193 0
      vertex 2.2391 -2.29193 2.2
    endloop
  endfacet
  facet normal 0.935897 0.352275 0
    outer loop
      vertex 2.2391 -2.29193 0
      vertex 2.25754 -2.34092 2.2
      vertex 2.25754 -2.34092 0
    endloop
  endfacet
  facet normal -0.910886 0.412659 0
    outer loop
      vertex 0.760896 -2.29193 0
      vertex 0.782501 -2.24424 2.2
      vertex 0.782501 -2.24424 0
    endloop
  endfacet
  facet normal -0.910886 0.412659 0
    outer loop
      vertex 0.782501 -2.24424 2.2
      vertex 0.760896 -2.29193 0
      vertex 0.760896 -2.29193 2.2
    endloop
  endfacet
  facet normal -0.582466 -0.812855 0
    outer loop
      vertex 1.01299 -3.23276 0
      vertex 1.05554 -3.26325 2.2
      vertex 1.01299 -3.23276 2.2
    endloop
  endfacet
  facet normal -0.582466 -0.812855 -0
    outer loop
      vertex 1.05554 -3.26325 2.2
      vertex 1.01299 -3.23276 0
      vertex 1.05554 -3.26325 0
    endloop
  endfacet
  facet normal 0.290379 -0.956912 0
    outer loop
      vertex 1.70706 -3.37082 0
      vertex 1.75715 -3.35562 2.4
      vertex 1.70706 -3.37082 2.4
    endloop
  endfacet
  facet normal 0.290379 -0.956912 0
    outer loop
      vertex 1.75715 -3.35562 2.4
      vertex 1.70706 -3.37082 0
      vertex 1.75715 -3.35562 0
    endloop
  endfacet
  facet normal -0.290379 -0.956912 0
    outer loop
      vertex 1.24285 -3.35562 0
      vertex 1.29294 -3.37082 2.4
      vertex 1.24285 -3.35562 2.4
    endloop
  endfacet
  facet normal -0.290379 -0.956912 -0
    outer loop
      vertex 1.29294 -3.37082 2.4
      vertex 1.24285 -3.35562 0
      vertex 1.29294 -3.37082 0
    endloop
  endfacet
  facet normal 0.352212 -0.93592 0
    outer loop
      vertex 1.75715 -3.35562 0
      vertex 1.80615 -3.33718 2.4
      vertex 1.75715 -3.35562 2.4
    endloop
  endfacet
  facet normal 0.352212 -0.93592 0
    outer loop
      vertex 1.80615 -3.33718 2.4
      vertex 1.75715 -3.35562 0
      vertex 1.80615 -3.33718 0
    endloop
  endfacet
  facet normal -0.849166 -0.528126 0
    outer loop
      vertex 0.834824 -3.04253 0
      vertex 0.807179 -2.99808 2.2
      vertex 0.807179 -2.99808 0
    endloop
  endfacet
  facet normal -0.849166 -0.528126 0
    outer loop
      vertex 0.807179 -2.99808 2.2
      vertex 0.834824 -3.04253 0
      vertex 0.834824 -3.04253 2.2
    endloop
  endfacet
  facet normal -0.881882 0.471471 0
    outer loop
      vertex 0.782501 -2.24424 0
      vertex 0.807179 -2.19808 2.2
      vertex 0.807179 -2.19808 0
    endloop
  endfacet
  facet normal -0.881882 0.471471 0
    outer loop
      vertex 0.807179 -2.19808 2.2
      vertex 0.782501 -2.24424 0
      vertex 0.782501 -2.24424 2.2
    endloop
  endfacet
  facet normal 0.0328569 -0.99946 0
    outer loop
      vertex 1.5 -3.39808 0
      vertex 1.55232 -3.39636 2.4
      vertex 1.5 -3.39808 2.4
    endloop
  endfacet
  facet normal 0.0328569 -0.99946 0
    outer loop
      vertex 1.55232 -3.39636 2.4
      vertex 1.5 -3.39808 0
      vertex 1.55232 -3.39636 0
    endloop
  endfacet
  facet normal 0.290204 0.956965 -0
    outer loop
      vertex 1.75715 -1.84053 0
      vertex 1.70706 -1.82534 2.2
      vertex 1.75715 -1.84053 2.2
    endloop
  endfacet
  facet normal 0.290204 0.956965 0
    outer loop
      vertex 1.70706 -1.82534 2.2
      vertex 1.75715 -1.84053 0
      vertex 1.70706 -1.82534 0
    endloop
  endfacet
  facet normal -0.528109 -0.849177 0
    outer loop
      vertex 1.05554 -3.26325 0
      vertex 1.1 -3.2909 2.2
      vertex 1.05554 -3.26325 2.2
    endloop
  endfacet
  facet normal -0.528109 -0.849177 -0
    outer loop
      vertex 1.1 -3.2909 2.2
      vertex 1.05554 -3.26325 0
      vertex 1.1 -3.2909 0
    endloop
  endfacet
  facet normal -0.0979906 0.995187 0
    outer loop
      vertex 1.44768 -1.79979 0
      vertex 1.39558 -1.80492 2.2
      vertex 1.44768 -1.79979 2.2
    endloop
  endfacet
  facet normal -0.0979906 0.995187 0
    outer loop
      vertex 1.39558 -1.80492 2.2
      vertex 1.44768 -1.79979 0
      vertex 1.39558 -1.80492 0
    endloop
  endfacet
  facet normal -0.812837 -0.582492 0
    outer loop
      vertex 0.865316 -3.08508 0
      vertex 0.834824 -3.04253 2.2
      vertex 0.834824 -3.04253 0
    endloop
  endfacet
  facet normal -0.812837 -0.582492 0
    outer loop
      vertex 0.834824 -3.04253 2.2
      vertex 0.865316 -3.08508 0
      vertex 0.865316 -3.08508 2.2
    endloop
  endfacet
  facet normal 0.812764 -0.582593 0
    outer loop
      vertex 2.13468 -3.08508 2.4
      vertex 2.16518 -3.04253 0
      vertex 2.16518 -3.04253 2.4
    endloop
  endfacet
  facet normal 0.812764 -0.582593 0
    outer loop
      vertex 2.16518 -3.04253 0
      vertex 2.13468 -3.08508 2.4
      vertex 2.13468 -3.08508 0
    endloop
  endfacet
  facet normal 0.729936 -0.683515 0
    outer loop
      vertex 2.06569 -3.16376 2.4
      vertex 2.10147 -3.12555 0
      vertex 2.10147 -3.12555 2.4
    endloop
  endfacet
  facet normal 0.729936 -0.683515 0
    outer loop
      vertex 2.10147 -3.12555 0
      vertex 2.06569 -3.16376 2.4
      vertex 2.06569 -3.16376 0
    endloop
  endfacet
  facet normal 0.032666 0.999466 -0
    outer loop
      vertex 1.55232 -1.79979 0
      vertex 1.5 -1.79808 2.2
      vertex 1.55232 -1.79979 2.2
    endloop
  endfacet
  facet normal 0.032666 0.999466 0
    outer loop
      vertex 1.5 -1.79808 2.2
      vertex 1.55232 -1.79979 0
      vertex 1.5 -1.79808 0
    endloop
  endfacet
  facet normal 0.471421 0.881908 -0
    outer loop
      vertex 1.9 -1.90526 0
      vertex 1.85383 -1.88058 2.2
      vertex 1.9 -1.90526 2.2
    endloop
  endfacet
  facet normal 0.471421 0.881908 0
    outer loop
      vertex 1.85383 -1.88058 2.2
      vertex 1.9 -1.90526 0
      vertex 1.85383 -1.88058 0
    endloop
  endfacet
  facet normal 0.999467 0.0326598 0
    outer loop
      vertex 2.3 -2.59808 2.2
      vertex 2.29829 -2.54575 0
      vertex 2.29829 -2.54575 2.2
    endloop
  endfacet
  facet normal 0.999467 0.0326598 0
    outer loop
      vertex 2.29829 -2.54575 0
      vertex 2.3 -2.59808 2.2
      vertex 2.3 -2.59808 0
    endloop
  endfacet
  facet normal -0.352212 0.93592 0
    outer loop
      vertex 1.24285 -1.84053 0
      vertex 1.19385 -1.85897 2.2
      vertex 1.24285 -1.84053 2.2
    endloop
  endfacet
  facet normal -0.352212 0.93592 0
    outer loop
      vertex 1.19385 -1.85897 2.2
      vertex 1.24285 -1.84053 0
      vertex 1.19385 -1.85897 0
    endloop
  endfacet
  facet normal -0.956949 -0.290255 0
    outer loop
      vertex 0.742455 -2.85523 0
      vertex 0.727259 -2.80513 2.2
      vertex 0.727259 -2.80513 0
    endloop
  endfacet
  facet normal -0.956949 -0.290255 0
    outer loop
      vertex 0.727259 -2.80513 2.2
      vertex 0.742455 -2.85523 0
      vertex 0.742455 -2.85523 2.2
    endloop
  endfacet
  facet normal 0.41281 -0.910817 0
    outer loop
      vertex 1.80615 -3.33718 0
      vertex 1.85383 -3.31557 2.4
      vertex 1.80615 -3.33718 2.4
    endloop
  endfacet
  facet normal 0.41281 -0.910817 0
    outer loop
      vertex 1.85383 -3.31557 2.4
      vertex 1.80615 -3.33718 0
      vertex 1.85383 -3.31557 0
    endloop
  endfacet
  facet normal 0.582466 -0.812855 0
    outer loop
      vertex 1.94446 -3.26325 0
      vertex 1.98701 -3.23276 2.4
      vertex 1.94446 -3.26325 2.4
    endloop
  endfacet
  facet normal 0.582466 -0.812855 0
    outer loop
      vertex 1.98701 -3.23276 2.4
      vertex 1.94446 -3.26325 0
      vertex 1.98701 -3.23276 0
    endloop
  endfacet
  facet normal -0.729879 0.683576 0
    outer loop
      vertex 0.898528 -2.0706 0
      vertex 0.934314 -2.03239 2.2
      vertex 0.934314 -2.03239 0
    endloop
  endfacet
  facet normal -0.729879 0.683576 0
    outer loop
      vertex 0.934314 -2.03239 2.2
      vertex 0.898528 -2.0706 0
      vertex 0.898528 -2.0706 2.2
    endloop
  endfacet
  facet normal 0.22691 -0.973916 0
    outer loop
      vertex 1.65607 -3.3827 0
      vertex 1.70706 -3.37082 2.4
      vertex 1.65607 -3.3827 2.4
    endloop
  endfacet
  facet normal 0.22691 -0.973916 0
    outer loop
      vertex 1.70706 -3.37082 2.4
      vertex 1.65607 -3.3827 0
      vertex 1.70706 -3.37082 0
    endloop
  endfacet
  facet normal 0.973864 -0.227133 0
    outer loop
      vertex 2.27274 -2.80513 2.4
      vertex 2.28463 -2.75415 0
      vertex 2.28463 -2.75415 2.4
    endloop
  endfacet
  facet normal 0.973864 -0.227133 0
    outer loop
      vertex 2.28463 -2.75415 0
      vertex 2.27274 -2.80513 2.4
      vertex 2.27274 -2.80513 0
    endloop
  endfacet
  facet normal -0.471262 -0.881993 -0
    outer loop
      vertex 1.1 -3.2909 2.2
      vertex 1.1 -3.2909 0
      vertex 1.13599 -3.31013 2.2
    endloop
  endfacet
  facet normal -0.471308 -0.881969 0
    outer loop
      vertex 1.13599 -3.31013 2.2
      vertex 1.14617 -3.31557 2.4
      vertex 1.13599 -3.31013 2.4
    endloop
  endfacet
  facet normal -0.471272 -0.881988 2.10134e-07
    outer loop
      vertex 1.14617 -3.31557 0
      vertex 1.13599 -3.31013 2.2
      vertex 1.1 -3.2909 0
    endloop
  endfacet
  facet normal -0.471308 -0.881969 0
    outer loop
      vertex 1.13599 -3.31013 2.2
      vertex 1.14617 -3.31557 0
      vertex 1.14617 -3.31557 2.4
    endloop
  endfacet
  facet normal 0.162943 0.986636 -0
    outer loop
      vertex 1.65607 -1.81345 0
      vertex 1.60442 -1.80492 2.2
      vertex 1.65607 -1.81345 2.2
    endloop
  endfacet
  facet normal 0.162943 0.986636 0
    outer loop
      vertex 1.60442 -1.80492 2.2
      vertex 1.65607 -1.81345 0
      vertex 1.60442 -1.80492 0
    endloop
  endfacet
  facet normal -0.881924 -0.471391 0
    outer loop
      vertex 0.807179 -2.99808 0
      vertex 0.782501 -2.95191 2.2
      vertex 0.782501 -2.95191 0
    endloop
  endfacet
  facet normal -0.881924 -0.471391 0
    outer loop
      vertex 0.782501 -2.95191 2.2
      vertex 0.807179 -2.99808 0
      vertex 0.807179 -2.99808 2.2
    endloop
  endfacet
  facet normal 0.471272 -0.881988 0
    outer loop
      vertex 1.85383 -3.31557 0
      vertex 1.9 -3.2909 2.4
      vertex 1.85383 -3.31557 2.4
    endloop
  endfacet
  facet normal 0.471272 -0.881988 0
    outer loop
      vertex 1.9 -3.2909 2.4
      vertex 1.85383 -3.31557 0
      vertex 1.9 -3.2909 0
    endloop
  endfacet
  facet normal -0.471421 0.881908 0
    outer loop
      vertex 1.14617 -1.88058 0
      vertex 1.1 -1.90526 2.2
      vertex 1.14617 -1.88058 2.2
    endloop
  endfacet
  facet normal -0.471421 0.881908 0
    outer loop
      vertex 1.1 -1.90526 2.2
      vertex 1.14617 -1.88058 0
      vertex 1.1 -1.90526 0
    endloop
  endfacet
  facet normal 0.227091 0.973874 -0
    outer loop
      vertex 1.70706 -1.82534 0
      vertex 1.65607 -1.81345 2.2
      vertex 1.70706 -1.82534 2.2
    endloop
  endfacet
  facet normal 0.227091 0.973874 0
    outer loop
      vertex 1.65607 -1.81345 2.2
      vertex 1.70706 -1.82534 0
      vertex 1.65607 -1.81345 0
    endloop
  endfacet
  facet normal 0.986641 0.162912 0
    outer loop
      vertex 2.29316 -2.49366 2.2
      vertex 2.28463 -2.442 0
      vertex 2.28463 -2.442 2.2
    endloop
  endfacet
  facet normal 0.986641 0.162912 0
    outer loop
      vertex 2.28463 -2.442 0
      vertex 2.29316 -2.49366 2.2
      vertex 2.29316 -2.49366 0
    endloop
  endfacet
  facet normal 0.956928 0.290325 0
    outer loop
      vertex 2.27274 -2.39102 2.2
      vertex 2.25754 -2.34092 0
      vertex 2.25754 -2.34092 2.2
    endloop
  endfacet
  facet normal 0.956928 0.290325 0
    outer loop
      vertex 2.25754 -2.34092 0
      vertex 2.27274 -2.39102 2.2
      vertex 2.27274 -2.39102 0
    endloop
  endfacet
  facet normal 0.995186 0.0980092 0
    outer loop
      vertex 2.29829 -2.54575 2.2
      vertex 2.29316 -2.49366 0
      vertex 2.29316 -2.49366 2.2
    endloop
  endfacet
  facet normal 0.995186 0.0980092 0
    outer loop
      vertex 2.29316 -2.49366 0
      vertex 2.29829 -2.54575 2.2
      vertex 2.29829 -2.54575 0
    endloop
  endfacet
  facet normal -0.582466 0.812855 0
    outer loop
      vertex 1.05554 -1.9329 0
      vertex 1.01299 -1.96339 2.2
      vertex 1.05554 -1.9329 2.2
    endloop
  endfacet
  facet normal -0.582466 0.812855 0
    outer loop
      vertex 1.01299 -1.96339 2.2
      vertex 1.05554 -1.9329 0
      vertex 1.01299 -1.96339 0
    endloop
  endfacet
  facet normal -0.634389 -0.773014 0
    outer loop
      vertex 0.972523 -3.19955 0
      vertex 1.01299 -3.23276 2.2
      vertex 0.972523 -3.19955 2.2
    endloop
  endfacet
  facet normal -0.634389 -0.773014 -0
    outer loop
      vertex 1.01299 -3.23276 2.2
      vertex 0.972523 -3.19955 0
      vertex 1.01299 -3.23276 0
    endloop
  endfacet
  facet normal 0.986636 -0.162943 0
    outer loop
      vertex 2.28463 -2.75415 2.4
      vertex 2.29316 -2.7025 0
      vertex 2.29316 -2.7025 2.4
    endloop
  endfacet
  facet normal 0.986636 -0.162943 0
    outer loop
      vertex 2.29316 -2.7025 0
      vertex 2.28463 -2.75415 2.4
      vertex 2.28463 -2.75415 0
    endloop
  endfacet
  facet normal -0.910886 -0.412659 0
    outer loop
      vertex 0.782501 -2.95191 0
      vertex 0.760896 -2.90422 2.2
      vertex 0.760896 -2.90422 0
    endloop
  endfacet
  facet normal -0.910886 -0.412659 0
    outer loop
      vertex 0.760896 -2.90422 2.2
      vertex 0.782501 -2.95191 0
      vertex 0.782501 -2.95191 2.2
    endloop
  endfacet
  facet normal -0.683627 -0.729832 0
    outer loop
      vertex 0.934314 -3.16376 0
      vertex 0.972523 -3.19955 2.2
      vertex 0.934314 -3.16376 2.2
    endloop
  endfacet
  facet normal -0.683627 -0.729832 -0
    outer loop
      vertex 0.972523 -3.19955 2.2
      vertex 0.934314 -3.16376 0
      vertex 0.972523 -3.19955 0
    endloop
  endfacet
  facet normal 0.973864 0.227133 0
    outer loop
      vertex 2.28463 -2.442 2.2
      vertex 2.27274 -2.39102 0
      vertex 2.27274 -2.39102 2.2
    endloop
  endfacet
  facet normal 0.973864 0.227133 0
    outer loop
      vertex 2.27274 -2.39102 0
      vertex 2.28463 -2.442 2.2
      vertex 2.28463 -2.442 0
    endloop
  endfacet
  facet normal -0.162943 -0.986636 0
    outer loop
      vertex 1.34393 -3.3827 0
      vertex 1.39558 -3.39123 2.4
      vertex 1.34393 -3.3827 2.4
    endloop
  endfacet
  facet normal -0.162943 -0.986636 -0
    outer loop
      vertex 1.39558 -3.39123 2.4
      vertex 1.34393 -3.3827 0
      vertex 1.39558 -3.39123 0
    endloop
  endfacet
  facet normal 0.729936 0.683515 0
    outer loop
      vertex 2.10147 -2.0706 2.2
      vertex 2.06569 -2.03239 0
      vertex 2.06569 -2.03239 2.2
    endloop
  endfacet
  facet normal 0.729936 0.683515 0
    outer loop
      vertex 2.06569 -2.03239 0
      vertex 2.10147 -2.0706 2.2
      vertex 2.10147 -2.0706 0
    endloop
  endfacet
  facet normal 0.634361 0.773037 -0
    outer loop
      vertex 2.02748 -1.9966 0
      vertex 1.98701 -1.96339 2.2
      vertex 2.02748 -1.9966 2.2
    endloop
  endfacet
  facet normal 0.634361 0.773037 0
    outer loop
      vertex 1.98701 -1.96339 2.2
      vertex 2.02748 -1.9966 0
      vertex 1.98701 -1.96339 0
    endloop
  endfacet
  facet normal 0.881908 -0.471421 0
    outer loop
      vertex 2.19282 -2.99808 2.4
      vertex 2.2175 -2.95191 0
      vertex 2.2175 -2.95191 2.4
    endloop
  endfacet
  facet normal 0.881908 -0.471421 0
    outer loop
      vertex 2.2175 -2.95191 0
      vertex 2.19282 -2.99808 2.4
      vertex 2.19282 -2.99808 0
    endloop
  endfacet
  facet normal -0.0979906 -0.995187 0
    outer loop
      vertex 1.39558 -3.39123 0
      vertex 1.44768 -3.39636 2.4
      vertex 1.39558 -3.39123 2.4
    endloop
  endfacet
  facet normal -0.0979906 -0.995187 -0
    outer loop
      vertex 1.44768 -3.39636 2.4
      vertex 1.39558 -3.39123 0
      vertex 1.44768 -3.39636 0
    endloop
  endfacet
  facet normal 0.812764 0.582593 0
    outer loop
      vertex 2.16518 -2.15362 2.2
      vertex 2.13468 -2.11107 0
      vertex 2.13468 -2.11107 2.2
    endloop
  endfacet
  facet normal 0.812764 0.582593 0
    outer loop
      vertex 2.13468 -2.11107 0
      vertex 2.16518 -2.15362 2.2
      vertex 2.16518 -2.15362 0
    endloop
  endfacet
  facet normal 0.683617 0.729841 -0
    outer loop
      vertex 2.06569 -2.03239 0
      vertex 2.02748 -1.9966 2.2
      vertex 2.06569 -2.03239 2.2
    endloop
  endfacet
  facet normal 0.683617 0.729841 0
    outer loop
      vertex 2.02748 -1.9966 2.2
      vertex 2.06569 -2.03239 0
      vertex 2.02748 -1.9966 0
    endloop
  endfacet
  facet normal -0.93589 -0.352291 0
    outer loop
      vertex 0.760896 -2.90422 0
      vertex 0.742455 -2.85523 2.2
      vertex 0.742455 -2.85523 0
    endloop
  endfacet
  facet normal -0.93589 -0.352291 0
    outer loop
      vertex 0.742455 -2.85523 2.2
      vertex 0.760896 -2.90422 0
      vertex 0.760896 -2.90422 2.2
    endloop
  endfacet
  facet normal -0.773019 -0.634383 0
    outer loop
      vertex 0.898528 -3.12555 0
      vertex 0.865316 -3.08508 2.2
      vertex 0.865316 -3.08508 0
    endloop
  endfacet
  facet normal -0.773019 -0.634383 0
    outer loop
      vertex 0.865316 -3.08508 2.2
      vertex 0.898528 -3.12555 0
      vertex 0.898528 -3.12555 2.2
    endloop
  endfacet
  facet normal 0.582466 0.812855 -0
    outer loop
      vertex 1.98701 -1.96339 0
      vertex 1.94446 -1.9329 2.2
      vertex 1.98701 -1.96339 2.2
    endloop
  endfacet
  facet normal 0.582466 0.812855 0
    outer loop
      vertex 1.94446 -1.9329 2.2
      vertex 1.98701 -1.96339 0
      vertex 1.94446 -1.9329 0
    endloop
  endfacet
  facet normal 0.999486 -0.0320459 0
    outer loop
      vertex 2.29866 -2.63886 2.4
      vertex 2.29829 -2.6504 2.4
      vertex 2.29866 -2.63886 2.2
    endloop
  endfacet
  facet normal 0.999461 -0.0328415 0
    outer loop
      vertex 2.29866 -2.63886 2.2
      vertex 2.3 -2.59808 0
      vertex 2.3 -2.59808 2.2
    endloop
  endfacet
  facet normal 0.999486 -0.0320459 0
    outer loop
      vertex 2.29829 -2.6504 0
      vertex 2.29866 -2.63886 2.2
      vertex 2.29829 -2.6504 2.4
    endloop
  endfacet
  facet normal 0.999466 -0.032666 3.25618e-06
    outer loop
      vertex 2.29866 -2.63886 2.2
      vertex 2.29829 -2.6504 0
      vertex 2.3 -2.59808 0
    endloop
  endfacet
  facet normal -0.634389 0.773014 0
    outer loop
      vertex 1.01299 -1.96339 0
      vertex 0.972523 -1.9966 2.2
      vertex 1.01299 -1.96339 2.2
    endloop
  endfacet
  facet normal -0.634389 0.773014 0
    outer loop
      vertex 0.972523 -1.9966 2.2
      vertex 1.01299 -1.96339 0
      vertex 0.972523 -1.9966 0
    endloop
  endfacet
  facet normal -0.032666 0.999466 0
    outer loop
      vertex 1.5 -1.79808 0
      vertex 1.44768 -1.79979 2.2
      vertex 1.5 -1.79808 2.2
    endloop
  endfacet
  facet normal -0.032666 0.999466 0
    outer loop
      vertex 1.44768 -1.79979 2.2
      vertex 1.5 -1.79808 0
      vertex 1.44768 -1.79979 0
    endloop
  endfacet
  facet normal 0.683617 -0.729841 0
    outer loop
      vertex 2.02748 -3.19955 0
      vertex 2.06569 -3.16376 2.4
      vertex 2.02748 -3.19955 2.4
    endloop
  endfacet
  facet normal 0.683617 -0.729841 0
    outer loop
      vertex 2.06569 -3.16376 2.4
      vertex 2.02748 -3.19955 0
      vertex 2.06569 -3.16376 0
    endloop
  endfacet
  facet normal 0.910922 0.412579 0
    outer loop
      vertex 2.2391 -2.29193 2.2
      vertex 2.2175 -2.24424 0
      vertex 2.2175 -2.24424 2.2
    endloop
  endfacet
  facet normal 0.910922 0.412579 0
    outer loop
      vertex 2.2175 -2.24424 0
      vertex 2.2391 -2.29193 2.2
      vertex 2.2391 -2.29193 0
    endloop
  endfacet
  facet normal -0.290204 0.956965 0
    outer loop
      vertex 1.29294 -1.82534 0
      vertex 1.24285 -1.84053 2.2
      vertex 1.29294 -1.82534 2.2
    endloop
  endfacet
  facet normal -0.290204 0.956965 0
    outer loop
      vertex 1.24285 -1.84053 2.2
      vertex 1.29294 -1.82534 0
      vertex 1.24285 -1.84053 0
    endloop
  endfacet
  facet normal -0.849219 0.52804 0
    outer loop
      vertex 0.807179 -2.19808 0
      vertex 0.834824 -2.15362 2.2
      vertex 0.834824 -2.15362 0
    endloop
  endfacet
  facet normal -0.849219 0.52804 0
    outer loop
      vertex 0.834824 -2.15362 2.2
      vertex 0.807179 -2.19808 0
      vertex 0.807179 -2.19808 2.2
    endloop
  endfacet
  facet normal 0.849262 0.527971 0
    outer loop
      vertex 2.19282 -2.19808 2.2
      vertex 2.16518 -2.15362 0
      vertex 2.16518 -2.15362 2.2
    endloop
  endfacet
  facet normal 0.849262 0.527971 0
    outer loop
      vertex 2.16518 -2.15362 0
      vertex 2.19282 -2.19808 2.2
      vertex 2.19282 -2.19808 0
    endloop
  endfacet
  facet normal 0.849209 -0.528057 0
    outer loop
      vertex 2.16518 -3.04253 2.4
      vertex 2.19282 -2.99808 0
      vertex 2.19282 -2.99808 2.4
    endloop
  endfacet
  facet normal 0.849209 -0.528057 0
    outer loop
      vertex 2.19282 -2.99808 0
      vertex 2.16518 -3.04253 2.4
      vertex 2.16518 -3.04253 0
    endloop
  endfacet
  facet normal -0.683627 0.729832 0
    outer loop
      vertex 0.972523 -1.9966 0
      vertex 0.934314 -2.03239 2.2
      vertex 0.972523 -1.9966 2.2
    endloop
  endfacet
  facet normal -0.683627 0.729832 0
    outer loop
      vertex 0.934314 -2.03239 2.2
      vertex 0.972523 -1.9966 0
      vertex 0.934314 -2.03239 0
    endloop
  endfacet
  facet normal -0.227091 0.973874 0
    outer loop
      vertex 1.34393 -1.81345 0
      vertex 1.29294 -1.82534 2.2
      vertex 1.34393 -1.81345 2.2
    endloop
  endfacet
  facet normal -0.227091 0.973874 0
    outer loop
      vertex 1.29294 -1.82534 2.2
      vertex 1.34393 -1.81345 0
      vertex 1.29294 -1.82534 0
    endloop
  endfacet
  facet normal 0.773037 0.634361 0
    outer loop
      vertex 2.13468 -2.11107 2.2
      vertex 2.10147 -2.0706 0
      vertex 2.10147 -2.0706 2.2
    endloop
  endfacet
  facet normal 0.773037 0.634361 0
    outer loop
      vertex 2.10147 -2.0706 0
      vertex 2.13468 -2.11107 2.2
      vertex 2.13468 -2.11107 0
    endloop
  endfacet
  facet normal 0.634361 -0.773037 0
    outer loop
      vertex 1.98701 -3.23276 0
      vertex 2.02748 -3.19955 2.4
      vertex 1.98701 -3.23276 2.4
    endloop
  endfacet
  facet normal 0.634361 -0.773037 0
    outer loop
      vertex 2.02748 -3.19955 2.4
      vertex 1.98701 -3.23276 0
      vertex 2.02748 -3.19955 0
    endloop
  endfacet
  facet normal -0.995186 0.0980092 0
    outer loop
      vertex 0.701713 -2.54575 0
      vertex 0.706843 -2.49366 2.2
      vertex 0.706843 -2.49366 0
    endloop
  endfacet
  facet normal -0.995186 0.0980092 0
    outer loop
      vertex 0.706843 -2.49366 2.2
      vertex 0.701713 -2.54575 0
      vertex 0.701713 -2.54575 2.2
    endloop
  endfacet
  facet normal -0.999464 -0.0327233 0
    outer loop
      vertex 0.701713 -2.6504 0
      vertex 0.7 -2.59808 2.2
      vertex 0.7 -2.59808 0
    endloop
  endfacet
  facet normal -0.999464 -0.0327233 0
    outer loop
      vertex 0.7 -2.59808 2.2
      vertex 0.701713 -2.6504 0
      vertex 0.701713 -2.6504 2.2
    endloop
  endfacet
  facet normal 0.162943 -0.986636 0
    outer loop
      vertex 1.60442 -3.39123 0
      vertex 1.65607 -3.3827 2.4
      vertex 1.60442 -3.39123 2.4
    endloop
  endfacet
  facet normal 0.162943 -0.986636 0
    outer loop
      vertex 1.65607 -3.3827 2.4
      vertex 1.60442 -3.39123 0
      vertex 1.65607 -3.3827 0
    endloop
  endfacet
  facet normal 0.935897 -0.352275 0
    outer loop
      vertex 2.2391 -2.90422 2.4
      vertex 2.25754 -2.85523 0
      vertex 2.25754 -2.85523 2.4
    endloop
  endfacet
  facet normal 0.935897 -0.352275 0
    outer loop
      vertex 2.25754 -2.85523 0
      vertex 2.2391 -2.90422 2.4
      vertex 2.2391 -2.90422 0
    endloop
  endfacet
  facet normal -0.0328569 -0.99946 0
    outer loop
      vertex 1.44768 -3.39636 0
      vertex 1.5 -3.39808 2.4
      vertex 1.44768 -3.39636 2.4
    endloop
  endfacet
  facet normal -0.0328569 -0.99946 -0
    outer loop
      vertex 1.5 -3.39808 2.4
      vertex 1.44768 -3.39636 0
      vertex 1.5 -3.39808 0
    endloop
  endfacet
  facet normal -0.93589 0.352291 0
    outer loop
      vertex 0.742455 -2.34092 0
      vertex 0.760896 -2.29193 2.2
      vertex 0.760896 -2.29193 0
    endloop
  endfacet
  facet normal -0.93589 0.352291 0
    outer loop
      vertex 0.760896 -2.29193 2.2
      vertex 0.742455 -2.34092 0
      vertex 0.742455 -2.34092 2.2
    endloop
  endfacet
  facet normal -0.527971 0.849262 0
    outer loop
      vertex 1.1 -1.90526 0
      vertex 1.05554 -1.9329 2.2
      vertex 1.1 -1.90526 2.2
    endloop
  endfacet
  facet normal -0.527971 0.849262 0
    outer loop
      vertex 1.05554 -1.9329 2.2
      vertex 1.1 -1.90526 0
      vertex 1.05554 -1.9329 0
    endloop
  endfacet
  facet normal 0.956928 -0.290325 0
    outer loop
      vertex 2.25754 -2.85523 2.4
      vertex 2.27274 -2.80513 0
      vertex 2.27274 -2.80513 2.4
    endloop
  endfacet
  facet normal 0.956928 -0.290325 0
    outer loop
      vertex 2.27274 -2.80513 0
      vertex 2.25754 -2.85523 2.4
      vertex 2.25754 -2.85523 0
    endloop
  endfacet
  facet normal 0.0979906 0.995187 -0
    outer loop
      vertex 1.60442 -1.80492 0
      vertex 1.55232 -1.79979 2.2
      vertex 1.60442 -1.80492 2.2
    endloop
  endfacet
  facet normal 0.0979906 0.995187 0
    outer loop
      vertex 1.55232 -1.79979 2.2
      vertex 1.60442 -1.80492 0
      vertex 1.55232 -1.79979 0
    endloop
  endfacet
  facet normal 0.527971 0.849262 -0
    outer loop
      vertex 1.94446 -1.9329 0
      vertex 1.9 -1.90526 2.2
      vertex 1.94446 -1.9329 2.2
    endloop
  endfacet
  facet normal 0.527971 0.849262 0
    outer loop
      vertex 1.9 -1.90526 2.2
      vertex 1.94446 -1.9329 0
      vertex 1.9 -1.90526 0
    endloop
  endfacet
  facet normal -0.22691 -0.973916 0
    outer loop
      vertex 1.29294 -3.37082 0
      vertex 1.34393 -3.3827 2.4
      vertex 1.29294 -3.37082 2.4
    endloop
  endfacet
  facet normal -0.22691 -0.973916 -0
    outer loop
      vertex 1.34393 -3.3827 2.4
      vertex 1.29294 -3.37082 0
      vertex 1.34393 -3.3827 0
    endloop
  endfacet
  facet normal -0.41281 -0.910817 0
    outer loop
      vertex 1.14617 -3.31557 0
      vertex 1.19385 -3.33718 2.4
      vertex 1.14617 -3.31557 2.4
    endloop
  endfacet
  facet normal -0.41281 -0.910817 -0
    outer loop
      vertex 1.19385 -3.33718 2.4
      vertex 1.14617 -3.31557 0
      vertex 1.19385 -3.33718 0
    endloop
  endfacet
  facet normal -0.986642 -0.162906 0
    outer loop
      vertex 0.715371 -2.75415 0
      vertex 0.706843 -2.7025 2.2
      vertex 0.706843 -2.7025 0
    endloop
  endfacet
  facet normal -0.986642 -0.162906 0
    outer loop
      vertex 0.706843 -2.7025 2.2
      vertex 0.715371 -2.75415 0
      vertex 0.715371 -2.75415 2.2
    endloop
  endfacet
  facet normal 0.0979906 -0.995187 0
    outer loop
      vertex 1.55232 -3.39636 0
      vertex 1.60442 -3.39123 2.4
      vertex 1.55232 -3.39636 2.4
    endloop
  endfacet
  facet normal 0.0979906 -0.995187 0
    outer loop
      vertex 1.60442 -3.39123 2.4
      vertex 1.55232 -3.39636 0
      vertex 1.60442 -3.39123 0
    endloop
  endfacet
  facet normal 0.881866 0.4715 0
    outer loop
      vertex 2.2175 -2.24424 2.2
      vertex 2.19282 -2.19808 0
      vertex 2.19282 -2.19808 2.2
    endloop
  endfacet
  facet normal 0.881866 0.4715 0
    outer loop
      vertex 2.19282 -2.19808 0
      vertex 2.2175 -2.24424 2.2
      vertex 2.2175 -2.24424 0
    endloop
  endfacet
  facet normal -0.956949 0.290255 0
    outer loop
      vertex 0.727259 -2.39102 0
      vertex 0.742455 -2.34092 2.2
      vertex 0.742455 -2.34092 0
    endloop
  endfacet
  facet normal -0.956949 0.290255 0
    outer loop
      vertex 0.742455 -2.34092 2.2
      vertex 0.727259 -2.39102 0
      vertex 0.727259 -2.39102 2.2
    endloop
  endfacet
  facet normal 0.41281 0.910817 -0
    outer loop
      vertex 1.85383 -1.88058 0
      vertex 1.80615 -1.85897 2.2
      vertex 1.85383 -1.88058 2.2
    endloop
  endfacet
  facet normal 0.41281 0.910817 0
    outer loop
      vertex 1.80615 -1.85897 2.2
      vertex 1.85383 -1.88058 0
      vertex 1.80615 -1.85897 0
    endloop
  endfacet
  facet normal -0.729879 -0.683576 0
    outer loop
      vertex 0.934314 -3.16376 0
      vertex 0.898528 -3.12555 2.2
      vertex 0.898528 -3.12555 0
    endloop
  endfacet
  facet normal -0.729879 -0.683576 0
    outer loop
      vertex 0.898528 -3.12555 2.2
      vertex 0.934314 -3.16376 0
      vertex 0.934314 -3.16376 2.2
    endloop
  endfacet
  facet normal -0.986647 0.162875 0
    outer loop
      vertex 0.706843 -2.49366 0
      vertex 0.715371 -2.442 2.2
      vertex 0.715371 -2.442 0
    endloop
  endfacet
  facet normal -0.986647 0.162875 0
    outer loop
      vertex 0.715371 -2.442 2.2
      vertex 0.706843 -2.49366 0
      vertex 0.706843 -2.49366 2.2
    endloop
  endfacet
  facet normal -0.973872 0.227097 0
    outer loop
      vertex 0.715371 -2.442 0
      vertex 0.727259 -2.39102 2.2
      vertex 0.727259 -2.39102 0
    endloop
  endfacet
  facet normal -0.973872 0.227097 0
    outer loop
      vertex 0.727259 -2.39102 2.2
      vertex 0.715371 -2.442 0
      vertex 0.715371 -2.442 2.2
    endloop
  endfacet
  facet normal -0.999465 0.032717 0
    outer loop
      vertex 0.7 -2.59808 0
      vertex 0.701713 -2.54575 2.2
      vertex 0.701713 -2.54575 0
    endloop
  endfacet
  facet normal -0.999465 0.032717 0
    outer loop
      vertex 0.701713 -2.54575 2.2
      vertex 0.7 -2.59808 0
      vertex 0.7 -2.59808 2.2
    endloop
  endfacet
  facet normal 0.352212 0.93592 -0
    outer loop
      vertex 1.80615 -1.85897 0
      vertex 1.75715 -1.84053 2.2
      vertex 1.80615 -1.85897 2.2
    endloop
  endfacet
  facet normal 0.352212 0.93592 0
    outer loop
      vertex 1.75715 -1.84053 2.2
      vertex 1.80615 -1.85897 0
      vertex 1.75715 -1.84053 0
    endloop
  endfacet
  facet normal -0.812837 0.582492 0
    outer loop
      vertex 0.834824 -2.15362 0
      vertex 0.865316 -2.11107 2.2
      vertex 0.865316 -2.11107 0
    endloop
  endfacet
  facet normal -0.812837 0.582492 0
    outer loop
      vertex 0.865316 -2.11107 2.2
      vertex 0.834824 -2.15362 0
      vertex 0.834824 -2.15362 2.2
    endloop
  endfacet
  facet normal -0.41281 0.910817 0
    outer loop
      vertex 1.19385 -1.85897 0
      vertex 1.14617 -1.88058 2.2
      vertex 1.19385 -1.85897 2.2
    endloop
  endfacet
  facet normal -0.41281 0.910817 0
    outer loop
      vertex 1.14617 -1.88058 2.2
      vertex 1.19385 -1.85897 0
      vertex 1.14617 -1.88058 0
    endloop
  endfacet
  facet normal -0.773019 0.634383 0
    outer loop
      vertex 0.865316 -2.11107 0
      vertex 0.898528 -2.0706 2.2
      vertex 0.898528 -2.0706 0
    endloop
  endfacet
  facet normal -0.773019 0.634383 0
    outer loop
      vertex 0.898528 -2.0706 2.2
      vertex 0.865316 -2.11107 0
      vertex 0.865316 -2.11107 2.2
    endloop
  endfacet
  facet normal -0.995187 -0.0979906 0
    outer loop
      vertex 0.706843 -2.7025 0
      vertex 0.701713 -2.6504 2.2
      vertex 0.701713 -2.6504 0
    endloop
  endfacet
  facet normal -0.995187 -0.0979906 0
    outer loop
      vertex 0.701713 -2.6504 2.2
      vertex 0.706843 -2.7025 0
      vertex 0.706843 -2.7025 2.2
    endloop
  endfacet
  facet normal 0 0 -1
    outer loop
      vertex 2.29829 -2.6504 0
      vertex 2.29829 -2.54575 0
      vertex 2.3 -2.59808 0
    endloop
  endfacet
  facet normal 0 0 -1
    outer loop
      vertex 2.29316 -2.7025 0
      vertex 2.29829 -2.54575 0
      vertex 2.29829 -2.6504 0
    endloop
  endfacet
  facet normal 0 0 -1
    outer loop
      vertex 2.29316 -2.7025 0
      vertex 2.29316 -2.49366 0
      vertex 2.29829 -2.54575 0
    endloop
  endfacet
  facet normal 0 0 -1
    outer loop
      vertex 2.28463 -2.75415 0
      vertex 2.29316 -2.49366 0
      vertex 2.29316 -2.7025 0
    endloop
  endfacet
  facet normal 0 0 -1
    outer loop
      vertex 2.28463 -2.75415 0
      vertex 2.28463 -2.442 0
      vertex 2.29316 -2.49366 0
    endloop
  endfacet
  facet normal 0 0 -1
    outer loop
      vertex 2.27274 -2.80513 0
      vertex 2.28463 -2.442 0
      vertex 2.28463 -2.75415 0
    endloop
  endfacet
  facet normal 0 0 -1
    outer loop
      vertex 2.27274 -2.80513 0
      vertex 2.27274 -2.39102 0
      vertex 2.28463 -2.442 0
    endloop
  endfacet
  facet normal 0 0 -1
    outer loop
      vertex 2.25754 -2.85523 0
      vertex 2.27274 -2.39102 0
      vertex 2.27274 -2.80513 0
    endloop
  endfacet
  facet normal 0 0 -1
    outer loop
      vertex 2.25754 -2.85523 0
      vertex 2.25754 -2.34092 0
      vertex 2.27274 -2.39102 0
    endloop
  endfacet
  facet normal 0 0 -1
    outer loop
      vertex 2.2391 -2.90422 0
      vertex 2.25754 -2.34092 0
      vertex 2.25754 -2.85523 0
    endloop
  endfacet
  facet normal 0 0 -1
    outer loop
      vertex 2.2391 -2.90422 0
      vertex 2.2391 -2.29193 0
      vertex 2.25754 -2.34092 0
    endloop
  endfacet
  facet normal 0 0 -1
    outer loop
      vertex 2.2175 -2.95191 0
      vertex 2.2391 -2.29193 0
      vertex 2.2391 -2.90422 0
    endloop
  endfacet
  facet normal 0 0 -1
    outer loop
      vertex 2.2175 -2.95191 0
      vertex 2.2175 -2.24424 0
      vertex 2.2391 -2.29193 0
    endloop
  endfacet
  facet normal 0 0 -1
    outer loop
      vertex 2.19282 -2.99808 0
      vertex 2.2175 -2.24424 0
      vertex 2.2175 -2.95191 0
    endloop
  endfacet
  facet normal 0 0 -1
    outer loop
      vertex 2.19282 -2.99808 0
      vertex 2.19282 -2.19808 0
      vertex 2.2175 -2.24424 0
    endloop
  endfacet
  facet normal 0 0 -1
    outer loop
      vertex 2.16518 -3.04253 0
      vertex 2.19282 -2.19808 0
      vertex 2.19282 -2.99808 0
    endloop
  endfacet
  facet normal 0 0 -1
    outer loop
      vertex 2.16518 -3.04253 0
      vertex 2.16518 -2.15362 0
      vertex 2.19282 -2.19808 0
    endloop
  endfacet
  facet normal 0 0 -1
    outer loop
      vertex 2.13468 -3.08508 0
      vertex 2.16518 -2.15362 0
      vertex 2.16518 -3.04253 0
    endloop
  endfacet
  facet normal 0 0 -1
    outer loop
      vertex 2.13468 -3.08508 0
      vertex 2.13468 -2.11107 0
      vertex 2.16518 -2.15362 0
    endloop
  endfacet
  facet normal 0 0 -1
    outer loop
      vertex 2.10147 -3.12555 0
      vertex 2.13468 -2.11107 0
      vertex 2.13468 -3.08508 0
    endloop
  endfacet
  facet normal 0 0 -1
    outer loop
      vertex 2.10147 -3.12555 0
      vertex 2.10147 -2.0706 0
      vertex 2.13468 -2.11107 0
    endloop
  endfacet
  facet normal 0 0 -1
    outer loop
      vertex 2.06569 -3.16376 0
      vertex 2.10147 -2.0706 0
      vertex 2.10147 -3.12555 0
    endloop
  endfacet
  facet normal 0 0 -1
    outer loop
      vertex 2.06569 -3.16376 0
      vertex 2.06569 -2.03239 0
      vertex 2.10147 -2.0706 0
    endloop
  endfacet
  facet normal 0 0 -1
    outer loop
      vertex 2.02748 -3.19955 0
      vertex 2.06569 -2.03239 0
      vertex 2.06569 -3.16376 0
    endloop
  endfacet
  facet normal 0 0 -1
    outer loop
      vertex 2.02748 -3.19955 0
      vertex 2.02748 -1.9966 0
      vertex 2.06569 -2.03239 0
    endloop
  endfacet
  facet normal 0 0 -1
    outer loop
      vertex 1.98701 -3.23276 0
      vertex 2.02748 -1.9966 0
      vertex 2.02748 -3.19955 0
    endloop
  endfacet
  facet normal 0 0 -1
    outer loop
      vertex 1.98701 -3.23276 0
      vertex 1.98701 -1.96339 0
      vertex 2.02748 -1.9966 0
    endloop
  endfacet
  facet normal 0 0 -1
    outer loop
      vertex 1.94446 -3.26325 0
      vertex 1.98701 -1.96339 0
      vertex 1.98701 -3.23276 0
    endloop
  endfacet
  facet normal 0 0 -1
    outer loop
      vertex 1.94446 -3.26325 0
      vertex 1.94446 -1.9329 0
      vertex 1.98701 -1.96339 0
    endloop
  endfacet
  facet normal 0 0 -1
    outer loop
      vertex 1.9 -3.2909 0
      vertex 1.94446 -1.9329 0
      vertex 1.94446 -3.26325 0
    endloop
  endfacet
  facet normal 0 0 -1
    outer loop
      vertex 1.9 -3.2909 0
      vertex 1.9 -1.90526 0
      vertex 1.94446 -1.9329 0
    endloop
  endfacet
  facet normal 0 0 -1
    outer loop
      vertex 1.85383 -3.31557 0
      vertex 1.9 -1.90526 0
      vertex 1.9 -3.2909 0
    endloop
  endfacet
  facet normal 0 0 -1
    outer loop
      vertex 1.85383 -3.31557 0
      vertex 1.85383 -1.88058 0
      vertex 1.9 -1.90526 0
    endloop
  endfacet
  facet normal 0 0 -1
    outer loop
      vertex 1.80615 -3.33718 0
      vertex 1.85383 -1.88058 0
      vertex 1.85383 -3.31557 0
    endloop
  endfacet
  facet normal 0 0 -1
    outer loop
      vertex 1.80615 -3.33718 0
      vertex 1.80615 -1.85897 0
      vertex 1.85383 -1.88058 0
    endloop
  endfacet
  facet normal 0 0 -1
    outer loop
      vertex 1.75715 -3.35562 0
      vertex 1.80615 -1.85897 0
      vertex 1.80615 -3.33718 0
    endloop
  endfacet
  facet normal 0 0 -1
    outer loop
      vertex 1.75715 -3.35562 0
      vertex 1.75715 -1.84053 0
      vertex 1.80615 -1.85897 0
    endloop
  endfacet
  facet normal 0 0 -1
    outer loop
      vertex 1.70706 -3.37082 0
      vertex 1.75715 -1.84053 0
      vertex 1.75715 -3.35562 0
    endloop
  endfacet
  facet normal 0 0 -1
    outer loop
      vertex 1.70706 -3.37082 0
      vertex 1.70706 -1.82534 0
      vertex 1.75715 -1.84053 0
    endloop
  endfacet
  facet normal 0 0 -1
    outer loop
      vertex 1.65607 -3.3827 0
      vertex 1.70706 -1.82534 0
      vertex 1.70706 -3.37082 0
    endloop
  endfacet
  facet normal 0 0 -1
    outer loop
      vertex 1.65607 -3.3827 0
      vertex 1.65607 -1.81345 0
      vertex 1.70706 -1.82534 0
    endloop
  endfacet
  facet normal 0 0 -1
    outer loop
      vertex 1.60442 -3.39123 0
      vertex 1.65607 -1.81345 0
      vertex 1.65607 -3.3827 0
    endloop
  endfacet
  facet normal 0 0 -1
    outer loop
      vertex 1.60442 -3.39123 0
      vertex 1.60442 -1.80492 0
      vertex 1.65607 -1.81345 0
    endloop
  endfacet
  facet normal 0 0 -1
    outer loop
      vertex 1.55232 -3.39636 0
      vertex 1.60442 -1.80492 0
      vertex 1.60442 -3.39123 0
    endloop
  endfacet
  facet normal 0 0 -1
    outer loop
      vertex 1.55232 -3.39636 0
      vertex 1.55232 -1.79979 0
      vertex 1.60442 -1.80492 0
    endloop
  endfacet
  facet normal 0 0 -1
    outer loop
      vertex 1.5 -3.39808 0
      vertex 1.55232 -1.79979 0
      vertex 1.55232 -3.39636 0
    endloop
  endfacet
  facet normal 0 0 -1
    outer loop
      vertex 1.5 -3.39808 0
      vertex 1.5 -1.79808 0
      vertex 1.55232 -1.79979 0
    endloop
  endfacet
  facet normal 0 0 -1
    outer loop
      vertex 1.44768 -3.39636 0
      vertex 1.5 -1.79808 0
      vertex 1.5 -3.39808 0
    endloop
  endfacet
  facet normal 0 0 -1
    outer loop
      vertex 1.44768 -3.39636 0
      vertex 1.44768 -1.79979 0
      vertex 1.5 -1.79808 0
    endloop
  endfacet
  facet normal 0 0 -1
    outer loop
      vertex 1.39558 -3.39123 0
      vertex 1.44768 -1.79979 0
      vertex 1.44768 -3.39636 0
    endloop
  endfacet
  facet normal 0 0 -1
    outer loop
      vertex 1.39558 -3.39123 0
      vertex 1.39558 -1.80492 0
      vertex 1.44768 -1.79979 0
    endloop
  endfacet
  facet normal 0 0 -1
    outer loop
      vertex 1.34393 -3.3827 0
      vertex 1.39558 -1.80492 0
      vertex 1.39558 -3.39123 0
    endloop
  endfacet
  facet normal 0 0 -1
    outer loop
      vertex 1.34393 -3.3827 0
      vertex 1.34393 -1.81345 0
      vertex 1.39558 -1.80492 0
    endloop
  endfacet
  facet normal 0 0 -1
    outer loop
      vertex 1.29294 -3.37082 0
      vertex 1.34393 -1.81345 0
      vertex 1.34393 -3.3827 0
    endloop
  endfacet
  facet normal 0 0 -1
    outer loop
      vertex 1.29294 -3.37082 0
      vertex 1.29294 -1.82534 0
      vertex 1.34393 -1.81345 0
    endloop
  endfacet
  facet normal 0 0 -1
    outer loop
      vertex 1.24285 -3.35562 0
      vertex 1.29294 -1.82534 0
      vertex 1.29294 -3.37082 0
    endloop
  endfacet
  facet normal 0 0 -1
    outer loop
      vertex 1.24285 -3.35562 0
      vertex 1.24285 -1.84053 0
      vertex 1.29294 -1.82534 0
    endloop
  endfacet
  facet normal 0 0 -1
    outer loop
      vertex 1.19385 -3.33718 0
      vertex 1.24285 -1.84053 0
      vertex 1.24285 -3.35562 0
    endloop
  endfacet
  facet normal 0 0 -1
    outer loop
      vertex 1.19385 -3.33718 0
      vertex 1.19385 -1.85897 0
      vertex 1.24285 -1.84053 0
    endloop
  endfacet
  facet normal 0 0 -1
    outer loop
      vertex 1.14617 -3.31557 0
      vertex 1.19385 -1.85897 0
      vertex 1.19385 -3.33718 0
    endloop
  endfacet
  facet normal 0 0 -1
    outer loop
      vertex 1.14617 -3.31557 0
      vertex 1.14617 -1.88058 0
      vertex 1.19385 -1.85897 0
    endloop
  endfacet
  facet normal 0 0 -1
    outer loop
      vertex 1.1 -3.2909 0
      vertex 1.14617 -1.88058 0
      vertex 1.14617 -3.31557 0
    endloop
  endfacet
  facet normal 0 0 -1
    outer loop
      vertex 1.1 -3.2909 0
      vertex 1.1 -1.90526 0
      vertex 1.14617 -1.88058 0
    endloop
  endfacet
  facet normal 0 0 -1
    outer loop
      vertex 1.05554 -3.26325 0
      vertex 1.1 -1.90526 0
      vertex 1.1 -3.2909 0
    endloop
  endfacet
  facet normal 0 0 -1
    outer loop
      vertex 1.05554 -3.26325 0
      vertex 1.05554 -1.9329 0
      vertex 1.1 -1.90526 0
    endloop
  endfacet
  facet normal 0 0 -1
    outer loop
      vertex 1.01299 -3.23276 0
      vertex 1.05554 -1.9329 0
      vertex 1.05554 -3.26325 0
    endloop
  endfacet
  facet normal 0 0 -1
    outer loop
      vertex 1.01299 -3.23276 0
      vertex 1.01299 -1.96339 0
      vertex 1.05554 -1.9329 0
    endloop
  endfacet
  facet normal 0 0 -1
    outer loop
      vertex 0.972523 -3.19955 0
      vertex 1.01299 -1.96339 0
      vertex 1.01299 -3.23276 0
    endloop
  endfacet
  facet normal 0 0 -1
    outer loop
      vertex 0.972523 -3.19955 0
      vertex 0.972523 -1.9966 0
      vertex 1.01299 -1.96339 0
    endloop
  endfacet
  facet normal 0 0 -1
    outer loop
      vertex 0.934314 -3.16376 0
      vertex 0.972523 -1.9966 0
      vertex 0.972523 -3.19955 0
    endloop
  endfacet
  facet normal 0 0 -1
    outer loop
      vertex 0.934314 -3.16376 0
      vertex 0.934314 -2.03239 0
      vertex 0.972523 -1.9966 0
    endloop
  endfacet
  facet normal 0 0 -1
    outer loop
      vertex 0.898528 -3.12555 0
      vertex 0.934314 -2.03239 0
      vertex 0.934314 -3.16376 0
    endloop
  endfacet
  facet normal 0 0 -1
    outer loop
      vertex 0.898528 -3.12555 0
      vertex 0.898528 -2.0706 0
      vertex 0.934314 -2.03239 0
    endloop
  endfacet
  facet normal 0 0 -1
    outer loop
      vertex 0.865316 -3.08508 0
      vertex 0.898528 -2.0706 0
      vertex 0.898528 -3.12555 0
    endloop
  endfacet
  facet normal 0 0 -1
    outer loop
      vertex 0.865316 -3.08508 0
      vertex 0.865316 -2.11107 0
      vertex 0.898528 -2.0706 0
    endloop
  endfacet
  facet normal 0 0 -1
    outer loop
      vertex 0.834824 -3.04253 0
      vertex 0.865316 -2.11107 0
      vertex 0.865316 -3.08508 0
    endloop
  endfacet
  facet normal 0 0 -1
    outer loop
      vertex 0.834824 -3.04253 0
      vertex 0.834824 -2.15362 0
      vertex 0.865316 -2.11107 0
    endloop
  endfacet
  facet normal 0 0 -1
    outer loop
      vertex 0.807179 -2.99808 0
      vertex 0.834824 -2.15362 0
      vertex 0.834824 -3.04253 0
    endloop
  endfacet
  facet normal 0 0 -1
    outer loop
      vertex 0.807179 -2.99808 0
      vertex 0.807179 -2.19808 0
      vertex 0.834824 -2.15362 0
    endloop
  endfacet
  facet normal 0 0 -1
    outer loop
      vertex 0.782501 -2.95191 0
      vertex 0.807179 -2.19808 0
      vertex 0.807179 -2.99808 0
    endloop
  endfacet
  facet normal 0 0 -1
    outer loop
      vertex 0.782501 -2.95191 0
      vertex 0.782501 -2.24424 0
      vertex 0.807179 -2.19808 0
    endloop
  endfacet
  facet normal 0 0 -1
    outer loop
      vertex 0.760896 -2.90422 0
      vertex 0.782501 -2.24424 0
      vertex 0.782501 -2.95191 0
    endloop
  endfacet
  facet normal 0 0 -1
    outer loop
      vertex 0.760896 -2.90422 0
      vertex 0.760896 -2.29193 0
      vertex 0.782501 -2.24424 0
    endloop
  endfacet
  facet normal 0 0 -1
    outer loop
      vertex 0.742455 -2.85523 0
      vertex 0.760896 -2.29193 0
      vertex 0.760896 -2.90422 0
    endloop
  endfacet
  facet normal 0 0 -1
    outer loop
      vertex 0.742455 -2.85523 0
      vertex 0.742455 -2.34092 0
      vertex 0.760896 -2.29193 0
    endloop
  endfacet
  facet normal 0 0 -1
    outer loop
      vertex 0.727259 -2.80513 0
      vertex 0.742455 -2.34092 0
      vertex 0.742455 -2.85523 0
    endloop
  endfacet
  facet normal 0 0 -1
    outer loop
      vertex 0.727259 -2.80513 0
      vertex 0.727259 -2.39102 0
      vertex 0.742455 -2.34092 0
    endloop
  endfacet
  facet normal 0 0 -1
    outer loop
      vertex 0.715371 -2.75415 0
      vertex 0.727259 -2.39102 0
      vertex 0.727259 -2.80513 0
    endloop
  endfacet
  facet normal 0 0 -1
    outer loop
      vertex 0.715371 -2.75415 0
      vertex 0.715371 -2.442 0
      vertex 0.727259 -2.39102 0
    endloop
  endfacet
  facet normal 0 0 -1
    outer loop
      vertex 0.706843 -2.7025 0
      vertex 0.715371 -2.442 0
      vertex 0.715371 -2.75415 0
    endloop
  endfacet
  facet normal 0 0 -1
    outer loop
      vertex 0.706843 -2.7025 0
      vertex 0.706843 -2.49366 0
      vertex 0.715371 -2.442 0
    endloop
  endfacet
  facet normal 0 0 -1
    outer loop
      vertex 0.701713 -2.6504 0
      vertex 0.706843 -2.49366 0
      vertex 0.706843 -2.7025 0
    endloop
  endfacet
  facet normal 0 0 -1
    outer loop
      vertex 0.701713 -2.6504 0
      vertex 0.701713 -2.54575 0
      vertex 0.706843 -2.49366 0
    endloop
  endfacet
  facet normal 0 -0 -1
    outer loop
      vertex 0.701713 -2.54575 0
      vertex 0.701713 -2.6504 0
      vertex 0.7 -2.59808 0
    endloop
  endfacet
  facet normal -0.352212 -0.93592 0
    outer loop
      vertex 1.19385 -3.33718 0
      vertex 1.24285 -3.35562 2.4
      vertex 1.19385 -3.33718 2.4
    endloop
  endfacet
  facet normal -0.352212 -0.93592 -0
    outer loop
      vertex 1.24285 -3.35562 2.4
      vertex 1.19385 -3.33718 0
      vertex 1.24285 -3.35562 0
    endloop
  endfacet
  facet normal 0 0 1
    outer loop
      vertex 2.13066 -2.77674 2.4
      vertex 2.29829 -2.6504 2.4
      vertex 2.29866 -2.63886 2.4
    endloop
  endfacet
  facet normal 0 0 1
    outer loop
      vertex 2.29829 -2.6504 2.4
      vertex 2.13066 -2.77674 2.4
      vertex 2.29316 -2.7025 2.4
    endloop
  endfacet
  facet normal 0 0 1
    outer loop
      vertex 2.29316 -2.7025 2.4
      vertex 2.13066 -2.77674 2.4
      vertex 2.28463 -2.75415 2.4
    endloop
  endfacet
  facet normal 0 0 1
    outer loop
      vertex 2.28463 -2.75415 2.4
      vertex 2.13066 -2.77674 2.4
      vertex 2.27274 -2.80513 2.4
    endloop
  endfacet
  facet normal 0 0 1
    outer loop
      vertex 2.27274 -2.80513 2.4
      vertex 2.13066 -2.77674 2.4
      vertex 2.25754 -2.85523 2.4
    endloop
  endfacet
  facet normal 0 0 1
    outer loop
      vertex 2.25754 -2.85523 2.4
      vertex 2.13066 -2.77674 2.4
      vertex 2.2391 -2.90422 2.4
    endloop
  endfacet
  facet normal 0 0 1
    outer loop
      vertex 2.2391 -2.90422 2.4
      vertex 2.13066 -2.77674 2.4
      vertex 2.2175 -2.95191 2.4
    endloop
  endfacet
  facet normal -0 0 1
    outer loop
      vertex 1.9445 -2.91014 2.4
      vertex 2.2175 -2.95191 2.4
      vertex 2.13066 -2.77674 2.4
    endloop
  endfacet
  facet normal 0 0 1
    outer loop
      vertex 2.2175 -2.95191 2.4
      vertex 1.9445 -2.91014 2.4
      vertex 2.19282 -2.99808 2.4
    endloop
  endfacet
  facet normal 0 0 1
    outer loop
      vertex 2.19282 -2.99808 2.4
      vertex 1.9445 -2.91014 2.4
      vertex 2.16518 -3.04253 2.4
    endloop
  endfacet
  facet normal 0 0 1
    outer loop
      vertex 2.16518 -3.04253 2.4
      vertex 1.9445 -2.91014 2.4
      vertex 2.13468 -3.08508 2.4
    endloop
  endfacet
  facet normal 0 0 1
    outer loop
      vertex 2.13468 -3.08508 2.4
      vertex 1.9445 -2.91014 2.4
      vertex 2.10147 -3.12555 2.4
    endloop
  endfacet
  facet normal 0 0 1
    outer loop
      vertex 2.10147 -3.12555 2.4
      vertex 1.9445 -2.91014 2.4
      vertex 2.06569 -3.16376 2.4
    endloop
  endfacet
  facet normal 0 0 1
    outer loop
      vertex 2.06569 -3.16376 2.4
      vertex 1.9445 -2.91014 2.4
      vertex 2.02748 -3.19955 2.4
    endloop
  endfacet
  facet normal -0 0 1
    outer loop
      vertex 1.75 -3.03109 2.4
      vertex 2.02748 -3.19955 2.4
      vertex 1.9445 -2.91014 2.4
    endloop
  endfacet
  facet normal 0 0 1
    outer loop
      vertex 2.02748 -3.19955 2.4
      vertex 1.75 -3.03109 2.4
      vertex 1.98701 -3.23276 2.4
    endloop
  endfacet
  facet normal 0 0 1
    outer loop
      vertex 1.98701 -3.23276 2.4
      vertex 1.75 -3.03109 2.4
      vertex 1.94446 -3.26325 2.4
    endloop
  endfacet
  facet normal 0 0 1
    outer loop
      vertex 1.94446 -3.26325 2.4
      vertex 1.75 -3.03109 2.4
      vertex 1.9 -3.2909 2.4
    endloop
  endfacet
  facet normal 0 0 1
    outer loop
      vertex 1.9 -3.2909 2.4
      vertex 1.75 -3.03109 2.4
      vertex 1.85383 -3.31557 2.4
    endloop
  endfacet
  facet normal 0 0 1
    outer loop
      vertex 1.85383 -3.31557 2.4
      vertex 1.75 -3.03109 2.4
      vertex 1.80615 -3.33718 2.4
    endloop
  endfacet
  facet normal 0 0 1
    outer loop
      vertex 1.80615 -3.33718 2.4
      vertex 1.75 -3.03109 2.4
      vertex 1.75715 -3.35562 2.4
    endloop
  endfacet
  facet normal -0 0 1
    outer loop
      vertex 1.54801 -3.13905 2.4
      vertex 1.75715 -3.35562 2.4
      vertex 1.75 -3.03109 2.4
    endloop
  endfacet
  facet normal 0 0 1
    outer loop
      vertex 1.75715 -3.35562 2.4
      vertex 1.54801 -3.13905 2.4
      vertex 1.70706 -3.37082 2.4
    endloop
  endfacet
  facet normal 0 0 1
    outer loop
      vertex 1.70706 -3.37082 2.4
      vertex 1.54801 -3.13905 2.4
      vertex 1.65607 -3.3827 2.4
    endloop
  endfacet
  facet normal 0 0 1
    outer loop
      vertex 1.65607 -3.3827 2.4
      vertex 1.54801 -3.13905 2.4
      vertex 1.60442 -3.39123 2.4
    endloop
  endfacet
  facet normal 0 0 1
    outer loop
      vertex 1.60442 -3.39123 2.4
      vertex 1.54801 -3.13905 2.4
      vertex 1.55232 -3.39636 2.4
    endloop
  endfacet
  facet normal 0 0 1
    outer loop
      vertex 1.54801 -3.13905 2.4
      vertex 1.5 -3.39808 2.4
      vertex 1.55232 -3.39636 2.4
    endloop
  endfacet
  facet normal 0 0 1
    outer loop
      vertex 1.54801 -3.13905 2.4
      vertex 1.44768 -3.39636 2.4
      vertex 1.5 -3.39808 2.4
    endloop
  endfacet
  facet normal -0 0 1
    outer loop
      vertex 1.33939 -3.23358 2.4
      vertex 1.44768 -3.39636 2.4
      vertex 1.54801 -3.13905 2.4
    endloop
  endfacet
  facet normal 0 0 1
    outer loop
      vertex 1.44768 -3.39636 2.4
      vertex 1.33939 -3.23358 2.4
      vertex 1.39558 -3.39123 2.4
    endloop
  endfacet
  facet normal 0 0 1
    outer loop
      vertex 1.39558 -3.39123 2.4
      vertex 1.33939 -3.23358 2.4
      vertex 1.34393 -3.3827 2.4
    endloop
  endfacet
  facet normal 0 0 1
    outer loop
      vertex 1.33939 -3.23358 2.4
      vertex 1.29294 -3.37082 2.4
      vertex 1.34393 -3.3827 2.4
    endloop
  endfacet
  facet normal 0 0 1
    outer loop
      vertex 1.33939 -3.23358 2.4
      vertex 1.24285 -3.35562 2.4
      vertex 1.29294 -3.37082 2.4
    endloop
  endfacet
  facet normal 0 0 1
    outer loop
      vertex 1.33939 -3.23358 2.4
      vertex 1.19385 -3.33718 2.4
      vertex 1.24285 -3.35562 2.4
    endloop
  endfacet
  facet normal 0 0 1
    outer loop
      vertex 1.33939 -3.23358 2.4
      vertex 1.14617 -3.31557 2.4
      vertex 1.19385 -3.33718 2.4
    endloop
  endfacet
  facet normal 0 -0 1
    outer loop
      vertex 1.14617 -3.31557 2.4
      vertex 1.33939 -3.23358 2.4
      vertex 1.13599 -3.31013 2.4
    endloop
  endfacet
  facet normal 0.910855 0.412727 0
    outer loop
      vertex 3.23358 1.33939 3.4
      vertex 3.13905 1.54801 2.2
      vertex 3.13905 1.54801 3.4
    endloop
  endfacet
  facet normal 0.910855 0.412727 0
    outer loop
      vertex 3.13905 1.54801 2.2
      vertex 3.23358 1.33939 3.4
      vertex 3.23358 1.33939 2.2
    endloop
  endfacet
  facet normal 0.63439 0.773013 -5.47505e-06
    outer loop
      vertex 2.30771 2.63144 3.4
      vertex 2.29866 2.63886 2.4
      vertex 2.13066 2.77674 3.4
    endloop
  endfacet
  facet normal 0.634028 0.77331 -0
    outer loop
      vertex 2.30771 2.63144 2.2
      vertex 2.29866 2.63886 2.4
      vertex 2.30771 2.63144 3.4
    endloop
  endfacet
  facet normal 0.634028 0.77331 0
    outer loop
      vertex 2.29866 2.63886 2.4
      vertex 2.30771 2.63144 2.2
      vertex 2.29866 2.63886 2.2
    endloop
  endfacet
  facet normal 0.63441 0.772997 0
    outer loop
      vertex 2.13066 2.77674 3.4
      vertex 2.29866 2.63886 2.4
      vertex 2.13066 2.77674 2.4
    endloop
  endfacet
  facet normal 0.0980204 -0.995184 0
    outer loop
      vertex 0.22891 -3.49251 2.2
      vertex 0.456841 -3.47006 3.4
      vertex 0.22891 -3.49251 3.4
    endloop
  endfacet
  facet normal 0.0980204 -0.995184 0
    outer loop
      vertex 0.456841 -3.47006 3.4
      vertex 0.22891 -3.49251 2.2
      vertex 0.456841 -3.47006 2.2
    endloop
  endfacet
  facet normal 0.0980204 0.995184 -0
    outer loop
      vertex 0.456841 3.47006 2.2
      vertex 0.22891 3.49251 3.4
      vertex 0.456841 3.47006 3.4
    endloop
  endfacet
  facet normal 0.0980204 0.995184 0
    outer loop
      vertex 0.22891 3.49251 3.4
      vertex 0.456841 3.47006 2.2
      vertex 0.22891 3.49251 2.2
    endloop
  endfacet
  facet normal 0 0 1
    outer loop
      vertex 1.425 0 3.4
      vertex 3.5 0 3.4
      vertex 3.49251 0.22891 3.4
    endloop
  endfacet
  facet normal 0 0 1
    outer loop
      vertex 1.42195 0.0931988 3.4
      vertex 3.49251 0.22891 3.4
      vertex 3.47006 0.456841 3.4
    endloop
  endfacet
  facet normal 0 0 1
    outer loop
      vertex 3.5 0 3.4
      vertex 1.425 0 3.4
      vertex 3.49251 -0.22891 3.4
    endloop
  endfacet
  facet normal 0 0 1
    outer loop
      vertex 1.41281 0.185999 3.4
      vertex 3.47006 0.456841 3.4
      vertex 3.43275 0.682816 3.4
    endloop
  endfacet
  facet normal -0 0 1
    outer loop
      vertex 1.42195 -0.0931988 3.4
      vertex 3.49251 -0.22891 3.4
      vertex 1.425 0 3.4
    endloop
  endfacet
  facet normal 0 0 1
    outer loop
      vertex 1.39762 0.278004 3.4
      vertex 3.43275 0.682816 3.4
      vertex 3.38074 0.905867 3.4
    endloop
  endfacet
  facet normal 0 0 1
    outer loop
      vertex 3.49251 -0.22891 3.4
      vertex 1.42195 -0.0931988 3.4
      vertex 3.47006 -0.456841 3.4
    endloop
  endfacet
  facet normal 0 0 1
    outer loop
      vertex 1.37644 0.368816 3.4
      vertex 3.38074 0.905867 3.4
      vertex 3.31425 1.12504 3.4
    endloop
  endfacet
  facet normal -0 0 1
    outer loop
      vertex 1.41281 -0.185999 3.4
      vertex 3.47006 -0.456841 3.4
      vertex 1.42195 -0.0931988 3.4
    endloop
  endfacet
  facet normal 0 0 1
    outer loop
      vertex 1.34937 0.458051 3.4
      vertex 3.31425 1.12504 3.4
      vertex 3.23358 1.33939 3.4
    endloop
  endfacet
  facet normal 0 0 1
    outer loop
      vertex 3.47006 -0.456841 3.4
      vertex 1.41281 -0.185999 3.4
      vertex 3.43275 -0.682816 3.4
    endloop
  endfacet
  facet normal 0 0 1
    outer loop
      vertex 1.31653 0.545323 3.4
      vertex 3.23358 1.33939 3.4
      vertex 3.13905 1.54801 3.4
    endloop
  endfacet
  facet normal -0 0 1
    outer loop
      vertex 1.39762 -0.278004 3.4
      vertex 3.43275 -0.682816 3.4
      vertex 1.41281 -0.185999 3.4
    endloop
  endfacet
  facet normal 0 0 1
    outer loop
      vertex 1.27804 0.63026 3.4
      vertex 3.13905 1.54801 3.4
      vertex 3.03109 1.75 3.4
    endloop
  endfacet
  facet normal 0 0 1
    outer loop
      vertex 3.43275 -0.682816 3.4
      vertex 1.39762 -0.278004 3.4
      vertex 3.38074 -0.905867 3.4
    endloop
  endfacet
  facet normal 0 0 1
    outer loop
      vertex 1.23409 0.7125 3.4
      vertex 3.03109 1.75 3.4
      vertex 2.91014 1.9445 3.4
    endloop
  endfacet
  facet normal -0 0 1
    outer loop
      vertex 1.37644 -0.368816 3.4
      vertex 3.38074 -0.905867 3.4
      vertex 1.39762 -0.278004 3.4
    endloop
  endfacet
  facet normal 0 0 1
    outer loop
      vertex 1.18484 0.791687 3.4
      vertex 2.91014 1.9445 3.4
      vertex 2.77674 2.13066 3.4
    endloop
  endfacet
  facet normal 0 0 1
    outer loop
      vertex 3.38074 -0.905867 3.4
      vertex 1.37644 -0.368816 3.4
      vertex 3.31425 -1.12504 3.4
    endloop
  endfacet
  facet normal 0 0 1
    outer loop
      vertex 1.13053 0.867484 3.4
      vertex 2.77674 2.13066 3.4
      vertex 2.63144 2.30771 3.4
    endloop
  endfacet
  facet normal -0 0 1
    outer loop
      vertex 1.34937 -0.458051 3.4
      vertex 3.31425 -1.12504 3.4
      vertex 1.37644 -0.368816 3.4
    endloop
  endfacet
  facet normal 0 0 1
    outer loop
      vertex 1.07137 0.939568 3.4
      vertex 2.63144 2.30771 3.4
      vertex 2.47487 2.47487 3.4
    endloop
  endfacet
  facet normal 0 0 1
    outer loop
      vertex 3.31425 -1.12504 3.4
      vertex 1.34937 -0.458051 3.4
      vertex 3.23358 -1.33939 3.4
    endloop
  endfacet
  facet normal 0 0 1
    outer loop
      vertex 1.00763 1.00763 3.4
      vertex 2.47487 2.47487 3.4
      vertex 2.30771 2.63144 3.4
    endloop
  endfacet
  facet normal -0 0 1
    outer loop
      vertex 1.31653 -0.545323 3.4
      vertex 3.23358 -1.33939 3.4
      vertex 1.34937 -0.458051 3.4
    endloop
  endfacet
  facet normal 0 0 1
    outer loop
      vertex 0.939568 1.07137 3.4
      vertex 2.30771 2.63144 3.4
      vertex 2.13066 2.77674 3.4
    endloop
  endfacet
  facet normal 0 0 1
    outer loop
      vertex 3.23358 -1.33939 3.4
      vertex 1.31653 -0.545323 3.4
      vertex 3.13905 -1.54801 3.4
    endloop
  endfacet
  facet normal 0 0 1
    outer loop
      vertex 0.867484 1.13053 3.4
      vertex 2.13066 2.77674 3.4
      vertex 1.9445 2.91014 3.4
    endloop
  endfacet
  facet normal -0 0 1
    outer loop
      vertex 1.27804 -0.63026 3.4
      vertex 3.13905 -1.54801 3.4
      vertex 1.31653 -0.545323 3.4
    endloop
  endfacet
  facet normal 0 0 1
    outer loop
      vertex 0.791687 1.18484 3.4
      vertex 1.9445 2.91014 3.4
      vertex 1.75 3.03109 3.4
    endloop
  endfacet
  facet normal 0 0 1
    outer loop
      vertex 3.13905 -1.54801 3.4
      vertex 1.27804 -0.63026 3.4
      vertex 3.03109 -1.75 3.4
    endloop
  endfacet
  facet normal 0 0 1
    outer loop
      vertex 0.7125 1.23409 3.4
      vertex 1.75 3.03109 3.4
      vertex 1.54801 3.13905 3.4
    endloop
  endfacet
  facet normal -0 0 1
    outer loop
      vertex 1.23409 -0.7125 3.4
      vertex 3.03109 -1.75 3.4
      vertex 1.27804 -0.63026 3.4
    endloop
  endfacet
  facet normal 0 0 1
    outer loop
      vertex 3.03109 -1.75 3.4
      vertex 1.23409 -0.7125 3.4
      vertex 2.91014 -1.9445 3.4
    endloop
  endfacet
  facet normal 0 0 1
    outer loop
      vertex 3.49251 0.22891 3.4
      vertex 1.42195 0.0931988 3.4
      vertex 1.425 0 3.4
    endloop
  endfacet
  facet normal 0 0 1
    outer loop
      vertex 3.47006 0.456841 3.4
      vertex 1.41281 0.185999 3.4
      vertex 1.42195 0.0931988 3.4
    endloop
  endfacet
  facet normal 0 0 1
    outer loop
      vertex 3.43275 0.682816 3.4
      vertex 1.39762 0.278004 3.4
      vertex 1.41281 0.185999 3.4
    endloop
  endfacet
  facet normal 0 0 1
    outer loop
      vertex 3.38074 0.905867 3.4
      vertex 1.37644 0.368816 3.4
      vertex 1.39762 0.278004 3.4
    endloop
  endfacet
  facet normal 0 0 1
    outer loop
      vertex 3.31425 1.12504 3.4
      vertex 1.34937 0.458051 3.4
      vertex 1.37644 0.368816 3.4
    endloop
  endfacet
  facet normal 0 0 1
    outer loop
      vertex 0.63026 1.27804 3.4
      vertex 1.54801 3.13905 3.4
      vertex 1.33939 3.23358 3.4
    endloop
  endfacet
  facet normal 0 0 1
    outer loop
      vertex 3.23358 1.33939 3.4
      vertex 1.31653 0.545323 3.4
      vertex 1.34937 0.458051 3.4
    endloop
  endfacet
  facet normal 0 0 1
    outer loop
      vertex 3.13905 1.54801 3.4
      vertex 1.27804 0.63026 3.4
      vertex 1.31653 0.545323 3.4
    endloop
  endfacet
  facet normal 0 0 1
    outer loop
      vertex 3.03109 1.75 3.4
      vertex 1.23409 0.7125 3.4
      vertex 1.27804 0.63026 3.4
    endloop
  endfacet
  facet normal 0 0 1
    outer loop
      vertex 2.91014 1.9445 3.4
      vertex 1.18484 0.791687 3.4
      vertex 1.23409 0.7125 3.4
    endloop
  endfacet
  facet normal 0 0 1
    outer loop
      vertex 2.77674 2.13066 3.4
      vertex 1.13053 0.867484 3.4
      vertex 1.18484 0.791687 3.4
    endloop
  endfacet
  facet normal 0 0 1
    outer loop
      vertex 0.545323 1.31653 3.4
      vertex 1.33939 3.23358 3.4
      vertex 1.12504 3.31425 3.4
    endloop
  endfacet
  facet normal 0 0 1
    outer loop
      vertex 2.63144 2.30771 3.4
      vertex 1.07137 0.939568 3.4
      vertex 1.13053 0.867484 3.4
    endloop
  endfacet
  facet normal 0 0 1
    outer loop
      vertex 2.47487 2.47487 3.4
      vertex 1.00763 1.00763 3.4
      vertex 1.07137 0.939568 3.4
    endloop
  endfacet
  facet normal 0 0 1
    outer loop
      vertex 2.30771 2.63144 3.4
      vertex 0.939568 1.07137 3.4
      vertex 1.00763 1.00763 3.4
    endloop
  endfacet
  facet normal 0 0 1
    outer loop
      vertex 0.458051 1.34937 3.4
      vertex 1.12504 3.31425 3.4
      vertex 0.905867 3.38074 3.4
    endloop
  endfacet
  facet normal 0 0 1
    outer loop
      vertex 2.13066 2.77674 3.4
      vertex 0.867484 1.13053 3.4
      vertex 0.939568 1.07137 3.4
    endloop
  endfacet
  facet normal 0 0 1
    outer loop
      vertex 1.9445 2.91014 3.4
      vertex 0.791687 1.18484 3.4
      vertex 0.867484 1.13053 3.4
    endloop
  endfacet
  facet normal 0 0 1
    outer loop
      vertex 1.75 3.03109 3.4
      vertex 0.7125 1.23409 3.4
      vertex 0.791687 1.18484 3.4
    endloop
  endfacet
  facet normal 0 0 1
    outer loop
      vertex 0.368816 1.37644 3.4
      vertex 0.905867 3.38074 3.4
      vertex 0.682816 3.43275 3.4
    endloop
  endfacet
  facet normal 0 0 1
    outer loop
      vertex 1.54801 3.13905 3.4
      vertex 0.63026 1.27804 3.4
      vertex 0.7125 1.23409 3.4
    endloop
  endfacet
  facet normal 0 0 1
    outer loop
      vertex 1.33939 3.23358 3.4
      vertex 0.545323 1.31653 3.4
      vertex 0.63026 1.27804 3.4
    endloop
  endfacet
  facet normal 0 0 1
    outer loop
      vertex 1.12504 3.31425 3.4
      vertex 0.458051 1.34937 3.4
      vertex 0.545323 1.31653 3.4
    endloop
  endfacet
  facet normal 0 0 1
    outer loop
      vertex 0.278004 1.39762 3.4
      vertex 0.682816 3.43275 3.4
      vertex 0.456841 3.47006 3.4
    endloop
  endfacet
  facet normal 0 0 1
    outer loop
      vertex 0.905867 3.38074 3.4
      vertex 0.368816 1.37644 3.4
      vertex 0.458051 1.34937 3.4
    endloop
  endfacet
  facet normal 0 0 1
    outer loop
      vertex 0.682816 3.43275 3.4
      vertex 0.278004 1.39762 3.4
      vertex 0.368816 1.37644 3.4
    endloop
  endfacet
  facet normal 0 0 1
    outer loop
      vertex 0.185999 1.41281 3.4
      vertex 0.456841 3.47006 3.4
      vertex 0.22891 3.49251 3.4
    endloop
  endfacet
  facet normal 0 0 1
    outer loop
      vertex 0.456841 3.47006 3.4
      vertex 0.185999 1.41281 3.4
      vertex 0.278004 1.39762 3.4
    endloop
  endfacet
  facet normal 0 0 1
    outer loop
      vertex 0.22891 3.49251 3.4
      vertex 0.0931988 1.42195 3.4
      vertex 0.185999 1.41281 3.4
    endloop
  endfacet
  facet normal 0 0 1
    outer loop
      vertex 0 3.5 3.4
      vertex 0.0931988 1.42195 3.4
      vertex 0.22891 3.49251 3.4
    endloop
  endfacet
  facet normal 0 0 1
    outer loop
      vertex 0 3.5 3.4
      vertex 0 1.425 3.4
      vertex 0.0931988 1.42195 3.4
    endloop
  endfacet
  facet normal 0 0 1
    outer loop
      vertex 0 3.5 3.4
      vertex -0.0931988 1.42195 3.4
      vertex 0 1.425 3.4
    endloop
  endfacet
  facet normal -0 0 1
    outer loop
      vertex -0.22891 3.49251 3.4
      vertex -0.0931988 1.42195 3.4
      vertex 0 3.5 3.4
    endloop
  endfacet
  facet normal 0 0 1
    outer loop
      vertex -0.0931988 1.42195 3.4
      vertex -0.22891 3.49251 3.4
      vertex -0.185999 1.41281 3.4
    endloop
  endfacet
  facet normal -0 0 1
    outer loop
      vertex -0.456841 3.47006 3.4
      vertex -0.185999 1.41281 3.4
      vertex -0.22891 3.49251 3.4
    endloop
  endfacet
  facet normal 0 0 1
    outer loop
      vertex -0.185999 1.41281 3.4
      vertex -0.456841 3.47006 3.4
      vertex -0.278004 1.39762 3.4
    endloop
  endfacet
  facet normal -0 0 1
    outer loop
      vertex -0.682816 3.43275 3.4
      vertex -0.278004 1.39762 3.4
      vertex -0.456841 3.47006 3.4
    endloop
  endfacet
  facet normal 0 0 1
    outer loop
      vertex -0.278004 1.39762 3.4
      vertex -0.682816 3.43275 3.4
      vertex -0.368816 1.37644 3.4
    endloop
  endfacet
  facet normal -0 0 1
    outer loop
      vertex -0.905867 3.38074 3.4
      vertex -0.368816 1.37644 3.4
      vertex -0.682816 3.43275 3.4
    endloop
  endfacet
  facet normal 0 0 1
    outer loop
      vertex -0.368816 1.37644 3.4
      vertex -0.905867 3.38074 3.4
      vertex -0.458051 1.34937 3.4
    endloop
  endfacet
  facet normal -0 0 1
    outer loop
      vertex -1.12504 3.31425 3.4
      vertex -0.458051 1.34937 3.4
      vertex -0.905867 3.38074 3.4
    endloop
  endfacet
  facet normal 0 0 1
    outer loop
      vertex -0.458051 1.34937 3.4
      vertex -1.12504 3.31425 3.4
      vertex -0.545323 1.31653 3.4
    endloop
  endfacet
  facet normal -0 0 1
    outer loop
      vertex -1.33939 3.23358 3.4
      vertex -0.545323 1.31653 3.4
      vertex -1.12504 3.31425 3.4
    endloop
  endfacet
  facet normal 0 0 1
    outer loop
      vertex -0.545323 1.31653 3.4
      vertex -1.33939 3.23358 3.4
      vertex -0.63026 1.27804 3.4
    endloop
  endfacet
  facet normal -0 0 1
    outer loop
      vertex -1.54801 3.13905 3.4
      vertex -0.63026 1.27804 3.4
      vertex -1.33939 3.23358 3.4
    endloop
  endfacet
  facet normal 0 0 1
    outer loop
      vertex -0.63026 1.27804 3.4
      vertex -1.54801 3.13905 3.4
      vertex -0.7125 1.23409 3.4
    endloop
  endfacet
  facet normal -0 0 1
    outer loop
      vertex -1.75 3.03109 3.4
      vertex -0.7125 1.23409 3.4
      vertex -1.54801 3.13905 3.4
    endloop
  endfacet
  facet normal 0 0 1
    outer loop
      vertex -0.7125 1.23409 3.4
      vertex -1.75 3.03109 3.4
      vertex -0.791687 1.18484 3.4
    endloop
  endfacet
  facet normal -0 0 1
    outer loop
      vertex -1.9445 2.91014 3.4
      vertex -0.791687 1.18484 3.4
      vertex -1.75 3.03109 3.4
    endloop
  endfacet
  facet normal 0 0 1
    outer loop
      vertex -0.791687 1.18484 3.4
      vertex -1.9445 2.91014 3.4
      vertex -0.867484 1.13053 3.4
    endloop
  endfacet
  facet normal -0 0 1
    outer loop
      vertex -2.13066 2.77674 3.4
      vertex -0.867484 1.13053 3.4
      vertex -1.9445 2.91014 3.4
    endloop
  endfacet
  facet normal 0 0 1
    outer loop
      vertex -0.867484 1.13053 3.4
      vertex -2.13066 2.77674 3.4
      vertex -0.939568 1.07137 3.4
    endloop
  endfacet
  facet normal -0 0 1
    outer loop
      vertex -2.30771 2.63144 3.4
      vertex -0.939568 1.07137 3.4
      vertex -2.13066 2.77674 3.4
    endloop
  endfacet
  facet normal 0 0 1
    outer loop
      vertex -0.939568 1.07137 3.4
      vertex -2.30771 2.63144 3.4
      vertex -1.00763 1.00763 3.4
    endloop
  endfacet
  facet normal -0 0 1
    outer loop
      vertex -2.47487 2.47487 3.4
      vertex -1.00763 1.00763 3.4
      vertex -2.30771 2.63144 3.4
    endloop
  endfacet
  facet normal 0 0 1
    outer loop
      vertex -1.00763 1.00763 3.4
      vertex -2.47487 2.47487 3.4
      vertex -1.07137 0.939568 3.4
    endloop
  endfacet
  facet normal -0 0 1
    outer loop
      vertex -2.63144 2.30771 3.4
      vertex -1.07137 0.939568 3.4
      vertex -2.47487 2.47487 3.4
    endloop
  endfacet
  facet normal 0 0 1
    outer loop
      vertex -1.07137 0.939568 3.4
      vertex -2.63144 2.30771 3.4
      vertex -1.13053 0.867484 3.4
    endloop
  endfacet
  facet normal -0 0 1
    outer loop
      vertex -2.77674 2.13066 3.4
      vertex -1.13053 0.867484 3.4
      vertex -2.63144 2.30771 3.4
    endloop
  endfacet
  facet normal 0 0 1
    outer loop
      vertex -1.13053 0.867484 3.4
      vertex -2.77674 2.13066 3.4
      vertex -1.18484 0.791687 3.4
    endloop
  endfacet
  facet normal -0 0 1
    outer loop
      vertex -2.91014 1.9445 3.4
      vertex -1.18484 0.791687 3.4
      vertex -2.77674 2.13066 3.4
    endloop
  endfacet
  facet normal 0 0 1
    outer loop
      vertex -1.18484 0.791687 3.4
      vertex -2.91014 1.9445 3.4
      vertex -1.23409 0.7125 3.4
    endloop
  endfacet
  facet normal -0 0 1
    outer loop
      vertex 1.18484 -0.791687 3.4
      vertex 2.91014 -1.9445 3.4
      vertex 1.23409 -0.7125 3.4
    endloop
  endfacet
  facet normal 0 0 1
    outer loop
      vertex 2.91014 -1.9445 3.4
      vertex 1.18484 -0.791687 3.4
      vertex 2.77674 -2.13066 3.4
    endloop
  endfacet
  facet normal -0 0 1
    outer loop
      vertex 1.13053 -0.867484 3.4
      vertex 2.77674 -2.13066 3.4
      vertex 1.18484 -0.791687 3.4
    endloop
  endfacet
  facet normal 0 0 1
    outer loop
      vertex 2.77674 -2.13066 3.4
      vertex 1.13053 -0.867484 3.4
      vertex 2.63144 -2.30771 3.4
    endloop
  endfacet
  facet normal -0 0 1
    outer loop
      vertex 1.07137 -0.939568 3.4
      vertex 2.63144 -2.30771 3.4
      vertex 1.13053 -0.867484 3.4
    endloop
  endfacet
  facet normal 0 0 1
    outer loop
      vertex 2.63144 -2.30771 3.4
      vertex 1.07137 -0.939568 3.4
      vertex 2.47487 -2.47487 3.4
    endloop
  endfacet
  facet normal -0 0 1
    outer loop
      vertex 1.00763 -1.00763 3.4
      vertex 2.47487 -2.47487 3.4
      vertex 1.07137 -0.939568 3.4
    endloop
  endfacet
  facet normal 0 0 1
    outer loop
      vertex 2.47487 -2.47487 3.4
      vertex 1.00763 -1.00763 3.4
      vertex 2.30771 -2.63144 3.4
    endloop
  endfacet
  facet normal -0 0 1
    outer loop
      vertex 0.939568 -1.07137 3.4
      vertex 2.30771 -2.63144 3.4
      vertex 1.00763 -1.00763 3.4
    endloop
  endfacet
  facet normal 0 0 1
    outer loop
      vertex 2.30771 -2.63144 3.4
      vertex 0.939568 -1.07137 3.4
      vertex 2.13066 -2.77674 3.4
    endloop
  endfacet
  facet normal -0 0 1
    outer loop
      vertex 0.867484 -1.13053 3.4
      vertex 2.13066 -2.77674 3.4
      vertex 0.939568 -1.07137 3.4
    endloop
  endfacet
  facet normal 0 0 1
    outer loop
      vertex 2.13066 -2.77674 3.4
      vertex 0.867484 -1.13053 3.4
      vertex 1.9445 -2.91014 3.4
    endloop
  endfacet
  facet normal -0 0 1
    outer loop
      vertex 0.791687 -1.18484 3.4
      vertex 1.9445 -2.91014 3.4
      vertex 0.867484 -1.13053 3.4
    endloop
  endfacet
  facet normal 0 0 1
    outer loop
      vertex 1.9445 -2.91014 3.4
      vertex 0.791687 -1.18484 3.4
      vertex 1.75 -3.03109 3.4
    endloop
  endfacet
  facet normal -0 0 1
    outer loop
      vertex 0.7125 -1.23409 3.4
      vertex 1.75 -3.03109 3.4
      vertex 0.791687 -1.18484 3.4
    endloop
  endfacet
  facet normal 0 0 1
    outer loop
      vertex 1.75 -3.03109 3.4
      vertex 0.7125 -1.23409 3.4
      vertex 1.54801 -3.13905 3.4
    endloop
  endfacet
  facet normal -0 0 1
    outer loop
      vertex 0.63026 -1.27804 3.4
      vertex 1.54801 -3.13905 3.4
      vertex 0.7125 -1.23409 3.4
    endloop
  endfacet
  facet normal 0 0 1
    outer loop
      vertex 1.54801 -3.13905 3.4
      vertex 0.63026 -1.27804 3.4
      vertex 1.33939 -3.23358 3.4
    endloop
  endfacet
  facet normal -0 0 1
    outer loop
      vertex 0.545323 -1.31653 3.4
      vertex 1.33939 -3.23358 3.4
      vertex 0.63026 -1.27804 3.4
    endloop
  endfacet
  facet normal 0 0 1
    outer loop
      vertex 1.33939 -3.23358 3.4
      vertex 0.545323 -1.31653 3.4
      vertex 1.12504 -3.31425 3.4
    endloop
  endfacet
  facet normal -0 0 1
    outer loop
      vertex 0.458051 -1.34937 3.4
      vertex 1.12504 -3.31425 3.4
      vertex 0.545323 -1.31653 3.4
    endloop
  endfacet
  facet normal 0 0 1
    outer loop
      vertex 1.12504 -3.31425 3.4
      vertex 0.458051 -1.34937 3.4
      vertex 0.905867 -3.38074 3.4
    endloop
  endfacet
  facet normal -0 0 1
    outer loop
      vertex 0.368816 -1.37644 3.4
      vertex 0.905867 -3.38074 3.4
      vertex 0.458051 -1.34937 3.4
    endloop
  endfacet
  facet normal 0 0 1
    outer loop
      vertex 0.905867 -3.38074 3.4
      vertex 0.368816 -1.37644 3.4
      vertex 0.682816 -3.43275 3.4
    endloop
  endfacet
  facet normal -0 0 1
    outer loop
      vertex 0.278004 -1.39762 3.4
      vertex 0.682816 -3.43275 3.4
      vertex 0.368816 -1.37644 3.4
    endloop
  endfacet
  facet normal 0 0 1
    outer loop
      vertex 0.682816 -3.43275 3.4
      vertex 0.278004 -1.39762 3.4
      vertex 0.456841 -3.47006 3.4
    endloop
  endfacet
  facet normal -0 0 1
    outer loop
      vertex 0.185999 -1.41281 3.4
      vertex 0.456841 -3.47006 3.4
      vertex 0.278004 -1.39762 3.4
    endloop
  endfacet
  facet normal 0 0 1
    outer loop
      vertex 0.456841 -3.47006 3.4
      vertex 0.185999 -1.41281 3.4
      vertex 0.22891 -3.49251 3.4
    endloop
  endfacet
  facet normal -0 0 1
    outer loop
      vertex 0.0931988 -1.42195 3.4
      vertex 0.22891 -3.49251 3.4
      vertex 0.185999 -1.41281 3.4
    endloop
  endfacet
  facet normal -0 0 1
    outer loop
      vertex 0 -1.425 3.4
      vertex 0.22891 -3.49251 3.4
      vertex 0.0931988 -1.42195 3.4
    endloop
  endfacet
  facet normal 0 0 1
    outer loop
      vertex 0 -1.425 3.4
      vertex 0 -3.5 3.4
      vertex 0.22891 -3.49251 3.4
    endloop
  endfacet
  facet normal 0 0 1
    outer loop
      vertex -0.0931988 -1.42195 3.4
      vertex 0 -3.5 3.4
      vertex 0 -1.425 3.4
    endloop
  endfacet
  facet normal 0 0 1
    outer loop
      vertex -0.22891 -3.49251 3.4
      vertex -0.0931988 -1.42195 3.4
      vertex -0.185999 -1.41281 3.4
    endloop
  endfacet
  facet normal 0 0 1
    outer loop
      vertex -0.0931988 -1.42195 3.4
      vertex -0.22891 -3.49251 3.4
      vertex 0 -3.5 3.4
    endloop
  endfacet
  facet normal 0 0 1
    outer loop
      vertex -0.456841 -3.47006 3.4
      vertex -0.185999 -1.41281 3.4
      vertex -0.278004 -1.39762 3.4
    endloop
  endfacet
  facet normal 0 0 1
    outer loop
      vertex -0.682816 -3.43275 3.4
      vertex -0.278004 -1.39762 3.4
      vertex -0.368816 -1.37644 3.4
    endloop
  endfacet
  facet normal 0 0 1
    outer loop
      vertex -0.185999 -1.41281 3.4
      vertex -0.456841 -3.47006 3.4
      vertex -0.22891 -3.49251 3.4
    endloop
  endfacet
  facet normal 0 0 1
    outer loop
      vertex -0.905867 -3.38074 3.4
      vertex -0.368816 -1.37644 3.4
      vertex -0.458051 -1.34937 3.4
    endloop
  endfacet
  facet normal 0 0 1
    outer loop
      vertex -1.12504 -3.31425 3.4
      vertex -0.458051 -1.34937 3.4
      vertex -0.545323 -1.31653 3.4
    endloop
  endfacet
  facet normal 0 0 1
    outer loop
      vertex -1.33939 -3.23358 3.4
      vertex -0.545323 -1.31653 3.4
      vertex -0.63026 -1.27804 3.4
    endloop
  endfacet
  facet normal 0 0 1
    outer loop
      vertex -0.278004 -1.39762 3.4
      vertex -0.682816 -3.43275 3.4
      vertex -0.456841 -3.47006 3.4
    endloop
  endfacet
  facet normal 0 0 1
    outer loop
      vertex -1.54801 -3.13905 3.4
      vertex -0.63026 -1.27804 3.4
      vertex -0.7125 -1.23409 3.4
    endloop
  endfacet
  facet normal 0 0 1
    outer loop
      vertex -1.75 -3.03109 3.4
      vertex -0.7125 -1.23409 3.4
      vertex -0.791687 -1.18484 3.4
    endloop
  endfacet
  facet normal 0 0 1
    outer loop
      vertex -1.9445 -2.91014 3.4
      vertex -0.791687 -1.18484 3.4
      vertex -0.867484 -1.13053 3.4
    endloop
  endfacet
  facet normal 0 0 1
    outer loop
      vertex -0.368816 -1.37644 3.4
      vertex -0.905867 -3.38074 3.4
      vertex -0.682816 -3.43275 3.4
    endloop
  endfacet
  facet normal 0 0 1
    outer loop
      vertex -2.13066 -2.77674 3.4
      vertex -0.867484 -1.13053 3.4
      vertex -0.939568 -1.07137 3.4
    endloop
  endfacet
  facet normal 0 0 1
    outer loop
      vertex -2.30771 -2.63144 3.4
      vertex -0.939568 -1.07137 3.4
      vertex -1.00763 -1.00763 3.4
    endloop
  endfacet
  facet normal 0 0 1
    outer loop
      vertex -2.47487 -2.47487 3.4
      vertex -1.00763 -1.00763 3.4
      vertex -1.07137 -0.939568 3.4
    endloop
  endfacet
  facet normal 0 0 1
    outer loop
      vertex -0.458051 -1.34937 3.4
      vertex -1.12504 -3.31425 3.4
      vertex -0.905867 -3.38074 3.4
    endloop
  endfacet
  facet normal 0 0 1
    outer loop
      vertex -2.63144 -2.30771 3.4
      vertex -1.07137 -0.939568 3.4
      vertex -1.13053 -0.867484 3.4
    endloop
  endfacet
  facet normal 0 0 1
    outer loop
      vertex -2.77674 -2.13066 3.4
      vertex -1.13053 -0.867484 3.4
      vertex -1.18484 -0.791687 3.4
    endloop
  endfacet
  facet normal 0 0 1
    outer loop
      vertex -2.91014 -1.9445 3.4
      vertex -1.18484 -0.791687 3.4
      vertex -1.23409 -0.7125 3.4
    endloop
  endfacet
  facet normal 0 0 1
    outer loop
      vertex -3.03109 -1.75 3.4
      vertex -1.23409 -0.7125 3.4
      vertex -1.27804 -0.63026 3.4
    endloop
  endfacet
  facet normal 0 0 1
    outer loop
      vertex -3.13905 -1.54801 3.4
      vertex -1.27804 -0.63026 3.4
      vertex -1.31653 -0.545323 3.4
    endloop
  endfacet
  facet normal 0 0 1
    outer loop
      vertex -0.545323 -1.31653 3.4
      vertex -1.33939 -3.23358 3.4
      vertex -1.12504 -3.31425 3.4
    endloop
  endfacet
  facet normal 0 0 1
    outer loop
      vertex -3.23358 -1.33939 3.4
      vertex -1.31653 -0.545323 3.4
      vertex -1.34937 -0.458051 3.4
    endloop
  endfacet
  facet normal 0 0 1
    outer loop
      vertex -3.31425 -1.12504 3.4
      vertex -1.34937 -0.458051 3.4
      vertex -1.37644 -0.368816 3.4
    endloop
  endfacet
  facet normal 0 0 1
    outer loop
      vertex -3.38074 -0.905867 3.4
      vertex -1.37644 -0.368816 3.4
      vertex -1.39762 -0.278004 3.4
    endloop
  endfacet
  facet normal 0 0 1
    outer loop
      vertex -3.43275 -0.682816 3.4
      vertex -1.39762 -0.278004 3.4
      vertex -1.41281 -0.185999 3.4
    endloop
  endfacet
  facet normal 0 0 1
    outer loop
      vertex -3.47006 -0.456841 3.4
      vertex -1.41281 -0.185999 3.4
      vertex -1.42195 -0.0931988 3.4
    endloop
  endfacet
  facet normal 0 0 1
    outer loop
      vertex -3.49251 -0.22891 3.4
      vertex -1.42195 -0.0931988 3.4
      vertex -1.425 0 3.4
    endloop
  endfacet
  facet normal -0 0 1
    outer loop
      vertex -3.03109 1.75 3.4
      vertex -1.23409 0.7125 3.4
      vertex -2.91014 1.9445 3.4
    endloop
  endfacet
  facet normal 0 0 1
    outer loop
      vertex -0.63026 -1.27804 3.4
      vertex -1.54801 -3.13905 3.4
      vertex -1.33939 -3.23358 3.4
    endloop
  endfacet
  facet normal 0 0 1
    outer loop
      vertex -1.23409 0.7125 3.4
      vertex -3.03109 1.75 3.4
      vertex -1.27804 0.63026 3.4
    endloop
  endfacet
  facet normal 0 0 1
    outer loop
      vertex -0.7125 -1.23409 3.4
      vertex -1.75 -3.03109 3.4
      vertex -1.54801 -3.13905 3.4
    endloop
  endfacet
  facet normal -0 0 1
    outer loop
      vertex -3.13905 1.54801 3.4
      vertex -1.27804 0.63026 3.4
      vertex -3.03109 1.75 3.4
    endloop
  endfacet
  facet normal 0 0 1
    outer loop
      vertex -0.791687 -1.18484 3.4
      vertex -1.9445 -2.91014 3.4
      vertex -1.75 -3.03109 3.4
    endloop
  endfacet
  facet normal 0 0 1
    outer loop
      vertex -1.27804 0.63026 3.4
      vertex -3.13905 1.54801 3.4
      vertex -1.31653 0.545323 3.4
    endloop
  endfacet
  facet normal 0 0 1
    outer loop
      vertex -0.867484 -1.13053 3.4
      vertex -2.13066 -2.77674 3.4
      vertex -1.9445 -2.91014 3.4
    endloop
  endfacet
  facet normal -0 0 1
    outer loop
      vertex -3.23358 1.33939 3.4
      vertex -1.31653 0.545323 3.4
      vertex -3.13905 1.54801 3.4
    endloop
  endfacet
  facet normal 0 0 1
    outer loop
      vertex -0.939568 -1.07137 3.4
      vertex -2.30771 -2.63144 3.4
      vertex -2.13066 -2.77674 3.4
    endloop
  endfacet
  facet normal 0 0 1
    outer loop
      vertex -1.31653 0.545323 3.4
      vertex -3.23358 1.33939 3.4
      vertex -1.34937 0.458051 3.4
    endloop
  endfacet
  facet normal 0 0 1
    outer loop
      vertex -1.00763 -1.00763 3.4
      vertex -2.47487 -2.47487 3.4
      vertex -2.30771 -2.63144 3.4
    endloop
  endfacet
  facet normal -0 0 1
    outer loop
      vertex -3.31425 1.12504 3.4
      vertex -1.34937 0.458051 3.4
      vertex -3.23358 1.33939 3.4
    endloop
  endfacet
  facet normal 0 0 1
    outer loop
      vertex -1.07137 -0.939568 3.4
      vertex -2.63144 -2.30771 3.4
      vertex -2.47487 -2.47487 3.4
    endloop
  endfacet
  facet normal 0 0 1
    outer loop
      vertex -1.34937 0.458051 3.4
      vertex -3.31425 1.12504 3.4
      vertex -1.37644 0.368816 3.4
    endloop
  endfacet
  facet normal 0 0 1
    outer loop
      vertex -1.13053 -0.867484 3.4
      vertex -2.77674 -2.13066 3.4
      vertex -2.63144 -2.30771 3.4
    endloop
  endfacet
  facet normal -0 0 1
    outer loop
      vertex -3.38074 0.905867 3.4
      vertex -1.37644 0.368816 3.4
      vertex -3.31425 1.12504 3.4
    endloop
  endfacet
  facet normal 0 0 1
    outer loop
      vertex -1.18484 -0.791687 3.4
      vertex -2.91014 -1.9445 3.4
      vertex -2.77674 -2.13066 3.4
    endloop
  endfacet
  facet normal 0 0 1
    outer loop
      vertex -1.37644 0.368816 3.4
      vertex -3.38074 0.905867 3.4
      vertex -1.39762 0.278004 3.4
    endloop
  endfacet
  facet normal 0 0 1
    outer loop
      vertex -1.23409 -0.7125 3.4
      vertex -3.03109 -1.75 3.4
      vertex -2.91014 -1.9445 3.4
    endloop
  endfacet
  facet normal -0 0 1
    outer loop
      vertex -3.43275 0.682816 3.4
      vertex -1.39762 0.278004 3.4
      vertex -3.38074 0.905867 3.4
    endloop
  endfacet
  facet normal 0 0 1
    outer loop
      vertex -1.27804 -0.63026 3.4
      vertex -3.13905 -1.54801 3.4
      vertex -3.03109 -1.75 3.4
    endloop
  endfacet
  facet normal 0 0 1
    outer loop
      vertex -1.39762 0.278004 3.4
      vertex -3.43275 0.682816 3.4
      vertex -1.41281 0.185999 3.4
    endloop
  endfacet
  facet normal 0 0 1
    outer loop
      vertex -1.31653 -0.545323 3.4
      vertex -3.23358 -1.33939 3.4
      vertex -3.13905 -1.54801 3.4
    endloop
  endfacet
  facet normal -0 0 1
    outer loop
      vertex -3.47006 0.456841 3.4
      vertex -1.41281 0.185999 3.4
      vertex -3.43275 0.682816 3.4
    endloop
  endfacet
  facet normal 0 0 1
    outer loop
      vertex -1.34937 -0.458051 3.4
      vertex -3.31425 -1.12504 3.4
      vertex -3.23358 -1.33939 3.4
    endloop
  endfacet
  facet normal 0 0 1
    outer loop
      vertex -1.41281 0.185999 3.4
      vertex -3.47006 0.456841 3.4
      vertex -1.42195 0.0931988 3.4
    endloop
  endfacet
  facet normal 0 0 1
    outer loop
      vertex -1.37644 -0.368816 3.4
      vertex -3.38074 -0.905867 3.4
      vertex -3.31425 -1.12504 3.4
    endloop
  endfacet
  facet normal -0 0 1
    outer loop
      vertex -3.49251 0.22891 3.4
      vertex -1.42195 0.0931988 3.4
      vertex -3.47006 0.456841 3.4
    endloop
  endfacet
  facet normal 0 0 1
    outer loop
      vertex -1.39762 -0.278004 3.4
      vertex -3.43275 -0.682816 3.4
      vertex -3.38074 -0.905867 3.4
    endloop
  endfacet
  facet normal 0 0 1
    outer loop
      vertex -1.42195 0.0931988 3.4
      vertex -3.49251 0.22891 3.4
      vertex -1.425 0 3.4
    endloop
  endfacet
  facet normal 0 0 1
    outer loop
      vertex -1.41281 -0.185999 3.4
      vertex -3.47006 -0.456841 3.4
      vertex -3.43275 -0.682816 3.4
    endloop
  endfacet
  facet normal 0 0 1
    outer loop
      vertex -3.5 0 3.4
      vertex -1.425 0 3.4
      vertex -3.49251 0.22891 3.4
    endloop
  endfacet
  facet normal 0 0 1
    outer loop
      vertex -1.42195 -0.0931988 3.4
      vertex -3.49251 -0.22891 3.4
      vertex -3.47006 -0.456841 3.4
    endloop
  endfacet
  facet normal 0 0 1
    outer loop
      vertex -1.425 0 3.4
      vertex -3.5 0 3.4
      vertex -3.49251 -0.22891 3.4
    endloop
  endfacet
  facet normal 0.227084 0.973875 -0
    outer loop
      vertex 0.905867 3.38074 2.2
      vertex 0.682816 3.43275 3.4
      vertex 0.905867 3.38074 3.4
    endloop
  endfacet
  facet normal 0.227084 0.973875 0
    outer loop
      vertex 0.682816 3.43275 3.4
      vertex 0.905867 3.38074 2.2
      vertex 0.682816 3.43275 2.2
    endloop
  endfacet
  facet normal 0.290303 -0.956935 0
    outer loop
      vertex 0.905867 -3.38074 2.2
      vertex 1.12504 -3.31425 3.4
      vertex 0.905867 -3.38074 3.4
    endloop
  endfacet
  facet normal 0.290303 -0.956935 0
    outer loop
      vertex 1.12504 -3.31425 3.4
      vertex 0.905867 -3.38074 2.2
      vertex 1.12504 -3.31425 2.2
    endloop
  endfacet
  facet normal 0.729848 0.68361 0
    outer loop
      vertex 2.63144 2.30771 3.4
      vertex 2.47487 2.47487 2.2
      vertex 2.47487 2.47487 3.4
    endloop
  endfacet
  facet normal 0.729848 0.68361 0
    outer loop
      vertex 2.47487 2.47487 2.2
      vertex 2.63144 2.30771 3.4
      vertex 2.63144 2.30771 2.2
    endloop
  endfacet
  facet normal 0.995184 0.0980204 0
    outer loop
      vertex 3.49251 0.22891 3.4
      vertex 3.47006 0.456841 2.4
      vertex 3.47006 0.456841 3.4
    endloop
  endfacet
  facet normal 0.995184 0.0980204 0
    outer loop
      vertex 3.47006 0.456841 2.4
      vertex 3.49251 0.22891 3.4
      vertex 3.49251 0.22891 2.4
    endloop
  endfacet
  facet normal 0.986727 0.162389 0
    outer loop
      vertex 3.43275 0.682816 3.4
      vertex 3.43465 0.671271 2.4
      vertex 3.43275 0.682816 2.2
    endloop
  endfacet
  facet normal 0.986642 0.162901 -6.07529e-06
    outer loop
      vertex 3.47006 0.456841 3.4
      vertex 3.43465 0.671271 2.4
      vertex 3.43275 0.682816 3.4
    endloop
  endfacet
  facet normal 0.986638 0.162929 0
    outer loop
      vertex 3.43465 0.671271 2.4
      vertex 3.47006 0.456841 3.4
      vertex 3.47006 0.456841 2.4
    endloop
  endfacet
  facet normal 0.986727 0.162389 0
    outer loop
      vertex 3.43275 0.682816 2.2
      vertex 3.43465 0.671271 2.4
      vertex 3.43465 0.671271 2.2
    endloop
  endfacet
  facet normal 0.471377 -0.881932 0
    outer loop
      vertex 1.54801 -3.13905 2.4
      vertex 1.75 -3.03109 3.4
      vertex 1.54801 -3.13905 3.4
    endloop
  endfacet
  facet normal 0.471377 -0.881932 0
    outer loop
      vertex 1.75 -3.03109 3.4
      vertex 1.54801 -3.13905 2.4
      vertex 1.75 -3.03109 2.4
    endloop
  endfacet
  facet normal -0.227084 0.973875 0
    outer loop
      vertex -0.682816 3.43275 2.2
      vertex -0.905867 3.38074 3.4
      vertex -0.682816 3.43275 3.4
    endloop
  endfacet
  facet normal -0.227084 0.973875 0
    outer loop
      vertex -0.905867 3.38074 3.4
      vertex -0.682816 3.43275 2.2
      vertex -0.905867 3.38074 2.2
    endloop
  endfacet
  facet normal -0.0980204 -0.995184 0
    outer loop
      vertex -0.456841 -3.47006 2.2
      vertex -0.22891 -3.49251 3.4
      vertex -0.456841 -3.47006 3.4
    endloop
  endfacet
  facet normal -0.0980204 -0.995184 -0
    outer loop
      vertex -0.22891 -3.49251 3.4
      vertex -0.456841 -3.47006 2.2
      vertex -0.22891 -3.49251 2.2
    endloop
  endfacet
  facet normal 0.528075 0.849198 -0
    outer loop
      vertex 1.9445 2.91014 2.4
      vertex 1.75 3.03109 3.4
      vertex 1.9445 2.91014 3.4
    endloop
  endfacet
  facet normal 0.528075 0.849198 0
    outer loop
      vertex 1.75 3.03109 3.4
      vertex 1.9445 2.91014 2.4
      vertex 1.75 3.03109 2.4
    endloop
  endfacet
  facet normal -0.412727 0.910855 0
    outer loop
      vertex -1.33939 3.23358 2.4
      vertex -1.54801 3.13905 3.4
      vertex -1.33939 3.23358 3.4
    endloop
  endfacet
  facet normal -0.412727 0.910855 0
    outer loop
      vertex -1.54801 3.13905 3.4
      vertex -1.33939 3.23358 2.4
      vertex -1.54801 3.13905 2.4
    endloop
  endfacet
  facet normal -0.973875 -0.227084 0
    outer loop
      vertex -3.38074 -0.905867 2.2
      vertex -3.43275 -0.682816 3.4
      vertex -3.43275 -0.682816 2.2
    endloop
  endfacet
  facet normal -0.973875 -0.227084 0
    outer loop
      vertex -3.43275 -0.682816 3.4
      vertex -3.38074 -0.905867 2.2
      vertex -3.38074 -0.905867 3.4
    endloop
  endfacet
  facet normal 0.881932 0.471377 0
    outer loop
      vertex 3.13905 1.54801 3.4
      vertex 3.03109 1.75 2.2
      vertex 3.03109 1.75 3.4
    endloop
  endfacet
  facet normal 0.881932 0.471377 0
    outer loop
      vertex 3.03109 1.75 2.2
      vertex 3.13905 1.54801 3.4
      vertex 3.13905 1.54801 2.2
    endloop
  endfacet
  facet normal -0.812847 0.582477 0
    outer loop
      vertex -2.91014 1.9445 2.2
      vertex -2.77674 2.13066 3.4
      vertex -2.77674 2.13066 2.2
    endloop
  endfacet
  facet normal -0.812847 0.582477 0
    outer loop
      vertex -2.77674 2.13066 3.4
      vertex -2.91014 1.9445 2.2
      vertex -2.91014 1.9445 3.4
    endloop
  endfacet
  facet normal 0.999465 0.0327028 0
    outer loop
      vertex 3.5 0 3.4
      vertex 3.49251 0.22891 2.4
      vertex 3.49251 0.22891 3.4
    endloop
  endfacet
  facet normal 0.999465 0.0327028 0
    outer loop
      vertex 3.49251 0.22891 2.4
      vertex 3.5 0 3.4
      vertex 3.5 0 2.4
    endloop
  endfacet
  facet normal 0.986638 -0.162929 0
    outer loop
      vertex 3.47006 -0.456841 3.4
      vertex 3.43465 -0.671271 2.4
      vertex 3.47006 -0.456841 2.4
    endloop
  endfacet
  facet normal 0.986642 -0.162901 -6.07529e-06
    outer loop
      vertex 3.43275 -0.682816 3.4
      vertex 3.43465 -0.671271 2.4
      vertex 3.47006 -0.456841 3.4
    endloop
  endfacet
  facet normal 0.986727 -0.162389 0
    outer loop
      vertex 3.43275 -0.682816 2.2
      vertex 3.43465 -0.671271 2.4
      vertex 3.43275 -0.682816 3.4
    endloop
  endfacet
  facet normal 0.986727 -0.162389 0
    outer loop
      vertex 3.43465 -0.671271 2.4
      vertex 3.43275 -0.682816 2.2
      vertex 3.43465 -0.671271 2.2
    endloop
  endfacet
  facet normal -0.935914 -0.352229 0
    outer loop
      vertex -3.23358 -1.33939 2.2
      vertex -3.31425 -1.12504 3.4
      vertex -3.31425 -1.12504 2.2
    endloop
  endfacet
  facet normal -0.935914 -0.352229 0
    outer loop
      vertex -3.31425 -1.12504 3.4
      vertex -3.23358 -1.33939 2.2
      vertex -3.23358 -1.33939 3.4
    endloop
  endfacet
  facet normal -0.999465 0.0327028 0
    outer loop
      vertex -3.5 0 2.4
      vertex -3.49251 0.22891 3.4
      vertex -3.49251 0.22891 2.4
    endloop
  endfacet
  facet normal -0.999465 0.0327028 0
    outer loop
      vertex -3.49251 0.22891 3.4
      vertex -3.5 0 2.4
      vertex -3.5 0 3.4
    endloop
  endfacet
  facet normal -0.729848 -0.68361 0
    outer loop
      vertex -2.47487 -2.47487 2.2
      vertex -2.63144 -2.30771 3.4
      vertex -2.63144 -2.30771 2.2
    endloop
  endfacet
  facet normal -0.729848 -0.68361 0
    outer loop
      vertex -2.63144 -2.30771 3.4
      vertex -2.47487 -2.47487 2.2
      vertex -2.47487 -2.47487 3.4
    endloop
  endfacet
  facet normal 0.935914 0.352229 0
    outer loop
      vertex 3.31425 1.12504 3.4
      vertex 3.23358 1.33939 2.2
      vertex 3.23358 1.33939 3.4
    endloop
  endfacet
  facet normal 0.935914 0.352229 0
    outer loop
      vertex 3.23358 1.33939 2.2
      vertex 3.31425 1.12504 3.4
      vertex 3.31425 1.12504 2.2
    endloop
  endfacet
  facet normal -0.986727 0.162389 0
    outer loop
      vertex -3.43465 0.671271 2.4
      vertex -3.43275 0.682816 2.2
      vertex -3.43465 0.671271 2.2
    endloop
  endfacet
  facet normal -0.986727 0.162389 0
    outer loop
      vertex -3.43275 0.682816 2.2
      vertex -3.43465 0.671271 2.4
      vertex -3.43275 0.682816 3.4
    endloop
  endfacet
  facet normal -0.986638 0.162929 0
    outer loop
      vertex -3.47006 0.456841 3.4
      vertex -3.43465 0.671271 2.4
      vertex -3.47006 0.456841 2.4
    endloop
  endfacet
  facet normal -0.986642 0.162901 -6.07529e-06
    outer loop
      vertex -3.43465 0.671271 2.4
      vertex -3.47006 0.456841 3.4
      vertex -3.43275 0.682816 3.4
    endloop
  endfacet
  facet normal 0.956935 0.290303 0
    outer loop
      vertex 3.38074 0.905867 3.4
      vertex 3.31425 1.12504 2.2
      vertex 3.31425 1.12504 3.4
    endloop
  endfacet
  facet normal 0.956935 0.290303 0
    outer loop
      vertex 3.31425 1.12504 2.2
      vertex 3.38074 0.905867 3.4
      vertex 3.38074 0.905867 2.2
    endloop
  endfacet
  facet normal -0.471377 0.881932 0
    outer loop
      vertex -1.54801 3.13905 2.4
      vertex -1.75 3.03109 3.4
      vertex -1.54801 3.13905 3.4
    endloop
  endfacet
  facet normal -0.471377 0.881932 0
    outer loop
      vertex -1.75 3.03109 3.4
      vertex -1.54801 3.13905 2.4
      vertex -1.75 3.03109 2.4
    endloop
  endfacet
  facet normal -0.0980204 0.995184 0
    outer loop
      vertex -0.22891 3.49251 2.2
      vertex -0.456841 3.47006 3.4
      vertex -0.22891 3.49251 3.4
    endloop
  endfacet
  facet normal -0.0980204 0.995184 0
    outer loop
      vertex -0.456841 3.47006 3.4
      vertex -0.22891 3.49251 2.2
      vertex -0.456841 3.47006 2.2
    endloop
  endfacet
  facet normal 0.812847 -0.582477 0
    outer loop
      vertex 2.77674 -2.13066 3.4
      vertex 2.91014 -1.9445 2.2
      vertex 2.91014 -1.9445 3.4
    endloop
  endfacet
  facet normal 0.812847 -0.582477 0
    outer loop
      vertex 2.91014 -1.9445 2.2
      vertex 2.77674 -2.13066 3.4
      vertex 2.77674 -2.13066 2.2
    endloop
  endfacet
  facet normal -0.956935 -0.290303 0
    outer loop
      vertex -3.31425 -1.12504 2.2
      vertex -3.38074 -0.905867 3.4
      vertex -3.38074 -0.905867 2.2
    endloop
  endfacet
  facet normal -0.956935 -0.290303 0
    outer loop
      vertex -3.38074 -0.905867 3.4
      vertex -3.31425 -1.12504 2.2
      vertex -3.31425 -1.12504 3.4
    endloop
  endfacet
  facet normal 0.995184 -0.0980204 0
    outer loop
      vertex 3.47006 -0.456841 3.4
      vertex 3.49251 -0.22891 2.4
      vertex 3.49251 -0.22891 3.4
    endloop
  endfacet
  facet normal 0.995184 -0.0980204 0
    outer loop
      vertex 3.49251 -0.22891 2.4
      vertex 3.47006 -0.456841 3.4
      vertex 3.47006 -0.456841 2.4
    endloop
  endfacet
  facet normal 0.849198 0.528075 0
    outer loop
      vertex 3.03109 1.75 3.4
      vertex 2.91014 1.9445 2.2
      vertex 2.91014 1.9445 3.4
    endloop
  endfacet
  facet normal 0.849198 0.528075 0
    outer loop
      vertex 2.91014 1.9445 2.2
      vertex 3.03109 1.75 3.4
      vertex 3.03109 1.75 2.2
    endloop
  endfacet
  facet normal 0.0327028 -0.999465 0
    outer loop
      vertex 0 -3.5 2.2
      vertex 0.22891 -3.49251 3.4
      vertex 0 -3.5 3.4
    endloop
  endfacet
  facet normal 0.0327028 -0.999465 0
    outer loop
      vertex 0.22891 -3.49251 3.4
      vertex 0 -3.5 2.2
      vertex 0.22891 -3.49251 2.2
    endloop
  endfacet
  facet normal 0.290303 0.956935 -0
    outer loop
      vertex 1.12504 3.31425 2.2
      vertex 0.905867 3.38074 3.4
      vertex 1.12504 3.31425 3.4
    endloop
  endfacet
  facet normal 0.290303 0.956935 0
    outer loop
      vertex 0.905867 3.38074 3.4
      vertex 1.12504 3.31425 2.2
      vertex 0.905867 3.38074 2.2
    endloop
  endfacet
  facet normal 0.773013 0.63439 0
    outer loop
      vertex 2.77674 2.13066 3.4
      vertex 2.63144 2.30771 2.2
      vertex 2.63144 2.30771 3.4
    endloop
  endfacet
  facet normal 0.773013 0.63439 0
    outer loop
      vertex 2.63144 2.30771 2.2
      vertex 2.77674 2.13066 3.4
      vertex 2.77674 2.13066 2.2
    endloop
  endfacet
  facet normal -0.986727 -0.162389 0
    outer loop
      vertex -3.43465 -0.671271 2.2
      vertex -3.43275 -0.682816 2.2
      vertex -3.43465 -0.671271 2.4
    endloop
  endfacet
  facet normal -0.986638 -0.162929 0
    outer loop
      vertex -3.43465 -0.671271 2.4
      vertex -3.47006 -0.456841 3.4
      vertex -3.47006 -0.456841 2.4
    endloop
  endfacet
  facet normal -0.986642 -0.162901 -6.07529e-06
    outer loop
      vertex -3.43465 -0.671271 2.4
      vertex -3.43275 -0.682816 3.4
      vertex -3.47006 -0.456841 3.4
    endloop
  endfacet
  facet normal -0.986727 -0.162389 -0
    outer loop
      vertex -3.43275 -0.682816 3.4
      vertex -3.43465 -0.671271 2.4
      vertex -3.43275 -0.682816 2.2
    endloop
  endfacet
  facet normal 0.528075 -0.849198 0
    outer loop
      vertex 1.75 -3.03109 2.4
      vertex 1.9445 -2.91014 3.4
      vertex 1.75 -3.03109 3.4
    endloop
  endfacet
  facet normal 0.528075 -0.849198 0
    outer loop
      vertex 1.9445 -2.91014 3.4
      vertex 1.75 -3.03109 2.4
      vertex 1.9445 -2.91014 2.4
    endloop
  endfacet
  facet normal -0.812847 -0.582477 0
    outer loop
      vertex -2.77674 -2.13066 2.2
      vertex -2.91014 -1.9445 3.4
      vertex -2.91014 -1.9445 2.2
    endloop
  endfacet
  facet normal -0.812847 -0.582477 0
    outer loop
      vertex -2.91014 -1.9445 3.4
      vertex -2.77674 -2.13066 2.2
      vertex -2.77674 -2.13066 3.4
    endloop
  endfacet
  facet normal -0.582477 -0.812847 0
    outer loop
      vertex -2.13066 -2.77674 2.4
      vertex -1.9445 -2.91014 3.4
      vertex -2.13066 -2.77674 3.4
    endloop
  endfacet
  facet normal -0.582477 -0.812847 -0
    outer loop
      vertex -1.9445 -2.91014 3.4
      vertex -2.13066 -2.77674 2.4
      vertex -1.9445 -2.91014 2.4
    endloop
  endfacet
  facet normal 0.412727 0.910855 -0
    outer loop
      vertex 1.54801 3.13905 2.4
      vertex 1.33939 3.23358 3.4
      vertex 1.54801 3.13905 3.4
    endloop
  endfacet
  facet normal 0.412727 0.910855 0
    outer loop
      vertex 1.33939 3.23358 3.4
      vertex 1.54801 3.13905 2.4
      vertex 1.33939 3.23358 2.4
    endloop
  endfacet
  facet normal 0.973875 -0.227084 0
    outer loop
      vertex 3.38074 -0.905867 3.4
      vertex 3.43275 -0.682816 2.2
      vertex 3.43275 -0.682816 3.4
    endloop
  endfacet
  facet normal 0.973875 -0.227084 0
    outer loop
      vertex 3.43275 -0.682816 2.2
      vertex 3.38074 -0.905867 3.4
      vertex 3.38074 -0.905867 2.2
    endloop
  endfacet
  facet normal 0.582477 0.812847 -0
    outer loop
      vertex 2.13066 2.77674 2.4
      vertex 1.9445 2.91014 3.4
      vertex 2.13066 2.77674 3.4
    endloop
  endfacet
  facet normal 0.582477 0.812847 0
    outer loop
      vertex 1.9445 2.91014 3.4
      vertex 2.13066 2.77674 2.4
      vertex 1.9445 2.91014 2.4
    endloop
  endfacet
  facet normal -0.352233 -0.935913 0
    outer loop
      vertex -1.13599 -3.31013 2.4
      vertex -1.33939 -3.23358 3.4
      vertex -1.33939 -3.23358 2.4
    endloop
  endfacet
  facet normal -0.352229 -0.935914 9.36569e-07
    outer loop
      vertex -1.33939 -3.23358 3.4
      vertex -1.13599 -3.31013 2.4
      vertex -1.12504 -3.31425 3.4
    endloop
  endfacet
  facet normal -0.352154 -0.935942 0
    outer loop
      vertex -1.12504 -3.31425 2.2
      vertex -1.13599 -3.31013 2.4
      vertex -1.13599 -3.31013 2.2
    endloop
  endfacet
  facet normal -0.352154 -0.935942 0
    outer loop
      vertex -1.13599 -3.31013 2.4
      vertex -1.12504 -3.31425 2.2
      vertex -1.12504 -3.31425 3.4
    endloop
  endfacet
  facet normal -0.68361 -0.729848 0
    outer loop
      vertex -2.47487 -2.47487 2.2
      vertex -2.30771 -2.63144 3.4
      vertex -2.47487 -2.47487 3.4
    endloop
  endfacet
  facet normal -0.68361 -0.729848 -0
    outer loop
      vertex -2.30771 -2.63144 3.4
      vertex -2.47487 -2.47487 2.2
      vertex -2.30771 -2.63144 2.2
    endloop
  endfacet
  facet normal -0.582477 0.812847 0
    outer loop
      vertex -1.9445 2.91014 2.4
      vertex -2.13066 2.77674 3.4
      vertex -1.9445 2.91014 3.4
    endloop
  endfacet
  facet normal -0.582477 0.812847 0
    outer loop
      vertex -2.13066 2.77674 3.4
      vertex -1.9445 2.91014 2.4
      vertex -2.13066 2.77674 2.4
    endloop
  endfacet
  facet normal 0.582477 -0.812847 0
    outer loop
      vertex 1.9445 -2.91014 2.4
      vertex 2.13066 -2.77674 3.4
      vertex 1.9445 -2.91014 3.4
    endloop
  endfacet
  facet normal 0.582477 -0.812847 0
    outer loop
      vertex 2.13066 -2.77674 3.4
      vertex 1.9445 -2.91014 2.4
      vertex 2.13066 -2.77674 2.4
    endloop
  endfacet
  facet normal -0.227084 -0.973875 0
    outer loop
      vertex -0.905867 -3.38074 2.2
      vertex -0.682816 -3.43275 3.4
      vertex -0.905867 -3.38074 3.4
    endloop
  endfacet
  facet normal -0.227084 -0.973875 -0
    outer loop
      vertex -0.682816 -3.43275 3.4
      vertex -0.905867 -3.38074 2.2
      vertex -0.682816 -3.43275 2.2
    endloop
  endfacet
  facet normal -0.0327028 0.999465 0
    outer loop
      vertex 0 3.5 2.2
      vertex -0.22891 3.49251 3.4
      vertex 0 3.5 3.4
    endloop
  endfacet
  facet normal -0.0327028 0.999465 0
    outer loop
      vertex -0.22891 3.49251 3.4
      vertex 0 3.5 2.2
      vertex -0.22891 3.49251 2.2
    endloop
  endfacet
  facet normal 0.910855 -0.412727 0
    outer loop
      vertex 3.13905 -1.54801 3.4
      vertex 3.23358 -1.33939 2.2
      vertex 3.23358 -1.33939 3.4
    endloop
  endfacet
  facet normal 0.910855 -0.412727 0
    outer loop
      vertex 3.23358 -1.33939 2.2
      vertex 3.13905 -1.54801 3.4
      vertex 3.13905 -1.54801 2.2
    endloop
  endfacet
  facet normal 0.881932 -0.471377 0
    outer loop
      vertex 3.03109 -1.75 3.4
      vertex 3.13905 -1.54801 2.2
      vertex 3.13905 -1.54801 3.4
    endloop
  endfacet
  facet normal 0.881932 -0.471377 0
    outer loop
      vertex 3.13905 -1.54801 2.2
      vertex 3.03109 -1.75 3.4
      vertex 3.03109 -1.75 2.2
    endloop
  endfacet
  facet normal -0.999465 -0.0327028 0
    outer loop
      vertex -3.49251 -0.22891 2.4
      vertex -3.5 0 3.4
      vertex -3.5 0 2.4
    endloop
  endfacet
  facet normal -0.999465 -0.0327028 0
    outer loop
      vertex -3.5 0 3.4
      vertex -3.49251 -0.22891 2.4
      vertex -3.49251 -0.22891 3.4
    endloop
  endfacet
  facet normal 0.973875 0.227084 0
    outer loop
      vertex 3.43275 0.682816 3.4
      vertex 3.38074 0.905867 2.2
      vertex 3.38074 0.905867 3.4
    endloop
  endfacet
  facet normal 0.973875 0.227084 0
    outer loop
      vertex 3.38074 0.905867 2.2
      vertex 3.43275 0.682816 3.4
      vertex 3.43275 0.682816 2.2
    endloop
  endfacet
  facet normal -0.973875 0.227084 0
    outer loop
      vertex -3.43275 0.682816 2.2
      vertex -3.38074 0.905867 3.4
      vertex -3.38074 0.905867 2.2
    endloop
  endfacet
  facet normal -0.973875 0.227084 0
    outer loop
      vertex -3.38074 0.905867 3.4
      vertex -3.43275 0.682816 2.2
      vertex -3.43275 0.682816 3.4
    endloop
  endfacet
  facet normal -0.528075 0.849198 0
    outer loop
      vertex -1.75 3.03109 2.4
      vertex -1.9445 2.91014 3.4
      vertex -1.75 3.03109 3.4
    endloop
  endfacet
  facet normal -0.528075 0.849198 0
    outer loop
      vertex -1.9445 2.91014 3.4
      vertex -1.75 3.03109 2.4
      vertex -1.9445 2.91014 2.4
    endloop
  endfacet
  facet normal -0.352229 0.935914 9.36569e-07
    outer loop
      vertex -1.12504 3.31425 3.4
      vertex -1.13599 3.31013 2.4
      vertex -1.33939 3.23358 3.4
    endloop
  endfacet
  facet normal -0.352154 0.935942 0
    outer loop
      vertex -1.12504 3.31425 2.2
      vertex -1.13599 3.31013 2.4
      vertex -1.12504 3.31425 3.4
    endloop
  endfacet
  facet normal -0.352154 0.935942 0
    outer loop
      vertex -1.13599 3.31013 2.4
      vertex -1.12504 3.31425 2.2
      vertex -1.13599 3.31013 2.2
    endloop
  endfacet
  facet normal -0.352233 0.935913 0
    outer loop
      vertex -1.33939 3.23358 3.4
      vertex -1.13599 3.31013 2.4
      vertex -1.33939 3.23358 2.4
    endloop
  endfacet
  facet normal -0.935914 0.352229 0
    outer loop
      vertex -3.31425 1.12504 2.2
      vertex -3.23358 1.33939 3.4
      vertex -3.23358 1.33939 2.2
    endloop
  endfacet
  facet normal -0.935914 0.352229 0
    outer loop
      vertex -3.23358 1.33939 3.4
      vertex -3.31425 1.12504 2.2
      vertex -3.31425 1.12504 3.4
    endloop
  endfacet
  facet normal 0.352233 0.935913 0
    outer loop
      vertex 1.13599 3.31013 2.4
      vertex 1.33939 3.23358 3.4
      vertex 1.33939 3.23358 2.4
    endloop
  endfacet
  facet normal 0.352229 0.935914 9.36569e-07
    outer loop
      vertex 1.33939 3.23358 3.4
      vertex 1.13599 3.31013 2.4
      vertex 1.12504 3.31425 3.4
    endloop
  endfacet
  facet normal 0.352154 0.935942 0
    outer loop
      vertex 1.12504 3.31425 2.2
      vertex 1.13599 3.31013 2.4
      vertex 1.13599 3.31013 2.2
    endloop
  endfacet
  facet normal 0.352154 0.935942 0
    outer loop
      vertex 1.13599 3.31013 2.4
      vertex 1.12504 3.31425 2.2
      vertex 1.12504 3.31425 3.4
    endloop
  endfacet
  facet normal 0.227084 -0.973875 0
    outer loop
      vertex 0.682816 -3.43275 2.2
      vertex 0.905867 -3.38074 3.4
      vertex 0.682816 -3.43275 3.4
    endloop
  endfacet
  facet normal 0.227084 -0.973875 0
    outer loop
      vertex 0.905867 -3.38074 3.4
      vertex 0.682816 -3.43275 2.2
      vertex 0.905867 -3.38074 2.2
    endloop
  endfacet
  facet normal 0.812847 0.582477 0
    outer loop
      vertex 2.91014 1.9445 3.4
      vertex 2.77674 2.13066 2.2
      vertex 2.77674 2.13066 3.4
    endloop
  endfacet
  facet normal 0.812847 0.582477 0
    outer loop
      vertex 2.77674 2.13066 2.2
      vertex 2.91014 1.9445 3.4
      vertex 2.91014 1.9445 2.2
    endloop
  endfacet
  facet normal 0.999465 -0.0327028 0
    outer loop
      vertex 3.49251 -0.22891 3.4
      vertex 3.5 0 2.4
      vertex 3.5 0 3.4
    endloop
  endfacet
  facet normal 0.999465 -0.0327028 0
    outer loop
      vertex 3.5 0 2.4
      vertex 3.49251 -0.22891 3.4
      vertex 3.49251 -0.22891 2.4
    endloop
  endfacet
  facet normal 0.471377 0.881932 -0
    outer loop
      vertex 1.75 3.03109 2.4
      vertex 1.54801 3.13905 3.4
      vertex 1.75 3.03109 3.4
    endloop
  endfacet
  facet normal 0.471377 0.881932 0
    outer loop
      vertex 1.54801 3.13905 3.4
      vertex 1.75 3.03109 2.4
      vertex 1.54801 3.13905 2.4
    endloop
  endfacet
  facet normal 0.68361 0.729848 -0
    outer loop
      vertex 2.47487 2.47487 2.2
      vertex 2.30771 2.63144 3.4
      vertex 2.47487 2.47487 3.4
    endloop
  endfacet
  facet normal 0.68361 0.729848 0
    outer loop
      vertex 2.30771 2.63144 3.4
      vertex 2.47487 2.47487 2.2
      vertex 2.30771 2.63144 2.2
    endloop
  endfacet
  facet normal -0.162901 -0.986642 0
    outer loop
      vertex -0.682816 -3.43275 2.2
      vertex -0.456841 -3.47006 3.4
      vertex -0.682816 -3.43275 3.4
    endloop
  endfacet
  facet normal -0.162901 -0.986642 -0
    outer loop
      vertex -0.456841 -3.47006 3.4
      vertex -0.682816 -3.43275 2.2
      vertex -0.456841 -3.47006 2.2
    endloop
  endfacet
  facet normal -0.68361 0.729848 0
    outer loop
      vertex -2.30771 2.63144 2.2
      vertex -2.47487 2.47487 3.4
      vertex -2.30771 2.63144 3.4
    endloop
  endfacet
  facet normal -0.68361 0.729848 0
    outer loop
      vertex -2.47487 2.47487 3.4
      vertex -2.30771 2.63144 2.2
      vertex -2.47487 2.47487 2.2
    endloop
  endfacet
  facet normal 0.0327028 0.999465 -0
    outer loop
      vertex 0.22891 3.49251 2.2
      vertex 0 3.5 3.4
      vertex 0.22891 3.49251 3.4
    endloop
  endfacet
  facet normal 0.0327028 0.999465 0
    outer loop
      vertex 0 3.5 3.4
      vertex 0.22891 3.49251 2.2
      vertex 0 3.5 2.2
    endloop
  endfacet
  facet normal 0.849198 -0.528075 0
    outer loop
      vertex 2.91014 -1.9445 3.4
      vertex 3.03109 -1.75 2.2
      vertex 3.03109 -1.75 3.4
    endloop
  endfacet
  facet normal 0.849198 -0.528075 0
    outer loop
      vertex 3.03109 -1.75 2.2
      vertex 2.91014 -1.9445 3.4
      vertex 2.91014 -1.9445 2.2
    endloop
  endfacet
  facet normal -0.910855 -0.412727 0
    outer loop
      vertex -3.13905 -1.54801 2.2
      vertex -3.23358 -1.33939 3.4
      vertex -3.23358 -1.33939 2.2
    endloop
  endfacet
  facet normal -0.910855 -0.412727 0
    outer loop
      vertex -3.23358 -1.33939 3.4
      vertex -3.13905 -1.54801 2.2
      vertex -3.13905 -1.54801 3.4
    endloop
  endfacet
  facet normal -0.412727 -0.910855 0
    outer loop
      vertex -1.54801 -3.13905 2.4
      vertex -1.33939 -3.23358 3.4
      vertex -1.54801 -3.13905 3.4
    endloop
  endfacet
  facet normal -0.412727 -0.910855 -0
    outer loop
      vertex -1.33939 -3.23358 3.4
      vertex -1.54801 -3.13905 2.4
      vertex -1.33939 -3.23358 2.4
    endloop
  endfacet
  facet normal -0.956935 0.290303 0
    outer loop
      vertex -3.38074 0.905867 2.2
      vertex -3.31425 1.12504 3.4
      vertex -3.31425 1.12504 2.2
    endloop
  endfacet
  facet normal -0.956935 0.290303 0
    outer loop
      vertex -3.31425 1.12504 3.4
      vertex -3.38074 0.905867 2.2
      vertex -3.38074 0.905867 3.4
    endloop
  endfacet
  facet normal 0.162901 -0.986642 0
    outer loop
      vertex 0.456841 -3.47006 2.2
      vertex 0.682816 -3.43275 3.4
      vertex 0.456841 -3.47006 3.4
    endloop
  endfacet
  facet normal 0.162901 -0.986642 0
    outer loop
      vertex 0.682816 -3.43275 3.4
      vertex 0.456841 -3.47006 2.2
      vertex 0.682816 -3.43275 2.2
    endloop
  endfacet
  facet normal 0 0 -1
    outer loop
      vertex -2.30771 -2.63144 2.2
      vertex -2.3 -2.59808 2.2
      vertex -2.29866 -2.63886 2.2
    endloop
  endfacet
  facet normal 0 0 -1
    outer loop
      vertex -2.3 -2.59808 2.2
      vertex -2.47487 -2.47487 2.2
      vertex -2.29829 -2.54575 2.2
    endloop
  endfacet
  facet normal 0 0 -1
    outer loop
      vertex -2.29829 -2.54575 2.2
      vertex -2.33482 -0.444456 2.2
      vertex -2.30718 -0.4 2.2
    endloop
  endfacet
  facet normal 0 0 -1
    outer loop
      vertex -2.29829 -2.54575 2.2
      vertex -2.36532 -0.487009 2.2
      vertex -2.33482 -0.444456 2.2
    endloop
  endfacet
  facet normal 0 0 -1
    outer loop
      vertex -2.29829 -2.54575 2.2
      vertex -2.39853 -0.527476 2.2
      vertex -2.36532 -0.487009 2.2
    endloop
  endfacet
  facet normal 0 0 -1
    outer loop
      vertex -2.29829 -2.54575 2.2
      vertex -2.43431 -0.565685 2.2
      vertex -2.39853 -0.527476 2.2
    endloop
  endfacet
  facet normal 0 0 -1
    outer loop
      vertex -2.63144 -2.30771 2.2
      vertex -2.29829 -2.54575 2.2
      vertex -2.47487 -2.47487 2.2
    endloop
  endfacet
  facet normal 0 0 -1
    outer loop
      vertex -2.29829 -2.54575 2.2
      vertex -2.47252 -0.601471 2.2
      vertex -2.43431 -0.565685 2.2
    endloop
  endfacet
  facet normal 0 -0 -1
    outer loop
      vertex -2.51299 -0.634683 2.2
      vertex -2.29829 -2.54575 2.2
      vertex -2.63144 -2.30771 2.2
    endloop
  endfacet
  facet normal 0 0 -1
    outer loop
      vertex -2.29829 -2.54575 2.2
      vertex -2.51299 -0.634683 2.2
      vertex -2.47252 -0.601471 2.2
    endloop
  endfacet
  facet normal 0 0 -1
    outer loop
      vertex -2.77674 -2.13066 2.2
      vertex -2.51299 -0.634683 2.2
      vertex -2.63144 -2.30771 2.2
    endloop
  endfacet
  facet normal 0 0 -1
    outer loop
      vertex -2.51299 -0.634683 2.2
      vertex -2.77674 -2.13066 2.2
      vertex -2.55554 -0.665175 2.2
    endloop
  endfacet
  facet normal 0 0 -1
    outer loop
      vertex -2.55554 -0.665175 2.2
      vertex -2.77674 -2.13066 2.2
      vertex -2.6 -0.69282 2.2
    endloop
  endfacet
  facet normal 0 0 -1
    outer loop
      vertex -2.91014 -1.9445 2.2
      vertex -2.6 -0.69282 2.2
      vertex -2.77674 -2.13066 2.2
    endloop
  endfacet
  facet normal 0 0 -1
    outer loop
      vertex -2.6 -0.69282 2.2
      vertex -2.91014 -1.9445 2.2
      vertex -2.64617 -0.717498 2.2
    endloop
  endfacet
  facet normal 0 0 -1
    outer loop
      vertex -3.03109 -1.75 2.2
      vertex -2.64617 -0.717498 2.2
      vertex -2.91014 -1.9445 2.2
    endloop
  endfacet
  facet normal 0 0 -1
    outer loop
      vertex -2.64617 -0.717498 2.2
      vertex -3.03109 -1.75 2.2
      vertex -2.69385 -0.739103 2.2
    endloop
  endfacet
  facet normal 0 0 -1
    outer loop
      vertex -2.69385 -0.739103 2.2
      vertex -3.03109 -1.75 2.2
      vertex -2.74285 -0.757544 2.2
    endloop
  endfacet
  facet normal 0 0 -1
    outer loop
      vertex -3.13905 -1.54801 2.2
      vertex -2.74285 -0.757544 2.2
      vertex -3.03109 -1.75 2.2
    endloop
  endfacet
  facet normal 0 0 -1
    outer loop
      vertex -2.74285 -0.757544 2.2
      vertex -3.13905 -1.54801 2.2
      vertex -2.79294 -0.77274 2.2
    endloop
  endfacet
  facet normal 0 0 -1
    outer loop
      vertex -2.79294 -0.77274 2.2
      vertex -3.13905 -1.54801 2.2
      vertex -2.84393 -0.784628 2.2
    endloop
  endfacet
  facet normal 0 0 -1
    outer loop
      vertex -3.23358 -1.33939 2.2
      vertex -2.84393 -0.784628 2.2
      vertex -3.13905 -1.54801 2.2
    endloop
  endfacet
  facet normal 0 0 -1
    outer loop
      vertex -2.84393 -0.784628 2.2
      vertex -3.23358 -1.33939 2.2
      vertex -2.89558 -0.793156 2.2
    endloop
  endfacet
  facet normal 0 0 -1
    outer loop
      vertex -2.89558 -0.793156 2.2
      vertex -3.23358 -1.33939 2.2
      vertex -2.94768 -0.798286 2.2
    endloop
  endfacet
  facet normal 0 0 -1
    outer loop
      vertex -2.94768 -0.798286 2.2
      vertex -3.23358 -1.33939 2.2
      vertex -3 -0.799999 2.2
    endloop
  endfacet
  facet normal 0 0 -1
    outer loop
      vertex -3.31425 -1.12504 2.2
      vertex -3 -0.799999 2.2
      vertex -3.23358 -1.33939 2.2
    endloop
  endfacet
  facet normal -0 0 -1
    outer loop
      vertex -3 -0.799999 2.2
      vertex -3.31425 -1.12504 2.2
      vertex -3.05232 -0.798286 2.2
    endloop
  endfacet
  facet normal -0 0 -1
    outer loop
      vertex -3.05232 -0.798286 2.2
      vertex -3.31425 -1.12504 2.2
      vertex -3.10442 -0.793156 2.2
    endloop
  endfacet
  facet normal -0 0 -1
    outer loop
      vertex -3.10442 -0.793156 2.2
      vertex -3.31425 -1.12504 2.2
      vertex -3.15607 -0.784628 2.2
    endloop
  endfacet
  facet normal 0 0 -1
    outer loop
      vertex -3.38074 -0.905867 2.2
      vertex -3.15607 -0.784628 2.2
      vertex -3.31425 -1.12504 2.2
    endloop
  endfacet
  facet normal -0 0 -1
    outer loop
      vertex -3.15607 -0.784628 2.2
      vertex -3.38074 -0.905867 2.2
      vertex -3.20706 -0.77274 2.2
    endloop
  endfacet
  facet normal -0 0 -1
    outer loop
      vertex -3.20706 -0.77274 2.2
      vertex -3.38074 -0.905867 2.2
      vertex -3.25715 -0.757544 2.2
    endloop
  endfacet
  facet normal -0 0 -1
    outer loop
      vertex -3.25715 -0.757544 2.2
      vertex -3.38074 -0.905867 2.2
      vertex -3.30615 -0.739103 2.2
    endloop
  endfacet
  facet normal -0 0 -1
    outer loop
      vertex -3.30615 -0.739103 2.2
      vertex -3.38074 -0.905867 2.2
      vertex -3.35383 -0.717498 2.2
    endloop
  endfacet
  facet normal 0 0 -1
    outer loop
      vertex -3.38074 -0.905867 2.2
      vertex -3.4 -0.69282 2.2
      vertex -3.35383 -0.717498 2.2
    endloop
  endfacet
  facet normal 0 0 -1
    outer loop
      vertex -3.43275 -0.682816 2.2
      vertex -3.4 -0.69282 2.2
      vertex -3.38074 -0.905867 2.2
    endloop
  endfacet
  facet normal 0 0 -1
    outer loop
      vertex -3.4 -0.69282 2.2
      vertex -3.43275 -0.682816 2.2
      vertex -3.43465 -0.671271 2.2
    endloop
  endfacet
  facet normal -0 0 -1
    outer loop
      vertex -1.70706 1.82534 2.2
      vertex -2.43431 0.565685 2.2
      vertex -1.75715 1.84053 2.2
    endloop
  endfacet
  facet normal 0 0 -1
    outer loop
      vertex -2.47252 0.601471 2.2
      vertex -1.75715 1.84053 2.2
      vertex -2.43431 0.565685 2.2
    endloop
  endfacet
  facet normal -0 0 -1
    outer loop
      vertex -1.75715 1.84053 2.2
      vertex -2.47252 0.601471 2.2
      vertex -1.80615 1.85897 2.2
    endloop
  endfacet
  facet normal 0 0 -1
    outer loop
      vertex -2.51299 0.634683 2.2
      vertex -1.80615 1.85897 2.2
      vertex -2.47252 0.601471 2.2
    endloop
  endfacet
  facet normal -0 0 -1
    outer loop
      vertex -1.80615 1.85897 2.2
      vertex -2.51299 0.634683 2.2
      vertex -1.85383 1.88058 2.2
    endloop
  endfacet
  facet normal 0 0 -1
    outer loop
      vertex -2.55554 0.665175 2.2
      vertex -1.85383 1.88058 2.2
      vertex -2.51299 0.634683 2.2
    endloop
  endfacet
  facet normal -0 0 -1
    outer loop
      vertex -1.85383 1.88058 2.2
      vertex -2.55554 0.665175 2.2
      vertex -1.9 1.90526 2.2
    endloop
  endfacet
  facet normal 0 0 -1
    outer loop
      vertex -2.6 0.69282 2.2
      vertex -1.9 1.90526 2.2
      vertex -2.55554 0.665175 2.2
    endloop
  endfacet
  facet normal -0 0 -1
    outer loop
      vertex -1.9 1.90526 2.2
      vertex -2.6 0.69282 2.2
      vertex -1.94446 1.9329 2.2
    endloop
  endfacet
  facet normal 0 0 -1
    outer loop
      vertex -2.64617 0.717498 2.2
      vertex -1.94446 1.9329 2.2
      vertex -2.6 0.69282 2.2
    endloop
  endfacet
  facet normal -0 0 -1
    outer loop
      vertex -1.94446 1.9329 2.2
      vertex -2.64617 0.717498 2.2
      vertex -1.98701 1.96339 2.2
    endloop
  endfacet
  facet normal 0 0 -1
    outer loop
      vertex -2.69385 0.739103 2.2
      vertex -1.98701 1.96339 2.2
      vertex -2.64617 0.717498 2.2
    endloop
  endfacet
  facet normal 0 0 -1
    outer loop
      vertex -3.03109 1.75 2.2
      vertex -1.98701 1.96339 2.2
      vertex -2.69385 0.739103 2.2
    endloop
  endfacet
  facet normal -0 0 -1
    outer loop
      vertex -1.98701 1.96339 2.2
      vertex -3.03109 1.75 2.2
      vertex -2.02748 1.9966 2.2
    endloop
  endfacet
  facet normal 0 -0 -1
    outer loop
      vertex -2.91014 1.9445 2.2
      vertex -2.02748 1.9966 2.2
      vertex -3.03109 1.75 2.2
    endloop
  endfacet
  facet normal -0 0 -1
    outer loop
      vertex -2.02748 1.9966 2.2
      vertex -2.91014 1.9445 2.2
      vertex -2.06569 2.03239 2.2
    endloop
  endfacet
  facet normal 0 0 -1
    outer loop
      vertex 1.12504 -3.31425 2.2
      vertex 1.1 -3.2909 2.2
      vertex 1.13599 -3.31013 2.2
    endloop
  endfacet
  facet normal 0 0 -1
    outer loop
      vertex 0.905867 -3.38074 2.2
      vertex 1.1 -3.2909 2.2
      vertex 1.12504 -3.31425 2.2
    endloop
  endfacet
  facet normal -0 0 -1
    outer loop
      vertex 1.1 -3.2909 2.2
      vertex 0.905867 -3.38074 2.2
      vertex 1.05554 -3.26325 2.2
    endloop
  endfacet
  facet normal -0 0 -1
    outer loop
      vertex 1.05554 -3.26325 2.2
      vertex 0.905867 -3.38074 2.2
      vertex 1.01299 -3.23276 2.2
    endloop
  endfacet
  facet normal 0 0 -1
    outer loop
      vertex 0.905867 -3.38074 2.2
      vertex 0.972523 -3.19955 2.2
      vertex 1.01299 -3.23276 2.2
    endloop
  endfacet
  facet normal 0 0 -1
    outer loop
      vertex 0.905867 -3.38074 2.2
      vertex 0.934314 -3.16376 2.2
      vertex 0.972523 -3.19955 2.2
    endloop
  endfacet
  facet normal 0 0 -1
    outer loop
      vertex 0.905867 -3.38074 2.2
      vertex 0.898528 -3.12555 2.2
      vertex 0.934314 -3.16376 2.2
    endloop
  endfacet
  facet normal 0 0 -1
    outer loop
      vertex 0.682816 -3.43275 2.2
      vertex 0.898528 -3.12555 2.2
      vertex 0.905867 -3.38074 2.2
    endloop
  endfacet
  facet normal -0 0 -1
    outer loop
      vertex 0.898528 -3.12555 2.2
      vertex 0.682816 -3.43275 2.2
      vertex 0.865316 -3.08508 2.2
    endloop
  endfacet
  facet normal -0 0 -1
    outer loop
      vertex 0.865316 -3.08508 2.2
      vertex 0.682816 -3.43275 2.2
      vertex 0.834824 -3.04253 2.2
    endloop
  endfacet
  facet normal -0 0 -1
    outer loop
      vertex 0.834824 -3.04253 2.2
      vertex 0.682816 -3.43275 2.2
      vertex 0.807179 -2.99808 2.2
    endloop
  endfacet
  facet normal 0 0 -1
    outer loop
      vertex 0.456841 -3.47006 2.2
      vertex 0.807179 -2.99808 2.2
      vertex 0.682816 -3.43275 2.2
    endloop
  endfacet
  facet normal -0 0 -1
    outer loop
      vertex 0.807179 -2.99808 2.2
      vertex 0.456841 -3.47006 2.2
      vertex 0.782501 -2.95191 2.2
    endloop
  endfacet
  facet normal 0 0 -1
    outer loop
      vertex 0 -3.5 2.2
      vertex 0.715371 -2.75415 2.2
      vertex 0.22891 -3.49251 2.2
    endloop
  endfacet
  facet normal -0 0 -1
    outer loop
      vertex 0.727259 -2.80513 2.2
      vertex 0.22891 -3.49251 2.2
      vertex 0.715371 -2.75415 2.2
    endloop
  endfacet
  facet normal -0 0 -1
    outer loop
      vertex 0.742455 -2.85523 2.2
      vertex 0.22891 -3.49251 2.2
      vertex 0.727259 -2.80513 2.2
    endloop
  endfacet
  facet normal 0 0 -1
    outer loop
      vertex 0.22891 -3.49251 2.2
      vertex 0.742455 -2.85523 2.2
      vertex 0.456841 -3.47006 2.2
    endloop
  endfacet
  facet normal -0 0 -1
    outer loop
      vertex 0.760896 -2.90422 2.2
      vertex 0.456841 -3.47006 2.2
      vertex 0.742455 -2.85523 2.2
    endloop
  endfacet
  facet normal -0 0 -1
    outer loop
      vertex 0.782501 -2.95191 2.2
      vertex 0.456841 -3.47006 2.2
      vertex 0.760896 -2.90422 2.2
    endloop
  endfacet
  facet normal -0 0 -1
    outer loop
      vertex 3.43275 -0.682816 2.2
      vertex 3.4 -0.69282 2.2
      vertex 3.43465 -0.671271 2.2
    endloop
  endfacet
  facet normal 0 0 -1
    outer loop
      vertex 3.38074 -0.905867 2.2
      vertex 3.4 -0.69282 2.2
      vertex 3.43275 -0.682816 2.2
    endloop
  endfacet
  facet normal 0 0 -1
    outer loop
      vertex 3.38074 -0.905867 2.2
      vertex 3.35383 -0.717498 2.2
      vertex 3.4 -0.69282 2.2
    endloop
  endfacet
  facet normal 0 0 -1
    outer loop
      vertex 3.15607 -0.784628 2.2
      vertex 3.38074 -0.905867 2.2
      vertex 3.31425 -1.12504 2.2
    endloop
  endfacet
  facet normal 0 0 -1
    outer loop
      vertex 3.38074 -0.905867 2.2
      vertex 3.30615 -0.739103 2.2
      vertex 3.35383 -0.717498 2.2
    endloop
  endfacet
  facet normal 0 0 -1
    outer loop
      vertex 3.38074 -0.905867 2.2
      vertex 3.25715 -0.757544 2.2
      vertex 3.30615 -0.739103 2.2
    endloop
  endfacet
  facet normal 0 0 -1
    outer loop
      vertex 3 -0.799999 2.2
      vertex 3.31425 -1.12504 2.2
      vertex 3.23358 -1.33939 2.2
    endloop
  endfacet
  facet normal 0 0 -1
    outer loop
      vertex 3.38074 -0.905867 2.2
      vertex 3.20706 -0.77274 2.2
      vertex 3.25715 -0.757544 2.2
    endloop
  endfacet
  facet normal 0 0 -1
    outer loop
      vertex 3.38074 -0.905867 2.2
      vertex 3.15607 -0.784628 2.2
      vertex 3.20706 -0.77274 2.2
    endloop
  endfacet
  facet normal 0 0 -1
    outer loop
      vertex 2.84393 -0.784628 2.2
      vertex 3.23358 -1.33939 2.2
      vertex 3.13905 -1.54801 2.2
    endloop
  endfacet
  facet normal 0 0 -1
    outer loop
      vertex 3.31425 -1.12504 2.2
      vertex 3.10442 -0.793156 2.2
      vertex 3.15607 -0.784628 2.2
    endloop
  endfacet
  facet normal 0 0 -1
    outer loop
      vertex 3.31425 -1.12504 2.2
      vertex 3.05232 -0.798286 2.2
      vertex 3.10442 -0.793156 2.2
    endloop
  endfacet
  facet normal 0 0 -1
    outer loop
      vertex 2.74285 -0.757544 2.2
      vertex 3.13905 -1.54801 2.2
      vertex 3.03109 -1.75 2.2
    endloop
  endfacet
  facet normal 0 0 -1
    outer loop
      vertex 3.31425 -1.12504 2.2
      vertex 3 -0.799999 2.2
      vertex 3.05232 -0.798286 2.2
    endloop
  endfacet
  facet normal 0 0 -1
    outer loop
      vertex 3.23358 -1.33939 2.2
      vertex 2.94768 -0.798286 2.2
      vertex 3 -0.799999 2.2
    endloop
  endfacet
  facet normal 0 0 -1
    outer loop
      vertex 2.02748 -1.9966 2.2
      vertex 3.03109 -1.75 2.2
      vertex 2.91014 -1.9445 2.2
    endloop
  endfacet
  facet normal 0 0 -1
    outer loop
      vertex 3.23358 -1.33939 2.2
      vertex 2.89558 -0.793156 2.2
      vertex 2.94768 -0.798286 2.2
    endloop
  endfacet
  facet normal 0 0 -1
    outer loop
      vertex 3.23358 -1.33939 2.2
      vertex 2.84393 -0.784628 2.2
      vertex 2.89558 -0.793156 2.2
    endloop
  endfacet
  facet normal 0 0 -1
    outer loop
      vertex 3.13905 -1.54801 2.2
      vertex 2.79294 -0.77274 2.2
      vertex 2.84393 -0.784628 2.2
    endloop
  endfacet
  facet normal 0 0 -1
    outer loop
      vertex 2.10147 -2.0706 2.2
      vertex 2.91014 -1.9445 2.2
      vertex 2.77674 -2.13066 2.2
    endloop
  endfacet
  facet normal 0 0 -1
    outer loop
      vertex 3.13905 -1.54801 2.2
      vertex 2.74285 -0.757544 2.2
      vertex 2.79294 -0.77274 2.2
    endloop
  endfacet
  facet normal 0 0 -1
    outer loop
      vertex 3.03109 -1.75 2.2
      vertex 2.02748 -1.9966 2.2
      vertex 1.98701 -1.96339 2.2
    endloop
  endfacet
  facet normal 0 0 -1
    outer loop
      vertex 3.03109 -1.75 2.2
      vertex 2.69385 -0.739103 2.2
      vertex 2.74285 -0.757544 2.2
    endloop
  endfacet
  facet normal 0 0 -1
    outer loop
      vertex 2.19282 -2.19808 2.2
      vertex 2.77674 -2.13066 2.2
      vertex 2.63144 -2.30771 2.2
    endloop
  endfacet
  facet normal 0 0 -1
    outer loop
      vertex 2.91014 -1.9445 2.2
      vertex 2.06569 -2.03239 2.2
      vertex 2.02748 -1.9966 2.2
    endloop
  endfacet
  facet normal -0 0 -1
    outer loop
      vertex 3.03109 -1.75 2.2
      vertex 1.98701 -1.96339 2.2
      vertex 2.69385 -0.739103 2.2
    endloop
  endfacet
  facet normal -0 0 -1
    outer loop
      vertex 2.69385 -0.739103 2.2
      vertex 1.98701 -1.96339 2.2
      vertex 2.64617 -0.717498 2.2
    endloop
  endfacet
  facet normal 0 0 -1
    outer loop
      vertex 2.25754 -2.34092 2.2
      vertex 2.63144 -2.30771 2.2
      vertex 2.47487 -2.47487 2.2
    endloop
  endfacet
  facet normal -0 0 -1
    outer loop
      vertex 2.77674 -2.13066 2.2
      vertex 2.16518 -2.15362 2.2
      vertex 2.13468 -2.11107 2.2
    endloop
  endfacet
  facet normal 0 0 -1
    outer loop
      vertex 2.77674 -2.13066 2.2
      vertex 2.13468 -2.11107 2.2
      vertex 2.10147 -2.0706 2.2
    endloop
  endfacet
  facet normal 0 0 -1
    outer loop
      vertex 2.91014 -1.9445 2.2
      vertex 2.10147 -2.0706 2.2
      vertex 2.06569 -2.03239 2.2
    endloop
  endfacet
  facet normal 0 0 -1
    outer loop
      vertex 1.94446 -1.9329 2.2
      vertex 2.64617 -0.717498 2.2
      vertex 1.98701 -1.96339 2.2
    endloop
  endfacet
  facet normal -0 0 -1
    outer loop
      vertex 2.64617 -0.717498 2.2
      vertex 1.94446 -1.9329 2.2
      vertex 2.6 -0.69282 2.2
    endloop
  endfacet
  facet normal 0 0 -1
    outer loop
      vertex 2.3 -2.59808 2.2
      vertex 2.47487 -2.47487 2.2
      vertex 2.30771 -2.63144 2.2
    endloop
  endfacet
  facet normal 0 0 -1
    outer loop
      vertex 2.29316 -2.49366 2.2
      vertex 2.47487 -2.47487 2.2
      vertex 2.29829 -2.54575 2.2
    endloop
  endfacet
  facet normal 0 0 -1
    outer loop
      vertex 2.47487 -2.47487 2.2
      vertex 2.3 -2.59808 2.2
      vertex 2.29829 -2.54575 2.2
    endloop
  endfacet
  facet normal 0 -0 -1
    outer loop
      vertex 2.3 -2.59808 2.2
      vertex 2.30771 -2.63144 2.2
      vertex 2.29866 -2.63886 2.2
    endloop
  endfacet
  facet normal 0 0 -1
    outer loop
      vertex 2.28463 -2.442 2.2
      vertex 2.47487 -2.47487 2.2
      vertex 2.29316 -2.49366 2.2
    endloop
  endfacet
  facet normal 0 0 -1
    outer loop
      vertex 2.27274 -2.39102 2.2
      vertex 2.47487 -2.47487 2.2
      vertex 2.28463 -2.442 2.2
    endloop
  endfacet
  facet normal 0 0 -1
    outer loop
      vertex 2.25754 -2.34092 2.2
      vertex 2.47487 -2.47487 2.2
      vertex 2.27274 -2.39102 2.2
    endloop
  endfacet
  facet normal -0 0 -1
    outer loop
      vertex 2.63144 -2.30771 2.2
      vertex 2.25754 -2.34092 2.2
      vertex 2.2391 -2.29193 2.2
    endloop
  endfacet
  facet normal 0 0 -1
    outer loop
      vertex 2.63144 -2.30771 2.2
      vertex 2.2391 -2.29193 2.2
      vertex 2.2175 -2.24424 2.2
    endloop
  endfacet
  facet normal 0 0 -1
    outer loop
      vertex 2.63144 -2.30771 2.2
      vertex 2.2175 -2.24424 2.2
      vertex 2.19282 -2.19808 2.2
    endloop
  endfacet
  facet normal 0 0 -1
    outer loop
      vertex 2.77674 -2.13066 2.2
      vertex 2.19282 -2.19808 2.2
      vertex 2.16518 -2.15362 2.2
    endloop
  endfacet
  facet normal 0 0 -1
    outer loop
      vertex 1.9 -1.90526 2.2
      vertex 2.6 -0.69282 2.2
      vertex 1.94446 -1.9329 2.2
    endloop
  endfacet
  facet normal -0 0 -1
    outer loop
      vertex 2.6 -0.69282 2.2
      vertex 1.9 -1.90526 2.2
      vertex 2.55554 -0.665175 2.2
    endloop
  endfacet
  facet normal 0 0 -1
    outer loop
      vertex 1.85383 -1.88058 2.2
      vertex 2.55554 -0.665175 2.2
      vertex 1.9 -1.90526 2.2
    endloop
  endfacet
  facet normal -0 0 -1
    outer loop
      vertex 2.55554 -0.665175 2.2
      vertex 1.85383 -1.88058 2.2
      vertex 2.51299 -0.634683 2.2
    endloop
  endfacet
  facet normal 0 0 -1
    outer loop
      vertex 1.80615 -1.85897 2.2
      vertex 2.51299 -0.634683 2.2
      vertex 1.85383 -1.88058 2.2
    endloop
  endfacet
  facet normal -0 0 -1
    outer loop
      vertex 2.51299 -0.634683 2.2
      vertex 1.80615 -1.85897 2.2
      vertex 2.47252 -0.601471 2.2
    endloop
  endfacet
  facet normal 0 0 -1
    outer loop
      vertex 1.75715 -1.84053 2.2
      vertex 2.47252 -0.601471 2.2
      vertex 1.80615 -1.85897 2.2
    endloop
  endfacet
  facet normal -0 0 -1
    outer loop
      vertex 2.47252 -0.601471 2.2
      vertex 1.75715 -1.84053 2.2
      vertex 2.43431 -0.565685 2.2
    endloop
  endfacet
  facet normal 0 0 -1
    outer loop
      vertex 1.70706 -1.82534 2.2
      vertex 2.43431 -0.565685 2.2
      vertex 1.75715 -1.84053 2.2
    endloop
  endfacet
  facet normal 0 0 -1
    outer loop
      vertex 2.47487 2.47487 2.2
      vertex 2.29829 2.54575 2.2
      vertex 2.3 2.59808 2.2
    endloop
  endfacet
  facet normal 0 0 -1
    outer loop
      vertex 2.33482 0.444456 2.2
      vertex 2.29316 2.49366 2.2
      vertex 2.29829 2.54575 2.2
    endloop
  endfacet
  facet normal 0 0 -1
    outer loop
      vertex 2.33482 0.444456 2.2
      vertex 2.28463 2.442 2.2
      vertex 2.29316 2.49366 2.2
    endloop
  endfacet
  facet normal 0 0 -1
    outer loop
      vertex 1.34937 0.458051 2.2
      vertex 2.30718 0.4 2.2
      vertex 2.2825 0.35383 2.2
    endloop
  endfacet
  facet normal 0 0 -1
    outer loop
      vertex 2.33482 0.444456 2.2
      vertex 2.27274 2.39102 2.2
      vertex 2.28463 2.442 2.2
    endloop
  endfacet
  facet normal 0 0 -1
    outer loop
      vertex 1.37644 0.368816 2.2
      vertex 2.2825 0.35383 2.2
      vertex 2.2609 0.306147 2.2
    endloop
  endfacet
  facet normal 0 0 -1
    outer loop
      vertex 2.33482 0.444456 2.2
      vertex 2.25754 2.34092 2.2
      vertex 2.27274 2.39102 2.2
    endloop
  endfacet
  facet normal 0 0 -1
    outer loop
      vertex 1.37644 0.368816 2.2
      vertex 2.2609 0.306147 2.2
      vertex 2.24246 0.257151 2.2
    endloop
  endfacet
  facet normal 0 0 -1
    outer loop
      vertex 2.33482 0.444456 2.2
      vertex 2.2391 2.29193 2.2
      vertex 2.25754 2.34092 2.2
    endloop
  endfacet
  facet normal 0 0 -1
    outer loop
      vertex 1.39762 0.278004 2.2
      vertex 2.24246 0.257151 2.2
      vertex 2.22726 0.207055 2.2
    endloop
  endfacet
  facet normal 0 0 -1
    outer loop
      vertex 2.33482 0.444456 2.2
      vertex 2.2175 2.24424 2.2
      vertex 2.2391 2.29193 2.2
    endloop
  endfacet
  facet normal 0 0 -1
    outer loop
      vertex 1.41281 0.185999 2.2
      vertex 2.22726 0.207055 2.2
      vertex 2.21537 0.156072 2.2
    endloop
  endfacet
  facet normal 0 0 -1
    outer loop
      vertex 1.41281 0.185999 2.2
      vertex 2.21537 0.156072 2.2
      vertex 2.20684 0.104421 2.2
    endloop
  endfacet
  facet normal 0 0 -1
    outer loop
      vertex 1.42195 0.0931988 2.2
      vertex 2.20684 0.104421 2.2
      vertex 2.20171 0.0523224 2.2
    endloop
  endfacet
  facet normal 0 0 -1
    outer loop
      vertex 1.425 0 2.2
      vertex 2.20171 0.0523224 2.2
      vertex 2.2 0 2.2
    endloop
  endfacet
  facet normal 0 0 -1
    outer loop
      vertex 2.33482 0.444456 2.2
      vertex 2.19282 2.19808 2.2
      vertex 2.2175 2.24424 2.2
    endloop
  endfacet
  facet normal 0 0 -1
    outer loop
      vertex 1.23409 -0.7125 2.2
      vertex 2.43431 -0.565685 2.2
      vertex 1.70706 -1.82534 2.2
    endloop
  endfacet
  facet normal -0 0 -1
    outer loop
      vertex 2.43431 -0.565685 2.2
      vertex 1.23409 -0.7125 2.2
      vertex 2.39853 -0.527476 2.2
    endloop
  endfacet
  facet normal 0 0 -1
    outer loop
      vertex 2.33482 0.444456 2.2
      vertex 2.16518 2.15362 2.2
      vertex 2.19282 2.19808 2.2
    endloop
  endfacet
  facet normal 0 -0 -1
    outer loop
      vertex 1.27804 -0.63026 2.2
      vertex 2.39853 -0.527476 2.2
      vertex 1.23409 -0.7125 2.2
    endloop
  endfacet
  facet normal 0 0 -1
    outer loop
      vertex 2.33482 0.444456 2.2
      vertex 2.13468 2.11107 2.2
      vertex 2.16518 2.15362 2.2
    endloop
  endfacet
  facet normal -0 0 -1
    outer loop
      vertex 2.39853 -0.527476 2.2
      vertex 1.27804 -0.63026 2.2
      vertex 2.36532 -0.487009 2.2
    endloop
  endfacet
  facet normal -0 0 -1
    outer loop
      vertex 2.20171 0.0523224 2.2
      vertex 1.425 0 2.2
      vertex 1.42195 0.0931988 2.2
    endloop
  endfacet
  facet normal 0 -0 -1
    outer loop
      vertex 1.31653 -0.545323 2.2
      vertex 2.36532 -0.487009 2.2
      vertex 1.27804 -0.63026 2.2
    endloop
  endfacet
  facet normal 0 0 -1
    outer loop
      vertex 2.33482 0.444456 2.2
      vertex 2.10147 2.0706 2.2
      vertex 2.13468 2.11107 2.2
    endloop
  endfacet
  facet normal 0 -0 -1
    outer loop
      vertex 1.34937 -0.458051 2.2
      vertex 2.30718 -0.4 2.2
      vertex 1.31653 -0.545323 2.2
    endloop
  endfacet
  facet normal -0 0 -1
    outer loop
      vertex 2.20684 0.104421 2.2
      vertex 1.42195 0.0931988 2.2
      vertex 1.41281 0.185999 2.2
    endloop
  endfacet
  facet normal -0 0 -1
    outer loop
      vertex 2.30718 -0.4 2.2
      vertex 1.34937 -0.458051 2.2
      vertex 2.2825 -0.35383 2.2
    endloop
  endfacet
  facet normal 0 0 -1
    outer loop
      vertex 2.33482 0.444456 2.2
      vertex 2.06569 2.03239 2.2
      vertex 2.10147 2.0706 2.2
    endloop
  endfacet
  facet normal 0 -0 -1
    outer loop
      vertex 1.37644 -0.368816 2.2
      vertex 2.2825 -0.35383 2.2
      vertex 1.34937 -0.458051 2.2
    endloop
  endfacet
  facet normal -0 0 -1
    outer loop
      vertex 2.22726 0.207055 2.2
      vertex 1.41281 0.185999 2.2
      vertex 1.39762 0.278004 2.2
    endloop
  endfacet
  facet normal -0 0 -1
    outer loop
      vertex 2.2609 -0.306147 2.2
      vertex 1.37644 -0.368816 2.2
      vertex 2.24246 -0.257151 2.2
    endloop
  endfacet
  facet normal 0 0 -1
    outer loop
      vertex 2.33482 0.444456 2.2
      vertex 2.02748 1.9966 2.2
      vertex 2.06569 2.03239 2.2
    endloop
  endfacet
  facet normal 0 -0 -1
    outer loop
      vertex 1.39762 -0.278004 2.2
      vertex 2.24246 -0.257151 2.2
      vertex 1.37644 -0.368816 2.2
    endloop
  endfacet
  facet normal 0 0 -1
    outer loop
      vertex 2.24246 0.257151 2.2
      vertex 1.39762 0.278004 2.2
      vertex 1.37644 0.368816 2.2
    endloop
  endfacet
  facet normal 0 -0 -1
    outer loop
      vertex 1.41281 -0.185999 2.2
      vertex 2.22726 -0.207055 2.2
      vertex 1.39762 -0.278004 2.2
    endloop
  endfacet
  facet normal 0 0 -1
    outer loop
      vertex 2.33482 0.444456 2.2
      vertex 1.98701 1.96339 2.2
      vertex 2.02748 1.9966 2.2
    endloop
  endfacet
  facet normal -0 0 -1
    outer loop
      vertex 2.2825 -0.35383 2.2
      vertex 1.37644 -0.368816 2.2
      vertex 2.2609 -0.306147 2.2
    endloop
  endfacet
  facet normal 0 0 -1
    outer loop
      vertex 2.2825 0.35383 2.2
      vertex 1.37644 0.368816 2.2
      vertex 1.34937 0.458051 2.2
    endloop
  endfacet
  facet normal -0 0 -1
    outer loop
      vertex 2.36532 -0.487009 2.2
      vertex 1.31653 -0.545323 2.2
      vertex 2.33482 -0.444456 2.2
    endloop
  endfacet
  facet normal 0 0 -1
    outer loop
      vertex 2.33482 0.444456 2.2
      vertex 1.94446 1.9329 2.2
      vertex 1.98701 1.96339 2.2
    endloop
  endfacet
  facet normal 0 0 -1
    outer loop
      vertex 1.23409 -0.7125 2.2
      vertex 1.70706 -1.82534 2.2
      vertex 1.65607 -1.81345 2.2
    endloop
  endfacet
  facet normal 0 0 -1
    outer loop
      vertex 2.33482 0.444456 2.2
      vertex 1.9 1.90526 2.2
      vertex 1.94446 1.9329 2.2
    endloop
  endfacet
  facet normal 0 0 -1
    outer loop
      vertex 1.18484 -0.791687 2.2
      vertex 1.65607 -1.81345 2.2
      vertex 1.60442 -1.80492 2.2
    endloop
  endfacet
  facet normal 0 0 -1
    outer loop
      vertex 2.30718 0.4 2.2
      vertex 1.34937 0.458051 2.2
      vertex 1.31653 0.545323 2.2
    endloop
  endfacet
  facet normal 0 0 -1
    outer loop
      vertex 1.13053 -0.867484 2.2
      vertex 1.60442 -1.80492 2.2
      vertex 1.55232 -1.79979 2.2
    endloop
  endfacet
  facet normal 0 0 -1
    outer loop
      vertex 2.33482 0.444456 2.2
      vertex 1.85383 1.88058 2.2
      vertex 1.9 1.90526 2.2
    endloop
  endfacet
  facet normal 0 0 -1
    outer loop
      vertex 1.13053 -0.867484 2.2
      vertex 1.55232 -1.79979 2.2
      vertex 1.5 -1.79808 2.2
    endloop
  endfacet
  facet normal 0 0 -1
    outer loop
      vertex 2.33482 0.444456 2.2
      vertex 1.31653 0.545323 2.2
      vertex 1.27804 0.63026 2.2
    endloop
  endfacet
  facet normal 0 0 -1
    outer loop
      vertex 1.07137 -0.939568 2.2
      vertex 1.5 -1.79808 2.2
      vertex 1.44768 -1.79979 2.2
    endloop
  endfacet
  facet normal 0 0 -1
    outer loop
      vertex 2.33482 0.444456 2.2
      vertex 1.80615 1.85897 2.2
      vertex 1.85383 1.88058 2.2
    endloop
  endfacet
  facet normal 0 0 -1
    outer loop
      vertex 2.33482 0.444456 2.2
      vertex 1.27804 0.63026 2.2
      vertex 1.23409 0.7125 2.2
    endloop
  endfacet
  facet normal 0 0 -1
    outer loop
      vertex 2.20171 -0.0523224 2.2
      vertex 1.425 0 2.2
      vertex 2.2 0 2.2
    endloop
  endfacet
  facet normal 0 -0 -1
    outer loop
      vertex 1.425 0 2.2
      vertex 2.20171 -0.0523224 2.2
      vertex 1.42195 -0.0931988 2.2
    endloop
  endfacet
  facet normal 0 0 -1
    outer loop
      vertex 2.20684 -0.104421 2.2
      vertex 1.42195 -0.0931988 2.2
      vertex 2.20171 -0.0523224 2.2
    endloop
  endfacet
  facet normal 0 0 -1
    outer loop
      vertex 1.00763 -1.00763 2.2
      vertex 1.44768 -1.79979 2.2
      vertex 1.39558 -1.80492 2.2
    endloop
  endfacet
  facet normal 0 -0 -1
    outer loop
      vertex 1.42195 -0.0931988 2.2
      vertex 2.20684 -0.104421 2.2
      vertex 1.41281 -0.185999 2.2
    endloop
  endfacet
  facet normal -0 0 -1
    outer loop
      vertex 2.21537 -0.156072 2.2
      vertex 1.41281 -0.185999 2.2
      vertex 2.20684 -0.104421 2.2
    endloop
  endfacet
  facet normal 0 0 -1
    outer loop
      vertex 1.00763 -1.00763 2.2
      vertex 1.39558 -1.80492 2.2
      vertex 1.34393 -1.81345 2.2
    endloop
  endfacet
  facet normal 0 0 -1
    outer loop
      vertex 2.22726 -0.207055 2.2
      vertex 1.41281 -0.185999 2.2
      vertex 2.21537 -0.156072 2.2
    endloop
  endfacet
  facet normal 0 0 -1
    outer loop
      vertex 0.939568 -1.07137 2.2
      vertex 1.34393 -1.81345 2.2
      vertex 1.29294 -1.82534 2.2
    endloop
  endfacet
  facet normal -0 0 -1
    outer loop
      vertex 2.24246 -0.257151 2.2
      vertex 1.39762 -0.278004 2.2
      vertex 2.22726 -0.207055 2.2
    endloop
  endfacet
  facet normal 0 0 -1
    outer loop
      vertex 0.867484 -1.13053 2.2
      vertex 1.29294 -1.82534 2.2
      vertex 1.24285 -1.84053 2.2
    endloop
  endfacet
  facet normal -0 0 -1
    outer loop
      vertex 2.33482 -0.444456 2.2
      vertex 1.31653 -0.545323 2.2
      vertex 2.30718 -0.4 2.2
    endloop
  endfacet
  facet normal 0 0 -1
    outer loop
      vertex 0.867484 -1.13053 2.2
      vertex 1.24285 -1.84053 2.2
      vertex 1.19385 -1.85897 2.2
    endloop
  endfacet
  facet normal 0 0 -1
    outer loop
      vertex 1.65607 -1.81345 2.2
      vertex 1.18484 -0.791687 2.2
      vertex 1.23409 -0.7125 2.2
    endloop
  endfacet
  facet normal 0 0 -1
    outer loop
      vertex 0.791687 -1.18484 2.2
      vertex 1.19385 -1.85897 2.2
      vertex 1.14617 -1.88058 2.2
    endloop
  endfacet
  facet normal 0 0 -1
    outer loop
      vertex 1.60442 -1.80492 2.2
      vertex 1.13053 -0.867484 2.2
      vertex 1.18484 -0.791687 2.2
    endloop
  endfacet
  facet normal 0 0 -1
    outer loop
      vertex 0.7125 -1.23409 2.2
      vertex 1.14617 -1.88058 2.2
      vertex 1.1 -1.90526 2.2
    endloop
  endfacet
  facet normal 0 0 -1
    outer loop
      vertex 1.5 -1.79808 2.2
      vertex 1.07137 -0.939568 2.2
      vertex 1.13053 -0.867484 2.2
    endloop
  endfacet
  facet normal 0 0 -1
    outer loop
      vertex 0.7125 -1.23409 2.2
      vertex 1.1 -1.90526 2.2
      vertex 1.05554 -1.9329 2.2
    endloop
  endfacet
  facet normal 0 0 -1
    outer loop
      vertex 0.63026 -1.27804 2.2
      vertex 1.05554 -1.9329 2.2
      vertex 1.01299 -1.96339 2.2
    endloop
  endfacet
  facet normal 0 0 -1
    outer loop
      vertex 1.44768 -1.79979 2.2
      vertex 1.00763 -1.00763 2.2
      vertex 1.07137 -0.939568 2.2
    endloop
  endfacet
  facet normal 0 0 -1
    outer loop
      vertex 0.545323 -1.31653 2.2
      vertex 1.01299 -1.96339 2.2
      vertex 0.972523 -1.9966 2.2
    endloop
  endfacet
  facet normal 0 0 -1
    outer loop
      vertex 1.34393 -1.81345 2.2
      vertex 0.939568 -1.07137 2.2
      vertex 1.00763 -1.00763 2.2
    endloop
  endfacet
  facet normal 0 0 -1
    outer loop
      vertex 0.545323 -1.31653 2.2
      vertex 0.972523 -1.9966 2.2
      vertex 0.934314 -2.03239 2.2
    endloop
  endfacet
  facet normal 0 0 -1
    outer loop
      vertex 0.458051 -1.34937 2.2
      vertex 0.934314 -2.03239 2.2
      vertex 0.898528 -2.0706 2.2
    endloop
  endfacet
  facet normal 0 0 -1
    outer loop
      vertex 1.29294 -1.82534 2.2
      vertex 0.867484 -1.13053 2.2
      vertex 0.939568 -1.07137 2.2
    endloop
  endfacet
  facet normal 0 0 -1
    outer loop
      vertex 0.368816 -1.37644 2.2
      vertex 0.898528 -2.0706 2.2
      vertex 0.865316 -2.11107 2.2
    endloop
  endfacet
  facet normal 0 0 -1
    outer loop
      vertex 0.368816 -1.37644 2.2
      vertex 0.865316 -2.11107 2.2
      vertex 0.834824 -2.15362 2.2
    endloop
  endfacet
  facet normal 0 0 -1
    outer loop
      vertex 0.278004 -1.39762 2.2
      vertex 0.834824 -2.15362 2.2
      vertex 0.807179 -2.19808 2.2
    endloop
  endfacet
  facet normal 0 0 -1
    outer loop
      vertex 1.19385 -1.85897 2.2
      vertex 0.791687 -1.18484 2.2
      vertex 0.867484 -1.13053 2.2
    endloop
  endfacet
  facet normal 0 0 -1
    outer loop
      vertex 0.185999 -1.41281 2.2
      vertex 0.807179 -2.19808 2.2
      vertex 0.782501 -2.24424 2.2
    endloop
  endfacet
  facet normal 0 0 -1
    outer loop
      vertex 0.185999 -1.41281 2.2
      vertex 0.782501 -2.24424 2.2
      vertex 0.760896 -2.29193 2.2
    endloop
  endfacet
  facet normal 0 0 -1
    outer loop
      vertex 0.0931988 -1.42195 2.2
      vertex 0.760896 -2.29193 2.2
      vertex 0.742455 -2.34092 2.2
    endloop
  endfacet
  facet normal 0 0 -1
    outer loop
      vertex 0 -1.425 2.2
      vertex 0.742455 -2.34092 2.2
      vertex 0.727259 -2.39102 2.2
    endloop
  endfacet
  facet normal 0 0 -1
    outer loop
      vertex -0.727259 -2.39102 2.2
      vertex 0.727259 -2.39102 2.2
      vertex 0.715371 -2.442 2.2
    endloop
  endfacet
  facet normal 0 0 -1
    outer loop
      vertex 1.14617 -1.88058 2.2
      vertex 0.7125 -1.23409 2.2
      vertex 0.791687 -1.18484 2.2
    endloop
  endfacet
  facet normal 0 0 -1
    outer loop
      vertex -0.715371 -2.442 2.2
      vertex 0.715371 -2.442 2.2
      vertex 0.706843 -2.49366 2.2
    endloop
  endfacet
  facet normal 0 0 -1
    outer loop
      vertex -0.706843 -2.49366 2.2
      vertex 0.706843 -2.49366 2.2
      vertex 0.701713 -2.54575 2.2
    endloop
  endfacet
  facet normal 0 0 -1
    outer loop
      vertex -0.701713 -2.54575 2.2
      vertex 0.701713 -2.54575 2.2
      vertex 0.7 -2.59808 2.2
    endloop
  endfacet
  facet normal -0 0 -1
    outer loop
      vertex 0.715371 -2.75415 2.2
      vertex 0 -3.5 2.2
      vertex 0.706843 -2.7025 2.2
    endloop
  endfacet
  facet normal 0 0 -1
    outer loop
      vertex 1.05554 -1.9329 2.2
      vertex 0.63026 -1.27804 2.2
      vertex 0.7125 -1.23409 2.2
    endloop
  endfacet
  facet normal 0 0 -1
    outer loop
      vertex 1.01299 -1.96339 2.2
      vertex 0.545323 -1.31653 2.2
      vertex 0.63026 -1.27804 2.2
    endloop
  endfacet
  facet normal 0 0 -1
    outer loop
      vertex 0.934314 -2.03239 2.2
      vertex 0.458051 -1.34937 2.2
      vertex 0.545323 -1.31653 2.2
    endloop
  endfacet
  facet normal 0 0 -1
    outer loop
      vertex -0.706843 -2.7025 2.2
      vertex 0.706843 -2.7025 2.2
      vertex 0 -3.5 2.2
    endloop
  endfacet
  facet normal 0 0 -1
    outer loop
      vertex 0.898528 -2.0706 2.2
      vertex 0.368816 -1.37644 2.2
      vertex 0.458051 -1.34937 2.2
    endloop
  endfacet
  facet normal 0 0 -1
    outer loop
      vertex 0.834824 -2.15362 2.2
      vertex 0.278004 -1.39762 2.2
      vertex 0.368816 -1.37644 2.2
    endloop
  endfacet
  facet normal 0 0 -1
    outer loop
      vertex 0.706843 -2.7025 2.2
      vertex -0.706843 -2.7025 2.2
      vertex 0.701713 -2.6504 2.2
    endloop
  endfacet
  facet normal 0 0 -1
    outer loop
      vertex 0.807179 -2.19808 2.2
      vertex 0.185999 -1.41281 2.2
      vertex 0.278004 -1.39762 2.2
    endloop
  endfacet
  facet normal 0 0 -1
    outer loop
      vertex 0.701713 -2.54575 2.2
      vertex -0.701713 -2.54575 2.2
      vertex -0.706843 -2.49366 2.2
    endloop
  endfacet
  facet normal 0 -0 -1
    outer loop
      vertex -0.701713 -2.6504 2.2
      vertex 0.701713 -2.6504 2.2
      vertex -0.706843 -2.7025 2.2
    endloop
  endfacet
  facet normal 0 0 -1
    outer loop
      vertex 0.706843 -2.49366 2.2
      vertex -0.706843 -2.49366 2.2
      vertex -0.715371 -2.442 2.2
    endloop
  endfacet
  facet normal 0 0 -1
    outer loop
      vertex 0.760896 -2.29193 2.2
      vertex 0.0931988 -1.42195 2.2
      vertex 0.185999 -1.41281 2.2
    endloop
  endfacet
  facet normal 0 0 -1
    outer loop
      vertex 0.715371 -2.442 2.2
      vertex -0.715371 -2.442 2.2
      vertex -0.727259 -2.39102 2.2
    endloop
  endfacet
  facet normal 0 0 -1
    outer loop
      vertex -0.715371 -2.75415 2.2
      vertex 0 -3.5 2.2
      vertex -0.22891 -3.49251 2.2
    endloop
  endfacet
  facet normal 0 0 -1
    outer loop
      vertex 0.742455 -2.34092 2.2
      vertex 0 -1.425 2.2
      vertex 0.0931988 -1.42195 2.2
    endloop
  endfacet
  facet normal 0 0 -1
    outer loop
      vertex 0.727259 -2.39102 2.2
      vertex -0.727259 -2.39102 2.2
      vertex 0 -1.425 2.2
    endloop
  endfacet
  facet normal 0 0 -1
    outer loop
      vertex -0.742455 -2.85523 2.2
      vertex -0.22891 -3.49251 2.2
      vertex -0.456841 -3.47006 2.2
    endloop
  endfacet
  facet normal 0 0 -1
    outer loop
      vertex -0.742455 -2.34092 2.2
      vertex 0 -1.425 2.2
      vertex -0.727259 -2.39102 2.2
    endloop
  endfacet
  facet normal -0 0 -1
    outer loop
      vertex 0 -1.425 2.2
      vertex -0.742455 -2.34092 2.2
      vertex -0.0931988 -1.42195 2.2
    endloop
  endfacet
  facet normal 0 0 -1
    outer loop
      vertex -0.760896 -2.29193 2.2
      vertex -0.0931988 -1.42195 2.2
      vertex -0.742455 -2.34092 2.2
    endloop
  endfacet
  facet normal 0 0 -1
    outer loop
      vertex -0.807179 -2.99808 2.2
      vertex -0.456841 -3.47006 2.2
      vertex -0.682816 -3.43275 2.2
    endloop
  endfacet
  facet normal 0 0 -1
    outer loop
      vertex 0.7 -2.59808 2.2
      vertex -0.7 -2.59808 2.2
      vertex -0.701713 -2.54575 2.2
    endloop
  endfacet
  facet normal -0 0 -1
    outer loop
      vertex -0.0931988 -1.42195 2.2
      vertex -0.760896 -2.29193 2.2
      vertex -0.185999 -1.41281 2.2
    endloop
  endfacet
  facet normal 0 0 -1
    outer loop
      vertex -0.782501 -2.24424 2.2
      vertex -0.185999 -1.41281 2.2
      vertex -0.760896 -2.29193 2.2
    endloop
  endfacet
  facet normal 0 0 -1
    outer loop
      vertex -0.807179 -2.19808 2.2
      vertex -0.185999 -1.41281 2.2
      vertex -0.782501 -2.24424 2.2
    endloop
  endfacet
  facet normal -0 0 -1
    outer loop
      vertex -0.185999 -1.41281 2.2
      vertex -0.807179 -2.19808 2.2
      vertex -0.278004 -1.39762 2.2
    endloop
  endfacet
  facet normal 0 0 -1
    outer loop
      vertex -0.834824 -2.15362 2.2
      vertex -0.278004 -1.39762 2.2
      vertex -0.807179 -2.19808 2.2
    endloop
  endfacet
  facet normal -0 0 -1
    outer loop
      vertex -0.278004 -1.39762 2.2
      vertex -0.834824 -2.15362 2.2
      vertex -0.368816 -1.37644 2.2
    endloop
  endfacet
  facet normal 0 0 -1
    outer loop
      vertex -0.865316 -2.11107 2.2
      vertex -0.368816 -1.37644 2.2
      vertex -0.834824 -2.15362 2.2
    endloop
  endfacet
  facet normal 0 0 -1
    outer loop
      vertex -0.898528 -2.0706 2.2
      vertex -0.368816 -1.37644 2.2
      vertex -0.865316 -2.11107 2.2
    endloop
  endfacet
  facet normal -0 0 -1
    outer loop
      vertex -0.368816 -1.37644 2.2
      vertex -0.898528 -2.0706 2.2
      vertex -0.458051 -1.34937 2.2
    endloop
  endfacet
  facet normal 0 0 -1
    outer loop
      vertex -0.934314 -2.03239 2.2
      vertex -0.458051 -1.34937 2.2
      vertex -0.898528 -2.0706 2.2
    endloop
  endfacet
  facet normal -0 0 -1
    outer loop
      vertex -0.458051 -1.34937 2.2
      vertex -0.934314 -2.03239 2.2
      vertex -0.545323 -1.31653 2.2
    endloop
  endfacet
  facet normal 0 0 -1
    outer loop
      vertex -0.972523 -1.9966 2.2
      vertex -0.545323 -1.31653 2.2
      vertex -0.934314 -2.03239 2.2
    endloop
  endfacet
  facet normal 0 0 -1
    outer loop
      vertex -1.01299 -1.96339 2.2
      vertex -0.545323 -1.31653 2.2
      vertex -0.972523 -1.9966 2.2
    endloop
  endfacet
  facet normal -0 0 -1
    outer loop
      vertex -0.545323 -1.31653 2.2
      vertex -1.01299 -1.96339 2.2
      vertex -0.63026 -1.27804 2.2
    endloop
  endfacet
  facet normal 0 0 -1
    outer loop
      vertex -1.05554 -1.9329 2.2
      vertex -0.63026 -1.27804 2.2
      vertex -1.01299 -1.96339 2.2
    endloop
  endfacet
  facet normal -0 0 -1
    outer loop
      vertex -0.63026 -1.27804 2.2
      vertex -1.05554 -1.9329 2.2
      vertex -0.7125 -1.23409 2.2
    endloop
  endfacet
  facet normal 0 0 -1
    outer loop
      vertex -1.1 -1.90526 2.2
      vertex -0.7125 -1.23409 2.2
      vertex -1.05554 -1.9329 2.2
    endloop
  endfacet
  facet normal 0 0 -1
    outer loop
      vertex -1.14617 -1.88058 2.2
      vertex -0.7125 -1.23409 2.2
      vertex -1.1 -1.90526 2.2
    endloop
  endfacet
  facet normal -0 0 -1
    outer loop
      vertex -0.7125 -1.23409 2.2
      vertex -1.14617 -1.88058 2.2
      vertex -0.791687 -1.18484 2.2
    endloop
  endfacet
  facet normal 0 0 -1
    outer loop
      vertex -1.19385 -1.85897 2.2
      vertex -0.791687 -1.18484 2.2
      vertex -1.14617 -1.88058 2.2
    endloop
  endfacet
  facet normal -0 0 -1
    outer loop
      vertex -0.791687 -1.18484 2.2
      vertex -1.19385 -1.85897 2.2
      vertex -0.867484 -1.13053 2.2
    endloop
  endfacet
  facet normal 0 0 -1
    outer loop
      vertex -1.24285 -1.84053 2.2
      vertex -0.867484 -1.13053 2.2
      vertex -1.19385 -1.85897 2.2
    endloop
  endfacet
  facet normal 0 0 -1
    outer loop
      vertex -1.29294 -1.82534 2.2
      vertex -0.867484 -1.13053 2.2
      vertex -1.24285 -1.84053 2.2
    endloop
  endfacet
  facet normal -0 0 -1
    outer loop
      vertex -0.867484 -1.13053 2.2
      vertex -1.29294 -1.82534 2.2
      vertex -0.939568 -1.07137 2.2
    endloop
  endfacet
  facet normal 0 0 -1
    outer loop
      vertex -1.34393 -1.81345 2.2
      vertex -0.939568 -1.07137 2.2
      vertex -1.29294 -1.82534 2.2
    endloop
  endfacet
  facet normal -0 0 -1
    outer loop
      vertex -0.939568 -1.07137 2.2
      vertex -1.34393 -1.81345 2.2
      vertex -1.00763 -1.00763 2.2
    endloop
  endfacet
  facet normal 0 0 -1
    outer loop
      vertex -1.39558 -1.80492 2.2
      vertex -1.00763 -1.00763 2.2
      vertex -1.34393 -1.81345 2.2
    endloop
  endfacet
  facet normal 0 0 -1
    outer loop
      vertex -1.44768 -1.79979 2.2
      vertex -1.00763 -1.00763 2.2
      vertex -1.39558 -1.80492 2.2
    endloop
  endfacet
  facet normal -0 0 -1
    outer loop
      vertex -1.00763 -1.00763 2.2
      vertex -1.44768 -1.79979 2.2
      vertex -1.07137 -0.939568 2.2
    endloop
  endfacet
  facet normal 0 0 -1
    outer loop
      vertex -1.5 -1.79808 2.2
      vertex -1.07137 -0.939568 2.2
      vertex -1.44768 -1.79979 2.2
    endloop
  endfacet
  facet normal -0 0 -1
    outer loop
      vertex -1.07137 -0.939568 2.2
      vertex -1.5 -1.79808 2.2
      vertex -1.13053 -0.867484 2.2
    endloop
  endfacet
  facet normal 0 0 -1
    outer loop
      vertex -1.55232 -1.79979 2.2
      vertex -1.13053 -0.867484 2.2
      vertex -1.5 -1.79808 2.2
    endloop
  endfacet
  facet normal 0 0 -1
    outer loop
      vertex -1.60442 -1.80492 2.2
      vertex -1.13053 -0.867484 2.2
      vertex -1.55232 -1.79979 2.2
    endloop
  endfacet
  facet normal -0 0 -1
    outer loop
      vertex -1.13053 -0.867484 2.2
      vertex -1.60442 -1.80492 2.2
      vertex -1.18484 -0.791687 2.2
    endloop
  endfacet
  facet normal 0 0 -1
    outer loop
      vertex -1.65607 -1.81345 2.2
      vertex -1.18484 -0.791687 2.2
      vertex -1.60442 -1.80492 2.2
    endloop
  endfacet
  facet normal -0 0 -1
    outer loop
      vertex -1.18484 -0.791687 2.2
      vertex -1.65607 -1.81345 2.2
      vertex -1.23409 -0.7125 2.2
    endloop
  endfacet
  facet normal 0 0 -1
    outer loop
      vertex -1.70706 -1.82534 2.2
      vertex -1.23409 -0.7125 2.2
      vertex -1.65607 -1.81345 2.2
    endloop
  endfacet
  facet normal 0 0 -1
    outer loop
      vertex -2.30718 -0.4 2.2
      vertex -1.23409 -0.7125 2.2
      vertex -1.70706 -1.82534 2.2
    endloop
  endfacet
  facet normal 0 0 -1
    outer loop
      vertex -1.23409 -0.7125 2.2
      vertex -2.30718 -0.4 2.2
      vertex -1.27804 -0.63026 2.2
    endloop
  endfacet
  facet normal 0 0 -1
    outer loop
      vertex -1.31653 -0.545323 2.2
      vertex -2.30718 -0.4 2.2
      vertex -1.34937 -0.458051 2.2
    endloop
  endfacet
  facet normal 0 0 -1
    outer loop
      vertex 3.4 0.69282 2.2
      vertex 3.43275 0.682816 2.2
      vertex 3.43465 0.671271 2.2
    endloop
  endfacet
  facet normal 0 0 -1
    outer loop
      vertex 3.4 0.69282 2.2
      vertex 3.38074 0.905867 2.2
      vertex 3.43275 0.682816 2.2
    endloop
  endfacet
  facet normal 0 0 -1
    outer loop
      vertex 3.35383 0.717498 2.2
      vertex 3.38074 0.905867 2.2
      vertex 3.4 0.69282 2.2
    endloop
  endfacet
  facet normal 0 0 -1
    outer loop
      vertex 3.30615 0.739103 2.2
      vertex 3.38074 0.905867 2.2
      vertex 3.35383 0.717498 2.2
    endloop
  endfacet
  facet normal 0 0 -1
    outer loop
      vertex 3.25715 0.757544 2.2
      vertex 3.38074 0.905867 2.2
      vertex 3.30615 0.739103 2.2
    endloop
  endfacet
  facet normal 0 0 -1
    outer loop
      vertex 3.20706 0.77274 2.2
      vertex 3.38074 0.905867 2.2
      vertex 3.25715 0.757544 2.2
    endloop
  endfacet
  facet normal 0 0 -1
    outer loop
      vertex 3.15607 0.784628 2.2
      vertex 3.38074 0.905867 2.2
      vertex 3.20706 0.77274 2.2
    endloop
  endfacet
  facet normal -0 0 -1
    outer loop
      vertex 3.38074 0.905867 2.2
      vertex 3.15607 0.784628 2.2
      vertex 3.31425 1.12504 2.2
    endloop
  endfacet
  facet normal 0 0 -1
    outer loop
      vertex 3.10442 0.793156 2.2
      vertex 3.31425 1.12504 2.2
      vertex 3.15607 0.784628 2.2
    endloop
  endfacet
  facet normal 0 0 -1
    outer loop
      vertex 3.05232 0.798286 2.2
      vertex 3.31425 1.12504 2.2
      vertex 3.10442 0.793156 2.2
    endloop
  endfacet
  facet normal 0 0 -1
    outer loop
      vertex 3 0.799999 2.2
      vertex 3.31425 1.12504 2.2
      vertex 3.05232 0.798286 2.2
    endloop
  endfacet
  facet normal -0 0 -1
    outer loop
      vertex 3.31425 1.12504 2.2
      vertex 3 0.799999 2.2
      vertex 3.23358 1.33939 2.2
    endloop
  endfacet
  facet normal 0 0 -1
    outer loop
      vertex 2.94768 0.798286 2.2
      vertex 3.23358 1.33939 2.2
      vertex 3 0.799999 2.2
    endloop
  endfacet
  facet normal 0 0 -1
    outer loop
      vertex 2.89558 0.793156 2.2
      vertex 3.23358 1.33939 2.2
      vertex 2.94768 0.798286 2.2
    endloop
  endfacet
  facet normal 0 0 -1
    outer loop
      vertex 2.84393 0.784628 2.2
      vertex 3.23358 1.33939 2.2
      vertex 2.89558 0.793156 2.2
    endloop
  endfacet
  facet normal -0 0 -1
    outer loop
      vertex 3.23358 1.33939 2.2
      vertex 2.84393 0.784628 2.2
      vertex 3.13905 1.54801 2.2
    endloop
  endfacet
  facet normal 0 0 -1
    outer loop
      vertex 2.79294 0.77274 2.2
      vertex 3.13905 1.54801 2.2
      vertex 2.84393 0.784628 2.2
    endloop
  endfacet
  facet normal 0 0 -1
    outer loop
      vertex 2.74285 0.757544 2.2
      vertex 3.13905 1.54801 2.2
      vertex 2.79294 0.77274 2.2
    endloop
  endfacet
  facet normal -0 0 -1
    outer loop
      vertex 3.13905 1.54801 2.2
      vertex 2.74285 0.757544 2.2
      vertex 3.03109 1.75 2.2
    endloop
  endfacet
  facet normal 0 0 -1
    outer loop
      vertex 2.69385 0.739103 2.2
      vertex 3.03109 1.75 2.2
      vertex 2.74285 0.757544 2.2
    endloop
  endfacet
  facet normal 0 0 -1
    outer loop
      vertex 2.64617 0.717498 2.2
      vertex 3.03109 1.75 2.2
      vertex 2.69385 0.739103 2.2
    endloop
  endfacet
  facet normal -0 0 -1
    outer loop
      vertex 3.03109 1.75 2.2
      vertex 2.64617 0.717498 2.2
      vertex 2.91014 1.9445 2.2
    endloop
  endfacet
  facet normal 0 0 -1
    outer loop
      vertex 2.6 0.69282 2.2
      vertex 2.91014 1.9445 2.2
      vertex 2.64617 0.717498 2.2
    endloop
  endfacet
  facet normal -0 0 -1
    outer loop
      vertex 2.91014 1.9445 2.2
      vertex 2.6 0.69282 2.2
      vertex 2.77674 2.13066 2.2
    endloop
  endfacet
  facet normal 0 0 -1
    outer loop
      vertex 2.55554 0.665175 2.2
      vertex 2.77674 2.13066 2.2
      vertex 2.6 0.69282 2.2
    endloop
  endfacet
  facet normal 0 0 -1
    outer loop
      vertex 2.51299 0.634683 2.2
      vertex 2.77674 2.13066 2.2
      vertex 2.55554 0.665175 2.2
    endloop
  endfacet
  facet normal -0 0 -1
    outer loop
      vertex 2.77674 2.13066 2.2
      vertex 2.51299 0.634683 2.2
      vertex 2.63144 2.30771 2.2
    endloop
  endfacet
  facet normal 0 0 -1
    outer loop
      vertex 2.29829 2.54575 2.2
      vertex 2.51299 0.634683 2.2
      vertex 2.47252 0.601471 2.2
    endloop
  endfacet
  facet normal 0 0 -1
    outer loop
      vertex 2.51299 0.634683 2.2
      vertex 2.29829 2.54575 2.2
      vertex 2.63144 2.30771 2.2
    endloop
  endfacet
  facet normal 0 0 -1
    outer loop
      vertex 2.29829 2.54575 2.2
      vertex 2.47252 0.601471 2.2
      vertex 2.43431 0.565685 2.2
    endloop
  endfacet
  facet normal 0 0 -1
    outer loop
      vertex 2.29829 2.54575 2.2
      vertex 2.43431 0.565685 2.2
      vertex 2.39853 0.527476 2.2
    endloop
  endfacet
  facet normal 0 0 -1
    outer loop
      vertex 2.29829 2.54575 2.2
      vertex 2.39853 0.527476 2.2
      vertex 2.36532 0.487009 2.2
    endloop
  endfacet
  facet normal 0 0 -1
    outer loop
      vertex 2.29829 2.54575 2.2
      vertex 2.36532 0.487009 2.2
      vertex 2.33482 0.444456 2.2
    endloop
  endfacet
  facet normal 0 0 -1
    outer loop
      vertex 2.29829 2.54575 2.2
      vertex 2.47487 2.47487 2.2
      vertex 2.63144 2.30771 2.2
    endloop
  endfacet
  facet normal 0 0 -1
    outer loop
      vertex 1.31653 0.545323 2.2
      vertex 2.33482 0.444456 2.2
      vertex 2.30718 0.4 2.2
    endloop
  endfacet
  facet normal 0 0 -1
    outer loop
      vertex 2.47487 2.47487 2.2
      vertex 2.3 2.59808 2.2
      vertex 2.30771 2.63144 2.2
    endloop
  endfacet
  facet normal -0 0 -1
    outer loop
      vertex 2.30771 2.63144 2.2
      vertex 2.3 2.59808 2.2
      vertex 2.29866 2.63886 2.2
    endloop
  endfacet
  facet normal 0 0 -1
    outer loop
      vertex 2.33482 0.444456 2.2
      vertex 1.75715 1.84053 2.2
      vertex 1.80615 1.85897 2.2
    endloop
  endfacet
  facet normal 0 0 -1
    outer loop
      vertex 2.33482 0.444456 2.2
      vertex 1.70706 1.82534 2.2
      vertex 1.75715 1.84053 2.2
    endloop
  endfacet
  facet normal 0 0 -1
    outer loop
      vertex 2.33482 0.444456 2.2
      vertex 1.23409 0.7125 2.2
      vertex 1.70706 1.82534 2.2
    endloop
  endfacet
  facet normal 0 0 -1
    outer loop
      vertex 1.70706 1.82534 2.2
      vertex 1.23409 0.7125 2.2
      vertex 1.65607 1.81345 2.2
    endloop
  endfacet
  facet normal 0 0 -1
    outer loop
      vertex 1.18484 0.791687 2.2
      vertex 1.65607 1.81345 2.2
      vertex 1.23409 0.7125 2.2
    endloop
  endfacet
  facet normal 0 0 -1
    outer loop
      vertex 1.65607 1.81345 2.2
      vertex 1.18484 0.791687 2.2
      vertex 1.60442 1.80492 2.2
    endloop
  endfacet
  facet normal 0 0 -1
    outer loop
      vertex 1.13053 0.867484 2.2
      vertex 1.60442 1.80492 2.2
      vertex 1.18484 0.791687 2.2
    endloop
  endfacet
  facet normal 0 0 -1
    outer loop
      vertex 1.60442 1.80492 2.2
      vertex 1.13053 0.867484 2.2
      vertex 1.55232 1.79979 2.2
    endloop
  endfacet
  facet normal 0 0 -1
    outer loop
      vertex 1.55232 1.79979 2.2
      vertex 1.13053 0.867484 2.2
      vertex 1.5 1.79808 2.2
    endloop
  endfacet
  facet normal 0 0 -1
    outer loop
      vertex 1.07137 0.939568 2.2
      vertex 1.5 1.79808 2.2
      vertex 1.13053 0.867484 2.2
    endloop
  endfacet
  facet normal -0 0 -1
    outer loop
      vertex 1.5 1.79808 2.2
      vertex 1.07137 0.939568 2.2
      vertex 1.44768 1.79979 2.2
    endloop
  endfacet
  facet normal 0 0 -1
    outer loop
      vertex 1.00763 1.00763 2.2
      vertex 1.44768 1.79979 2.2
      vertex 1.07137 0.939568 2.2
    endloop
  endfacet
  facet normal -0 0 -1
    outer loop
      vertex 1.44768 1.79979 2.2
      vertex 1.00763 1.00763 2.2
      vertex 1.39558 1.80492 2.2
    endloop
  endfacet
  facet normal -0 0 -1
    outer loop
      vertex 1.39558 1.80492 2.2
      vertex 1.00763 1.00763 2.2
      vertex 1.34393 1.81345 2.2
    endloop
  endfacet
  facet normal 0 0 -1
    outer loop
      vertex 0.939568 1.07137 2.2
      vertex 1.34393 1.81345 2.2
      vertex 1.00763 1.00763 2.2
    endloop
  endfacet
  facet normal -0 0 -1
    outer loop
      vertex 1.34393 1.81345 2.2
      vertex 0.939568 1.07137 2.2
      vertex 1.29294 1.82534 2.2
    endloop
  endfacet
  facet normal 0 0 -1
    outer loop
      vertex 0.867484 1.13053 2.2
      vertex 1.29294 1.82534 2.2
      vertex 0.939568 1.07137 2.2
    endloop
  endfacet
  facet normal -0 0 -1
    outer loop
      vertex 1.29294 1.82534 2.2
      vertex 0.867484 1.13053 2.2
      vertex 1.24285 1.84053 2.2
    endloop
  endfacet
  facet normal -0 0 -1
    outer loop
      vertex 1.24285 1.84053 2.2
      vertex 0.867484 1.13053 2.2
      vertex 1.19385 1.85897 2.2
    endloop
  endfacet
  facet normal 0 0 -1
    outer loop
      vertex 0.791687 1.18484 2.2
      vertex 1.19385 1.85897 2.2
      vertex 0.867484 1.13053 2.2
    endloop
  endfacet
  facet normal -0 0 -1
    outer loop
      vertex 1.19385 1.85897 2.2
      vertex 0.791687 1.18484 2.2
      vertex 1.14617 1.88058 2.2
    endloop
  endfacet
  facet normal 0 0 -1
    outer loop
      vertex 0.7125 1.23409 2.2
      vertex 1.14617 1.88058 2.2
      vertex 0.791687 1.18484 2.2
    endloop
  endfacet
  facet normal -0 0 -1
    outer loop
      vertex 1.14617 1.88058 2.2
      vertex 0.7125 1.23409 2.2
      vertex 1.1 1.90526 2.2
    endloop
  endfacet
  facet normal -0 0 -1
    outer loop
      vertex 1.1 1.90526 2.2
      vertex 0.7125 1.23409 2.2
      vertex 1.05554 1.9329 2.2
    endloop
  endfacet
  facet normal 0 0 -1
    outer loop
      vertex 0.63026 1.27804 2.2
      vertex 1.05554 1.9329 2.2
      vertex 0.7125 1.23409 2.2
    endloop
  endfacet
  facet normal -0 0 -1
    outer loop
      vertex 1.05554 1.9329 2.2
      vertex 0.63026 1.27804 2.2
      vertex 1.01299 1.96339 2.2
    endloop
  endfacet
  facet normal 0 0 -1
    outer loop
      vertex 0.545323 1.31653 2.2
      vertex 1.01299 1.96339 2.2
      vertex 0.63026 1.27804 2.2
    endloop
  endfacet
  facet normal -0 0 -1
    outer loop
      vertex 1.01299 1.96339 2.2
      vertex 0.545323 1.31653 2.2
      vertex 0.972523 1.9966 2.2
    endloop
  endfacet
  facet normal -0 0 -1
    outer loop
      vertex 0.972523 1.9966 2.2
      vertex 0.545323 1.31653 2.2
      vertex 0.934314 2.03239 2.2
    endloop
  endfacet
  facet normal 0 0 -1
    outer loop
      vertex 0.458051 1.34937 2.2
      vertex 0.934314 2.03239 2.2
      vertex 0.545323 1.31653 2.2
    endloop
  endfacet
  facet normal -0 0 -1
    outer loop
      vertex 0.934314 2.03239 2.2
      vertex 0.458051 1.34937 2.2
      vertex 0.898528 2.0706 2.2
    endloop
  endfacet
  facet normal 0 0 -1
    outer loop
      vertex 0.368816 1.37644 2.2
      vertex 0.898528 2.0706 2.2
      vertex 0.458051 1.34937 2.2
    endloop
  endfacet
  facet normal -0 0 -1
    outer loop
      vertex 0.898528 2.0706 2.2
      vertex 0.368816 1.37644 2.2
      vertex 0.865316 2.11107 2.2
    endloop
  endfacet
  facet normal -0 0 -1
    outer loop
      vertex 0.865316 2.11107 2.2
      vertex 0.368816 1.37644 2.2
      vertex 0.834824 2.15362 2.2
    endloop
  endfacet
  facet normal 0 0 -1
    outer loop
      vertex 0.278004 1.39762 2.2
      vertex 0.834824 2.15362 2.2
      vertex 0.368816 1.37644 2.2
    endloop
  endfacet
  facet normal -0 0 -1
    outer loop
      vertex 0.834824 2.15362 2.2
      vertex 0.278004 1.39762 2.2
      vertex 0.807179 2.19808 2.2
    endloop
  endfacet
  facet normal 0 0 -1
    outer loop
      vertex 0.185999 1.41281 2.2
      vertex 0.807179 2.19808 2.2
      vertex 0.278004 1.39762 2.2
    endloop
  endfacet
  facet normal -0 0 -1
    outer loop
      vertex 0.807179 2.19808 2.2
      vertex 0.185999 1.41281 2.2
      vertex 0.782501 2.24424 2.2
    endloop
  endfacet
  facet normal -0 0 -1
    outer loop
      vertex 0.782501 2.24424 2.2
      vertex 0.185999 1.41281 2.2
      vertex 0.760896 2.29193 2.2
    endloop
  endfacet
  facet normal 0 0 -1
    outer loop
      vertex 0.0931988 1.42195 2.2
      vertex 0.760896 2.29193 2.2
      vertex 0.185999 1.41281 2.2
    endloop
  endfacet
  facet normal -0 0 -1
    outer loop
      vertex 0.760896 2.29193 2.2
      vertex 0.0931988 1.42195 2.2
      vertex 0.742455 2.34092 2.2
    endloop
  endfacet
  facet normal 0 0 -1
    outer loop
      vertex 0 1.425 2.2
      vertex 0.742455 2.34092 2.2
      vertex 0.0931988 1.42195 2.2
    endloop
  endfacet
  facet normal -0 0 -1
    outer loop
      vertex 0.742455 2.34092 2.2
      vertex 0 1.425 2.2
      vertex 0.727259 2.39102 2.2
    endloop
  endfacet
  facet normal 0 0 -1
    outer loop
      vertex -0.727259 2.39102 2.2
      vertex 0.727259 2.39102 2.2
      vertex 0 1.425 2.2
    endloop
  endfacet
  facet normal 0 0 -1
    outer loop
      vertex 0.727259 2.39102 2.2
      vertex -0.727259 2.39102 2.2
      vertex 0.715371 2.442 2.2
    endloop
  endfacet
  facet normal 0 0 -1
    outer loop
      vertex 0.7 2.59808 2.2
      vertex 0.456841 3.47006 2.2
      vertex 0.682816 3.43275 2.2
    endloop
  endfacet
  facet normal 0 -0 -1
    outer loop
      vertex -0.715371 2.442 2.2
      vertex 0.715371 2.442 2.2
      vertex -0.727259 2.39102 2.2
    endloop
  endfacet
  facet normal 0 -0 -1
    outer loop
      vertex -0.7 2.59808 2.2
      vertex 0.7 2.59808 2.2
      vertex -0.701713 2.54575 2.2
    endloop
  endfacet
  facet normal 0 0 -1
    outer loop
      vertex 0.715371 2.442 2.2
      vertex -0.715371 2.442 2.2
      vertex 0.706843 2.49366 2.2
    endloop
  endfacet
  facet normal 0 -0 -1
    outer loop
      vertex -0.706843 2.49366 2.2
      vertex 0.706843 2.49366 2.2
      vertex -0.715371 2.442 2.2
    endloop
  endfacet
  facet normal 0 0 -1
    outer loop
      vertex 0.7 2.59808 2.2
      vertex 0.22891 3.49251 2.2
      vertex 0.456841 3.47006 2.2
    endloop
  endfacet
  facet normal 0 0 -1
    outer loop
      vertex -0.742455 2.34092 2.2
      vertex 0 1.425 2.2
      vertex -0.0931988 1.42195 2.2
    endloop
  endfacet
  facet normal 0 0 -1
    outer loop
      vertex -0.760896 2.29193 2.2
      vertex -0.0931988 1.42195 2.2
      vertex -0.185999 1.41281 2.2
    endloop
  endfacet
  facet normal 0 0 -1
    outer loop
      vertex -0.701713 2.6504 2.2
      vertex 0.7 2.59808 2.2
      vertex -0.7 2.59808 2.2
    endloop
  endfacet
  facet normal 0 0 -1
    outer loop
      vertex -0.807179 2.19808 2.2
      vertex -0.185999 1.41281 2.2
      vertex -0.278004 1.39762 2.2
    endloop
  endfacet
  facet normal 0 0 -1
    outer loop
      vertex -0.834824 2.15362 2.2
      vertex -0.278004 1.39762 2.2
      vertex -0.368816 1.37644 2.2
    endloop
  endfacet
  facet normal 0 0 -1
    outer loop
      vertex -0.706843 2.7025 2.2
      vertex 0.7 2.59808 2.2
      vertex -0.701713 2.6504 2.2
    endloop
  endfacet
  facet normal 0 0 -1
    outer loop
      vertex -0.898528 2.0706 2.2
      vertex -0.368816 1.37644 2.2
      vertex -0.458051 1.34937 2.2
    endloop
  endfacet
  facet normal 0 0 -1
    outer loop
      vertex -0.934314 2.03239 2.2
      vertex -0.458051 1.34937 2.2
      vertex -0.545323 1.31653 2.2
    endloop
  endfacet
  facet normal 0 0 -1
    outer loop
      vertex -1.01299 1.96339 2.2
      vertex -0.545323 1.31653 2.2
      vertex -0.63026 1.27804 2.2
    endloop
  endfacet
  facet normal 0 0 -1
    outer loop
      vertex 0.701713 2.54575 2.2
      vertex -0.701713 2.54575 2.2
      vertex 0.7 2.59808 2.2
    endloop
  endfacet
  facet normal 0 0 -1
    outer loop
      vertex -0.715371 2.75415 2.2
      vertex 0 3.5 2.2
      vertex -0.706843 2.7025 2.2
    endloop
  endfacet
  facet normal 0 0 -1
    outer loop
      vertex 0.7 2.59808 2.2
      vertex -0.706843 2.7025 2.2
      vertex 0 3.5 2.2
    endloop
  endfacet
  facet normal 0 0 -1
    outer loop
      vertex 0.7 2.59808 2.2
      vertex 0 3.5 2.2
      vertex 0.22891 3.49251 2.2
    endloop
  endfacet
  facet normal 0 0 -1
    outer loop
      vertex -1.05554 1.9329 2.2
      vertex -0.63026 1.27804 2.2
      vertex -0.7125 1.23409 2.2
    endloop
  endfacet
  facet normal 0 -0 -1
    outer loop
      vertex -0.701713 2.54575 2.2
      vertex 0.701713 2.54575 2.2
      vertex -0.706843 2.49366 2.2
    endloop
  endfacet
  facet normal 0 0 -1
    outer loop
      vertex 0.706843 2.49366 2.2
      vertex -0.706843 2.49366 2.2
      vertex 0.701713 2.54575 2.2
    endloop
  endfacet
  facet normal 0 0 -1
    outer loop
      vertex 0 1.425 2.2
      vertex -0.742455 2.34092 2.2
      vertex -0.727259 2.39102 2.2
    endloop
  endfacet
  facet normal 0 0 -1
    outer loop
      vertex -0.0931988 1.42195 2.2
      vertex -0.760896 2.29193 2.2
      vertex -0.742455 2.34092 2.2
    endloop
  endfacet
  facet normal 0 0 -1
    outer loop
      vertex -0.185999 1.41281 2.2
      vertex -0.782501 2.24424 2.2
      vertex -0.760896 2.29193 2.2
    endloop
  endfacet
  facet normal 0 0 -1
    outer loop
      vertex -1.14617 1.88058 2.2
      vertex -0.7125 1.23409 2.2
      vertex -0.791687 1.18484 2.2
    endloop
  endfacet
  facet normal 0 0 -1
    outer loop
      vertex -0.185999 1.41281 2.2
      vertex -0.807179 2.19808 2.2
      vertex -0.782501 2.24424 2.2
    endloop
  endfacet
  facet normal 0 0 -1
    outer loop
      vertex -0.278004 1.39762 2.2
      vertex -0.834824 2.15362 2.2
      vertex -0.807179 2.19808 2.2
    endloop
  endfacet
  facet normal 0 0 -1
    outer loop
      vertex -0.368816 1.37644 2.2
      vertex -0.865316 2.11107 2.2
      vertex -0.834824 2.15362 2.2
    endloop
  endfacet
  facet normal 0 0 -1
    outer loop
      vertex -1.19385 1.85897 2.2
      vertex -0.791687 1.18484 2.2
      vertex -0.867484 1.13053 2.2
    endloop
  endfacet
  facet normal 0 0 -1
    outer loop
      vertex -0.368816 1.37644 2.2
      vertex -0.898528 2.0706 2.2
      vertex -0.865316 2.11107 2.2
    endloop
  endfacet
  facet normal 0 0 -1
    outer loop
      vertex -0.458051 1.34937 2.2
      vertex -0.934314 2.03239 2.2
      vertex -0.898528 2.0706 2.2
    endloop
  endfacet
  facet normal 0 0 -1
    outer loop
      vertex -1.29294 1.82534 2.2
      vertex -0.867484 1.13053 2.2
      vertex -0.939568 1.07137 2.2
    endloop
  endfacet
  facet normal 0 0 -1
    outer loop
      vertex -0.545323 1.31653 2.2
      vertex -0.972523 1.9966 2.2
      vertex -0.934314 2.03239 2.2
    endloop
  endfacet
  facet normal 0 0 -1
    outer loop
      vertex -1.34393 1.81345 2.2
      vertex -0.939568 1.07137 2.2
      vertex -1.00763 1.00763 2.2
    endloop
  endfacet
  facet normal 0 0 -1
    outer loop
      vertex -0.545323 1.31653 2.2
      vertex -1.01299 1.96339 2.2
      vertex -0.972523 1.9966 2.2
    endloop
  endfacet
  facet normal 0 0 -1
    outer loop
      vertex -0.63026 1.27804 2.2
      vertex -1.05554 1.9329 2.2
      vertex -1.01299 1.96339 2.2
    endloop
  endfacet
  facet normal 0 0 -1
    outer loop
      vertex -1.44768 1.79979 2.2
      vertex -1.00763 1.00763 2.2
      vertex -1.07137 0.939568 2.2
    endloop
  endfacet
  facet normal 0 0 -1
    outer loop
      vertex -0.7125 1.23409 2.2
      vertex -1.1 1.90526 2.2
      vertex -1.05554 1.9329 2.2
    endloop
  endfacet
  facet normal 0 0 -1
    outer loop
      vertex -1.5 1.79808 2.2
      vertex -1.07137 0.939568 2.2
      vertex -1.13053 0.867484 2.2
    endloop
  endfacet
  facet normal 0 0 -1
    outer loop
      vertex -0.7125 1.23409 2.2
      vertex -1.14617 1.88058 2.2
      vertex -1.1 1.90526 2.2
    endloop
  endfacet
  facet normal 0 0 -1
    outer loop
      vertex -1.60442 1.80492 2.2
      vertex -1.13053 0.867484 2.2
      vertex -1.18484 0.791687 2.2
    endloop
  endfacet
  facet normal 0 0 -1
    outer loop
      vertex -0.791687 1.18484 2.2
      vertex -1.19385 1.85897 2.2
      vertex -1.14617 1.88058 2.2
    endloop
  endfacet
  facet normal 0 0 -1
    outer loop
      vertex -1.65607 1.81345 2.2
      vertex -1.18484 0.791687 2.2
      vertex -1.23409 0.7125 2.2
    endloop
  endfacet
  facet normal 0 0 -1
    outer loop
      vertex -0.867484 1.13053 2.2
      vertex -1.24285 1.84053 2.2
      vertex -1.19385 1.85897 2.2
    endloop
  endfacet
  facet normal 0 0 -1
    outer loop
      vertex -2.33482 0.444456 2.2
      vertex -1.31653 0.545323 2.2
      vertex -2.30718 0.4 2.2
    endloop
  endfacet
  facet normal 0 0 -1
    outer loop
      vertex -0.867484 1.13053 2.2
      vertex -1.29294 1.82534 2.2
      vertex -1.24285 1.84053 2.2
    endloop
  endfacet
  facet normal 0 0 -1
    outer loop
      vertex -2.24246 0.257151 2.2
      vertex -1.39762 0.278004 2.2
      vertex -2.22726 0.207055 2.2
    endloop
  endfacet
  facet normal 0 0 -1
    outer loop
      vertex -0.939568 1.07137 2.2
      vertex -1.34393 1.81345 2.2
      vertex -1.29294 1.82534 2.2
    endloop
  endfacet
  facet normal 0 0 -1
    outer loop
      vertex -2.22726 0.207055 2.2
      vertex -1.41281 0.185999 2.2
      vertex -2.21537 0.156072 2.2
    endloop
  endfacet
  facet normal 0 0 -1
    outer loop
      vertex -2.21537 0.156072 2.2
      vertex -1.41281 0.185999 2.2
      vertex -2.20684 0.104421 2.2
    endloop
  endfacet
  facet normal 0 0 -1
    outer loop
      vertex -1.00763 1.00763 2.2
      vertex -1.39558 1.80492 2.2
      vertex -1.34393 1.81345 2.2
    endloop
  endfacet
  facet normal 0 0 -1
    outer loop
      vertex -1.42195 0.0931988 2.2
      vertex -2.20684 0.104421 2.2
      vertex -1.41281 0.185999 2.2
    endloop
  endfacet
  facet normal 0 0 -1
    outer loop
      vertex -2.20684 0.104421 2.2
      vertex -1.42195 0.0931988 2.2
      vertex -2.20171 0.0523224 2.2
    endloop
  endfacet
  facet normal 0 0 -1
    outer loop
      vertex -1.425 0 2.2
      vertex -2.20171 0.0523224 2.2
      vertex -1.42195 0.0931988 2.2
    endloop
  endfacet
  facet normal 0 0 -1
    outer loop
      vertex -2.20171 0.0523224 2.2
      vertex -1.425 0 2.2
      vertex -2.2 0 2.2
    endloop
  endfacet
  facet normal 0 0 -1
    outer loop
      vertex -1.00763 1.00763 2.2
      vertex -1.44768 1.79979 2.2
      vertex -1.39558 1.80492 2.2
    endloop
  endfacet
  facet normal 0 0 -1
    outer loop
      vertex -1.34937 -0.458051 2.2
      vertex -2.2825 -0.35383 2.2
      vertex -1.37644 -0.368816 2.2
    endloop
  endfacet
  facet normal 0 0 -1
    outer loop
      vertex -1.37644 -0.368816 2.2
      vertex -2.24246 -0.257151 2.2
      vertex -1.39762 -0.278004 2.2
    endloop
  endfacet
  facet normal 0 0 -1
    outer loop
      vertex -1.41281 0.185999 2.2
      vertex -2.22726 0.207055 2.2
      vertex -1.39762 0.278004 2.2
    endloop
  endfacet
  facet normal 0 -0 -1
    outer loop
      vertex -2.24246 -0.257151 2.2
      vertex -1.37644 -0.368816 2.2
      vertex -2.2609 -0.306147 2.2
    endloop
  endfacet
  facet normal 0 0 -1
    outer loop
      vertex -1.07137 0.939568 2.2
      vertex -1.5 1.79808 2.2
      vertex -1.44768 1.79979 2.2
    endloop
  endfacet
  facet normal 0 -0 -1
    outer loop
      vertex -2.2609 -0.306147 2.2
      vertex -1.37644 -0.368816 2.2
      vertex -2.2825 -0.35383 2.2
    endloop
  endfacet
  facet normal 0 0 -1
    outer loop
      vertex -1.13053 0.867484 2.2
      vertex -1.55232 1.79979 2.2
      vertex -1.5 1.79808 2.2
    endloop
  endfacet
  facet normal 0 -0 -1
    outer loop
      vertex -2.2825 -0.35383 2.2
      vertex -1.34937 -0.458051 2.2
      vertex -2.30718 -0.4 2.2
    endloop
  endfacet
  facet normal 0 0 -1
    outer loop
      vertex -1.13053 0.867484 2.2
      vertex -1.60442 1.80492 2.2
      vertex -1.55232 1.79979 2.2
    endloop
  endfacet
  facet normal 0 0 -1
    outer loop
      vertex -1.27804 -0.63026 2.2
      vertex -2.30718 -0.4 2.2
      vertex -1.31653 -0.545323 2.2
    endloop
  endfacet
  facet normal 0 0 -1
    outer loop
      vertex -1.18484 0.791687 2.2
      vertex -1.65607 1.81345 2.2
      vertex -1.60442 1.80492 2.2
    endloop
  endfacet
  facet normal 0 0 -1
    outer loop
      vertex -2.30718 -0.4 2.2
      vertex -1.70706 -1.82534 2.2
      vertex -1.75715 -1.84053 2.2
    endloop
  endfacet
  facet normal 0 0 -1
    outer loop
      vertex -1.23409 0.7125 2.2
      vertex -1.70706 1.82534 2.2
      vertex -1.65607 1.81345 2.2
    endloop
  endfacet
  facet normal 0 0 -1
    outer loop
      vertex -2.30718 -0.4 2.2
      vertex -1.75715 -1.84053 2.2
      vertex -1.80615 -1.85897 2.2
    endloop
  endfacet
  facet normal 0 0 -1
    outer loop
      vertex -2.36532 0.487009 2.2
      vertex -1.31653 0.545323 2.2
      vertex -2.33482 0.444456 2.2
    endloop
  endfacet
  facet normal 0 0 -1
    outer loop
      vertex -2.30718 -0.4 2.2
      vertex -1.80615 -1.85897 2.2
      vertex -1.85383 -1.88058 2.2
    endloop
  endfacet
  facet normal 0 0 -1
    outer loop
      vertex -2.2825 0.35383 2.2
      vertex -1.37644 0.368816 2.2
      vertex -2.2609 0.306147 2.2
    endloop
  endfacet
  facet normal 0 0 -1
    outer loop
      vertex -2.30718 -0.4 2.2
      vertex -1.85383 -1.88058 2.2
      vertex -1.9 -1.90526 2.2
    endloop
  endfacet
  facet normal -0 0 -1
    outer loop
      vertex -1.39762 0.278004 2.2
      vertex -2.24246 0.257151 2.2
      vertex -1.37644 0.368816 2.2
    endloop
  endfacet
  facet normal 0 0 -1
    outer loop
      vertex -2.30718 -0.4 2.2
      vertex -1.9 -1.90526 2.2
      vertex -1.94446 -1.9329 2.2
    endloop
  endfacet
  facet normal 0 0 -1
    outer loop
      vertex -2.2609 0.306147 2.2
      vertex -1.37644 0.368816 2.2
      vertex -2.24246 0.257151 2.2
    endloop
  endfacet
  facet normal 0 0 -1
    outer loop
      vertex -2.30718 -0.4 2.2
      vertex -1.94446 -1.9329 2.2
      vertex -1.98701 -1.96339 2.2
    endloop
  endfacet
  facet normal -0 0 -1
    outer loop
      vertex -1.37644 0.368816 2.2
      vertex -2.2825 0.35383 2.2
      vertex -1.34937 0.458051 2.2
    endloop
  endfacet
  facet normal 0 0 -1
    outer loop
      vertex -2.30718 -0.4 2.2
      vertex -1.98701 -1.96339 2.2
      vertex -2.02748 -1.9966 2.2
    endloop
  endfacet
  facet normal 0 0 -1
    outer loop
      vertex -2.30718 0.4 2.2
      vertex -1.34937 0.458051 2.2
      vertex -2.2825 0.35383 2.2
    endloop
  endfacet
  facet normal 0 0 -1
    outer loop
      vertex -2.30718 -0.4 2.2
      vertex -2.02748 -1.9966 2.2
      vertex -2.06569 -2.03239 2.2
    endloop
  endfacet
  facet normal -0 0 -1
    outer loop
      vertex -1.34937 0.458051 2.2
      vertex -2.30718 0.4 2.2
      vertex -1.31653 0.545323 2.2
    endloop
  endfacet
  facet normal 0 0 -1
    outer loop
      vertex -2.30718 -0.4 2.2
      vertex -2.06569 -2.03239 2.2
      vertex -2.10147 -2.0706 2.2
    endloop
  endfacet
  facet normal -0 0 -1
    outer loop
      vertex -1.31653 0.545323 2.2
      vertex -2.36532 0.487009 2.2
      vertex -1.27804 0.63026 2.2
    endloop
  endfacet
  facet normal 0 0 -1
    outer loop
      vertex -2.30718 -0.4 2.2
      vertex -2.10147 -2.0706 2.2
      vertex -2.13468 -2.11107 2.2
    endloop
  endfacet
  facet normal 0 0 -1
    outer loop
      vertex -2.39853 0.527476 2.2
      vertex -1.27804 0.63026 2.2
      vertex -2.36532 0.487009 2.2
    endloop
  endfacet
  facet normal 0 0 -1
    outer loop
      vertex -2.30718 -0.4 2.2
      vertex -2.13468 -2.11107 2.2
      vertex -2.16518 -2.15362 2.2
    endloop
  endfacet
  facet normal -0 0 -1
    outer loop
      vertex -1.27804 0.63026 2.2
      vertex -2.39853 0.527476 2.2
      vertex -1.23409 0.7125 2.2
    endloop
  endfacet
  facet normal 0 0 -1
    outer loop
      vertex -2.30718 -0.4 2.2
      vertex -2.16518 -2.15362 2.2
      vertex -2.19282 -2.19808 2.2
    endloop
  endfacet
  facet normal 0 0 -1
    outer loop
      vertex -2.43431 0.565685 2.2
      vertex -1.23409 0.7125 2.2
      vertex -2.39853 0.527476 2.2
    endloop
  endfacet
  facet normal -0 0 -1
    outer loop
      vertex -1.23409 0.7125 2.2
      vertex -2.43431 0.565685 2.2
      vertex -1.70706 1.82534 2.2
    endloop
  endfacet
  facet normal -0 0 -1
    outer loop
      vertex -1.425 0 2.2
      vertex -2.20171 -0.0523224 2.2
      vertex -2.2 0 2.2
    endloop
  endfacet
  facet normal 0 0 -1
    outer loop
      vertex -1.42195 -0.0931988 2.2
      vertex -2.20171 -0.0523224 2.2
      vertex -1.425 0 2.2
    endloop
  endfacet
  facet normal 0 -0 -1
    outer loop
      vertex -2.20171 -0.0523224 2.2
      vertex -1.42195 -0.0931988 2.2
      vertex -2.20684 -0.104421 2.2
    endloop
  endfacet
  facet normal 0 0 -1
    outer loop
      vertex -2.30718 -0.4 2.2
      vertex -2.19282 -2.19808 2.2
      vertex -2.2175 -2.24424 2.2
    endloop
  endfacet
  facet normal 0 0 -1
    outer loop
      vertex -1.41281 -0.185999 2.2
      vertex -2.20684 -0.104421 2.2
      vertex -1.42195 -0.0931988 2.2
    endloop
  endfacet
  facet normal 0 0 -1
    outer loop
      vertex -2.30718 -0.4 2.2
      vertex -2.2175 -2.24424 2.2
      vertex -2.2391 -2.29193 2.2
    endloop
  endfacet
  facet normal 0 -0 -1
    outer loop
      vertex -2.20684 -0.104421 2.2
      vertex -1.41281 -0.185999 2.2
      vertex -2.21537 -0.156072 2.2
    endloop
  endfacet
  facet normal 0 0 -1
    outer loop
      vertex -2.30718 -0.4 2.2
      vertex -2.2391 -2.29193 2.2
      vertex -2.25754 -2.34092 2.2
    endloop
  endfacet
  facet normal 0 -0 -1
    outer loop
      vertex -2.21537 -0.156072 2.2
      vertex -1.41281 -0.185999 2.2
      vertex -2.22726 -0.207055 2.2
    endloop
  endfacet
  facet normal 0 0 -1
    outer loop
      vertex -2.30718 -0.4 2.2
      vertex -2.25754 -2.34092 2.2
      vertex -2.27274 -2.39102 2.2
    endloop
  endfacet
  facet normal 0 0 -1
    outer loop
      vertex -1.39762 -0.278004 2.2
      vertex -2.22726 -0.207055 2.2
      vertex -1.41281 -0.185999 2.2
    endloop
  endfacet
  facet normal 0 0 -1
    outer loop
      vertex -2.30718 -0.4 2.2
      vertex -2.27274 -2.39102 2.2
      vertex -2.28463 -2.442 2.2
    endloop
  endfacet
  facet normal 0 0 -1
    outer loop
      vertex -2.30718 -0.4 2.2
      vertex -2.28463 -2.442 2.2
      vertex -2.29316 -2.49366 2.2
    endloop
  endfacet
  facet normal 0 0 -1
    outer loop
      vertex -2.30718 -0.4 2.2
      vertex -2.29316 -2.49366 2.2
      vertex -2.29829 -2.54575 2.2
    endloop
  endfacet
  facet normal 0 0 -1
    outer loop
      vertex -2.47487 -2.47487 2.2
      vertex -2.3 -2.59808 2.2
      vertex -2.30771 -2.63144 2.2
    endloop
  endfacet
  facet normal 0 -0 -1
    outer loop
      vertex -2.22726 -0.207055 2.2
      vertex -1.39762 -0.278004 2.2
      vertex -2.24246 -0.257151 2.2
    endloop
  endfacet
  facet normal 0 0 -1
    outer loop
      vertex -2.3 2.59808 2.2
      vertex -2.30771 2.63144 2.2
      vertex -2.29866 2.63886 2.2
    endloop
  endfacet
  facet normal 0 -0 -1
    outer loop
      vertex -2.77674 2.13066 2.2
      vertex -2.10147 2.0706 2.2
      vertex -2.91014 1.9445 2.2
    endloop
  endfacet
  facet normal 0 0 -1
    outer loop
      vertex -2.10147 2.0706 2.2
      vertex -2.77674 2.13066 2.2
      vertex -2.13468 2.11107 2.2
    endloop
  endfacet
  facet normal 0 -0 -1
    outer loop
      vertex -2.63144 2.30771 2.2
      vertex -2.19282 2.19808 2.2
      vertex -2.77674 2.13066 2.2
    endloop
  endfacet
  facet normal 0 0 -1
    outer loop
      vertex -2.19282 2.19808 2.2
      vertex -2.63144 2.30771 2.2
      vertex -2.2175 2.24424 2.2
    endloop
  endfacet
  facet normal 0 0 -1
    outer loop
      vertex -2.25754 2.34092 2.2
      vertex -2.47487 2.47487 2.2
      vertex -2.27274 2.39102 2.2
    endloop
  endfacet
  facet normal -0 0 -1
    outer loop
      vertex -2.29316 2.49366 2.2
      vertex -2.47487 2.47487 2.2
      vertex -2.29829 2.54575 2.2
    endloop
  endfacet
  facet normal -0 0 -1
    outer loop
      vertex -2.3 2.59808 2.2
      vertex -2.47487 2.47487 2.2
      vertex -2.30771 2.63144 2.2
    endloop
  endfacet
  facet normal 0 0 -1
    outer loop
      vertex -2.28463 2.442 2.2
      vertex -2.47487 2.47487 2.2
      vertex -2.29316 2.49366 2.2
    endloop
  endfacet
  facet normal 0 -0 -1
    outer loop
      vertex -2.47487 2.47487 2.2
      vertex -2.25754 2.34092 2.2
      vertex -2.63144 2.30771 2.2
    endloop
  endfacet
  facet normal 0 0 -1
    outer loop
      vertex -2.2175 2.24424 2.2
      vertex -2.63144 2.30771 2.2
      vertex -2.2391 2.29193 2.2
    endloop
  endfacet
  facet normal -0 0 -1
    outer loop
      vertex -2.29829 2.54575 2.2
      vertex -2.47487 2.47487 2.2
      vertex -2.3 2.59808 2.2
    endloop
  endfacet
  facet normal -0 0 -1
    outer loop
      vertex -2.16518 2.15362 2.2
      vertex -2.77674 2.13066 2.2
      vertex -2.19282 2.19808 2.2
    endloop
  endfacet
  facet normal -0 0 -1
    outer loop
      vertex -2.06569 2.03239 2.2
      vertex -2.91014 1.9445 2.2
      vertex -2.10147 2.0706 2.2
    endloop
  endfacet
  facet normal 0 0 -1
    outer loop
      vertex -3.03109 1.75 2.2
      vertex -2.69385 0.739103 2.2
      vertex -2.74285 0.757544 2.2
    endloop
  endfacet
  facet normal 0 0 -1
    outer loop
      vertex -2.27274 2.39102 2.2
      vertex -2.47487 2.47487 2.2
      vertex -2.28463 2.442 2.2
    endloop
  endfacet
  facet normal 0 0 -1
    outer loop
      vertex -3.13905 1.54801 2.2
      vertex -2.74285 0.757544 2.2
      vertex -2.79294 0.77274 2.2
    endloop
  endfacet
  facet normal 0 0 -1
    outer loop
      vertex -3.13905 1.54801 2.2
      vertex -2.79294 0.77274 2.2
      vertex -2.84393 0.784628 2.2
    endloop
  endfacet
  facet normal 0 0 -1
    outer loop
      vertex -3.23358 1.33939 2.2
      vertex -2.84393 0.784628 2.2
      vertex -2.89558 0.793156 2.2
    endloop
  endfacet
  facet normal 0 0 -1
    outer loop
      vertex -2.2391 2.29193 2.2
      vertex -2.63144 2.30771 2.2
      vertex -2.25754 2.34092 2.2
    endloop
  endfacet
  facet normal 0 0 -1
    outer loop
      vertex -3.23358 1.33939 2.2
      vertex -2.89558 0.793156 2.2
      vertex -2.94768 0.798286 2.2
    endloop
  endfacet
  facet normal 0 0 -1
    outer loop
      vertex -3.23358 1.33939 2.2
      vertex -2.94768 0.798286 2.2
      vertex -3 0.799999 2.2
    endloop
  endfacet
  facet normal 0 0 -1
    outer loop
      vertex -2.13468 2.11107 2.2
      vertex -2.77674 2.13066 2.2
      vertex -2.16518 2.15362 2.2
    endloop
  endfacet
  facet normal 0 0 -1
    outer loop
      vertex -3.31425 1.12504 2.2
      vertex -3 0.799999 2.2
      vertex -3.05232 0.798286 2.2
    endloop
  endfacet
  facet normal 0 0 -1
    outer loop
      vertex -3.31425 1.12504 2.2
      vertex -3.05232 0.798286 2.2
      vertex -3.10442 0.793156 2.2
    endloop
  endfacet
  facet normal 0 0 -1
    outer loop
      vertex -2.74285 0.757544 2.2
      vertex -3.13905 1.54801 2.2
      vertex -3.03109 1.75 2.2
    endloop
  endfacet
  facet normal 0 0 -1
    outer loop
      vertex -3.31425 1.12504 2.2
      vertex -3.10442 0.793156 2.2
      vertex -3.15607 0.784628 2.2
    endloop
  endfacet
  facet normal 0 0 -1
    outer loop
      vertex -3.38074 0.905867 2.2
      vertex -3.15607 0.784628 2.2
      vertex -3.20706 0.77274 2.2
    endloop
  endfacet
  facet normal 0 0 -1
    outer loop
      vertex -2.84393 0.784628 2.2
      vertex -3.23358 1.33939 2.2
      vertex -3.13905 1.54801 2.2
    endloop
  endfacet
  facet normal 0 0 -1
    outer loop
      vertex -3.38074 0.905867 2.2
      vertex -3.20706 0.77274 2.2
      vertex -3.25715 0.757544 2.2
    endloop
  endfacet
  facet normal 0 0 -1
    outer loop
      vertex -3.38074 0.905867 2.2
      vertex -3.25715 0.757544 2.2
      vertex -3.30615 0.739103 2.2
    endloop
  endfacet
  facet normal 0 0 -1
    outer loop
      vertex -3 0.799999 2.2
      vertex -3.31425 1.12504 2.2
      vertex -3.23358 1.33939 2.2
    endloop
  endfacet
  facet normal 0 0 -1
    outer loop
      vertex -3.38074 0.905867 2.2
      vertex -3.30615 0.739103 2.2
      vertex -3.35383 0.717498 2.2
    endloop
  endfacet
  facet normal 0 0 -1
    outer loop
      vertex -3.15607 0.784628 2.2
      vertex -3.38074 0.905867 2.2
      vertex -3.31425 1.12504 2.2
    endloop
  endfacet
  facet normal 0 0 -1
    outer loop
      vertex -3.4 0.69282 2.2
      vertex -3.38074 0.905867 2.2
      vertex -3.35383 0.717498 2.2
    endloop
  endfacet
  facet normal -0 0 -1
    outer loop
      vertex -3.4 0.69282 2.2
      vertex -3.43275 0.682816 2.2
      vertex -3.38074 0.905867 2.2
    endloop
  endfacet
  facet normal 0 -0 -1
    outer loop
      vertex -3.43275 0.682816 2.2
      vertex -3.4 0.69282 2.2
      vertex -3.43465 0.671271 2.2
    endloop
  endfacet
  facet normal -0 0 -1
    outer loop
      vertex 0.7 -2.59808 2.2
      vertex -0.701713 -2.6504 2.2
      vertex -0.7 -2.59808 2.2
    endloop
  endfacet
  facet normal 0 0 -1
    outer loop
      vertex 0.701713 -2.6504 2.2
      vertex -0.701713 -2.6504 2.2
      vertex 0.7 -2.59808 2.2
    endloop
  endfacet
  facet normal 0 0 -1
    outer loop
      vertex 0 -3.5 2.2
      vertex -0.715371 -2.75415 2.2
      vertex -0.706843 -2.7025 2.2
    endloop
  endfacet
  facet normal 0 0 -1
    outer loop
      vertex -0.22891 -3.49251 2.2
      vertex -0.727259 -2.80513 2.2
      vertex -0.715371 -2.75415 2.2
    endloop
  endfacet
  facet normal 0 0 -1
    outer loop
      vertex -0.22891 -3.49251 2.2
      vertex -0.742455 -2.85523 2.2
      vertex -0.727259 -2.80513 2.2
    endloop
  endfacet
  facet normal 0 0 -1
    outer loop
      vertex -0.456841 -3.47006 2.2
      vertex -0.760896 -2.90422 2.2
      vertex -0.742455 -2.85523 2.2
    endloop
  endfacet
  facet normal 0 0 -1
    outer loop
      vertex -0.456841 -3.47006 2.2
      vertex -0.782501 -2.95191 2.2
      vertex -0.760896 -2.90422 2.2
    endloop
  endfacet
  facet normal 0 0 -1
    outer loop
      vertex -0.456841 -3.47006 2.2
      vertex -0.807179 -2.99808 2.2
      vertex -0.782501 -2.95191 2.2
    endloop
  endfacet
  facet normal 0 0 -1
    outer loop
      vertex -0.682816 -3.43275 2.2
      vertex -0.834824 -3.04253 2.2
      vertex -0.807179 -2.99808 2.2
    endloop
  endfacet
  facet normal 0 0 -1
    outer loop
      vertex -0.682816 -3.43275 2.2
      vertex -0.865316 -3.08508 2.2
      vertex -0.834824 -3.04253 2.2
    endloop
  endfacet
  facet normal 0 0 -1
    outer loop
      vertex -0.682816 -3.43275 2.2
      vertex -0.898528 -3.12555 2.2
      vertex -0.865316 -3.08508 2.2
    endloop
  endfacet
  facet normal 0 0 -1
    outer loop
      vertex -0.905867 -3.38074 2.2
      vertex -0.898528 -3.12555 2.2
      vertex -0.682816 -3.43275 2.2
    endloop
  endfacet
  facet normal 0 0 -1
    outer loop
      vertex -0.905867 -3.38074 2.2
      vertex -0.934314 -3.16376 2.2
      vertex -0.898528 -3.12555 2.2
    endloop
  endfacet
  facet normal 0 0 -1
    outer loop
      vertex -0.905867 -3.38074 2.2
      vertex -0.972523 -3.19955 2.2
      vertex -0.934314 -3.16376 2.2
    endloop
  endfacet
  facet normal 0 0 -1
    outer loop
      vertex -0.905867 -3.38074 2.2
      vertex -1.01299 -3.23276 2.2
      vertex -0.972523 -3.19955 2.2
    endloop
  endfacet
  facet normal 0 0 -1
    outer loop
      vertex -0.905867 -3.38074 2.2
      vertex -1.05554 -3.26325 2.2
      vertex -1.01299 -3.23276 2.2
    endloop
  endfacet
  facet normal 0 0 -1
    outer loop
      vertex -0.905867 -3.38074 2.2
      vertex -1.1 -3.2909 2.2
      vertex -1.05554 -3.26325 2.2
    endloop
  endfacet
  facet normal 0 0 -1
    outer loop
      vertex -1.12504 -3.31425 2.2
      vertex -1.1 -3.2909 2.2
      vertex -0.905867 -3.38074 2.2
    endloop
  endfacet
  facet normal 0 0 -1
    outer loop
      vertex -1.1 -3.2909 2.2
      vertex -1.12504 -3.31425 2.2
      vertex -1.13599 -3.31013 2.2
    endloop
  endfacet
  facet normal 0 0 -1
    outer loop
      vertex 1.1 3.2909 2.2
      vertex 1.12504 3.31425 2.2
      vertex 1.13599 3.31013 2.2
    endloop
  endfacet
  facet normal 0 0 -1
    outer loop
      vertex 0.905867 3.38074 2.2
      vertex 1.1 3.2909 2.2
      vertex 1.05554 3.26325 2.2
    endloop
  endfacet
  facet normal 0 0 -1
    outer loop
      vertex 0.905867 3.38074 2.2
      vertex 1.05554 3.26325 2.2
      vertex 1.01299 3.23276 2.2
    endloop
  endfacet
  facet normal 0 0 -1
    outer loop
      vertex 1.1 3.2909 2.2
      vertex 0.905867 3.38074 2.2
      vertex 1.12504 3.31425 2.2
    endloop
  endfacet
  facet normal 0 0 -1
    outer loop
      vertex 0.972523 3.19955 2.2
      vertex 0.905867 3.38074 2.2
      vertex 1.01299 3.23276 2.2
    endloop
  endfacet
  facet normal 0 0 -1
    outer loop
      vertex 0.934314 3.16376 2.2
      vertex 0.905867 3.38074 2.2
      vertex 0.972523 3.19955 2.2
    endloop
  endfacet
  facet normal 0 0 -1
    outer loop
      vertex 0.898528 3.12555 2.2
      vertex 0.905867 3.38074 2.2
      vertex 0.934314 3.16376 2.2
    endloop
  endfacet
  facet normal 0 0 -1
    outer loop
      vertex 0.682816 3.43275 2.2
      vertex 0.898528 3.12555 2.2
      vertex 0.865316 3.08508 2.2
    endloop
  endfacet
  facet normal 0 0 -1
    outer loop
      vertex 0.682816 3.43275 2.2
      vertex 0.865316 3.08508 2.2
      vertex 0.834824 3.04253 2.2
    endloop
  endfacet
  facet normal 0 0 -1
    outer loop
      vertex 0.682816 3.43275 2.2
      vertex 0.834824 3.04253 2.2
      vertex 0.807179 2.99808 2.2
    endloop
  endfacet
  facet normal 0 0 -1
    outer loop
      vertex 0.682816 3.43275 2.2
      vertex 0.807179 2.99808 2.2
      vertex 0.782501 2.95191 2.2
    endloop
  endfacet
  facet normal 0 0 -1
    outer loop
      vertex 0.682816 3.43275 2.2
      vertex 0.782501 2.95191 2.2
      vertex 0.760896 2.90422 2.2
    endloop
  endfacet
  facet normal 0 0 -1
    outer loop
      vertex 0.682816 3.43275 2.2
      vertex 0.760896 2.90422 2.2
      vertex 0.742455 2.85523 2.2
    endloop
  endfacet
  facet normal 0 0 -1
    outer loop
      vertex 0.898528 3.12555 2.2
      vertex 0.682816 3.43275 2.2
      vertex 0.905867 3.38074 2.2
    endloop
  endfacet
  facet normal 0 0 -1
    outer loop
      vertex 0.727259 2.80513 2.2
      vertex 0.682816 3.43275 2.2
      vertex 0.742455 2.85523 2.2
    endloop
  endfacet
  facet normal 0 0 -1
    outer loop
      vertex 0.715371 2.75415 2.2
      vertex 0.682816 3.43275 2.2
      vertex 0.727259 2.80513 2.2
    endloop
  endfacet
  facet normal 0 0 -1
    outer loop
      vertex 0.706843 2.7025 2.2
      vertex 0.682816 3.43275 2.2
      vertex 0.715371 2.75415 2.2
    endloop
  endfacet
  facet normal 0 0 -1
    outer loop
      vertex 0.701713 2.6504 2.2
      vertex 0.682816 3.43275 2.2
      vertex 0.706843 2.7025 2.2
    endloop
  endfacet
  facet normal 0 0 -1
    outer loop
      vertex 0.682816 3.43275 2.2
      vertex 0.701713 2.6504 2.2
      vertex 0.7 2.59808 2.2
    endloop
  endfacet
  facet normal 0 0 -1
    outer loop
      vertex 0 3.5 2.2
      vertex -0.715371 2.75415 2.2
      vertex -0.22891 3.49251 2.2
    endloop
  endfacet
  facet normal 0 0 -1
    outer loop
      vertex -0.727259 2.80513 2.2
      vertex -0.22891 3.49251 2.2
      vertex -0.715371 2.75415 2.2
    endloop
  endfacet
  facet normal 0 0 -1
    outer loop
      vertex -0.742455 2.85523 2.2
      vertex -0.22891 3.49251 2.2
      vertex -0.727259 2.80513 2.2
    endloop
  endfacet
  facet normal 0 0 -1
    outer loop
      vertex -0.22891 3.49251 2.2
      vertex -0.742455 2.85523 2.2
      vertex -0.456841 3.47006 2.2
    endloop
  endfacet
  facet normal 0 0 -1
    outer loop
      vertex -0.760896 2.90422 2.2
      vertex -0.456841 3.47006 2.2
      vertex -0.742455 2.85523 2.2
    endloop
  endfacet
  facet normal 0 0 -1
    outer loop
      vertex -0.782501 2.95191 2.2
      vertex -0.456841 3.47006 2.2
      vertex -0.760896 2.90422 2.2
    endloop
  endfacet
  facet normal 0 0 -1
    outer loop
      vertex -0.807179 2.99808 2.2
      vertex -0.456841 3.47006 2.2
      vertex -0.782501 2.95191 2.2
    endloop
  endfacet
  facet normal 0 0 -1
    outer loop
      vertex -0.456841 3.47006 2.2
      vertex -0.807179 2.99808 2.2
      vertex -0.682816 3.43275 2.2
    endloop
  endfacet
  facet normal 0 0 -1
    outer loop
      vertex -0.834824 3.04253 2.2
      vertex -0.682816 3.43275 2.2
      vertex -0.807179 2.99808 2.2
    endloop
  endfacet
  facet normal 0 0 -1
    outer loop
      vertex -0.865316 3.08508 2.2
      vertex -0.682816 3.43275 2.2
      vertex -0.834824 3.04253 2.2
    endloop
  endfacet
  facet normal 0 0 -1
    outer loop
      vertex -0.898528 3.12555 2.2
      vertex -0.682816 3.43275 2.2
      vertex -0.865316 3.08508 2.2
    endloop
  endfacet
  facet normal 0 0 -1
    outer loop
      vertex -0.898528 3.12555 2.2
      vertex -0.905867 3.38074 2.2
      vertex -0.682816 3.43275 2.2
    endloop
  endfacet
  facet normal 0 0 -1
    outer loop
      vertex -0.934314 3.16376 2.2
      vertex -0.905867 3.38074 2.2
      vertex -0.898528 3.12555 2.2
    endloop
  endfacet
  facet normal 0 0 -1
    outer loop
      vertex -0.972523 3.19955 2.2
      vertex -0.905867 3.38074 2.2
      vertex -0.934314 3.16376 2.2
    endloop
  endfacet
  facet normal 0 0 -1
    outer loop
      vertex -1.01299 3.23276 2.2
      vertex -0.905867 3.38074 2.2
      vertex -0.972523 3.19955 2.2
    endloop
  endfacet
  facet normal 0 0 -1
    outer loop
      vertex -1.05554 3.26325 2.2
      vertex -0.905867 3.38074 2.2
      vertex -1.01299 3.23276 2.2
    endloop
  endfacet
  facet normal 0 0 -1
    outer loop
      vertex -1.1 3.2909 2.2
      vertex -0.905867 3.38074 2.2
      vertex -1.05554 3.26325 2.2
    endloop
  endfacet
  facet normal 0 0 -1
    outer loop
      vertex -1.1 3.2909 2.2
      vertex -1.12504 3.31425 2.2
      vertex -0.905867 3.38074 2.2
    endloop
  endfacet
  facet normal 0 -0 -1
    outer loop
      vertex -1.12504 3.31425 2.2
      vertex -1.1 3.2909 2.2
      vertex -1.13599 3.31013 2.2
    endloop
  endfacet
  facet normal -0.290303 0.956935 0
    outer loop
      vertex -0.905867 3.38074 2.2
      vertex -1.12504 3.31425 3.4
      vertex -0.905867 3.38074 3.4
    endloop
  endfacet
  facet normal -0.290303 0.956935 0
    outer loop
      vertex -1.12504 3.31425 3.4
      vertex -0.905867 3.38074 2.2
      vertex -1.12504 3.31425 2.2
    endloop
  endfacet
  facet normal 0.773013 -0.63439 0
    outer loop
      vertex 2.63144 -2.30771 3.4
      vertex 2.77674 -2.13066 2.2
      vertex 2.77674 -2.13066 3.4
    endloop
  endfacet
  facet normal 0.773013 -0.63439 0
    outer loop
      vertex 2.77674 -2.13066 2.2
      vertex 2.63144 -2.30771 3.4
      vertex 2.63144 -2.30771 2.2
    endloop
  endfacet
  facet normal 0.63439 -0.773013 0
    outer loop
      vertex 2.13066 -2.77674 2.4
      vertex 2.30771 -2.63144 3.4
      vertex 2.13066 -2.77674 3.4
    endloop
  endfacet
  facet normal 0.63441 -0.772997 -5.76987e-06
    outer loop
      vertex 2.29866 -2.63886 2.4
      vertex 2.30771 -2.63144 3.4
      vertex 2.13066 -2.77674 2.4
    endloop
  endfacet
  facet normal 0.634028 -0.77331 0
    outer loop
      vertex 2.30771 -2.63144 2.2
      vertex 2.29866 -2.63886 2.4
      vertex 2.29866 -2.63886 2.2
    endloop
  endfacet
  facet normal 0.634028 -0.77331 0
    outer loop
      vertex 2.29866 -2.63886 2.4
      vertex 2.30771 -2.63144 2.2
      vertex 2.30771 -2.63144 3.4
    endloop
  endfacet
  facet normal -0.162901 0.986642 0
    outer loop
      vertex -0.456841 3.47006 2.2
      vertex -0.682816 3.43275 3.4
      vertex -0.456841 3.47006 3.4
    endloop
  endfacet
  facet normal -0.162901 0.986642 0
    outer loop
      vertex -0.682816 3.43275 3.4
      vertex -0.456841 3.47006 2.2
      vertex -0.682816 3.43275 2.2
    endloop
  endfacet
  facet normal -0.729848 0.68361 0
    outer loop
      vertex -2.63144 2.30771 2.2
      vertex -2.47487 2.47487 3.4
      vertex -2.47487 2.47487 2.2
    endloop
  endfacet
  facet normal -0.729848 0.68361 0
    outer loop
      vertex -2.47487 2.47487 3.4
      vertex -2.63144 2.30771 2.2
      vertex -2.63144 2.30771 3.4
    endloop
  endfacet
  facet normal 0.352229 -0.935914 9.36569e-07
    outer loop
      vertex 1.12504 -3.31425 3.4
      vertex 1.13599 -3.31013 2.4
      vertex 1.33939 -3.23358 3.4
    endloop
  endfacet
  facet normal 0.352154 -0.935942 0
    outer loop
      vertex 1.12504 -3.31425 2.2
      vertex 1.13599 -3.31013 2.4
      vertex 1.12504 -3.31425 3.4
    endloop
  endfacet
  facet normal 0.352154 -0.935942 0
    outer loop
      vertex 1.13599 -3.31013 2.4
      vertex 1.12504 -3.31425 2.2
      vertex 1.13599 -3.31013 2.2
    endloop
  endfacet
  facet normal 0.352233 -0.935913 0
    outer loop
      vertex 1.33939 -3.23358 3.4
      vertex 1.13599 -3.31013 2.4
      vertex 1.33939 -3.23358 2.4
    endloop
  endfacet
  facet normal 0.412727 -0.910855 0
    outer loop
      vertex 1.33939 -3.23358 2.4
      vertex 1.54801 -3.13905 3.4
      vertex 1.33939 -3.23358 3.4
    endloop
  endfacet
  facet normal 0.412727 -0.910855 0
    outer loop
      vertex 1.54801 -3.13905 3.4
      vertex 1.33939 -3.23358 2.4
      vertex 1.54801 -3.13905 2.4
    endloop
  endfacet
  facet normal -0.881932 0.471377 0
    outer loop
      vertex -3.13905 1.54801 2.2
      vertex -3.03109 1.75 3.4
      vertex -3.03109 1.75 2.2
    endloop
  endfacet
  facet normal -0.881932 0.471377 0
    outer loop
      vertex -3.03109 1.75 3.4
      vertex -3.13905 1.54801 2.2
      vertex -3.13905 1.54801 3.4
    endloop
  endfacet
  facet normal -0.63439 0.773013 0
    outer loop
      vertex -2.13066 2.77674 2.4
      vertex -2.30771 2.63144 3.4
      vertex -2.13066 2.77674 3.4
    endloop
  endfacet
  facet normal -0.63441 0.772997 -5.76987e-06
    outer loop
      vertex -2.29866 2.63886 2.4
      vertex -2.30771 2.63144 3.4
      vertex -2.13066 2.77674 2.4
    endloop
  endfacet
  facet normal -0.634028 0.77331 0
    outer loop
      vertex -2.30771 2.63144 2.2
      vertex -2.29866 2.63886 2.4
      vertex -2.29866 2.63886 2.2
    endloop
  endfacet
  facet normal -0.634028 0.77331 0
    outer loop
      vertex -2.29866 2.63886 2.4
      vertex -2.30771 2.63144 2.2
      vertex -2.30771 2.63144 3.4
    endloop
  endfacet
  facet normal -0.849198 -0.528075 0
    outer loop
      vertex -2.91014 -1.9445 2.2
      vertex -3.03109 -1.75 3.4
      vertex -3.03109 -1.75 2.2
    endloop
  endfacet
  facet normal -0.849198 -0.528075 0
    outer loop
      vertex -3.03109 -1.75 3.4
      vertex -2.91014 -1.9445 2.2
      vertex -2.91014 -1.9445 3.4
    endloop
  endfacet
  facet normal -0.0327028 -0.999465 0
    outer loop
      vertex -0.22891 -3.49251 2.2
      vertex 0 -3.5 3.4
      vertex -0.22891 -3.49251 3.4
    endloop
  endfacet
  facet normal -0.0327028 -0.999465 -0
    outer loop
      vertex 0 -3.5 3.4
      vertex -0.22891 -3.49251 2.2
      vertex 0 -3.5 2.2
    endloop
  endfacet
  facet normal -0.995184 -0.0980204 0
    outer loop
      vertex -3.47006 -0.456841 2.4
      vertex -3.49251 -0.22891 3.4
      vertex -3.49251 -0.22891 2.4
    endloop
  endfacet
  facet normal -0.995184 -0.0980204 0
    outer loop
      vertex -3.49251 -0.22891 3.4
      vertex -3.47006 -0.456841 2.4
      vertex -3.47006 -0.456841 3.4
    endloop
  endfacet
  facet normal -0.773013 -0.63439 0
    outer loop
      vertex -2.63144 -2.30771 2.2
      vertex -2.77674 -2.13066 3.4
      vertex -2.77674 -2.13066 2.2
    endloop
  endfacet
  facet normal -0.773013 -0.63439 0
    outer loop
      vertex -2.77674 -2.13066 3.4
      vertex -2.63144 -2.30771 2.2
      vertex -2.63144 -2.30771 3.4
    endloop
  endfacet
  facet normal -0.995184 0.0980204 0
    outer loop
      vertex -3.49251 0.22891 2.4
      vertex -3.47006 0.456841 3.4
      vertex -3.47006 0.456841 2.4
    endloop
  endfacet
  facet normal -0.995184 0.0980204 0
    outer loop
      vertex -3.47006 0.456841 3.4
      vertex -3.49251 0.22891 2.4
      vertex -3.49251 0.22891 3.4
    endloop
  endfacet
  facet normal 0.729848 -0.68361 0
    outer loop
      vertex 2.47487 -2.47487 3.4
      vertex 2.63144 -2.30771 2.2
      vertex 2.63144 -2.30771 3.4
    endloop
  endfacet
  facet normal 0.729848 -0.68361 0
    outer loop
      vertex 2.63144 -2.30771 2.2
      vertex 2.47487 -2.47487 3.4
      vertex 2.47487 -2.47487 2.2
    endloop
  endfacet
  facet normal 0.68361 -0.729848 0
    outer loop
      vertex 2.30771 -2.63144 2.2
      vertex 2.47487 -2.47487 3.4
      vertex 2.30771 -2.63144 3.4
    endloop
  endfacet
  facet normal 0.68361 -0.729848 0
    outer loop
      vertex 2.47487 -2.47487 3.4
      vertex 2.30771 -2.63144 2.2
      vertex 2.47487 -2.47487 2.2
    endloop
  endfacet
  facet normal 0.935914 -0.352229 0
    outer loop
      vertex 3.23358 -1.33939 3.4
      vertex 3.31425 -1.12504 2.2
      vertex 3.31425 -1.12504 3.4
    endloop
  endfacet
  facet normal 0.935914 -0.352229 0
    outer loop
      vertex 3.31425 -1.12504 2.2
      vertex 3.23358 -1.33939 3.4
      vertex 3.23358 -1.33939 2.2
    endloop
  endfacet
  facet normal 0.956935 -0.290303 0
    outer loop
      vertex 3.31425 -1.12504 3.4
      vertex 3.38074 -0.905867 2.2
      vertex 3.38074 -0.905867 3.4
    endloop
  endfacet
  facet normal 0.956935 -0.290303 0
    outer loop
      vertex 3.38074 -0.905867 2.2
      vertex 3.31425 -1.12504 3.4
      vertex 3.31425 -1.12504 2.2
    endloop
  endfacet
  facet normal 0.162901 0.986642 -0
    outer loop
      vertex 0.682816 3.43275 2.2
      vertex 0.456841 3.47006 3.4
      vertex 0.682816 3.43275 3.4
    endloop
  endfacet
  facet normal 0.162901 0.986642 0
    outer loop
      vertex 0.456841 3.47006 3.4
      vertex 0.682816 3.43275 2.2
      vertex 0.456841 3.47006 2.2
    endloop
  endfacet
  facet normal -0.290303 -0.956935 0
    outer loop
      vertex -1.12504 -3.31425 2.2
      vertex -0.905867 -3.38074 3.4
      vertex -1.12504 -3.31425 3.4
    endloop
  endfacet
  facet normal -0.290303 -0.956935 -0
    outer loop
      vertex -0.905867 -3.38074 3.4
      vertex -1.12504 -3.31425 2.2
      vertex -0.905867 -3.38074 2.2
    endloop
  endfacet
  facet normal -0.471377 -0.881932 0
    outer loop
      vertex -1.75 -3.03109 2.4
      vertex -1.54801 -3.13905 3.4
      vertex -1.75 -3.03109 3.4
    endloop
  endfacet
  facet normal -0.471377 -0.881932 -0
    outer loop
      vertex -1.54801 -3.13905 3.4
      vertex -1.75 -3.03109 2.4
      vertex -1.54801 -3.13905 2.4
    endloop
  endfacet
  facet normal -0.773013 0.63439 0
    outer loop
      vertex -2.77674 2.13066 2.2
      vertex -2.63144 2.30771 3.4
      vertex -2.63144 2.30771 2.2
    endloop
  endfacet
  facet normal -0.773013 0.63439 0
    outer loop
      vertex -2.63144 2.30771 3.4
      vertex -2.77674 2.13066 2.2
      vertex -2.77674 2.13066 3.4
    endloop
  endfacet
  facet normal -0.528075 -0.849198 0
    outer loop
      vertex -1.9445 -2.91014 2.4
      vertex -1.75 -3.03109 3.4
      vertex -1.9445 -2.91014 3.4
    endloop
  endfacet
  facet normal -0.528075 -0.849198 -0
    outer loop
      vertex -1.75 -3.03109 3.4
      vertex -1.9445 -2.91014 2.4
      vertex -1.75 -3.03109 2.4
    endloop
  endfacet
  facet normal -0.849198 0.528075 0
    outer loop
      vertex -3.03109 1.75 2.2
      vertex -2.91014 1.9445 3.4
      vertex -2.91014 1.9445 2.2
    endloop
  endfacet
  facet normal -0.849198 0.528075 0
    outer loop
      vertex -2.91014 1.9445 3.4
      vertex -3.03109 1.75 2.2
      vertex -3.03109 1.75 3.4
    endloop
  endfacet
  facet normal -0.910855 0.412727 0
    outer loop
      vertex -3.23358 1.33939 2.2
      vertex -3.13905 1.54801 3.4
      vertex -3.13905 1.54801 2.2
    endloop
  endfacet
  facet normal -0.910855 0.412727 0
    outer loop
      vertex -3.13905 1.54801 3.4
      vertex -3.23358 1.33939 2.2
      vertex -3.23358 1.33939 3.4
    endloop
  endfacet
  facet normal -0.63439 -0.773013 -5.47505e-06
    outer loop
      vertex -2.30771 -2.63144 3.4
      vertex -2.29866 -2.63886 2.4
      vertex -2.13066 -2.77674 3.4
    endloop
  endfacet
  facet normal -0.634028 -0.77331 0
    outer loop
      vertex -2.30771 -2.63144 2.2
      vertex -2.29866 -2.63886 2.4
      vertex -2.30771 -2.63144 3.4
    endloop
  endfacet
  facet normal -0.634028 -0.77331 -0
    outer loop
      vertex -2.29866 -2.63886 2.4
      vertex -2.30771 -2.63144 2.2
      vertex -2.29866 -2.63886 2.2
    endloop
  endfacet
  facet normal -0.63441 -0.772997 -0
    outer loop
      vertex -2.13066 -2.77674 3.4
      vertex -2.29866 -2.63886 2.4
      vertex -2.13066 -2.77674 2.4
    endloop
  endfacet
  facet normal -0.881932 -0.471377 0
    outer loop
      vertex -3.03109 -1.75 2.2
      vertex -3.13905 -1.54801 3.4
      vertex -3.13905 -1.54801 2.2
    endloop
  endfacet
  facet normal -0.881932 -0.471377 0
    outer loop
      vertex -3.13905 -1.54801 3.4
      vertex -3.03109 -1.75 2.2
      vertex -3.03109 -1.75 3.4
    endloop
  endfacet
  facet normal -0.995185 -0.0980169 0
    outer loop
      vertex 1.42195 0.0931988 2.2
      vertex 1.41281 0.185999 3.4
      vertex 1.41281 0.185999 2.2
    endloop
  endfacet
  facet normal -0.995185 -0.0980169 0
    outer loop
      vertex 1.41281 0.185999 3.4
      vertex 1.42195 0.0931988 2.2
      vertex 1.42195 0.0931988 3.4
    endloop
  endfacet
  facet normal -0.999465 -0.0327082 0
    outer loop
      vertex 1.425 0 2.2
      vertex 1.42195 0.0931988 3.4
      vertex 1.42195 0.0931988 2.2
    endloop
  endfacet
  facet normal -0.999465 -0.0327082 0
    outer loop
      vertex 1.42195 0.0931988 3.4
      vertex 1.425 0 2.2
      vertex 1.425 0 3.4
    endloop
  endfacet
  facet normal 0.352186 -0.93593 0
    outer loop
      vertex -0.545323 1.31653 2.2
      vertex -0.458051 1.34937 3.4
      vertex -0.545323 1.31653 3.4
    endloop
  endfacet
  facet normal 0.352186 -0.93593 0
    outer loop
      vertex -0.458051 1.34937 3.4
      vertex -0.545323 1.31653 2.2
      vertex -0.458051 1.34937 2.2
    endloop
  endfacet
  facet normal 0.290293 0.956938 -0
    outer loop
      vertex -0.368816 -1.37644 2.2
      vertex -0.458051 -1.34937 3.4
      vertex -0.368816 -1.37644 3.4
    endloop
  endfacet
  facet normal 0.290293 0.956938 0
    outer loop
      vertex -0.458051 -1.34937 3.4
      vertex -0.368816 -1.37644 2.2
      vertex -0.458051 -1.34937 2.2
    endloop
  endfacet
  facet normal 0.58244 0.812874 -0
    outer loop
      vertex -0.791687 -1.18484 2.2
      vertex -0.867484 -1.13053 3.4
      vertex -0.791687 -1.18484 3.4
    endloop
  endfacet
  facet normal 0.58244 0.812874 0
    outer loop
      vertex -0.867484 -1.13053 3.4
      vertex -0.791687 -1.18484 2.2
      vertex -0.867484 -1.13053 2.2
    endloop
  endfacet
  facet normal -0.58244 -0.812874 0
    outer loop
      vertex 0.791687 1.18484 2.2
      vertex 0.867484 1.13053 3.4
      vertex 0.791687 1.18484 3.4
    endloop
  endfacet
  facet normal -0.58244 -0.812874 -0
    outer loop
      vertex 0.867484 1.13053 3.4
      vertex 0.791687 1.18484 2.2
      vertex 0.867484 1.13053 2.2
    endloop
  endfacet
  facet normal -0.849162 0.528132 0
    outer loop
      vertex 1.18484 -0.791687 2.2
      vertex 1.23409 -0.7125 3.4
      vertex 1.23409 -0.7125 2.2
    endloop
  endfacet
  facet normal -0.849162 0.528132 0
    outer loop
      vertex 1.23409 -0.7125 3.4
      vertex 1.18484 -0.791687 2.2
      vertex 1.18484 -0.791687 3.4
    endloop
  endfacet
  facet normal -0.683552 0.729902 0
    outer loop
      vertex 1.00763 -1.00763 2.2
      vertex 0.939568 -1.07137 3.4
      vertex 1.00763 -1.00763 3.4
    endloop
  endfacet
  facet normal -0.683552 0.729902 0
    outer loop
      vertex 0.939568 -1.07137 3.4
      vertex 1.00763 -1.00763 2.2
      vertex 0.939568 -1.07137 2.2
    endloop
  endfacet
  facet normal -0.812874 -0.58244 0
    outer loop
      vertex 1.18484 0.791687 2.2
      vertex 1.13053 0.867484 3.4
      vertex 1.13053 0.867484 2.2
    endloop
  endfacet
  facet normal -0.812874 -0.58244 0
    outer loop
      vertex 1.13053 0.867484 3.4
      vertex 1.18484 0.791687 2.2
      vertex 1.18484 0.791687 3.4
    endloop
  endfacet
  facet normal -0.812874 0.58244 0
    outer loop
      vertex 1.13053 -0.867484 2.2
      vertex 1.18484 -0.791687 3.4
      vertex 1.18484 -0.791687 2.2
    endloop
  endfacet
  facet normal -0.812874 0.58244 0
    outer loop
      vertex 1.18484 -0.791687 3.4
      vertex 1.13053 -0.867484 2.2
      vertex 1.13053 -0.867484 3.4
    endloop
  endfacet
  facet normal -0.290293 0.956938 0
    outer loop
      vertex 0.458051 -1.34937 2.2
      vertex 0.368816 -1.37644 3.4
      vertex 0.458051 -1.34937 3.4
    endloop
  endfacet
  facet normal -0.290293 0.956938 0
    outer loop
      vertex 0.368816 -1.37644 3.4
      vertex 0.458051 -1.34937 2.2
      vertex 0.368816 -1.37644 2.2
    endloop
  endfacet
  facet normal -0.93593 0.352186 0
    outer loop
      vertex 1.31653 -0.545323 2.2
      vertex 1.34937 -0.458051 3.4
      vertex 1.34937 -0.458051 2.2
    endloop
  endfacet
  facet normal -0.93593 0.352186 0
    outer loop
      vertex 1.34937 -0.458051 3.4
      vertex 1.31653 -0.545323 2.2
      vertex 1.31653 -0.545323 3.4
    endloop
  endfacet
  facet normal -0.412756 0.910841 0
    outer loop
      vertex 0.63026 -1.27804 2.2
      vertex 0.545323 -1.31653 3.4
      vertex 0.63026 -1.27804 3.4
    endloop
  endfacet
  facet normal -0.412756 0.910841 0
    outer loop
      vertex 0.545323 -1.31653 3.4
      vertex 0.63026 -1.27804 2.2
      vertex 0.545323 -1.31653 2.2
    endloop
  endfacet
  facet normal 0.995185 0.0980169 0
    outer loop
      vertex -1.41281 -0.185999 3.4
      vertex -1.42195 -0.0931988 2.2
      vertex -1.42195 -0.0931988 3.4
    endloop
  endfacet
  facet normal 0.995185 0.0980169 0
    outer loop
      vertex -1.42195 -0.0931988 2.2
      vertex -1.41281 -0.185999 3.4
      vertex -1.41281 -0.185999 2.2
    endloop
  endfacet
  facet normal -0.683552 -0.729902 0
    outer loop
      vertex 0.939568 1.07137 2.2
      vertex 1.00763 1.00763 3.4
      vertex 0.939568 1.07137 3.4
    endloop
  endfacet
  facet normal -0.683552 -0.729902 -0
    outer loop
      vertex 1.00763 1.00763 3.4
      vertex 0.939568 1.07137 2.2
      vertex 1.00763 1.00763 2.2
    endloop
  endfacet
  facet normal 0.772999 0.634407 0
    outer loop
      vertex -1.07137 -0.939568 3.4
      vertex -1.13053 -0.867484 2.2
      vertex -1.13053 -0.867484 3.4
    endloop
  endfacet
  facet normal 0.772999 0.634407 0
    outer loop
      vertex -1.13053 -0.867484 2.2
      vertex -1.07137 -0.939568 3.4
      vertex -1.07137 -0.939568 2.2
    endloop
  endfacet
  facet normal -0.999465 0.0327082 0
    outer loop
      vertex 1.42195 -0.0931988 2.2
      vertex 1.425 0 3.4
      vertex 1.425 0 2.2
    endloop
  endfacet
  facet normal -0.999465 0.0327082 0
    outer loop
      vertex 1.425 0 3.4
      vertex 1.42195 -0.0931988 2.2
      vertex 1.42195 -0.0931988 3.4
    endloop
  endfacet
  facet normal -0.0980169 0.995185 0
    outer loop
      vertex 0.185999 -1.41281 2.2
      vertex 0.0931988 -1.42195 3.4
      vertex 0.185999 -1.41281 3.4
    endloop
  endfacet
  facet normal -0.0980169 0.995185 0
    outer loop
      vertex 0.0931988 -1.42195 3.4
      vertex 0.185999 -1.41281 2.2
      vertex 0.0931988 -1.42195 2.2
    endloop
  endfacet
  facet normal -0.956938 -0.290293 0
    outer loop
      vertex 1.37644 0.368816 2.2
      vertex 1.34937 0.458051 3.4
      vertex 1.34937 0.458051 2.2
    endloop
  endfacet
  facet normal -0.956938 -0.290293 0
    outer loop
      vertex 1.34937 0.458051 3.4
      vertex 1.37644 0.368816 2.2
      vertex 1.37644 0.368816 3.4
    endloop
  endfacet
  facet normal -0.0980169 -0.995185 0
    outer loop
      vertex 0.0931988 1.42195 2.2
      vertex 0.185999 1.41281 3.4
      vertex 0.0931988 1.42195 3.4
    endloop
  endfacet
  facet normal -0.0980169 -0.995185 -0
    outer loop
      vertex 0.185999 1.41281 3.4
      vertex 0.0931988 1.42195 2.2
      vertex 0.185999 1.41281 2.2
    endloop
  endfacet
  facet normal 0.986643 0.162895 0
    outer loop
      vertex -1.39762 -0.278004 3.4
      vertex -1.41281 -0.185999 2.2
      vertex -1.41281 -0.185999 3.4
    endloop
  endfacet
  facet normal 0.986643 0.162895 0
    outer loop
      vertex -1.41281 -0.185999 2.2
      vertex -1.39762 -0.278004 3.4
      vertex -1.39762 -0.278004 2.2
    endloop
  endfacet
  facet normal -0.528132 0.849162 0
    outer loop
      vertex 0.791687 -1.18484 2.2
      vertex 0.7125 -1.23409 3.4
      vertex 0.791687 -1.18484 3.4
    endloop
  endfacet
  facet normal -0.528132 0.849162 0
    outer loop
      vertex 0.7125 -1.23409 3.4
      vertex 0.791687 -1.18484 2.2
      vertex 0.7125 -1.23409 2.2
    endloop
  endfacet
  facet normal 0.93593 -0.352186 0
    outer loop
      vertex -1.34937 0.458051 3.4
      vertex -1.31653 0.545323 2.2
      vertex -1.31653 0.545323 3.4
    endloop
  endfacet
  facet normal 0.93593 -0.352186 0
    outer loop
      vertex -1.31653 0.545323 2.2
      vertex -1.34937 0.458051 3.4
      vertex -1.34937 0.458051 2.2
    endloop
  endfacet
  facet normal 0.986643 -0.162895 0
    outer loop
      vertex -1.41281 0.185999 3.4
      vertex -1.39762 0.278004 2.2
      vertex -1.39762 0.278004 3.4
    endloop
  endfacet
  facet normal 0.986643 -0.162895 0
    outer loop
      vertex -1.39762 0.278004 2.2
      vertex -1.41281 0.185999 3.4
      vertex -1.41281 0.185999 2.2
    endloop
  endfacet
  facet normal 0.471328 -0.881958 0
    outer loop
      vertex -0.7125 1.23409 2.2
      vertex -0.63026 1.27804 3.4
      vertex -0.7125 1.23409 3.4
    endloop
  endfacet
  facet normal 0.471328 -0.881958 0
    outer loop
      vertex -0.63026 1.27804 3.4
      vertex -0.7125 1.23409 2.2
      vertex -0.63026 1.27804 2.2
    endloop
  endfacet
  facet normal -0.986643 0.162895 0
    outer loop
      vertex 1.39762 -0.278004 2.2
      vertex 1.41281 -0.185999 3.4
      vertex 1.41281 -0.185999 2.2
    endloop
  endfacet
  facet normal -0.986643 0.162895 0
    outer loop
      vertex 1.41281 -0.185999 3.4
      vertex 1.39762 -0.278004 2.2
      vertex 1.39762 -0.278004 3.4
    endloop
  endfacet
  facet normal 0.412756 -0.910841 0
    outer loop
      vertex -0.63026 1.27804 2.2
      vertex -0.545323 1.31653 3.4
      vertex -0.63026 1.27804 3.4
    endloop
  endfacet
  facet normal 0.412756 -0.910841 0
    outer loop
      vertex -0.545323 1.31653 3.4
      vertex -0.63026 1.27804 2.2
      vertex -0.545323 1.31653 2.2
    endloop
  endfacet
  facet normal -0.471328 -0.881958 0
    outer loop
      vertex 0.63026 1.27804 2.2
      vertex 0.7125 1.23409 3.4
      vertex 0.63026 1.27804 3.4
    endloop
  endfacet
  facet normal -0.471328 -0.881958 -0
    outer loop
      vertex 0.7125 1.23409 3.4
      vertex 0.63026 1.27804 2.2
      vertex 0.7125 1.23409 2.2
    endloop
  endfacet
  facet normal -0.352186 -0.93593 0
    outer loop
      vertex 0.458051 1.34937 2.2
      vertex 0.545323 1.31653 3.4
      vertex 0.458051 1.34937 3.4
    endloop
  endfacet
  facet normal -0.352186 -0.93593 -0
    outer loop
      vertex 0.545323 1.31653 3.4
      vertex 0.458051 1.34937 2.2
      vertex 0.545323 1.31653 2.2
    endloop
  endfacet
  facet normal -0.881958 0.471328 0
    outer loop
      vertex 1.23409 -0.7125 2.2
      vertex 1.27804 -0.63026 3.4
      vertex 1.27804 -0.63026 2.2
    endloop
  endfacet
  facet normal -0.881958 0.471328 0
    outer loop
      vertex 1.27804 -0.63026 3.4
      vertex 1.23409 -0.7125 2.2
      vertex 1.23409 -0.7125 3.4
    endloop
  endfacet
  facet normal 0.528132 0.849162 -0
    outer loop
      vertex -0.7125 -1.23409 2.2
      vertex -0.791687 -1.18484 3.4
      vertex -0.7125 -1.23409 3.4
    endloop
  endfacet
  facet normal 0.528132 0.849162 0
    outer loop
      vertex -0.791687 -1.18484 3.4
      vertex -0.7125 -1.23409 2.2
      vertex -0.791687 -1.18484 2.2
    endloop
  endfacet
  facet normal 0.973864 -0.227133 0
    outer loop
      vertex -1.39762 0.278004 3.4
      vertex -1.37644 0.368816 2.2
      vertex -1.37644 0.368816 3.4
    endloop
  endfacet
  facet normal 0.973864 -0.227133 0
    outer loop
      vertex -1.37644 0.368816 2.2
      vertex -1.39762 0.278004 3.4
      vertex -1.39762 0.278004 2.2
    endloop
  endfacet
  facet normal -0.772999 0.634407 0
    outer loop
      vertex 1.07137 -0.939568 2.2
      vertex 1.13053 -0.867484 3.4
      vertex 1.13053 -0.867484 2.2
    endloop
  endfacet
  facet normal -0.772999 0.634407 0
    outer loop
      vertex 1.13053 -0.867484 3.4
      vertex 1.07137 -0.939568 2.2
      vertex 1.07137 -0.939568 3.4
    endloop
  endfacet
  facet normal -0.849162 -0.528132 0
    outer loop
      vertex 1.23409 0.7125 2.2
      vertex 1.18484 0.791687 3.4
      vertex 1.18484 0.791687 2.2
    endloop
  endfacet
  facet normal -0.849162 -0.528132 0
    outer loop
      vertex 1.18484 0.791687 3.4
      vertex 1.23409 0.7125 2.2
      vertex 1.23409 0.7125 3.4
    endloop
  endfacet
  facet normal 0.634407 -0.772999 0
    outer loop
      vertex -0.939568 1.07137 2.2
      vertex -0.867484 1.13053 3.4
      vertex -0.939568 1.07137 3.4
    endloop
  endfacet
  facet normal 0.634407 -0.772999 0
    outer loop
      vertex -0.867484 1.13053 3.4
      vertex -0.939568 1.07137 2.2
      vertex -0.867484 1.13053 2.2
    endloop
  endfacet
  facet normal -0.290293 -0.956938 0
    outer loop
      vertex 0.368816 1.37644 2.2
      vertex 0.458051 1.34937 3.4
      vertex 0.368816 1.37644 3.4
    endloop
  endfacet
  facet normal -0.290293 -0.956938 -0
    outer loop
      vertex 0.458051 1.34937 3.4
      vertex 0.368816 1.37644 2.2
      vertex 0.458051 1.34937 2.2
    endloop
  endfacet
  facet normal 0.227133 -0.973864 0
    outer loop
      vertex -0.368816 1.37644 2.2
      vertex -0.278004 1.39762 3.4
      vertex -0.368816 1.37644 3.4
    endloop
  endfacet
  facet normal 0.227133 -0.973864 0
    outer loop
      vertex -0.278004 1.39762 3.4
      vertex -0.368816 1.37644 2.2
      vertex -0.278004 1.39762 2.2
    endloop
  endfacet
  facet normal 0.412756 0.910841 -0
    outer loop
      vertex -0.545323 -1.31653 2.2
      vertex -0.63026 -1.27804 3.4
      vertex -0.545323 -1.31653 3.4
    endloop
  endfacet
  facet normal 0.412756 0.910841 0
    outer loop
      vertex -0.63026 -1.27804 3.4
      vertex -0.545323 -1.31653 2.2
      vertex -0.63026 -1.27804 2.2
    endloop
  endfacet
  facet normal 0.0327082 0.999465 -0
    outer loop
      vertex 0 -1.425 2.2
      vertex -0.0931988 -1.42195 3.4
      vertex 0 -1.425 3.4
    endloop
  endfacet
  facet normal 0.0327082 0.999465 0
    outer loop
      vertex -0.0931988 -1.42195 3.4
      vertex 0 -1.425 2.2
      vertex -0.0931988 -1.42195 2.2
    endloop
  endfacet
  facet normal 0.812874 0.58244 0
    outer loop
      vertex -1.13053 -0.867484 3.4
      vertex -1.18484 -0.791687 2.2
      vertex -1.18484 -0.791687 3.4
    endloop
  endfacet
  facet normal 0.812874 0.58244 0
    outer loop
      vertex -1.18484 -0.791687 2.2
      vertex -1.13053 -0.867484 3.4
      vertex -1.13053 -0.867484 2.2
    endloop
  endfacet
  facet normal -0.528132 -0.849162 0
    outer loop
      vertex 0.7125 1.23409 2.2
      vertex 0.791687 1.18484 3.4
      vertex 0.7125 1.23409 3.4
    endloop
  endfacet
  facet normal -0.528132 -0.849162 -0
    outer loop
      vertex 0.791687 1.18484 3.4
      vertex 0.7125 1.23409 2.2
      vertex 0.791687 1.18484 2.2
    endloop
  endfacet
  facet normal 0.956938 -0.290293 0
    outer loop
      vertex -1.37644 0.368816 3.4
      vertex -1.34937 0.458051 2.2
      vertex -1.34937 0.458051 3.4
    endloop
  endfacet
  facet normal 0.956938 -0.290293 0
    outer loop
      vertex -1.34937 0.458051 2.2
      vertex -1.37644 0.368816 3.4
      vertex -1.37644 0.368816 2.2
    endloop
  endfacet
  facet normal -0.910841 -0.412756 0
    outer loop
      vertex 1.31653 0.545323 2.2
      vertex 1.27804 0.63026 3.4
      vertex 1.27804 0.63026 2.2
    endloop
  endfacet
  facet normal -0.910841 -0.412756 0
    outer loop
      vertex 1.27804 0.63026 3.4
      vertex 1.31653 0.545323 2.2
      vertex 1.31653 0.545323 3.4
    endloop
  endfacet
  facet normal -0.881958 -0.471328 0
    outer loop
      vertex 1.27804 0.63026 2.2
      vertex 1.23409 0.7125 3.4
      vertex 1.23409 0.7125 2.2
    endloop
  endfacet
  facet normal -0.881958 -0.471328 0
    outer loop
      vertex 1.23409 0.7125 3.4
      vertex 1.27804 0.63026 2.2
      vertex 1.27804 0.63026 3.4
    endloop
  endfacet
  facet normal 0.881958 -0.471328 0
    outer loop
      vertex -1.27804 0.63026 3.4
      vertex -1.23409 0.7125 2.2
      vertex -1.23409 0.7125 3.4
    endloop
  endfacet
  facet normal 0.881958 -0.471328 0
    outer loop
      vertex -1.23409 0.7125 2.2
      vertex -1.27804 0.63026 3.4
      vertex -1.27804 0.63026 2.2
    endloop
  endfacet
  facet normal 0.995185 -0.0980169 0
    outer loop
      vertex -1.42195 0.0931988 3.4
      vertex -1.41281 0.185999 2.2
      vertex -1.41281 0.185999 3.4
    endloop
  endfacet
  facet normal 0.995185 -0.0980169 0
    outer loop
      vertex -1.41281 0.185999 2.2
      vertex -1.42195 0.0931988 3.4
      vertex -1.42195 0.0931988 2.2
    endloop
  endfacet
  facet normal -0.634407 0.772999 0
    outer loop
      vertex 0.939568 -1.07137 2.2
      vertex 0.867484 -1.13053 3.4
      vertex 0.939568 -1.07137 3.4
    endloop
  endfacet
  facet normal -0.634407 0.772999 0
    outer loop
      vertex 0.867484 -1.13053 3.4
      vertex 0.939568 -1.07137 2.2
      vertex 0.867484 -1.13053 2.2
    endloop
  endfacet
  facet normal 0.999465 -0.0327082 0
    outer loop
      vertex -1.425 0 3.4
      vertex -1.42195 0.0931988 2.2
      vertex -1.42195 0.0931988 3.4
    endloop
  endfacet
  facet normal 0.999465 -0.0327082 0
    outer loop
      vertex -1.42195 0.0931988 2.2
      vertex -1.425 0 3.4
      vertex -1.425 0 2.2
    endloop
  endfacet
  facet normal 0.999465 0.0327082 0
    outer loop
      vertex -1.42195 -0.0931988 3.4
      vertex -1.425 0 2.2
      vertex -1.425 0 3.4
    endloop
  endfacet
  facet normal 0.999465 0.0327082 0
    outer loop
      vertex -1.425 0 2.2
      vertex -1.42195 -0.0931988 3.4
      vertex -1.42195 -0.0931988 2.2
    endloop
  endfacet
  facet normal 0.683552 0.729902 -0
    outer loop
      vertex -0.939568 -1.07137 2.2
      vertex -1.00763 -1.00763 3.4
      vertex -0.939568 -1.07137 3.4
    endloop
  endfacet
  facet normal 0.683552 0.729902 0
    outer loop
      vertex -1.00763 -1.00763 3.4
      vertex -0.939568 -1.07137 2.2
      vertex -1.00763 -1.00763 2.2
    endloop
  endfacet
  facet normal -0.729902 0.683552 0
    outer loop
      vertex 1.00763 -1.00763 2.2
      vertex 1.07137 -0.939568 3.4
      vertex 1.07137 -0.939568 2.2
    endloop
  endfacet
  facet normal -0.729902 0.683552 0
    outer loop
      vertex 1.07137 -0.939568 3.4
      vertex 1.00763 -1.00763 2.2
      vertex 1.00763 -1.00763 3.4
    endloop
  endfacet
  facet normal 0.0980169 -0.995185 0
    outer loop
      vertex -0.185999 1.41281 2.2
      vertex -0.0931988 1.42195 3.4
      vertex -0.185999 1.41281 3.4
    endloop
  endfacet
  facet normal 0.0980169 -0.995185 0
    outer loop
      vertex -0.0931988 1.42195 3.4
      vertex -0.185999 1.41281 2.2
      vertex -0.0931988 1.42195 2.2
    endloop
  endfacet
  facet normal 0.162895 0.986643 -0
    outer loop
      vertex -0.185999 -1.41281 2.2
      vertex -0.278004 -1.39762 3.4
      vertex -0.185999 -1.41281 3.4
    endloop
  endfacet
  facet normal 0.162895 0.986643 0
    outer loop
      vertex -0.278004 -1.39762 3.4
      vertex -0.185999 -1.41281 2.2
      vertex -0.278004 -1.39762 2.2
    endloop
  endfacet
  facet normal -0.995185 0.0980169 0
    outer loop
      vertex 1.41281 -0.185999 2.2
      vertex 1.42195 -0.0931988 3.4
      vertex 1.42195 -0.0931988 2.2
    endloop
  endfacet
  facet normal -0.995185 0.0980169 0
    outer loop
      vertex 1.42195 -0.0931988 3.4
      vertex 1.41281 -0.185999 2.2
      vertex 1.41281 -0.185999 3.4
    endloop
  endfacet
  facet normal -0.973864 -0.227133 0
    outer loop
      vertex 1.39762 0.278004 2.2
      vertex 1.37644 0.368816 3.4
      vertex 1.37644 0.368816 2.2
    endloop
  endfacet
  facet normal -0.973864 -0.227133 0
    outer loop
      vertex 1.37644 0.368816 3.4
      vertex 1.39762 0.278004 2.2
      vertex 1.39762 0.278004 3.4
    endloop
  endfacet
  facet normal -0.227133 -0.973864 0
    outer loop
      vertex 0.278004 1.39762 2.2
      vertex 0.368816 1.37644 3.4
      vertex 0.278004 1.39762 3.4
    endloop
  endfacet
  facet normal -0.227133 -0.973864 -0
    outer loop
      vertex 0.368816 1.37644 3.4
      vertex 0.278004 1.39762 2.2
      vertex 0.368816 1.37644 2.2
    endloop
  endfacet
  facet normal 0.290293 -0.956938 0
    outer loop
      vertex -0.458051 1.34937 2.2
      vertex -0.368816 1.37644 3.4
      vertex -0.458051 1.34937 3.4
    endloop
  endfacet
  facet normal 0.290293 -0.956938 0
    outer loop
      vertex -0.368816 1.37644 3.4
      vertex -0.458051 1.34937 2.2
      vertex -0.368816 1.37644 2.2
    endloop
  endfacet
  facet normal -0.0327082 0.999465 0
    outer loop
      vertex 0.0931988 -1.42195 2.2
      vertex 0 -1.425 3.4
      vertex 0.0931988 -1.42195 3.4
    endloop
  endfacet
  facet normal -0.0327082 0.999465 0
    outer loop
      vertex 0 -1.425 3.4
      vertex 0.0931988 -1.42195 2.2
      vertex 0 -1.425 2.2
    endloop
  endfacet
  facet normal 0.162895 -0.986643 0
    outer loop
      vertex -0.278004 1.39762 2.2
      vertex -0.185999 1.41281 3.4
      vertex -0.278004 1.39762 3.4
    endloop
  endfacet
  facet normal 0.162895 -0.986643 0
    outer loop
      vertex -0.185999 1.41281 3.4
      vertex -0.278004 1.39762 2.2
      vertex -0.185999 1.41281 2.2
    endloop
  endfacet
  facet normal -0.956938 0.290293 0
    outer loop
      vertex 1.34937 -0.458051 2.2
      vertex 1.37644 -0.368816 3.4
      vertex 1.37644 -0.368816 2.2
    endloop
  endfacet
  facet normal -0.956938 0.290293 0
    outer loop
      vertex 1.37644 -0.368816 3.4
      vertex 1.34937 -0.458051 2.2
      vertex 1.34937 -0.458051 3.4
    endloop
  endfacet
  facet normal 0.849162 -0.528132 0
    outer loop
      vertex -1.23409 0.7125 3.4
      vertex -1.18484 0.791687 2.2
      vertex -1.18484 0.791687 3.4
    endloop
  endfacet
  facet normal 0.849162 -0.528132 0
    outer loop
      vertex -1.18484 0.791687 2.2
      vertex -1.23409 0.7125 3.4
      vertex -1.23409 0.7125 2.2
    endloop
  endfacet
  facet normal -0.634407 -0.772999 0
    outer loop
      vertex 0.867484 1.13053 2.2
      vertex 0.939568 1.07137 3.4
      vertex 0.867484 1.13053 3.4
    endloop
  endfacet
  facet normal -0.634407 -0.772999 -0
    outer loop
      vertex 0.939568 1.07137 3.4
      vertex 0.867484 1.13053 2.2
      vertex 0.939568 1.07137 2.2
    endloop
  endfacet
  facet normal -0.772999 -0.634407 0
    outer loop
      vertex 1.13053 0.867484 2.2
      vertex 1.07137 0.939568 3.4
      vertex 1.07137 0.939568 2.2
    endloop
  endfacet
  facet normal -0.772999 -0.634407 0
    outer loop
      vertex 1.07137 0.939568 3.4
      vertex 1.13053 0.867484 2.2
      vertex 1.13053 0.867484 3.4
    endloop
  endfacet
  facet normal -0.162895 -0.986643 0
    outer loop
      vertex 0.185999 1.41281 2.2
      vertex 0.278004 1.39762 3.4
      vertex 0.185999 1.41281 3.4
    endloop
  endfacet
  facet normal -0.162895 -0.986643 -0
    outer loop
      vertex 0.278004 1.39762 3.4
      vertex 0.185999 1.41281 2.2
      vertex 0.278004 1.39762 2.2
    endloop
  endfacet
  facet normal 0.729902 -0.683552 0
    outer loop
      vertex -1.07137 0.939568 3.4
      vertex -1.00763 1.00763 2.2
      vertex -1.00763 1.00763 3.4
    endloop
  endfacet
  facet normal 0.729902 -0.683552 0
    outer loop
      vertex -1.00763 1.00763 2.2
      vertex -1.07137 0.939568 3.4
      vertex -1.07137 0.939568 2.2
    endloop
  endfacet
  facet normal -0.412756 -0.910841 0
    outer loop
      vertex 0.545323 1.31653 2.2
      vertex 0.63026 1.27804 3.4
      vertex 0.545323 1.31653 3.4
    endloop
  endfacet
  facet normal -0.412756 -0.910841 -0
    outer loop
      vertex 0.63026 1.27804 3.4
      vertex 0.545323 1.31653 2.2
      vertex 0.63026 1.27804 2.2
    endloop
  endfacet
  facet normal 0.58244 -0.812874 0
    outer loop
      vertex -0.867484 1.13053 2.2
      vertex -0.791687 1.18484 3.4
      vertex -0.867484 1.13053 3.4
    endloop
  endfacet
  facet normal 0.58244 -0.812874 0
    outer loop
      vertex -0.791687 1.18484 3.4
      vertex -0.867484 1.13053 2.2
      vertex -0.791687 1.18484 2.2
    endloop
  endfacet
  facet normal 0.471328 0.881958 -0
    outer loop
      vertex -0.63026 -1.27804 2.2
      vertex -0.7125 -1.23409 3.4
      vertex -0.63026 -1.27804 3.4
    endloop
  endfacet
  facet normal 0.471328 0.881958 0
    outer loop
      vertex -0.7125 -1.23409 3.4
      vertex -0.63026 -1.27804 2.2
      vertex -0.7125 -1.23409 2.2
    endloop
  endfacet
  facet normal 0.910841 -0.412756 0
    outer loop
      vertex -1.31653 0.545323 3.4
      vertex -1.27804 0.63026 2.2
      vertex -1.27804 0.63026 3.4
    endloop
  endfacet
  facet normal 0.910841 -0.412756 0
    outer loop
      vertex -1.27804 0.63026 2.2
      vertex -1.31653 0.545323 3.4
      vertex -1.31653 0.545323 2.2
    endloop
  endfacet
  facet normal -0.93593 -0.352186 0
    outer loop
      vertex 1.34937 0.458051 2.2
      vertex 1.31653 0.545323 3.4
      vertex 1.31653 0.545323 2.2
    endloop
  endfacet
  facet normal -0.93593 -0.352186 0
    outer loop
      vertex 1.31653 0.545323 3.4
      vertex 1.34937 0.458051 2.2
      vertex 1.34937 0.458051 3.4
    endloop
  endfacet
  facet normal -0.986643 -0.162895 0
    outer loop
      vertex 1.41281 0.185999 2.2
      vertex 1.39762 0.278004 3.4
      vertex 1.39762 0.278004 2.2
    endloop
  endfacet
  facet normal -0.986643 -0.162895 0
    outer loop
      vertex 1.39762 0.278004 3.4
      vertex 1.41281 0.185999 2.2
      vertex 1.41281 0.185999 3.4
    endloop
  endfacet
  facet normal 0.0980169 0.995185 -0
    outer loop
      vertex -0.0931988 -1.42195 2.2
      vertex -0.185999 -1.41281 3.4
      vertex -0.0931988 -1.42195 3.4
    endloop
  endfacet
  facet normal 0.0980169 0.995185 0
    outer loop
      vertex -0.185999 -1.41281 3.4
      vertex -0.0931988 -1.42195 2.2
      vertex -0.185999 -1.41281 2.2
    endloop
  endfacet
  facet normal 0.973864 0.227133 0
    outer loop
      vertex -1.37644 -0.368816 3.4
      vertex -1.39762 -0.278004 2.2
      vertex -1.39762 -0.278004 3.4
    endloop
  endfacet
  facet normal 0.973864 0.227133 0
    outer loop
      vertex -1.39762 -0.278004 2.2
      vertex -1.37644 -0.368816 3.4
      vertex -1.37644 -0.368816 2.2
    endloop
  endfacet
  facet normal -0.58244 0.812874 0
    outer loop
      vertex 0.867484 -1.13053 2.2
      vertex 0.791687 -1.18484 3.4
      vertex 0.867484 -1.13053 3.4
    endloop
  endfacet
  facet normal -0.58244 0.812874 0
    outer loop
      vertex 0.791687 -1.18484 3.4
      vertex 0.867484 -1.13053 2.2
      vertex 0.791687 -1.18484 2.2
    endloop
  endfacet
  facet normal -0.910841 0.412756 0
    outer loop
      vertex 1.27804 -0.63026 2.2
      vertex 1.31653 -0.545323 3.4
      vertex 1.31653 -0.545323 2.2
    endloop
  endfacet
  facet normal -0.910841 0.412756 0
    outer loop
      vertex 1.31653 -0.545323 3.4
      vertex 1.27804 -0.63026 2.2
      vertex 1.27804 -0.63026 3.4
    endloop
  endfacet
  facet normal -0.352186 0.93593 0
    outer loop
      vertex 0.545323 -1.31653 2.2
      vertex 0.458051 -1.34937 3.4
      vertex 0.545323 -1.31653 3.4
    endloop
  endfacet
  facet normal -0.352186 0.93593 0
    outer loop
      vertex 0.458051 -1.34937 3.4
      vertex 0.545323 -1.31653 2.2
      vertex 0.458051 -1.34937 2.2
    endloop
  endfacet
  facet normal 0.352186 0.93593 -0
    outer loop
      vertex -0.458051 -1.34937 2.2
      vertex -0.545323 -1.31653 3.4
      vertex -0.458051 -1.34937 3.4
    endloop
  endfacet
  facet normal 0.352186 0.93593 0
    outer loop
      vertex -0.545323 -1.31653 3.4
      vertex -0.458051 -1.34937 2.2
      vertex -0.545323 -1.31653 2.2
    endloop
  endfacet
  facet normal 0.683552 -0.729902 0
    outer loop
      vertex -1.00763 1.00763 2.2
      vertex -0.939568 1.07137 3.4
      vertex -1.00763 1.00763 3.4
    endloop
  endfacet
  facet normal 0.683552 -0.729902 0
    outer loop
      vertex -0.939568 1.07137 3.4
      vertex -1.00763 1.00763 2.2
      vertex -0.939568 1.07137 2.2
    endloop
  endfacet
  facet normal 0.812874 -0.58244 0
    outer loop
      vertex -1.18484 0.791687 3.4
      vertex -1.13053 0.867484 2.2
      vertex -1.13053 0.867484 3.4
    endloop
  endfacet
  facet normal 0.812874 -0.58244 0
    outer loop
      vertex -1.13053 0.867484 2.2
      vertex -1.18484 0.791687 3.4
      vertex -1.18484 0.791687 2.2
    endloop
  endfacet
  facet normal 0.93593 0.352186 0
    outer loop
      vertex -1.31653 -0.545323 3.4
      vertex -1.34937 -0.458051 2.2
      vertex -1.34937 -0.458051 3.4
    endloop
  endfacet
  facet normal 0.93593 0.352186 0
    outer loop
      vertex -1.34937 -0.458051 2.2
      vertex -1.31653 -0.545323 3.4
      vertex -1.31653 -0.545323 2.2
    endloop
  endfacet
  facet normal -0.729902 -0.683552 0
    outer loop
      vertex 1.07137 0.939568 2.2
      vertex 1.00763 1.00763 3.4
      vertex 1.00763 1.00763 2.2
    endloop
  endfacet
  facet normal -0.729902 -0.683552 0
    outer loop
      vertex 1.00763 1.00763 3.4
      vertex 1.07137 0.939568 2.2
      vertex 1.07137 0.939568 3.4
    endloop
  endfacet
  facet normal 0.0327082 -0.999465 0
    outer loop
      vertex -0.0931988 1.42195 2.2
      vertex 0 1.425 3.4
      vertex -0.0931988 1.42195 3.4
    endloop
  endfacet
  facet normal 0.0327082 -0.999465 0
    outer loop
      vertex 0 1.425 3.4
      vertex -0.0931988 1.42195 2.2
      vertex 0 1.425 2.2
    endloop
  endfacet
  facet normal 0.881958 0.471328 0
    outer loop
      vertex -1.23409 -0.7125 3.4
      vertex -1.27804 -0.63026 2.2
      vertex -1.27804 -0.63026 3.4
    endloop
  endfacet
  facet normal 0.881958 0.471328 0
    outer loop
      vertex -1.27804 -0.63026 2.2
      vertex -1.23409 -0.7125 3.4
      vertex -1.23409 -0.7125 2.2
    endloop
  endfacet
  facet normal 0.227133 0.973864 -0
    outer loop
      vertex -0.278004 -1.39762 2.2
      vertex -0.368816 -1.37644 3.4
      vertex -0.278004 -1.39762 3.4
    endloop
  endfacet
  facet normal 0.227133 0.973864 0
    outer loop
      vertex -0.368816 -1.37644 3.4
      vertex -0.278004 -1.39762 2.2
      vertex -0.368816 -1.37644 2.2
    endloop
  endfacet
  facet normal -0.973864 0.227133 0
    outer loop
      vertex 1.37644 -0.368816 2.2
      vertex 1.39762 -0.278004 3.4
      vertex 1.39762 -0.278004 2.2
    endloop
  endfacet
  facet normal -0.973864 0.227133 0
    outer loop
      vertex 1.39762 -0.278004 3.4
      vertex 1.37644 -0.368816 2.2
      vertex 1.37644 -0.368816 3.4
    endloop
  endfacet
  facet normal -0.227133 0.973864 0
    outer loop
      vertex 0.368816 -1.37644 2.2
      vertex 0.278004 -1.39762 3.4
      vertex 0.368816 -1.37644 3.4
    endloop
  endfacet
  facet normal -0.227133 0.973864 0
    outer loop
      vertex 0.278004 -1.39762 3.4
      vertex 0.368816 -1.37644 2.2
      vertex 0.278004 -1.39762 2.2
    endloop
  endfacet
  facet normal -0.162895 0.986643 0
    outer loop
      vertex 0.278004 -1.39762 2.2
      vertex 0.185999 -1.41281 3.4
      vertex 0.278004 -1.39762 3.4
    endloop
  endfacet
  facet normal -0.162895 0.986643 0
    outer loop
      vertex 0.185999 -1.41281 3.4
      vertex 0.278004 -1.39762 2.2
      vertex 0.185999 -1.41281 2.2
    endloop
  endfacet
  facet normal 0.729902 0.683552 0
    outer loop
      vertex -1.00763 -1.00763 3.4
      vertex -1.07137 -0.939568 2.2
      vertex -1.07137 -0.939568 3.4
    endloop
  endfacet
  facet normal 0.729902 0.683552 0
    outer loop
      vertex -1.07137 -0.939568 2.2
      vertex -1.00763 -1.00763 3.4
      vertex -1.00763 -1.00763 2.2
    endloop
  endfacet
  facet normal -0.0327082 -0.999465 0
    outer loop
      vertex 0 1.425 2.2
      vertex 0.0931988 1.42195 3.4
      vertex 0 1.425 3.4
    endloop
  endfacet
  facet normal -0.0327082 -0.999465 -0
    outer loop
      vertex 0.0931988 1.42195 3.4
      vertex 0 1.425 2.2
      vertex 0.0931988 1.42195 2.2
    endloop
  endfacet
  facet normal 0.910841 0.412756 0
    outer loop
      vertex -1.27804 -0.63026 3.4
      vertex -1.31653 -0.545323 2.2
      vertex -1.31653 -0.545323 3.4
    endloop
  endfacet
  facet normal 0.910841 0.412756 0
    outer loop
      vertex -1.31653 -0.545323 2.2
      vertex -1.27804 -0.63026 3.4
      vertex -1.27804 -0.63026 2.2
    endloop
  endfacet
  facet normal 0.956938 0.290293 0
    outer loop
      vertex -1.34937 -0.458051 3.4
      vertex -1.37644 -0.368816 2.2
      vertex -1.37644 -0.368816 3.4
    endloop
  endfacet
  facet normal 0.956938 0.290293 0
    outer loop
      vertex -1.37644 -0.368816 2.2
      vertex -1.34937 -0.458051 3.4
      vertex -1.34937 -0.458051 2.2
    endloop
  endfacet
  facet normal 0.849162 0.528132 0
    outer loop
      vertex -1.18484 -0.791687 3.4
      vertex -1.23409 -0.7125 2.2
      vertex -1.23409 -0.7125 3.4
    endloop
  endfacet
  facet normal 0.849162 0.528132 0
    outer loop
      vertex -1.23409 -0.7125 2.2
      vertex -1.18484 -0.791687 3.4
      vertex -1.18484 -0.791687 2.2
    endloop
  endfacet
  facet normal 0.772999 -0.634407 0
    outer loop
      vertex -1.13053 0.867484 3.4
      vertex -1.07137 0.939568 2.2
      vertex -1.07137 0.939568 3.4
    endloop
  endfacet
  facet normal 0.772999 -0.634407 0
    outer loop
      vertex -1.07137 0.939568 2.2
      vertex -1.13053 0.867484 3.4
      vertex -1.13053 0.867484 2.2
    endloop
  endfacet
  facet normal 0.528132 -0.849162 0
    outer loop
      vertex -0.791687 1.18484 2.2
      vertex -0.7125 1.23409 3.4
      vertex -0.791687 1.18484 3.4
    endloop
  endfacet
  facet normal 0.528132 -0.849162 0
    outer loop
      vertex -0.7125 1.23409 3.4
      vertex -0.791687 1.18484 2.2
      vertex -0.7125 1.23409 2.2
    endloop
  endfacet
  facet normal -0.471328 0.881958 0
    outer loop
      vertex 0.7125 -1.23409 2.2
      vertex 0.63026 -1.27804 3.4
      vertex 0.7125 -1.23409 3.4
    endloop
  endfacet
  facet normal -0.471328 0.881958 0
    outer loop
      vertex 0.63026 -1.27804 3.4
      vertex 0.7125 -1.23409 2.2
      vertex 0.63026 -1.27804 2.2
    endloop
  endfacet
  facet normal 0.634407 0.772999 -0
    outer loop
      vertex -0.867484 -1.13053 2.2
      vertex -0.939568 -1.07137 3.4
      vertex -0.867484 -1.13053 3.4
    endloop
  endfacet
  facet normal 0.634407 0.772999 0
    outer loop
      vertex -0.939568 -1.07137 3.4
      vertex -0.867484 -1.13053 2.2
      vertex -0.939568 -1.07137 2.2
    endloop
  endfacet
endsolid OpenSCAD_Model
